program_id	ERP117672__median_pairwise	ERP117672__PC1_variance	ERP117672__median_gene_to_rest	GSE302495__median_pairwise	GSE302495__PC1_variance	GSE302495__median_gene_to_rest	covariance_pearson	covariance_spearman	connectivity_pearson	connectivity_spearman
RANDOM_0001	0.1406162464985994	0.2153657485174115	0.3672268907563025	0.044753255279571	0.2009609742304282	0.1992559360980413	0.4879927752732758	0.4683889929127097	0.523395871005263	0.4512605042016807
RANDOM_0002	0.1172840244848166	0.2008427153272916	0.326890756302521	0.0845825582667688	0.1915105532638322	0.2587810482547324	0.4488950513833805	0.39409885595168037	0.7555410932992447	0.6820728291316527
RANDOM_0003	0.0717086834733893	0.2088716925148862	0.2243697478991596	0.056570740781267	0.1999489998949687	0.209103840682788	0.4425800312554743	0.4204772691068838	0.4034609814395785	0.3658263305322128
RANDOM_0004	0.1460406805679972	0.1948615532329246	0.3596638655462185	0.0734215997373892	0.1654240605588183	0.2478389320494583	0.3590721146061847	0.29709738462072455	0.4911000887537773	0.2028011204481792
RANDOM_0005	0.0807854932003455	0.2031499853160705	0.2526610644257703	0.0790378875631963	0.2385618364030005	0.2887624466571835	0.4861395825105942	0.44626603877519977	0.6971413286479232	0.6198879551820728
RANDOM_0006	0.1288515406162465	0.2370668321148404	0.3168067226890756	0.0951078057150234	0.1985872232497301	0.3123974176605755	0.4274537829409187	0.37915691247744476	0.6001193427578402	0.4140056022408963
RANDOM_0007	0.1120448179271708	0.2255141953553602	0.3619047619047619	0.0985884670095196	0.2196646223943063	0.3172119487908961	0.5224430019776674	0.48922739641031704	0.7362616596650249	0.7081232492997199
RANDOM_0008	0.1296918767507003	0.2248184846501136	0.3673297986722237	0.1130320604004814	0.2333337354390827	0.3443483969799759	0.5537274344584379	0.519641983801134	0.6424128199401088	0.5215686274509804
RANDOM_0009	0.1218487394957983	0.2043035322250623	0.3159663865546218	0.0821752927016084	0.2123982598303651	0.3281891588897483	0.5034777476394673	0.44816469907768197	0.7541974864545089	0.5969187675070028
RANDOM_0010	0.0883119548755919	0.1792359223388197	0.226610644257703	0.0655432760695918	0.1868326758890314	0.190174611243852	0.3264130612282154	0.3114644490714607	0.095540225635042	0.1123249299719888
RANDOM_0011	0.0714285714285714	0.2267328173093554	0.2319327731092437	0.0219936535726009	0.2225125104050609	0.1806543385490754	0.6898883307119185	0.6792310654323435	0.6296184696827387	0.5058823529411764
RANDOM_0012	0.0825555317437966	0.2315421936072441	0.2106442577030812	0.0609475872633767	0.2107712684238265	0.1985994091257249	0.5500021992078102	0.509348912333056	0.6793086308528189	0.5815126050420169
RANDOM_0013	0.1481792717086834	0.2413544107348311	0.3686274509803922	0.0826129773498194	0.2110360221936323	0.3051756209650946	0.5091538974944104	0.47185150286927835	0.7178341222185095	0.5750700280112044
RANDOM_0014	0.0675070028011204	0.226731332846361	0.2482470884802285	0.0598787857184408	0.1891492212443652	0.2200459568880621	0.3504895087828648	0.3327982267867241	0.4270731963567274	0.3977591036414565
RANDOM_0015	0.0963585434173669	0.1831146801273085	0.3016806722689075	0.0699201225517014	0.1952027254901431	0.2765072765072765	0.5619872523512351	0.4836286753722772	0.7087306711890091	0.4327731092436975
RANDOM_0016	0.1002801120448179	0.2075945559627015	0.3176470588235294	0.0732027574132837	0.1644476269815105	0.1929095086989823	0.4455795198516254	0.3964794003852996	0.696281357507469	0.6378151260504201
RANDOM_0017	0.0717086834733893	0.2201815535104848	0.2042016806722689	0.0202651014342239	0.1990805038281203	0.117846591530802	0.5622176405004514	0.5337183107413601	0.4098058613611528	0.3913165266106442
RANDOM_0018	0.1281602356248839	0.2494789096890996	0.3997198879551821	0.069701280227596	0.2230473972929279	0.2572491519859941	0.6014396139495392	0.5788963789476622	0.7490156186841921	0.6599439775910364
RANDOM_0019	0.099719887955182	0.183941164351912	0.2768282540718207	0.0597490547633494	0.1695289496797945	0.1594266331108436	0.3576972593813586	0.31541166090488437	0.2994668462209742	0.2966386554621849
RANDOM_0020	0.0837535014005602	0.2041250204560432	0.2030812324929972	0.0386256702046175	0.1995337749941046	0.0821752927016084	0.5018256043979551	0.47793624223442627	0.4441063879462298	0.4176470588235294
RANDOM_0021	0.1450980392156863	0.2565010949770701	0.3722689075630252	0.0593790533184886	0.265844272960572	0.2594375752270489	0.6658094998743016	0.6362627885110583	0.6103569426113544	0.3781512605042016
RANDOM_0022	0.1350140056022409	0.2146780421947263	0.3680672268907563	0.0543823175402122	0.1840070844220728	0.2097603676551045	0.403878242710642	0.3735224556996939	0.6956251849811684	0.5871148459383754
RANDOM_0023	0.0941176470588235	0.2032460143883312	0.2661064425770308	0.0517562096509464	0.1939109828312495	0.2161067950541634	0.4295066219210705	0.3976259921038479	0.3549382478339455	0.3445378151260504
RANDOM_0024	0.0812324929971988	0.2168428142656127	0.2484593837535014	0.0178356494145967	0.1949193586440838	0.1473903052850421	0.4417980477110792	0.4291879599864518	0.1226665509661303	-0.0243697478991596
RANDOM_0025	0.087329150926261	0.2573978030895815	0.3296918767507003	0.0395010395010395	0.2015458457523432	0.1747455957982273	0.4801118769465072	0.4035262216668853	0.4096169139427399	0.3072829131652661
RANDOM_0026	0.099719887955182	0.1958853769369283	0.2873949579831932	0.0279023963234489	0.1885844876743233	0.1764963343910712	0.517716622494457	0.49692662542515337	0.6976402647729152	0.603641456582633
RANDOM_0027	0.0750700280112044	0.2645399296424318	0.2829131652661064	0.0725462304409672	0.2294762959682041	0.2668782142466353	0.65661006104582	0.6307267700067748	0.769038707049528	0.6050420168067226
RANDOM_0028	0.1411352834279973	0.2164811219266061	0.3302521008403361	0.1101871101871102	0.1713982222759116	0.3351570193675456	0.2640766947163295	0.24499686141110288	0.3141257513646488	0.3431372549019608
RANDOM_0029	0.1134453781512605	0.2081753735416313	0.3258615986695622	0.0591968486705328	0.1866297886833061	0.2174198489987963	0.369446425957741	0.33925267937558523	0.4025317223622484	0.3815126050420168
RANDOM_0030	0.1663630401479968	0.2534962071224836	0.3949579831932773	0.0797680271364481	0.1784168339668163	0.2791333843965423	0.4876133128553648	0.4278624560110276	0.6404000443343779	0.3319327731092437
RANDOM_0031	0.0781512605042016	0.2244395052377207	0.3047619047619048	0.0749534960061275	0.1835965991726256	0.2185140606193237	0.4916256973252277	0.44890066394787226	0.6847290674816308	0.6467787114845939
RANDOM_0032	0.1394957983193277	0.2490145173233649	0.3529411764705882	0.0583854003483317	0.2459255042183955	0.234051865630813	0.5986617877106253	0.5914054392391108	0.6072915540584958	0.4014005602240896
RANDOM_0033	0.1240896358543417	0.1876376385009046	0.2460072946103832	0.0519750519750519	0.1828663987268167	0.1476091476091476	0.4222922547111132	0.3902682375551531	0.5416878860665674	0.4596638655462184
RANDOM_0034	0.1963585434173669	0.2723542224877561	0.4428571428571428	0.1020899441952073	0.2067515418503011	0.3513513513513513	0.5206344179132023	0.46284700513509375	0.7028529999712616	0.4963585434173669
RANDOM_0035	0.1226890756302521	0.231565836176523	0.3593837535014005	0.1513294671189408	0.2262046410040705	0.3649195754458912	0.5448737543943222	0.506863926418824	0.783554715418508	0.7971988795518208
RANDOM_0036	0.1074982744679979	0.2313404399020445	0.2523809523809524	0.0272458693511325	0.226425478919641	0.2519969362074625	0.6083190738103902	0.5472663032602548	0.6977099219718732	0.6529411764705882
RANDOM_0037	0.1271708683473389	0.1971956445145922	0.3117647058823529	0.1086552139183718	0.2244373546710245	0.3417222890907101	0.4660885530334657	0.45144968446991585	0.6841784850340775	0.6142857142857143
RANDOM_0038	0.1224175365422388	0.2049612297630179	0.2873949579831932	0.0550388445125287	0.1833306433092384	0.2784768574242258	0.5035238473138538	0.45952162825433174	0.6195685706427575	0.5719887955182072
RANDOM_0039	0.1042016806722689	0.2157741826558431	0.380672268907563	0.0856767698872962	0.2397242444254381	0.3323120691541744	0.4974692036008119	0.47587853904198535	0.7125390280819667	0.5775910364145658
RANDOM_0040	0.1436974789915966	0.2514719232541321	0.4294117647058823	0.1040595251121567	0.1997150124176441	0.3167742641426851	0.5458641242127057	0.5009596710568609	0.6214574487757619	0.4941176470588235
RANDOM_0041	0.0859943977591036	0.223657952563873	0.2310924369747899	0.0721124912169812	0.1811373234731305	0.2353649195754459	0.4655944532595492	0.40834620361986895	0.645498196734438	0.5991596638655462
RANDOM_0042	0.1369747899159664	0.2626382948995381	0.3753501400560224	0.0970565707407812	0.2183450026885268	0.2924827661669767	0.5516506365903848	0.5043047396058092	0.7271108456784364	0.607563025210084
RANDOM_0043	0.1375350140056022	0.247311785793709	0.3445378151260504	0.0872123788404092	0.2098338304361413	0.2852609694714957	0.514250684036694	0.4970271750517871	0.6493580287308882	0.5453781512605042
RANDOM_0044	0.0890756302521008	0.1970127136610863	0.2761904761904762	0.0957644764104091	0.1914655464137191	0.2541853594485173	0.485284345585222	0.41543223461864814	0.6282881740459663	0.5943977591036415
RANDOM_0045	0.072829131652661	0.2382172905191346	0.196078431372549	0.0268081847029215	0.2110077126463327	0.1498659777275205	0.5062665994125949	0.4526078262381079	0.123847784194673	0.1260504201680672
RANDOM_0046	0.1509803921568627	0.2409979458345598	0.4011204481792717	0.0902724586935113	0.2241856767471292	0.2447751395119816	0.5666545226845351	0.5111515534168347	0.817851665647185	0.6114845938375351
RANDOM_0047	0.1239582606863631	0.2456176433082515	0.2929971988795518	0.0953058321479374	0.1784356215184742	0.2797899113688587	0.4039385570447468	0.35004361907246484	0.4536665992612008	0.3935574229691876
RANDOM_0048	0.123397997361227	0.2132681981089294	0.3235294117647059	0.0926797242586716	0.2292033707356534	0.3115220483641536	0.4988617192442883	0.46543196965523953	0.7957751859902849	0.5521008403361345
RANDOM_0049	0.0994397759103641	0.2152129787659218	0.3271708683473389	0.0615594117321139	0.1765142194826393	0.1981617244775139	0.3972501747878548	0.38729654308914274	0.4927024847327313	0.5274509803921569
RANDOM_0050	0.0876750700280112	0.1853793601251412	0.2717086834733893	0.0699201225517014	0.1523451018010384	0.2073531020899442	0.4067315477251612	0.3899454091304451	0.2554534604965701	0.2
RANDOM_0051	0.169187675070028	0.2713497802576439	0.3929971988795518	0.1038406827880512	0.2018502246472448	0.3618557829084144	0.4894877766199609	0.45978852858287844	0.6554745148059834	0.4333333333333333
RANDOM_0052	0.1092436974789916	0.2169751242127939	0.2605042016806723	0.0880840354524565	0.1928584229683857	0.2548418864208338	0.4959661818987524	0.4620131013885421	0.5719165355914877	0.4649859943977591
RANDOM_0053	0.0826330532212885	0.26928314873104	0.3	0.0668563300142247	0.2255355347062585	0.3191815297078455	0.5809415877833274	0.5092826546912103	0.6562263351738881	0.619327731092437
RANDOM_0054	0.0661064425770308	0.2879326261608429	0.2495798319327731	0.0745158113579166	0.2148911269105264	0.179986889239595	0.6556120667447234	0.6416628099237844	0.5967181652528191	0.6235294117647059
RANDOM_0055	0.1061624649859944	0.2060795922718329	0.2817927170868347	0.0456286245759929	0.1903738853637843	0.1585512638144217	0.4201282006954929	0.3651280843557839	0.3556622256571668	0.2375350140056022
RANDOM_0056	0.1291316526610644	0.2198544811599729	0.3675070028011205	0.0802057117846591	0.1953829044266443	0.3369077579603895	0.4535439924860795	0.44310522416038317	0.4729199159108396	0.4773109243697479
RANDOM_0057	0.0966386554621848	0.1721187283603305	0.3100840336134454	0.1287887077360761	0.1888425426774857	0.3360323886639676	0.3972492976301828	0.37474743350312073	0.4630201591983028	0.3100840336134454
RANDOM_0058	0.1014005602240896	0.20514031343697	0.299719887955182	0.0410329357697778	0.16661328509409	0.2410548200021884	0.4972262102311611	0.4659184082738922	0.252836907868595	0.2577030812324929
RANDOM_0059	0.1540616246498599	0.2333294928170895	0.4201680672268907	0.0944304628515154	0.2142112563375686	0.3305613305613306	0.4896185403541173	0.46018069697878683	0.7374632784256362	0.6400560224089635
RANDOM_0060	0.1328754907241791	0.2440345963080856	0.3809523809523809	0.0611664295874822	0.2154855494925356	0.2283619652040704	0.5704470352555054	0.5244950470133029	0.6548650204440799	0.5103641456582633
RANDOM_0061	0.1042016806722689	0.2243418586950962	0.3282913165266106	0.0804245541087646	0.2009117995408123	0.2817594922858081	0.5416215389983318	0.5221360132745033	0.7388168066304512	0.6820728291316527
RANDOM_0062	0.1084033613445378	0.2296662540756495	0.2726253959634429	0.0716747826208235	0.2156117879503764	0.2609694714957873	0.5047176702780289	0.472060554167008	0.6039717144252423	0.4389355742296918
RANDOM_0063	0.1009818665004319	0.1774203887147447	0.303641456582633	0.105591421380895	0.1773979319010653	0.3242149031622716	0.3487775128846643	0.3300163114015223	0.4630514194824958	0.4061624649859944
RANDOM_0064	0.103641456582633	0.2147056496633466	0.3176470588235294	0.1110624794835321	0.2141385184525358	0.3682022103074734	0.5421211847162466	0.48944755374258203	0.750083251544661	0.5966386554621849
RANDOM_0065	0.1056022408963585	0.2542779366698991	0.2792717086834734	0.0948681474997264	0.2385572006454449	0.361636940584309	0.5857441616686909	0.5814087933153658	0.7614020567924813	0.6148459383753502
RANDOM_0066	0.1464985994397759	0.2427699638440529	0.2789915966386554	0.0813177211119245	0.2029808010796951	0.2747565379144326	0.5223080435291945	0.48916456302372247	0.7566913169458326	0.6240896358543417
RANDOM_0067	0.1001470693680786	0.1857641868801262	0.2834733893557423	0.0268140533949145	0.1925597327361637	0.1677426414268519	0.4453814841729793	0.43093637504411214	0.2406734560898243	0.2585434173669468
RANDOM_0068	0.1123249299719888	0.1884372285420755	0.3207282913165266	0.0305285042127147	0.1690655533344403	0.2492750455118106	0.4491053622277688	0.4308861008999747	0.637607911281102	0.623249299719888
RANDOM_0069	0.0966386554621848	0.2376482713485108	0.2587015903815963	0.0397198818251449	0.1890369724889096	0.1708064339643287	0.4708903583297196	0.43771555937508055	-0.0808195973454575	0.0294117647058823
RANDOM_0070	0.1450980392156863	0.2371004113259023	0.3284715713111272	0.1458287934714966	0.2241669449239178	0.3946821315242368	0.5541449835305989	0.5072823373322414	0.7195902724506429	0.5929971988795518
RANDOM_0071	0.1170868347338935	0.2330272637066456	0.357703081232493	0.076047707626655	0.2210822579519631	0.3069263595579385	0.5349931675845869	0.4702700296953631	0.5916050616267163	0.4983193277310924
RANDOM_0072	0.0859943977591036	0.2189571328014327	0.2809523809523809	0.0563518984571616	0.1837696527060044	0.2410548200021884	0.3653908071867564	0.29818153888264265	0.3670805792754708	0.430812324929972
RANDOM_0073	0.1	0.2026490067955615	0.2918767507002801	0.0830506619980304	0.1970376747908896	0.2824160192581245	0.424111955998279	0.37227409977747217	0.629453953097189	0.5647058823529412
RANDOM_0074	0.0865606837335281	0.1861320570488301	0.2910364145658263	0.088448433346844	0.2147119164305849	0.2519969362074625	0.5375291311855488	0.5044835485722257	0.7715220742945587	0.6817927170868348
RANDOM_0075	0.107563025210084	0.1864007681621104	0.2680672268907563	0.1125019032374323	0.1637752939326504	0.3479260234385035	0.384775805246854	0.3490945232025505	0.4947156033608961	0.3890756302521008
RANDOM_0076	0.1235294117647059	0.2130381510529641	0.3535014005602241	0.0950869898238319	0.1994076769383131	0.3014553014553014	0.5315749363399904	0.5167549656320473	0.7618713576258971	0.692436974789916
RANDOM_0077	0.1257703081232493	0.2114453470534581	0.3546218487394958	0.068825910931174	0.2101995605412153	0.2301127037969143	0.4635609647513114	0.4343989876418132	0.7267052530578741	0.7560224089635854
RANDOM_0078	0.1386554621848739	0.2053903312415408	0.3666666666666666	0.0825555682336028	0.2502757747724838	0.3204945836524784	0.5473041983749503	0.50472826398349	0.6759336734001856	0.4708683473389355
RANDOM_0079	0.1005602240896358	0.1867718951994541	0.2747899159663866	0.0753911806543385	0.1842941880220927	0.24630703578072	0.4430805606150075	0.3961552742465565	0.4630229598406754	0.2865546218487395
RANDOM_0080	0.0773163388687824	0.1921544009186938	0.1927710919042638	0.0346865083707189	0.1858882568228628	0.1613962140277929	0.3624205625207525	0.35923305745425804	0.252083764812121	0.2739495798319328
RANDOM_0081	0.0655462184873949	0.2090211085331334	0.199719887955182	0.0399387241492504	0.1693367818320999	0.1773717036874931	0.4118505889989634	0.39352219718408726	0.1910289513775551	0.1901960784313725
RANDOM_0082	0.088235294117647	0.2404386828818492	0.3535014005602241	0.0723585326417231	0.2136453443442675	0.2287996498522814	0.4980139401665034	0.4291400844469948	0.6544810324351256	0.7019607843137254
RANDOM_0083	0.0985994397759103	0.2000355771961325	0.276750700280112	0.0705766495240179	0.1916192213753292	0.300798774482985	0.4210079644087452	0.4054009453380873	0.5917651040913214	0.5621848739495798
RANDOM_0084	0.1036705000066535	0.271874029341635	0.3467787114845938	0.0850202429149797	0.2360513436479775	0.3458802932487143	0.585575066458543	0.5554185123690786	0.779115714278477	0.4764705882352941
RANDOM_0085	0.1120448179271708	0.2580476795084355	0.42296918767507	0.0809760902891746	0.2581609170325538	0.3239960608381661	0.6448848815198766	0.6215003333775416	0.8077476760248024	0.7568627450980392
RANDOM_0086	0.1333333333333333	0.2182675693405474	0.3352941176470588	0.0473793631688368	0.1994972077870169	0.2478389320494583	0.5305643244605388	0.4860654343503659	0.6846172385303968	0.6218487394957983
RANDOM_0087	0.0607843137254901	0.2779268384814593	0.3056022408963585	0.0786738155159207	0.2055527006499048	0.336688915636284	0.4945844802121052	0.45685457639782856	0.6804760899994292	0.6669467787114846
RANDOM_0088	0.0504201680672269	0.2235052532779053	0.2092436974789916	0.0775126019353	0.2031590327348345	0.235025039791535	0.3643299541333203	0.33063275418199883	0.453108371486753	0.4697478991596638
RANDOM_0089	0.1324929971988795	0.2500328478879118	0.3697478991596639	0.0916999508950383	0.2137885531700035	0.2530911478279899	0.4917736333174474	0.3990832030353111	0.6850256001535002	0.4072829131652661
RANDOM_0090	0.1252100840336134	0.2328404422146052	0.407563025210084	0.0482547324652587	0.1894942952675543	0.2570303096618886	0.4554059424109959	0.43083365756509223	0.7759063983772377	0.6876750700280112
RANDOM_0091	0.0941176470588235	0.1932893737475464	0.2887955182072829	0.05109968267863	0.1927215880465644	0.1966728732680059	0.4481376324738833	0.40424814419097505	0.4676236818513117	0.3924369747899159
RANDOM_0092	0.1666666666666666	0.2471503721400409	0.4005602240896359	0.0729839150891782	0.1923146972925927	0.336688915636284	0.559059203408319	0.5081697214522206	0.824165287746586	0.611764705882353
RANDOM_0093	0.064290216559368	0.2569559292853124	0.1864468892913413	0.0680674108119938	0.2400765331733868	0.2202647992121676	0.6447709268212295	0.6071816178456524	0.5284765962836342	0.5134453781512605
RANDOM_0094	0.1411764705882353	0.2458551196599256	0.3759103641456582	0.038844512528723	0.1819897570814073	0.1504540978225188	0.5289451287764994	0.4769955101828255	0.535896267316822	0.4280112044817927
RANDOM_0095	0.0375350140056022	0.1882521734918645	0.1481792717086834	0.05109968267863	0.1761110438544118	0.2117299485720538	0.3789790197117968	0.34119212258693465	0.3023902479699721	0.2815126050420168
RANDOM_0096	0.080672268907563	0.2129138669914451	0.2663865546218487	0.0502243133822081	0.2178178969504703	0.2250793303424882	0.2992723899576638	0.26687217918755435	0.4495710219464792	0.3252100840336134
RANDOM_0097	0.1022695473038609	0.1981849722511665	0.2784313725490196	0.0475982054929423	0.1770072310260502	0.1640223219170587	0.4335954454346835	0.4000712358329033	0.4773782471319506	0.4176470588235294
RANDOM_0098	0.1050420168067226	0.1641974087998564	0.2557422969187675	0.0128022759601706	0.1882983548310674	0.1160958529379582	0.4195653150372868	0.3841916173190951	0.3769070051429313	0.4072829131652661
RANDOM_0099	0.1397759103641456	0.2039981369894574	0.3439775910364145	0.0806433964328701	0.1803832611172981	0.3331874384505963	0.4147771967533135	0.3859744564461537	0.4652837171268468	0.4464985994397759
RANDOM_0100	0.115406162464986	0.234378785947228	0.4148459383753501	0.0678782672314774	0.1879767283796992	0.2727869569974833	0.4744609507171888	0.3987987071536806	0.7155596429895656	0.5918767507002801
RANDOM_0101	0.1705882352941176	0.2755848352261487	0.4355742296918767	0.0771419192471824	0.2520265636354144	0.2911697122223438	0.6343256190452409	0.5948221037607923	0.7400419766695626	0.4677871148459384
RANDOM_0102	0.1226890756302521	0.2185888581198997	0.3288515406162465	0.0839260312944523	0.1944410882141025	0.28263486158223	0.5084485820978997	0.46628834316990403	0.6872290689339904	0.5249299719887955
RANDOM_0103	0.134491459468091	0.2106737536377893	0.3638655462184874	0.0935550935550935	0.1906632262852172	0.2778203304519094	0.4695792555980311	0.4190725350063435	0.5607493630322391	0.4896358543417367
RANDOM_0104	0.0653577080405573	0.2008831265562411	0.3322128851540616	0.0435591166649179	0.1571883742691473	0.2329576540102856	0.3850773301839739	0.340032491776297	0.5046905583382714	0.5375350140056022
RANDOM_0105	0.0851540616246498	0.1792395523910606	0.2106442577030812	0.0608085886704258	0.1624312469880653	0.2504650399387241	0.4328721088961069	0.38664093984921993	0.6266895974007737	0.5627450980392157
RANDOM_0106	0.1293623302919976	0.2224596941530035	0.34593837535014	0.0780172885436043	0.2231377876183941	0.3025495130758289	0.5162625326261232	0.4848375668185309	0.7034449597989251	0.530812324929972
RANDOM_0107	0.0672268907563025	0.2176251481370464	0.2775910364145658	0.0458474669000984	0.1833555103127124	0.213232865164614	0.4371642076750129	0.3795897376913602	0.624208481386363	0.6366946778711484
RANDOM_0108	0.0641456582633053	0.2266628202326602	0.2795518207282913	0.0368749316117737	0.1790291452891609	0.1780282306598096	0.4921456831717326	0.4651845040362669	0.6324413602771298	0.4932773109243697
RANDOM_0109	0.1257703081232493	0.2378576105480167	0.3380952380952381	0.044753255279571	0.2180248383904179	0.2611883138198927	0.5461960216602101	0.5115766740697619	0.742548835052555	0.6294117647058823
RANDOM_0110	0.107563025210084	0.2671385098859118	0.3983193277310924	0.0683882262829631	0.2528909982832936	0.2167633220264799	0.6228949185257516	0.5928355469468005	0.6896834694369887	0.5588235294117647
RANDOM_0111	0.1089635854341736	0.2035206927254963	0.2291316526610644	0.0561330561330561	0.161764051410337	0.1933471933471933	0.3272159928434861	0.3074876529770513	0.3567662763055483	0.1941176470588235
RANDOM_0112	0.0557422969187675	0.2144720106972061	0.1974789915966386	0.0554765291607396	0.1805887781555775	0.28263486158223	0.4143042692685716	0.38537854296437146	0.5480776957957582	0.503641456582633
RANDOM_0113	0.1476190476190476	0.2443536959251709	0.3812324929971988	0.1349901669296962	0.2840415782108377	0.4183171025276288	0.6420632160719592	0.5914542564863227	0.8481924237058603	0.6851540616246499
RANDOM_0114	0.0526758216250023	0.209886229854159	0.3081232492997199	0.0289966079439763	0.1946560797880369	0.190502243133822	0.4589652198051548	0.3997964927514186	0.7810844770263695	0.726610644257703
RANDOM_0115	0.1686274509803921	0.2882084410975734	0.4366946778711484	0.0940957953080993	0.2756727124592782	0.3347193347193347	0.6096794366972839	0.5961011095484211	0.7792814197249173	0.761344537815126
RANDOM_0116	0.1056022408963585	0.2135428126132184	0.2294117647058823	0.0958581825585365	0.1963439847783798	0.2653463179778969	0.4421775092394651	0.41698568108837736	0.3197382856804376	0.315126050420168
RANDOM_0117	0.0857142857142857	0.2163470469602846	0.3042016806722689	0.0344676660466134	0.1950213355092216	0.0644490644490644	0.4757751124028854	0.4288593089118443	0.4361995891139444	0.4179271708683473
RANDOM_0118	0.1521008403361344	0.2456065577277931	0.3991596638655462	0.0622606412080096	0.2329061469051307	0.3176496334391071	0.6172749718397005	0.5830639939633288	0.8031128759242722	0.7997198879551821
RANDOM_0119	0.1187675070028011	0.2595887480670664	0.4092436974789916	0.075610022978444	0.2309795757731654	0.3152423678739468	0.6229004117034196	0.6169047519183891	0.8392982757652337	0.7605042016806722
RANDOM_0120	0.1294117647058823	0.2649317033020373	0.4179271708683473	0.0710143341722289	0.203010901966245	0.3202757413283729	0.5036695648328923	0.4736281568853666	0.6875253960094695	0.6450980392156863
RANDOM_0121	0.1117647058823529	0.2136788001185714	0.3456582633053221	0.0502243133822081	0.2125457460283435	0.1944839709500537	0.44780756431987	0.4302884405862713	0.4844803792208096	0.4655462184873949
RANDOM_0122	0.1081232492997198	0.2577304546761337	0.3246498599439776	0.0480385184283076	0.1795426575084178	0.154174417332312	0.4939032164160796	0.4380706435942522	0.5206943817293239	0.5593837535014006
RANDOM_0123	0.1	0.1853955636109273	0.3196078431372549	0.0517562096509464	0.2036078126186926	0.2469635627530364	0.3928276542743876	0.3569846616822175	0.5214177764278016	0.4016806722689076
RANDOM_0124	0.0812324929971988	0.2326394608725719	0.2490196078431372	0.0854579275631907	0.1819046438219254	0.2294561768245978	0.4454566691074625	0.4137687819841426	0.6888563772639217	0.6526610644257703
RANDOM_0125	0.134733893557423	0.2248176151184101	0.3756302521008403	0.0732829884297071	0.2197602180244008	0.3231206915417441	0.4556030977812218	0.40347617316060486	0.6618628400794884	0.4829131652661064
RANDOM_0126	0.06890756302521	0.2500339256534556	0.2854341736694678	0.0524127366232629	0.1883505265111539	0.1736513841776999	0.4507070488985163	0.42007820358043846	0.6558344149662536	0.5837535014005603
RANDOM_0127	0.0785769313503386	0.1949701348834071	0.2584214587190282	0.0525133894158612	0.1455719809679352	0.1733326040784495	0.3794371349241163	0.33516565126448544	0.7046602620223869	0.6621848739495798
RANDOM_0128	0.0703081232492997	0.2925251313213237	0.372829131652661	0.0655432760695918	0.2369273818209255	0.2204836415362731	0.6655444092121984	0.6279931251430172	0.8392773282935125	0.853501400560224
RANDOM_0129	0.1358543417366947	0.2029051812787844	0.3588235294117647	0.0721085457927563	0.1817279935458266	0.2080096290622606	0.4371566365530329	0.3923515292882501	0.6343728904367425	0.6123249299719888
RANDOM_0130	0.06890756302521	0.18604754399745	0.2067226890756302	0.081956450377503	0.1866607463014345	0.2255170149906992	0.4011588308013687	0.35198709421026214	0.1749927505012641	0.1341736694677871
RANDOM_0131	0.1417366946778711	0.2454318714900955	0.3692911324561334	0.1134697450486924	0.2132680622287968	0.3485064011379801	0.5205724638348463	0.48072194503749927	0.8252081698062506	0.7879551820728291
RANDOM_0132	0.157703081232493	0.2855351530193236	0.4663865546218487	0.1024041714346579	0.2162683487683275	0.3290294342925922	0.5393113080817943	0.4899271081328677	0.8027566245412072	0.67703081232493
RANDOM_0133	0.0479125824355074	0.2007765356759531	0.2260504201680672	0.045190939927782	0.188583092868555	0.2088849983586825	0.4328015081831661	0.3988117014846701	0.4284024273811671	0.3843137254901961
RANDOM_0134	0.1224432662240745	0.2321357289349899	0.3747899159663865	0.0690344831567277	0.1918583746875692	0.2649086333296859	0.5285340749217904	0.5050454041008312	0.831530811626845	0.7873949579831933
RANDOM_0135	0.1675070028011204	0.2596668850939366	0.4607843137254901	0.0842589047603574	0.2107592480075975	0.3174307911150016	0.5108191451363622	0.48305569337100146	0.7837629135753509	0.7274509803921568
RANDOM_0136	0.0633053221288515	0.172467497146678	0.215126050420168	0.0425648320385162	0.2011958774515909	0.1909301178370397	0.4441683857146891	0.3982331078064802	0.5460154056373228	0.5644257703081232
RANDOM_0137	0.0974789915966386	0.1990408827341093	0.2694677871148459	0.0732027574132837	0.2182750066756575	0.2966407703249809	0.476211137358792	0.4397101374763211	0.5216002678010796	0.4557422969187675
RANDOM_0138	0.0761904761904762	0.2105397237538986	0.2358543417366946	0.0552576868366342	0.1992638851518501	0.2146960664153523	0.506260134621333	0.5015618597093389	0.7675745179436666	0.7201680672268908
RANDOM_0139	0.1254901960784313	0.1933840584201101	0.3274509803921568	0.0852023624266738	0.197243248725619	0.2922639238428712	0.3259904669431888	0.30529420912280053	0.3893466471870224	0.2893557422969188
RANDOM_0140	0.1337628688762449	0.2458373705100021	0.3976468950153502	0.0758288653025495	0.2223429387142272	0.3132727869569975	0.5369452418646029	0.5153129499058692	0.7289985757528925	0.6212885154061625
RANDOM_0141	0.0501400560224089	0.23378036423227	0.2145658263305322	0.0346865083707189	0.235134257718667	0.081081081081081	0.4693358317110177	0.40613865888596734	0.5931943906828565	0.6162464985994398
RANDOM_0142	0.0742504932480086	0.1972156374002161	0.2655462184873949	0.0504431557063136	0.1750719632169083	0.20997920997921	0.4795632906987438	0.40859886996831185	0.5615725487157336	0.4803921568627451
RANDOM_0143	0.1464985994397759	0.2102107698845843	0.3445378151260504	0.0832695043221359	0.1899278671421569	0.3264033264033264	0.374134866652499	0.35405338225339855	0.5582628414684419	0.4238095238095238
RANDOM_0144	0.1274509803921568	0.2230513270401924	0.3857142857142857	0.068825910931174	0.2100721428197218	0.3697341065762118	0.5330704232980044	0.4826064961248637	0.7488905038003197	0.5759103641456582
RANDOM_0145	0.1315218155757005	0.2030347066156278	0.3453781512605042	0.0913666703140387	0.198870859415859	0.2817594922858081	0.4569622175439651	0.3946324333720555	0.6131615928353841	0.4680672268907563
RANDOM_0146	0.1176470588235294	0.2472211329445051	0.2812324929971989	0.0552576868366342	0.195069863375834	0.1607396870554765	0.5377416060066309	0.5135272740106094	0.7525349130911945	0.7084033613445379
RANDOM_0147	0.1941176470588235	0.2471984841447452	0.3918767507002801	0.1177824491021003	0.2251015667575854	0.4080315132946712	0.4879471785317518	0.42178158315460473	0.6792569309860151	0.4366946778711484
RANDOM_0148	0.1731213674670563	0.2462557082544496	0.4610644257703081	0.0907144519509631	0.1857055116702743	0.263595579385053	0.3438428583988683	0.3290348362399851	0.5045656642562293	0.4809523809523809
RANDOM_0149	0.053501400560224	0.2470411371256763	0.2039215686274509	0.0322792428055586	0.1975262585119218	0.1563628405733668	0.5671076459338948	0.5343123477829307	0.5597749117956978	0.4809523809523809
RANDOM_0150	0.138375350140056	0.2317238758543584	0.3725490196078431	0.1150016413174307	0.1989043795972731	0.2983915089178247	0.454827667181867	0.42963279632104423	0.591527652290556	0.3876750700280112
RANDOM_0151	0.0809523809523809	0.1945205090009478	0.238375350140056	0.0370937739358792	0.1644499230073585	0.1539555750082065	0.3449001562024005	0.315779487015698	0.0594921331908168	0.0697478991596638
RANDOM_0152	0.142296918767507	0.2729288122821706	0.4173669467787115	0.0850202429149797	0.2412686995209326	0.3086770981507823	0.5212016307570454	0.4562703406474662	0.7210933031124171	0.5302521008403361
RANDOM_0153	0.1092436974789916	0.2262560037808753	0.2602240896358543	0.080249628839795	0.2246729224720932	0.2714739030528504	0.5101390295709759	0.4923583650292263	0.6524651473556734	0.6610644257703081
RANDOM_0154	0.1092436974789916	0.1889410048300175	0.3053221288515406	0.0670751723383302	0.2083374848821033	0.2791333843965423	0.3711558742438804	0.3253833638495024	0.5378399722441042	0.4271708683473389
RANDOM_0155	0.0820728291316526	0.2088899818884823	0.2974789915966386	0.0668563300142247	0.1876183005065626	0.2121676332202648	0.5298399136568209	0.47628503858642307	0.5738909242655617	0.5403361344537815
RANDOM_0156	0.0571588702739387	0.2106169386584913	0.2219109081223502	0.0915855126381442	0.1832250825833336	0.2902943429259219	0.5263737804815187	0.4691246006693899	0.8312795339838019	0.7535014005602241
RANDOM_0157	0.134733893557423	0.2112364193512708	0.3428571428571428	0.0955246744720429	0.2099109871870456	0.3014553014553014	0.3011306967609558	0.2742686971706005	0.5124135856859466	0.4523809523809524
RANDOM_0158	0.0854341736694677	0.2448525680978071	0.3678128729518526	0.0276835539993434	0.2239452318017623	0.1611773717036874	0.4430914165154409	0.4234074434745774	0.5380920844228569	0.2904761904761905
RANDOM_0159	0.1378151260504201	0.2709842172287092	0.4033613445378151	0.0891782470729839	0.232642479657169	0.3358135463398621	0.6143472669835789	0.6005745322854856	0.757766830850754	0.7464985994397759
RANDOM_0160	0.0462184873949579	0.2142695316729303	0.2478991596638655	0.0281212386475544	0.1946952471707566	0.1066856330014224	0.4126310830514856	0.3468092392849314	0.4854238046918253	0.4649859943977591
RANDOM_0161	0.0568627450980392	0.2426757509383482	0.3039215686274509	0.0701389648758069	0.2020818429632985	0.2509645303293145	0.5121451376363482	0.5095282044793528	0.641253897503468	0.6442577030812325
RANDOM_0162	0.1714285714285714	0.2467984859342312	0.446218487394958	0.1362293467556625	0.2399982979066335	0.3506948243790349	0.5528476384160678	0.5103100726009532	0.7219688579065479	0.5918767507002801
RANDOM_0163	0.096078431372549	0.1874292163969843	0.2756302521008403	0.0539564421375219	0.1833054756158829	0.1754021227705438	0.2924469921804353	0.25769763678685315	0.1426380545925104	0.1140056022408963
RANDOM_0164	0.0967742887295805	0.2313712861097624	0.3028011204481792	0.0598533756428493	0.2005918993555287	0.3025495130758289	0.4312482455781271	0.4239575662513248	0.5798282667688277	0.5621848739495798
RANDOM_0165	0.1352941176470588	0.2477889582154681	0.3414565826330532	0.0985884670095196	0.2212698226974073	0.3045190939927782	0.5188852736954477	0.5111943738383756	0.6904534327733851	0.5980392156862745
RANDOM_0166	0.1270802748912791	0.222214603789413	0.2865546218487395	0.0556953714848451	0.2118179341809842	0.2134806871648976	0.4922556219767778	0.4850318950305286	0.5944160456133601	0.47703081232493
RANDOM_0167	0.0904761904761904	0.2251550723192619	0.2523809523809524	0.0543823175402122	0.2041736057849656	0.2563737826895721	0.4113047022890004	0.372269987779198	0.5589903952092615	0.5187675070028012
RANDOM_0168	0.0781512605042016	0.2418876631761626	0.177747114264705	0.0125841221395339	0.26224396834905	0.1292263923842871	0.5827117261263857	0.5186899145473982	0.088823769535088	0.0851540616246498
RANDOM_0169	0.0439775910364145	0.2344242232352735	0.2389355742296919	0.0525453550141972	0.2206566982397276	0.2712550607287449	0.5724527751612514	0.5233852882658611	0.5796359991735213	0.4086834733893557
RANDOM_0170	0.1030884518250432	0.2307773326443074	0.3448179271708683	0.0401575664733559	0.2003549442046677	0.160958529379582	0.5132662543621975	0.4551510996552653	0.6751960230802713	0.6137254901960785
RANDOM_0171	0.1327731092436975	0.2897967623069184	0.3733893557422969	0.0282848736310901	0.2414131901410322	0.2075719444140496	0.6514725087666888	0.6225650256960547	0.7387507029541982	0.6039215686274509
RANDOM_0172	0.1476190476190476	0.2352000010507664	0.3316526610644257	0.0576775760780406	0.2057791189148353	0.2014443593390961	0.5396801136213768	0.5159056679979244	0.5763317251893997	0.4876750700280112
RANDOM_0173	0.0998669377055106	0.2387766416784863	0.317131126572624	0.0732187825355013	0.209456784429654	0.3373454426086005	0.4743827266162221	0.46123341251715305	0.7059690651790747	0.5002801120448179
RANDOM_0174	0.06890756302521	0.2260588472446778	0.2742296918767507	0.0377503009081956	0.2106652126351978	0.142794616478827	0.5306555445991935	0.4741372534328028	0.5291547978200851	0.5392156862745098
RANDOM_0175	0.0711484593837535	0.2146138663523319	0.2312486874499271	0.0400503365484296	0.2121753475718493	0.1281321807637597	0.4577705938333082	0.4176704535428477	0.3220203652649568	0.2467787114845938
RANDOM_0176	0.0918831853223211	0.1918077078184561	0.2675070028011204	0.0460663092242039	0.2119566891508056	0.1769340190392822	0.5064676129411748	0.4601177488390892	0.4318669414070069	0.4386554621848739
RANDOM_0177	0.1047619047619047	0.2269906082016057	0.2969187675070028	0.0816728828301325	0.1819934553023228	0.3097713097713098	0.4530067768366417	0.4442842815768149	0.7412149332783428	0.77703081232493
RANDOM_0178	0.161624649859944	0.2750318567296697	0.4	0.1093117408906882	0.2481408995144171	0.3231206915417441	0.6656175280536015	0.6175182873460262	0.8804678252310857	0.7140056022408964
RANDOM_0179	0.0447091910759991	0.2149529270575589	0.1535014005602241	0.0591968486705328	0.1816473925601008	0.2191705875916402	0.3981465313449152	0.38390490421661877	0.2283127338522375	0.2596638655462185
RANDOM_0180	0.1151583121695529	0.2628716550303871	0.3550014148876487	0.0920231972863551	0.2119842139545488	0.3183061604114235	0.5682843897763318	0.5236247225598377	0.7699729688063196	0.6420168067226891
RANDOM_0181	0.1252100840336134	0.2601340429048359	0.3929971988795518	0.1092082947413464	0.2424921108845316	0.3340628077470183	0.6395281565899961	0.6221090778333782	0.8112261247097066	0.7703081232492998
RANDOM_0182	0.0949579831932773	0.252614962752657	0.3252100840336134	0.0769230769230769	0.2299297797858075	0.24630703578072	0.6189770838045363	0.5739806729598186	0.7258984394735687	0.5943977591036415
RANDOM_0183	0.1224089635854341	0.1948321426310421	0.2988795518207283	0.0644490644490644	0.2428126948523475	0.2255170149906992	0.5952406159031667	0.5470016515494786	0.3989745503237738	0.3512605042016806
RANDOM_0184	0.0764705882352941	0.2024447084032839	0.3008403361344537	0.0745158113579166	0.1803974057182398	0.31896268738374	0.4712220531762106	0.4333488932328394	0.6415399878943553	0.6078431372549019
RANDOM_0185	0.1210084033613445	0.2396466798699642	0.3809523809523809	0.1211292263923842	0.2564079503872207	0.3627311522048364	0.6140698914365342	0.5743543491305648	0.7970967820934943	0.6630252100840336
RANDOM_0186	0.080672268907563	0.2085182485257342	0.2554621848739495	0.0369884306253801	0.187308417897322	0.1160958529379582	0.4883218515837673	0.4617177731410482	0.2803755670562234	0.3490196078431372
RANDOM_0187	0.1403361344537815	0.2143408153502729	0.3661064425770308	0.0714520188204398	0.179266752579165	0.2749753802385381	0.5098018847159183	0.4696019673935927	0.6521741428136727	0.5913165266106443
RANDOM_0188	0.1067226890756302	0.1844109729751285	0.296078431372549	0.0850202429149797	0.1901495294483718	0.2625013677645256	0.3373524518847381	0.3223987445019003	0.4805357097318335	0.2647058823529412
RANDOM_0189	0.0560224089635854	0.1991811129503023	0.1722689075630252	0.0484735747893642	0.1980817627562115	0.1018711018711018	0.5042086987979215	0.4280060218736015	0.3044207546115162	0.2078431372549019
RANDOM_0190	0.115126050420168	0.2280849774759684	0.3630252100840336	0.0777984462194988	0.1972620805709347	0.2529955685791512	0.5829527349669392	0.5411019431793129	0.7584204858139196	0.6644257703081232
RANDOM_0191	0.1588235294117647	0.2757277830385518	0.469187675070028	0.0843821843570576	0.2467199716532353	0.3395338658496553	0.5532295584160465	0.5259336231664006	0.8014658598650541	0.8056022408963586
RANDOM_0192	0.096078431372549	0.2366223564163148	0.261344537815126	0.0366058644764177	0.1894781676627648	0.1725571725571725	0.5104062923453997	0.45551975613987794	0.3625544522304918	0.2582633053221289
RANDOM_0193	0.1028011204481792	0.2336568478335388	0.2733893557422969	0.1025276288434183	0.2147231978189024	0.3056133056133056	0.489133922599823	0.42497144080250765	0.649903641198767	0.6815126050420168
RANDOM_0194	0.1093970220421346	0.2090542494858257	0.2820728291316526	0.0683882262829631	0.1850795513560765	0.2362402888718678	0.5129029296788609	0.42187390425379256	0.6111223995723254	0.4820728291316526
RANDOM_0195	0.0512605042016806	0.2071375464388791	0.200351605099316	0.0475982054929423	0.173165610916389	0.1784659153080205	0.4109386416071732	0.3371850726499018	0.5838049057323709	0.5008403361344538
RANDOM_0196	0.0686274509803921	0.2248272265309682	0.2719887955182072	0.0477102369811894	0.2156901370673369	0.149141043877886	0.5910969096217829	0.5800036100705729	0.4436342966118283	0.4686274509803921
RANDOM_0197	0.0820958283836472	0.2047088459156728	0.2812324929971989	0.0425741500841704	0.1910768107655516	0.2298938614728088	0.4517369587032714	0.4106320628916887	0.6607285583143709	0.7005602240896358
RANDOM_0198	0.1565826330532213	0.2335868667626978	0.3515406162464985	0.0784549731918153	0.2197912308138816	0.3732355837618995	0.4756644223627046	0.427766175660604	0.6041660844695068	0.5123249299719888
RANDOM_0199	0.0913165266106442	0.1745718878855094	0.2414565826330532	0.0664186453660137	0.2002832024863544	0.2554984133931502	0.4729692033499992	0.44118246941698835	0.6131095897328525	0.5386554621848739
RANDOM_0200	0.0868590675731421	0.2547946217605707	0.3255814081290037	0.0593095147793684	0.1875122207512621	0.2527087726075824	0.523162592239002	0.4664999855585876	0.5407935571556779	0.526890756302521
RANDOM_0201	0.1047619047619047	0.1880393160068163	0.3405747157199936	0.0694824379034905	0.1917414303610815	0.3221535267720679	0.4463185491452375	0.3858757903795128	0.6282584491126925	0.6058823529411764
RANDOM_0202	0.0957983193277311	0.1947656169582229	0.2742296918767507	0.0714250893916854	0.1951139230176862	0.1964109858846701	0.5122074028109425	0.5046862563587945	0.6734767833575519	0.6971988795518207
RANDOM_0203	0.0753712554102427	0.2541008385597798	0.2633053221288515	0.0793737802303566	0.2288278659422992	0.2323011270379691	0.560937935696768	0.5311224456806826	0.5712701283313012	0.4338935574229692
RANDOM_0204	0.1282913165266106	0.2239802897644965	0.3946778711484593	0.1047389759140132	0.1819341301967507	0.3010176168070905	0.449930435335968	0.3978968952455688	0.6715143106610705	0.4232492997198879
RANDOM_0205	0.0663865546218487	0.2376826724131729	0.253781512605042	0.0797680271364481	0.2210390012909477	0.2616832721111865	0.4477647829567277	0.35303895474287783	0.762665593933388	0.7633053221288515
RANDOM_0206	0.0521008403361344	0.2403729555019406	0.1131652661064425	0.0430260629386623	0.2479301960046873	0.179122442280337	0.6380972310524143	0.6378584978641436	0.0819686157078371	-0.0008403361344537
RANDOM_0207	0.0865546218487395	0.1932984277498292	0.3224089635854342	0.038844512528723	0.188980905628661	0.2032395802218625	0.4482266185056817	0.4012962846284402	0.5372397143682971	0.4173669467787115
RANDOM_0208	0.0974789915966386	0.2204457900317117	0.3196078431372549	0.0655432760695918	0.2186772290929227	0.2589998905788379	0.5373004359670527	0.49029509434891266	0.6915817857061062	0.6179271708683474
RANDOM_0209	0.1526610644257703	0.2311204965988481	0.3557422969187675	0.0410329357697778	0.1822210774946383	0.1511106247948353	0.4605641144561174	0.39486611142393896	0.6229363401832649	0.388515406162465
RANDOM_0210	0.1123249299719888	0.1867641409458688	0.3442577030812325	0.027027027027027	0.189544587607081	0.1585512638144217	0.4049463400821039	0.40222412147659775	0.4084751518764922	0.434733893557423
RANDOM_0211	0.1134453781512605	0.1975252132321203	0.265266106442577	0.0419083050661998	0.1877792449414682	0.1891891891891892	0.4383819608296547	0.4181291329952236	0.3517080087828388	0.2633053221288515
RANDOM_0212	0.1439701629123261	0.2021571343915873	0.3453781512605042	0.0988073093336251	0.2288040767643167	0.3830834883466462	0.4985687762651551	0.46007605559139797	0.6788282304918551	0.5879551820728292
RANDOM_0213	0.1655462184873949	0.2235783093513884	0.3910364145658263	0.0924608819345661	0.1674586443651545	0.2714739030528504	0.4080752758597699	0.37986945291086227	0.5931968650891769	0.3582633053221288
RANDOM_0214	0.0876750700280112	0.2008324818967192	0.3126050420168067	0.093336251230988	0.2092909901660619	0.3382208119050224	0.4924819100154279	0.4345851868451788	0.5901027935054042	0.5336134453781513
RANDOM_0215	0.0759567052268605	0.2005498162822184	0.2400560224089636	0.0377503009081956	0.1755932220067438	0.1575750946167723	0.5000610175026352	0.4416505120473717	0.4929370636349162	0.4364145658263305
RANDOM_0216	0.1235294117647059	0.2719765538949815	0.3991596638655462	0.1353539774592406	0.2498647666797904	0.3467556625451362	0.6224718421059192	0.536179521663863	0.8384593936670172	0.6467787114845939
RANDOM_0217	0.053501400560224	0.2301515174170264	0.2448179271708683	0.063792537476748	0.1981384099677411	0.197286355181092	0.5429738624361328	0.5335047988453373	0.7456814368766592	0.7081232492997199
RANDOM_0218	0.1221288515406162	0.2630186741365717	0.4507002801120448	0.0887405624247729	0.1919598920285372	0.2782580151001204	0.50791124964402	0.4959257332945905	0.646458884490932	0.6266106442577031
RANDOM_0219	0.1156862745098039	0.2624709084161646	0.3282913165266106	0.1493680584388154	0.2490038335808027	0.39840245103403	0.6202404463478617	0.5740079087699035	0.8297024361682147	0.7173669467787115
RANDOM_0220	0.0820728291316526	0.2397642742373945	0.2179271708683473	0.0589780063464273	0.219084678174505	0.2548418864208338	0.4992833198933702	0.45143770553658175	0.756843064158049	0.5963585434173669
RANDOM_0221	0.1288515406162465	0.2090155000006756	0.3403361344537815	0.0841448736185578	0.2000510954947507	0.3130710734017956	0.4474503794507935	0.4310111336812671	0.7672718177751088	0.6985994397759103
RANDOM_0222	0.1089695425980106	0.2251905059096791	0.346218487394958	0.084309021798347	0.2174503089296138	0.2438997702155597	0.4883837199841386	0.4416982807826245	0.7496952367596971	0.6327731092436975
RANDOM_0223	0.134733893557423	0.2401235272996956	0.391203866776285	0.1099682678630047	0.2072524586477078	0.3747674800306379	0.4181295273530074	0.3795390144273547	0.4116677556551937	0.392156862745098
RANDOM_0224	0.1140056022408963	0.232233664544595	0.2543417366946778	0.058990917468812	0.2232141569755383	0.325309114782799	0.5081782857962074	0.48006837256460155	0.4897799227807688	0.3271708683473389
RANDOM_0225	0.0904761904761904	0.1903012809583348	0.2445378151260504	0.056570740781267	0.2228973046214766	0.2336269631991729	0.5134541312594246	0.48002522605234554	0.6020254440982815	0.4613445378151261
RANDOM_0226	0.0854341736694677	0.2227260800118174	0.284313725490196	0.0988341860991546	0.2352119690037531	0.2795710690447532	0.6343485341596945	0.6065348076234248	0.8334484193354417	0.7476190476190476
RANDOM_0227	0.1156862745098039	0.2333276390182948	0.3683731362769887	0.0605099026151657	0.189377867494086	0.2441186125396651	0.5231306333206533	0.4946782641648104	0.5794975349554184	0.4722689075630252
RANDOM_0228	0.1546218487394958	0.2132192292693512	0.3453781512605042	0.0524127366232629	0.178936382283013	0.2754130648867491	0.340427619683798	0.30703392995142553	0.4197838957667427	0.2635854341736695
RANDOM_0229	0.1025210084033613	0.2299268337616006	0.3495798319327731	0.0598533756428493	0.1882188748400025	0.2134806871648976	0.5514925273679564	0.5284282899855679	0.7654019798044911	0.5910364145658263
RANDOM_0230	0.0887176111319983	0.2361739791353758	0.3134453781512605	0.0436590436590436	0.2197195814863462	0.3587919903709377	0.5224270919887831	0.4846691871738322	0.7283934060289481	0.669187675070028
RANDOM_0231	0.1470588235294118	0.1943477752742538	0.3689075630252101	0.0611664295874822	0.1775759338955528	0.3285917496443812	0.3131131104866823	0.24986787302829014	0.3160832649513508	0.2641456582633053
RANDOM_0232	0.0978963094684742	0.1856998681025872	0.2358543417366946	0.0484735747893642	0.204707261263707	0.1539555750082065	0.3879443663443939	0.36948152128744177	0.0817481687164749	0.0949579831932773
RANDOM_0233	0.0840336134453781	0.1663965133195362	0.24593837535014	0.0103955791587453	0.1552880579509436	0.1012145748987854	0.3657319014624269	0.33426171946561667	0.0292489941122416	-0.0610644257703081
RANDOM_0234	0.1131652661064426	0.2325663428923743	0.3014005602240896	0.0856767698872962	0.2614311211558749	0.2638144217091585	0.5230488346940375	0.4793686563760317	0.7528108667051939	0.6873949579831933
RANDOM_0235	0.142296918767507	0.1829497335808869	0.3322128851540616	0.086989823831929	0.1851749188438881	0.2312069154174417	0.2998104975967472	0.27478796130026034	0.2630659203358507	0.1952380952380952
RANDOM_0236	0.1115103605611564	0.2449282724098306	0.3789915966386554	0.0392907966072421	0.1665155749607852	0.1760586497428602	0.4695564870606344	0.39627166417633375	0.7042741675007911	0.6375350140056022
RANDOM_0237	0.1226890756302521	0.2003867091067658	0.3140056022408963	0.0395010395010395	0.1703432432171462	0.2660028449502133	0.3908255558755383	0.3520254261355987	0.5434769272893606	0.511484593837535
RANDOM_0238	0.0756302521008403	0.20941605439867	0.2452552705783297	0.0902922206155286	0.1976230486740686	0.3758616916511653	0.3954218257180419	0.3529361230625501	0.6957364115897554	0.5400560224089636
RANDOM_0239	0.1260504201680672	0.2068545764241266	0.342296918767507	0.0386256702046175	0.1773104567007557	0.1745267534741219	0.4296867217968447	0.3772450221090655	0.6111244283800462	0.5817927170868348
RANDOM_0240	0.0994397759103641	0.2149222148123723	0.334453781512605	0.081956450377503	0.2134331666252086	0.2515592515592516	0.6118926531130797	0.571895864803851	0.67291930553647	0.5851540616246499
RANDOM_0241	0.0991596638655462	0.2476489910044118	0.3182072829131652	0.0577509745822714	0.235026990739673	0.2565926250136776	0.6217071091334971	0.5808490608239939	0.7942946797845932	0.7686274509803922
RANDOM_0242	0.0871148459383753	0.1956315784258872	0.3070028011204482	0.0653960300336849	0.1543563458999549	0.2244228033701718	0.4251000265006648	0.4052534733116416	0.5257585063677526	0.3324929971988795
RANDOM_0243	0.0714285714285714	0.2188833244577924	0.1501400560224089	0.0353352043333209	0.1970509384562068	0.2010066746908852	0.4453914400160806	0.42390655313717346	-0.2756266603610205	-0.2207282913165266
RANDOM_0244	0.1193277310924369	0.1933980220814572	0.3131871987510824	0.0419083050661998	0.1810804332865547	0.184593500382974	0.466201787512932	0.43357662339497516	0.4766582476559987	0.4997198879551821
RANDOM_0245	0.0871148459383753	0.2381500228091043	0.211204481792717	0.0561330561330561	0.2051270097435128	0.2075719444140496	0.4777595139508438	0.4529949851376578	-0.0006790239745158	0.0616246498599439
RANDOM_0246	0.1394957983193277	0.2407671687303851	0.3540616246498599	0.0526315789473684	0.2257435448246068	0.3169931064667907	0.5718981340144653	0.5007830269606312	0.6687193991544974	0.4871148459383753
RANDOM_0247	0.0456582633053221	0.273263316836397	0.2226890756302521	0.0414706204179888	0.2235146722328496	0.16686727213043	0.5965657685996657	0.5419022767784559	0.5061671007983645	0.5014005602240896
RANDOM_0248	0.1943977591036414	0.2390897901661215	0.4324929971988795	0.100120363278258	0.1940285122141631	0.2856986541197067	0.3741141321301898	0.3365996976529056	0.6715028900164721	0.6621848739495798
RANDOM_0249	0.057422969187675	0.2247816258962287	0.2644257703081232	0.0791115001641317	0.1981478510052756	0.2892001313053944	0.4920302418839026	0.42504613136039976	0.6197898122874008	0.5428571428571428
RANDOM_0250	0.0876750700280112	0.2121993026879049	0.3417366946778711	0.0745158113579166	0.2095684827413365	0.3301236459131196	0.5506058670849375	0.5175652309497252	0.6723125374219181	0.6470588235294118
RANDOM_0251	0.0851659896344025	0.2067459116081605	0.2577030812324929	0.044753255279571	0.2426023818254419	0.2384287121129226	0.5369243143912764	0.5189845510549114	0.5368371867832495	0.4490196078431372
RANDOM_0252	0.1260504201680672	0.1957876888517733	0.3084033613445378	0.1030465450110157	0.1995979750174833	0.3250902724586935	0.3143864874444608	0.2664827573516994	0.6220382142530636	0.511204481792717
RANDOM_0253	0.0854341736694677	0.2630423049039952	0.4014005602240896	0.0491301017616807	0.2230046999531748	0.2554984133931502	0.4362402847091772	0.3774575890441447	0.6521048304401518	0.5812324929971989
RANDOM_0254	0.0952380952380952	0.2076307037101384	0.296078431372549	0.057446110077689	0.1816414709728873	0.1918152970784549	0.5037423674060763	0.44145056737924254	0.7133692089498481	0.6742296918767507
RANDOM_0255	0.1408963585434173	0.2184798665687162	0.3288515406162465	0.0728193384645065	0.2028374579938943	0.2824160192581245	0.3922644844784518	0.3600147917764823	0.4761078645875637	0.3089635854341737
RANDOM_0256	0.1313725490196078	0.2329416896522242	0.3470588235294117	0.0791115001641317	0.2140667227743589	0.3308525853584763	0.567312398745692	0.48865996753787677	0.7004688249884943	0.4593837535014005
RANDOM_0257	0.1092436974789916	0.167028145482385	0.3235294117647059	0.0813043717362929	0.1620528114456214	0.2977349819455082	0.3014671970080069	0.27839806903075104	0.429515955422014	0.3282913165266106
RANDOM_0258	0.1187675070028011	0.2323622719497844	0.3148459383753501	0.0944304628515154	0.1978248413327016	0.3069263595579385	0.5304896127333212	0.4917197024605468	0.5286838934493145	0.284313725490196
RANDOM_0259	0.1487394957983193	0.2573671462190713	0.4033613445378151	0.0777984462194988	0.1917210924133142	0.3132727869569975	0.4781619201253066	0.4261863441025144	0.6016818446249713	0.4560224089635854
RANDOM_0260	0.0946778711484594	0.1727522291707019	0.2557422969187675	0.0381879855564066	0.16304862798674	0.2093226830068935	0.3349198947038589	0.28239581221506926	0.284539912009059	0.3240896358543417
RANDOM_0261	0.1005602240896358	0.2216935303404553	0.2543417366946778	0.0405952511215669	0.2236563530584162	0.2136995294890031	0.5177851009882369	0.4726634013380604	0.5359590843308658	0.3971988795518207
RANDOM_0262	0.1056022408963585	0.2282920823369034	0.3336134453781512	0.0747346536820221	0.2274181881965931	0.2773826458036984	0.5630372650701349	0.5417579533492553	0.6670447115001061	0.5988795518207283
RANDOM_0263	0.105115652999998	0.195682377523488	0.2733893557422969	0.0812999234051865	0.1926816964257964	0.269942006784112	0.4670903234235101	0.41998683751595633	0.5783695938222401	0.3941176470588235
RANDOM_0264	0.0820728291316526	0.1772637410405594	0.2708683473389355	0.0638065025683068	0.1822026699409991	0.2053835211729948	0.4237537054158241	0.38143284473003464	0.1926806085305417	0.1890756302521008
RANDOM_0265	0.1277310924369748	0.2042397263310177	0.3478991596638655	0.0666374876901192	0.1790685985733345	0.2986103512419302	0.4391654487430366	0.4084842722953849	0.5606613499322187	0.4579831932773109
RANDOM_0266	0.0680672268907563	0.1906956908341628	0.2663865546218487	0.0855515903790752	0.2061891773988783	0.3692964219280009	0.4326962162750771	0.40876442534697094	0.5475335207073115	0.4134453781512605
RANDOM_0267	0.1086834733893557	0.2089370644514964	0.3168067226890756	0.1016522595469963	0.1678061649001937	0.3084582558266768	0.4371078211364702	0.39654508120990917	0.691164914517649	0.6436974789915967
RANDOM_0268	0.1077106242574161	0.2125601345066059	0.3249299719887955	0.0524127366232629	0.2054605606808722	0.227582171771915	0.4035441551536857	0.3645176170037933	0.5671739821330687	0.5173669467787115
RANDOM_0269	0.1243697478991596	0.2023516780073206	0.3529411764705882	0.0640113798008534	0.2102258443865358	0.2480577743735638	0.4872625033208818	0.42416533427704334	0.6797160330910684	0.4509803921568627
RANDOM_0270	0.1005602240896358	0.2059620488061308	0.3168067226890756	0.0215559689243899	0.1848812672313299	0.1557063136010504	0.4116898661503793	0.34574662754003377	0.4714954119840111	0.4473389355742297
RANDOM_0271	0.1005602240896358	0.1803177518607289	0.3145658263305322	0.0718897034686508	0.1825034457280717	0.1990370937739358	0.4048601354682411	0.3745712095899164	0.4750423570219463	0.4336134453781513
RANDOM_0272	0.1661064425770308	0.2587996023344518	0.4145658263305322	0.142356931830616	0.2569486524839022	0.3964328701170806	0.7131248467481052	0.6889308832775011	0.8994567531821741	0.8661064425770308
RANDOM_0273	0.1142857142857143	0.2421203896058874	0.3456582633053221	0.0683882262829631	0.2073089804340878	0.1782470729839151	0.5108504119597651	0.4439283588407556	0.6472011578592285	0.5605042016806723
RANDOM_0274	0.0879551820728291	0.2093805838419832	0.2834733893557423	0.0950869898238319	0.2038760011620539	0.349819455082613	0.4473564954705906	0.41573833390245213	0.7462578472381384	0.6957983193277311
RANDOM_0275	0.1476190476190476	0.2271670545731388	0.3829131652661064	0.0423459897144107	0.2159764854758605	0.1940037203195098	0.6141529797585777	0.5518733109571582	0.7281139404793056	0.7204481792717087
RANDOM_0276	0.0795573921693268	0.2182048883491684	0.2963585434173669	0.0215559689243899	0.1803230576887723	0.1600831600831601	0.5482758816871747	0.5129686880226813	0.3585816827442167	0.2663865546218487
RANDOM_0277	0.1092436974789916	0.208695248333759	0.299719887955182	0.0486924171134697	0.2137504597633871	0.1169712222343801	0.4602709580080144	0.40263294775682745	0.6840120158477475	0.6627450980392157
RANDOM_0278	0.1697478991596639	0.232903672966323	0.4257703081232493	0.1130320604004814	0.2242662814515153	0.3305613305613306	0.3341407227254903	0.2797357812274896	0.5522396568490093	0.4851540616246498
RANDOM_0279	0.1212885154061624	0.2039392874159077	0.3224089635854342	0.086989823831929	0.177931482874575	0.3040814093445672	0.4281934816827131	0.3833895138719256	0.3892440885117093	0.3638655462184874
RANDOM_0280	0.065266106442577	0.1801410809329227	0.1593837535014005	0.0178356494145967	0.2057002067578662	0.1574570521938943	0.4407624819615143	0.3932275283135274	0.2889682200935937	0.3098039215686274
RANDOM_0281	0.0983193277310924	0.1604382176977431	0.2627450980392157	0.0581026370500054	0.1572018697841683	0.1953167742641426	0.2560152905341243	0.24335591816798322	0.1432420848545877	0.1453781512605042
RANDOM_0282	0.1067525959527972	0.2261206757805546	0.3411764705882353	0.05109968267863	0.2002365084612228	0.2738811686180107	0.5410967494054212	0.5008400236953378	0.5714333213234349	0.430812324929972
RANDOM_0283	0.1375350140056022	0.2092059219911287	0.3039215686274509	0.0480358901411532	0.1887232988348579	0.215450268081847	0.5048582965702172	0.49195063073264983	0.631257835236695	0.4803921568627451
RANDOM_0284	0.0675070028011204	0.2204038929738445	0.2193277310924369	0.0368749316117737	0.1815006657159368	0.1887515045409782	0.4798164927347698	0.43367427813187187	0.2898495288505123	0.2733893557422969
RANDOM_0285	0.0605042016806722	0.2249611948284783	0.3481792717086834	0.063354852828537	0.1978518817377771	0.2076173848577669	0.5541006839158404	0.5059078884087254	0.7677975053037845	0.7585434173669467
RANDOM_0286	0.1123249299719888	0.1784139628328628	0.2893557422969188	0.0355618776671408	0.1720508040632577	0.179122442280337	0.3496655219192423	0.2809617527548887	0.357009669546237	0.2658263305322129
RANDOM_0287	0.107563025210084	0.2110128464222642	0.246218487394958	0.057446110077689	0.2246682412037651	0.2185140606193237	0.5253429247934011	0.5030191622187542	0.531988157320375	0.5159663865546219
RANDOM_0288	0.0633053221288515	0.2480871058939597	0.2521008403361344	0.0530692635955793	0.2085414711372496	0.2568114673377831	0.611168371672746	0.5686617156249321	0.6256531702905	0.6109243697478992
RANDOM_0289	0.0708683473389355	0.2781285840340448	0.2095238095238095	0.0596345333187438	0.2473102362540148	0.1714629609366451	0.6029419946472432	0.5974755254926005	0.257561425697678	0.3126050420168067
RANDOM_0290	0.1035086493188953	0.1884620580630715	0.3212885154061625	0.0598533756428493	0.1654403827431456	0.2371156581682897	0.4045653158387778	0.38538004060176534	0.2965158004532001	0.3266106442577031
RANDOM_0291	0.0854341736694677	0.2192121102508457	0.3044817927170868	0.0724443253050599	0.2084342767296227	0.2716927453769559	0.4549235722217454	0.4179709387664591	0.6836535870294267	0.4565826330532213
RANDOM_0292	0.0859943977591036	0.1997951292207422	0.2663865546218487	0.0567895831053725	0.1637584424418317	0.2482766166976693	0.4923493315218446	0.48205995223564024	0.6771031288974605	0.5599439775910364
RANDOM_0293	0.111484593837535	0.2640438322296652	0.3064425770308123	0.0436590436590436	0.2154272391682179	0.2469635627530364	0.5458070836978539	0.5228853815866203	0.6518456483525679	0.4773109243697479
RANDOM_0294	0.0896609729787273	0.1953247503687619	0.2493695810970854	0.0560267003081857	0.2243076913462105	0.2152314257577415	0.4553819698766753	0.3995292382532319	0.6471993315433461	0.4324929971988795
RANDOM_0295	0.0697478991596638	0.20392239767402	0.2492997198879551	0.0543823175402122	0.2183847060861505	0.2362402888718678	0.491466321262707	0.4093036715534095	0.6515573565369032	0.5288515406162465
RANDOM_0296	0.1332026055511088	0.2347846575920396	0.3630252100840336	0.0782361308677098	0.2151703858008707	0.2314257577415472	0.5435567265543061	0.4823194410651281	0.5635927789560347	0.4095238095238095
RANDOM_0297	0.1184873949579832	0.1913717752560976	0.3278229324534719	0.0817696760115971	0.1902440616818417	0.2466261234873273	0.4715937300438529	0.43061039509062216	0.3158785909110612	0.334453781512605
RANDOM_0298	0.1238095238095238	0.1827302915237957	0.3834733893557423	0.1125943757522705	0.1739612287524707	0.2419301892986103	0.3569634085074863	0.3117716740064186	0.4361147623406867	0.3711484593837535
RANDOM_0299	0.1145658263305322	0.1694053035263456	0.2977799573098396	0.0535069482437903	0.1547456435953501	0.0909289856658277	0.2672946082847663	0.24175923384909323	0.0274849193241474	0.0801120448179271
RANDOM_0300	0.0985994397759103	0.1850217393910117	0.3173669467787114	0.0583214793741109	0.1977112096027494	0.1929095086989823	0.4606970806072289	0.45045378244420603	0.496528071850955	0.4476190476190476
RANDOM_0301	0.1016806722689075	0.228734577505251	0.3901960784313725	0.0572272677535835	0.2142251327797143	0.2185140606193237	0.5369390756439911	0.5020420087046065	0.6532153919759497	0.5784313725490197
RANDOM_0302	0.0952647837898978	0.1934777062290773	0.3276178371408939	0.0528504212714739	0.1904444249120442	0.2365250240061671	0.4237266901396526	0.3779461600506407	0.4276610102208362	0.4011204481792717
RANDOM_0303	0.1271708683473389	0.2040861136196674	0.3333333333333333	0.1333843965422912	0.1951147993719709	0.3642630484735747	0.4640238305377578	0.4173289117326045	0.6520501374676188	0.4549019607843137
RANDOM_0304	0.1420267529220025	0.2848069609973996	0.4196078431372549	0.0823941350257139	0.29504954554081	0.3502571397308239	0.6542502350995303	0.6042496256090459	0.8263900875745781	0.6812324929971989
RANDOM_0305	0.1966386554621849	0.2442464130466358	0.476750700280112	0.1042783674362621	0.1850139642382594	0.3314366998577525	0.4943682712620503	0.46717419769530033	0.6393996171857046	0.5518207282913166
RANDOM_0306	0.0778711484593837	0.2539828789961386	0.265266106442577	0.0850667961917063	0.2020701796415284	0.2924827661669767	0.5739439007790241	0.5555712755957439	0.7250144906309696	0.6703081232492997
RANDOM_0307	0.1126050420168067	0.231424710702698	0.3106442577030812	0.0465039938724149	0.195793044772651	0.1624904256483204	0.5112988144192687	0.4531877977964606	0.4782511521861007	0.3932773109243697
RANDOM_0308	0.0980392156862745	0.2284065062764104	0.2450980392156862	0.0351241930189298	0.2128508317219849	0.100120363278258	0.4680526049692801	0.44513186462942406	0.4045679003628903	0.3582633053221288
RANDOM_0309	0.1165266106442577	0.2096631229915704	0.284313725490196	0.0921442229719687	0.1933967692898235	0.2749753802385381	0.487047239594258	0.44393586612262537	0.3886075343890197	0.2358543417366946
RANDOM_0310	0.1750700280112045	0.2707668840197144	0.4282913165266106	0.1526425210635736	0.2496337732752201	0.3765182186234818	0.5877359044110045	0.5614202439226246	0.8460041187436135	0.726890756302521
RANDOM_0311	0.1302521008403361	0.2384321663568423	0.298963306775944	0.1049348944085786	0.212362647267404	0.3242149031622716	0.485744047691952	0.4469172258564822	0.7091075846802944	0.6319327731092437
RANDOM_0312	0.1288515406162465	0.2587905348836172	0.3647058823529411	0.0931174089068825	0.1926894171522266	0.3460991355728198	0.4659253508346763	0.4021048015661109	0.4970788917602385	0.4081232492997199
RANDOM_0313	0.1148459383753501	0.2191560184354965	0.3361344537815126	0.0651055914213808	0.2278810246251339	0.3721413721413721	0.5277417848547432	0.49369121288517903	0.6802022782231206	0.5829131652661065
RANDOM_0314	0.0817927170868347	0.1851415336107252	0.2215686274509803	0.0060181639129007	0.1672390694974838	0.0589780063464274	0.4365142655782599	0.41493031996851404	0.2619281420521078	0.2408963585434173
RANDOM_0315	0.0946778711484594	0.2395630218670588	0.2560224089635854	0.0432213590108326	0.1845022261977435	0.1511106247948353	0.5272376692653477	0.4905294676864707	0.5910781858448808	0.465266106442577
RANDOM_0316	0.0868347338935574	0.1895781805525519	0.2338935574229692	0.0533989171236596	0.1886099227869658	0.1775905460115986	0.4644246534195312	0.4160402118667864	0.2955259958949375	0.2364145658263305
RANDOM_0317	0.1058823529411764	0.2494254954679078	0.3476190476190476	0.0424064773199834	0.2036368951805672	0.1975051975051975	0.5516083161002885	0.5185127478580056	0.7071651450698543	0.7784313725490196
RANDOM_0318	0.1044817927170868	0.2290087648924216	0.3535014005602241	0.0817376080533975	0.19194239608519	0.2959842433526644	0.5359026937588452	0.4576630462275927	0.7088231138570733	0.6991596638655462
RANDOM_0319	0.0759103641456582	0.2207748706556812	0.2686274509803921	0.0883028777765619	0.1788727254466539	0.2644709486814749	0.5102132376923316	0.4844748682860844	0.6138218334871889	0.538375350140056
RANDOM_0320	0.192436974789916	0.2627406622662506	0.4535014005602241	0.1259713283981496	0.2320080863944098	0.3165554218185797	0.5795305696353457	0.5055054793737421	0.8072463891425695	0.5394957983193277
RANDOM_0321	0.0961457839439982	0.2849260424324316	0.3675070028011205	0.0983696246854141	0.2142196607521987	0.2716927453769559	0.559917039019439	0.5184308498384911	0.7851083491484692	0.6627450980392157
RANDOM_0322	0.1210423135212819	0.2045203532758747	0.3196078431372549	0.1202538570959623	0.2098219890386497	0.3550716708611445	0.4414504635045565	0.4221538009562205	0.6367786899140027	0.4834733893557423
RANDOM_0323	0.0655462184873949	0.1873622104814734	0.1946778711484593	0.0537257905678958	0.1803331208660696	0.2060400481453113	0.3976168695845297	0.3396075121634341	0.3342622503660041	0.3543417366946779
RANDOM_0324	0.1504201680672269	0.2045281175847144	0.3658263305322128	0.045190939927782	0.1991085146959792	0.2860425675890575	0.5128025986976479	0.4792401157945716	0.3937550526788669	0.2663865546218487
RANDOM_0325	0.0946778711484594	0.2445360535520976	0.3280112044817927	0.0578837947258999	0.2023596273879033	0.257686836634205	0.5670872125549151	0.5135780191432066	0.6114091773364569	0.6630252100840336
RANDOM_0326	0.0549019607843137	0.2317301481513227	0.2319327731092437	0.0524127366232629	0.2047746018630533	0.3014553014553014	0.4895656721852315	0.4594798502011601	0.5977427516864678	0.4871148459383753
RANDOM_0327	0.1182072829131652	0.243054649460523	0.3871148459383753	0.0742969690338111	0.1810893729705164	0.263595579385053	0.5193679166409134	0.46198698374867725	0.6700184299712669	0.5700280112044818
RANDOM_0328	0.1159663865546218	0.2320706351612475	0.2675070028011204	0.0918043549622497	0.2000883894769877	0.3471933471933472	0.4330209046145478	0.37792857438175986	0.5280555231182088	0.573109243697479
RANDOM_0329	0.0927170868347339	0.2070977816017787	0.2807509216396401	0.0401575664733559	0.2011860383103866	0.2309880730933362	0.4679730636734615	0.44580636711631316	0.564889315403015	0.5128851540616246
RANDOM_0330	0.1470588235294118	0.1981246386927753	0.3789915966386554	0.1430146145545115	0.2073731703930939	0.3668891563628406	0.491573561804929	0.44319777443743136	0.7810948801262609	0.5683473389355742
RANDOM_0331	0.057703081232493	0.1933111703778943	0.2683473389355742	0.0581026370500054	0.1858732873859333	0.233614180982602	0.4188288686219674	0.3592927580115541	0.6610010218448793	0.5742296918767507
RANDOM_0332	0.0955182072829131	0.2222558276707301	0.3257703081232493	0.099682678630047	0.2170739418451256	0.3631887076618523	0.4477922454976721	0.4020826322989936	0.6380404673988798	0.6067226890756302
RANDOM_0333	0.1123249299719888	0.2652282353857426	0.4078431372549019	0.1034029981398402	0.2372163215761438	0.3592296750191487	0.545741954315745	0.48958656627513775	0.7002659112773442	0.5599439775910364
RANDOM_0334	0.1134453781512605	0.2404327804269153	0.3296918767507003	0.0689036484499758	0.2148335250511228	0.28263486158223	0.5612445702867299	0.5404273541071906	0.65165369348997	0.5868347338935574
RANDOM_0335	0.0896421320217767	0.1679990752491184	0.2313725490196078	0.0226501805449173	0.1903920398623034	0.1751832804464383	0.354675839484782	0.3152670136482113	0.3316026924303532	0.2893557422969188
RANDOM_0336	0.1016806722689075	0.2669114829181053	0.3411764705882353	0.0686070686070686	0.2179558578027291	0.3535397745924061	0.5229313527151029	0.4496340751695095	0.6467063186271033	0.6669467787114846
RANDOM_0337	0.103921568627451	0.2290173448128556	0.3322128851540616	0.063354852828537	0.1971131729606787	0.2446750382362743	0.4032701083737305	0.3577849469636691	0.6212739588033529	0.6330532212885154
RANDOM_0338	0.0924369747899159	0.2076910402495112	0.2946778711484594	0.081956450377503	0.1898728991604696	0.2713144423101762	0.3945590988050781	0.3472747102561101	0.5582789864255813	0.4277310924369747
RANDOM_0339	0.103641456582633	0.2290425855961363	0.3364145658263305	0.0344676660466134	0.2114172891085528	0.2548418864208338	0.4729099840051471	0.45772616111084363	0.7340910653985232	0.5044817927170868
RANDOM_0340	0.0593837535014005	0.200408235720072	0.2137254901960784	0.0734215997373892	0.1504243844931636	0.2452128241601925	0.3250444546326163	0.28298242415322644	0.0844452403645583	0.0781512605042016
RANDOM_0341	0.1358543417366947	0.2581780937610822	0.3739495798319328	0.0828318196739249	0.2386498106298249	0.3454426086005033	0.5828175396328942	0.5094380594012238	0.8229672495604732	0.6319327731092437
RANDOM_0342	0.130532212885154	0.2143770017374887	0.3448179271708683	0.0585403216982164	0.2069602039855371	0.2778203304519094	0.4145981191368119	0.3562040129075599	0.2889016712251221	0.1957983193277311
RANDOM_0343	0.084593837535014	0.2141790400074799	0.2470588235294117	0.0287793401973688	0.178551680724474	0.1090928985665827	0.4767082078640801	0.42178497120760594	0.4180066373238933	0.3764705882352941
RANDOM_0344	0.0784313725490196	0.2267590035157388	0.2656206324494798	0.0309661888609257	0.2238711129556692	0.1406061932377721	0.5917473005771893	0.5573151967307909	0.7331595188156497	0.6633053221288515
RANDOM_0345	0.1145658263305322	0.2531999365010597	0.3810792806759928	0.0911478279899332	0.2505301444711761	0.2867928657402341	0.5019629387716456	0.45189790318198964	0.6033816381638892	0.67703081232493
RANDOM_0346	0.0798319327731092	0.263586549598769	0.2918767507002801	0.0335922967501914	0.2435198398008331	0.2487143013458803	0.6892965868192783	0.6530504717552417	0.7928721421690181	0.7602240896358543
RANDOM_0347	0.0913165266106442	0.1901783588183772	0.2638655462184874	0.0881356373655201	0.2219897572976326	0.2535288324762009	0.5164801048526256	0.47945090353097586	0.6001884530934928	0.5378151260504201
RANDOM_0348	0.115406162464986	0.2085098403847927	0.3025210084033613	0.0640113798008534	0.1981834531474091	0.2862614218871364	0.4750561600941094	0.4653413843946624	0.6045215065428011	0.3871148459383753
RANDOM_0349	0.1014005602240896	0.1979120328560804	0.3131652661064426	0.0351241930189298	0.1655974234036519	0.1539555750082065	0.3884987906206628	0.3255249826603261	0.2973395788947308	0.3014005602240896
RANDOM_0350	0.053501400560224	0.2157433898173611	0.2341736694677871	0.0386256702046175	0.219239498211623	0.1132509027245869	0.5921337009690725	0.5611548815553389	0.7451015355583334	0.7392156862745098
RANDOM_0351	0.0764920175724768	0.1918786462550976	0.242296918767507	0.0423552598523752	0.18186944424356	0.2056023634971003	0.3291651154195935	0.2909345274465334	0.4364987708280388	0.3700280112044818
RANDOM_0352	0.1011204481792717	0.2030114960304272	0.2708683473389355	0.0761612957314399	0.2165859899972909	0.1532990480358901	0.4942766878362055	0.4306134963077892	0.45662706267887	0.4159663865546218
RANDOM_0353	0.0887955182072829	0.2042271664631151	0.2862745098039215	0.0468684319836129	0.2167799349281527	0.2506838822628296	0.4616295189117456	0.4163889268241517	0.6312653129371498	0.592436974789916
RANDOM_0354	0.1543849878477462	0.2345024479929402	0.4098039215686274	0.1016522595469963	0.1827331151470647	0.2732246416456942	0.4352769323354562	0.40101060952289086	0.5534827685030662	0.5016806722689076
RANDOM_0355	0.0949579831932773	0.1978707423080042	0.2672268907563025	0.075172338330233	0.210153869788012	0.2430244009191377	0.4668792285580322	0.4538710437714282	0.6878155117408852	0.6411764705882353
RANDOM_0356	0.1320913293178316	0.2529613288278279	0.3329364809621301	0.0876463508042455	0.234244540151395	0.3097713097713098	0.5737381961285402	0.5308096836118849	0.7444013754840997	0.5084033613445378
RANDOM_0357	0.1207282913165266	0.2809783438381667	0.3773109243697479	0.1147827989933253	0.2421536681628312	0.3644818907976803	0.6197293411864966	0.6023772369066264	0.7696815019288844	0.6521008403361345
RANDOM_0358	0.048753154057183	0.2482992173410926	0.2484593837535014	0.0558078460101068	0.2430771714768132	0.263595579385053	0.6376599852015102	0.6001755358470593	0.7438775545136551	0.7406162464985995
RANDOM_0359	0.0742296918767507	0.2096021389272367	0.2436974789915966	0.0412517780938833	0.1994474497958881	0.1863442389758179	0.4898944622248288	0.4674532712819396	0.5970614743566524	0.5876750700280112
RANDOM_0360	0.1198879551820728	0.232088872995373	0.3798319327731092	0.0670751723383302	0.1758217654930743	0.1994747784221468	0.5744633066898599	0.5557121103450171	0.7770253198982824	0.6473389355742297
RANDOM_0361	0.1350140056022409	0.2103053567537783	0.4056022408963585	0.1034029981398402	0.2066594150185364	0.2957654010285589	0.4255282906470038	0.39182169963956714	0.561366993331072	0.4831932773109244
RANDOM_0362	0.1232492997198879	0.2147858571020725	0.3756302521008403	0.0799868694605536	0.1799909391252263	0.2487143013458803	0.4276012431937681	0.41192359676302015	0.5542300371299645	0.5092436974789916
RANDOM_0363	0.1193277310924369	0.2558487580000289	0.3145658263305322	0.0664186453660137	0.2645455105009486	0.269942006784112	0.5916541343688464	0.5300102568274393	0.3988682711492581	0.207563025210084
RANDOM_0364	0.0509803921568627	0.2506668312447325	0.1647058823529411	0.0205672940701277	0.2422728378399369	0.1459758168185932	0.5424194150863937	0.5407674038339175	0.3811702879635765	0.307563025210084
RANDOM_0365	0.103921568627451	0.2414803262562183	0.3672268907563025	0.0859003119959488	0.1952120681290402	0.2646897910055805	0.4520060937930411	0.37920283222725176	0.6889588039587896	0.5980392156862745
RANDOM_0366	0.1179271708683473	0.223802089884988	0.3586438919149095	0.0723273881168618	0.1817873083826446	0.2646897910055805	0.4484677567740234	0.40471679922371834	0.7231696107964024	0.6389355742296918
RANDOM_0367	0.0717086834733893	0.1729353693956651	0.2016806722689075	0.0502243133822081	0.1884767984050225	0.1734323175643209	0.4276237833184124	0.3988727375715296	0.4398755062262275	0.4854341736694678
RANDOM_0368	0.1448179271708683	0.2394285401079207	0.4061624649859944	0.1281321807637597	0.2213832448093773	0.3889922310974942	0.4755396700855175	0.4391833667947591	0.6777263501539548	0.6095238095238096
RANDOM_0369	0.0770308123249299	0.2267166108972253	0.246218487394958	0.0430025166867272	0.1653644099529126	0.2093226830068935	0.392603155439966	0.3956323758775515	0.4764327482442171	0.5708683473389355
RANDOM_0370	0.176750700280112	0.238662337470595	0.4431372549019607	0.1077798446219498	0.198917659477565	0.3191815297078455	0.3877111167498934	0.3666586203920958	0.5068999210386763	0.4543417366946778
RANDOM_0371	0.1467889911856594	0.2278517937648734	0.4232492997198879	0.0729839150891782	0.2048052357868804	0.2364591311959733	0.5228630901182867	0.5033709687188936	0.6391881843900368	0.6476190476190476
RANDOM_0372	0.1487394957983193	0.2473707933689221	0.407563025210084	0.1316336579494474	0.1811476245073939	0.367983367983368	0.4799395041041718	0.4290367850099969	0.7448517813449737	0.730532212885154
RANDOM_0373	0.1714285714285714	0.2511016274446008	0.4635854341736695	0.1027689638278562	0.2563754131538046	0.3141481562534194	0.5125896154646383	0.44160038268921475	0.6177587947658679	0.511484593837535
RANDOM_0374	0.065266106442577	0.1937824749978146	0.2215686274509803	0.0419083050661998	0.1963583008223473	0.1198161724477513	0.4591847501640873	0.43476842610751826	0.0351608166806919	0.0812324929971988
RANDOM_0375	0.0557422969187675	0.2056183930202098	0.2453781512605042	0.0346865083707189	0.1734036676553586	0.1406061932377721	0.50841680247027	0.45073977126947096	0.6011156607620936	0.5266106442577031
RANDOM_0376	0.0672268907563025	0.2258009937951858	0.315126050420168	0.0419083050661998	0.209769436588954	0.1528613633876791	0.5487912095978489	0.524384482131775	0.7344045015280135	0.688515406162465
RANDOM_0377	0.1173998364940211	0.2422526565682151	0.3240896358543417	0.0948681474997264	0.2112809646619481	0.2797899113688587	0.5068449563643462	0.4502953462610487	0.4184897728906448	0.3450980392156862
RANDOM_0378	0.0941176470588235	0.187486170247771	0.3173669467787114	0.0459311715387872	0.1904268231905365	0.1719006455848561	0.4648931159356075	0.44646161167435644	0.4528590255475698	0.4033613445378151
RANDOM_0379	0.1123249299719888	0.2275759614117374	0.3350140056022408	0.0303096618886092	0.2510330502961414	0.1751832804464383	0.4444835570663645	0.39955876468467827	0.1060998326440436	0.011204481792717
RANDOM_0380	0.1487394957983193	0.256473251424875	0.4011204481792717	0.0670751723383302	0.2343765466715133	0.3297040000557882	0.5708066468640811	0.5295774699640198	0.6756024257351526	0.6019607843137255
RANDOM_0381	0.1322128851540616	0.2210605235081255	0.3070028011204482	0.0482547324652587	0.2006433482351298	0.1594266331108436	0.4707769715017539	0.4189332758524897	0.3167394429162348	0.2717086834733893
RANDOM_0382	0.1106442577030812	0.2484961009387998	0.2871148459383753	0.1165335375861691	0.2371949528615038	0.3375642849327059	0.5379298832478534	0.5004429841488256	0.7646102580482071	0.6361344537815126
RANDOM_0383	0.0878907531830215	0.2830359874929716	0.2795518207282913	0.0598533756428493	0.2088493936601264	0.2729113097043265	0.5587013742148043	0.5335008423875613	0.4192124996644549	0.3364145658263305
RANDOM_0384	0.1131652661064426	0.2985966382174901	0.3708683473389356	0.045190939927782	0.2091461890914646	0.2443374548637706	0.6166261528776671	0.5828495932789526	0.7684342184939694	0.6047619047619047
RANDOM_0385	0.0742296918767507	0.2086004816949891	0.2260504201680672	0.0346865083707189	0.2121537286809106	0.1940037203195098	0.4477902718465609	0.3954364800204321	0.189574625938578	0.1658263305322128
RANDOM_0386	0.1212885154061624	0.2087936660256362	0.3621848739495798	0.026589342378816	0.1950175262257251	0.209541525330999	0.5026051067769248	0.4738115800543649	0.4577949712766338	0.2512605042016806
RANDOM_0387	0.1834862389820742	0.2185009556859291	0.4487394957983193	0.0802057117846591	0.1963733041033876	0.2776014881278039	0.4349244195616018	0.3994651289216957	0.6709763317477866	0.4871148459383753
RANDOM_0388	0.0803921568627451	0.2192979769802353	0.2935574229691877	0.0241820768136557	0.2054508164306599	0.0832695043221359	0.4720151268231253	0.4344452050322929	0.1870459484307948	0.1484593837535014
RANDOM_0389	0.134453781512605	0.1728425451155593	0.3523809523809524	0.045190939927782	0.1749907718909708	0.1861253966517124	0.4025828933630457	0.36680861469611276	0.3595526675652152	0.2372549019607843
RANDOM_0390	0.0717137056174213	0.1919229505630592	0.3028011204481792	0.0626983258562206	0.2031921328673598	0.2366779735200787	0.4657171324334443	0.4323834756352217	0.6151887055364319	0.4879551820728291
RANDOM_0391	0.0610644257703081	0.1990727402549028	0.230532212885154	0.0465039938724149	0.1821912665940986	0.215012583433636	0.4103269087800366	0.3719781665659498	0.528891090919707	0.4854341736694678
RANDOM_0392	0.091182856165901	0.2001966182160708	0.235730794051016	0.0314038735091366	0.2501991838611651	0.1322901849217638	0.5270835184037019	0.4824902973663735	0.3447838749113999	0.3148459383753501
RANDOM_0393	0.144828069547683	0.2354047844338758	0.3946778711484593	0.0690447532552795	0.2053072474394452	0.3233395338658497	0.5702913005931819	0.548062862220268	0.8446054373464006	0.7100840336134454
RANDOM_0394	0.1176470588235294	0.2222567371592339	0.3215686274509804	0.0583342467734263	0.2114069295411893	0.2752544664824902	0.574324607542502	0.5244802591047257	0.6417384292670659	0.5411764705882353
RANDOM_0395	0.0977591036414565	0.1905044753931625	0.2865546218487395	0.0598533756428493	0.1859558895258425	0.191377612430244	0.4453600072155736	0.40697675942172135	0.5089538389213336	0.4207282913165266
RANDOM_0396	0.1478991596638655	0.2703235477744634	0.4030812324929972	0.1452018820439873	0.2225868399267754	0.4086880402669876	0.5441588564755889	0.4821829154088982	0.6614750970395927	0.5095238095238095
RANDOM_0397	0.1722689075630252	0.2449970762533888	0.365266106442577	0.0699201225517014	0.2121508067198456	0.2835102308786519	0.5284576091870895	0.47312149658466174	0.724256186684382	0.588515406162465
RANDOM_0398	0.1159663865546218	0.2188005938335407	0.307843137254902	0.1128132180763759	0.2178832308993212	0.3385137434713091	0.4963556449071478	0.44670988697025393	0.5454470424360135	0.5817927170868348
RANDOM_0399	0.0815126050420168	0.2103740604015067	0.3120448179271708	0.0526315789473684	0.2195336033976778	0.136885873727979	0.528685265578121	0.50125933761157	0.6184439137465184	0.515686274509804
RANDOM_0400	0.1899159663865546	0.2224247831656994	0.3759103641456582	0.1053783445249665	0.1951632814793293	0.2931392931392931	0.3737555220199176	0.31838433874284117	0.6312788616455661	0.534733893557423
RANDOM_0401	0.088515406162465	0.2329912874009501	0.2994397759103641	0.0296531349162928	0.185011568348866	0.2277178971510439	0.4099118138874981	0.38467045964216084	0.2354830941876315	0.0663865546218487
RANDOM_0402	0.0946778711484594	0.2383935908208063	0.3436581082079935	0.1038406827880512	0.2391062462999732	0.3778312725681146	0.4943317870072043	0.4375304387862301	0.5976807071929476	0.4170868347338936
RANDOM_0403	0.1263305322128851	0.228976636858825	0.3820728291316526	0.0660532765666867	0.213555731623986	0.2487143013458803	0.4662044453857506	0.4697083533956086	0.6900031473756566	0.6019607843137255
RANDOM_0404	0.107563025210084	0.2131831983157146	0.3143737865066628	0.0813177211119245	0.2238276260848757	0.3292482766166976	0.4800319198622198	0.4341259722983098	0.7456659995324698	0.6619047619047619
RANDOM_0405	0.1467787114845938	0.2585952282116499	0.4148459383753501	0.0856814576978699	0.2031107602868785	0.3117408906882591	0.5446270502749747	0.5228143569387187	0.7336108865129731	0.6910364145658263
RANDOM_0406	0.1061624649859944	0.1603261956930007	0.2974789915966386	0.0445344129554655	0.1802688617409903	0.2318634423897581	0.3916517954109399	0.366978478972155	0.5622327861446955	0.4613445378151261
RANDOM_0407	0.0759103641456582	0.2197630988788736	0.2521008403361344	0.0445344129554655	0.2463170989968754	0.2176386913229018	0.546975353282373	0.5395186093853145	0.6680932029719779	0.5887955182072829
RANDOM_0408	0.0887955182072829	0.1768672414924301	0.2526610644257703	0.0616074849091964	0.1767583291690696	0.2709713391422516	0.3751273087359748	0.3729495530650663	0.5432486082065355	0.4644257703081232
RANDOM_0409	0.1145658263305322	0.2055442012842342	0.3002801120448179	0.1084363715942663	0.2090657604753996	0.3325309114782799	0.5622893140144429	0.5107289435637643	0.7136795636342947	0.6453781512605042
RANDOM_0410	0.0512605042016806	0.2244234201869084	0.2067226890756302	0.0338111390742969	0.1777935435396928	0.1784659153080205	0.4039108814485558	0.3680960561441521	0.5626684435183033	0.4977591036414566
RANDOM_0411	0.1319327731092437	0.2413761027961629	0.4156862745098039	0.0946493051756209	0.2034736841626378	0.3710471605208447	0.5017718392396004	0.4711963987585354	0.7696634629175171	0.8081232492997199
RANDOM_0412	0.1022408963585434	0.1849411386345788	0.3103641456582633	0.0728448240743726	0.1712561146568603	0.2220155378050115	0.4006113625090253	0.3351820249838911	0.4338628739153125	0.3994397759103641
RANDOM_0413	0.0616246498599439	0.251310722933743	0.2666666666666666	0.0653244337454863	0.2373546430229847	0.2957654010285589	0.5277327692587909	0.4722526333204257	0.5373623897152761	0.4910364145658263
RANDOM_0414	0.1140056022408963	0.2180222969664581	0.3372549019607843	0.1090928985665827	0.2487828870908829	0.331655542181858	0.4587480440950008	0.41515331508590064	0.653357788742422	0.6507002801120448
RANDOM_0415	0.0607843137254901	0.2249241716253266	0.2532212885154061	0.0775796038953933	0.2014349737933291	0.2747565379144326	0.5575041063788704	0.5050156955049738	0.6788126314393818	0.6095238095238096
RANDOM_0416	0.1515406162464986	0.2598276387691172	0.3974789915966386	0.1032972467701253	0.2262716672036234	0.3279352226720647	0.5126987342714675	0.4940093104428767	0.6040063164216093	0.4915966386554621
RANDOM_0417	0.1591036414565826	0.2671858397264283	0.4319327731092437	0.117408906882591	0.2809996492492738	0.3491629281102965	0.6503106181814554	0.6225361992636111	0.8409031399450814	0.6596638655462185
RANDOM_0418	0.0983193277310924	0.2422995351131154	0.2927170868347339	0.0749534960061275	0.2013504066243442	0.2465258781048254	0.5115724292804185	0.4535738460044878	0.7205854546141768	0.6260504201680672
RANDOM_0419	0.0923033828161732	0.2689316333673958	0.2644257703081232	0.0607287449392712	0.226042926707487	0.1999124630703578	0.5383318197500845	0.48257721549598753	0.5427382064870364	0.4644257703081232
RANDOM_0420	0.1140056022408963	0.2715936941970472	0.3817927170868347	0.0762665499507604	0.2431384456863631	0.324433745486377	0.6430258702744287	0.609278751905863	0.6980819841022626	0.5100840336134453
RANDOM_0421	0.12296918767507	0.2170228605448632	0.3831932773109244	0.0528504212714739	0.2083696338267952	0.2178575336470073	0.5212512236038087	0.49278687937174276	0.5469327108617186	0.5952380952380952
RANDOM_0422	0.1395348891981444	0.2454647467066273	0.411484593837535	0.086989823831929	0.189045629177139	0.2570303096618886	0.4478328333426733	0.38893854135957306	0.6960168965430877	0.7112044817927171
RANDOM_0423	0.1210168782293985	0.2139024103307627	0.3700280112044818	0.0690447532552795	0.2067877893346849	0.2843856001750738	0.4998375761476266	0.4686232868904697	0.5355133034656244	0.4532212885154061
RANDOM_0424	0.1195515360119977	0.2815243617305211	0.3504201680672268	0.1158770106138527	0.2411130520833614	0.3405147965045199	0.6511543053259438	0.6142893911711406	0.8638468777987931	0.7801120448179272
RANDOM_0425	0.0971988795518207	0.2414570768239675	0.3210084033613445	0.063792537476748	0.2384476794776541	0.2784768574242258	0.5514427964631733	0.5061321668760851	0.7803208893223904	0.6366946778711484
RANDOM_0426	0.0933604146238969	0.2181071246101968	0.2450980392156862	0.0413634623369027	0.2294524683595292	0.2368968158441842	0.5137004280841297	0.49231675856600193	0.4951237060818913	0.5
RANDOM_0427	0.1689075630252101	0.3117240782920334	0.4658263305322129	0.1362293467556625	0.2585850991390416	0.3894299157457052	0.5850245422136416	0.5618236235440958	0.7236901291564436	0.6456582633053222
RANDOM_0428	0.0778711484593837	0.2255036295962246	0.3173669467787114	0.0530692635955793	0.1764972415331686	0.2377721851406062	0.4466316910564588	0.3902526803928418	0.6468202648651848	0.6456582633053222
RANDOM_0429	0.1109243697478991	0.205372856630993	0.3072829131652661	0.0542148708982311	0.1843261437752965	0.2548418864208338	0.4237421871953246	0.3503817683748475	0.3947332591289204	0.2694677871148459
RANDOM_0430	0.0971988795518207	0.2110656252581478	0.3338935574229691	0.0508808403545245	0.1657516000290281	0.1830616041142357	0.3716250440340028	0.32731046582401113	0.5044195063699672	0.4591036414565826
RANDOM_0431	0.0834733893557422	0.1932687041510306	0.2722689075630252	0.0272458693511325	0.2193295321348901	0.2106357369515264	0.3597605400587286	0.3370796915140931	0.3307824646458372	0.2952380952380952
RANDOM_0432	0.0913165266106442	0.2328845208038409	0.2464985994397759	0.0486924171134697	0.2056513337711348	0.2119487908961593	0.4946766195307517	0.47201682485076124	0.6640408123390921	0.6596638655462185
RANDOM_0433	0.0980392156862745	0.2045907416289797	0.2799915967367682	0.0548320030647028	0.2180037840759784	0.2537476748003063	0.5597489013281978	0.5288407421477654	0.6930381313414863	0.5899159663865546
RANDOM_0434	0.0462184873949579	0.2166080757058109	0.1596638655462184	0.0237443921654447	0.1838199477872079	0.0098532968561822	0.4549183810373608	0.42816226921837586	-0.1658403995107792	-0.1638655462184874
RANDOM_0435	0.0871148459383753	0.2244264120268563	0.2095238095238095	0.0335922967501914	0.2446869628431668	0.1502352554984134	0.6796790724737081	0.6529249381244239	0.329524300238986	0.3
RANDOM_0436	0.1546218487394958	0.1962330147544757	0.3064425770308123	0.081956450377503	0.180839744610186	0.2482766166976693	0.2891859376957904	0.26880394358598286	0.2567465951957912	0.3212885154061625
RANDOM_0437	0.0893557422969187	0.1864268221417281	0.2532212885154061	0.0598533756428493	0.1938312138482871	0.2314257577415472	0.3581428621375292	0.3158091636785558	0.0300335553259243	0.072829131652661
RANDOM_0438	0.0910364145658263	0.1971813928958745	0.3224089635854342	0.0620417988839041	0.1733609804586219	0.2999234051865631	0.5072326119327032	0.4556747545702492	0.7464240633417387	0.6299719887955182
RANDOM_0439	0.1394957983193277	0.2567037681750184	0.4056022408963585	0.136448189079768	0.235457542892123	0.3999343473027683	0.5132874284084991	0.48559888901877163	0.6629703283302252	0.5677871148459384
RANDOM_0440	0.0403361344537815	0.1836822825739087	0.1464985994397759	0.0373126162599846	0.2281154996288357	0.1292263923842871	0.4684990228713052	0.4487385456269738	-0.0095398633360697	0.0089635854341736
RANDOM_0441	0.1280112044817927	0.3039641581384111	0.372829131652661	0.0970565707407812	0.246193415205022	0.397964766385819	0.6334815130762672	0.5891503063540158	0.7717945069382807	0.7053221288515407
RANDOM_0442	0.1487394957983193	0.2312555051507196	0.3932773109243697	0.1154393259656417	0.2136467300519958	0.3658857565928993	0.4200333964437898	0.3617011776854266	0.503505868486161	0.3991596638655462
RANDOM_0443	0.0941176470588235	0.1880547979788038	0.2495798319327731	0.0314038735091366	0.1720902511213734	0.2064777327935222	0.4022390417343974	0.36331913925159515	0.46084507372466	0.4156862745098039
RANDOM_0444	0.1022408963585434	0.2255511555075061	0.3394957983193277	0.0491148193284046	0.1921566192337009	0.1532990480358901	0.5118272055318055	0.4483719108577502	0.4961544072147132	0.4123249299719888
RANDOM_0445	0.0971988795518207	0.2204153839474222	0.2879551820728291	0.0622640478034329	0.2036479877320058	0.2465258781048254	0.5650113969934606	0.4913084786969162	0.7545681971099746	0.6282913165266106
RANDOM_0446	0.0868347338935574	0.1831422541144451	0.2759103641456583	0.0559142138089506	0.1940297426552739	0.2040704672283619	0.4672325197900226	0.42811435497125677	0.4673012021812912	0.3773109243697479
RANDOM_0447	0.1210084033613445	0.2014646657917269	0.3263305322128851	0.063354852828537	0.181174890260321	0.331217857533647	0.4754668721914811	0.39794840942975435	0.4857907969145053	0.3358543417366946
RANDOM_0448	0.0756302521008403	0.2124866622738794	0.2310924369747899	0.032935769777875	0.2106831342914136	0.1537367326841011	0.5000647409831115	0.44925622246677593	-0.0326605055275483	-0.1092436974789916
RANDOM_0449	0.0957983193277311	0.2351414656732885	0.264891445559995	0.0323785965415049	0.2214830158070229	0.2193894299157457	0.5793683713035993	0.550047106939477	0.5789468238189426	0.5240896358543418
RANDOM_0450	0.0901960784313725	0.2031005287503547	0.2834733893557423	0.0513185250027355	0.2144935498352468	0.2705985337564285	0.4241220343228948	0.3761261070726018	0.4075809516457631	0.3518207282913165
RANDOM_0451	0.1128851540616246	0.2231677285745359	0.3306954276615857	0.0716708611445453	0.1812085103471346	0.2786956997483313	0.4541281270341131	0.42817771364051865	0.4791876586457048	0.4927170868347339
RANDOM_0452	0.0957983193277311	0.1918263068946823	0.3131044917359941	0.1036218404639457	0.2305065239147481	0.3264033264033264	0.4816829131856003	0.4455836282478789	0.5802054135808729	0.4988795518207283
RANDOM_0453	0.0742296918767507	0.2315984485226128	0.215126050420168	0.0403764087974614	0.1936949203697844	0.1208075725395254	0.6108133234280362	0.5800051279865412	0.4475374737721415	0.3658263305322128
RANDOM_0454	0.0565826330532213	0.2123472501055839	0.1582633053221288	0.0502243133822081	0.2018372898332203	0.1951406416454394	0.579750342732013	0.529453851582838	0.4797416615390123	0.4854341736694678
RANDOM_0455	0.088515406162465	0.19838712862201	0.2582633053221289	0.038844512528723	0.1975185313739709	0.1329467118940803	0.4657388249267867	0.4298883853269857	0.1873509661895122	0.1557422969187675
RANDOM_0456	0.0694677871148459	0.1881658268195838	0.2243697478991596	0.0493489440857861	0.1573450338974336	0.1611773717036874	0.381730859024963	0.3500760930305971	0.5381384239401763	0.534453781512605
RANDOM_0457	0.1016806722689075	0.1843263202707916	0.307563025210084	0.0664186453660137	0.1808037242487253	0.2263923842871211	0.3582014413017357	0.3034664853408198	0.328752467654665	0.249859943977591
RANDOM_0458	0.1256390506617714	0.2872833374304931	0.4	0.0931174089068825	0.245569196871978	0.300361089834774	0.645562776636763	0.5945019844069956	0.8511848461087382	0.7949579831932773
RANDOM_0459	0.1047619047619047	0.1833746539558717	0.2294117647058823	0.0357807199912463	0.1886057316031925	0.1662107451581135	0.4913234333248218	0.4400472277219866	0.6659524651157083	0.5935574229691877
RANDOM_0460	0.102107991006055	0.2292704900450981	0.3070028011204482	0.0935550935550935	0.1819673441910557	0.3143669985775248	0.4584751293169042	0.43152446680437123	0.617811426549961	0.6277310924369748
RANDOM_0461	0.1512605042016807	0.2612374783079786	0.3977591036414565	0.1086552139183718	0.2247243067606856	0.3561658824816719	0.5146954970095254	0.49233735101603454	0.8124693655901694	0.838375350140056
RANDOM_0462	0.0602240896358543	0.2171876773569518	0.1848739495798319	0.05109968267863	0.1636761948593613	0.1659919028340081	0.4116407202872695	0.3805133771060299	0.3948511258181478	0.4403361344537815
RANDOM_0463	0.1381049096460497	0.2229890950033597	0.3661064425770308	0.0513185250027355	0.1636386888735956	0.2075719444140496	0.4907604443855487	0.4639542721311341	0.4649315536422402	0.4070028011204482
RANDOM_0464	0.1352941176470588	0.2176530629864612	0.3619047619047619	0.1496000918171905	0.1891697806249817	0.3760805339752708	0.3750971399381022	0.3508089199071627	0.530780462103872	0.4904761904761904
RANDOM_0465	0.1338935574229692	0.1966993590627683	0.3319327731092437	0.0300908195645037	0.1650607520458785	0.1898457161615056	0.3488977763726603	0.3220652648265903	0.3858742402004169	0.3823529411764705
RANDOM_0466	0.1355742296918767	0.2122336723427089	0.4016806722689076	0.0922420396104606	0.1966789976232889	0.2942335047598206	0.4110965442493358	0.3667496910973363	0.6356076878057272	0.5697478991596638
RANDOM_0467	0.1355742296918767	0.1968184581410635	0.3406162464985994	0.0902724586935113	0.1864443318057623	0.3318743845059634	0.3261218534805577	0.2851528239558002	0.4563821968693949	0.3994397759103641
RANDOM_0468	0.1102385375963048	0.184807686187007	0.3310924369747899	0.038844512528723	0.1649602966467865	0.1399496662654557	0.4350445162438419	0.38237684726452065	0.2186365848434496	0.2310924369747899
RANDOM_0469	0.096078431372549	0.2215200464406429	0.2955182072829131	0.0386256702046175	0.1985197153084678	0.294890031732137	0.5472573915687966	0.51911953867322	0.6738622284111759	0.5535014005602241
RANDOM_0470	0.0932773109243697	0.2176969782204378	0.3831932773109244	0.1034029981398402	0.1784654637709299	0.2786956997483313	0.333461614609653	0.32080631103255	0.4634781893641809	0.4028011204481793
RANDOM_0471	0.1224089635854341	0.2117623182919883	0.3380952380952381	0.0839260312944523	0.1872091593388696	0.3393150235255498	0.4750569483666887	0.4340257572881462	0.6910495525667403	0.6201680672268908
RANDOM_0472	0.1299719887955182	0.2142358218775899	0.4098039215686274	0.0833197827892579	0.1837598594563448	0.2892122097859846	0.4593679776721239	0.4399629154457463	0.7088678569451154	0.6554621848739496
RANDOM_0473	0.0899159663865546	0.2060135516249197	0.2579831932773109	0.0528533129860423	0.2018787652338637	0.2705985337564285	0.5188898541271956	0.4936673434149195	0.6438438059244567	0.6507002801120448
RANDOM_0474	0.0928636461413093	0.2250748225130244	0.3246498599439776	0.0620417988839041	0.2304972560693296	0.2119487908961593	0.5468583663436405	0.5050160422202077	0.4238180325201908	0.3896358543417367
RANDOM_0475	0.1697478991596639	0.2286312968176274	0.4169235243510822	0.1294452347083926	0.2166110415679575	0.4005908742750848	0.4413036300781216	0.38492957180407866	0.6960389477443005	0.573109243697479
RANDOM_0476	0.0596638655462184	0.1821061226388074	0.257422969187675	0.0432213590108326	0.1934873428601501	0.1131476721067657	0.4064841282322596	0.35406525152512464	0.509092389819639	0.4913165266106442
RANDOM_0477	0.0560224089635854	0.1747755446302691	0.2011204481792717	0.0180643775696673	0.200591217643054	-0.0285589232957654	0.4128911854057444	0.3692004950530339	0.2063502495913948	0.2745098039215686
RANDOM_0478	0.1291316526610644	0.2612661367179879	0.3736694677871148	0.0959623591202538	0.2302821385726843	0.3460991355728198	0.4915893881944277	0.47745462196793714	0.7334835454035432	0.6226890756302521
RANDOM_0479	0.1243697478991596	0.3206286756806749	0.4350140056022409	0.1176277492066965	0.2603680923796351	0.3769559032716927	0.6499154169980267	0.5762551820169516	0.8302236428718466	0.6840336134453782
RANDOM_0480	0.1158092970738708	0.2619444200277363	0.3938375350140056	0.0379691432323011	0.2387443072562697	0.2675347412189517	0.5428823180096021	0.48356658244546374	0.608843681839111	0.5703081232492997
RANDOM_0481	0.1002801120448179	0.2064136550268427	0.226610644257703	0.0285589232957654	0.2350137942344688	0.1782470729839151	0.5830955862978977	0.4793289372234494	0.5096347849249269	0.4969187675070028
RANDOM_0482	0.1526610644257703	0.2157146795580514	0.3675070028011205	0.0948681474997264	0.1891014408476251	0.2843856001750738	0.4176964673187814	0.40714091788672835	0.6663198147102841	0.599719887955182
RANDOM_0483	0.1142857142857143	0.2210674470025759	0.3369747899159664	0.0955246744720429	0.2345504640319502	0.3296859612649086	0.4176000062985207	0.37547121200296757	0.5658350452043701	0.4246498599439776
RANDOM_0484	0.1259191823243395	0.2197632454399825	0.3893557422969187	0.0942116205274099	0.2190062715331705	0.2819783346099135	0.497396778613228	0.39528526640839157	0.5349285553622766	0.2630252100840336
RANDOM_0485	0.1033613445378151	0.2245762084732611	0.2857142857142857	0.0784549731918153	0.1953741020838874	0.2935769777875041	0.5068706266588748	0.4818990678860562	0.7031181221906829	0.6420168067226891
RANDOM_0486	0.0753501400560224	0.2262470315818489	0.2092436974789916	0.0504431557063136	0.1773857681783197	0.1406061932377721	0.4534939734816295	0.42753593280130603	0.133581895101598	0.0464985994397759
RANDOM_0487	0.1182072829131652	0.2373155131390385	0.3563025210084034	0.0738592843856001	0.1890017740770611	0.2909508698982383	0.4670759329732323	0.42157776385539986	0.5645021973727758	0.4994397759103641
RANDOM_0488	0.0501400560224089	0.243215484404299	0.1661064425770308	0.0866805085762885	0.2191947944427051	0.3128351023087865	0.5387321741736739	0.5209198972824937	0.4944740892235909	0.5064425770308123
RANDOM_0489	0.1119125991959369	0.2368104531646347	0.3137254901960784	0.0799868694605536	0.1953088861997325	0.3200568990042674	0.5549210427213862	0.5490840871059187	0.696383118927179	0.5915966386554622
RANDOM_0490	0.0817927170868347	0.170266281527544	0.2414565826330532	0.0484735747893642	0.1861877687489064	0.196848670532881	0.385295368244585	0.3578682823363864	0.5538044811449272	0.3910364145658263
RANDOM_0491	0.1109243697478991	0.2703031848163889	0.3501400560224089	0.0763801500295188	0.2320616909624314	0.3084582558266768	0.5783830899060534	0.525649630385077	0.7122781047328717	0.7204481792717087
RANDOM_0492	0.126890756302521	0.2262299979635681	0.3403361344537815	0.1204726994200678	0.2058412725202003	0.3819892767261188	0.3972246147180926	0.3680197023183799	0.5140991185007647	0.2801120448179272
RANDOM_0493	0.0910364145658263	0.2078532493912834	0.2669467787114846	0.0314038735091366	0.2212966248393321	0.2187329029434292	0.4919994882147457	0.46192635432214313	0.2766297124612853	0.2226890756302521
RANDOM_0494	0.0854341736694677	0.198206602989	0.2935574229691877	0.0432213590108326	0.2138488146319412	0.2561549403654666	0.467488604525154	0.45184850782218766	0.5617937541794902	0.5204481792717087
RANDOM_0495	0.0565826330532213	0.2280102331949415	0.1899159663865546	0.011604994075059	0.196070571284036	0.0970565707407812	0.5665241678205833	0.5257820946528864	0.2574547504900085	0.2487394957983193
RANDOM_0496	0.0666666666666666	0.2095051862175562	0.2187675070028011	0.0449720976036765	0.204089300277285	0.1826239194660247	0.5072476221796471	0.49157989540821284	0.3343150339847442	0.3535014005602241
RANDOM_0497	0.1226890756302521	0.2049691283466842	0.403921568627451	0.0744566676746448	0.2048333642292771	0.2423678739468213	0.4909738645758112	0.4486609539206701	0.6289511919479632	0.434453781512605
RANDOM_0498	0.1700280112044818	0.2295941157508138	0.3673297986722237	0.0990261516577306	0.1964755183417976	0.2697231644600065	0.5380970205209294	0.48210739625500093	0.5671814596740768	0.5291316526610644
RANDOM_0499	0.1795518207282913	0.278702191396724	0.3672268907563025	0.0742969690338111	0.2988936191705594	0.3014553014553014	0.6048393340879017	0.5703240223616619	0.7690706531211188	0.5873949579831933
RANDOM_0500	0.1159663865546218	0.2409209606419246	0.4210084033613445	0.0386256702046175	0.2349898773719017	0.1462960936645147	0.5040215145016954	0.4496806024585328	0.5233197470328806	0.4389355742296918
RANDOM_0501	0.1501400560224089	0.223825898593421	0.3686274509803922	0.1202538570959623	0.2214536704539385	0.2861363387679177	0.5038316125381693	0.48406332800069696	0.682780923593976	0.6285714285714286
RANDOM_0502	0.0823529411764705	0.2353350470390988	0.315406162464986	0.021118284276179	0.2102749495588363	0.1565816828974723	0.5736098936610892	0.49511982491869944	0.4672462410749265	0.3733893557422969
RANDOM_0503	0.088235294117647	0.2022768567587532	0.280672268907563	0.0448651311061643	0.1940280884112311	0.20997920997921	0.4257925234819691	0.3826738815459921	0.4000762625835243	0.3142857142857143
RANDOM_0504	0.1378151260504201	0.254067794848947	0.4184873949579832	0.0581026370500054	0.220102154981696	0.300361089834774	0.578127711913986	0.5127065425934952	0.7915657827074042	0.6588235294117647
RANDOM_0505	0.1294117647058823	0.2043958487861809	0.3330532212885154	0.0462851515483094	0.1950663237692616	0.2561549403654666	0.4554909670833211	0.4261258890284305	0.6168448314633669	0.507563025210084
RANDOM_0506	0.1131652661064426	0.2204710371296172	0.3445378151260504	0.0970565707407812	0.2319445268040329	0.3603238866396761	0.5866026234317019	0.5354950275355836	0.7174594414685914	0.5773109243697478
RANDOM_0507	0.1260504201680672	0.1948334108114302	0.2599439775910364	0.1134697450486924	0.1736306091337011	0.2800087536929642	0.3230193679182414	0.296195342951479	0.3145257049477594	0.3134453781512605
RANDOM_0508	0.0521008403361344	0.2197076406521292	0.1341736694677871	0.0545215759375415	0.2014954204765266	0.1620527410001094	0.4677340943659639	0.41506685974503105	0.1620879335482169	-0.0338935574229691
RANDOM_0509	0.1061624649859944	0.2006847522874931	0.2649859943977591	0.0353430353430353	0.17406953480993	0.1716818032607506	0.3989874107361412	0.3720287999583003	0.4405788589856527	0.4249299719887955
RANDOM_0510	0.1117647058823529	0.1672515751966506	0.27703081232493	0.0508808403545245	0.1687297848714448	0.1810920231972863	0.4280883739923042	0.38107785937893784	0.5608328559049356	0.4697478991596638
RANDOM_0511	0.0927170868347339	0.2710252237614857	0.3434173669467787	0.0622606412080096	0.2039448079284716	0.2143560564613196	0.545952563307796	0.5056499140863783	0.4245167298687988	0.2487394957983193
RANDOM_0512	0.0927170868347339	0.2792370157455009	0.3865546218487395	0.1036218404639457	0.2261492790388093	0.3760805339752708	0.5889934038864952	0.5373625202336595	0.7408077411326363	0.6456582633053222
RANDOM_0513	0.1392156862745098	0.2206082206529797	0.3775910364145658	0.0213371266002844	0.1746713169127511	0.0893970893970894	0.3783093405815408	0.3457293764163031	0.4129640758261229	0.3162464985994397
RANDOM_0514	0.1218487394957983	0.2380440685746782	0.3425770308123249	0.0721774819630535	0.1928115870027762	0.23952292373345	0.5328897563539801	0.4999874670104786	0.5818164880663932	0.4733893557422969
RANDOM_0515	0.0991596638655462	0.2132396268556377	0.3456582633053221	0.0475982054929423	0.2021893210589628	0.2266112266112266	0.5763161856202553	0.5561954232765549	0.6893618656561248	0.5683473389355742
RANDOM_0516	0.0694677871148459	0.1532182421291312	0.22296918767507	0.0353430353430353	0.1679759228806978	0.0883028777765619	0.3657838069020914	0.3406420223460367	0.2151784525708989	0.2064425770308123
RANDOM_0517	0.0932773109243697	0.2034271108385741	0.2392156862745098	0.0373126162599846	0.1924196926196395	0.2091152818143416	0.465347188143224	0.4109967982492599	0.3691830663331659	0.3408963585434174
RANDOM_0518	0.0675070028011204	0.2120832038295877	0.2610644257703081	0.0237443921654447	0.2133199204205203	0.1876572929204508	0.4634663258568306	0.44584465313898436	0.3533154559120654	0.3400560224089636
RANDOM_0519	0.1120448179271708	0.1990477538861232	0.3263305322128851	0.0517562096509464	0.2091385993869204	0.313180500550835	0.4178372582945938	0.4053357280071978	0.5617738492012637	0.4439775910364145
RANDOM_0520	0.1030812324929972	0.2013477942182216	0.3324929971988795	0.0616041142356931	0.2002222810812508	0.1933471933471933	0.4098120551158002	0.37409499340892893	0.4521701425524785	0.4137254901960784
RANDOM_0521	0.1064425770308123	0.2216872411088671	0.2296918767507002	0.0589400215009767	0.2140413669740479	0.2725681146733778	0.5389823858829285	0.5090235698886542	0.5636611965948166	0.5126050420168067
RANDOM_0522	0.1176470588235294	0.2628600808291091	0.361344537815126	0.0497866287339971	0.2406501750255215	0.2095873969439239	0.6179233845457076	0.5732995958610142	0.797196804926829	0.6801120448179272
RANDOM_0523	0.1095238095238095	0.2486354790770652	0.2633053221288515	0.057183894230929	0.2205903206254741	0.1754021227705438	0.501881442801401	0.4705195024337091	0.422462987055288	0.3162464985994397
RANDOM_0524	0.1	0.2696429330512129	0.2445378151260504	0.051537367326841	0.2514730544749247	0.2570303096618886	0.5880231848847426	0.5510950361019071	0.683260868981746	0.6355742296918767
RANDOM_0525	0.0579831932773109	0.2102683497130395	0.1980392156862745	0.0449720976036765	0.2256791901228593	0.223267514190534	0.4866710597135399	0.4379853267438547	0.3998009924108298	0.4028011204481793
RANDOM_0526	0.0840336134453781	0.1911999193127297	0.2630252100840336	0.0653244337454863	0.1785910201858914	0.1456395666921982	0.3713444157475655	0.3314569077000815	0.4690966339649744	0.5058823529411764
RANDOM_0527	0.1243697478991596	0.1908255150894345	0.3282913165266106	0.0944304628515154	0.1728941359393183	0.3032060400481453	0.3489308054805705	0.32590184927668087	0.2870537304924139	0.2453781512605042
RANDOM_0528	0.0742296918767507	0.2067787622468329	0.2521008403361344	0.056570740781267	0.1896305233307356	0.2445562971878761	0.4607781473293096	0.4086702440098052	0.5271084295594219	0.4336134453781513
RANDOM_0529	0.0731297310857745	0.2156486928987619	0.3159663865546218	0.0825045866918263	0.1950039402057688	0.227267753583543	0.4410614442495095	0.3952647612025905	0.5349182928491111	0.4302521008403361
RANDOM_0530	0.1140375500073188	0.2669713803738623	0.3977591036414565	0.0773793578364778	0.2258131393885045	0.2115111062479483	0.5447531225106655	0.5120509953628261	0.6213847907115321	0.6792717086834734
RANDOM_0531	0.0316526610644257	0.2305449000835613	0.1977591036414565	0.0443155706313601	0.1747447754360099	0.1581222303619694	0.3314557583233758	0.2682052361597318	0.257514652364563	0.3282913165266106
RANDOM_0532	0.1733893557422969	0.2623062855038603	0.4053221288515406	0.099244993981836	0.2462532745291191	0.3091147827989933	0.6116595371562646	0.5749563129187432	0.8429384248803912	0.7249299719887955
RANDOM_0533	0.034453781512605	0.2202165195322175	0.2285714285714285	0.0500054710581026	0.175280758179479	0.1701499069920122	0.5105926713771851	0.44692644801251996	0.5012235055811858	0.4380952380952381
RANDOM_0534	0.1705882352941176	0.2491165070079242	0.4310924369747899	0.1439762526906531	0.2224292989452946	0.3559470401575664	0.4760911629921195	0.4642588985665588	0.7241449231981093	0.7016806722689075
RANDOM_0535	0.1249299719887955	0.2048524385842119	0.292436974789916	0.057008425429478	0.1896911169464717	0.2388663967611336	0.4769099335354256	0.45044904767455807	0.7204410440902306	0.6067226890756302
RANDOM_0536	0.1165266106442577	0.2220206374004533	0.3588235294117647	0.0539446328920013	0.2062451742679421	0.2469635627530364	0.505541272466319	0.5018876676661284	0.7009578313572695	0.6815126050420168
RANDOM_0537	0.0610644257703081	0.2069449026440274	0.1843137254901961	0.0359995623153517	0.1801458959566309	0.144881545328199	0.5135971011708781	0.4607865106290914	0.1417858477209295	0.0823529411764705
RANDOM_0538	0.1215156184339543	0.2502756550618951	0.3294117647058823	0.0622606412080096	0.2357688456779981	0.1996936207462523	0.5281420542439094	0.4820247950097911	0.7789273561878184	0.646218487394958
RANDOM_0539	0.1022408963585434	0.2141255546395199	0.2938375350140056	0.0517562096509464	0.1969817855457003	0.2918262391946602	0.4070925376986289	0.3542169787293385	0.4535882954239751	0.3296918767507003
RANDOM_0540	0.1117647058823529	0.1992701149842883	0.2913165266106443	0.0821752927016084	0.1955192702803092	0.3423788160630266	0.5199952498207319	0.45935030003978666	0.7071732642542279	0.6294117647058823
RANDOM_0541	0.1103641456582633	0.1587464715921293	0.2599439775910364	0.0578837947258999	0.1795016931545816	0.181906485443056	0.3232620953073971	0.27759442268326057	0.4266746985469384	0.4285714285714285
RANDOM_0542	0.0472684338562207	0.207366537709234	0.192156862745098	0.0532881059196848	0.1988368750166992	0.2174198489987963	0.429608969638271	0.38505255694470264	0.5337851905308187	0.484593837535014
RANDOM_0543	0.1543417366946778	0.1898915290947743	0.3188568351555992	0.0944304628515154	0.2016585912973036	0.2244228033701718	0.3934100583257388	0.3715097489933971	0.3680373648246635	0.2406162464985994
RANDOM_0544	0.0932773109243697	0.2216506479293702	0.3281031229940305	0.0681693839588576	0.1851771529545576	0.2016632016632016	0.4431866923990344	0.406561625890852	0.6369439426714824	0.55406162464986
RANDOM_0545	0.103641456582633	0.1817025593108646	0.2817927170868347	0.0460663092242039	0.1923422763481605	0.2791333843965423	0.4532679788667905	0.41471500186500093	0.6419868349378367	0.492156862745098
RANDOM_0546	0.0974789915966386	0.1680226544515807	0.3019607843137254	0.0311850311850311	0.1392601597163739	0.1410438778859831	0.2186283270649167	0.1873907145848889	0.0779043780131294	0.2134453781512605
RANDOM_0547	0.0980392156862745	0.2248669520964987	0.3277310924369748	0.0626983258562206	0.2077583709396815	0.2946711894080315	0.514665579390907	0.49062012708906566	0.7543622044961671	0.6837535014005602
RANDOM_0548	0.1672737527134382	0.2803360932680895	0.4675070028011204	0.0596345333187438	0.2572837306449995	0.3233395338658497	0.671675962688369	0.649815493036275	0.8831720903280349	0.7176470588235294
RANDOM_0549	0.1313725490196078	0.1922536718107868	0.3025210084033613	0.0373126162599846	0.1991557075373574	0.2211401685085895	0.4253434026582062	0.3760723503259912	0.7250154940498968	0.6647058823529411
RANDOM_0550	0.1167484519319978	0.2212056359541269	0.3685132021082727	0.041691743784021	0.1578532487181113	0.2364002637709942	0.3479563009004966	0.3024488216564476	0.548127352937183	0.3341736694677871
RANDOM_0551	0.157703081232493	0.2482694274409519	0.4294117647058823	0.0777984462194988	0.2355028445110788	0.3123974176605755	0.5872679555716582	0.5630685855717369	0.8126450583286159	0.6509803921568628
RANDOM_0552	0.1218487394957983	0.2946907050687937	0.2949579831932773	0.0550388445125287	0.2246808757150508	0.2156691104059525	0.5800043383890375	0.5734572471784105	0.7474745680392778	0.6411764705882353
RANDOM_0553	0.0571428571428571	0.219041701965219	0.1957983193277311	0.0132399606083816	0.1668804300112492	0.0559142138089506	0.4800812688491527	0.4316985354703884	0.205387840795502	0.2067226890756302
RANDOM_0554	0.0815126050420168	0.1786600471989755	0.2386554621848739	0.0356732505868526	0.2191409002645539	0.1675237991027464	0.4129468506980838	0.35703102050294006	0.3159457839417727	0.2663865546218487
RANDOM_0555	0.1582633053221288	0.2639449849426495	0.4361344537815126	0.0920231972863551	0.2266344421504732	0.2631578947368421	0.5925654116314982	0.5793929387054615	0.7019940468938961	0.592156862745098
RANDOM_0556	0.115126050420168	0.2982763871253199	0.4030812324929972	0.0446714874318389	0.2178236204145612	0.2338330233067075	0.6043027693161509	0.5674820314707302	0.7779279651319775	0.7484593837535014
RANDOM_0557	0.1629735123243082	0.2519813220024054	0.4235294117647059	0.1149704763565491	0.2384435153589267	0.3279352226720647	0.5505588797350887	0.49797659070125116	0.6941878706088661	0.5240896358543418
RANDOM_0558	0.1243697478991596	0.2251632616985065	0.3448179271708683	0.1049348944085786	0.2143881502942692	0.2992668782142466	0.538923258476517	0.492295221980442	0.7516922354941343	0.6529411764705882
RANDOM_0559	0.1173669467787115	0.1798671338413186	0.349859943977591	0.0826129773498194	0.1914784047735905	0.3360323886639676	0.3223471012216936	0.29827300997731593	0.3718903843413664	0.4319327731092437
RANDOM_0560	0.1142857142857143	0.187988763196173	0.3725490196078431	0.057008425429478	0.1882512590383651	0.2244228033701718	0.3588029447585795	0.3360657817976018	0.4413986799731841	0.3918767507002801
RANDOM_0561	0.1128851540616246	0.2059771713507888	0.292436974789916	0.0736404420614946	0.1707703346560116	0.2474012474012474	0.3265388746950891	0.28005994757364644	0.426992830692559	0.311484593837535
RANDOM_0562	0.1207282913165266	0.2602043753184056	0.4025210084033613	0.1007768902505744	0.2356338954920449	0.3467556625451362	0.5672560490250446	0.527875754662235	0.7681988944236549	0.6327731092436975
RANDOM_0563	0.1336134453781512	0.196093945576766	0.3722689075630252	0.1049348944085786	0.1720270346750365	0.3450049239522924	0.3130366377024604	0.24752981826933346	0.3223353617296461	0.3784313725490196
RANDOM_0564	0.072829131652661	0.2403102545957337	0.2145658263305322	0.0274662144088957	0.2161817903119866	0.1616150563518984	0.5240814824698515	0.49305933770532406	0.5060668678881136	0.4630252100840336
RANDOM_0565	0.1521008403361344	0.2566668439017266	0.3683473389355742	0.0703578071999124	0.2457751753318308	0.3156800525221578	0.5700167283374474	0.5390557303607295	0.7568097523044304	0.6829131652661065
RANDOM_0566	0.2103641456582633	0.2844963948487149	0.4655462184873949	0.1081673032656446	0.2202705991125003	0.288105919684867	0.407006783089934	0.36730639228381723	0.580028478231267	0.6495798319327731
RANDOM_0567	0.0770308123249299	0.1999589532356167	0.2635854341736695	0.0195863880074406	0.1921266371953597	0.1082175292701608	0.4951356468690344	0.4405997024952789	0.5254738022715751	0.5126050420168067
RANDOM_0568	0.103921568627451	0.1935138704331951	0.3252328602415087	0.045190939927782	0.1762729623909482	0.1867819236240289	0.4523965946037346	0.4361713445532037	0.4004228135174156	0.2302521008403361
RANDOM_0569	0.1137254901960784	0.2080048553486767	0.3186497661711595	0.0883028777765619	0.2209728422737125	0.3605427289637816	0.3730841498875214	0.3453446868332015	0.3618251700230518	0.3823529411764705
RANDOM_0570	0.091182856165901	0.1741018333087893	0.3131652661064426	0.0749534960061275	0.1726565073068643	0.2559360980413612	0.4118453423831799	0.3949374161312986	0.5227485085960912	0.4675070028011204
RANDOM_0571	0.0803921568627451	0.2089630652535936	0.2020173797426951	0.0562455546062645	0.2485447188034658	0.1891891891891892	0.5240539821883348	0.47365306319805206	0.5669544608146292	0.4599439775910364
RANDOM_0572	0.1050420168067226	0.2292836975221418	0.3212885154061625	0.0861333062114194	0.234983441983496	0.2261735419630156	0.5577814422479523	0.5377954853186697	0.6902350574450861	0.565266106442577
RANDOM_0573	0.1470588235294118	0.1917743325328663	0.3507002801120448	0.0671494357749037	0.1697063010634151	0.2434620855673487	0.4024879354577791	0.37573299305503116	0.3047810312911971	0.3042016806722689
RANDOM_0574	0.0658263305322128	0.2025436880325539	0.1840336134453781	0.0557988684550601	0.2115852886296414	0.2073531020899442	0.387785568055301	0.32569913121916255	0.2290184011710677	0.1988795518207282
RANDOM_0575	0.0675070028011204	0.2187171462432357	0.1840336134453781	0.0228690228690228	0.2011802903478242	0.1290075500601816	0.52771163157605	0.5121714016645582	0.5787269200107403	0.561344537815126
RANDOM_0576	0.0753501400560224	0.1608986847317441	0.2215686274509803	0.0600722179669548	0.198011352536958	0.2547464029637819	0.3834408849561206	0.36472394862153934	0.2965228333441142	0.3619047619047619
RANDOM_0577	0.1137254901960784	0.2361690149653233	0.3596638655462185	0.0990261516577306	0.2193154344147929	0.2997045628624576	0.5871058757816124	0.5783670422580665	0.7550272764561136	0.7408963585434174
RANDOM_0578	0.1823529411764706	0.2462999308053577	0.4658263305322129	0.0950869898238319	0.1950101356883822	0.2874493927125506	0.5664514639399733	0.4935764222661889	0.7352190256690692	0.6705882352941176
RANDOM_0579	0.0854341736694677	0.1895615098368873	0.2887955182072829	0.0344676660466134	0.1502459451799975	0.1638034795929532	0.405727074746445	0.3813906402875008	0.566181739865792	0.4904761904761904
RANDOM_0580	0.0941176470588235	0.2108632304677957	0.2705882352941176	0.0489112594375752	0.2524139030370307	0.2384287121129226	0.5572323975650619	0.46870377213931713	0.8058180342292108	0.6812324929971989
RANDOM_0581	0.1238095238095238	0.24351955015273	0.3733893557422969	0.0622606412080096	0.1953431029257596	0.1741843922020654	0.567321647124867	0.5231951992048626	0.7049828509382988	0.5498599439775911
RANDOM_0582	0.1470588235294118	0.2862010543236079	0.4086834733893557	0.1007768902505744	0.2325221887026233	0.3264033264033264	0.5332404294955952	0.4957598201288623	0.786926999435976	0.5582633053221289
RANDOM_0583	0.0854341736694677	0.24429839817782	0.2792717086834734	0.0308584560291179	0.256643927727666	0.2412736623262939	0.6320279837573575	0.5976664435652943	0.8026429579035548	0.7523809523809524
RANDOM_0584	0.072829131652661	0.2563119918741225	0.3448179271708683	0.062917168180326	0.186142839850447	0.2964219280008753	0.3993267157409992	0.36144313085436586	0.5546191949583703	0.5
RANDOM_0585	0.1162464985994397	0.2673129258218676	0.3285714285714285	0.1165335375861691	0.2529463171277695	0.3725790567895831	0.5768970888910372	0.5664732308948665	0.8023684027349139	0.7355742296918768
RANDOM_0586	0.1050420168067226	0.243230103884979	0.330532212885154	0.0640113798008534	0.2037798888781385	0.2259546996389101	0.4150908802938522	0.3934308945164426	0.6130896565586388	0.5235294117647059
RANDOM_0587	0.1207282913165266	0.1965856006015661	0.3319327731092437	0.0625136944986671	0.1731698121862979	0.2725681146733778	0.3616794806269694	0.31340749541265855	0.4478631132314872	0.2893557422969188
RANDOM_0588	0.1025210084033613	0.21888666062862	0.3070028011204482	0.042795381740218	0.2048327334886007	0.1703687493161177	0.578835225747236	0.5339317312520232	0.744012532635666	0.6868347338935574
RANDOM_0589	0.1040689126440314	0.2567668915125847	0.2865546218487395	0.0537257905678958	0.2484312766002333	0.2574820816897676	0.6737806144609111	0.6688696999990245	0.8037987845169289	0.8224089635854341
RANDOM_0590	0.1386554621848739	0.2250954000615385	0.3910364145658263	0.0949200930478886	0.2133536305281191	0.3404092351460772	0.5657584521898917	0.5027347837686196	0.5326161972446011	0.4907563025210084
RANDOM_0591	0.1366946778711484	0.2339681434538249	0.3876750700280112	0.1036218404639457	0.2101651857681767	0.3178684757632126	0.5279167278644282	0.4427697061201832	0.8124552029998677	0.7817927170868347
RANDOM_0592	0.1240896358543417	0.2451053960762939	0.3333333333333333	0.0701389648758069	0.2176139692378098	0.2461150090351146	0.537406069415437	0.5394586363777079	0.7440635327535431	0.7142857142857143
RANDOM_0593	0.0927170868347339	0.2553174544017479	0.2907563025210084	0.069701280227596	0.2233938468840115	0.2325199693620746	0.6698167838745832	0.6267576791672779	0.8262154178788861	0.8285714285714286
RANDOM_0594	0.061344537815126	0.2397064129510731	0.192156862745098	0.0366560892876682	0.1771972962959975	0.148265674581464	0.390733999265858	0.3435018863649072	0.3843990177654665	0.3378151260504202
RANDOM_0595	0.0666666666666666	0.1869908429168379	0.2378151260504201	0.0653387341908734	0.1741399011665216	0.2557172557172557	0.4819374838742935	0.44017154077103093	0.6941915114893782	0.642577030812325
RANDOM_0596	0.0792717086834734	0.1877532972295261	0.2733893557422969	0.0537257905678958	0.1768189692248289	0.2233285917496444	0.3217735021071624	0.2926091360839224	0.4631279929146329	0.5168067226890757
RANDOM_0597	0.0829131652661064	0.2775748535907277	0.3380952380952381	0.0639888874023639	0.2302916111046655	0.2045081518765729	0.6262594272639752	0.6149530862543378	0.6577346057237424	0.5815126050420169
RANDOM_0598	0.1324929971988795	0.2500291070584106	0.3957983193277311	0.0605099026151657	0.2342222497842175	0.2342707079549184	0.5982185078631279	0.5749933963229251	0.7825822132600742	0.773109243697479
RANDOM_0599	0.1198879551820728	0.2354501395250981	0.3585434173669468	0.0681693839588576	0.21452106590421	0.2712550607287449	0.4875463702162336	0.46845105174698426	0.634525269665011	0.6028011204481792
RANDOM_0600	0.088235294117647	0.2753689370991244	0.2840336134453781	0.0701389648758069	0.248853789864989	0.2084473137104716	0.5758575330752385	0.5720097726575099	0.8307515042684427	0.7224089635854342
RANDOM_0601	0.1535014005602241	0.2142602122411163	0.3876750700280112	0.0850202429149797	0.2141172122084179	0.3025495130758289	0.4743689418708314	0.41798495231968336	0.5399630372114486	0.5162464985994398
RANDOM_0602	0.1134453781512605	0.2317601134455796	0.346218487394958	0.0513185250027355	0.2201525366967964	0.1686180107232738	0.5569981278538189	0.5257727788929999	0.7596442396319983	0.6470588235294118
RANDOM_0603	0.1453781512605041	0.2438043634601646	0.4151260504201681	0.0907101433417222	0.2291450012887425	0.3012364591311959	0.6331664480136635	0.6287905516512104	0.7978426584517642	0.746218487394958
RANDOM_0604	0.1179271708683473	0.2263882095387233	0.3204481792717087	0.0887405624247729	0.2097944410751858	0.3517890359995623	0.4247939519461994	0.4201733281638998	0.6199906267989039	0.5910364145658263
RANDOM_0605	0.1128851540616246	0.2331481455397742	0.2879551820728291	0.0060194813743685	0.1691225600299032	0.0125834336360652	0.5040310181935568	0.49210525716125686	0.2549548029514161	0.1725490196078431
RANDOM_0606	0.126890756302521	0.2006519738289221	0.3436974789915966	0.0642598336087616	0.2209960701351067	0.2283744600452804	0.4073846743845765	0.3523847267913033	0.5478259983807122	0.2044817927170868
RANDOM_0607	0.0927170868347339	0.2034029611186144	0.2859943977591036	0.0605099026151657	0.2029557393467185	0.2244228033701718	0.3467620389615372	0.2972546192982238	0.4139713278251741	0.2635854341736695
RANDOM_0608	0.1078431372549019	0.2333489768208301	0.3047619047619048	0.0782361308677098	0.2227011653207674	0.2909508698982383	0.4900215424512901	0.4203428655741414	0.7661285651672257	0.6184873949579832
RANDOM_0609	0.1224089635854341	0.209471402760503	0.3666666666666666	0.0827035220694004	0.2268102779549885	0.2900755006018164	0.5693054045077284	0.5148389016784525	0.7358341295570797	0.7221288515406162
RANDOM_0610	0.1450980392156863	0.2694149365609608	0.4123426215434304	0.0968377284166757	0.2031998408973511	0.294452347083926	0.5607336753273012	0.5605011115192247	0.7893563548637048	0.6680672268907563
RANDOM_0611	0.1378151260504201	0.2388471345140227	0.3966386554621848	0.0596377962264867	0.1923777362170139	0.2681912681912682	0.464848629526273	0.43543740588243623	0.6300905772540545	0.5994397759103641
RANDOM_0612	0.1607843137254902	0.2475775240837728	0.4717086834733893	0.0931174089068825	0.2073054011881388	0.2887624466571835	0.4605182816238306	0.4076273308142108	0.7154035020333882	0.4448179271708683
RANDOM_0613	0.1109554540611751	0.1907244750892429	0.284593837535014	0.0675128569865411	0.2445613143319742	0.2134806871648976	0.5260756227705772	0.5310806168293027	0.2591419544283734	0.2803921568627451
RANDOM_0614	0.0818156378430887	0.1791758088892361	0.2700280112044818	0.0316227158332421	0.1927602019254771	0.0893970893970894	0.4805046862586864	0.4319515397079131	0.3659305967040193	0.4170868347338936
RANDOM_0615	0.1072829131652661	0.234523487663627	0.2551820728291316	0.100120363278258	0.1894552459495533	0.3079279973969426	0.4391513333002978	0.4047037677627924	0.4288246621030925	0.4042016806722689
RANDOM_0616	0.0983193277310924	0.2000255979126021	0.3005602240896358	0.050661998030419	0.1862806601538708	0.1819673924937082	0.5017242866187145	0.4549735454256732	0.3303490886633723	0.2753501400560224
RANDOM_0617	0.0938375350140056	0.2023879034122725	0.2324929971988795	0.0830506619980304	0.2045579252340995	0.2673305251033158	0.5113383420471692	0.4751423897518423	0.6881854581687693	0.6417366946778712
RANDOM_0618	0.1677871148459384	0.2615571775375437	0.411204481792717	0.0729839150891782	0.1918730440071709	0.2990480358901412	0.5288882999501465	0.47814872158000715	0.7697439216317213	0.5123249299719888
RANDOM_0619	0.1002801120448179	0.2656177312000013	0.2764705882352941	0.0834883466462413	0.2085535097130709	0.245869351132509	0.5307167730944762	0.48791469489278205	0.7185112612526959	0.734733893557423
RANDOM_0620	0.0442577030812325	0.2563186090229454	0.2064570353126545	0.0528504212714739	0.2105452480432116	0.1940037203195098	0.5028716733500881	0.4746589118997117	0.5872372673377717	0.5408963585434173
RANDOM_0621	0.1050420168067226	0.1990337768455229	0.2977591036414566	0.0517562096509464	0.1652804667610095	0.1581135791662107	0.3368717693099621	0.2909617465540835	0.3792783621957549	0.2352941176470588
RANDOM_0622	0.1154385027101115	0.2456030783936149	0.3140275937387866	0.1003392056023635	0.2317987241471844	0.288543604333078	0.571506037635414	0.5240161567330175	0.7167250703479513	0.6535014005602241
RANDOM_0623	0.1131652661064426	0.196690194615187	0.3504201680672268	0.0541634752161067	0.203997686083694	0.1830293223820888	0.3170824961419112	0.2761353098549974	0.5027707281470793	0.5246498599439776
RANDOM_0624	0.084313725490196	0.2548249171186106	0.2938375350140056	0.0705920997539587	0.2350654291637381	0.2642521063573695	0.5644889701932378	0.4888524333994324	0.5918321854426862	0.3655462184873949
RANDOM_0625	0.161624649859944	0.2481963827637253	0.4427480926888066	0.0646373823187196	0.2172068159463486	0.2530911478279899	0.5314272122002083	0.5132731018899134	0.6883806229074416	0.6411764705882353
RANDOM_0626	0.1249299719887955	0.2456237637294373	0.3397759103641457	0.0791115001641317	0.2578388606048609	0.2977349819455082	0.5857963123650525	0.5519006988565297	0.7572250869640533	0.6238095238095238
RANDOM_0627	0.1184873949579832	0.2121320439173276	0.2980392156862745	0.0902724586935113	0.2115480569138303	0.2793522267206478	0.5697347927716065	0.5044973553903256	0.7139122642551279	0.6392156862745098
RANDOM_0628	0.1680672268907563	0.2410112924323781	0.4476190476190476	0.0985884670095196	0.1940593756669233	0.3183061604114235	0.46825329066966	0.4265779239694538	0.4795594720335557	0.3456582633053221
RANDOM_0629	0.0529411764705882	0.2573754926309273	0.2434173669467787	0.0018983488351945	0.1993068658504879	0.1233386785061283	0.5139535169707263	0.4293199248556065	0.4338414485926284	0.4117647058823529
RANDOM_0630	0.1532212885154062	0.2857607222438782	0.4067226890756302	0.0931174089068825	0.2255263254160544	0.2874493927125506	0.5701746059781614	0.5359857134185919	0.7232033151718896	0.703921568627451
RANDOM_0631	0.1221288515406162	0.2469492429973574	0.2929971988795518	0.0883028777765619	0.2241126526644221	0.2314257577415472	0.479865382940927	0.45185173158578423	0.6605244893666791	0.5470588235294118
RANDOM_0632	0.126890756302521	0.1875938038538273	0.3330532212885154	0.1106247948353211	0.1811068555011582	0.2953277163803479	0.4226641521894588	0.4083351866965288	0.5697297850845766	0.5022408963585434
RANDOM_0633	0.1061624649859944	0.2285726115353914	0.3274509803921568	0.0710143341722289	0.1993978697913871	0.2034139402560455	0.5780503848268503	0.5396936735600897	0.7142599595534985	0.6918767507002801
RANDOM_0634	0.1263305322128851	0.2559664984283779	0.3695713229966919	0.059298099199156	0.2306964279227748	0.2255170149906992	0.5165499680254227	0.5010452868280696	0.6203859041111096	0.5131652661064425
RANDOM_0635	0.1633053221288515	0.2589698495158022	0.3840336134453782	0.1069044753255279	0.2236428322538756	0.3612190189791427	0.4715095072964617	0.43019464982720695	0.7614540143590738	0.7789915966386555
RANDOM_0636	0.0669467787114846	0.2361212090759783	0.2829131652661064	0.056570740781267	0.214652196020993	0.220921326184484	0.4987484439983621	0.42279946369644883	0.6474594078478448	0.5431372549019607
RANDOM_0637	0.0896358543417367	0.1778810620977947	0.2747899159663866	0.0752077080277216	0.1972067466984934	0.2651274756537914	0.4108939511731365	0.38565342828933297	0.4764845775478154	0.4585434173669467
RANDOM_0638	0.1053221288515406	0.2147088451865809	0.3170868347338935	0.0359995623153517	0.2245367967087043	0.2509027245869351	0.6186183010643584	0.6027415718342314	0.5853617042425338	0.5467787114845938
RANDOM_0639	0.0831932773109243	0.2380878005768069	0.3159663865546218	0.0502243133822081	0.2247081637206812	0.2741000109421162	0.6032096548903747	0.5697377467181886	0.7336542925668419	0.7467787114845938
RANDOM_0640	0.12296918767507	0.2542297486023683	0.384593837535014	0.0552576868366342	0.2038805265883299	0.2789272692061523	0.6201502334054988	0.5787050753571308	0.7354868548449487	0.6114845938375351
RANDOM_0641	0.1088998165079979	0.2053193856673629	0.3233398838045356	0.0541634752161067	0.1822561524678447	0.2060400481453113	0.4258696942842435	0.40376672712504924	0.3714407717058094	0.3901960784313725
RANDOM_0642	0.0560224089635854	0.2067616760909428	0.2386554621848739	0.068825910931174	0.1812021199842894	0.2649086333296859	0.5647073431339401	0.5501843695097538	0.6862986774661402	0.7145658263305322
RANDOM_0643	0.1585434173669468	0.2608147684386988	0.3271708683473389	0.0797680271364481	0.2354456893810372	0.2263923842871211	0.6034968477277923	0.6026101063442783	0.6581960573277856	0.5173669467787115
RANDOM_0644	0.0616246498599439	0.21533624312821	0.1901960784313725	0.0723273881168618	0.2188019548287853	0.3150235255498413	0.5556155189025727	0.49384924390691354	0.5073848038933325	0.449859943977591
RANDOM_0645	0.1509803921568627	0.2141553473477974	0.4274509803921568	0.0913666703140387	0.2200743332495635	0.2964219280008753	0.4162578913574533	0.40467743490853814	0.7149765874477183	0.7638655462184873
RANDOM_0646	0.0963585434173669	0.2096647530859179	0.2193277310924369	0.0721085457927563	0.1922372726274762	0.1843746580588685	0.4610775865142482	0.4111139427448407	0.5611589055151471	0.5372549019607843
RANDOM_0647	0.1207282913165266	0.187701201641847	0.3036627222237686	0.1040595251121567	0.1777229230813546	0.3093336251230988	0.4306199464005562	0.4119850427833849	0.5200515086993528	0.3803921568627451
RANDOM_0648	0.1296918767507003	0.1937167469412981	0.3131652661064426	0.0732027574132837	0.1936041271026796	0.2207024838603786	0.4309760765845237	0.4080291966228863	0.4693078008505211	0.4599439775910364
RANDOM_0649	0.0840571621675569	0.2607539461560321	0.3585434173669468	0.0652306194205374	0.2237467451623207	0.1933471933471933	0.4784933320505333	0.40367607959206414	0.5067267261207815	0.5182072829131653
RANDOM_0650	0.1243697478991596	0.219067549700176	0.326890756302521	0.0968377284166757	0.2060941459919062	0.2935769777875041	0.4983385441412717	0.4644724919834204	0.6284813483942319	0.6871148459383754
RANDOM_0651	0.073109243697479	0.2072450978326254	0.2588235294117647	0.0478170478170478	0.1769282096686937	0.1918152970784549	0.5050951043093872	0.46338815542815587	0.4342519237374838	0.3355742296918767
RANDOM_0652	0.1072829131652661	0.2152180952633315	0.3481792717086834	0.1073421599737389	0.2004253992651211	0.312616259984681	0.4980054261603388	0.4701786000779471	0.605290346544896	0.6246498599439776
RANDOM_0653	0.2126050420168067	0.2389961811109575	0.5089635854341736	0.0653244337454863	0.2221600780681548	0.2786956997483313	0.3405772586593921	0.30438756199455846	0.346083048227797	0.2812324929971989
RANDOM_0654	0.119047619047619	0.2021978191028553	0.3291316526610644	0.0758288653025495	0.2163435518261194	0.3360323886639676	0.420866195866638	0.38330058684755264	0.5897901852358473	0.3602240896358543
RANDOM_0655	0.0817927170868347	0.2565262355361687	0.2098039215686274	0.0504431557063136	0.2375576158287539	0.1642411642411642	0.5308729348842515	0.4830888934855973	0.6890532072299451	0.6563025210084034
RANDOM_0656	0.1235294117647059	0.2659119887419274	0.3596638655462185	0.0664186453660137	0.2717015241216954	0.2773826458036984	0.6514363776035761	0.6303961641089281	0.7313205321277781	0.6260504201680672
RANDOM_0657	0.0649859943977591	0.2443212013341335	0.2408963585434173	0.0296531349162928	0.2032463920362206	0.184593500382974	0.5321770691403329	0.5292706872901811	0.6261934262836645	0.5857142857142857
RANDOM_0658	0.12296918767507	0.2081225851515925	0.2871148459383753	0.0528619909785458	0.1597126769986787	0.2467447204289309	0.4090020484684452	0.37186995618239904	0.6538908048662728	0.5742296918767507
RANDOM_0659	0.0605042016806722	0.2534055360645058	0.2184873949579832	0.0204617573038625	0.1963472782399752	0.1128132180763759	0.5201387998702272	0.4717957842341959	0.6803621865391061	0.6436974789915967
RANDOM_0660	0.1299719887955182	0.2654694143000287	0.3488725798131368	0.0600722179669548	0.2283926686750745	0.2390852390852391	0.5824724113948118	0.5321251751004897	0.6663627808940272	0.5098039215686274
RANDOM_0661	0.0941176470588235	0.2044313795508436	0.2722689075630252	0.0519750519750519	0.1754045196720506	0.1985994091257249	0.4038109468711383	0.3795753169590968	0.4419694588787569	0.4761904761904761
RANDOM_0662	0.0793263187674236	0.2082853170607768	0.2605042016806723	0.0664186453660137	0.1986005849708986	0.2574679943100996	0.4987590643033179	0.45975701832600396	0.5992313291096318	0.4495798319327731
RANDOM_0663	0.1392156862745098	0.2223588759345333	0.3745098039215686	0.0732027574132837	0.1942977847262254	0.2946711894080315	0.4793752513293482	0.41979932398745656	0.6439998346443253	0.5635854341736695
RANDOM_0664	0.1411764705882353	0.2139960416102849	0.3476190476190476	0.0828318196739249	0.2086814923784322	0.2782580151001204	0.4368874523818334	0.40211458923328974	0.5215984125248403	0.5058823529411764
RANDOM_0665	0.1002801120448179	0.2147204532874675	0.3089635854341737	0.0749534960061275	0.2466482757672845	0.3057291789346977	0.6480413090409273	0.6054496936603361	0.5809441313110844	0.4476190476190476
RANDOM_0666	0.1	0.1999200513912954	0.3117647058823529	0.0725462304409672	0.1887592987847342	0.2633767370609476	0.4177945906550139	0.367238987066147	0.5731064433149744	0.5210084033613446
RANDOM_0667	0.0871148459383753	0.2047127465355949	0.2705882352941176	0.0500054710581026	0.1910117415095993	0.1592077907867381	0.440325756819305	0.4184584367199165	0.524688560896366	0.4299719887955182
RANDOM_0668	0.1756302521008403	0.2235441994855129	0.3764969544914622	0.0725462304409672	0.2119578778921901	0.3336251230988073	0.558419103762868	0.5035642544513959	0.5827700508047776	0.457422969187675
RANDOM_0669	0.1019607843137254	0.183372730578236	0.2899159663865546	0.0563518984571616	0.2138649617933134	0.1959840239296106	0.5048387245203355	0.4865115528548097	0.6179467746423303	0.5829131652661065
RANDOM_0670	0.1669467787114845	0.2322626897886384	0.4187675070028011	0.1062712075365797	0.1955566836514509	0.3328773873779316	0.5617132369130752	0.5446919868192879	0.7861453232084836	0.6591036414565826
RANDOM_0671	0.1288515406162465	0.2584687940799819	0.3705882352941176	0.099244993981836	0.2127779626451406	0.3172119487908961	0.485211652728224	0.4440920378179313	0.6293584386337531	0.5619047619047619
RANDOM_0672	0.0941176470588235	0.1760445929873577	0.2596638655462185	0.0887405624247729	0.205438644721344	0.3121785753364701	0.4201793922295718	0.38054196426637626	0.5489960186470112	0.5529411764705883
RANDOM_0673	0.0788570630129067	0.1894894115261349	0.2619874527787832	0.087865193128351	0.1866652315594934	0.2646115088044579	0.4235711540192517	0.39347240234642505	0.5768843713007962	0.476750700280112
RANDOM_0674	0.099719887955182	0.2449047401317778	0.3249299719887955	0.069935429058573	0.196520879383645	0.2639359778014385	0.5493407678295757	0.5405224874191246	0.7351040584952345	0.7434173669467787
RANDOM_0675	0.1459792716309905	0.2348997237136821	0.4218487394957983	0.0891782470729839	0.2521553078498848	0.3791443265127475	0.4981741476261142	0.4814158731932898	0.6877704758969494	0.6352941176470588
RANDOM_0676	0.0834733893557422	0.20373916304246	0.2644257703081232	0.0725462304409672	0.1785321683558006	0.2460881934566145	0.4745867843577948	0.4244855374920294	0.6862050752109655	0.6621848739495798
RANDOM_0677	0.1148459383753501	0.2180791575479252	0.3901960784313725	0.1099682678630047	0.2102442669314801	0.3485064011379801	0.5484813437782753	0.530783826555698	0.8125203173142163	0.7439775910364146
RANDOM_0678	0.1204481792717087	0.2086542867142912	0.3198879551820728	0.0918043549622497	0.2250884430566534	0.2307692307692307	0.492718027008522	0.4694300370844045	0.5811947669560259	0.5932773109243697
RANDOM_0679	0.1605042016806722	0.2472496964618382	0.4210084033613445	0.1211292263923842	0.1890524024875058	0.3605427289637816	0.4215135043540391	0.37652571494818315	0.6788352953232163	0.5658263305322129
RANDOM_0680	0.0761904761904762	0.2249112777558529	0.3028011204481792	0.0093007987744829	0.2421308909908087	0.1618338986760039	0.5042959889341316	0.46344042855883255	0.3280246871010238	0.3148459383753501
RANDOM_0681	0.1392156862745098	0.2406396899727133	0.3829131652661064	0.0716708611445453	0.234673337491218	0.190502243133822	0.5259901750786278	0.44352845858732964	0.6081305695163632	0.3476190476190476
RANDOM_0682	0.1098039215686274	0.215713923282153	0.3400560224089636	0.0780172885436043	0.1976194904347538	0.2920450815187657	0.3877169025723899	0.3248776954668957	0.5955466567452886	0.4619047619047619
RANDOM_0683	0.1215686274509803	0.2102020911648825	0.2887955182072829	0.0782361308677098	0.2083592107137264	0.2491519859940912	0.4925560096982114	0.45001978432064443	0.6619278182252133	0.6624649859943977
RANDOM_0684	0.0826330532212885	0.1862571371732893	0.2042016806722689	0.0596345333187438	0.1921250257300414	0.1375424007002954	0.4333089194211532	0.392649176613933	0.1092403356106005	0.0865546218487395
RANDOM_0685	0.0963585434173669	0.2171795691143149	0.3165266106442577	0.068825910931174	0.2103068999739215	0.2859174964438122	0.5085727202928092	0.45443636313297314	0.3646057348281213	0.3521008403361345
RANDOM_0686	0.1002801120448179	0.217802440829341	0.2901960784313726	0.0622606412080096	0.1660102900500981	0.1975051975051975	0.375424575884562	0.3342652184051518	0.3490771933110566	0.2599439775910364
RANDOM_0687	0.0808689757079984	0.2186083479988403	0.2302521008403361	0.0556953714848451	0.2108734428485018	0.2365814962232373	0.506608041460028	0.49166416090008047	0.788658672570264	0.753781512605042
RANDOM_0688	0.1274599064684638	0.2263211182236403	0.3210983594800674	0.0484735747893642	0.2459208411407463	0.271488756766814	0.5749796518488374	0.5476505567588126	0.5397590549597654	0.2731092436974789
RANDOM_0689	0.207563025210084	0.3012086645207824	0.4848739495798319	0.1618338986760039	0.2671629327864135	0.4756537914432651	0.5259075013404573	0.5065529666179389	0.6583590239561156	0.6302521008403361
RANDOM_0690	0.0795518207282913	0.1946887892330653	0.2481792717086834	0.0322792428055586	0.1802745004341113	0.1701499069920122	0.3805598681998943	0.34833820883263183	0.1066403680791139	0.084313725490196
RANDOM_0691	0.1235294117647059	0.2070922478224167	0.3557422969187675	0.0902101426625102	0.2133915441457399	0.3110843637159426	0.4350904597812651	0.42433482008779666	0.6402018933704666	0.742296918767507
RANDOM_0692	0.1123249299719888	0.2105893976108211	0.3957983193277311	0.0672940146624357	0.2238718734795433	0.2592187329029434	0.4213605674038917	0.3665178431042899	0.5653758994709963	0.4915966386554621
RANDOM_0693	0.1798319327731092	0.2154712681671722	0.3120448179271708	0.0777984462194988	0.2309071738657111	0.2972972972972973	0.5623703619848268	0.5476225894771056	0.6560602817036837	0.6299719887955182
RANDOM_0694	0.2131652661064426	0.282894574651526	0.4795518207282913	0.1314148156253419	0.2327186975412321	0.3583543057227267	0.4930291397656192	0.4864960113316948	0.7424301970227167	0.6274509803921569
RANDOM_0695	0.0717086834733893	0.2593536702753219	0.2347338935574229	0.0178356494145967	0.2032855829433367	0.1616150563518984	0.6350630738295306	0.5982031962546885	0.4216114439843412	0.3540616246498599
RANDOM_0696	0.1162464985994397	0.2340181496887313	0.3490196078431372	0.0539446328920013	0.2382158177979912	0.1804354962249699	0.5518846884586488	0.49399097872400527	0.7140386930715169	0.5560224089635855
RANDOM_0697	0.1487394957983193	0.2320530515311213	0.4140056022408963	0.1066856330014224	0.2116227525175505	0.3086770981507823	0.4734046913401335	0.4631085856628059	0.5868283950982458	0.5224089635854342
RANDOM_0698	0.1109243697478991	0.2534663838964608	0.3116464746069581	0.0589780063464273	0.2240641747085095	0.3167742641426851	0.569545880830615	0.5534099709535152	0.7218136751077139	0.6159663865546219
RANDOM_0699	0.1246498599439775	0.1998145484320796	0.2834733893557423	0.045190939927782	0.1642618458692694	0.1624904256483204	0.3483087935436309	0.3309146931578871	0.4022939260453032	0.3296918767507003
RANDOM_0700	0.1221288515406162	0.3161953375784008	0.3529411764705882	0.0716747826208235	0.2021223596006276	0.2594375752270489	0.5522689597697675	0.5333550733200451	0.7004009850368399	0.7431372549019608
RANDOM_0701	0.0910364145658263	0.2443865246030414	0.2935574229691877	0.0950869898238319	0.2134843564310207	0.3134916292811029	0.5411321390911373	0.5108561015450027	0.6730492726239008	0.4663865546218487
RANDOM_0702	0.0775910364145658	0.2223835848533984	0.2464985994397759	0.0438778859831491	0.2086829419771167	0.209541525330999	0.5210102098298593	0.44202315184712915	0.5625464703671265	0.4246498599439776
RANDOM_0703	0.1355742296918767	0.2375877793841583	0.3347338935574229	0.0926797242586716	0.2510564080899829	0.3327497538023853	0.6050432665610238	0.5754795320364815	0.6769411211698055	0.4711484593837535
RANDOM_0704	0.0788570630129067	0.2063238154970714	0.2815031312012113	0.0589780063464273	0.165392837339518	0.1754021227705438	0.4452503712692937	0.41131384824288647	0.6015105043788774	0.4823529411764706
RANDOM_0705	0.1162464985994397	0.2316231848198027	0.3319327731092437	0.0922420396104606	0.2074985762852108	0.2966407703249809	0.5011888499024217	0.40915879244820286	0.5781043003101907	0.4492997198879552
RANDOM_0706	0.1117647058823529	0.2176859497667034	0.3137254901960784	0.0551633565142452	0.2190508641037069	0.2664405295984243	0.4253363951181114	0.39323272105554463	0.770644284833668	0.6789915966386555
RANDOM_0707	0.1033613445378151	0.2101398729601854	0.3263305322128851	0.0929189033970712	0.21886026322209	0.2373345004923952	0.4785177222034848	0.4155933026145095	0.4956164111607752	0.3361344537815126
RANDOM_0708	0.1212885154061624	0.1977110517609796	0.3840336134453782	0.0395010395010395	0.181140218148444	0.1972835009893911	0.4896776295387903	0.4464238479061533	0.5635296479416955	0.5184873949579832
RANDOM_0709	0.1090017537205831	0.2519093879812908	0.3277310924369748	0.081956450377503	0.2371785466920305	0.3636065215012583	0.6131362655194322	0.5783165386315482	0.6330534640898666	0.4436974789915966
RANDOM_0710	0.1176470588235294	0.1926535487534746	0.2669467787114846	0.0469416785206258	0.1763880215324812	0.2126053178684757	0.413733641756984	0.3888587092246821	0.3102665753827666	0.4005602240896359
RANDOM_0711	0.1030812324929972	0.2062649071730335	0.2515406162464986	0.0635736951526425	0.2025301998139052	0.2509027245869351	0.4716556066202094	0.40959070991091195	0.5876469866652492	0.434733893557423
RANDOM_0712	0.042296918767507	0.2204634348083492	0.2056022408963585	0.0567895831053725	0.2183378031895318	0.2533099901520954	0.5619254595116763	0.5266533578674238	0.6721893139550075	0.6226890756302521
RANDOM_0713	0.103641456582633	0.2153068451787638	0.3481792717086834	0.1326973668429811	0.2400131105625674	0.3038625670204617	0.4965795197673516	0.47388883629623146	0.6239986450997802	0.5140056022408963
RANDOM_0714	0.1217392501699651	0.2214438816577046	0.2798319327731092	0.0848014005908742	0.2366278324521606	0.3242149031622716	0.5189009199273461	0.5009046682654662	0.7674627720072896	0.6831932773109244
RANDOM_0715	0.0963585434173669	0.2061431718646301	0.2717086834733893	0.0529627401350818	0.2071655226895486	0.209103840682788	0.5380216524475566	0.4906923828409436	0.7197651744597284	0.5812324929971989
RANDOM_0716	0.1249299719887955	0.208676040249569	0.2591036414565826	0.0606070172486775	0.1896651701199853	0.1940037203195098	0.4563865585358958	0.4261355742552714	0.3288382084770572	0.3969187675070028
RANDOM_0717	0.0983193277310924	0.2586497917121386	0.2778711484593837	0.057008425429478	0.2362002496064711	0.2350495161366854	0.5757158884560424	0.5322701743759913	0.483512942923221	0.2935574229691877
RANDOM_0718	0.161624649859944	0.2532787992284958	0.415428178575388	0.0983696246854141	0.2188511065702102	0.3375642849327059	0.4541230338552798	0.428512309900217	0.6932835451419669	0.6011204481792717
RANDOM_0719	0.1352941176470588	0.2288495266612911	0.3621848739495798	0.1252872305503884	0.1936586629319578	0.3226076344045357	0.4169472157537215	0.3876282232083059	0.5632715970067927	0.5467787114845938
RANDOM_0720	0.0880930864136567	0.2046324193798449	0.2571428571428571	0.0469416785206258	0.1784165579122478	0.1141262720210088	0.4573108190365736	0.42581543465969396	0.2297700487266812	0.1607843137254902
RANDOM_0721	0.1022408963585434	0.2198224523518549	0.3694677871148459	0.092700013165276	0.2117523042951638	0.282197176934019	0.438372021633219	0.38832398495746034	0.6145529090351742	0.4504201680672269
RANDOM_0722	0.0890756302521008	0.2310106450340163	0.3008403361344537	0.0296531349162928	0.2102455224449919	0.2045081518765729	0.6255389671656736	0.5672736070160127	0.7909958816916387	0.7215686274509804
RANDOM_0723	0.0837535014005602	0.1906875719644778	0.2473389355742297	0.0659809607178028	0.1829448356410136	0.2592187329029434	0.3594617813226404	0.3388854344830271	0.4114942462506687	0.3470588235294117
RANDOM_0724	0.0775910364145658	0.2048672880225892	0.257422969187675	0.0213371266002844	0.2204478882490032	0.1392931392931393	0.4180410195203245	0.38414834333788905	0.5809463551156069	0.4288515406162465
RANDOM_0725	0.1621848739495798	0.2536652999038148	0.4392156862745098	0.1086552139183718	0.2129156104627354	0.3175596165287311	0.5114916044591786	0.46861423247432804	0.7894620345043685	0.6512605042016807
RANDOM_0726	0.0717086834733893	0.183465139535243	0.1619047619047619	0.01477185687712	0.2127710078676672	0.1351351351351351	0.5296461469981446	0.4783602604253989	0.3702489442687436	0.3254901960784314
RANDOM_0727	0.084313725490196	0.2403789038636422	0.3030812324929972	0.0332293246659641	0.1823437863884746	0.1635846372688477	0.4966410700582189	0.45129453665794006	0.6915081965426296	0.5700280112044818
RANDOM_0728	0.1050420168067226	0.2361271954745162	0.3526610644257703	0.0823941350257139	0.2161448870541729	0.349819455082613	0.4922209341475721	0.417002896131564	0.6397605456179517	0.5512605042016807
RANDOM_0729	0.1162464985994397	0.1955587147182363	0.3249299719887955	0.068825910931174	0.1969308411841946	0.276726118831382	0.4421842369109279	0.4259443205680225	0.7885499989006273	0.6252100840336134
RANDOM_0730	0.0745098039215686	0.2267597143923928	0.2235294117647059	0.0372123870635286	0.2001219338278136	0.1784659153080205	0.4986344213790025	0.4469811052682217	0.5482687488702903	0.5170868347338936
RANDOM_0731	0.1002801120448179	0.2232630196872402	0.299719887955182	0.0896159317211948	0.2218856897322782	0.2905131852500273	0.6363337242508367	0.5987206154107877	0.8013654465323168	0.65406162464986
RANDOM_0732	0.1397759103641456	0.2702068452776683	0.3644257703081232	0.1016522595469963	0.2303509600512165	0.3272786956997483	0.5012281596452917	0.48436748955325654	0.5881149217080197	0.5719887955182072
RANDOM_0733	0.0781512605042016	0.171490291567866	0.2546218487394958	0.0176177709953474	0.1940897130873898	0.0950869898238319	0.4626881949403235	0.421096773639497	0.1534684038671123	0.057422969187675
RANDOM_0734	0.080672268907563	0.1893865044986876	0.2478991596638655	0.0556953714848451	0.1982108540087902	0.1985994091257249	0.4551951702564926	0.4278528405824629	0.5945686627112983	0.5123249299719888
RANDOM_0735	0.0957983193277311	0.2527194964205536	0.2585434173669468	0.0552576868366342	0.191363523814693	0.3161177371703687	0.4738255772452334	0.39786726383709176	0.593984443863479	0.4084033613445378
RANDOM_0736	0.0890756302521008	0.1899127031523977	0.2658263305322129	0.0585403216982164	0.1952089072939289	0.276726118831382	0.3985939935609621	0.36587644162517713	0.3481213896492502	0.288235294117647
RANDOM_0737	0.1302521008403361	0.2357425630851033	0.3568627450980392	0.0887405624247729	0.1893604244762647	0.3386584965532334	0.4864439153152342	0.4177627478740638	0.7311759636985318	0.6630252100840336
RANDOM_0738	0.1014005602240896	0.220040322561933	0.2815126050420168	0.0644490644490644	0.1982891714373198	0.2073531020899442	0.5100215837037778	0.4441349412478969	0.6008107731870226	0.5350140056022409
RANDOM_0739	0.0974789915966386	0.2411222506961594	0.3207282913165266	0.0373126162599846	0.238461047327249	0.20997920997921	0.58856142242092	0.5271621596525027	0.6020958794281599	0.4028011204481793
RANDOM_0740	0.119047619047619	0.1789334064250299	0.3067226890756303	0.0390633548528285	0.167267156628434	0.1725571725571725	0.3073293825338952	0.2622540434243419	0.2515233790990238	0.0792717086834733
RANDOM_0741	0.1014005602240896	0.2795814536044554	0.3291316526610644	0.0561330561330561	0.2076184046024203	0.1821862348178137	0.5143809091301885	0.4748912948304354	0.7782726930607857	0.7781512605042017
RANDOM_0742	0.0971988795518207	0.2159310624512115	0.2887955182072829	0.0675128569865411	0.18096625412545	0.2695043221359011	0.4856392479263297	0.4599840412333092	0.5300226417202345	0.5742296918767507
RANDOM_0743	0.0789915966386554	0.2327706655619854	0.2361344537815126	0.0473793631688368	0.2027743818812398	0.1686180107232738	0.5514334782944638	0.5337025419282438	0.3337486849100831	0.3560224089635854
RANDOM_0744	0.1120448179271708	0.1927814048112779	0.3358543417366946	0.0830506619980304	0.1919078533311141	0.2894189736294999	0.4491102648560615	0.40036986273164793	0.4666389058259076	0.3103641456582633
RANDOM_0745	0.0742296918767507	0.2368518262027507	0.2778711484593837	0.0430048695724941	0.1953101864365713	0.1432323011270379	0.5235917578626811	0.4670378720053336	0.4663369076949089	0.4801120448179272
RANDOM_0746	0.0871148459383753	0.2432251111570594	0.3089635854341737	0.0654498820068249	0.1974042815281944	0.2754543876683826	0.5826025961005173	0.5586747541864067	0.6709801510433536	0.4467787114845938
RANDOM_0747	0.0983193277310924	0.2151194207157381	0.3235294117647059	0.0979319400372031	0.1580500102777234	0.2802275960170697	0.3692967720213408	0.3082345514873915	0.5043300619689756	0.3638655462184874
RANDOM_0748	0.1099516775579605	0.2171065739562734	0.3663865546218487	0.086989823831929	0.2107330367776371	0.3833023306707517	0.4878113472882062	0.43891015905136305	0.7390465598712072	0.688515406162465
RANDOM_0749	0.0669467787114846	0.2132365917093552	0.2593837535014006	0.0738592843856001	0.2195554272965754	0.22855439075056	0.4451156653800396	0.4249341110148027	0.5037963039944395	0.3484593837535014
RANDOM_0750	0.0627450980392156	0.2132615383482318	0.1980392156862745	0.0412517780938833	0.1765802558743174	0.2021008863114126	0.4449888850744887	0.46255012892528813	0.2113239482286927	0.203641456582633
RANDOM_0751	0.1277310924369748	0.2300716437935754	0.4322128851540616	0.0723304919350906	0.2090562741835837	0.2741000109421162	0.5330834839129575	0.49627799422900803	0.7479839710663516	0.7252100840336134
RANDOM_0752	0.0621848739495798	0.2353790418647523	0.2476190476190476	0.0634677464428666	0.2131725338639945	0.2537476748003063	0.4927256771557514	0.409488556969166	0.6029351499883109	0.5733893557422969
RANDOM_0753	0.0798319327731092	0.2242960476994865	0.2817927170868347	0.0593095147793684	0.1771886218028687	0.2292373345004923	0.4608284444806317	0.4148284785143957	0.4091416234825936	0.2509803921568627
RANDOM_0754	0.0781512605042016	0.2103338649723604	0.2901960784313726	0.0609475872633767	0.2078440890754684	0.3320932268300689	0.4546371752794429	0.4035656308921792	0.5574991883805414	0.6084033613445378
RANDOM_0755	0.1144337841590493	0.2491761215337213	0.3168067226890756	0.0754292329409107	0.2050475778382284	0.2417113469745048	0.4354290912907368	0.4049426144399259	0.5562864994118755	0.538375350140056
RANDOM_0756	0.0969187675070028	0.239201583470856	0.3313725490196078	0.0745321239262727	0.1895889338404476	0.3051756209650946	0.3797451555699743	0.3209369873224448	0.5130741050761132	0.5571428571428572
RANDOM_0757	0.1173669467787115	0.2218899882243463	0.3044817927170868	0.0618229565597986	0.2155804849204105	0.2712550607287449	0.4495509870135903	0.4170466548090437	0.7239094055897064	0.5971988795518207
RANDOM_0758	0.1184873949579832	0.2117684218775346	0.272829131652661	0.0567895831053725	0.2056284238673345	0.2690666374876901	0.42382528724491	0.3831090974389496	0.481561740437925	0.4602240896358543
RANDOM_0759	0.0859943977591036	0.1834867480119851	0.2672268907563025	0.075172338330233	0.161462680661698	0.2669366376742718	0.3916898382042093	0.37264577720785547	0.559704751264832	0.5078431372549019
RANDOM_0760	0.0879551820728291	0.2453435472332762	0.246218487394958	0.0443155706313601	0.2028850648666555	0.1456395666921982	0.5530814382390771	0.5214425623946306	0.5388236734583002	0.4100840336134453
RANDOM_0761	0.0750700280112044	0.1988793467417746	0.2455354022408978	0.0495677864098916	0.2080076621926994	0.2489331436699857	0.4451773082734916	0.4318169864584741	0.67124061334119	0.5535014005602241
RANDOM_0762	0.1224089635854341	0.2474544263673449	0.3532212885154062	0.099244993981836	0.2231196902132204	0.2942335047598206	0.5339947580696337	0.5020092381259225	0.6087015014116636	0.7025210084033613
RANDOM_0763	0.1156862745098039	0.1969669119697495	0.2932773109243697	0.0591968486705328	0.1829298229614145	0.182962193193919	0.3770177166512463	0.35222986312081217	0.5355515104249586	0.4176470588235294
RANDOM_0764	0.0907563025210084	0.2350138807716411	0.2711484593837535	0.0904913010176168	0.2417511333442006	0.3382948532395138	0.5944663042689969	0.5670199693434885	0.8249987964283657	0.7044817927170869
RANDOM_0765	0.1008403361344538	0.189768240654777	0.3067226890756303	0.0631360105044315	0.1574321400777608	0.2614071561439982	0.3486390967795554	0.29444439784136217	0.3716110375447913	0.353781512605042
RANDOM_0766	0.0913165266106442	0.253693380396797	0.2899159663865546	0.0057993215887952	0.22435731049625	0.2379910274647116	0.6968564573667665	0.6404168825165445	0.7149180759793828	0.6033613445378151
RANDOM_0767	0.0949579831932773	0.2175290751633412	0.2745098039215686	0.0327554550076519	0.1729533041916325	0.0727650727650727	0.4690815827979171	0.4349501501637791	0.3420761206698074	0.2182072829131652
RANDOM_0768	0.1274509803921568	0.1957816659219548	0.3516391284009464	0.0489112594375752	0.1728106782092394	0.2296750191487033	0.3914032373381498	0.3383940634428949	0.4088080642167732	0.3109243697478991
RANDOM_0769	0.1235294117647059	0.2306123032836323	0.2969187675070028	0.0915421297750399	0.1915253606018997	0.3425976583871321	0.4566037600544745	0.38352028047472436	0.744242200536467	0.5806722689075631
RANDOM_0770	0.0991596638655462	0.1792600576433176	0.3322128851540616	0.0694824379034905	0.1923572379227988	0.2069154174417332	0.4204506544156916	0.40136176031272114	0.6013142818599975	0.426610644257703
RANDOM_0771	0.0890756302521008	0.2037949715428839	0.1792717086834734	0.0456286245759929	0.1702151507301712	0.1266002844950213	0.3537549169628448	0.3037833022183087	0.0667237563699254	0.053781512605042
RANDOM_0772	0.0971268633719981	0.181064253961281	0.2969187675070028	0.0368749316117737	0.1811758603270638	0.2397417660575555	0.4043570554454449	0.3898827127551665	0.1443325682298254	0.1521008403361344
RANDOM_0773	0.0943977591036414	0.2143373499632802	0.2871349541322536	0.0598180851360006	0.2001102823963418	0.2511353070454809	0.4491319376514596	0.4371399177087349	0.5327107380243581	0.3778711484593837
RANDOM_0774	0.1274509803921568	0.1971328471395896	0.3470588235294117	0.0556953714848451	0.1777016512182161	0.1996936207462523	0.3576788550909814	0.3138507296144053	0.3739951174287165	0.2753501400560224
RANDOM_0775	0.1005602240896358	0.256024852913552	0.334453781512605	0.038406827880512	0.2106319496163419	0.0406498215702118	0.5567482183678644	0.5298335040526142	0.4271729096587838	0.3375350140056022
RANDOM_0776	0.0913165266106442	0.1940444587556193	0.3109243697478991	0.0986024718515767	0.1661451602936335	0.2981726665937192	0.3461843900273514	0.3037614962093611	0.6406897581220373	0.4680672268907563
RANDOM_0777	0.0938375350140056	0.2225271898709206	0.3016806722689075	0.0397198818251449	0.2170023638162825	0.2259546996389101	0.4617875450522694	0.3975946285653144	0.5810425761440692	0.4546218487394958
RANDOM_0778	0.0994397759103641	0.1737383057057981	0.3098039215686274	0.0108326950432213	0.1967512886650712	0.0607287449392712	0.3492562091250214	0.32945455634068194	0.4723518137847754	0.2764705882352941
RANDOM_0779	0.1159745083031736	0.2175384039453464	0.3406162464985994	0.0913666703140387	0.1753954858422756	0.2530911478279899	0.4766314757167735	0.4664666202205483	0.6216388847579755	0.6417366946778712
RANDOM_0780	0.1686055074119968	0.2105346864464208	0.4182072829131653	0.0839260312944523	0.1833689000922486	0.3073640442061495	0.4086817086783048	0.3924417978250059	0.5577073391954862	0.5952380952380952
RANDOM_0781	0.1619047619047619	0.2601883875878649	0.3798319327731092	0.0872086661560345	0.2221888648164101	0.3347193347193347	0.6316098303631079	0.6141084671496596	0.7390843929470052	0.5873949579831933
RANDOM_0782	0.1165266106442577	0.2232831411726735	0.3851540616246499	0.0835258032816448	0.1865294012229346	0.2990480358901412	0.4832352874124989	0.45365607160111093	0.646999438293972	0.5252100840336135
RANDOM_0783	0.1215686274509803	0.270734442703891	0.3627450980392157	0.0653244337454863	0.2244302505349237	0.245869351132509	0.6269104277670502	0.5792708432226489	0.794706816760407	0.7086834733893558
RANDOM_0784	0.1397759103641456	0.2570457595721532	0.3910364145658263	0.0707954918481234	0.2035192485946693	0.2373345004923952	0.5420594645864112	0.5130417638916862	0.756341364925679	0.7176470588235294
RANDOM_0785	0.0857142857142857	0.2192057772648601	0.3026057838032048	0.0379691432323011	0.2126245559060312	0.2592187329029434	0.5135849234051514	0.4502712965436858	0.8071176646424107	0.746218487394958
RANDOM_0786	0.1123249299719888	0.2010895080445756	0.3153396671710327	0.0513185250027355	0.2277046679875756	0.2554984133931502	0.5108346187060893	0.47129209393523813	0.512467241977561	0.3871148459383753
RANDOM_0787	0.1473802243337831	0.2690256249836677	0.3445378151260504	0.0775796038953933	0.2305235229774612	0.251340409235146	0.5007688201280059	0.4595942633557659	0.4579890056942878	0.3302521008403361
RANDOM_0788	0.1162464985994397	0.234887199342585	0.3148459383753501	0.0567895831053725	0.1958345184040252	0.2351460772513404	0.539245276043345	0.5179420347834659	0.554635341963163	0.4375350140056022
RANDOM_0789	0.1131652661064426	0.262088599210601	0.3599159958719932	0.0440967283072546	0.2611800480047638	0.228143122879965	0.5263574725191204	0.491318031318789	0.5512204405980866	0.357703081232493
RANDOM_0790	0.0969187675070028	0.199355063496224	0.203641456582633	0.0605099026151657	0.2051378211408727	0.2410548200021884	0.4686237099924502	0.44055739807186284	0.3139144703546583	0.2310924369747899
RANDOM_0791	0.0775910364145658	0.2499579876031452	0.3089635854341737	0.0789099285621771	0.2044396133494672	0.2852609694714957	0.5694334875078138	0.5116200645867497	0.7411512663952144	0.6271708683473389
RANDOM_0792	0.0694677871148459	0.2163486345158304	0.307563025210084	0.0480358901411532	0.1935449339563767	0.2504650399387241	0.4428499119773542	0.3771840315890574	0.5946233292279427	0.5787114845938376
RANDOM_0793	0.1876750700280112	0.2193127315886301	0.4218487394957983	0.0609475872633767	0.1738903666770295	0.2620636831163146	0.2621307077202823	0.2514546388305128	0.278273257838267	0.2579831932773109
RANDOM_0794	0.2173669467787115	0.2676028368873255	0.4621848739495798	0.1279133384396542	0.2537064838495566	0.3428165007112375	0.5392504484855708	0.5242790137955887	0.7606688739575297	0.6588235294117647
RANDOM_0795	0.0487394957983193	0.1659081534943883	0.1624649859943977	0.05109968267863	0.1715960636021507	0.160958529379582	0.3976049653260239	0.35365420058061475	0.373790852788487	0.4680672268907563
RANDOM_0796	0.1156862745098039	0.2215766461576511	0.3193277310924369	0.1220045956888062	0.1911644053232119	0.3377831272568115	0.5137867634151663	0.4428508173576834	0.7132982913104873	0.5400560224089636
RANDOM_0797	0.1200364174104104	0.2173460769838007	0.3529411764705882	0.0613852719115877	0.2536836206934201	0.3163365794944742	0.5987434326743184	0.5673419579581899	0.5320700211718409	0.4120448179271708
RANDOM_0798	0.0910364145658263	0.22855430492682	0.2543417366946778	0.0460663092242039	0.2178971467805444	0.2130430025166867	0.6248034476801988	0.6131848628427424	0.6675148247015797	0.596078431372549
RANDOM_0799	0.1058823529411764	0.2305529946588779	0.2425770308123249	0.0237443921654447	0.2175361177583109	0.1346974504869241	0.4977861043244546	0.46445009175857777	0.4770366032666915	0.4521008403361344
RANDOM_0800	0.0918767507002801	0.1953449162918872	0.2831932773109243	0.0379691432323011	0.1565960444985845	0.208666156034577	0.4097322544008195	0.378691825964198	0.6419366556369971	0.461624649859944
RANDOM_0801	0.0915966386554621	0.1816410068352264	0.2761904761904762	0.0690447532552795	0.1625947136544182	0.2592187329029434	0.3517340062255628	0.3214273054134077	0.3693710520575219	0.3442577030812325
RANDOM_0802	0.1182072829131652	0.206097622998537	0.3861025648896447	0.0786738155159207	0.1908191877438181	0.2968596126490863	0.3822918359035053	0.3561160279592282	0.5437325047818428	0.5722689075630252
RANDOM_0803	0.1134453781512605	0.2359811143485539	0.4058823529411764	0.069701280227596	0.2210914382011399	0.2211401685085895	0.4899393408832211	0.46250756376417174	0.7531852759495284	0.72296918767507
RANDOM_0804	0.1338935574229692	0.2366122046835278	0.3641456582633053	0.0661998030419083	0.2331554224017513	0.2445562971878761	0.4354086776190735	0.4088388574435845	0.3636352763963656	0.4218487394957983
RANDOM_0805	0.0431372549019607	0.2165747785013318	0.1338935574229691	0.0567895831053725	0.1863294694737275	0.228143122879965	0.4360155736013911	0.3497207493189828	0.3546089798514071	0.326890756302521
RANDOM_0806	0.0661064425770308	0.2166075174626606	0.2724597725759948	0.0592098077006072	0.2062365771942904	0.2220155378050115	0.5444198014706952	0.495442512421906	0.4794587761236486	0.3431372549019608
RANDOM_0807	0.1274509803921568	0.2037866588594025	0.2971988795518207	0.0922420396104606	0.1971171558353639	0.2966407703249809	0.4339557221863662	0.4063899378070596	0.7068745781551473	0.6151260504201681
RANDOM_0808	0.1322128851540616	0.2823394811399169	0.3857142857142857	0.0635736951526425	0.2462890242292472	0.2382098697888171	0.5823766507580429	0.5083774760340871	0.815843837567599	0.7467787114845938
RANDOM_0809	0.1098039215686274	0.2085894171551411	0.2915966386554622	0.0366560892876682	0.1768632073054696	0.1955356165882481	0.3894597825434046	0.3592697862869978	0.6848905667407091	0.6408963585434174
RANDOM_0810	0.1126050420168067	0.2195536918139236	0.2957983193277311	0.056570740781267	0.1917979678061086	0.2194108009337869	0.4067392762039409	0.3584695410371465	0.1536556100289261	0.1291316526610644
RANDOM_0811	0.0949579831932773	0.243033891822628	0.215126050420168	0.0366560892876682	0.2123139106648395	0.1918152970784549	0.6006683879534802	0.5863445531432626	0.611611951737558	0.561624649859944
RANDOM_0812	0.0879551820728291	0.1789898943318215	0.2585434173669468	0.0554765291607396	0.1580416766322255	0.2126053178684757	0.4397624227479798	0.4039064789963437	0.6132523719756628	0.6417366946778712
RANDOM_0813	0.1525316902683045	0.2202370910911946	0.3680672268907563	0.1012145748987854	0.1985223879391192	0.3109335742651112	0.4015132151997432	0.3700500000726417	0.4447226833115571	0.3941176470588235
RANDOM_0814	0.0653118590639987	0.2025271968120081	0.2988795518207283	0.076047707626655	0.2034820858265234	0.3199695204830712	0.3846910293110261	0.3044624893984033	0.5902594195990554	0.6610644257703081
RANDOM_0815	0.1479406054149001	0.2382332247497873	0.3969187675070028	0.1027464711675238	0.2126594911977717	0.3500382974067184	0.4612727667773901	0.3679120917809425	0.6683948565556141	0.4974789915966386
RANDOM_0816	0.1128851540616246	0.2418741957508878	0.2731092436974789	0.0679505416347521	0.1868123416629831	0.1699310646679067	0.5413598904511332	0.5022917784874288	0.3241436557699415	0.2411764705882353
RANDOM_0817	0.0875411445525163	0.2647567025537266	0.2893557422969188	0.0351241930189298	0.2693747284040232	0.2053835211729948	0.5985207849606081	0.5696462117008307	0.7107125057654611	0.6016806722689075
RANDOM_0818	0.1705882352941176	0.2242338173411278	0.3985994397759104	0.080074535937393	0.1947498655648652	0.2784768574242258	0.4031592188254479	0.3516927706812004	0.4507264600116315	0.388235294117647
RANDOM_0819	0.053501400560224	0.2050904261776003	0.1798319327731092	0.0476086254154605	0.2013243700820613	0.2134806871648976	0.3491610300243487	0.3217302538088525	0.4723173403166974	0.3689075630252101
RANDOM_0820	0.1641456582633053	0.2679973926168553	0.3988795518207283	0.1073421599737389	0.2496822232894984	0.3804573804573805	0.5476694788320119	0.5044948018266062	0.7126870194701314	0.642296918767507
RANDOM_0821	0.1084337391961484	0.2473075095806025	0.3630252100840336	0.1079986869460553	0.2303556284584982	0.3813327497538024	0.4808805304086705	0.429419932175746	0.6144173917883469	0.5543417366946779
RANDOM_0822	0.0593837535014005	0.1788849046715285	0.2170868347338935	0.0224313382208119	0.1795379911457235	0.1257249151985994	0.4689866115186126	0.43252528666589585	0.302413705964924	0.280672268907563
RANDOM_0823	0.0971988795518207	0.2484204913480022	0.3714285714285714	0.0672940146624357	0.2167939472588896	0.2616259984681037	0.5554324177443958	0.5306823319956858	0.8029198843118628	0.7260504201680672
RANDOM_0824	0.1141656101824327	0.244717913310432	0.3336134453781512	0.0539475844764366	0.2024673491417553	0.1622715833242149	0.5559117900907881	0.5122627465983219	0.5915527367819937	0.3700280112044818
RANDOM_0825	0.1389355742296918	0.2395287500685139	0.3426010233207279	0.07563013441374	0.217376208133935	0.2478389320494583	0.4513364736637942	0.39595147158505195	0.6482330858506109	0.5126050420168067
RANDOM_0826	0.1	0.2029314616299126	0.24593837535014	0.0274647116752379	0.2200388745832455	0.1817485501696028	0.3960071775868479	0.3729296907395263	0.5449005321505007	0.6070028011204481
RANDOM_0827	0.1775910364145658	0.2215410996847765	0.4123249299719888	0.0863332968596126	0.1722364957464385	0.2990480358901412	0.3934871846483435	0.36391200660226813	0.5819608781675765	0.2761904761904762
RANDOM_0828	0.1165266106442577	0.2640309095921858	0.3134453781512605	0.0539446328920013	0.2539067601218797	0.3187438450596345	0.6343956949820946	0.6177305200593177	0.8163164996618415	0.5857142857142857
RANDOM_0829	0.0893557422969187	0.1862368585684848	0.2126139274679959	0.0419083050661998	0.1745346343859467	0.1824050771419192	0.4150292376746105	0.3724586391056555	0.5666941392498788	0.5672268907563025
RANDOM_0830	0.0812324929971988	0.2469419089033025	0.276750700280112	0.1072407259681365	0.1944436889369034	0.3264033264033264	0.4972164044614124	0.4938186437572722	0.3724618971174315	0.4473389355742297
RANDOM_0831	0.0745098039215686	0.1921411083328408	0.1854341736694678	0.0543823175402122	0.1846667503965028	0.1535178903599956	0.4230953214279045	0.3663699044638692	0.3179566822786386	0.3126050420168067
RANDOM_0832	0.0817927170868347	0.2024836060859539	0.2764705882352941	0.0501176342600567	0.2035536636872437	0.245869351132509	0.4762949523917524	0.4168620068412759	0.5026382260744288	0.2876750700280112
RANDOM_0833	0.0736694677871148	0.1843542619365544	0.2675819662333895	0.0640113798008534	0.1746186582075174	0.3137104716052084	0.3783135693811161	0.35811350641482914	0.530525205424834	0.5756302521008403
RANDOM_0834	0.1051894392943036	0.2257270528315951	0.3439775910364145	0.0915855126381442	0.2045653187432272	0.2625013677645256	0.5006379757014231	0.47701604499275957	0.622875431740214	0.4848739495798319
RANDOM_0835	0.0778766021939185	0.2265164752774216	0.2592618537067324	0.0121457489878542	0.1861571597846026	0.1578947368421052	0.4607133765429569	0.4110513058183106	0.5405763158445805	0.5011204481792717
RANDOM_0836	0.1064425770308123	0.221517587559635	0.2980392156862745	0.0497866287339971	0.1802170994171614	0.2688477951635846	0.4480787356351903	0.42473755518914935	0.6003138939250984	0.5109243697478991
RANDOM_0837	0.1619047619047619	0.2700247639106707	0.442016806722689	0.1692707166139661	0.2855069454442786	0.439763650289966	0.5726483048285635	0.5352272463633487	0.7963944543466924	0.6434173669467788
RANDOM_0838	0.0991596638655462	0.2080213546169847	0.3030133890479943	0.0778539206832415	0.1929771088983447	0.2791333843965423	0.4268676618742071	0.39765500571322515	0.3065734284413958	0.315406162464986
RANDOM_0839	0.1175152324472979	0.2338804021782986	0.3025210084033613	0.0458474669000984	0.2164617110485877	0.2386475544370281	0.476203255492532	0.44390506706131433	0.7055549754932123	0.66890756302521
RANDOM_0840	0.0733893557422969	0.1977918280581182	0.2803921568627451	0.0661998030419083	0.175354029795877	0.2598752598752599	0.4371390755396196	0.4126510990791245	0.5763740644892242	0.403921568627451
RANDOM_0841	0.0876750700280112	0.1934559825381063	0.3523809523809524	0.0659293142752045	0.1999197000633067	0.2951088740562425	0.551320974155957	0.5095261826534693	0.7090126955269517	0.6647058823529411
RANDOM_0842	0.1439775910364145	0.2335455822226387	0.3988795518207283	0.093336251230988	0.2169629497866881	0.3334062807747018	0.5161125597717516	0.49521688505589107	0.806121657360259	0.7487394957983193
RANDOM_0843	0.1563463216316558	0.2187545864463345	0.3558419865093242	0.1108436371594266	0.1758767293736276	0.3515701936754568	0.3277923191719906	0.2841661094589516	0.4589729062960105	0.3366946778711485
RANDOM_0844	0.146218487394958	0.2558949923555389	0.4148459383753501	0.1066856330014224	0.2416062704303988	0.4082726930660955	0.6183476221538892	0.5788734170208006	0.7644917443480604	0.6338935574229692
RANDOM_0845	0.088235294117647	0.1991713521684456	0.2773109243697479	0.0616041142356931	0.1926547878552076	0.2495896706423022	0.5335628810016575	0.488889362357411	0.533222533787406	0.3801120448179271
RANDOM_0846	0.0453813293360244	0.2170592970072605	0.1680672268907563	0.0318415581573476	0.2173626449731876	0.1970675128569865	0.5208126802969069	0.4857244126136973	0.0043947699824277	-0.0117647058823529
RANDOM_0847	0.1131652661064426	0.2137721606604596	0.3348974026001065	0.0841448736185578	0.2162263783650692	0.3375642849327059	0.4691671926657307	0.4391225928723605	0.7053782430930371	0.6792717086834734
RANDOM_0848	0.1245185240114992	0.2093304116917754	0.3350140056022408	0.0599189755920027	0.176284104373911	0.1985994091257249	0.5358863347580791	0.4968166063255625	0.5677270086011804	0.5750700280112044
RANDOM_0849	0.1403361344537815	0.202295100709661	0.3624649859943977	0.0944304628515154	0.1998407105040581	0.288543604333078	0.383448803970048	0.3423004562578653	0.4550967847274177	0.3837535014005602
RANDOM_0850	0.1016806722689075	0.2393779843223155	0.3098039215686274	0.0244009191377612	0.1906261035207767	0.1754021227705438	0.5054103783524233	0.4314663149302452	0.3381254190270332	0.3212885154061625
RANDOM_0851	0.1064425770308123	0.1706393776643573	0.3285714285714285	0.0643535690753873	0.1868657400085637	0.1852500273552905	0.3086346269948933	0.28033382041605376	0.2731198843572913	0.2246498599439776
RANDOM_0852	0.0626094265839596	0.231251317612124	0.180672268907563	0.0198095659774674	0.2109264084982915	0.1381989276726118	0.5361179754742345	0.5028098885323418	0.091269600754224	0.1775910364145658
RANDOM_0853	0.207563025210084	0.273846191474109	0.472829131652661	0.1311959733012364	0.213899329294712	0.3482875588138746	0.4652451488146206	0.4328815750278111	0.7104473648753108	0.4333333333333333
RANDOM_0854	0.1246498599439775	0.2475225871489312	0.3369747899159664	0.0618364904821499	0.1930114756247358	0.2535288324762009	0.5188765125309578	0.5033821482350227	0.7100078878621929	0.6717086834733893
RANDOM_0855	0.1128851540616246	0.2545479648291139	0.3182072829131652	0.0226750053885641	0.1970908635649939	0.2001780156503205	0.5066200972117747	0.46316959793752643	0.623842569135044	0.5865546218487395
RANDOM_0856	0.1044817927170868	0.2024750866251418	0.315406162464986	0.05109968267863	0.2111241304539893	0.2047269942006784	0.4727170225653688	0.4355822848203444	0.6167081202333825	0.5212885154061625
RANDOM_0857	0.1330532212885154	0.2378471316771523	0.334453781512605	0.0751764513900851	0.1900220454361144	0.294014662435715	0.4604588065851204	0.431670075687005	0.8160580685064017	0.7436974789915967
RANDOM_0858	0.0630252100840336	0.2231467412118902	0.242016806722689	0.038196345448266	0.2190302841220668	0.148265674581464	0.4719141122414213	0.4266308071266469	0.5447634670680143	0.3607843137254902
RANDOM_0859	0.0817927170868347	0.1924954001842389	0.3042016806722689	0.0335922967501914	0.2051646051233142	0.1452018820439873	0.4886959211798444	0.46169457501935485	0.3273473996537526	0.3294117647058823
RANDOM_0860	0.0599439775910364	0.2012432938706938	0.2207282913165266	0.0471605208447313	0.1780643220086375	0.2476200897253528	0.4591893713887818	0.44329528434824095	0.6690487838478629	0.6515406162464986
RANDOM_0861	0.1492997198879551	0.2245982511229867	0.4067226890756302	0.1425757741547215	0.2103054722699671	0.3482503863702446	0.4094761956683624	0.3519303697765207	0.4591932324928749	0.2834733893557423
RANDOM_0862	0.1384723535519974	0.2864334205319613	0.4058823529411764	0.0668563300142247	0.2221465505930805	0.2850421271473903	0.5862321598159141	0.5230004109395779	0.7453478272614706	0.7364145658263306
RANDOM_0863	0.1313725490196078	0.2522487244066893	0.4282913165266106	0.1069044753255279	0.2339782120217109	0.3808950651055914	0.5527216072996413	0.5059162462929683	0.7598710765633205	0.5857142857142857
RANDOM_0864	0.1103641456582633	0.2252053479700757	0.2966386554621849	0.05109968267863	0.1863306367445698	0.2235474340737498	0.4994144126618788	0.42556913842169014	0.6389123916502879	0.5711484593837535
RANDOM_0865	0.0941176470588235	0.2351118377731861	0.2371365529171301	0.0366560892876682	0.2510066988832681	0.2207024838603786	0.6428037377294482	0.63282608367778	0.5502240701642847	0.4809523809523809
RANDOM_0866	0.0957983193277311	0.2206658424368701	0.288235294117647	0.0590721490481133	0.2132056877483828	0.2484954590217748	0.5449715839075915	0.5228522850633106	0.840148039625652	0.715406162464986
RANDOM_0867	0.1000701016559981	0.2094714493707556	0.2644257703081232	0.0558078460101068	0.1658896180013166	0.1677426414268519	0.4005707655270482	0.39478933413249406	0.1722171658900318	-0.0170868347338935
RANDOM_0868	0.0478991596638655	0.2300080079429318	0.2675070028011204	0.038844512528723	0.2114105765272808	0.2161175061881	0.4841001800868049	0.4572016242351894	0.736322937444485	0.7061624649859944
RANDOM_0869	0.102384392424049	0.2191802909010292	0.2747899159663866	0.1020899441952073	0.21513941954939	0.2916073968705547	0.4618189317247719	0.41261193258765094	0.5878004377826761	0.5081232492997199
RANDOM_0870	0.1089635854341736	0.2682093017762979	0.365266106442577	0.0857908848469093	0.2838074676379173	0.3318743845059634	0.6899562699983851	0.609113436107743	0.853762383114928	0.661344537815126
RANDOM_0871	0.0849334476239984	0.2174389582589128	0.3148459383753501	0.051537367326841	0.2467988887832808	0.2060400481453113	0.5351850799919627	0.5114606210489516	0.4925241037978446	0.3282913165266106
RANDOM_0872	0.103641456582633	0.2221419563868834	0.2943977591036414	0.0103950103950103	0.2417919826106823	0.1143451143451143	0.5878732706346348	0.5694001137539464	0.5843014614587547	0.5518207282913166
RANDOM_0873	0.0658263305322128	0.2307739054209594	0.2299719887955182	0.0296531349162928	0.2198986234779701	0.1710252762884342	0.58515323347754	0.5588334653237419	0.5202909281996766	0.4873949579831932
RANDOM_0874	0.1277310924369748	0.2047554405491246	0.3602240896358543	0.0598533756428493	0.1661081070903183	0.2360214465477623	0.3745047199251363	0.32769886413604965	0.3309345159580799	0.3792717086834734
RANDOM_0875	0.0523809523809523	0.1938373291978282	0.1824040419035985	0.0419083050661998	0.1518803403826872	0.0784549731918153	0.3325242915261769	0.2974442185088142	0.2092231963697432	0.1955182072829131
RANDOM_0876	0.0526610644257703	0.1798939584598631	0.1565826330532213	0.0383183766629308	0.1808131842542197	0.142356931830616	0.3006012926633375	0.306411438864811	-0.0526658346649489	-0.0694677871148459
RANDOM_0877	0.1250787873366353	0.2353834758418297	0.3512605042016806	0.1029653134916292	0.1895856346754694	0.3001422475106685	0.4038837154685266	0.34639697079938986	0.71346140347924	0.5943977591036415
RANDOM_0878	0.1212885154061624	0.2596492953361462	0.3680672268907563	0.0904913010176168	0.1973780030376863	0.3074902888007849	0.5566263971575459	0.5122037706866325	0.7777589818417422	0.6927170868347339
RANDOM_0879	0.1159663865546218	0.2284828757274883	0.3067226890756303	0.063354852828537	0.2013549225201123	0.2443374548637706	0.4741336381222895	0.4413322554389736	0.6360996273172005	0.5904761904761905
RANDOM_0880	0.107570558426132	0.189124664936358	0.3527598905631805	0.0762665499507604	0.1938579139187528	0.2921704879352654	0.3222597543000942	0.27581997982331136	0.4162291978864104	0.3532212885154062
RANDOM_0881	0.0904761904761904	0.1767659129678005	0.3386554621848739	0.063354852828537	0.1723313006343883	0.2397417660575555	0.3911053636236094	0.35535104566498815	0.6883460930155378	0.6338935574229692
RANDOM_0882	0.1358543417366947	0.2469574121577552	0.3417366946778711	0.1082175292701608	0.2126698279569946	0.4095634095634096	0.3756393023982072	0.3496118732529666	0.4118066840962543	0.4742296918767507
RANDOM_0883	0.126610644257703	0.2508469786450477	0.4109243697478991	0.0918691179689209	0.2206449741232288	0.3752051646788489	0.5644116918767564	0.5026963301243952	0.769027126146758	0.6882352941176471
RANDOM_0884	0.1182072829131652	0.2143845715631917	0.3258615986695622	0.1071819735800264	0.1828725805971934	0.32574679943101	0.4875415984281538	0.4491363718760267	0.6774323481654035	0.6336134453781512
RANDOM_0885	0.0876750700280112	0.2026074464365648	0.2408963585434173	0.0686596620492341	0.2209785114109682	0.2896378159536054	0.4687096060428352	0.4641632028272194	0.7109052134583789	0.5369747899159664
RANDOM_0886	0.088515406162465	0.2447665198618514	0.3137254901960784	0.0626983258562206	0.22059275057703	0.2290184921763869	0.5573838244052333	0.4915592695758867	0.6623401100224382	0.6369747899159663
RANDOM_0887	0.1282913165266106	0.2202120858672459	0.3263305322128851	0.1012145748987854	0.2187569474288425	0.3369077579603895	0.4968078659303345	0.4589597727222175	0.6121873690148077	0.5369747899159664
RANDOM_0888	0.1002801120448179	0.2336863312928126	0.3196078431372549	0.0749534960061275	0.214760885551888	0.2986103512419302	0.5856834818239447	0.5770950412642324	0.805987471906605	0.735014005602241
RANDOM_0889	0.1126050420168067	0.2036610766743002	0.2966386554621849	0.0414706204179888	0.1780996450962327	0.1848123427070795	0.3979465027551744	0.3619610703050242	0.437972200243047	0.3571428571428571
RANDOM_0890	0.1081232492997198	0.1806871320820915	0.3392156862745098	0.0454097822518875	0.1940893697560367	0.1456395666921982	0.3770769290500268	0.34854350669046497	0.217108495796264	0.2310924369747899
RANDOM_0891	0.0980392156862745	0.2319953798879923	0.2554621848739495	0.0725462304409672	0.1785845859222725	0.2220155378050115	0.5112203369334783	0.4970762026249243	0.0730772101668677	0.049859943977591
RANDOM_0892	0.149859943977591	0.2367720408165528	0.4232492997198879	0.0887405624247729	0.1774018752497429	0.2804464383411751	0.5129698892095913	0.49626477666487046	0.7541399757744988	0.653781512605042
RANDOM_0893	0.103641456582633	0.148569289803329	0.2896358543417367	0.0559142138089506	0.1957886294139725	0.2233285917496444	0.3726396029884946	0.3500523352111853	0.5903577885576784	0.5711484593837535
RANDOM_0894	0.0529411764705882	0.2537599455766136	0.1885154061624649	0.0366560892876682	0.2123832135702095	0.1128132180763759	0.5688460050055868	0.5384574027945934	0.4352772871437416	0.3876750700280112
RANDOM_0895	0.0512605042016806	0.2121775879006646	0.1543417366946778	0.0370937739358792	0.2214739566664866	0.2049458365247839	0.5407075113128734	0.5043913310349172	0.5113672409257976	0.4098039215686274
RANDOM_0896	0.0775910364145658	0.2216970036344312	0.2957983193277311	0.0543041953494005	0.2238980660536436	0.2382098697888171	0.5470434327873903	0.4813595443689238	0.7170820067676575	0.553781512605042
RANDOM_0897	0.1372549019607843	0.268433497990344	0.411204481792717	0.0725462304409672	0.2193227736594973	0.2811029653134916	0.6333906097049783	0.6011144621198259	0.7936024230375951	0.7571428571428571
RANDOM_0898	0.1985994397759103	0.2501313578748302	0.4487394957983193	0.1599173395287209	0.2401157046227803	0.3651384177699967	0.4287813867384698	0.41612930630242384	0.5149296391848205	0.5103641456582633
RANDOM_0899	0.1296918767507003	0.225795291094297	0.3904761904761905	0.099682678630047	0.241056545167131	0.3605624560849061	0.4844296523057633	0.45229320653901534	0.6937269194035592	0.6649859943977591
RANDOM_0900	0.0927430689248711	0.2582901827073491	0.3198879551820728	0.0445344129554655	0.2235839816743698	0.2143560564613196	0.4974660291604506	0.47760019657421937	0.7453346606015182	0.6851540616246499
RANDOM_0901	0.0984662793926703	0.2348471109292489	0.2467787114845938	0.0537287301783577	0.183079035550004	0.1929095086989823	0.4187778604469331	0.370329678780985	0.4734010849327618	0.3647058823529411
RANDOM_0902	0.149859943977591	0.2273024904308418	0.4170868347338936	0.0834883466462413	0.2009171157029699	0.2843856001750738	0.4804165481981182	0.42315641884203536	0.6683522808516743	0.5509803921568628
RANDOM_0903	0.0868347338935574	0.2571533699930101	0.3333333333333333	0.0714520188204398	0.232424819947955	0.2751942225626436	0.5952377711070181	0.5639165868412864	0.7572102255206284	0.6985994397759103
RANDOM_0904	0.099719887955182	0.216272921207759	0.2795518207282913	0.0758288653025495	0.2326540954888942	0.3387606958142197	0.5546343894543307	0.5257426255710659	0.6962542451162254	0.7456582633053221
RANDOM_0905	0.1294117647058823	0.2147031125313572	0.2742296918767507	0.0421271473903052	0.1707819792521571	0.2166657550980619	0.3972205556886473	0.3548303652214041	0.6007221523046975	0.6112044817927171
RANDOM_0906	0.1725106886049045	0.2482576772763758	0.4081232492997199	0.1473903052850421	0.2450146026039589	0.3894299157457052	0.3825867771329525	0.3503788844171272	0.5218351731257272	0.5585434173669468
RANDOM_0907	0.0722689075630252	0.2184794311350704	0.257422969187675	0.0296531349162928	0.2022927896931834	0.1040595251121566	0.4861117359957454	0.4268205511235662	0.1780748151840249	0.2263305322128851
RANDOM_0908	0.0593837535014005	0.2448415014889626	0.2913165266106443	0.0622606412080096	0.2183048262977002	0.21578982589253	0.6093453825304096	0.5869897220814351	0.5718093185350908	0.4887955182072829
RANDOM_0909	0.1425770308123249	0.2633994767625685	0.3601092522312312	0.1304634368008688	0.2325103005303889	0.4005908742750848	0.5489629336651618	0.5261524236600237	0.659320640886951	0.5165266106442578
RANDOM_0910	0.0694677871148459	0.2376190961800535	0.1739495798319327	0.0206851269046483	0.1839740102108546	0.0926797242586716	0.4945169789496955	0.47929365757896636	0.0855893477980735	0.0568627450980392
RANDOM_0911	0.1196078431372549	0.2310760492620726	0.3165266106442577	0.051537367326841	0.1976695915669339	0.2333953386584965	0.4738752324633346	0.4263572459369296	0.5033832623228479	0.4089635854341736
RANDOM_0912	0.1089635854341736	0.1986615721272544	0.3535014005602241	0.0863332968596126	0.1971823907161287	0.2570303096618886	0.4742808957691414	0.4447266155015054	0.4120561296077493	0.4512605042016807
RANDOM_0913	0.169187675070028	0.2263448800353459	0.411204481792717	0.1112813218076375	0.2206813449454344	0.4154721523142576	0.5185287640905079	0.5058155427173192	0.6618428080112988	0.5812324929971989
RANDOM_0914	0.0798319327731092	0.1927893307088737	0.2358543417366946	0.0484735747893642	0.1777209848781937	0.2530911478279899	0.4586697338039784	0.40526943285985645	0.5487869623991825	0.5120448179271708
RANDOM_0915	0.0725490196078431	0.2271139795710973	0.3301351643364496	0.0694824379034905	0.1757862008430432	0.2793522267206478	0.4822008267548129	0.4167994202352553	0.6955096203699632	0.6857142857142857
RANDOM_0916	0.1756302521008403	0.2849900648482047	0.426890756302521	0.1093117408906882	0.2333048335732257	0.3918371813108655	0.5095736160111685	0.49201177878827373	0.753829191283546	0.7148459383753502
RANDOM_0917	0.1028011204481792	0.2064416576771222	0.2851540616246498	0.0900536163694058	0.2181359065092743	0.3441295546558704	0.4041828534812436	0.3824999604427537	0.4637160748303853	0.4549019607843137
RANDOM_0918	0.1142857142857143	0.2253472798310803	0.3753501400560224	0.0441208737004603	0.2003169255667353	0.1987052202416165	0.5805337965315774	0.5626349628392804	0.6448491206374236	0.4700280112044818
RANDOM_0919	0.0697478991596638	0.2537089919092974	0.2025210084033613	0.0513185250027355	0.1781387323761988	0.1870007659481343	0.4672768301807355	0.43694262662748157	0.4684225454965935	0.3904761904761905
RANDOM_0920	0.0785414517225581	0.2287457036974259	0.2753501400560224	0.0097384834226939	0.2044552738819189	0.1559251559251559	0.4992611000559345	0.39941821569454805	0.2107206597077401	0.1610644257703081
RANDOM_0921	0.1092436974789916	0.2095084361029472	0.3420168067226891	0.032498085129664	0.1932829911277421	0.1585512638144217	0.3058799602201178	0.291051584024789	0.1231421371076469	0.0683473389355742
RANDOM_0922	0.0817927170868347	0.200634891497402	0.2826330532212885	0.0653244337454863	0.1899698710596922	0.2191705875916402	0.4241622248326813	0.3929579479936723	0.4927998718424297	0.5014005602240896
RANDOM_0923	0.157703081232493	0.2616235621071365	0.4025210084033613	0.067954259553483	0.2702863439909732	0.2880336056928744	0.6393258144088451	0.6177550845957908	0.8010125438016431	0.6672268907563025
RANDOM_0924	0.1448179271708683	0.2453002015459085	0.3526610644257703	0.0703578071999124	0.2582259665831735	0.3291001149964857	0.548273434167242	0.5057757345843839	0.7555230127320298	0.5781512605042017
RANDOM_0925	0.0927170868347339	0.1958598258358218	0.2946778711484594	0.0425648320385162	0.1693819394365047	0.2384287121129226	0.2899945191467627	0.2507116426056234	0.2913582396854565	0.2014005602240896
RANDOM_0926	0.1176470588235294	0.1961026240298215	0.3683473389355742	0.046598300714567	0.1726956923253672	0.1565816828974723	0.4181840241156327	0.3694649949170543	0.333472512394009	0.2187675070028011
RANDOM_0927	0.0873949579831932	0.1956987763893333	0.2764705882352941	0.0189298610351241	0.1547524928214458	0.1233176496334391	0.411736505181301	0.3552625627276198	0.5595775196048046	0.5935574229691877
RANDOM_0928	0.1054695709568716	0.2351257013312349	0.3773109243697479	0.0686070686070686	0.2103580483505355	0.2371156581682897	0.4353372267766168	0.4140170269748654	0.7466820504965492	0.7607843137254902
RANDOM_0929	0.088515406162465	0.1972048339135704	0.2593837535014006	0.0651055914213808	0.2199358794092455	0.2675933083696575	0.4835439089281821	0.4663278534500563	0.6295729063236273	0.4997198879551821
RANDOM_0930	0.1686274509803921	0.2589289952025772	0.4428571428571428	0.1165335375861691	0.2171385097975453	0.3579166210745158	0.4947315154441525	0.43775542545113905	0.6661872025878414	0.6565826330532213
RANDOM_0931	0.0918767507002801	0.2333928985613392	0.342296918767507	0.0707954918481234	0.2065957035651731	0.2042893095524674	0.5669182469547368	0.5320759109976142	0.6974836978148112	0.6218487394957983
RANDOM_0932	0.119047619047619	0.2380683553889493	0.3557422969187675	0.0968377284166757	0.203013465977902	0.2905131852500273	0.4592178429185363	0.40319765316320505	0.7476171107372094	0.6336134453781512
RANDOM_0933	0.0714285714285714	0.2060791205764153	0.2072829131652661	0.0550388445125287	0.1782541256702336	0.2323011270379691	0.415821811396055	0.3673643094072327	0.153389776086149	0.1756302521008403
RANDOM_0934	0.1291316526610644	0.2567101196970662	0.4067226890756302	0.0342488237225079	0.2203783280093347	0.2421490316227158	0.5248656400610436	0.52463754996763	0.6690475526767382	0.55406162464986
RANDOM_0935	0.146218487394958	0.2487698809170653	0.4124404757021459	0.0729036342357808	0.2405668116470272	0.2491519859940912	0.5154350393220904	0.4853614657219847	0.5781196059277791	0.5683473389355742
RANDOM_0936	0.1316526610644257	0.2306210289262624	0.3770572178165983	0.0750645843925356	0.2181978894711569	0.2506838822628296	0.5493388043415821	0.5221330954192192	0.7549160287245571	0.6246498599439776
RANDOM_0937	0.0938375350140056	0.2099927225278516	0.2918767507002801	0.0364372469635627	0.2133874893742798	0.1585512638144217	0.502375567278333	0.46614065327556414	0.4809999724654104	0.3871148459383753
RANDOM_0938	0.101827859343487	0.2027909886466608	0.2915966386554622	0.0513213328994904	0.2358813932705208	0.1478360783522635	0.5061233352174083	0.4884699649236103	0.3313050946542615	0.2607843137254902
RANDOM_0939	0.092156862745098	0.2165043800828453	0.2909601275039945	0.033373454426086	0.2229782986769765	0.1191596454754349	0.5281804725877346	0.503664875056353	0.6086134647061862	0.607563025210084
RANDOM_0940	0.1117647058823529	0.1986755841979298	0.2661064425770308	0.0942116205274099	0.208628994559602	0.2863551810920232	0.4243134051539628	0.3612267307665031	0.6237399471869989	0.5319327731092437
RANDOM_0941	0.1372549019607843	0.2422055173847386	0.3795518207282913	0.0832695043221359	0.2176868238849781	0.2988291935660356	0.4786676961285482	0.4253198279932716	0.687430844565752	0.534453781512605
RANDOM_0942	0.096505357754694	0.277842317092664	0.3568627450980392	0.0841448736185578	0.217885782201686	0.3314366998577525	0.4946832292829421	0.4705587375410742	0.8726385866888534	0.6481792717086835
RANDOM_0943	0.1442577030812325	0.2094962408848137	0.3582633053221288	0.0646679067731699	0.1804338438520587	0.2296750191487033	0.4686468342707031	0.4237529134926405	0.6413844298916406	0.5103641456582633
RANDOM_0944	0.0565826330532213	0.174344753663925	0.1672268907563025	0.0231131697438986	0.1552854842377544	0.112375533428165	0.3733687474357055	0.3481321861958327	0.362406230481746	0.3044817927170868
RANDOM_0945	0.1022408963585434	0.2203486299216082	0.2588235294117647	0.0438778859831491	0.1932026271057994	0.1891891891891892	0.5151008566519057	0.4760159109143772	0.5565062668824732	0.5554621848739496
RANDOM_0946	0.0901960784313725	0.1733220379259272	0.3128851540616246	0.0559142138089506	0.1765826991350587	0.1697122223438013	0.3919048499032393	0.34401429080094914	0.3423081479763908	0.230812324929972
RANDOM_0947	0.0554582228551014	0.2390459969151613	0.1742296918767507	0.0659809607178028	0.1980506138470318	0.1848123427070795	0.497026906837216	0.46893670236783475	0.1811574133574928	0.1789915966386554
RANDOM_0948	0.0943977591036414	0.2099518048715103	0.2675070028011204	0.0486924171134697	0.1621233603348313	0.1618338986760039	0.3993719921148436	0.36082717985895607	0.4526601548940233	0.430812324929972
RANDOM_0949	0.0994035994466122	0.2284672032198388	0.2602240896358543	0.046335880576631	0.2250664194868502	0.20997920997921	0.5996562885985668	0.5682762664837505	0.5869804009584045	0.5190476190476191
RANDOM_0950	0.1028011204481792	0.2509747666492137	0.3943977591036414	0.0502243133822081	0.2157239433497259	0.20997920997921	0.5544132773566488	0.5116323335979884	0.5914784075636553	0.4221288515406162
RANDOM_0951	0.12296918767507	0.1883323324983184	0.3338935574229691	0.0414728894859421	0.1619065223200679	0.1804354962249699	0.3504661778915521	0.3294611141913808	0.3636668342934703	0.3658263305322128
RANDOM_0952	0.0834733893557422	0.2571547787334595	0.3193277310924369	0.062917168180326	0.2586024297741198	0.2538067028275509	0.6168519302055676	0.5651293662699814	0.8294981881758147	0.726610644257703
RANDOM_0953	0.084313725490196	0.2201298419487592	0.2890756302521008	0.0725462304409672	0.2122578062485196	0.3327497538023853	0.5811085970406493	0.535708301514851	0.6476631880290113	0.5605042016806723
RANDOM_0954	0.1126365973045262	0.2271150762315628	0.2944802581270077	0.0710143341722289	0.2119315232019127	0.2816342887398411	0.4978103727953187	0.44593117676363825	0.6170879178971699	0.5638655462184874
RANDOM_0955	0.1193277310924369	0.210000065364107	0.3543417366946779	0.032935769777875	0.1953113540345822	0.2082284713863661	0.4012990597609691	0.35883665964911515	0.4731873321924787	0.4025210084033613
RANDOM_0956	0.0904761904761904	0.2236958201986931	0.2339591013663667	0.0613852719115877	0.1779198891658428	0.1789035999562315	0.4327762960287353	0.3638143152638647	0.2263156844550558	0.2812324929971989
RANDOM_0957	0.096078431372549	0.2265549747196593	0.2686274509803921	0.0524127366232629	0.2083035410483413	0.1889703468650837	0.6034068765391379	0.5726098791220031	0.6864714490074926	0.5899159663865546
RANDOM_0958	0.1156862745098039	0.2541942169047691	0.3299719887955182	0.0346865083707189	0.2293203265652557	0.2211401685085895	0.5702791096665006	0.539620840940418	0.5841265458664054	0.5025210084033613
RANDOM_0959	0.1156862745098039	0.2090580355999006	0.3159663865546218	0.063792537476748	0.1990729481089058	0.3176496334391071	0.5366283002250372	0.5116738054161286	0.7524726129275816	0.6478991596638656
RANDOM_0960	0.0697478991596638	0.2166313761386014	0.2061624649859944	0.0378617935676411	0.2181891890817822	0.1565816828974723	0.493982347373378	0.46405698317059335	0.7269724069367748	0.5840336134453782
RANDOM_0961	0.0641456582633053	0.1873444520308958	0.2456582633053221	0.044753255279571	0.1827747077378351	0.1933471933471933	0.3582543854844551	0.3244554295455432	0.2706646822907015	0.2781512605042017
RANDOM_0962	0.1529411764705882	0.227060717378976	0.3997198879551821	0.1189408031513294	0.1960836625639366	0.3392779842440526	0.4899227225559996	0.46428622699905137	0.7387237393287773	0.630812324929972
RANDOM_0963	0.0991596638655462	0.1764529445035784	0.3406162464985994	0.0399605928056278	0.1778554613693778	0.2051646788488893	0.3972431662657769	0.34012034632982524	0.1907323719854214	0.1316526610644257
RANDOM_0964	0.1187675070028011	0.2403920661436196	0.3240445021508208	0.0745158113579166	0.2442937275071547	0.2568114673377831	0.4994514760849236	0.4704132584701928	0.7412306794291744	0.653781512605042
RANDOM_0965	0.1501400560224089	0.2379272112441446	0.392156862745098	0.1073421599737389	0.2158835222367617	0.3310153593830593	0.4951184923048325	0.4183092302788011	0.6226500852216901	0.4647058823529412
RANDOM_0966	0.1403361344537815	0.2299079391367165	0.3453781512605042	0.0721085457927563	0.2569635060583204	0.2583433636065215	0.5555020628780644	0.4888036958876992	0.737454148786908	0.703921568627451
RANDOM_0967	0.0708683473389355	0.2131839545830968	0.2529411764705882	0.0924608819345661	0.2238341867009936	0.3517890359995623	0.4667185081450947	0.42319263411203417	0.5413697911926257	0.4787114845938375
RANDOM_0968	0.1064425770308123	0.2788517981824643	0.3187675070028011	0.063354852828537	0.2491959112085992	0.20319509793194	0.6420556954502011	0.6262172876941976	0.6521097327463453	0.5551820728291317
RANDOM_0969	0.0994397759103641	0.2050416014635226	0.3005602240896358	0.0775796038953933	0.2254837677384535	0.2920450815187657	0.5001470869278883	0.4485097555584415	0.743904492155587	0.6212885154061625
RANDOM_0970	0.1134453781512605	0.2912099732080999	0.3389355742296919	0.0672940146624357	0.2072667150654561	0.2337059095401326	0.4901841008284933	0.4388556169741539	0.7237169246337405	0.6190476190476191
RANDOM_0971	0.1610644257703081	0.2221624929702458	0.3655462184873949	0.081956450377503	0.2035892209549011	0.3870226501805449	0.5134703821520198	0.48680148286884833	0.6698787828544327	0.6588235294117647
RANDOM_0972	0.0792717086834734	0.191295075948352	0.2470588235294117	0.0309661888609257	0.1851159795672743	0.2769074252735625	0.406694995762686	0.3694299574102014	0.4030443362429465	0.4417366946778711
RANDOM_0973	0.1015477276809189	0.2634576360245876	0.3358543417366946	0.081956450377503	0.2187749157100031	0.3106466790677317	0.6318930416630884	0.5968907792812703	0.7262416415371523	0.6871148459383754
RANDOM_0974	0.1299719887955182	0.2131143374806673	0.3683473389355742	0.0705766495240179	0.1947782670417928	0.2114079581031982	0.4205680275260754	0.3545864382039124	0.6561758711305217	0.5938375350140056
RANDOM_0975	0.0624649859943977	0.2134697726899234	0.2050420168067226	0.0432213590108326	0.2068735990984581	0.185031185031185	0.5434955010724993	0.516714451540401	0.54860282207698	0.5680672268907563
RANDOM_0976	0.1100840336134453	0.220353868722579	0.307563025210084	0.0343601247983795	0.2213185996749152	0.1870007659481343	0.4010325070795134	0.36848188035870266	0.4733683846396549	0.4663865546218487
RANDOM_0977	0.0599439775910364	0.171821926097112	0.2563025210084033	0.0677206578512153	0.1905383615160049	0.2491519859940912	0.4793507357980002	0.43373838770403367	0.5672748354215652	0.3907563025210084
RANDOM_0978	0.189128614877003	0.2721565384553415	0.4560224089635854	0.1036218404639457	0.1986887350828323	0.3104278367436262	0.393399031430112	0.34391957764173703	0.7504730028246975	0.6411764705882353
RANDOM_0979	0.165266106442577	0.2528185013570492	0.4459383753501401	0.1128132180763759	0.2178545634284893	0.3795820111609585	0.3974417290634315	0.3723680909934625	0.4356791728415687	0.4599439775910364
RANDOM_0980	0.0868347338935574	0.2223325842775127	0.3484593837535014	0.0351241930189298	0.234897047582357	0.1576758945179998	0.5841881268218954	0.541172874056314	0.7004824580807737	0.6983193277310924
RANDOM_0981	0.088515406162465	0.2357203460810223	0.3280112044817927	0.0633895431081055	0.2015688809233208	0.2747565379144326	0.5298085810893819	0.46595824518050327	0.457000430294019	0.3490196078431372
RANDOM_0982	0.0985994397759103	0.200812169457365	0.3120448179271708	0.0532881059196848	0.1857518006932837	0.2012255170149907	0.5768167248765667	0.5610962140993027	0.6732676691921701	0.5490196078431373
RANDOM_0983	0.1123249299719888	0.2088929510532798	0.3949579831932773	0.0904913010176168	0.182184384648825	0.2806652806652807	0.4161407547733612	0.40123696583702295	0.6104227546299096	0.5464985994397759
RANDOM_0984	0.1058823529411764	0.2094738192782702	0.2983193277310924	0.0850202429149797	0.1961522455747895	0.2815406499617026	0.4610740576527995	0.39309916643219284	0.6383898170099932	0.5299719887955182
RANDOM_0985	0.0969187675070028	0.2294704641100474	0.3467787114845938	0.045190939927782	0.2128394557319969	0.2248604880183827	0.5299949188957738	0.4864455810414547	0.6690218974762429	0.6014005602240896
RANDOM_0986	0.1070028011204481	0.2690456008564604	0.3848739495798319	0.0422568124355233	0.2374121398142844	0.2653463179778969	0.6008463750357226	0.5404780261045347	0.7693372173332077	0.7260504201680672
RANDOM_0987	0.0859943977591036	0.1807920568251044	0.2708683473389355	0.0515401871975692	0.1814380355359992	0.1628275977706647	0.3407950438667469	0.3025984356630998	0.3040880739407056	0.323249299719888
RANDOM_0988	0.1456582633053221	0.2457370074684431	0.3840336134453782	0.1141262720210088	0.2060318849835196	0.3360323886639676	0.5566700329286535	0.49075284132441843	0.8455750130867908	0.7610644257703081
RANDOM_0989	0.1070028011204481	0.2613485631194718	0.3803921568627451	0.075172338330233	0.1966290147780055	0.2659079721658033	0.6122700516733072	0.5650795872550728	0.808095358026376	0.7322128851540616
RANDOM_0990	0.1313725490196078	0.2157394334021202	0.3633053221288515	0.0817376080533975	0.2248152667188475	0.2854798117956013	0.5066406916234323	0.42992958553361027	0.5566284425404323	0.3969187675070028
RANDOM_0991	0.1212885154061624	0.1944980471131684	0.3557422969187675	0.0508808403545245	0.1920248107995903	0.2263923842871211	0.4663772646829311	0.4510854710154695	0.5633192748470394	0.473109243697479
RANDOM_0992	0.0887955182072829	0.2360993581503276	0.3257703081232493	0.1096460033375041	0.248979786778401	0.3509136667031404	0.6011171502495433	0.5716961344785741	0.6481156911353828	0.4050420168067227
RANDOM_0993	0.0872610128899483	0.2297938778782536	0.2372549019607843	0.0521938942991574	0.2084629868002022	0.2093226830068935	0.5522234098037182	0.5137264595476145	0.5355246213167406	0.4736694677871148
RANDOM_0994	0.1526610644257703	0.266809129367435	0.442016806722689	0.0763801500295188	0.2224919210605942	0.3224641645694277	0.5465502125013976	0.49939412977104847	0.7382393244854425	0.5969187675070028
RANDOM_0995	0.1061428265277385	0.2119098873813805	0.3156862745098039	0.0473793631688368	0.1766019497363417	0.2204836415362731	0.4700439197576037	0.4544839432042537	0.5256372546097	0.2789915966386554
RANDOM_0996	0.1543417366946778	0.2409326441561537	0.3602240896358543	0.0867709815078236	0.1941180811927165	0.2975161396214028	0.5040822123370543	0.47859136356352483	0.746833637565233	0.6907563025210084
RANDOM_0997	0.1142937183277653	0.2007376125091239	0.3019607843137254	0.0747346536820221	0.1796474020845548	0.2500273552905132	0.411387853713852	0.3846576264959542	0.5159344534340962	0.5190476190476191
RANDOM_0998	0.1406162464985994	0.304547529337793	0.4028011204481793	0.1235364919575445	0.2231100348865466	0.3550716708611445	0.6227710729993783	0.6044234452276303	0.847154701026984	0.8072829131652661
RANDOM_0999	0.134733893557423	0.2238066182726335	0.3789915966386554	0.0303096618886092	0.2027957554399892	0.2504650399387241	0.5995558540773702	0.5583330927616135	0.7139102749138495	0.6280112044817927
RANDOM_1000	0.1170868347338935	0.223316622642904	0.3187675070028011	0.0727650727650727	0.2057189509338934	0.2568114673377831	0.5239278856112691	0.46877728106153066	0.703924627512795	0.5915966386554622
RANDOM_1001	0.1030812324929972	0.2229106589777881	0.3179271708683473	0.0832877331980815	0.1996069667334574	0.3169931064667907	0.514028867855203	0.4677896954461597	0.6304042825402135	0.4389355742296918
RANDOM_1002	0.1109243697478991	0.2241018406040728	0.3165266106442577	0.0926797242586716	0.1851921360319885	0.2913885545464493	0.5119421848071234	0.46006471297237533	0.6267557369422432	0.5280112044817927
RANDOM_1003	0.0910364145658263	0.220369219207644	0.3448179271708683	0.0712331764963343	0.2141252181413894	0.3183061604114235	0.4481251402122672	0.3884691073891005	0.5076100229417723	0.4072829131652661
RANDOM_1004	0.1072829131652661	0.257114705601932	0.3113072495407463	0.0576649524017945	0.1979660922406912	0.220921326184484	0.5630219059996014	0.5443456818319162	0.6918913891779889	0.511204481792717
RANDOM_1005	0.1207282913165266	0.2112701672030405	0.3473389355742297	0.0408140934456724	0.1766465859164669	0.1834992887624466	0.4187679676879844	0.3772360797310135	0.6309023605016887	0.5882352941176471
RANDOM_1006	0.1212885154061624	0.2912540809099546	0.3915966386554622	0.077815477403201	0.2456272170616417	0.3073640442061495	0.575932059877346	0.5471720088931434	0.6934431365737038	0.6490196078431373
RANDOM_1007	0.0896358543417367	0.2493145561741853	0.3095238095238095	0.0845825582667688	0.2368788054648332	0.3128351023087865	0.5474202936974173	0.540154062295262	0.6301616511085661	0.6834733893557423
RANDOM_1008	0.1658263305322128	0.2433170184317857	0.4487394957983193	0.1095305832147937	0.2052159235158501	0.35529051318525	0.4178733988371197	0.3826243927302303	0.594766089475207	0.4400560224089636
RANDOM_1009	0.1179271708683473	0.2189670339668003	0.3579831932773109	0.024667040957346	0.2054994645141921	0.1929095086989823	0.4763965786546006	0.42523965746030795	0.497408906864615	0.4207282913165266
RANDOM_1010	0.1220718565439479	0.229362675975324	0.3994397759103641	0.1066856330014224	0.2068949439644021	0.3198380566801619	0.4751568143485595	0.4527868334982751	0.6604637584622947	0.530812324929972
RANDOM_1011	0.0943977591036414	0.215737036508469	0.3490196078431372	0.0690447532552795	0.2011366174967292	0.2360214465477623	0.5520128118064538	0.5156548426359437	0.711431603347013	0.580952380952381
RANDOM_1012	0.0686274509803921	0.1965438196713619	0.2630252100840336	0.0309661888609257	0.1598383651019544	0.1392931392931393	0.3760224313528198	0.3165882635653916	-0.1005120427365669	-0.0361344537815126
RANDOM_1013	0.1196078431372549	0.2198816183728644	0.2963585434173669	0.1128132180763759	0.212131595471964	0.3524455629718787	0.4602158041263801	0.453758281567104	0.6101749413799831	0.561344537815126
RANDOM_1014	0.0686274509803921	0.2161629794291947	0.2280112044817927	0.057446110077689	0.2259721163589157	0.2248604880183827	0.571219454189671	0.5076269909003124	0.4872701247042332	0.473109243697479
RANDOM_1015	0.1120448179271708	0.221146506275001	0.3718747820590894	0.0753911806543385	0.1927139827559688	0.2757072514173758	0.3553219483560866	0.3160250032016105	0.4186825555377992	0.472829131652661
RANDOM_1016	0.107563025210084	0.2281618439643614	0.3579831932773109	0.0894527328180559	0.2198546353304719	0.2530911478279899	0.5373325834335752	0.5019758190449262	0.7896309590532719	0.7980392156862746
RANDOM_1017	0.0901960784313725	0.2043153457858039	0.349859943977591	0.0981507823613086	0.2018266513309449	0.306269832585622	0.4662578767653199	0.4293359472981115	0.6311690994475391	0.5932773109243697
RANDOM_1018	0.0972056869111141	0.2276520942649028	0.2605042016806723	0.0613852719115877	0.2344617631965712	0.2465258781048254	0.5152946144784891	0.47153195736820624	0.4962158230506933	0.4795518207282913
RANDOM_1019	0.0795518207282913	0.1927610439755217	0.3053221288515406	0.0622606412080096	0.1702575529350507	0.1635846372688477	0.3773123322746866	0.3613128578962044	0.5558476180861602	0.4582633053221288
RANDOM_1020	0.0963585434173669	0.2090378952910932	0.2624649859943977	0.0885820848601584	0.2303130923401901	0.2979538242696137	0.4978479685749235	0.4936200261631956	0.4938809332065549	0.503641456582633
RANDOM_1021	0.0599439775910364	0.1892910394305521	0.2868347338935574	0.0850202429149797	0.1820007690605606	0.3093336251230988	0.4304303135203047	0.3880304564256881	0.677808476796836	0.6851540616246499
RANDOM_1022	0.1246498599439775	0.2472590886834241	0.3336134453781512	0.0314303187397433	0.2186846168690022	0.1600831600831601	0.497757703603944	0.4642832488878347	0.431933072745305	0.3820728291316526
RANDOM_1023	0.1221288515406162	0.2448854820296876	0.3630252100840336	0.1034029981398402	0.2037249636877103	0.3399715504978663	0.5460667264923059	0.5023248124580695	0.6933771880703783	0.6322128851540616
RANDOM_1024	0.06890756302521	0.2295736627135306	0.2078431372549019	0.0241820768136557	0.1971251094033021	0.1381989276726118	0.5797522733581354	0.5374937856664675	0.3700324269354156	0.3677871148459384
RANDOM_1025	0.1610644257703081	0.210197869237525	0.4277310924369747	0.0950869898238319	0.1852657877461355	0.3535397745924061	0.4088814846702771	0.3918552854374991	0.4382783684298544	0.4521008403361344
RANDOM_1026	0.0551820728291316	0.2524781447739683	0.3056022408963585	0.0535069482437903	0.2155725163041564	0.1793412846044424	0.5777363844302529	0.5767983802362517	0.7713785847102524	0.7260504201680672
RANDOM_1027	0.0775910364145658	0.2152095731702374	0.3212885154061625	0.1053725790567895	0.2371289152486743	0.3502571397308239	0.5893893372286506	0.5407904887106046	0.7033254308712434	0.5831932773109244
RANDOM_1028	0.134453781512605	0.2814712752760319	0.3456582633053221	0.0721243313765252	0.2209339831154502	0.2808994915842046	0.5760070172870743	0.5589544983445046	0.7464841302516945	0.6221288515406163
RANDOM_1029	0.0775910364145658	0.2303864294375216	0.2313725490196078	0.0471605208447313	0.2349969709748343	0.2482766166976693	0.5037980728686681	0.43709735542939354	0.5937624540741072	0.5028011204481793
RANDOM_1030	0.1047619047619047	0.2169876844205396	0.3697478991596639	0.0453300351581068	0.1364134956956104	0.215012583433636	0.3635743831832985	0.32767945046717906	0.5822973883902982	0.4523809523809524
RANDOM_1031	0.0616246498599439	0.1882346976987131	0.1991596638655462	0.0456286245759929	0.1615815666362071	0.2088849983586825	0.4063626534672775	0.34159717549650864	0.3573372135097415	0.3400560224089636
RANDOM_1032	0.1162464985994397	0.2554346406426296	0.3557422969187675	0.0709087925775475	0.2284451986081133	0.3086770981507823	0.5476337920680151	0.48314022322109534	0.7728686163170845	0.7224089635854342
RANDOM_1033	0.0755155513766359	0.1802360307505918	0.2623754867403038	0.0729839150891782	0.1702244516180559	0.2327388116861801	0.318638106885999	0.2696239665127693	0.2981245317083827	0.2277310924369747
RANDOM_1034	0.1107995479657517	0.2421313849131791	0.3066041046807332	0.032498085129664	0.2131031037087372	0.1694933800196958	0.6168962316455322	0.5536664923584398	0.6356134712898747	0.5733893557422969
RANDOM_1035	0.0795573921693268	0.2121251158995797	0.2937498593662052	0.0524127366232629	0.2123731902802208	0.295672156704527	0.4824618077944529	0.39270298249710395	0.6646103132441094	0.7187675070028011
RANDOM_1036	0.1484697811610677	0.2979715470616776	0.4445378151260504	0.1254309654073909	0.2323394905185025	0.3833023306707517	0.5462468465174373	0.49580038837163554	0.8163195649892703	0.7756302521008404
RANDOM_1037	0.0823529411764705	0.19298107563916	0.2988795518207283	0.0472634216758173	0.216288041182622	0.1688368530473793	0.5352859777179412	0.4846952133954905	0.704485409181946	0.5495798319327732
RANDOM_1038	0.0862745098039215	0.1929069749794633	0.3064425770308123	0.051537367326841	0.17837553409251	0.2176386913229018	0.4183592482385973	0.3930540670054557	0.5256634715620652	0.372829131652661
RANDOM_1039	0.1148459383753501	0.2366015602955541	0.4288515406162465	0.1009957325746799	0.1924970146264351	0.2708173760805339	0.4007302021852402	0.36586443419920994	0.7141229244412829	0.7173669467787115
RANDOM_1040	0.080672268907563	0.1755206072734065	0.2991596638655462	0.0708304683027787	0.1984657412099046	0.2502461976146187	0.4557398917323467	0.4346953793299758	0.6000730603427208	0.5596638655462185
RANDOM_1041	0.0439775910364145	0.2102350694190188	0.0887955182072829	0.038406827880512	0.1874742446067742	0.1885326622168727	0.4410213092564808	0.4327222017326926	0.3532747772328468	0.3445378151260504
RANDOM_1042	0.0434173669467787	0.1962453049401926	0.1983193277310924	0.0605099026151657	0.164226238248172	0.2808841229893861	0.3406464670501058	0.2846954975251535	0.1059993477180552	-0.0137254901960784
RANDOM_1043	0.134453781512605	0.2188845247136117	0.3086834733893557	0.0694824379034905	0.1947136065772805	0.2701608491082175	0.4050766980442483	0.31398187555986323	0.5127881415676155	0.3985994397759104
RANDOM_1044	0.1711484593837535	0.2674159842901762	0.4106442577030812	0.148703359229675	0.247366412962434	0.4277273224641645	0.5148069993749382	0.48995277982764396	0.6972634240230045	0.6400560224089635
RANDOM_1045	0.1047619047619047	0.2582968964698069	0.4011204481792717	0.0911478279899332	0.2295649354803424	0.3703906335485283	0.5867154027237603	0.5539165920847253	0.7705382995799966	0.7672268907563026
RANDOM_1046	0.0624649859943977	0.2015863197014272	0.2324929971988795	0.0808622387569756	0.1911464798113802	0.2911697122223438	0.3398443513106891	0.31948177499935426	0.687870396029504	0.6781512605042017
RANDOM_1047	0.0803921568627451	0.201716981223514	0.2913165266106443	0.020680599627968	0.2193967602613467	0.148703359229675	0.4748016931775758	0.45391971122846536	0.5762618878791878	0.5467787114845938
RANDOM_1048	0.0988795518207282	0.2107583751043062	0.3066239969949331	0.1318597145925074	0.2159886341875258	0.3360323886639676	0.4512906863373806	0.4257941044987594	0.639692853568736	0.592436974789916
RANDOM_1049	0.1010341792878824	0.2018963502113116	0.3030812324929972	0.0495677864098916	0.1921654965750173	0.1834992887624466	0.5314599155728461	0.4852649727943722	0.405835273050065	0.315126050420168
RANDOM_1050	0.0943977591036414	0.248399734589093	0.3722689075630252	0.099244993981836	0.1941046047154037	0.2789145420724368	0.5238712742590922	0.457805370482715	0.774213721857041	0.7504201680672269
RANDOM_1051	0.1310924369747899	0.2282135847521158	0.3901960784313725	0.1036218404639457	0.1710028427345389	0.2789145420724368	0.4039701800758914	0.3506303338369652	0.5512369601600178	0.5274509803921569
RANDOM_1052	0.0893557422969187	0.1882073840391584	0.3050420168067227	0.0277138954749116	0.171538296754297	0.2368968158441842	0.3689891916265817	0.32774465049312657	0.5611297028377655	0.5380952380952381
RANDOM_1053	0.0675070028011204	0.2060333014379988	0.2661064425770308	0.0314038735091366	0.2106003157768695	0.1587701061385271	0.4971877461313879	0.47229665860943654	0.5971873539301153	0.5378151260504201
RANDOM_1054	0.0983193277310924	0.2468623646082487	0.3504201680672268	0.0793676701260469	0.2629935581135045	0.300798774482985	0.596467921984168	0.5548423890828438	0.7796368469144427	0.7224089635854342
RANDOM_1055	0.0969187675070028	0.2907661246489226	0.2560224089635854	0.0846966133565151	0.2039586354387	0.3036437246963562	0.5448124512907059	0.48131428212692134	0.8541277775203929	0.803921568627451
RANDOM_1056	0.1226890756302521	0.1904112821621503	0.3162464985994397	0.0247000278205919	0.1883056208434454	0.1736513841776999	0.4539577588267441	0.427670176180007	0.6875844751652433	0.6879551820728291
RANDOM_1057	0.1008403361344538	0.2295638079357678	0.3033613445378151	0.0524127366232629	0.1843175955738464	0.2056023634971003	0.460625335723505	0.4462177315497085	0.6565325567268735	0.6184873949579832
RANDOM_1058	0.1298410256002922	0.2802475690770749	0.3271708683473389	0.0521967500918058	0.2755549547812948	0.1493598862019914	0.6703706358992804	0.6270908921428938	0.5733871981135987	0.4635854341736695
RANDOM_1059	0.0932773109243697	0.2250466346919658	0.3246498599439776	0.0672940146624357	0.2062435527483757	0.2104168946274209	0.4522418256390604	0.4089555845653053	0.4306996094405407	0.4543417366946778
RANDOM_1060	0.0798319327731092	0.2116854106825549	0.2240896358543417	0.0298719772403982	0.185235345821869	0.1550837292269139	0.4174397330249223	0.39142049346911223	0.4558431641104095	0.4411764705882353
RANDOM_1061	0.2044817927170868	0.2623110409880747	0.3737912620679929	0.1322901849217638	0.2442132000555884	0.3642630484735747	0.4731547021900356	0.43832772558041194	0.8326349385081718	0.7140056022408964
RANDOM_1062	0.0787114845938375	0.2464843909829865	0.1683473389355742	0.0559142138089506	0.1892107250175086	0.1782470729839151	0.4975551275231269	0.4706957492401806	0.6314300435821563	0.6100840336134454
RANDOM_1063	0.1425770308123249	0.2648403717917045	0.4117647058823529	0.0935755740924569	0.2388305557497476	0.3657949447423131	0.606794010429723	0.5872939752736623	0.8386350121568498	0.7089635854341737
RANDOM_1064	0.1414565826330532	0.2553910405575724	0.4322128851540616	0.1043089195377254	0.2344232346793044	0.360761571287887	0.5361488627860558	0.46464915221933706	0.6559895745312566	0.6526610644257703
RANDOM_1065	0.0932773109243697	0.2159602314892364	0.2781512605042017	0.0714520188204398	0.1845343427739192	0.2662216872743188	0.484756204874388	0.4021326332861673	0.642595429529308	0.5260504201680672
RANDOM_1066	0.0993693306359981	0.2239661846235714	0.3098039215686274	0.0454097822518875	0.218542736451995	0.215012583433636	0.4955303363564408	0.4291003695294802	0.631287647436141	0.5605042016806723
RANDOM_1067	0.1204481792717087	0.2297207211360653	0.334453781512605	0.0887405624247729	0.1957542588584967	0.3051756209650946	0.530460112624712	0.48040298681025256	0.7540316788135331	0.6568627450980392
RANDOM_1068	0.1145658263305322	0.2176161957879542	0.3120448179271708	0.0775796038953933	0.1976918823907371	0.3115220483641536	0.5281193624995402	0.4973794722365229	0.6368959128818384	0.5509803921568628
RANDOM_1069	0.1061922148716802	0.2239019106864893	0.3865546218487395	0.0891782470729839	0.186160848146699	0.2902943429259219	0.4806387054320046	0.4318413464851246	0.6027380496409851	0.4540616246498599
RANDOM_1070	0.0792717086834734	0.2196291352111189	0.2974789915966386	0.0552576868366342	0.1784325992004007	0.1233176496334391	0.4525290422656898	0.4215034931795346	0.4853387429305048	0.4425770308123249
RANDOM_1071	0.1736694677871148	0.2647288310287953	0.4932773109243697	0.1301302428022588	0.2348624954662887	0.3399715504978663	0.5877880715305822	0.5674647331684115	0.7496949781876865	0.7
RANDOM_1072	0.1070028011204481	0.2326442757486025	0.3131652661064426	0.0646679067731699	0.2216883578097125	0.2778203304519094	0.6031345663570393	0.591358537773825	0.73078500074806	0.6683473389355742
RANDOM_1073	0.0971988795518207	0.1850985216986692	0.284313725490196	0.0958567982685774	0.2204304689535637	0.3064779284091673	0.3956191742345	0.35698247453507154	0.5734518159147277	0.5756302521008403
RANDOM_1074	0.1098039215686274	0.2246195227974317	0.311484593837535	0.0585403216982164	0.1996249490005464	0.2491519859940912	0.5059451727451312	0.4674351896287001	0.7002644964065883	0.6352941176470588
RANDOM_1075	0.1271708683473389	0.225910100333483	0.2899159663865546	0.0701389648758069	0.2293015559223649	0.2234876428110295	0.4748053726405641	0.41595219586022897	0.7160950215477412	0.6764705882352942
RANDOM_1076	0.1128851540616246	0.2291827181757647	0.3529411764705882	0.0974942553889922	0.2225276880497806	0.3121785753364701	0.5098090964996583	0.48648880793842486	0.6961158145482453	0.6098039215686275
RANDOM_1077	0.092156862745098	0.1918527758079889	0.2540616246498599	0.0655432760695918	0.1936708405654709	0.2235474340737498	0.4426414093460938	0.3787598569450734	0.44450597678646	0.3543417366946779
RANDOM_1078	0.1330532212885154	0.2232728012201925	0.346218487394958	0.0809983574347647	0.1765942067742084	0.3224641645694277	0.335072920368564	0.30631851417037614	0.500585587819631	0.3795518207282913
RANDOM_1079	0.1072829131652661	0.2170267770042919	0.2638655462184874	0.1029653134916292	0.2050364069957948	0.3631688368530474	0.4283699517732205	0.3884611426972018	0.6136264233956378	0.5619047619047619
RANDOM_1080	0.061344537815126	0.2467396746472385	0.2294117647058823	0.0469416785206258	0.2286441022206958	0.2342707079549184	0.61670460493156	0.5866417058859693	0.8345341076856431	0.7179271708683473
RANDOM_1081	0.0521008403361344	0.2420956316502198	0.2414565826330532	0.045190939927782	0.2055136332809136	0.1388554546449283	0.4761090284438694	0.4154992519229466	0.470604416492905	0.3714285714285714
RANDOM_1082	0.0983193277310924	0.2558035120813849	0.3473389355742297	0.063354852828537	0.203032753369791	0.2371156581682897	0.6105541761915511	0.5744037686925314	0.8177318747220674	0.8134453781512605
RANDOM_1083	0.1187679287509405	0.2280435230300556	0.2703081232492997	0.0403764087974614	0.1864773019491824	0.1813108655213918	0.4854199838201977	0.47661308401920427	0.6994970262736637	0.6918767507002801
RANDOM_1084	0.1445378151260504	0.2315171769819305	0.4089635854341736	0.0681693839588576	0.1932721572239592	0.2953277163803479	0.4537376831371795	0.39268575425455066	0.4936953729364104	0.2747899159663866
RANDOM_1085	0.1232492997198879	0.21912393193734	0.376750700280112	0.0854579275631907	0.1830142630879031	0.2255170149906992	0.4166490384999921	0.37574439747089045	0.6107226107676073	0.673109243697479
RANDOM_1086	0.0706080162207478	0.1849720702388774	0.2565826330532212	0.033373454426086	0.182832478479621	0.1568005252215778	0.3201596077445863	0.2898235191365575	0.0577957581490194	0.0722689075630252
RANDOM_1087	0.1225576023735228	0.2289835397487548	0.4022408963585434	0.1113056828678698	0.2616561037546062	0.3546339862129335	0.5379769680659069	0.4726596168502876	0.7334218680317256	0.5397759103641456
RANDOM_1088	0.1219973390483867	0.2785341227088852	0.4098039215686274	0.076281778292698	0.2447087787348459	0.367107998686946	0.6565267866119119	0.6340904932560296	0.8609945598114123	0.692156862745098
RANDOM_1089	0.0925835144787412	0.2716943657838078	0.2397759103641456	0.0672940146624357	0.1985901347336695	0.2579056789583105	0.4850297240311972	0.43759012269440184	0.448476322878683	0.3431372549019608
RANDOM_1090	0.0529560121655608	0.1675696625469046	0.192156862745098	0.0405952511215669	0.1631154817927922	0.1540952253783293	0.3960416759739045	0.355745886708795	0.1327871873395864	0.1554621848739495
RANDOM_1091	0.1137254901960784	0.2411344814425499	0.3661064425770308	0.0703578071999124	0.214451776484095	0.2001313053944632	0.5273181921846503	0.49802347594617913	0.6229004377701947	0.5184873949579832
RANDOM_1092	0.1212885154061624	0.2110321191264662	0.2907563025210084	0.0473793631688368	0.1642102566535162	0.2447751395119816	0.4316765175104491	0.35928966305307336	0.4986912728963422	0.1607843137254902
RANDOM_1093	0.0994397759103641	0.2623275912046199	0.3722689075630252	0.0513185250027355	0.2323694136410959	0.1738084742717598	0.6129506849750082	0.576541268916448	0.7337830987051525	0.7745098039215687
RANDOM_1094	0.1448179271708683	0.2725646961380305	0.4148459383753501	0.1101871101871102	0.2598921706670382	0.3347193347193347	0.6302390936778981	0.6048049204518513	0.8149902711629308	0.6675070028011204
RANDOM_1095	0.0988087138199981	0.1930572153672277	0.3448179271708683	0.0500054710581026	0.1622428404335718	0.2246416456942772	0.3844872667874797	0.3890289149724446	0.2273921224119275	0.2817927170868347
RANDOM_1096	0.1165266106442577	0.2277764925314508	0.3336134453781512	0.1036218404639457	0.2420645849354906	0.2681912681912682	0.594672630923291	0.5779818028120752	0.7755046495419589	0.742577030812325
RANDOM_1097	0.1067226890756302	0.1954643447369631	0.32296918767507	0.0742969690338111	0.182177649254381	0.2261859170644919	0.4192212500182614	0.3932576273320883	0.4351643786534973	0.442016806722689
RANDOM_1098	0.0958251648710148	0.2311088594219617	0.3145658263305322	0.0650393135111804	0.2135135522072686	0.2283619652040704	0.514967784019698	0.4735743092664554	0.6101665098596074	0.5005602240896359
RANDOM_1099	0.0953848311044218	0.2080125831537941	0.3112044817927171	0.0556953714848451	0.2276854644352516	0.2294561768245978	0.5929342877517471	0.575307685719112	0.6988012308025918	0.6481792717086835
RANDOM_1100	0.1448179271708683	0.2571264103208078	0.34593837535014	0.0839260312944523	0.2543302792147301	0.2616403133532657	0.5780576227053333	0.5081711746050596	0.763916425877833	0.7980392156862746
RANDOM_1101	0.0703081232492997	0.2290373107946552	0.2495798319327731	0.0834883466462413	0.2359389718903197	0.3069263595579385	0.5617851350837468	0.5366194380225855	0.7559530797215596	0.7899159663865546
RANDOM_1102	0.0985994397759103	0.2491295290993261	0.3358543417366946	0.0858956122114016	0.2271951141216843	0.3647007331217857	0.5479240458907951	0.5162575537618447	0.741810859457326	0.642296918767507
RANDOM_1103	0.103641456582633	0.2423609974901627	0.3084033613445378	0.0495677864098916	0.2015510670915995	0.1926906663748769	0.5479010860920237	0.5125703164721925	0.5693532726644006	0.4725490196078431
RANDOM_1104	0.161344537815126	0.2556730315836573	0.4456582633053221	0.0964000437684648	0.2655475591464243	0.3327497538023853	0.5686610307332672	0.5153570898106651	0.8816975778533211	0.7904761904761904
RANDOM_1105	0.1607843137254902	0.2820095554986949	0.4585434173669467	0.1187219608272239	0.2001557052773032	0.3355947040157566	0.5081479464950317	0.5071603175705701	0.6561386816592286	0.630812324929972
RANDOM_1106	0.1476190476190476	0.2235200802994304	0.3703081232492997	0.0865521391837181	0.2306694395464804	0.3419411314148156	0.4816497815719295	0.4455571635921232	0.4575868668884722	0.2731092436974789
RANDOM_1107	0.0890756302521008	0.2390787520084471	0.3011204481792717	0.0940133545560473	0.1809532562910161	0.2935769777875041	0.4925648631104614	0.45007051374242546	0.6635096137438419	0.7260504201680672
RANDOM_1108	0.097506308114366	0.1958150823006596	0.3857142857142857	0.0770749144520563	0.1802807174196329	0.2255170149906992	0.3705742780700924	0.34947181265681365	0.3889029232989977	0.2605042016806723
RANDOM_1109	0.092182687843754	0.2378491436270558	0.3543417366946779	0.0804245541087646	0.2120840720431707	0.2784768574242258	0.3787612488077884	0.36619097176586546	0.6208814510003957	0.530812324929972
RANDOM_1110	0.1005602240896358	0.2290026017382204	0.3162464985994397	0.0670751723383302	0.274218372780011	0.3390961812014443	0.5818181669847817	0.5568021546720557	0.6569346042600944	0.6002801120448179
RANDOM_1111	0.1579831932773109	0.2460244270440137	0.3302521008403361	0.0876463508042455	0.2095709586384013	0.2384003306637575	0.5341472082631659	0.5089104226248791	0.6793894362008922	0.6327731092436975
RANDOM_1112	0.1655462184873949	0.251268141554233	0.4336134453781513	0.0863332968596126	0.2207627954416239	0.3718098460509692	0.5833704200565262	0.5391309632239073	0.6606341559921057	0.511204481792717
RANDOM_1113	0.0683473389355742	0.1968258883011266	0.2128851540616246	0.0628785419835163	0.2100153137303091	0.2443374548637706	0.4240192004185418	0.38897931869774155	0.4274073385099355	0.3464985994397759
RANDOM_1114	0.0994676418982757	0.2017549700012812	0.3084033613445378	0.0701389648758069	0.2297590366279873	0.366670314038735	0.5036162447257303	0.46695040219652145	0.5304280510376866	0.3565826330532213
RANDOM_1115	0.1117647058823529	0.2002426644573311	0.292156862745098	0.057008425429478	0.1921338183362426	0.2073531020899442	0.4370674220990379	0.37186367250863134	0.4442607196875972	0.4243697478991596
RANDOM_1116	0.1470588235294118	0.2299508466310964	0.3397759103641457	0.0672940146624357	0.1856595984759247	0.269942006784112	0.4776009254370753	0.45351717180747986	0.6146977057514025	0.5198879551820729
RANDOM_1117	0.1380952380952381	0.2493361880007769	0.3851540616246499	0.1145639566692198	0.2450318472966267	0.3082394135025714	0.5611005422755635	0.5228504103222591	0.8144931461500526	0.7207282913165266
RANDOM_1118	0.0938375350140056	0.2207719819598566	0.2764705882352941	0.1009957325746799	0.2001255448425859	0.349381770434402	0.4888703010364308	0.4677044876571252	0.6748535922986434	0.5515406162464986
RANDOM_1119	0.1179364739197095	0.2212678716522268	0.3380952380952381	0.0896159317211948	0.1749930911407663	0.2403982930298719	0.2720583423655749	0.2695762678480129	0.2903854963907321	0.3490196078431372
RANDOM_1120	0.1224089635854341	0.2203057142547111	0.2744219314319948	0.0885217201006674	0.2132312965909521	0.2870117080643396	0.5226271352752846	0.47945759943406807	0.6726392005383571	0.588515406162465
RANDOM_1121	0.0946778711484594	0.1933598073746623	0.2288515406162465	0.045190939927782	0.1880844082551653	0.1743079111500164	0.518729370209919	0.509166663236711	0.6005222695303793	0.5243697478991597
RANDOM_1122	0.1781512605042017	0.2445260556222585	0.3899159663865546	0.0957435167961483	0.2401133711407323	0.3429446850895587	0.5393058101312256	0.5082127774571457	0.6869172037209242	0.6061624649859944
RANDOM_1123	0.1183556274350021	0.2125944170496751	0.3042016806722689	0.0872086661560345	0.2078403100378634	0.2200459568880621	0.433455385792675	0.40872927736316433	0.6685013474454081	0.5140056022408963
RANDOM_1124	0.088235294117647	0.191733125324039	0.2439775910364145	0.0353430353430353	0.1787265919915345	0.1622715833242149	0.3666107227072819	0.3559585714418573	0.5357186875681899	0.4310924369747899
RANDOM_1125	0.0843955736097492	0.1827063352749437	0.2310924369747899	0.0826129773498194	0.2028112258707449	0.2695043221359011	0.4065162070802738	0.37849764272240577	0.5398815503396777	0.5932773109243697
RANDOM_1126	0.0983193277310924	0.2068006996235325	0.3115064087756741	0.0178551974798838	0.2122855506862738	0.0320604004814531	0.5405205832580777	0.5090102251625935	0.6788204287322994	0.6364145658263305
RANDOM_1127	0.1504201680672269	0.2222706840476573	0.4131652661064425	0.0543823175402122	0.227180020653613	0.2489331436699857	0.4965194745459791	0.45008463044327107	0.6190262238118609	0.4484593837535014
RANDOM_1128	0.1375350140056022	0.2038014313717767	0.3296918767507003	0.1023087865193128	0.1949020862352895	0.2773826458036984	0.3945621264169318	0.3318134851838018	0.5551499961955852	0.580952380952381
RANDOM_1129	0.0739495798319327	0.2048656890672307	0.2596638655462185	0.0546011598643177	0.2045136415561142	0.2084473137104716	0.4065064276299687	0.3428912191609713	0.3449555816374305	0.2473389355742297
RANDOM_1130	0.0952380952380952	0.2144197459499336	0.3044817927170868	0.0646679067731699	0.2039501594610363	0.2598752598752599	0.4522436355852979	0.3932755594896483	0.6028704993818566	0.5067226890756302
RANDOM_1131	0.1610644257703081	0.2118512271461922	0.388515406162465	0.0655432760695918	0.1740180859762258	0.2802275960170697	0.4526161061286932	0.43801744065115394	0.586613031024059	0.5324929971988795
RANDOM_1132	0.115126050420168	0.213430152403173	0.2677871148459383	0.071381661669231	0.1729699423152782	0.2517918699397174	0.4048424638195265	0.37022145305124293	0.3836464318015408	0.2890756302521008
RANDOM_1133	0.1238095238095238	0.2078035415311263	0.3364145658263305	0.0880840354524565	0.1929752281844675	0.2918262391946602	0.4747418276551773	0.42857062491372894	0.6121186888469208	0.4535014005602241
RANDOM_1134	0.134733893557423	0.2270481397954698	0.3529411764705882	0.0767042345989714	0.1905362769230292	0.3010176168070905	0.3868096034079245	0.3673931547596806	0.5445120948396921	0.3913165266106442
RANDOM_1135	0.0812381821447351	0.1864941155645046	0.2375350140056022	0.0160849108217529	0.1596880428734856	0.1191596454754349	0.3578770947159433	0.31738821363986475	0.2694937196786076	0.126890756302521
RANDOM_1136	0.0655462184873949	0.1552921386698434	0.2105189444198912	0.038844512528723	0.1512525655254617	0.1349162928110296	0.474225999858906	0.45645634654051226	0.5583893447894143	0.5952380952380952
RANDOM_1137	0.1184873949579832	0.2344332922318097	0.3672268907563025	0.111937848779954	0.2151899385124681	0.3833023306707517	0.4837527117525713	0.4897662158797224	0.6247779777578245	0.62296918767507
RANDOM_1138	0.0547657400320542	0.2300537600636628	0.2358543417366946	0.1047160520844731	0.2125218478058973	0.2699819914536997	0.5366560940319193	0.48220082907706713	0.5961872930740353	0.5549019607843138
RANDOM_1139	0.0733893557422969	0.229814635583474	0.2581640437679951	0.0616041142356931	0.1580337655901091	0.2185140606193237	0.3771163897302076	0.3235242829562185	0.1657731904728246	0.0893557422969187
RANDOM_1140	0.1078431372549019	0.2249720477800455	0.3473389355742297	0.1007768902505744	0.1952347650118975	0.3188109367341467	0.4663401024733539	0.4268204396208676	0.5930220667376745	0.4638655462184874
RANDOM_1141	0.0904761904761904	0.1883062169800364	0.2764705882352941	0.0327169274537695	0.1855322699766021	0.0922420396104606	0.4538911120375959	0.40333524774743285	0.2164985428127397	0.1887955182072829
RANDOM_1142	0.103641456582633	0.225929752573349	0.269187675070028	0.0217748112484954	0.2196265813787599	0.1940037203195098	0.5246480742616872	0.49482927364214535	0.5637511816866835	0.5207282913165266
RANDOM_1143	0.0705931789671491	0.232736557068232	0.315406162464986	0.0530692635955793	0.2184661584398919	0.2596564175511544	0.4935159797790505	0.47077599888946337	0.6971194311153256	0.65406162464986
RANDOM_1144	0.1493415581176927	0.2163321787341332	0.3997198879551821	0.1169712222343801	0.1918935317208994	0.3178684757632126	0.2821953000782244	0.26797908089607153	0.5193750069323687	0.5187675070028012
RANDOM_1145	0.1106442577030812	0.2173944094417175	0.3240896358543417	0.0624794835321151	0.2129393809784787	0.2695043221359011	0.4085352740241379	0.3516111060646855	0.1240050810071441	0.1551820728291316
RANDOM_1146	0.0819075139392392	0.2213331078182998	0.2568627450980392	0.0222124958967064	0.1918933502441937	0.124630703578072	0.523831692251488	0.5047716166106825	0.2250103170375987	0.2593837535014006
RANDOM_1147	0.161624649859944	0.2410616685013758	0.4294117647058823	0.1255747943782332	0.237965482553291	0.3997155049786628	0.4734751327621257	0.4410806107704857	0.6090048360346184	0.5436974789915966
RANDOM_1148	0.0938375350140056	0.2237540777617435	0.2885154061624649	0.0742969690338111	0.2394609126428619	0.2643967989742226	0.6058147863393626	0.59808033648112	0.7707355304383645	0.6935574229691877
RANDOM_1149	0.0974789915966386	0.1893910053082889	0.2820728291316526	0.0712331764963343	0.1933244815264344	0.2662216872743188	0.445634236652862	0.4318382070875778	0.4658129044283089	0.3131652661064426
RANDOM_1150	0.1145658263305322	0.2160231874199016	0.2994397759103641	0.0543942226011123	0.2234369593211222	0.2559921260845108	0.5496845001241769	0.5354589855384697	0.6008317100747408	0.5543417366946779
RANDOM_1151	0.1072829131652661	0.2372191418798062	0.3795518207282913	0.0613852719115877	0.1990402301595956	0.2391284734069714	0.51185034610639	0.48084090980819905	0.833047373055148	0.7504201680672269
RANDOM_1152	0.0605042016806722	0.2757716966943996	0.2319327731092437	0.039282197176934	0.2446108067563796	0.2237662763978553	0.6274778315436198	0.5821549106341654	0.6567104844788091	0.5792717086834734
RANDOM_1153	0.0820728291316526	0.2518944321578085	0.292436974789916	0.0528504212714739	0.2047894255226181	0.2193894299157457	0.4811865935421365	0.4412510544445928	0.6216302397417074	0.6078431372549019
RANDOM_1154	0.1626164301207543	0.2505959166333885	0.3859943977591036	0.0977130977130977	0.2279990679459131	0.4056242477295109	0.5097526349981029	0.4760960732181838	0.6826721606564946	0.54593837535014
RANDOM_1155	0.0941176470588235	0.2403172250144738	0.3212885154061625	0.0751887946216583	0.2042371235850166	0.3054111729690358	0.505453329053627	0.4483178829368646	0.5474590402800795	0.5235294117647059
RANDOM_1156	0.0913165266106442	0.1895023292103438	0.2781512605042017	0.0736404420614946	0.1630646261942446	0.2541853594485173	0.3155295275604752	0.2654029848748159	0.3239145873773286	0.1450980392156863
RANDOM_1157	0.0557422969187675	0.230587740974032	0.2621848739495798	0.0268375667642425	0.2041857858150128	0.2056086237407479	0.4787899308922567	0.43470911670219214	0.4286824941252309	0.2103641456582633
RANDOM_1158	0.1044817927170868	0.2166153311178431	0.2347338935574229	0.0561330561330561	0.2013581129212584	0.2791486571995737	0.5080099961088765	0.4678983070042819	0.5969579174718782	0.5291316526610644
RANDOM_1159	0.0862745098039215	0.2131356346000927	0.307843137254902	0.06235926306275	0.1836580083584958	0.2754130648867491	0.4380186152474724	0.3796149303985353	0.7098295735320383	0.4941176470588235
RANDOM_1160	0.1064425770308123	0.234827337998238	0.3773109243697479	0.1277357793441364	0.2264022616664678	0.3137104716052084	0.5071065095782953	0.45616415180676917	0.6551914346425554	0.6274509803921569
RANDOM_1161	0.0994397759103641	0.1697104665014339	0.296078431372549	0.1090928985665827	0.2312513341203613	0.3334062807747018	0.3730673318030228	0.3411179740167106	0.5074563202164749	0.3453781512605042
RANDOM_1162	0.1529411764705882	0.2107297882646427	0.3490196078431372	0.0738673670387393	0.1819808768397719	0.2233285917496444	0.4439850309210836	0.3932024048815765	0.575116010427816	0.4061624649859944
RANDOM_1163	0.0347338935574229	0.2178427770428808	0.2406162464985994	0.0480358901411532	0.1860731607763681	0.1924718240507714	0.3444717965696621	0.278124557740484	0.0639497352289692	0.0616246498599439
RANDOM_1164	0.1193277310924369	0.2048724229620184	0.3680672268907563	0.0300908195645037	0.1823548648014239	0.1108436371594266	0.343600762374185	0.3066929975372308	0.3221893283638684	0.2291316526610644
RANDOM_1165	0.0910364145658263	0.1993474990486542	0.2994397759103641	0.0773607615712878	0.1838567361472533	0.300361089834774	0.3581534718576896	0.351123916351597	0.6401822570857786	0.6579831932773109
RANDOM_1166	0.1138735208339132	0.2065995156495458	0.3138875279075026	0.060845367694787	0.1902340360968489	0.233176496334391	0.4300471894222779	0.3934320056338055	0.715670410257256	0.6252100840336134
RANDOM_1167	0.1187675070028011	0.2154626321622012	0.3358543417366946	0.062917168180326	0.1984266813742884	0.2802275960170697	0.4365823082663969	0.4027959229259987	0.6384206271516119	0.6210084033613446
RANDOM_1168	0.0841715322538599	0.1883613243276328	0.3050420168067227	0.0598533756428493	0.1630668886681458	0.1659919028340081	0.4116499288061162	0.36035595854562624	0.4634767766846645	0.3686274509803922
RANDOM_1169	0.0974789915966386	0.1822904160842963	0.251978430479963	0.0898347740453003	0.2224524523974689	0.263595579385053	0.3776253215117183	0.32588959196587775	0.2656028281304125	0.2252100840336134
RANDOM_1170	0.088235294117647	0.1975152822950529	0.246218487394958	0.0748481699429668	0.1981523091129401	0.28263486158223	0.460237083641126	0.4285828608562373	0.6656707326411324	0.6296918767507003
RANDOM_1171	0.1240896358543417	0.2612695688153641	0.384593837535014	0.0805667464875358	0.2301172446069318	0.3224641645694277	0.5777430762961059	0.5414782000858737	0.5659361556303296	0.403921568627451
RANDOM_1172	0.0899222636843447	0.1942217032785671	0.2854341736694678	0.0591968486705328	0.1803582752081581	0.2073531020899442	0.3286321192664037	0.29827196579269893	0.3348915190008261	0.3436974789915966
RANDOM_1173	0.0857142857142857	0.2525403200542033	0.2980392156862745	0.0749534960061275	0.2286736626604342	0.2747565379144326	0.5334358271365861	0.45702788526360383	0.7171513698837434	0.6627450980392157
RANDOM_1174	0.061344537815126	0.1729319088149976	0.2148459383753501	0.0335922967501914	0.1743831258205389	0.1568091045734963	0.4217687026382815	0.3835732938202362	0.40509149452837	0.3641456582633053
RANDOM_1175	0.130812324929972	0.2738612093567369	0.4173669467787115	0.1009957325746799	0.2062603574262764	0.3016741437794069	0.6092753013583094	0.5895292558814877	0.8816172052950598	0.8212885154061624
RANDOM_1176	0.0932773109243697	0.1994065523762943	0.257422969187675	0.0438778859831491	0.1864949628629046	0.1477407501907634	0.4059490095121187	0.3638050061020049	0.1665518419370724	0.192156862745098
RANDOM_1177	0.0977591036414565	0.1924366614701216	0.2627450980392157	0.0602910602910602	0.1880197672860116	0.2688477951635846	0.3959325450773037	0.369224623681591	0.4597327409441527	0.3509803921568627
RANDOM_1178	0.1218487394957983	0.1966177382952916	0.342296918767507	0.0620417988839041	0.2225653924733958	0.2147937411095306	0.3365598022099605	0.30529988810035696	0.2587344674875235	0.1434173669467787
RANDOM_1179	0.1450980392156863	0.22393516000942	0.3607843137254902	0.1086552139183718	0.224845867646391	0.3946821315242368	0.4770680908005817	0.4333360848944138	0.6002859043558341	0.3633053221288515
RANDOM_1180	0.1123249299719888	0.2489449809327134	0.369187675070028	0.051537367326841	0.1953900849904037	0.2856999552458891	0.4736988698194382	0.4362357739903611	0.6733964338775089	0.6725490196078432
RANDOM_1181	0.072829131652661	0.2168757184935498	0.2240896358543417	0.0272458693511325	0.1400129316860364	0.12375533428165	0.4111479706323123	0.3704237806473452	0.2439703012778794	0.1711484593837535
RANDOM_1182	0.0935574229691876	0.230592863168788	0.2935574229691877	0.0758288653025495	0.1968394126834558	0.2147937411095306	0.3922749325488424	0.35389742539995905	0.561174733896574	0.4974789915966386
RANDOM_1183	0.1028011204481792	0.2582933506560721	0.338375350140056	0.0607287449392712	0.1992671611182499	0.2802275960170697	0.4375571398613894	0.4376452322243677	0.6536636268745244	0.6655462184873949
RANDOM_1184	0.0955182072829131	0.2269738323748069	0.2543417366946778	0.0461566106604005	0.1998488561667281	0.2060400481453113	0.5127468115906001	0.4729273851903863	0.4952586756345752	0.4518207282913165
RANDOM_1185	0.1319327731092437	0.223668013753424	0.380278731936131	0.0867709815078236	0.2216457317906696	0.2861363387679177	0.4824748647116024	0.43784523568664035	0.6277747239744227	0.626890756302521
RANDOM_1186	0.1179271708683473	0.2550113003226896	0.3582633053221288	0.050661998030419	0.2217380045616035	0.2776014881278039	0.6090636566662079	0.5985461421921515	0.6581189034241292	0.5703081232492997
RANDOM_1187	0.1148459383753501	0.286419151532319	0.3456582633053221	0.092898566582777	0.263151614557088	0.3526644052959842	0.6479139971865221	0.6483684436187548	0.8018000402857529	0.6854341736694678
RANDOM_1188	0.0717086834733893	0.2439230494895191	0.3069377067599942	0.076047707626655	0.2109099245508699	0.2537476748003063	0.4996972241718529	0.4696211945269313	0.5799127132328405	0.5123249299719888
RANDOM_1189	0.0492997198879551	0.2740075466396907	0.2815126050420168	0.105591421380895	0.2562143912137525	0.2970784549731918	0.5479978292606377	0.5250512866273687	0.7890661536543406	0.6338935574229692
RANDOM_1190	0.0722689075630252	0.1673710300618604	0.2725490196078431	0.0526315789473684	0.1670436765650387	0.1754021227705438	0.3909693314828112	0.34135459574512306	0.4303333584947981	0.3260504201680672
RANDOM_1191	0.1252100840336134	0.2191256439643063	0.2983193277310924	0.0926797242586716	0.213144922469065	0.2815406499617026	0.5449804374265741	0.5087631319941065	0.6306647388279494	0.5596638655462185
RANDOM_1192	0.1310924369747899	0.1830262111406619	0.3014400113162098	0.0567895831053725	0.2026876946843021	0.227267753583543	0.3645159637813513	0.32775791749397626	0.234723517979981	0.2014005602240896
RANDOM_1193	0.0789915966386554	0.2286157428147664	0.3221288515406162	0.037493902255166	0.2114616804585387	0.2414925046503994	0.5883602964648823	0.5688821352499139	0.7594331520747566	0.6941176470588235
RANDOM_1194	0.0915966386554621	0.2213473841204331	0.2619047619047619	0.0710143341722289	0.2214349410692973	0.2493708283181967	0.5006365713983284	0.4748353421813203	0.4659871021192037	0.3795518207282913
RANDOM_1195	0.0742296918767507	0.2129591587670618	0.292156862745098	0.0804245541087646	0.1924304318223249	0.2786956997483313	0.4793640484964688	0.45563560861684166	0.5447556238739889	0.515126050420168
RANDOM_1196	0.0871148459383753	0.2092201751825588	0.3369747899159664	0.0968377284166757	0.2206139398949964	0.3141653448921898	0.523970268090246	0.49392024695002046	0.7460512493560697	0.7249299719887955
RANDOM_1197	0.0901960784313725	0.2173418063205558	0.3137254901960784	0.0602943591207233	0.1703783458748483	0.24630703578072	0.4450864526672254	0.41308611705535153	0.6058497517586959	0.5176470588235295
RANDOM_1198	0.1047619047619047	0.2507209340827241	0.3725490196078431	0.086989823831929	0.1985660525084718	0.3165554218185797	0.5630386368799396	0.50112381038432	0.737517412405618	0.6717086834733893
RANDOM_1199	0.0661064425770308	0.2425310529339578	0.3005602240896358	0.0663455321649602	0.2420782027731626	0.2793522267206478	0.573423232381834	0.5050520552743286	0.6990352902077075	0.5378151260504201
RANDOM_1200	0.0795518207282913	0.2077242145097631	0.2501400560224089	0.0375314585840901	0.1636687486530007	0.2373345004923952	0.44532718381097	0.4113365735859547	0.375250711911477	0.3070028011204482
RANDOM_1201	0.1126050420168067	0.2010552376139461	0.3257703081232493	0.0777984462194988	0.2143888339686341	0.2870117080643396	0.5279644641412137	0.5007607740553254	0.7232237913386874	0.5229691876750701
RANDOM_1202	0.1061624649859944	0.2315180287967786	0.3204481792717087	0.0753911806543385	0.1954522887295155	0.2476200897253528	0.4495745841591289	0.43410077460976915	0.5423372122464001	0.5585434173669468
RANDOM_1203	0.1310924369747899	0.2090728037894809	0.3949579831932773	0.099682678630047	0.2126786431845591	0.3401903928219718	0.5439311709797225	0.5183642640310958	0.8017441446215527	0.7204481792717087
RANDOM_1204	0.0708683473389355	0.1828918833363358	0.2322128851540616	0.081518765729292	0.1821263969194081	0.2846044424991793	0.4577148880550634	0.4067372960393198	0.658346495877783	0.4521008403361344
RANDOM_1205	0.1263305322128851	0.2089123968987085	0.3770308123249299	0.0656151122113521	0.2019415336463513	0.2436809278914542	0.402687254830482	0.35802046463817155	0.6211348550335997	0.4784313725490196
RANDOM_1206	0.1058823529411764	0.2008645455654286	0.2851540616246498	0.0130211182842761	0.1998337515379192	0.1592077907867381	0.3902958946611595	0.364083800336647	0.2234455704923158	0.2142857142857142
RANDOM_1207	0.076750700280112	0.2416696089762256	0.2246498599439776	0.0219936535726009	0.2022113034802289	0.1047160520844731	0.5114463840440923	0.4677369859175844	0.4114746334157634	0.1991596638655462
RANDOM_1208	0.1507002801120448	0.229870298154356	0.4019607843137255	0.0721085457927563	0.2326401847101846	0.3034248823722508	0.4904542155319356	0.438869891283161	0.518131406621806	0.5403361344537815
RANDOM_1209	0.0994397759103641	0.2415002211837636	0.3302521008403361	0.0786738155159207	0.2494702485742971	0.3487252434620855	0.573735664004868	0.5072783768024528	0.6702597491856501	0.5016806722689076
RANDOM_1210	0.080672268907563	0.2280804691934865	0.2529411764705882	0.0526315789473684	0.1978714140620973	0.2266112266112266	0.444910221077349	0.41647969133985546	0.3481525916457474	0.2893557422969188
RANDOM_1211	0.1231955453159976	0.2221499138168643	0.3773109243697479	0.1163146952620636	0.1825021710741276	0.3535397745924061	0.4741623928809858	0.4295071627030119	0.722180656998289	0.6677871148459383
RANDOM_1212	0.1028011204481792	0.2146545560022082	0.2434173669467787	0.0410329357697778	0.2069664394547289	0.1718852896022896	0.6029564286904403	0.5811946759289496	0.6088146114428792	0.6226890756302521
RANDOM_1213	0.1050420168067226	0.229269976774856	0.361344537815126	0.0497866287339971	0.1847938965711445	0.1532990480358901	0.5553487948353308	0.5202442064787183	0.5855688831436016	0.5778711484593837
RANDOM_1214	0.0943237792919982	0.2098183324807224	0.3039215686274509	0.0282848736310901	0.2015993460338661	0.0734215997373892	0.4291434214725719	0.39790594229550524	0.5862833420591317	0.5890756302521009
RANDOM_1215	0.1184873949579832	0.2355976301780209	0.3148459383753501	0.0909289856658277	0.2135303888170306	0.3156800525221578	0.4710394272554282	0.4439793533785656	0.7035549600693758	0.5929971988795518
RANDOM_1216	0.0862745098039215	0.2330051531712876	0.319047619047619	0.0837071889703468	0.2051924835872888	0.3150235255498413	0.4574358139276747	0.44073157409152836	0.6469339526682749	0.542016806722689
RANDOM_1217	0.0994397759103641	0.2420353943826523	0.2851540616246498	0.0397198818251449	0.1864457832325957	0.1627448873397467	0.4798336207643243	0.47388383739696605	0.5248412781870577	0.4487394957983193
RANDOM_1218	0.1294480297380376	0.2311692498335644	0.3512605042016806	0.0810988308801293	0.2255868638497034	0.3776124302440092	0.5491071710911092	0.5244948723326154	0.7491032588266657	0.646498599439776
RANDOM_1219	0.0694677871148459	0.2725120321725428	0.3568627450980392	0.0372079465341361	0.1990418194914102	0.1259437575227049	0.5055282345008633	0.4668492286642756	0.6391766243348272	0.6330532212885154
RANDOM_1220	0.1047692418004515	0.255146512718136	0.3274509803921568	0.0467228361965204	0.1849159259378928	0.2233285917496444	0.5010513687897746	0.4482478057587484	0.6093175780604659	0.4563025210084033
RANDOM_1221	0.1182072829131652	0.1855789660923227	0.2871148459383753	0.0438778859831491	0.1604761785148395	0.1476091476091476	0.3937577641784919	0.37655258887531484	0.0043927886043583	0.0464985994397759
RANDOM_1222	0.1173669467787115	0.2127838526419023	0.3406162464985994	0.0757900464972351	0.1870525221394023	0.2260764899154525	0.3995336594185682	0.3351555689190272	0.4744433808605353	0.3980392156862745
RANDOM_1223	0.1436974789915966	0.2759692318281336	0.4439775910364145	0.0988127155826009	0.2259381383564515	0.3388773388773389	0.6009299399120946	0.5263473078453406	0.804609998070204	0.665266106442577
RANDOM_1224	0.1205326154399977	0.2875617484333925	0.3857043694079927	0.081956450377503	0.2111010442080616	0.2430244009191377	0.5743823166942698	0.5088459191867435	0.6612608870995	0.5476190476190477
RANDOM_1225	0.1184873949579832	0.1813517734656017	0.3274509803921568	0.0600204264388111	0.1817405921445431	0.248071346872377	0.4528945434697388	0.419121542674601	0.4962028679526869	0.3543417366946779
RANDOM_1226	0.0972261175738074	0.2781199555281182	0.2862745098039215	0.0747346536820221	0.242276142869504	0.2946711894080315	0.6385209491306209	0.6111710241831163	0.7660714989579674	0.7358543417366947
RANDOM_1227	0.119047619047619	0.2573631399641647	0.3100840336134454	0.0303096618886092	0.2370233150665598	0.1907210854579275	0.6236854030307999	0.5779756714220105	0.7286726514116854	0.6226890756302521
RANDOM_1228	0.1221288515406162	0.1891185524274804	0.2935574229691877	0.0279023963234489	0.1806830238481906	0.1447641973957763	0.377227158252117	0.34090004656861406	0.4286743432140963	0.4638655462184874
RANDOM_1229	0.115126050420168	0.220871491763511	0.3669467787114845	0.0794441102026227	0.195000241458775	0.3211511106247948	0.421517947659111	0.38526920581280294	0.5305924118698652	0.4442577030812324
RANDOM_1230	0.0494432384432612	0.2356115434808672	0.230532212885154	0.0532881059196848	0.2350127145457538	0.3215887952730058	0.5604290420969366	0.5382398218265197	0.78589563052162	0.6935574229691877
RANDOM_1231	0.103641456582633	0.2467963373102911	0.2750700280112045	0.0865521391837181	0.2504650327918961	0.2528723055038844	0.4717014695951306	0.4323980552447339	0.5612459344402668	0.3784313725490196
RANDOM_1232	0.1182072829131652	0.1929399035948425	0.3302521008403361	0.0493489440857861	0.1650877797891116	0.2069154174417332	0.4850474171206621	0.459636116881503	0.6353848279307281	0.5736694677871148
RANDOM_1233	0.1176470588235294	0.1993922677050011	0.2890756302521008	0.0817376080533975	0.1853710053435178	0.2682499790650431	0.4379295342854794	0.3808697459550041	0.6147401605333159	0.5904761904761905
RANDOM_1234	0.088235294117647	0.249621505168964	0.265266106442577	0.0677316993106466	0.2301102337766411	0.2126053178684757	0.6427125819297358	0.5756717713956765	0.7426793741823441	0.6767507002801121
RANDOM_1235	0.1117647058823529	0.2506946868288938	0.3770308123249299	0.0886692783739272	0.2146599358614294	0.2778203304519094	0.4624279705958347	0.4369959192300074	0.6134767795227939	0.653781512605042
RANDOM_1236	0.1210084033613445	0.2408536724959713	0.3274509803921568	0.1043011954504227	0.198765242526933	0.3102089944195207	0.5105665097170181	0.49199564302044607	0.7411168979662272	0.6708683473389355
RANDOM_1237	0.1507002801120448	0.2287344684346932	0.3725490196078431	0.1147827989933253	0.219234305302768	0.3200568990042674	0.4608193198729907	0.39382126963642217	0.546392479280798	0.4778711484593838
RANDOM_1238	0.0879551820728291	0.2100101347413923	0.299719887955182	0.0421271473903052	0.2112820370409176	0.1198161724477513	0.4866743749614811	0.45058006951480467	0.4576281516896245	0.3689075630252101
RANDOM_1239	0.0829131652661064	0.2200813102029635	0.2585434173669468	0.0287795789270892	0.1528214635352796	0.1554874712769449	0.3313742659010931	0.27869221117515686	0.5098642343076785	0.4196078431372549
RANDOM_1240	0.1408963585434173	0.2525289745547476	0.3397759103641457	0.0486924171134697	0.2063376050872367	0.2800087536929642	0.5001390030176383	0.4553658372385247	0.6749059267279147	0.5607843137254902
RANDOM_1241	0.0976874801879981	0.2079668519901806	0.3140056022408963	0.0713465011737052	0.1999928113776353	0.1983805668016194	0.451060402460844	0.3791011701013696	0.542776407138629	0.4179271708683473
RANDOM_1242	0.0624649859943977	0.216758284418214	0.2431372549019607	0.0653387341908734	0.1965824953792282	0.2732246416456942	0.4239294989480163	0.3732968480803525	0.46354731269568	0.3327731092436974
RANDOM_1243	0.1002801120448179	0.2552388966782883	0.3380952380952381	0.0775796038953933	0.2046939333591553	0.2692854798117956	0.52818400145095	0.504555057559174	0.7376585827740129	0.7585434173669467
RANDOM_1244	0.1025210084033613	0.2253130602115433	0.326773584385633	0.0950869898238319	0.1746564699367595	0.3169931064667907	0.4696059085402197	0.4144149527888754	0.6547117326666556	0.5630252100840336
RANDOM_1245	0.1022408963585434	0.2195939082263414	0.319047619047619	0.0375396747528803	0.2360927224779077	0.2012255170149907	0.5442462998790112	0.5355958042295287	0.7012975816362561	0.592156862745098
RANDOM_1246	0.1050420168067226	0.1988232893635128	0.3140056022408963	0.1058102637050005	0.2206431934857677	0.3056802087020259	0.4424412139782546	0.42526458428719527	0.6671108047831712	0.6767507002801121
RANDOM_1247	0.1392156862745098	0.1792200609799647	0.3292238851562645	0.0465549627542982	0.1840358713669896	0.1775905460115986	0.3180447871198453	0.2935103280548311	0.3402194466877417	0.3736694677871148
RANDOM_1248	0.1196078431372549	0.2589145462755164	0.3853211018623559	0.0782361308677098	0.2421879855418953	0.3769559032716927	0.6227998185811349	0.6197890626741452	0.7869027365949426	0.6719887955182073
RANDOM_1249	0.080672268907563	0.1990439995772042	0.2050420168067226	0.0576649524017945	0.2078118378775916	0.1447641973957763	0.4961311926277498	0.45228294890677634	0.5322197113778055	0.534453781512605
RANDOM_1250	0.0893557422969187	0.1892633525936119	0.2649859943977591	0.0495677864098916	0.1862621346549196	0.233408108901094	0.4209594524821763	0.3956001594595546	0.5167775623177968	0.4408963585434173
RANDOM_1251	0.0980392156862745	0.2035504409909296	0.238375350140056	0.0430025166867272	0.1819279646672416	0.2172010066746909	0.5204950282034849	0.4818127918549351	0.5798602142800656	0.5890756302521009
RANDOM_1252	0.1394957983193277	0.2704120712327743	0.3719887955182073	0.0821932820391054	0.211130659057084	0.2657840026261079	0.5540797630422881	0.5007425297299286	0.6802918456550149	0.4179271708683473
RANDOM_1253	0.1549019607843137	0.2175310872835717	0.3621848739495798	0.0238512629249916	0.1867303331744619	0.1410438778859831	0.5038767580235399	0.46218288185987016	0.4912231322655932	0.3
RANDOM_1254	0.0901960784313725	0.2068109855757898	0.3019607843137254	0.0753911806543385	0.2352028264677216	0.2876682350366561	0.5613794972536494	0.539253971793457	0.7775230907969283	0.6092436974789915
RANDOM_1255	0.1019607843137254	0.2002185278206379	0.272829131652661	0.0524127366232629	0.1824069610289214	0.2198271145639566	0.4642019434842516	0.44622962648499737	0.3002922667923541	0.2988795518207283
RANDOM_1256	0.092156862745098	0.1851313873993143	0.3420168067226891	0.0340299813984024	0.1807908240370441	0.1528613633876791	0.417122485275519	0.3745341517512918	0.0914043088383454	-0.0439775910364145
RANDOM_1257	0.0859943977591036	0.1799041187084453	0.2457271040698247	0.0375314585840901	0.1726297470827973	0.1912006174731254	0.3519634802927228	0.3374728096385674	0.3916285823835689	0.2829131652661064
RANDOM_1258	0.088515406162465	0.1871865875311895	0.2540616246498599	0.0351626895155994	0.2132148818490354	0.1953167742641426	0.4569148426773656	0.3981159353001396	0.4759970496604088	0.4495798319327731
RANDOM_1259	0.0857142857142857	0.2082841843094668	0.2717086834733893	0.0068935332093226	0.2077647999199863	0.1336032388663967	0.5050151669405346	0.4786730192609151	0.3058130025472256	0.3277310924369748
RANDOM_1260	0.0420285810837784	0.218564563082033	0.2022408963585434	0.0276835539993434	0.1898793158796775	0.1075610022978444	0.5300232602358607	0.4546820977749078	0.3636243778783302	0.3252100840336134
RANDOM_1261	0.1852059473091837	0.2370332034670406	0.4084033613445378	0.1749644381223328	0.2426536889544869	0.3563847248057774	0.404656062137982	0.3826440759556444	0.6795286730723882	0.6535014005602241
RANDOM_1262	0.073109243697479	0.2233236344238802	0.192156862745098	0.0412608086933991	0.2158032423202881	0.2084473137104716	0.5412307160816326	0.5074037139206934	0.6663896982920917	0.5918767507002801
RANDOM_1263	0.0803921568627451	0.2231930606598567	0.2458304738159953	0.0598533756428493	0.2137081428938404	0.270379691432323	0.4579453819718282	0.4063488597478281	0.5927740300360488	0.5658263305322129
RANDOM_1264	0.1182072829131652	0.254293302824621	0.3971988795518207	0.0920231972863551	0.2481529067998585	0.2318634423897581	0.5107194332274703	0.5084303825011698	0.7455177919563953	0.6470588235294118
RANDOM_1265	0.1669467787114845	0.2331171443240789	0.4030812324929972	0.057446110077689	0.19335074161648	0.2307692307692307	0.441010691677277	0.42477834161514727	0.7125949501364626	0.6204481792717087
RANDOM_1266	0.0794674336679985	0.2086759003550451	0.2408963585434173	0.0611664295874822	0.1891495071699892	0.1694933800196958	0.4008545546388016	0.3652674998560136	0.2918173969884294	0.3033613445378151
RANDOM_1267	0.1761904761904762	0.2244824939380194	0.4470588235294118	0.0979319400372031	0.2096128448655341	0.4071561439982493	0.3284111492918327	0.3390213503337275	0.4553428064407858	0.4868347338935574
RANDOM_1268	0.0781512605042016	0.2525974020003479	0.2546218487394958	0.0565831249190645	0.2572168388254129	0.3064886749097275	0.6397940677019771	0.6150970096005627	0.7395715142572166	0.6574229691876751
RANDOM_1269	0.1274509803921568	0.2035666652259824	0.3417366946778711	0.062917168180326	0.1912276043719544	0.2231097494255389	0.4627389023146608	0.44352078856647886	0.5864068830116542	0.6212885154061625
RANDOM_1270	0.0647058823529411	0.1949742529481216	0.246218487394958	0.0449720976036765	0.1915728136817056	0.1797789692526534	0.4397197168637087	0.41008963781946384	0.6622536661424602	0.6280112044817927
RANDOM_1271	0.1215686274509803	0.2362964463527969	0.3481792717086834	0.1090928985665827	0.2119849163184019	0.3226830068935332	0.5632413466638877	0.5232212619466525	0.788047700269816	0.7207282913165266
RANDOM_1272	0.1193277310924369	0.2400264069736665	0.319047619047619	0.0559142138089506	0.1942940818513575	0.2126053178684757	0.4863730737255209	0.42625562085042557	0.7045165841707017	0.6282913165266106
RANDOM_1273	0.1425770308123249	0.3075440550893101	0.4826330532212885	0.081081081081081	0.2500196413674572	0.3187438450596345	0.6265345751275011	0.5888343105787842	0.8385092705513706	0.65406162464986
RANDOM_1274	0.1365641855019254	0.2162006974876539	0.3663865546218487	0.0832695043221359	0.2171845309315569	0.3445672393040814	0.4637874293701495	0.4090442113816788	0.6090257176342331	0.5302521008403361
RANDOM_1275	0.1170868347338935	0.1956210018938848	0.3464985994397759	0.0818960031079016	0.191776526773415	0.258562205930627	0.3556562395041277	0.31996296216119735	0.489979866906135	0.4582633053221288
RANDOM_1276	0.1235640283863086	0.2667021036861416	0.3977591036414565	0.0550388445125287	0.1991832598295792	0.3204945836524784	0.5374372430221813	0.471310153176936	0.7421307036204822	0.5551820728291317
RANDOM_1277	0.1316526610644257	0.2487011915595803	0.365266106442577	0.1053783445249665	0.2532120538305676	0.3491629281102965	0.5973556319390455	0.5929196962020996	0.8295435854745166	0.7764705882352941
RANDOM_1278	0.0952380952380952	0.2302893549680962	0.2935574229691877	0.0230878651931283	0.1945130621842057	0.1629281102965313	0.5707262854722697	0.555718068235642	0.5632287995309785	0.4747899159663865
RANDOM_1279	0.1271708683473389	0.2113725515329561	0.3	0.087865193128351	0.2134288105719335	0.3347193347193347	0.481934429691659	0.4466342306375972	0.5200967057302439	0.3563025210084034
RANDOM_1280	0.1437075428974108	0.2476938985152816	0.4131652661064425	0.0889594047488784	0.1828198651239567	0.2349272349272349	0.4181212391493661	0.37166191379006847	0.7010141743732239	0.6224089635854342
RANDOM_1281	0.0873949579831932	0.2437142362494495	0.2635854341736695	0.0782361308677098	0.2001805297652145	0.2732246416456942	0.4222471576700323	0.3655309388778496	0.3018054422677383	0.2364145658263305
RANDOM_1282	0.1361344537815126	0.2243970755098248	0.3739495798319328	0.0624829021015118	0.1945096611807983	0.2644709486814749	0.4334387255749179	0.4184561454620334	0.6634767017456181	0.5703081232492997
RANDOM_1283	0.1016806722689075	0.2204629642087537	0.2946778711484594	0.0661998030419083	0.1946267593478168	0.2761112741254614	0.4631874693509787	0.4110121853130172	0.5795207869999964	0.4829131652661064
RANDOM_1284	0.0848739495798319	0.1957317441969867	0.2425770308123249	0.0620417988839041	0.2314515478073763	0.2756319072108545	0.5231910074305681	0.4770781157048483	0.570373605174173	0.365266106442577
RANDOM_1285	0.1722689075630252	0.2451376594349501	0.4610644257703081	0.1053725790567895	0.2264539386464962	0.3454426086005033	0.5423488661759801	0.4991596630038465	0.803696927095972	0.749859943977591
RANDOM_1286	0.1016806722689075	0.2030523951401613	0.2683473389355742	0.0454097822518875	0.1968750611408528	0.2101980523033154	0.4462311624246667	0.42505364474808194	0.5054357196810199	0.4742296918767507
RANDOM_1287	0.1215686274509803	0.2215035807601582	0.3753501400560224	0.1073421599737389	0.2276835962962284	0.3909618120144436	0.5200241515245569	0.4409810497145696	0.6588018655489771	0.4568627450980392
RANDOM_1288	0.1204481792717087	0.2496296633057591	0.3574229691876751	0.0805383816930169	0.2336135121325893	0.2373474862665133	0.5725325094425504	0.5718987619401784	0.8425337703691945	0.7579831932773109
RANDOM_1289	0.0789915966386554	0.1911542228807654	0.2532212885154061	0.069701280227596	0.2119283474156619	0.3696081131830125	0.5112027599635033	0.46112923860906463	0.6322485149553769	0.6803921568627451
RANDOM_1290	0.1117647058823529	0.236032496777888	0.2798319327731092	0.0849790272695921	0.2312323886233799	0.3141481562534194	0.5977020391250694	0.5470461533987376	0.7043277636254639	0.5887955182072829
RANDOM_1291	0.0745098039215686	0.2088300611184939	0.2913369290707743	0.0957435167961483	0.1726343556724236	0.2846044424991793	0.3664443068933961	0.3217395798639171	0.6263229170220762	0.6420168067226891
RANDOM_1292	0.0812324929971988	0.213848456342663	0.2322128851540616	0.0397198818251449	0.2320059513894631	0.1859065543276069	0.5885407094048186	0.5229602089545803	0.3521750864221791	0.2644257703081232
RANDOM_1293	0.0815126050420168	0.2922606127534446	0.3453781512605042	0.0478170478170478	0.1947685240896569	0.2611883138198927	0.5789534575686717	0.5161744845577119	0.7647413927927394	0.5974789915966386
RANDOM_1294	0.088515406162465	0.1828331336278227	0.2680672268907563	0.0430025166867272	0.1845574871205402	0.2018820439873071	0.4395173938763062	0.4060417030788295	0.530946988767163	0.4725490196078431
RANDOM_1295	0.1327731092436975	0.2102706136308328	0.3117647058823529	0.0705766495240179	0.1686403940535196	0.215450268081847	0.4851383336572419	0.43763536517667584	0.5520186680905429	0.5126050420168067
RANDOM_1296	0.1633053221288515	0.2344215711035469	0.373109243697479	0.1145639566692198	0.1901988537760832	0.3148046832257358	0.4161737245282026	0.40285986804931445	0.714337692576487	0.6011204481792717
RANDOM_1297	0.134453781512605	0.2312698594863228	0.4182072829131653	0.1377612430244009	0.2259175122942297	0.3935879199037094	0.4945131926012727	0.4932211480753921	0.7463524234387746	0.7397759103641457
RANDOM_1298	0.103641456582633	0.2167443532685084	0.3658263305322128	0.069701280227596	0.2485645981576421	0.3204945836524784	0.5056114648370329	0.5118296421131502	0.6276927197994746	0.5563025210084034
RANDOM_1299	0.0991874513577171	0.2287008059913535	0.3636873216449628	0.0817376080533975	0.2274725863159143	0.2636889623374076	0.4501574647836786	0.40190644718496304	0.710979884180277	0.5352941176470588
RANDOM_1300	0.0770308123249299	0.2302611199452494	0.1705882352941176	0.0701389648758069	0.1744602946855961	0.2305503884451253	0.467258951663714	0.44422023524623805	0.3813739583745549	0.3801120448179271
RANDOM_1301	0.1005602240896358	0.1991339205425116	0.365266106442577	0.0729839150891782	0.1954251758078395	0.2541853594485173	0.4260939497055403	0.3830333652402523	0.5587544793453239	0.5661064425770308
RANDOM_1302	0.0963585434173669	0.2066273073977899	0.3142857142857143	0.0664186453660137	0.1686231477573444	0.1948790896159317	0.4070218376890435	0.3735636501535568	0.7164890535218219	0.657703081232493
RANDOM_1303	0.0756302521008403	0.2402723710039354	0.1913165266106442	0.0357885528985186	0.20664831368466	0.1747455957982273	0.5117643132648332	0.4772053708754843	0.4995826069766899	0.4602240896358543
RANDOM_1304	0.1201680672268907	0.2457211969694237	0.3131652661064426	0.0564398814054679	0.2017398751589596	0.1843746580588685	0.4883950181288383	0.4676368912650305	0.7281785886289187	0.6756302521008404
RANDOM_1305	0.1358638563455053	0.2039951354876295	0.3271708683473389	0.0359995623153517	0.1912433429814867	0.233176496334391	0.4768777790785816	0.4729350726014195	0.4011768370714024	0.373109243697479
RANDOM_1306	0.1352941176470588	0.2511480896924541	0.349859943977591	0.0622742709457403	0.2534040947826784	0.2876682350366561	0.5521814437868116	0.5134412328816145	0.7074672540774144	0.484593837535014
RANDOM_1307	0.1005602240896358	0.2318657676009947	0.3357377975878106	0.0497866287339971	0.1816094140951238	0.2163256373782689	0.4751364289433699	0.3812985341675557	0.3143459747241425	0.1448179271708683
RANDOM_1308	0.0736694677871148	0.1929379028665439	0.2896358543417367	0.044753255279571	0.1775581386948932	0.2557172557172557	0.3659053964453314	0.35152697481614753	0.6214867175537016	0.5801120448179272
RANDOM_1309	0.0809523809523809	0.2401389328853174	0.3025210084033613	0.0721085457927563	0.21493498987859	0.2524898823757872	0.5066260076380341	0.4698428961456788	0.4872612154155548	0.4196078431372549
RANDOM_1310	0.1193277310924369	0.2633390728251669	0.3789915966386554	0.0738592843856001	0.2153500369382473	0.2393040814093445	0.4481405783832569	0.4136396376855311	0.5668432574056667	0.4277310924369747
RANDOM_1311	0.1056022408963585	0.2346063998379534	0.3106442577030812	0.0777984462194988	0.2395911424096144	0.2287996498522814	0.6383236127123869	0.5931583709453593	0.5715843907915013	0.3450980392156862
RANDOM_1312	0.1067226890756302	0.2275990459134247	0.3722689075630252	0.0788926578400262	0.2024082725365018	0.2673158988948462	0.4956232712949477	0.4653455450435068	0.7754297989993691	0.7683473389355743
RANDOM_1313	0.1081232492997198	0.2205892132475168	0.2669467787114846	0.0399387241492504	0.1902938530372954	0.1206915417441733	0.4740478233491043	0.458911474963057	0.3296732008768419	0.2893557422969188
RANDOM_1314	0.0750700280112044	0.2439725051358388	0.3148459383753501	0.0486924171134697	0.2105826460369354	0.1734325418535945	0.5167941214158088	0.4740744864600571	0.647876059831662	0.5330532212885154
RANDOM_1315	0.1156862745098039	0.2134873181239689	0.2896358543417367	0.0655432760695918	0.1975616339632089	0.2686289528394791	0.505185595278558	0.463621787689153	0.5868545211322619	0.4145658263305322
RANDOM_1316	0.1319327731092437	0.1860284832321574	0.3610372295039932	0.0613852719115877	0.1979885822880952	0.2014884583675008	0.3347826016897784	0.27655139802489415	0.0870354383061726	-0.0579831932773109
RANDOM_1317	0.1969187675070028	0.2893673459907921	0.4885154061624649	0.1467337783127256	0.2709441795264663	0.4642739905897801	0.5166178407971873	0.4890545538340446	0.6615643922493778	0.4683473389355742
RANDOM_1318	0.1274509803921568	0.2629553250510533	0.3373511690279936	0.0726596269621783	0.2076528300459388	0.2825408988197959	0.4425282262113686	0.396665152074408	0.5443810989301054	0.5204481792717087
RANDOM_1319	0.0862745098039215	0.2078207161788383	0.3422965754955377	0.0659809607178028	0.1840431117796117	0.1594266331108436	0.5154623314953382	0.47183278532607215	0.6917102598854814	0.7028011204481792
RANDOM_1320	0.1254901960784313	0.2341854579537116	0.3414565826330532	0.0699201225517014	0.2039114538286031	0.2152314257577415	0.5484766499430735	0.49499682295805053	0.6742320623126239	0.6254901960784314
RANDOM_1321	0.1198879551820728	0.2658210417346649	0.3487394957983193	0.0469416785206258	0.229716238032442	0.2266112266112266	0.6201525702066161	0.619617909179167	0.7389555281567666	0.6299719887955182
RANDOM_1322	0.0904761904761904	0.2447082412133932	0.3159663865546218	0.0740781267097056	0.1988349193256672	0.2679724258671627	0.5103178690831695	0.45164513064836026	0.5229582498332497	0.5529411764705883
RANDOM_1323	0.0978276343919981	0.1821296555693768	0.2719887955182072	0.05109968267863	0.172677199648931	0.1839369734106576	0.3165101303556856	0.3145995816656582	0.2521376668861473	0.1980392156862745
RANDOM_1324	0.0584443030679988	0.2030147163234218	0.1257703081232493	0.0123645913119597	0.1892135249298106	0.1948790896159317	0.4957159907402457	0.45016207075143533	0.5148042235641052	0.5106442577030812
RANDOM_1325	0.0515406162464986	0.1948273883309978	0.2126229300203539	0.0528504212714739	0.2256874178000972	0.269942006784112	0.5178033830981787	0.4817377331056019	0.4842936341087187	0.4619047619047619
RANDOM_1326	0.1193277310924369	0.2090481014391766	0.3364145658263305	0.0591968486705328	0.2417591344456075	0.1821862348178137	0.4967462360637981	0.4659038548581968	0.5657539129526067	0.4490196078431372
RANDOM_1327	0.0619047619047619	0.2066190034416233	0.230812324929972	0.0517562096509464	0.170324484396688	0.2314182048033381	0.3082704185230411	0.28036019802688256	0.4706289589709858	0.3574229691876751
RANDOM_1328	0.1431372549019608	0.2166932543794128	0.3467787114845938	0.1194981095266988	0.2122659361770133	0.3086770981507823	0.4220310694208019	0.3951222157044465	0.4579590294112022	0.5044817927170868
RANDOM_1329	0.1033613445378151	0.2411902970927862	0.3039215686274509	0.0701389648758069	0.2260253397429809	0.2927016084910822	0.5582008328379054	0.5280478438831876	0.7369009375053593	0.5610644257703081
RANDOM_1330	0.097506308114366	0.1848922938497143	0.2215686274509803	0.062917168180326	0.2008879594842308	0.1697122223438013	0.5000539643626295	0.4530145412686002	0.3549240243324448	0.3504201680672268
RANDOM_1331	0.1109243697478991	0.2461653634056159	0.3563025210084034	0.0561330561330561	0.2074683155429871	0.2421490316227158	0.5644915001480783	0.4913219948809437	0.7152535139009629	0.4887955182072829
RANDOM_1332	0.0739495798319327	0.275155308241409	0.2361344537815126	0.0699201225517014	0.2328776578834497	0.355368291319541	0.5230691178915206	0.47468086274532745	0.792016114536781	0.8072829131652661
RANDOM_1333	0.0985994397759103	0.1943786248924653	0.2742296918767507	0.0694824379034905	0.2077399498763709	0.2121676332202648	0.4560446785071709	0.4497616331560839	0.6066375748287396	0.5411764705882353
RANDOM_1334	0.1282913165266106	0.1846699179337877	0.3201680672268907	0.0837989329577369	0.1661205376647636	0.2653463179778969	0.3593885956574695	0.33953338771040303	0.4740928580556883	0.4588235294117647
RANDOM_1335	0.115406162464986	0.2781915978588775	0.310946145450538	0.0456386133293035	0.2241260529901553	0.2018820439873071	0.6453610563185839	0.6157611187775196	0.7080273295569792	0.6896358543417367
RANDOM_1336	0.1148459383753501	0.2344102532338681	0.3414565826330532	0.032498085129664	0.2312634546027262	0.2603129445234708	0.5166878544817085	0.47051594355411047	0.6788573667587903	0.476750700280112
RANDOM_1337	0.084313725490196	0.1895061072113298	0.2260504201680672	0.0419083050661998	0.1807323785777756	0.2373345004923952	0.5112159759694355	0.4798441738542679	0.68675819723381	0.5546218487394958
RANDOM_1338	0.0708683473389355	0.3178761805069985	0.3126050420168067	0.0567895831053725	0.2164685805096106	0.1848123427070795	0.566825987076197	0.5331339125843712	0.7981309794367393	0.792156862745098
RANDOM_1339	0.0624649859943977	0.2071301343167406	0.276750700280112	0.026151657730605	0.1936051051986789	0.1780282306598096	0.4688091823128156	0.4113817265998301	0.4176827327430377	0.4128851540616246
RANDOM_1340	0.1142857142857143	0.2295392183359338	0.3803921568627451	0.0473793631688368	0.1663111029138308	0.2134806871648976	0.4780486392905273	0.3978341362472893	0.5742510639813251	0.2868347338935574
RANDOM_1341	0.1098039215686274	0.268986036436643	0.3302521008403361	0.0909289856658277	0.2056207679204577	0.3622934675566254	0.5120605135771062	0.425362123219068	0.7484477938446377	0.6851540616246499
RANDOM_1342	0.1120448179271708	0.253291559753568	0.2100840336134453	0.0405006851654756	0.2065966454918073	0.2001313053944632	0.4704947366439129	0.4296967910328649	0.3794505344412867	0.4893557422969187
RANDOM_1343	0.1008473985244988	0.1885146464323115	0.2885154061624649	0.0622606412080096	0.1794718680810442	0.2178575336470073	0.4581783407680352	0.4174577807057151	0.1570207453177001	-0.0033613445378151
RANDOM_1344	0.0478991596638655	0.2135332018792304	0.2159663865546218	0.0294504094923668	0.2053933734645723	0.1171900645584856	0.5069660254051958	0.4525430765584612	0.2127206571091031	0.1655462184873949
RANDOM_1345	0.0697478991596638	0.2101908367729492	0.2246498599439776	0.0294342925921873	0.2087800132063856	0.185468869679396	0.4578849660609172	0.4317715692534444	0.1967410487572568	0.1717086834733893
RANDOM_1346	0.1165266106442577	0.2276508641594868	0.3470588235294117	0.0806433964328701	0.2204102820379103	0.2369486759183265	0.5105611432539581	0.46827511868416993	0.6401396859480519	0.5812324929971989
RANDOM_1347	0.1859943977591036	0.2396193879202866	0.4526610644257703	0.0902724586935113	0.2046788501865357	0.3150235255498413	0.5133182593272939	0.4635830208666219	0.7647841438016252	0.6322128851540616
RANDOM_1348	0.1033613445378151	0.2074377496661886	0.3526610644257703	0.0416894627420943	0.1760392481636156	0.2377721851406062	0.4730209893938883	0.4007010899274592	0.5575785886184147	0.4201680672268907
RANDOM_1349	0.1336134453781512	0.239948643302151	0.3938375350140056	0.1316336579494474	0.2241956621817697	0.3364884832962326	0.5766660581410932	0.5311943750564779	0.771988161265993	0.7591036414565826
RANDOM_1350	0.0939279774431972	0.1967312303663214	0.2593837535014006	0.0193675456833351	0.2302293593778517	0.1633657949447423	0.4229149118038047	0.3438628605257887	0.4714502416705721	0.3795518207282913
RANDOM_1351	0.0647058823529411	0.2297579393169396	0.2392156862745098	0.0729839150891782	0.1640455397597221	0.20319509793194	0.3168186386545276	0.25363776461238124	0.04419769115473	0.0680672268907563
RANDOM_1352	0.0943977591036414	0.2121153464364325	0.3126050420168067	0.0281212386475544	0.2139929176016951	0.245431666484298	0.5604215643473273	0.5168229870365153	0.6749215532369861	0.3397759103641457
RANDOM_1353	0.0624649859943977	0.1817621215844387	0.1915966386554622	0.0876463508042455	0.2089850679695378	0.1860397326706808	0.4068414135847775	0.3846646675495705	0.2891022003030985	0.2887955182072829
RANDOM_1354	0.0456582633053221	0.2222860735029613	0.1596638655462184	0.0281212386475544	0.1878181747967266	0.0944304628515154	0.4556713360121421	0.4135161046407106	0.3200214147680842	0.2280112044817927
RANDOM_1355	0.1196078431372549	0.2049321500362965	0.2913165266106443	0.0823941350257139	0.216818647684709	0.2504650399387241	0.3418768782783595	0.3310125938322259	0.6429917943383572	0.711484593837535
RANDOM_1356	0.1403361344537815	0.2443942427455125	0.4050456495599923	0.1200415824962495	0.2141139462184186	0.3576977787504103	0.5376866585692827	0.5298383102113979	0.7893515516108488	0.7375350140056023
RANDOM_1357	0.0694677871148459	0.2039211006152649	0.2851540616246498	0.0305285042127147	0.1910805193580768	0.1694933800196958	0.4571916027803338	0.41528757101809793	0.2920054298999065	0.3672268907563025
RANDOM_1358	0.1235640283863086	0.2214188025133083	0.3669467787114845	0.1036218404639457	0.2292057453727813	0.3016741437794069	0.5168572075845388	0.46557570222517614	0.7337118800472172	0.6798319327731093
RANDOM_1359	0.1327731092436975	0.2579214998494991	0.4179271708683473	0.0707954918481234	0.1784501571656643	0.2863551810920232	0.5524214708213243	0.5243355067111574	0.7318294358329569	0.6151260504201681
RANDOM_1360	0.1238095238095238	0.2458624685416763	0.3473389355742297	0.0567895831053725	0.2141716553339479	0.2935769777875041	0.558264926537422	0.5441541921169488	0.7372615205675679	0.5854341736694678
RANDOM_1361	0.1207444852035121	0.2142280230476289	0.323249299719888	0.0848014005908742	0.2036839606993108	0.2655651603020024	0.5471213082421474	0.5073455496656948	0.5832815630897564	0.4624649859943978
RANDOM_1362	0.0582633053221288	0.2328574052716282	0.24593837535014	0.0462851515483094	0.2304208520779568	0.2084473137104716	0.5788899745055537	0.5552014433214307	0.7822663166547268	0.7436974789915967
RANDOM_1363	0.1313725490196078	0.2486111510743931	0.3711484593837535	0.087865193128351	0.1977914355733868	0.3390961812014443	0.4288088063947299	0.39539405002949457	0.6034459029317503	0.5428571428571428
RANDOM_1364	0.1109243697478991	0.164046378358928	0.2938375350140056	0.0471605208447313	0.1538262188082826	0.2069154174417332	0.3710857902611159	0.36372312611597046	0.275684907724096	0.1193277310924369
RANDOM_1365	0.0859943977591036	0.2175422841074437	0.2725490196078431	0.0475982054929423	0.2019446035703946	0.190939927782033	0.4294452610583689	0.3852620704330688	0.4457201053731558	0.4288515406162465
RANDOM_1366	0.1226890756302521	0.2100546746362206	0.3621848739495798	0.0777984462194988	0.2175572505479561	0.3209322683006893	0.5300850251959409	0.49028182132801745	0.6556525548230452	0.4971988795518207
RANDOM_1367	0.0867007495648121	0.1876361475307106	0.3016806722689075	0.027027027027027	0.1684423514934526	0.1248495459021774	0.3837410516539954	0.36162729667242977	0.3814563775707874	0.3428571428571428
RANDOM_1368	0.1504623202799268	0.2392590999344828	0.4126050420168067	0.0865521391837181	0.2115780611854048	0.2861363387679177	0.5088617482034001	0.4888017963304348	0.6197040854930604	0.6588235294117647
RANDOM_1369	0.072829131652661	0.1950931642100611	0.2319327731092437	0.082333101150964	0.1724749212890582	0.2274865959076485	0.3485005957973924	0.3110635458554874	0.5354569446196011	0.4747899159663865
RANDOM_1370	0.096925555248546	0.2261514365754365	0.2865546218487395	0.0554765291607396	0.2153159606081478	0.2530911478279899	0.6504885896346194	0.6089448450103025	0.758560366936647	0.7442577030812325
RANDOM_1371	0.1053221288515406	0.2223265491298003	0.3193277310924369	0.0651055914213808	0.1943913236271159	0.2653463179778969	0.5093385064530295	0.4730487925449126	0.4884629935884412	0.3330532212885154
RANDOM_1372	0.1002871351993627	0.194331741119233	0.315126050420168	0.0473793631688368	0.1624293123751785	0.1885326622168727	0.3626814292471473	0.31807008555389044	0.5273036565805687	0.4857142857142857
RANDOM_1373	0.0627450980392156	0.207981936174386	0.2750700280112045	0.034225599087726	0.1997585022076635	0.1316336579494474	0.5214527295987645	0.5026416480277697	0.6042287950029391	0.619327731092437
RANDOM_1374	0.130812324929972	0.2039940193983703	0.3642477027260799	0.0804245541087646	0.1813758877956841	0.3032060400481453	0.395741897322321	0.3541165735610036	0.5827620330209375	0.4168067226890756
RANDOM_1375	0.1291406964438721	0.2560509550154439	0.3784313725490196	0.1088740562424773	0.2119000022061163	0.3246525878104825	0.5678733970757637	0.5235003916061373	0.8026776407359566	0.7392156862745098
RANDOM_1376	0.0988795518207282	0.2120129508055881	0.3448179271708683	0.0661705520351772	0.1959754824639429	0.2920450815187657	0.4137885751488404	0.3668101451874388	0.5012571465125909	0.4675070028011204
RANDOM_1377	0.149859943977591	0.2156519960766754	0.3817927170868347	0.1048312087797693	0.1992813679433719	0.2804464383411751	0.304865283069289	0.26822778648735607	0.026048790570749	0.115126050420168
RANDOM_1378	0.0823529411764705	0.226051106962888	0.2658263305322129	0.0907101433417222	0.2161456667562408	0.3272786956997483	0.5317877893317795	0.48941214803456295	0.770595671601723	0.7355742296918768
RANDOM_1379	0.10348786615266	0.2229794254255586	0.2949579831932773	0.1233176496334391	0.2247579744249397	0.3399715504978663	0.4888174014616663	0.4183384543639873	0.6368107169872667	0.3176470588235294
RANDOM_1380	0.1507108344616121	0.2447562383160797	0.3778711484593837	0.0500054710581026	0.2209418529534751	0.2167633220264799	0.6392827952735685	0.6171018637721702	0.7517804490709389	0.6775910364145659
RANDOM_1381	0.1543417366946778	0.2550838286568771	0.3507002801120448	0.0747346536820221	0.2390007918019025	0.2632247348381688	0.5844920939451111	0.5471529882543018	0.7614826087156987	0.5719887955182072
RANDOM_1382	0.0243697478991596	0.2377844273223262	0.0994397759103641	0.0712331764963343	0.2052567158944212	0.1859065543276069	0.3837093340736342	0.32666188571122046	0.0986310741003033	0.0627450980392156
RANDOM_1383	0.1518207282913165	0.2453628475481448	0.3896358543417367	0.1603020024072655	0.2431299946213155	0.4170040485829959	0.4881430448399833	0.4258809134571503	0.7219084597792818	0.6159663865546219
RANDOM_1384	0.0782609465378347	0.2265014642051206	0.2238095238095238	0.0508808403545245	0.2105325769362457	0.2716927453769559	0.3884063534032617	0.3446126430022865	0.2615333594292447	0.161624649859944
RANDOM_1385	0.0784313725490196	0.2544872347642905	0.2795518207282913	0.0907101433417222	0.2326537363959038	0.2861363387679177	0.5394211297428395	0.5029045989453779	0.7591416528531847	0.6067226890756302
RANDOM_1386	0.1252100840336134	0.2122003245891777	0.3282913165266106	0.076047707626655	0.1843541569666614	0.2421490316227158	0.4655647435185823	0.4488597000593211	0.6734006609653458	0.6582633053221288
RANDOM_1387	0.1257703081232493	0.1840571828850978	0.2963585434173669	0.0395768968248975	0.1795488091505407	0.1832804464383411	0.3374871638975888	0.29150920973088323	0.1969458936750005	0.2714285714285714
RANDOM_1388	0.0624649859943977	0.1601009837632456	0.2551820728291316	0.0749534960061275	0.1830260894310752	0.1804354962249699	0.486162441039901	0.4540745907647009	0.3366371385946236	0.3610644257703081
RANDOM_1389	0.0873949579831932	0.2215397819370168	0.1826209278119965	0.0370937739358792	0.2080343221109536	0.1230988073093336	0.4434002792016417	0.4411076137109533	0.1679886020040614	0.1310924369747899
RANDOM_1390	0.0815126050420168	0.1596702792850155	0.2683473389355742	0.0296531349162928	0.1543716621465764	0.1493598862019914	0.343769413186237	0.32365368231294994	0.1008409015492128	0.038375350140056
RANDOM_1391	0.1078431372549019	0.2112127956447063	0.3439775910364145	0.0661998030419083	0.225190886508744	0.2182952182952183	0.5248480303070789	0.5042320269720388	0.2982603425067378	0.1974789915966386
RANDOM_1392	0.1361344537815126	0.2715454455782257	0.4492997198879552	0.0958826476002106	0.2417187510256116	0.3113032060400481	0.6098719343140553	0.5908700651621371	0.8475744763744151	0.7941176470588235
RANDOM_1393	0.1081232492997198	0.2190181197901461	0.2812324929971989	0.0618229565597986	0.1854079343405457	0.1381989276726118	0.3388325401681153	0.32193619097401105	0.2659390872441822	0.2221288515406162
RANDOM_1394	0.084313725490196	0.1978829221133161	0.2761904761904762	0.0725462304409672	0.1974866095935856	0.2537476748003063	0.6007000163587829	0.5662885630258159	0.7924477189562863	0.6784313725490196
RANDOM_1395	0.1859943977591036	0.2620092339542286	0.4585434173669467	0.0926797242586716	0.2191537439715987	0.3568224094539884	0.6207002882919318	0.5992437421810434	0.8157279106356319	0.803921568627451
RANDOM_1396	0.1201680672268907	0.2356065910004439	0.3039215686274509	0.0657787758862562	0.2044000987804414	0.2371156581682897	0.501146116407004	0.4450776897455294	0.7904863883399808	0.6991596638655462
RANDOM_1397	0.1470588235294118	0.2276097529059951	0.3932773109243697	0.0902724586935113	0.1973386260737862	0.3467556625451362	0.4124715401146342	0.3760030204514297	0.7816872100598443	0.6868347338935574
RANDOM_1398	0.0773109243697479	0.1987340507833732	0.2731092436974789	0.0653244337454863	0.1902996715149439	0.2561549403654666	0.5101090798436203	0.48756854333924377	0.6351048642516716	0.607563025210084
RANDOM_1399	0.1267817094636877	0.2915345269142744	0.3596638655462185	0.0784549731918153	0.2409608920813726	0.216667143792851	0.5662667370249151	0.5682545778129628	0.4915287401523501	0.4927170868347339
RANDOM_1400	0.0789915966386554	0.1934084181228096	0.2196078431372549	0.0441086935236385	0.1954890963741894	0.1570193675456833	0.4551575205195023	0.4429155038522987	0.2677948638549701	0.2689075630252101
RANDOM_1401	0.0739495798319327	0.225279637636901	0.2736694677871149	0.0904913010176168	0.2046163017064385	0.1983805668016194	0.5258741560816175	0.4840878541425594	0.6847801598649363	0.6084033613445378
RANDOM_1402	0.1327731092436975	0.2270154982813352	0.3661064425770308	0.0723273881168618	0.205135562856523	0.2178575336470073	0.4940038043680764	0.4711644687933847	0.5343588153593372	0.3943977591036414
RANDOM_1403	0.1341736694677871	0.2168622362919424	0.2620631703324129	0.0390633548528285	0.2242714832408218	0.0777984462194988	0.6026590302375966	0.5654500348993876	0.5219053575310455	0.5033613445378151
RANDOM_1404	0.1260504201680672	0.2336469156302483	0.3941176470588235	0.0681693839588576	0.203945862729703	0.2287996498522814	0.5086139319835637	0.46412345986992126	0.8040545559244114	0.707843137254902
RANDOM_1405	0.0773109243697479	0.1945657936083136	0.2960173920510328	0.0421271473903052	0.1907921234423772	0.2090445002449821	0.4551087720781064	0.3774877042462705	0.580124030535588	0.4938375350140056
RANDOM_1406	0.1210084033613445	0.2270250712005781	0.3467787114845938	0.0775838486689525	0.2013771643684447	0.2246416456942772	0.3943626610440782	0.36710396915700483	0.5750575288553509	0.4711484593837535
RANDOM_1407	0.069187675070028	0.2183320876568153	0.2784313725490196	0.0303096618886092	0.1906702495176189	0.215450268081847	0.4890587644818369	0.40194156845507695	0.697782711949508	0.4893557422969187
RANDOM_1408	0.107563025210084	0.2671326550397779	0.3361344537815126	0.0471605208447313	0.23097800414432	0.2365108954547361	0.5794047840343822	0.49801391318243216	0.7602780728185805	0.7633053221288515
RANDOM_1409	0.0644257703081232	0.2090137590564779	0.2809523809523809	0.0268081847029215	0.1652228123261123	0.1425757741547215	0.4050128241603454	0.35650254024533434	0.358808073720342	0.3117647058823529
RANDOM_1410	0.1033613445378151	0.1810489595034412	0.3014005602240896	0.0073312178575336	0.1657694585291684	0.0640113798008534	0.3518782636613808	0.3413717466457102	-0.1062822777103187	-0.1277310924369747
RANDOM_1411	0.1327731092436975	0.2602941833951708	0.4445689484954989	0.0670751723383302	0.189597759002264	0.2642521063573695	0.4881863469604142	0.4777173917145862	0.7181946264451716	0.6467787114845939
RANDOM_1412	0.0998669377055106	0.2198619503427322	0.3165266106442577	0.0767042345989714	0.2196665861992228	0.3049567786409892	0.5247214843443192	0.4926489830684677	0.7922796022050197	0.7019607843137254
RANDOM_1413	0.0733893557422969	0.2159996482484825	0.292436974789916	0.0827269246738054	0.1947924980752514	0.1947803252901769	0.4556642866265321	0.4064612569644855	0.4369465193980583	0.3579831932773109
RANDOM_1414	0.1394957983193277	0.2673044690635868	0.4358543417366947	0.0884607095532802	0.2275840611166162	0.3599649861872407	0.6124726020008113	0.5703923597531192	0.7920642939274889	0.684593837535014
RANDOM_1415	0.1232838378457501	0.2509475699963284	0.3873949579831933	0.0653244337454863	0.2110674750574801	0.2548418864208338	0.53281030225026	0.4658543791832608	0.7460984048331002	0.5784313725490197
RANDOM_1416	0.0711484593837535	0.2180500772437301	0.3061624649859944	0.0591968486705328	0.1981709712137461	0.2686289528394791	0.450820506953171	0.4122243456616222	0.4542422977256569	0.3823529411764705
RANDOM_1417	0.1005602240896358	0.2024155019207175	0.2280112044817927	0.0366560892876682	0.2082142213648281	0.1572382098697888	0.4101369193056253	0.36880334488485295	0.5826870454160495	0.5966386554621849
RANDOM_1418	0.0887955182072829	0.1954574494847735	0.2966386554621849	0.0263705000547105	0.1979710091697731	0.1279133384396542	0.4856283891734299	0.466756127535956	0.4432683971308239	0.3801120448179271
RANDOM_1419	0.1084033613445378	0.2174984479568559	0.3512605042016806	0.0834883466462413	0.2038542145096181	0.2712550607287449	0.5110120140394377	0.4636170527302906	0.7166495908456982	0.5470588235294118
RANDOM_1420	0.1333333333333333	0.2200125377734536	0.3375350140056022	0.0681693839588576	0.2069755623539192	0.3196192143560564	0.4844357596200354	0.4775088439445256	0.7434968428835388	0.7176470588235294
RANDOM_1421	0.144828069547683	0.19115587208243	0.3515406162464985	0.0657981267840611	0.195973686736304	0.2203130183018898	0.3757794959322769	0.3363178321710811	0.3701829015711127	0.1983193277310924
RANDOM_1422	0.1005602240896358	0.2350607562935096	0.3347338935574229	0.1069044753255279	0.2302817322785173	0.3973082394135026	0.5332292833001445	0.5089022069990062	0.694177115943644	0.5795518207282914
RANDOM_1423	0.1098039215686274	0.2189743313456904	0.3599439775910364	0.0865521391837181	0.1714147076562765	0.2428055585950322	0.4760085332050133	0.43882904892087976	0.5951487207838163	0.4176470588235294
RANDOM_1424	0.134733893557423	0.226329895517771	0.3478991596638655	0.1023087865193128	0.2658348898484945	0.2972972972972973	0.5861157927221315	0.5602114674806289	0.6650037441098778	0.5784313725490197
RANDOM_1425	0.1588235294117647	0.2249327546672745	0.4067226890756302	0.0891977694565525	0.1982330507274759	0.3100071132286917	0.5685719416331836	0.5254079150833297	0.8539379536214502	0.7
RANDOM_1426	0.1142857142857143	0.2293763879697744	0.3215686274509804	0.0852390852390852	0.201583645196281	0.288543604333078	0.5116998088125314	0.4474865980690037	0.7045903641549723	0.6044817927170868
RANDOM_1427	0.084593837535014	0.2009711659842016	0.2686274509803921	0.0841909475822679	0.1880004236983832	0.2743188532662217	0.5099952010571838	0.47413097944763516	0.5763004132414493	0.4672268907563025
RANDOM_1428	0.1212885154061624	0.2546912729910626	0.3142857142857143	0.0476503736426347	0.2530939773309966	0.3095524674472042	0.6569132763355623	0.6509503995460947	0.7487614041108462	0.6560224089635854
RANDOM_1429	0.0826330532212885	0.250378848281427	0.3061624649859944	0.0580619578659528	0.2062527247879606	0.2051759044489223	0.5751755936893524	0.5412765092743589	0.7733296218380825	0.7086834733893558
RANDOM_1430	0.1076872327338299	0.2152087395250085	0.2733893557422969	0.0244009191377612	0.2174533441136475	0.1751832804464383	0.4757597743794209	0.4248258077990075	0.4181755658871851	0.3957983193277311
RANDOM_1431	0.084313725490196	0.202371380015936	0.2549019607843137	0.0239632344895502	0.1784966878789994	0.099682678630047	0.5249938739716621	0.5053568985045527	0.6610072787313458	0.5873949579831933
RANDOM_1432	0.1008403361344538	0.2394043178211994	0.3372549019607843	0.0541634752161067	0.1879840015759851	0.190502243133822	0.467332415273356	0.45101934047614356	0.6481245766627699	0.6579831932773109
RANDOM_1433	0.0761904761904762	0.1945546630147141	0.2859943977591036	0.0734256170054543	0.1909089096470984	0.2911697122223438	0.4758846600306523	0.4541831928283162	0.6189958606838566	0.5294117647058824
RANDOM_1434	0.1098039215686274	0.1867342718069213	0.3434173669467787	0.0854579275631907	0.2144514614261269	0.281204510643942	0.445218811779579	0.41427727608476994	0.4959646380428129	0.473109243697479
RANDOM_1435	0.0655462184873949	0.2200051031638092	0.2994397759103641	0.07547381020638	0.2132023975986246	0.2999234051865631	0.5123210498634291	0.4545722969002754	0.7148720181222135	0.6327731092436975
RANDOM_1436	0.1170868347338935	0.2179460548036249	0.3467044083181496	0.0480385184283076	0.1960930086292722	0.2587810482547324	0.5033894391663911	0.4686872660540796	0.5555614996905304	0.5148459383753501
RANDOM_1437	0.1089635854341736	0.2160611619161281	0.3120448179271708	0.0735350441544937	0.1919483953377326	0.2716927453769559	0.4521763659242651	0.3975658311710252	0.5889949630919561	0.5473389355742297
RANDOM_1438	0.1230553911119977	0.1856257067519637	0.3386791800447752	0.0478170478170478	0.1826084968777792	0.1931283510230878	0.3531284169658952	0.3274024139393118	0.3393899436122662	0.2809523809523809
RANDOM_1439	0.1058823529411764	0.2290860797518425	0.2554621848739495	0.0635736951526425	0.2354060756118368	0.1712441186125396	0.5533888734069026	0.5143435817125422	0.6446753901847109	0.5742296918767507
RANDOM_1440	0.1028011204481792	0.2165785782088788	0.300161076441668	0.0742969690338111	0.1892971319091261	0.1863442389758179	0.5284650414184515	0.4794482892397637	0.6873734285278127	0.6330532212885154
RANDOM_1441	0.1445378151260504	0.2671004998842748	0.3991596638655462	0.0421271473903052	0.2492365144786246	0.2681912681912682	0.6256373468679164	0.6016337746939119	0.7509531514685467	0.6392156862745098
RANDOM_1442	0.157422969187675	0.2322581141725138	0.3647058823529411	0.0784721480985866	0.1740335950176244	0.2725681146733778	0.4021583794415387	0.37620662238278413	0.6614365332497323	0.4831932773109244
RANDOM_1443	0.088235294117647	0.1798798266406338	0.2571428571428571	0.0727650727650727	0.2021905806522871	0.2500273552905132	0.4193087035756614	0.3858421883805571	0.5996651431674491	0.5299719887955182
RANDOM_1444	0.1089635854341736	0.1898921667372357	0.2686274509803921	0.0314038735091366	0.1872787085456632	0.1543932596564175	0.486996967421025	0.45377088864701776	0.2449449537667163	0.1655462184873949
RANDOM_1445	0.1112044817927171	0.2094843845689096	0.3627450980392157	0.1047160520844731	0.2112968923495139	0.3231383711134227	0.3579998578096732	0.31028886964536817	0.4171482347352627	0.3610644257703081
RANDOM_1446	0.1873949579831932	0.2160507159811615	0.3913165266106442	0.1211358539866437	0.1731500412944454	0.2986076883492858	0.3170747026492171	0.30134492346061703	0.6306215101057034	0.5333333333333333
RANDOM_1447	0.0958251648710148	0.2438496229862164	0.2081232492997199	0.0687541158409158	0.1892421490485608	0.2631578947368421	0.3683901004545615	0.30314368469842107	0.1633253066083871	0.0747899159663865
RANDOM_1448	0.1635854341736694	0.2412808257988348	0.4002801120448179	0.0855047204964256	0.2090443589423755	0.2582604666513934	0.5376616337049023	0.4758880894458672	0.6296241202277787	0.3943977591036414
RANDOM_1449	0.1478991596638655	0.2395765790856071	0.4011204481792717	0.1329467118940803	0.2311701238460287	0.3927125506072874	0.4153949608814581	0.37880670805691696	0.536639556244275	0.5498599439775911
RANDOM_1450	0.080672268907563	0.2167275715683173	0.1941176470588235	0.0655576244226686	0.208957659219114	0.2887624466571835	0.4111376799008658	0.37121530150065085	0.780544098230955	0.6873949579831933
RANDOM_1451	0.065266106442577	0.2039487076165104	0.2361344537815126	0.057008425429478	0.1836228124788522	0.2329576540102856	0.5183403276552357	0.5073411439518614	0.6589356959643312	0.6028011204481792
RANDOM_1452	0.1397759103641456	0.2515547382593511	0.4123249299719888	0.0734215997373892	0.2123770525048573	0.3018929861035124	0.5240786056942869	0.4818377427303366	0.7323975627381331	0.6341736694677871
RANDOM_1453	0.0834733893557422	0.2259647135875224	0.3439775910364145	0.0566327429269934	0.1816052299955046	0.2743188532662217	0.518479894436859	0.4969611554597905	0.6616578766025513	0.5565826330532213
RANDOM_1454	0.0607843137254901	0.2424115747328831	0.2148459383753501	0.0484735747893642	0.1785634955354673	0.1651165335375861	0.5259221184371479	0.47429206346511843	0.4871747878040025	0.3969187675070028
RANDOM_1455	0.1148459383753501	0.1882914360806284	0.3400560224089636	0.0427836743626217	0.2092296372986472	0.2342707079549184	0.3710134094256664	0.36648649116711207	0.4906023407580274	0.4397759103641456
RANDOM_1456	0.0865546218487395	0.2116915909533175	0.2801120448179272	0.0588113435843113	0.1676029138665783	0.2062588904694167	0.4594822624252701	0.4146174633608944	0.6654575208268673	0.5831932773109244
RANDOM_1457	0.0565826330532213	0.181189550284801	0.1725490196078431	0.075610022978444	0.18472435949759	0.276726118831382	0.3493882708087233	0.2988877554285906	0.3070105479723308	0.2747899159663866
RANDOM_1458	0.1137254901960784	0.2166247556810318	0.3546218487394958	0.0508808403545245	0.2068434691358318	0.2736623262939052	0.546296692295738	0.5084146583317668	0.7376896958900495	0.7058823529411765
RANDOM_1459	0.0746774368649565	0.2318302834770444	0.1686274509803921	0.0257139730823941	0.2151657628281099	0.1454207243680927	0.4969877504570052	0.44899182923142106	0.3595851675741541	0.3064425770308123
RANDOM_1460	0.1249299719887955	0.2142656391181322	0.2971988795518207	0.1040595251121567	0.2390205033075063	0.3528832476200897	0.4925463819976809	0.4835784969453283	0.6284813863198014	0.5109243697478991
RANDOM_1461	0.1226890756302521	0.2318176872751934	0.3425770308123249	0.0926797242586716	0.203322281717496	0.3513513513513513	0.4700122760481399	0.4435672001324171	0.7620170883412076	0.5739495798319327
RANDOM_1462	0.0512605042016806	0.1437503914886042	0.1686274509803921	0.0473793631688368	0.1610358983593928	0.1918152970784549	0.2194217894720052	0.1488397364367731	-0.1550690622833639	-0.1988795518207282
RANDOM_1463	0.1091165168574111	0.168904765244916	0.3162464985994397	0.0994638363059415	0.201450057024937	0.3013024040661215	0.3577168000360976	0.32251130803480577	0.4227894119666838	0.3361344537815126
RANDOM_1464	0.1440179378470808	0.2419552901632618	0.3893557422969187	0.1095305832147937	0.2292196783814422	0.401467106351335	0.525507670179554	0.49865046083151926	0.7942775117438764	0.7655462184873949
RANDOM_1465	0.1358543417366947	0.2001616213971936	0.3533202716442975	0.0799868694605536	0.1963808077482496	0.3102089944195207	0.5225040823587822	0.48815117588857065	0.6943492339514998	0.699719887955182
RANDOM_1466	0.1355837246829373	0.2315273956981896	0.3784313725490196	0.0764293950178545	0.2314377863029572	0.2185140606193237	0.5323719954978409	0.502797626622199	0.5855700467588074	0.5123249299719888
RANDOM_1467	0.1557422969187675	0.2410143094081722	0.3299719887955182	0.1187219608272239	0.2268826891307289	0.3415034467666046	0.5709846704446991	0.4942621855584319	0.7813144789913828	0.6128851540616247
RANDOM_1468	0.1196078431372549	0.2302631001815531	0.353040081103739	0.0797680271364481	0.2212722901227641	0.2784768574242258	0.5206425780484458	0.48861178108388265	0.7629807878219093	0.6406162464985994
RANDOM_1469	0.0815126050420168	0.2538671095459387	0.2865546218487395	0.0518073461442138	0.2309046886088138	0.2314257577415472	0.5861827115387951	0.546759414978789	0.6283876122556303	0.5173669467787115
RANDOM_1470	0.157422969187675	0.2485116692484337	0.3868347338935574	0.0883028777765619	0.2007117624785311	0.2931392931392931	0.49585172113952	0.48227827068122797	0.759629516250205	0.6717086834733893
RANDOM_1471	0.1207282913165266	0.2570025767388533	0.2714285714285714	0.0651055914213808	0.2620899799371789	0.2732246416456942	0.6187050150788271	0.5961931136247534	0.8058897421521667	0.7333333333333333
RANDOM_1472	0.0918767507002801	0.224556834358384	0.2801120448179272	0.0543823175402122	0.1922585700886069	0.1655542181857971	0.54233277902344	0.5207854759534626	0.509892872813912	0.5907563025210084
RANDOM_1473	0.1414565826330532	0.2456786460372432	0.3938375350140056	0.0968377284166757	0.226761194308042	0.3415034467666046	0.6227956477385183	0.6207771169539019	0.8234273875381589	0.7512605042016807
RANDOM_1474	0.0722689075630252	0.2013158991654967	0.2607843137254902	0.0655432760695918	0.1942586894659922	0.2622825254404202	0.3989679708077465	0.35425746704447275	0.3989258969986182	0.319047619047619
RANDOM_1475	0.0680672268907563	0.1752706527577678	0.2815126050420168	0.0461167983989637	0.1921190687283829	0.2865740234161287	0.483984010678845	0.455967719690413	0.6735576566770625	0.5736694677871148
RANDOM_1476	0.1112044817927171	0.2115735786777787	0.2714285714285714	0.0244009191377612	0.1756304665951395	0.1594266331108436	0.4805287241193183	0.43547601235246336	0.4851538949871246	0.4605042016806722
RANDOM_1477	0.1263305322128851	0.2700182835496752	0.3641456582633053	0.1073421599737389	0.2119690591373051	0.2896378159536054	0.4274388307428559	0.3939196169325841	0.6119010784721519	0.6179271708683474
RANDOM_1478	0.0602240896358543	0.2120331172226225	0.1941176470588235	0.0736404420614946	0.1914253854600657	0.1915964547543495	0.4982882589979432	0.42602124735352004	0.3182204078558293	0.2277310924369747
RANDOM_1479	0.1347716500086496	0.1933669911784306	0.3350140056022408	0.0451934125532826	0.2063259618870329	0.1434511434511434	0.4134474873336303	0.3888475205334552	0.2939614731562067	0.1238095238095238
RANDOM_1480	0.0756302521008403	0.1891777087637901	0.2683473389355742	0.0812999234051865	0.1827204360926278	0.2205037303453673	0.4784218338725347	0.444615408958309	0.4023740890121128	0.3235294117647059
RANDOM_1481	0.130812324929972	0.2532024594035561	0.3249299719887955	0.0793303424882372	0.2301351358749134	0.3196192143560564	0.4631004415609093	0.4089555851182326	0.5817520291068023	0.461624649859944
RANDOM_1482	0.088515406162465	0.1982958590209319	0.2677871148459383	0.0408230282298087	0.1629551436411692	0.155049786628734	0.3753207751514313	0.34751300557562953	0.1749491766745769	0.2081232492997199
RANDOM_1483	0.1335780881046563	0.1908591245730746	0.261624649859944	0.0734215997373892	0.1839191240927474	0.2780391727760148	0.4126996607503626	0.3666442145697643	0.4814082894751114	0.3949579831932773
RANDOM_1484	0.0983193277310924	0.2156982209534596	0.3369747899159664	0.0340299813984024	0.2051734864347455	0.1408250355618776	0.5056598477015728	0.49113998718558827	0.6893988494365623	0.5565826330532213
RANDOM_1485	0.138375350140056	0.2353184128727772	0.3820728291316526	0.0646474351286318	0.1816023900499554	0.2537476748003063	0.5133828441192974	0.4896155804270078	0.6716290954403022	0.3736694677871148
RANDOM_1486	0.1306814205879964	0.2139563985864357	0.3651684151821501	0.0732027574132837	0.1820414947321112	0.2316446000656526	0.4968515395014621	0.4493587190705632	0.6218032032420949	0.5773109243697478
RANDOM_1487	0.1380952380952381	0.231725188983248	0.3501400560224089	0.0893970893970893	0.1895185925192027	0.2962030856767699	0.512033410982009	0.4547509386320442	0.6516024696925983	0.3467787114845938
RANDOM_1488	0.0731143639302616	0.2016053559086353	0.2193277310924369	0.0777984462194988	0.2443012583209735	0.3023306707517234	0.5562063450283032	0.5205082889543473	0.4157123218737604	0.4439775910364145
RANDOM_1489	0.0887955182072829	0.1801104883705083	0.2817927170868347	0.0241820768136557	0.1642684692922753	0.1327278695699748	0.2982703506087964	0.27300134776661183	0.1542033314621892	0.1352941176470588
RANDOM_1490	0.0436974789915966	0.2316382980983633	0.1633053221288515	0.0039393773654193	0.2132486211706732	0.0721085457927563	0.5242710188711447	0.47345886865083964	0.3711898447129879	0.4221288515406162
RANDOM_1491	0.1095238095238095	0.1836993981969501	0.3022408963585434	0.0331546121019805	0.2192067892047881	0.234051865630813	0.4225984179221379	0.36637268773566845	0.4222524605846661	0.3347338935574229
RANDOM_1492	0.1070028011204481	0.2421914278108639	0.2414565826330532	0.075610022978444	0.2693956429701175	0.2991567136046791	0.6206372155580934	0.5885984231594685	0.7100864446931957	0.6210084033613446
RANDOM_1493	0.0966657364926904	0.187494403601303	0.323249299719888	0.0675128569865411	0.1825012567141829	0.2992668782142466	0.4151146406171964	0.3925194845294499	0.4924169739087276	0.5184873949579832
RANDOM_1494	0.0873949579831932	0.1788022394132373	0.2711484593837535	0.0961812014443593	0.204771564826664	0.3073640442061495	0.4567900545835545	0.4151396830406466	0.5224283956188384	0.2128851540616246
RANDOM_1495	0.0943977591036414	0.2184750284102113	0.2747899159663866	0.0381879855564066	0.2088216517120571	0.1935660356712988	0.4252400907914093	0.37810679124725094	0.4780470367932547	0.3378151260504202
RANDOM_1496	0.0831932773109243	0.1949798421914662	0.2260504201680672	0.0482547324652587	0.1944958753807694	0.2045081518765729	0.5065970247319316	0.47042029740646435	0.6388161164956626	0.5907563025210084
RANDOM_1497	0.1042016806722689	0.239881173256748	0.3400560224089636	0.111500164131743	0.1938575682330569	0.3183061604114235	0.4477581418221983	0.3706177534137137	0.5933705458302814	0.6196078431372549
RANDOM_1498	0.0717086834733893	0.1913424892580289	0.176800231092428	0.0403852477662182	0.205991715646032	0.2312069154174417	0.455298500674781	0.4370782647820403	0.5402273477557566	0.5375350140056022
RANDOM_1499	0.0924369747899159	0.1797768692675782	0.3616246498599439	0.0624794835321151	0.171986189901724	0.2128241601925812	0.443381550368663	0.3956752123245333	0.3384647260842142	0.2633053221288515
RANDOM_1500	0.1215686274509803	0.2776154929378888	0.4509803921568627	0.0957435167961483	0.2523532625936679	0.3360323886639676	0.615960030791587	0.6095584066776718	0.8200582713337962	0.7467787114845938
RANDOM_1501	0.1523809523809524	0.2345220659836059	0.3551820728291316	0.13897247928007	0.2081623571655178	0.3504759820549294	0.4526285106809323	0.41263357777880405	0.63904547966676	0.588515406162465
RANDOM_1502	0.1257703081232493	0.2374632963711577	0.3494642490536452	0.0950869898238319	0.2089982279184563	0.2934342844435487	0.4837157533835544	0.43205174175852057	0.7236194975891673	0.638375350140056
RANDOM_1503	0.1100840336134453	0.2275651455043169	0.3235294117647059	0.0850202429149797	0.1932019735585524	0.323466652560541	0.4387665985868367	0.3922898646720247	0.6018668331581669	0.4913165266106442
RANDOM_1504	0.146218487394958	0.2358396294011401	0.376750700280112	0.0832695043221359	0.2333702554145049	0.2898566582777109	0.5142245459457352	0.4612399277507525	0.7657606696563447	0.7156862745098039
RANDOM_1505	0.1361344537815126	0.232521601160426	0.3518207282913165	0.1108732190511772	0.2326865150307577	0.3474121895174527	0.5141642095364022	0.49228874273238976	0.7449021248704829	0.6932773109243697
RANDOM_1506	0.0857142857142857	0.1994065722761388	0.2591036414565826	0.0219936535726009	0.1841786610799961	0.1244118612539665	0.4663271750731171	0.4469773347998876	0.5809174801008155	0.6240896358543417
RANDOM_1507	0.0871148459383753	0.2097570089587892	0.3134453781512605	0.0640113798008534	0.1645555814413508	0.2132618448407922	0.4396045979575125	0.4097509434710389	0.5375424594038805	0.6310924369747899
RANDOM_1508	0.2011204481792717	0.2783434327872213	0.4599439775910364	0.1034029981398402	0.2581037258115994	0.3231206915417441	0.5821789912938274	0.5483439319233516	0.806949482342622	0.726610644257703
RANDOM_1509	0.1002801120448179	0.1989278175076886	0.2759103641456583	0.0626983258562206	0.1660603450125186	0.1520369168442175	0.3604861431814256	0.33983443832309007	-0.1317535959103757	-0.1033613445378151
RANDOM_1510	0.1210084033613445	0.211210474688989	0.3697478991596639	0.0701389648758069	0.2266927260871286	0.2485090554685347	0.4603760011203841	0.4355623895779792	0.5421489262612877	0.4053221288515406
RANDOM_1511	0.0560224089635854	0.182879922737372	0.2857142857142857	0.0609475872633767	0.1821060289234084	0.247940208953981	0.4512429541117647	0.42115273437102074	0.5454165450518408	0.4803921568627451
RANDOM_1512	0.0896358543417367	0.1649499188825531	0.2733893557422969	0.026151657730605	0.1598804409471549	0.0758288653025495	0.4055234198347572	0.3781591022402525	0.5803780578179979	0.5971988795518207
RANDOM_1513	0.1079907559199841	0.262256325547607	0.3677871148459384	0.0854579275631907	0.2327545934977218	0.2916073968705547	0.5541379453703027	0.5401053614099244	0.7376316934568211	0.6299719887955182
RANDOM_1514	0.096078431372549	0.2406982012006021	0.3159663865546218	0.0421271473903052	0.1791757317846514	0.2012255170149907	0.5559978053213782	0.5354805826204523	0.8067220010075918	0.7361344537815127
RANDOM_1515	0.1262273331255399	0.2241820011753754	0.3722689075630252	0.0828318196739249	0.1873312139875514	0.2515592515592516	0.5353238855153897	0.48728304611804113	0.806935491576189	0.7605042016806722
RANDOM_1516	0.0943977591036414	0.1992699099434387	0.2787114845938375	0.0736404420614946	0.2127952559816922	0.1819927588799957	0.48019176175347	0.44268033898208015	0.5597222535458715	0.5123249299719888
RANDOM_1517	0.142296918767507	0.2250375972170406	0.3887955182072829	0.1309771309771309	0.2136816442637292	0.379363168836853	0.4845810001503983	0.4407139554822487	0.6709212853719708	0.5350140056022409
RANDOM_1518	0.1120448179271708	0.2638563566198192	0.3109243697478991	0.049882238380411	0.2342270343504054	0.1985994091257249	0.5868617546544962	0.5543811655977193	0.5071359251302548	0.3501400560224089
RANDOM_1519	0.0812324929971988	0.2144967770574697	0.2177080500139724	0.0773607615712878	0.1842246010051203	0.20997920997921	0.5090903752253048	0.48332056914703186	0.258027671023819	0.2058823529411764
RANDOM_1520	0.1092436974789916	0.1756695700743936	0.3394957983193277	0.0861144545355071	0.2004777286362883	0.267155527906067	0.3700294985248372	0.3683660813592311	0.2171202018496749	0.2731092436974789
RANDOM_1521	0.1775910364145658	0.2220205625629281	0.3904761904761905	0.0709185618428828	0.1786966870367685	0.233614180982602	0.5164076220825479	0.5067985581986763	0.6756958947680994	0.5030812324929972
RANDOM_1522	0.1285714285714286	0.2228423938536742	0.3694677871148459	0.0500054710581026	0.191329902537107	0.276726118831382	0.4762969665076137	0.4452528603633069	0.6031203231733681	0.4974789915966386
RANDOM_1523	0.1132445968319978	0.2277252232708113	0.284593837535014	0.0624794835321151	0.1933175801631139	0.2646897910055805	0.5322879955490586	0.4832798770570928	0.611421161527095	0.5016806722689076
RANDOM_1524	0.0915966386554621	0.2161097268533629	0.2789915966386554	0.0655432760695918	0.1872169459422948	0.2539060749209491	0.4748515194220601	0.45140116641422307	0.6895972691048186	0.7
RANDOM_1525	0.0529411764705882	0.2283567166561287	0.2117647058823529	0.0033920560236349	0.1921530506206203	0.0134588029324871	0.5320756121881369	0.5212286884122574	0.0282113764669211	0.0140056022408963
RANDOM_1526	0.1364145658263305	0.1876200388920378	0.3554621848739496	0.0808622387569756	0.1711236119754592	0.3296859612649086	0.3071893673926943	0.2870139568956053	0.2551368151748263	0.215406162464986
RANDOM_1527	0.1022408963585434	0.2630266109474125	0.3571428571428571	0.0355618776671408	0.2175244399987811	0.179122442280337	0.565162816514481	0.5218664300779859	0.4719020967260066	0.4355742296918767
RANDOM_1528	0.1417366946778711	0.2206302712167736	0.3467787114845938	0.0811699468257294	0.2175615641123426	0.276288434183171	0.4984404142090741	0.4829397813210086	0.6882770392396482	0.561344537815126
RANDOM_1529	0.1078431372549019	0.2186851073879657	0.2871148459383753	0.0618229565597986	0.2069294943254875	0.2056023634971003	0.4683839624857439	0.4160551198451896	0.5948494455928524	0.5462184873949579
RANDOM_1530	0.088235294117647	0.2285046194356485	0.3030812324929972	0.0517562096509464	0.1971375368001298	0.2126053178684757	0.5502464655427872	0.48153264097305243	0.7369995364785229	0.6795518207282913
RANDOM_1531	0.0621489630971137	0.1991769236266851	0.2784313725490196	0.0315374524245285	0.1566990857730808	0.1281391915251669	0.4591397180713921	0.41656166372120107	0.2512600848296945	0.1957983193277311
RANDOM_1532	0.112472862521073	0.1819645522370739	0.2644257703081232	0.0589780063464273	0.1570236024683446	0.2075719444140496	0.3605551964987781	0.32865423663755094	0.1888184575827074	0.2540616246498599
RANDOM_1533	0.1554621848739496	0.2540075658003377	0.3795518207282913	0.0675128569865411	0.2001638084361259	0.1940037203195098	0.5308634678008513	0.494441028176285	0.6657575501720704	0.4459383753501401
RANDOM_1534	0.0779804413531113	0.1973571653700303	0.2406162464985994	0.0521938942991574	0.1981699796037163	0.2066965751176277	0.4005278601028817	0.3573124594119976	0.2429959972781322	0.1803921568627451
RANDOM_1535	0.107713990933794	0.2278207979484033	0.3649859943977591	0.06013805776967	0.220881436154244	0.2410548200021884	0.5029370921204616	0.4621645631376632	0.7016933357315708	0.5591036414565826
RANDOM_1536	0.1268996431433277	0.2559943115997049	0.3145658263305322	0.0883028777765619	0.2351442751356153	0.3474121895174527	0.5553026324192608	0.5228575928648123	0.7920563808664887	0.5296918767507003
RANDOM_1537	0.1179602175751382	0.195995975064519	0.3028011204481792	0.0784721480985866	0.2078870461338473	0.3001422475106685	0.3598837725701971	0.31682063515739256	0.4253382934279412	0.3789915966386554
RANDOM_1538	0.1252100840336134	0.2330467419108153	0.357703081232493	0.0659809607178028	0.1997833143346339	0.2530911478279899	0.550277670634573	0.5256823359445939	0.7315182613576193	0.7322128851540616
RANDOM_1539	0.0854341736694677	0.2053465269463798	0.2943977591036414	0.0405952511215669	0.180351772955938	0.1171900645584856	0.4850171443773945	0.46586456091904277	0.7225474286142706	0.7299719887955182
RANDOM_1540	0.1658263305322128	0.2700168163060278	0.4747899159663865	0.0948681474997264	0.1972401453279606	0.2782580151001204	0.4974281326014924	0.4788558200244932	0.667775692897181	0.5708683473389355
RANDOM_1541	0.1997338754110212	0.2629792820389808	0.4254901960784313	0.1327278695699748	0.2310776557104932	0.3644818907976803	0.4897608226369428	0.4220551685845543	0.6980227898101127	0.6459383753501401
RANDOM_1542	0.1145658263305322	0.231022046723568	0.3539975431209586	0.1154393259656417	0.2369386541233315	0.4110953058321479	0.4202671170749552	0.37960196869378243	0.6261769682090831	0.5677871148459384
RANDOM_1543	0.1501400560224089	0.2181262088668125	0.3843137254901961	0.0551512831158703	0.1604302286464544	0.2410548200021884	0.3318552503499746	0.29177569775075685	0.5395866614754559	0.4285714285714285
RANDOM_1544	0.1395348891981444	0.2200490222525734	0.3482768419142441	0.0727650727650727	0.1707500364348375	0.2467447204289309	0.3834413481819596	0.34926786960414746	0.4626005255535296	0.5546218487394958
RANDOM_1545	0.0991596638655462	0.2062446251288154	0.3759103641456582	0.0594156909946383	0.1778250556935761	0.2447751395119816	0.446588959875808	0.39338025030350815	0.6321791544703622	0.6484593837535014
RANDOM_1546	0.1148459383753501	0.2142978296423051	0.3056022408963585	0.0624794835321151	0.2068333756102186	0.2515592515592516	0.4949543037045665	0.46572067070422796	0.5492492997071919	0.4288515406162465
RANDOM_1547	0.0736694677871148	0.2280380441801257	0.2798319327731092	0.0991346853944469	0.1899192123315896	0.308744671947159	0.4093197826142896	0.3641712337322173	0.6765503214312978	0.6389355742296918
RANDOM_1548	0.1226890756302521	0.2033244750681707	0.3532212885154062	0.0390654922070748	0.2090823030995557	0.1990370937739358	0.3683482268648556	0.3387386468711971	0.2820334168434765	0.1378151260504201
RANDOM_1549	0.0708683473389355	0.2006899559570995	0.2156862745098039	0.021118284276179	0.1946300131257864	0.1438888280993544	0.3801012233043459	0.3625506752917183	0.0861653970787311	0.0633053221288515
RANDOM_1550	0.1156862745098039	0.20419431884688	0.284313725490196	0.0609475872633767	0.1798458632489703	0.1985994091257249	0.3507283189020147	0.3134068978918556	0.2879492308012178	0.2526610644257703
RANDOM_1551	0.1126365973045262	0.2022350942414845	0.3168955013716895	0.0489112594375752	0.2050363507709395	0.2393040814093445	0.504042720570548	0.4838293511368773	0.619677630677953	0.688515406162465
RANDOM_1552	0.1183576756122798	0.2045108238688623	0.3352941176470588	0.073672228992607	0.1907293308959977	0.2235474340737498	0.4696191772821829	0.4329819035594475	0.6862278548868611	0.5759103641456582
RANDOM_1553	0.1285714285714286	0.2392198903217049	0.3296918767507003	0.0452008328657131	0.2059925820445503	0.226830068935332	0.5100868797843577	0.4867260167428878	0.6075504636040603	0.5669467787114846
RANDOM_1554	0.1246498599439775	0.2291884101743927	0.3781512605042016	0.0462851515483094	0.2159398814576053	0.1898872760823541	0.5421685604019714	0.4730275846233808	0.5385932317465112	0.3815126050420168
RANDOM_1555	0.0834733893557422	0.2154117276885822	0.2546218487394958	0.032498085129664	0.2089780105743119	0.1574570521938943	0.5591020078571589	0.49492398875742494	0.6550808671699483	0.6109243697478992
RANDOM_1556	0.0708683473389355	0.2041808498395472	0.2676658035837739	0.0458474669000984	0.2018559522764893	0.2193894299157457	0.5152421468933956	0.5100822000412036	0.5268619156954755	0.4736694677871148
RANDOM_1557	0.1124728625210729	0.2193414824138319	0.2408963585434173	0.0618229565597986	0.2026666776520716	0.2826801386962495	0.4251510742856607	0.37510578980721826	0.2804341517162462	0.2949579831932773
RANDOM_1558	0.1389355742296918	0.2021519817228481	0.3002801120448179	0.0880840354524565	0.1827776520749466	0.2843856001750738	0.4523605118451052	0.4190557385000627	0.5987763709667829	0.5784313725490197
RANDOM_1559	0.0887955182072829	0.1933207996065031	0.2453781512605042	0.0438778859831491	0.1747835055217324	0.2270489112594375	0.3941998485920578	0.35716404726146456	0.3643794248120892	0.1907563025210084
RANDOM_1560	0.126610644257703	0.2264179051725855	0.4053221288515406	0.1259437575227049	0.1975814402203606	0.3368969638307758	0.4339629990023451	0.43796190389629275	0.6770696617826885	0.6854341736694678
RANDOM_1561	0.1179271708683473	0.2060521011923576	0.3380952380952381	0.075172338330233	0.1572404873819708	0.252653463179779	0.3892051967719459	0.36304181299528304	0.4342100418252064	0.3663865546218487
RANDOM_1562	0.1313725490196078	0.2022789902405271	0.3218487394957983	0.0703578071999124	0.194245470517134	0.2794133808865994	0.5143814122603149	0.472792165137364	0.6984293725856219	0.6442577030812325
RANDOM_1563	0.0803921568627451	0.2202559797803516	0.2330532212885154	0.0397198818251449	0.211900401619569	0.1662198393908869	0.5922204141511451	0.5715242758500152	0.5071110478053636	0.3918767507002801
RANDOM_1564	0.1009874643557828	0.1964899899752458	0.296078431372549	0.0205824423218028	0.220630527818328	0.2323011270379691	0.4915780479220483	0.4322605403327644	0.6296769923724558	0.6109243697478992
RANDOM_1565	0.0642356873016636	0.2223316019699597	0.1658263305322128	0.0600722179669548	0.2316419252974749	0.1911587701061385	0.5678914397563961	0.5033221823901078	0.3253109034187215	0.2969187675070028
RANDOM_1566	0.1700280112044818	0.2474826335788712	0.3619047619047619	0.0942116205274099	0.2243343916693551	0.3722711610321246	0.4696639225702315	0.4232612358642929	0.5955507699430501	0.4487394957983193
RANDOM_1567	0.0638655462184874	0.236770242416478	0.2288515406162465	0.0550418559668308	0.2097262254046723	0.2314257577415472	0.4465351571624649	0.4065019184304075	0.6972400655960779	0.4865546218487395
RANDOM_1568	0.0518207282913165	0.2267942931807448	0.1641456582633053	0.0620417988839041	0.1724576633513383	0.2040704672283619	0.4146192200417338	0.383057333665383	0.3518120883471303	0.3296918767507003
RANDOM_1569	0.0778711484593837	0.2286102186753637	0.230532212885154	0.0532881059196848	0.2470188493239945	0.2819783346099135	0.522236068816452	0.43440516004937474	0.7811005860421927	0.6476190476190476
RANDOM_1570	0.1543417366946778	0.283647775694089	0.4249299719887955	0.1130320604004814	0.2500230973842022	0.3139293139293139	0.6257563409625903	0.5974778929855228	0.8326947395511146	0.7781512605042017
RANDOM_1571	0.119047619047619	0.2413308141992688	0.257422969187675	0.0575564289004742	0.207747338590194	0.2294561768245978	0.5022709638178346	0.4820484362738337	0.601510873625854	0.4714285714285714
RANDOM_1572	0.1022695473038609	0.2444067810886723	0.2781512605042017	0.0530692635955793	0.2095177259209311	0.1769340190392822	0.6259837375536128	0.5729940215489449	0.4967071394499585	0.3408963585434174
RANDOM_1573	0.1165266106442577	0.2266762926712094	0.3470588235294117	0.0775796038953933	0.2107370613135564	0.3940256045519203	0.4233801731463323	0.3895883847449929	0.6954910509319638	0.5593837535014006
RANDOM_1574	0.1299719887955182	0.2316289736443377	0.3350140056022408	0.0900536163694058	0.22009951700686	0.3213699529489003	0.5116659858275733	0.4698054896893085	0.5892725701137088	0.3677871148459384
RANDOM_1575	0.0476323918949489	0.1793555119450413	0.2168067226890756	0.0594156909946383	0.1878891993169155	0.1326257046357833	0.4283816230731864	0.38461967475411746	0.6090175241323489	0.6064425770308123
RANDOM_1576	0.1476190476190476	0.2450888251605414	0.3915966386554622	0.099244993981836	0.2779845958203214	0.3382208119050224	0.6300065096107446	0.616803591021091	0.7963906246072275	0.7081232492997199
RANDOM_1577	0.0941176470588235	0.1944203754994773	0.2971988795518207	0.0900536163694058	0.1808976252742345	0.2951088740562425	0.3633200858810137	0.31697450119754234	0.5945543942512901	0.4829131652661064
RANDOM_1578	0.0865546218487395	0.2293602792140727	0.3761904761904762	0.068825910931174	0.1916351179259412	0.2579056789583105	0.5165740182077461	0.4780588766982648	0.7507148105777447	0.5935574229691877
RANDOM_1579	0.1277310924369748	0.2213165766936253	0.319047619047619	0.0712331764963343	0.2385007122430368	0.2681912681912682	0.4894114408013028	0.4452409997650975	0.7312050189869854	0.5492997198879552
RANDOM_1580	0.1775910364145658	0.2336642641856459	0.3865546218487395	0.117408906882591	0.1794470940478607	0.3353758616916512	0.2993331512350332	0.27768811232986873	0.2742755703182936	0.0879551820728291
RANDOM_1581	0.0831796118400939	0.2138856202888824	0.2739495798319328	0.0195863880074406	0.2073200440622006	0.1230988073093336	0.5238659755535612	0.4982326420920195	0.2433432911174125	0.2302521008403361
RANDOM_1582	0.0647058823529411	0.2307050043635735	0.2207901459601161	0.032935769777875	0.2108300954435803	0.1848123427070795	0.5944920975524164	0.558853065290331	0.6834843020751996	0.6218487394957983
RANDOM_1583	0.1504201680672269	0.3070749440976265	0.3890756302521008	0.1179632714226862	0.2680911500701496	0.4078126709705657	0.6844325186948568	0.6352700202917686	0.8807916890424043	0.5991596638655462
RANDOM_1584	0.1260504201680672	0.2163728986324792	0.3457551270492174	0.0678993286096118	0.1888437017556872	0.2629390524127366	0.4437979595323515	0.4104933546238567	0.6811235077503041	0.5619047619047619
RANDOM_1585	0.1067301634384279	0.2451010166503793	0.3064425770308123	0.0587591640223219	0.2539764541667118	0.2616259984681037	0.5862619900511844	0.5709441958600678	0.6963188588097978	0.638095238095238
RANDOM_1586	0.1016806722689075	0.2152354722247377	0.4176470588235294	0.068825910931174	0.195666295988463	0.1880949775686617	0.422276222725262	0.3923168427067882	0.6556116366776632	0.653781512605042
RANDOM_1587	0.0694677871148459	0.192497805287507	0.2686274509803921	0.093773935879199	0.2083352787011427	0.2942979166486744	0.4608205414622858	0.4423378353025634	0.5617189448103872	0.4949579831932773
RANDOM_1588	0.0952380952380952	0.2301577655274017	0.2649859943977591	0.0693015212218148	0.2334435023322325	0.1920341394025604	0.4911366708602044	0.4757125846454218	0.512162916905158	0.4873949579831932
RANDOM_1589	0.1184873949579832	0.238123352422068	0.3313725490196078	0.0950869898238319	0.2217326984622513	0.3791443265127475	0.5285946081595613	0.4903243843294674	0.8171831882587942	0.699719887955182
RANDOM_1590	0.0958251648710148	0.1859700823062536	0.2560224089635854	0.0865521391837181	0.1798080020129456	0.2425867162709268	0.4639947820143335	0.4411719583759967	0.4181276249365765	0.3072829131652661
RANDOM_1591	0.1084033613445378	0.2059979142380473	0.2918767507002801	0.069263595579385	0.1713816430889759	0.2496441414518724	0.437570410754641	0.3923350512549439	0.70215253696145	0.534453781512605
RANDOM_1592	0.1109243697478991	0.2561438698455558	0.3677871148459384	0.1020363629995757	0.1980281134688811	0.2751942225626436	0.4954313239551199	0.4410282168621202	0.6843800537214625	0.4952380952380952
RANDOM_1593	0.0848739495798319	0.2415015348455169	0.2977591036414566	0.0677316993106466	0.2120604710004099	0.2285808075281759	0.4726641404769118	0.4481192085486142	0.6786932839929101	0.6563025210084034
RANDOM_1594	0.0941176470588235	0.2267655565710361	0.2624649859943977	0.0274647116752379	0.2097565265678254	0.2075719444140496	0.614164650031752	0.5933581538842354	0.7442913139198618	0.7551820728291316
RANDOM_1595	0.1058823529411764	0.19959007837351	0.2932773109243697	0.0622606412080096	0.1839859235862634	0.2537476748003063	0.4496892303760842	0.41590281658139766	0.5009013376125399	0.5053221288515406
RANDOM_1596	0.1408963585434173	0.2363289581783182	0.3983193277310924	0.0696695851979924	0.200270737280567	0.2436809278914542	0.5271697240471065	0.5059394329953624	0.7255320203737358	0.6543417366946779
RANDOM_1597	0.0837535014005602	0.2433517096024986	0.319047619047619	0.0541634752161067	0.2129831648846464	0.1867819236240289	0.5639914509439645	0.5256321455495115	0.7890698690515623	0.6442577030812325
RANDOM_1598	0.1070028011204481	0.1887854641406613	0.3084033613445378	0.050661998030419	0.2066913057610993	0.2239851187219608	0.4947267482776769	0.46853340973146396	0.6484405144492804	0.4756302521008403
RANDOM_1599	0.1218487394957983	0.2382972626609927	0.3140056022408963	0.1412627202100886	0.2091836499030283	0.3570751417258847	0.4657722539201005	0.4420571648142896	0.5257668797840742	0.5901960784313726
RANDOM_1600	0.1019607843137254	0.2515810836051357	0.3058823529411765	0.0653244337454863	0.2189371097845187	0.1944839709500537	0.558519404863249	0.5083065647244903	0.7572950209379355	0.6607843137254902
RANDOM_1601	0.0963585434173669	0.1812121311837566	0.3134453781512605	0.0478170478170478	0.1754551656453449	0.2382098697888171	0.3547805475067894	0.3110261865100621	0.4440470906967411	0.3792717086834734
RANDOM_1602	0.0817927170868347	0.2137118800845826	0.2445378151260504	0.0432213590108326	0.2276149680203414	0.2014443593390961	0.6506880218776061	0.6186829328512462	0.6703739528434088	0.6868347338935574
RANDOM_1603	0.0487394957983193	0.1922614491743033	0.2179016756230822	0.0403852477662182	0.1819241257441277	0.0539446328920013	0.5633897911969244	0.5407467982455628	0.4609715149057941	0.4078431372549019
RANDOM_1604	0.1131652661064426	0.2094237293083992	0.3257703081232493	0.093336251230988	0.1984236882315048	0.2778203304519094	0.4582006739735892	0.42655232137514676	0.7100481129630745	0.5966386554621849
RANDOM_1605	0.1411764705882353	0.2480305799416977	0.3868347338935574	0.0892395457375859	0.2252013262721317	0.3299048035890141	0.5526694553344532	0.532426747166446	0.8077069630246257	0.7893557422969187
RANDOM_1606	0.0826330532212885	0.2113104628738296	0.231997767582457	0.0475982054929423	0.1860078573739367	0.1716818032607506	0.419869008224328	0.3708128455740543	0.4347313790067468	0.3697478991596639
RANDOM_1607	0.1078431372549019	0.2212526482279057	0.3403361344537815	0.074349018677893	0.1912814533921623	0.288543604333078	0.3561002502626589	0.3107521221050016	0.5346703170604398	0.4521008403361344
RANDOM_1608	0.0943237792919982	0.2150392258268574	0.2669467787114846	0.0482547324652587	0.1603288199189152	0.2386475544370281	0.4775784643356387	0.4446646847837154	0.4391798443108459	0.3739495798319328
RANDOM_1609	0.1797044615374055	0.2762726714847867	0.369187675070028	0.0666374876901192	0.1991327631805181	0.2796957929447709	0.4948640795804606	0.48506478286018534	0.7120041108498842	0.6210084033613446
RANDOM_1610	0.0859943977591036	0.1779409530836104	0.3263305322128851	0.0728385229080032	0.1948238187321198	0.2557172557172557	0.3870443714413128	0.3767046583551615	0.6207355934533954	0.5053221288515406
RANDOM_1611	0.0747899159663865	0.2242673457465646	0.3204481792717087	0.0552576868366342	0.2113066779743793	0.2066965751176277	0.5625356008034307	0.5080683097925435	0.6553720250504117	0.607563025210084
RANDOM_1612	0.1599439775910364	0.2644787449305261	0.411204481792717	0.1438967009868441	0.2599031872996996	0.4208568152056294	0.5726482210502994	0.5464164315212603	0.773983908137553	0.7658263305322129
RANDOM_1613	0.0991874513577171	0.2042016312629397	0.2711484593837535	0.0274647116752379	0.1742227683799796	0.1598643177590546	0.4508414475019976	0.37713855051350975	0.5694630677535759	0.4058823529411764
RANDOM_1614	0.1403361344537815	0.2162136173674155	0.396078431372549	0.1199654441351351	0.226638514284745	0.3603238866396761	0.55180980031569	0.5337212465216918	0.6930214398581683	0.6016806722689075
RANDOM_1615	0.1848739495798319	0.2081024266746212	0.3910364145658263	0.1095305832147937	0.2109226980089517	0.3218076375971113	0.4449257604384171	0.43838166211449625	0.4893536727862334	0.4563025210084033
RANDOM_1616	0.1229777998673749	0.2120442971338193	0.3257703081232493	0.1062479483532115	0.2286936391672419	0.2911697122223438	0.4744444790909657	0.45080250020630247	0.7640489059633447	0.6366946778711484
RANDOM_1617	0.1319327731092437	0.211495587864	0.3568627450980392	0.0871040106353825	0.2187394241947855	0.3049567786409892	0.4639543920616976	0.4189183971601617	0.6370088207329034	0.3509803921568627
RANDOM_1618	0.1361726027114422	0.2154026596713243	0.3753501400560224	0.0970565707407812	0.2296365955461926	0.3520271384598309	0.5435415991855658	0.5112639772241532	0.6999327715525231	0.5221288515406163
RANDOM_1619	0.1030812324929972	0.2105297332775405	0.2840336134453781	0.0655432760695918	0.1888371333782213	0.276726118831382	0.5214696452441566	0.4684678564460423	0.5333822337142312	0.4117647058823529
RANDOM_1620	0.0918767507002801	0.1420236736358617	0.2445378151260504	0.0590906604812896	0.1359747852202718	0.1911587701061385	0.293740851381898	0.26682019484558744	0.3106660713684195	0.3554621848739496
RANDOM_1621	0.1555057500099803	0.2618835650718941	0.3899159663865546	0.1225093242451987	0.2137650329664245	0.3331874384505963	0.5184266668243502	0.5207169922596725	0.6759042701009123	0.6767507002801121
RANDOM_1622	0.126890756302521	0.2314834493294704	0.3215686274509804	0.0359995623153517	0.1974232605553298	0.1480468322573585	0.4466621027922241	0.3895514052220262	0.5697216337252868	0.5095238095238095
RANDOM_1623	0.1422565170599973	0.2377286271920846	0.3299719887955182	0.0729839150891782	0.2080762770276951	0.3119743044566774	0.4967300979247111	0.4543815947564035	0.6250653601896997	0.6983193277310924
RANDOM_1624	0.0907563025210084	0.2301109650562993	0.2501400560224089	0.057446110077689	0.2303995281238784	0.2872305503884451	0.4668059921865731	0.4239890053778375	0.715273626452274	0.7170868347338936
RANDOM_1625	0.0756302521008403	0.2205912286866276	0.2396637630725525	0.045190939927782	0.1745110711477572	0.1651165335375861	0.4968873941912547	0.4245361109553684	0.210089041689372	0.2187675070028011
RANDOM_1626	0.103641456582633	0.199014725027308	0.3478991596638655	0.0458474669000984	0.1865440087525963	0.1754021227705438	0.4273446436728876	0.38606160944208484	0.3167452712106391	0.3008403361344537
RANDOM_1627	0.1319327731092437	0.2426007420399376	0.2815126050420168	0.057008425429478	0.2384528214129862	0.2003501477185687	0.4731896596615616	0.42303306527734713	0.3384180069392831	0.1448179271708683
RANDOM_1628	0.0621848739495798	0.2113659624394473	0.2224089635854341	0.0491301017616807	0.1776858424852708	0.136885873727979	0.4226277094087667	0.380449037645859	0.5408460717761054	0.4815126050420168
RANDOM_1629	0.0602240896358543	0.2054466612629103	0.1602240896358543	0.00798774482985	0.199115600905231	0.0679505416347521	0.5213191070457718	0.5043374114448654	0.3489482187750042	0.3397759103641457
RANDOM_1630	0.1471000337932246	0.2428569955834646	0.4345755284062692	0.0769230769230769	0.1821069763179107	0.300361089834774	0.5019912337762619	0.45848180592499627	0.7237758059466421	0.5957983193277311
RANDOM_1631	0.1321654143719975	0.2478512088261178	0.3501400560224089	0.0582439325276548	0.2460387853321532	0.2786956997483313	0.6498734651335192	0.6377812689432506	0.7067584093142754	0.6515406162464986
RANDOM_1632	0.1288515406162465	0.2418224842485143	0.4128851540616246	0.0961994690032984	0.220553446667061	0.2690666374876901	0.5468762264062813	0.5039622125760207	0.6923283135715642	0.7767507002801121
RANDOM_1633	0.161344537815126	0.230024627338003	0.3837535014005602	0.0886359907219344	0.1941611902865837	0.3345004923952292	0.410391367681274	0.3870606619079425	0.6262568525623826	0.5644257703081232
RANDOM_1634	0.157703081232493	0.2660873139816168	0.4686274509803921	0.075610022978444	0.2171824159780551	0.3211511106247948	0.5233836886742919	0.48413553556376604	0.777016085705051	0.7442577030812325
RANDOM_1635	0.1070028011204481	0.2473743553454195	0.3445378151260504	0.0826129773498194	0.2191218748283911	0.3047379363168837	0.5122526426832698	0.4542555333401025	0.5451470976122212	0.357703081232493
RANDOM_1636	0.0711484593837535	0.2030985431894465	0.2551820728291316	0.0338111390742969	0.1786483315452777	0.1887515045409782	0.4982456909667223	0.4430251112371452	0.4400923458287255	0.4456582633053221
RANDOM_1637	0.1565826330532213	0.2479390228365562	0.4165266106442577	0.1828427617901301	0.2677036073769979	0.4410292140522163	0.5967236861963148	0.5614132358308839	0.7142817942906454	0.5509803921568628
RANDOM_1638	0.0708683473389355	0.2267891273829779	0.2120448179271708	0.045190939927782	0.1906544657595476	0.1349162928110296	0.448518882736962	0.42468079187758306	0.0078707185944494	0.0826330532212885
RANDOM_1639	0.1103641456582633	0.2120568312053451	0.3030812324929972	0.063792537476748	0.1733836173457643	0.2180763759711128	0.3986046483430013	0.36439361519346913	0.3810859492659971	0.3008403361344537
RANDOM_1640	0.1277310924369748	0.2125022567264923	0.3126050420168067	0.0749534960061275	0.2208299231589932	0.2900755006018164	0.4993142288707646	0.4702509336685718	0.703506778271331	0.6929971988795518
RANDOM_1641	0.14593837535014	0.2683847554220945	0.4162464985994398	0.0780215572651101	0.2119646266073031	0.2878870773607616	0.521267065433116	0.48739683888923196	0.6443951979777222	0.449859943977591
RANDOM_1642	0.0949579831932773	0.2583424838172145	0.384593837535014	0.0977130977130977	0.230237139499958	0.3110843637159426	0.5664968538627346	0.5246792784879353	0.6679558706659177	0.6890756302521008
RANDOM_1643	0.0924369747899159	0.2481290679687817	0.3150073224444029	0.0635736951526425	0.2328242573779572	0.2988291935660356	0.654534600007706	0.598061966639349	0.8479778095629886	0.7070028011204482
RANDOM_1644	0.153781512605042	0.2282653739803431	0.3473389355742297	0.0773607615712878	0.1840583447925097	0.2134806871648976	0.3868665871008352	0.364431727002037	0.5644850469609458	0.4935574229691877
RANDOM_1645	0.0899159663865546	0.2353189938157545	0.3619047619047619	0.0863332968596126	0.2054408795335076	0.2644709486814749	0.3905591281817201	0.3492474494580819	0.6551536971563392	0.5661064425770308
RANDOM_1646	0.0736694677871148	0.1988874766347984	0.2512605042016806	0.0471605208447313	0.2072877579409186	0.1920341394025604	0.4760752289345533	0.4528467046043201	0.475822695416392	0.5148459383753501
RANDOM_1647	0.1249299719887955	0.2206236077012378	0.3433777997999935	0.0379691432323011	0.2046753272344162	0.1926906663748769	0.5707875810445148	0.5065967958217042	0.6262736184339379	0.3851540616246499
RANDOM_1648	0.103641456582633	0.1940638165267493	0.2929971988795518	0.0395010395010395	0.2086170536388638	0.2215778531568005	0.42715662588504	0.3729846630660728	0.6019057530478011	0.5005602240896359
RANDOM_1649	0.0801120448179271	0.2575795032118164	0.3178415744509156	0.0694824379034905	0.1976351362775791	0.2900755006018164	0.5572572387483963	0.4981373841777344	0.6794323240536174	0.6252100840336134
RANDOM_1650	0.1003082135199512	0.1856525137083585	0.3591036414565826	0.0745158113579166	0.1857203322675502	0.3187438450596345	0.3887623032214307	0.3468768857343113	0.6763779012939415	0.6624649859943977
RANDOM_1651	0.1361344537815126	0.2131259404973824	0.3792717086834734	0.0841448736185578	0.1904268567528132	0.2793522267206478	0.4502418511234796	0.40402305723588183	0.7751856306309788	0.6742296918767507
RANDOM_1652	0.1092436974789916	0.1707757358626892	0.3291316526610644	0.0653244337454863	0.1645894094291161	0.2071342597658387	0.301317436163682	0.24383052262637803	0.3987332914066216	0.2526610644257703
RANDOM_1653	0.0739495798319327	0.2705428264808517	0.2481792717086834	0.0316227158332421	0.1980744168760186	0.1918152970784549	0.5634101556251618	0.5093979731940591	0.4630275851220287	0.3526610644257703
RANDOM_1654	0.1568627450980392	0.1931445522410969	0.3226890756302521	0.0753911806543385	0.1696891567953656	0.2780391727760148	0.3254654379417677	0.24125328944735994	0.2227353587457036	0.0820728291316526
RANDOM_1655	0.0532212885154061	0.222055026667263	0.1759103641456582	0.0541634752161067	0.1813934347576262	0.1259437575227049	0.5162438488676675	0.4938862863865997	0.1610635881600495	0.1733893557422969
RANDOM_1656	0.0747899159663865	0.2111230561685732	0.2047619047619047	0.0613852719115877	0.2442959863231419	0.331655542181858	0.4807361336755794	0.455246795599971	0.6494038213863308	0.7137254901960784
RANDOM_1657	0.0977591036414565	0.2340924060148748	0.2823529411764706	0.0878700006786584	0.2156106826161467	0.3239960608381661	0.5433118188974987	0.5184385890703902	0.8372798587406375	0.692156862745098
RANDOM_1658	0.1630252100840336	0.2317066958022385	0.4364145658263305	0.1062479483532115	0.1926420480443232	0.3502571397308239	0.4228183220146602	0.3737957111358671	0.5400298202379241	0.5019607843137255
RANDOM_1659	0.0805886672999984	0.2270348784329996	0.2773109243697479	0.0863332968596126	0.2279969419810133	0.2257358573148047	0.4210048629766953	0.37417036749570276	0.5797397333859701	0.484593837535014
RANDOM_1660	0.1330532212885154	0.192562143055281	0.3282913165266106	0.0718897034686508	0.1745326024731072	0.2456505088084035	0.3330234969566004	0.2989042660485668	0.3290883578164456	0.419047619047619
RANDOM_1661	0.1140056022408963	0.2067147305973209	0.3170868347338935	0.0909289856658277	0.2228298267676117	0.2839479155268629	0.4009555545660122	0.3607320559206775	0.5846002645801136	0.4742296918767507
RANDOM_1662	0.0957983193277311	0.2204143273416999	0.3277310924369748	0.0340299813984024	0.220695202718349	0.2447751395119816	0.6258578948659848	0.608291089201418	0.8228566147819311	0.7439775910364146
RANDOM_1663	0.126890756302521	0.2182045212161427	0.3417366946778711	0.0981507823613086	0.1950982569997111	0.3163365794944742	0.4834543144975117	0.447712254144919	0.6000382679240808	0.4602240896358543
RANDOM_1664	0.0792717086834734	0.3146300631066923	0.272829131652661	0.0655432760695918	0.2300491563305326	0.2316446000656526	0.5941015986760781	0.5465271710969207	0.686904302497716	0.6436974789915967
RANDOM_1665	0.1086834733893557	0.1987973188307541	0.3417366946778711	0.0791115001641317	0.2000043165919591	0.2498085129664077	0.4908181223719703	0.4514432920771065	0.7197147645114654	0.6114845938375351
RANDOM_1666	0.0981079427999981	0.2061418950567067	0.2812324929971989	0.0631360105044315	0.2376414713109142	0.3183061604114235	0.4911972823979275	0.4034356318322071	0.5489734436029943	0.4338935574229692
RANDOM_1667	0.0512605042016806	0.256534769905539	0.2131652661064425	0.0338111390742969	0.2574405116333304	0.0508808403545245	0.5501359577694847	0.5204185259397768	-0.0145394856528197	-0.0417366946778711
RANDOM_1668	0.1098039215686274	0.2397669767129763	0.4072829131652661	0.0427836743626217	0.1955121897915253	0.2021008863114126	0.4783111860426391	0.42158481589580193	0.7022560427767703	0.5865546218487395
RANDOM_1669	0.1201680672268907	0.256880124349593	0.3823529411764705	0.0795491848123427	0.2243128863841808	0.2687727887232475	0.6692857765164385	0.6530012507069057	0.8058258967048357	0.7159663865546219
RANDOM_1670	0.1907563025210084	0.2217160938888834	0.4117647058823529	0.086989823831929	0.1847578062633066	0.2859174964438122	0.514364565520037	0.4670090309455944	0.6657942080474586	0.4341736694677871
RANDOM_1671	0.0932773109243697	0.1844426984754939	0.3182072829131652	0.0828318196739249	0.2268379557169879	0.282197176934019	0.4705435153371995	0.4304659648591533	0.6240578148931896	0.5635854341736695
RANDOM_1672	0.1260504201680672	0.2054622274161877	0.3969187675070028	0.0904913010176168	0.2220351011544005	0.2660028449502133	0.4615098360833446	0.4397457084292088	0.6416615005109303	0.5352941176470588
RANDOM_1673	0.0812324929971988	0.2180554283470489	0.2593837535014006	0.0268228636640515	0.2102077811447533	0.1407790823317145	0.5169968905955684	0.48706107309992536	0.6297272329188144	0.5837535014005603
RANDOM_1674	0.0927170868347339	0.2060815881888563	0.2862745098039215	0.0690377533037511	0.2006330624544975	0.2941178235183315	0.4650301729407731	0.4175300352339484	0.7108639296583132	0.6658263305322129
RANDOM_1675	0.0859943977591036	0.2003509316526404	0.2490196078431372	0.0585403216982164	0.1907288261662632	0.2828537039063354	0.4760912449973795	0.44933017948307485	0.5914813687507762	0.5661064425770308
RANDOM_1676	0.0868347338935574	0.1830317803578787	0.2848728489474038	0.0747346536820221	0.1784791959438878	0.2145748987854251	0.4014588690967733	0.366512874953226	0.338830616388107	0.3605042016806722
RANDOM_1677	0.1711484593837535	0.2513667387194896	0.3823529411764705	0.093876713130432	0.2431953316582433	0.4104387788598315	0.5578889900386348	0.5194491392906477	0.6993814418303997	0.5851540616246499
RANDOM_1678	0.0798878962799985	0.2579456806761319	0.3843137254901961	0.0907101433417222	0.2133560286544378	0.2837290732027574	0.5750534668935664	0.535759838859931	0.786091070799756	0.7033613445378152
RANDOM_1679	0.1168067226890756	0.1993679284873983	0.3672268907563025	0.0705766495240179	0.1735277068128222	0.2804464383411751	0.4911618745271846	0.4628065716530921	0.6550213544012887	0.5487394957983194
RANDOM_1680	0.1728291316526611	0.2872364395199922	0.3826330532212885	0.0491301017616807	0.2295492026959703	0.2115111062479483	0.5329824398015405	0.5114941964783868	0.6230022631821179	0.5826330532212886
RANDOM_1681	0.1521008403361344	0.1962660953657034	0.3476433932469528	0.0851343219526728	0.1994503145845393	0.3088959404748878	0.3011615226937703	0.23937818023742152	0.1823286225270376	0.0523809523809523
RANDOM_1682	0.1184873949579832	0.1992603564068748	0.3509803921568627	0.0570523833731556	0.2099133707961478	0.2863551810920232	0.5005605084527228	0.4913638819286471	0.5642897636734668	0.4240896358543417
RANDOM_1683	0.0854341736694677	0.2017539179247491	0.2815126050420168	0.0749699043898631	0.1938324358429934	0.2992668782142466	0.4710172553760574	0.43270637074769674	0.671428521617619	0.5571428571428572
RANDOM_1684	0.1310924369747899	0.2008653203935511	0.3025210084033613	0.0613987100185594	0.1607087362238687	0.209103840682788	0.4433930819689255	0.44390740400805967	0.6747334908071028	0.515126050420168
RANDOM_1685	0.0700280112044818	0.2457641077791617	0.3764705882352941	0.1042783674362621	0.2395211757973322	0.2627202100886311	0.5310706784329062	0.49588289857865975	0.6944615386460845	0.5672268907563025
RANDOM_1686	0.0677871148459383	0.2515835511648137	0.3198879551820728	0.0493489440857861	0.1899196332872253	0.2080096290622606	0.5184471315054305	0.4505051387193913	0.7178136314116611	0.7016806722689075
RANDOM_1687	0.0943977591036414	0.2524094411383886	0.2949579831932773	0.0595985692272446	0.2398379851267761	0.3172119487908961	0.627341209423622	0.5977794648889608	0.8390264877364992	0.6859943977591036
RANDOM_1688	0.1868347338935574	0.2748117244343971	0.4358543417366947	0.1192713602309707	0.2260685846621834	0.2850421271473903	0.5159233059897088	0.46201450576361414	0.7023287539166756	0.6851540616246499
RANDOM_1689	0.0826330532212885	0.2078479666081806	0.2551820728291316	0.0331546121019805	0.1640553339841733	0.2128241601925812	0.4704753425876876	0.4658335048786235	0.3565624422702646	0.3747899159663865
RANDOM_1690	0.079293922978062	0.2106821562976791	0.3050420168067227	0.0631360105044315	0.210682676905893	0.2371156581682897	0.4683480436224778	0.3971980481921328	0.5881832863967855	0.5456582633053221
RANDOM_1691	0.1366946778711484	0.2753273360134496	0.4002801120448179	0.081081081081081	0.2253420074147799	0.3350114997625855	0.6057084028940549	0.5731592102508681	0.7934391671679734	0.6745098039215687
RANDOM_1692	0.1585434173669468	0.2996944745606521	0.4151260504201681	0.1015294466343808	0.2524862720982477	0.3384396542291279	0.7019788043472076	0.6853722767113716	0.8638802018732535	0.761344537815126
RANDOM_1693	0.1005602240896358	0.1791647964515209	0.2263939567712866	0.0397198818251449	0.211122134908401	0.1694933800196958	0.4117447916543289	0.3618848529033306	0.5460075455796024	0.4879551820728291
RANDOM_1694	0.0586875833080069	0.1971382715732574	0.1756302521008403	0.063354852828537	0.1907566406619701	0.1994193222285002	0.5819254008671727	0.5475191994658006	0.4220775598310196	0.3686274509803922
RANDOM_1695	0.1142857142857143	0.2580623847075204	0.342296918767507	0.0556953714848451	0.2001842249188274	0.1946602472918262	0.5328521527701687	0.5155729171020991	0.5942140379051104	0.5764705882352941
RANDOM_1696	0.0756302521008403	0.2038364965332866	0.2957983193277311	0.0753911806543385	0.2184432257528412	0.2368968158441842	0.5190757061439307	0.4978516817798411	0.7122988957188752	0.673389355742297
RANDOM_1697	0.0629765885547691	0.2022428059061602	0.2176470588235294	0.0403764087974614	0.2182681302531545	0.2064777327935222	0.4797844311302078	0.38401260476974264	0.2818414965924116	0.2703081232492997
RANDOM_1698	0.0868347338935574	0.2163099271715152	0.3025210084033613	0.0909289856658277	0.1894936799289504	0.2933581354633986	0.455532902700891	0.41488627176550424	0.5931947091670559	0.5563025210084034
RANDOM_1699	0.1299719887955182	0.2235579518509526	0.3540295193039933	0.1174153309193032	0.2226610588223865	0.3854907539118065	0.5224720631455761	0.4577877970161874	0.5562863731937028	0.3952380952380952
RANDOM_1700	0.1901960784313725	0.2613675816013336	0.4305322128851541	0.0955246744720429	0.2187296626336779	0.3500382974067184	0.5377518392506653	0.48888501379063776	0.7318692902007857	0.3725490196078431
RANDOM_1701	0.1067226890756302	0.2284796408625649	0.3717086834733893	0.0657621183936973	0.2059510084288492	0.2675347412189517	0.567895598342609	0.5304482414567498	0.7788593041790626	0.7201680672268908
RANDOM_1702	0.1047619047619047	0.2521113004387714	0.3521008403361345	0.0707954918481234	0.2204624519630757	0.2436809278914542	0.4998294415473963	0.39807426074808694	0.5093439260792293	0.465266106442577
RANDOM_1703	0.0896358543417367	0.2156416136102811	0.2983193277310924	0.0445344129554655	0.1882496311141449	0.2049458365247839	0.5165883218299631	0.49715027569659725	0.5086043430596853	0.4680672268907563
RANDOM_1704	0.1053221288515406	0.2318570128508892	0.342296918767507	0.0650388604760188	0.1922939372920543	0.2471824050771419	0.4896404114181702	0.4445070809116294	0.6571043704817628	0.4481792717086835
RANDOM_1705	0.092156862745098	0.2139540889026891	0.2857142857142857	0.0298719772403982	0.2325895065989157	0.245869351132509	0.4975338075823212	0.4507937254852066	0.5057744515685476	0.4170868347338936
RANDOM_1706	0.1158344424718896	0.2374557532632732	0.3126050420168067	0.1093117408906882	0.2133147148971686	0.3791443265127475	0.517259529953201	0.47797356370190286	0.7060575369128774	0.5739495798319327
RANDOM_1707	0.1067226890756302	0.1916024916342912	0.326890756302521	0.0802057117846591	0.2115890872288944	0.2953277163803479	0.4691041841684581	0.41880635217592826	0.5984016651309206	0.3414565826330532
RANDOM_1708	0.1257703081232493	0.1910422956334088	0.3277310924369748	0.0653244337454863	0.21146011692143	0.3290294342925922	0.5227310725806267	0.4819663474323587	0.7036651184524012	0.6254901960784314
RANDOM_1709	0.1182072829131652	0.2117678978602347	0.376750700280112	0.1014334172228909	0.2145629386988262	0.2972972972972973	0.4335965626405113	0.40309200552300434	0.486956430144646	0.3756302521008403
RANDOM_1710	0.0814323272302755	0.210550194741807	0.2478991596638655	0.0290029557128667	0.2200583532732586	0.1213480687164897	0.6123114658924552	0.5880021235441838	0.7127439865212148	0.6952380952380952
RANDOM_1711	0.0865546218487395	0.1932970140865486	0.3016806722689075	0.0707954918481234	0.1655221635756091	0.283072546230441	0.3333695307781441	0.26839078380760434	0.4684558220248481	0.4439775910364145
RANDOM_1712	0.1372549019607843	0.2373151386574886	0.3913165266106442	0.0424763283442793	0.2101308096617641	0.2233285917496444	0.4965264896150106	0.4651170395280635	0.5399759859969888	0.3955182072829131
RANDOM_1713	0.1379648438147657	0.2370632315028813	0.4095238095238095	0.1309771309771309	0.250617983756855	0.3633876791771528	0.562603946406777	0.5162121290215367	0.7897347742390203	0.5487394957983194
RANDOM_1714	0.065266106442577	0.2245066702446107	0.2977591036414566	0.00798774482985	0.1415478213643798	0.0556953714848451	0.3892828698364481	0.33454876744957074	-0.1610236267248165	-0.1910364145658263
RANDOM_1715	0.0918767507002801	0.1874316705735708	0.2935574229691877	0.063354852828537	0.1855589182991421	0.1799978115767589	0.4289702491303448	0.3856336715213913	0.6377742060082721	0.5557422969187675
RANDOM_1716	0.1330532212885154	0.2305973292463141	0.3700280112044818	0.0338111390742969	0.186369032879949	0.252653463179779	0.5008114443626527	0.46997675685587326	0.6645019705474551	0.642296918767507
RANDOM_1717	0.2277310924369748	0.2887205798536085	0.4823529411764706	0.1458584090163037	0.2475100013432774	0.3727978991136886	0.5086014269881713	0.47325567827330883	0.7798994183326186	0.7504201680672269
RANDOM_1718	0.1126050420168067	0.2669518618968134	0.4243697478991596	0.0736404420614946	0.2054838066125622	0.2830657643408175	0.58542646533211	0.5649577156871955	0.8171150410518243	0.7899159663865546
RANDOM_1719	0.073109243697479	0.2513434282982359	0.3162464985994397	0.0521938942991574	0.2228475079121305	0.2139183718131086	0.59294702198337	0.5588753880099854	0.7253964336289362	0.5210084033613446
RANDOM_1720	0.1778711484593837	0.2772293067651916	0.492436974789916	0.136885873727979	0.2432632324367123	0.3827676279486085	0.4971097839445929	0.47872642553604816	0.7016062868775228	0.7036414565826331
RANDOM_1721	0.1081232492997198	0.2092845166818875	0.3350140056022408	0.0740781267097056	0.2206655002366265	0.2876682350366561	0.4865621357331141	0.4294488700613259	0.4489330383340514	0.2851540616246498
RANDOM_1722	0.1030812324929972	0.2263880032304482	0.3336134453781512	0.0500054710581026	0.1965167804144665	0.1329467118940803	0.4638619283527986	0.4291489917717103	0.529764494460822	0.3974789915966386
RANDOM_1723	0.0904761904761904	0.2095633754242705	0.3162464985994397	0.0535069482437903	0.1955399050318469	0.2222343801291169	0.497934175254737	0.4089972456751474	0.6166446164466824	0.4546218487394958
RANDOM_1724	0.0809523809523809	0.1729852189749851	0.230812324929972	0.027027027027027	0.1848152959132963	0.1195973301236459	0.4012014193531271	0.36141696824169317	0.0450442112000874	0.1120448179271708
RANDOM_1725	0.1686274509803921	0.2137919790686017	0.4159663865546218	0.1458584090163037	0.2286187146107345	0.4082503556187766	0.4878010075797633	0.4086181492443188	0.7884283750906501	0.5131652661064425
RANDOM_1726	0.0840336134453781	0.17492388873843	0.2165266106442577	0.0519750519750519	0.1935198301890255	0.2066965751176277	0.4455142687709509	0.41084147158295714	0.4786792724750224	0.4714285714285714
RANDOM_1727	0.0859943977591036	0.2314980276532079	0.349859943977591	0.05109968267863	0.247884104715152	0.2329576540102856	0.5634728163095252	0.5276335815458599	0.6211518095860875	0.4296918767507003
RANDOM_1728	0.1211569440606826	0.1968466732883404	0.2727576631812822	0.0524127366232629	0.166200405448238	0.2312069154174417	0.4820458886776567	0.4271707732009752	0.6473435338363052	0.5803921568627451
RANDOM_1729	0.0714285714285714	0.2301718434090972	0.2579831932773109	0.0642302221249589	0.2282820492036116	0.2024942133653447	0.5710015527677736	0.5318080989769418	0.5756217897133655	0.5677871148459384
RANDOM_1730	0.1697478991596639	0.2897144012303279	0.4560224089635854	0.0858956122114016	0.2669126665244118	0.3458802932487143	0.6896810007525092	0.6621185877031451	0.9012498934224518	0.8033613445378152
RANDOM_1731	0.1175316723991138	0.2438890574299225	0.369633728758545	0.1082175292701608	0.188655903114348	0.294452347083926	0.5413696758168772	0.5191750366016709	0.7698835174128481	0.7022408963585434
RANDOM_1732	0.0621848739495798	0.1927588406174969	0.210350336636385	0.0834883466462413	0.2077685851808535	0.2463579087868631	0.5412381716411174	0.4937207668963581	0.7341515092531653	0.6983193277310924
RANDOM_1733	0.0985994397759103	0.1627770441272014	0.3126050420168067	0.0401575664733559	0.1397500154706493	0.1808731808731808	0.2477604213185375	0.23351999519644534	0.3380123565282417	0.2879551820728291
RANDOM_1734	0.1061624649859944	0.2221472985040269	0.3703081232492997	0.0686070686070686	0.1934048624448436	0.2839479155268629	0.4613433871562003	0.4239434576488133	0.6700550323003786	0.6201680672268908
RANDOM_1735	0.1403361344537815	0.2460376925805508	0.3557422969187675	0.0742969690338111	0.2197635124698824	0.2401794507057665	0.5058558449343759	0.47953506870185925	0.6413018385908206	0.446218487394958
RANDOM_1736	0.0904761904761904	0.1921077072750277	0.2277310924369747	0.0156472261735419	0.2010329746158595	0.0972754130648867	0.443132754550081	0.39228680483082723	0.4149640590018025	0.3957983193277311
RANDOM_1737	0.1734379446057257	0.2658884142938256	0.4016806722689076	0.1281321807637597	0.2592370939596692	0.3843965422912791	0.5856649777123883	0.5578884468098867	0.7929897918987958	0.6442577030812325
RANDOM_1738	0.1392156862745098	0.2626885383624449	0.3759103641456582	0.1206915417441733	0.2271493122994188	0.4008097165991903	0.5568322008132144	0.5520251497248275	0.8370005251674996	0.6966386554621848
RANDOM_1739	0.0784313725490196	0.2296572454908823	0.2669467787114846	0.05109968267863	0.2294563063157634	0.3073640442061495	0.5559855804573759	0.5273559349533463	0.6611874300868684	0.5812324929971989
RANDOM_1740	0.1518207282913165	0.2333515414972266	0.3708683473389356	0.0907101433417222	0.2114548057604613	0.3369077579603895	0.5092978503220216	0.4801822849606845	0.7420587595265223	0.6666666666666666
RANDOM_1741	0.0865546218487395	0.2033041427624323	0.2593837535014006	0.0797680271364481	0.1881223718595798	0.2509027245869351	0.4571626088175896	0.43576178628379747	0.6578237204234987	0.6100840336134454
RANDOM_1742	0.0831932773109243	0.2047420875386646	0.2927170868347339	0.0491301017616807	0.213541455178564	0.1303206040048145	0.5278226050832933	0.5072597265498604	0.1801623251642411	0.1952380952380952
RANDOM_1743	0.1201680672268907	0.2223263505069414	0.2823529411764706	0.0690447532552795	0.2157524721947718	0.2546230440967283	0.4419990583295572	0.39352618284381813	0.4732025691252668	0.3453781512605042
RANDOM_1744	0.1215686274509803	0.2132500868958374	0.4067226890756302	0.1005800615099039	0.1783833959521393	0.3410657621183937	0.3442417094749691	0.3096772287872315	0.6959529653675542	0.6977591036414565
RANDOM_1745	0.0907563025210084	0.2585974802116486	0.2350140056022409	0.0373126162599846	0.2329656703116818	0.1147827989933253	0.4909431675074786	0.46728300603611805	0.3725656882338011	0.1358543417366946
RANDOM_1746	0.1038569424964937	0.2065026017237193	0.2792717086834734	0.051537367326841	0.2257597028617671	0.1519859940912572	0.4852989032407596	0.43746760917196664	0.4575431587033864	0.3431372549019608
RANDOM_1747	0.0803921568627451	0.2129338967396569	0.2414565826330532	0.051346468796857	0.2090880210585662	0.2896378159536054	0.5132233583181242	0.44026182381358464	0.6521976065761169	0.5759103641456582
RANDOM_1748	0.1350140056022409	0.219116062892165	0.4028011204481793	0.099682678630047	0.1933134156000727	0.2410548200021884	0.4315087188408619	0.3795252458125082	0.5542681746938849	0.4464985994397759
RANDOM_1749	0.0854341736694677	0.1860989206776786	0.2966386554621849	0.0263705000547105	0.1808690832968704	0.2165444797023744	0.496982815821804	0.460087604474955	0.4776584398695786	0.3588235294117647
RANDOM_1750	0.084593837535014	0.1639679258396117	0.2434173669467787	0.0747346536820221	0.1774295708805251	0.2655651603020024	0.4197762583776677	0.36533739672048665	0.2686436080674138	0.2058823529411764
RANDOM_1751	0.1319327731092437	0.2317701003461384	0.3736694677871148	0.0727650727650727	0.2245015244311299	0.3075828865302549	0.573297775040988	0.5348342550257397	0.7595641693717455	0.6448179271708684
RANDOM_1752	0.1112044817927171	0.2246387268356592	0.3187675070028011	0.0872086661560345	0.2005687292127646	0.3207134259765838	0.5139681513799127	0.5081772213965173	0.5188546296513472	0.4736694677871148
RANDOM_1753	0.1778711484593837	0.2335883286204962	0.4184873949579832	0.1268191268191268	0.1975021765313109	0.2861363387679177	0.3952785643735627	0.3647558745880128	0.5993536818104253	0.5226890756302521
RANDOM_1754	0.1014005602240896	0.1929438118728141	0.3033613445378151	0.0324063985492214	0.1821516025259816	0.1202538570959623	0.3636579777303519	0.32769174576740434	0.393113585884743	0.2946778711484594
RANDOM_1755	0.1414565826330532	0.1985433119657584	0.3658263305322128	0.0576649524017945	0.1933231160921655	0.2235474340737498	0.4096952500825425	0.36530578296530714	0.5095769986077406	0.2927170868347339
RANDOM_1756	0.0893557422969187	0.241626021618701	0.2733893557422969	0.0344676660466134	0.2027029903541768	0.1535178903599956	0.6089075220253819	0.5832165130963001	0.7356644166045189	0.6142857142857143
RANDOM_1757	0.157703081232493	0.2276036199728457	0.3927170868347339	0.1108497019769377	0.1862907281748962	0.3091147827989933	0.4625430912645455	0.4031874124587064	0.6547248986776586	0.5661064425770308
RANDOM_1758	0.0963585434173669	0.2459205088444334	0.3215686274509804	0.0686070686070686	0.2619212339405002	0.3204945836524784	0.689868038214147	0.6666660210277658	0.8523720350854015	0.7005602240896358
RANDOM_1759	0.2042016806722689	0.3063007908403941	0.4607843137254901	0.1234776986752306	0.2428256460526556	0.3673268410110515	0.6294017166146427	0.5606421294186973	0.7984696321032526	0.6403361344537815
RANDOM_1760	0.0994397759103641	0.2268455690878145	0.3120448179271708	0.0613852719115877	0.2065558035666128	0.2600941021993653	0.5075275090693698	0.46961381109498435	0.7007884159302142	0.5887955182072829
RANDOM_1761	0.1627450980392157	0.2413216991776596	0.4277310924369747	0.1040595251121567	0.2127450671356027	0.3058321479374111	0.4985437699667676	0.43422152679288567	0.6427304110125426	0.3033613445378151
RANDOM_1762	0.0983193277310924	0.1786236016307323	0.2901960784313726	0.0322792428055586	0.1795645575077365	0.1666849115120607	0.3272593147626815	0.28716031834770506	0.1409421098548155	0.1717086834733893
RANDOM_1763	0.1453781512605041	0.2321057043147645	0.3658263305322128	0.0865521391837181	0.1974794539783307	0.2721304300251668	0.5039753390702165	0.4793882077517083	0.7120444926086194	0.5434173669467787
RANDOM_1764	0.0907563025210084	0.1990219656706823	0.292156862745098	0.0322792428055586	0.1844183352896202	0.1942225626436153	0.4324573899106963	0.41736109166677765	0.2913885047321148	0.1862745098039215
RANDOM_1765	0.1761904761904762	0.2521973703712221	0.434733893557423	0.1307940695129425	0.2074324525082589	0.36207462523252	0.5050313207785334	0.43877568125385596	0.638665777086405	0.5240896358543418
RANDOM_1766	0.0313725490196078	0.2340508111299958	0.138375350140056	0.0408140934456724	0.2075833491245225	0.1537367326841011	0.4669602487347937	0.43234994833844226	-0.1108545440969391	-0.0938375350140056
RANDOM_1767	0.1047619047619047	0.1926808368216756	0.3058823529411765	0.0484735747893642	0.1822274347008853	0.1970675128569865	0.4620025081944516	0.41620637835777935	0.6541028546890834	0.542296918767507
RANDOM_1768	0.1341736694677871	0.2100858575875847	0.3550668823050062	0.0738592843856001	0.1679758368949567	0.2905141086660227	0.4627822428899405	0.41035127534778093	0.500863036068894	0.3890756302521008
RANDOM_1769	0.115406162464986	0.2267891207946346	0.2973597598159875	0.0828318196739249	0.195047295991867	0.325309114782799	0.5076071665701398	0.4868524886421568	0.6778619722841123	0.7400560224089636
RANDOM_1770	0.1417366946778711	0.2215753187415171	0.388515406162465	0.0587623790341713	0.1885524679060244	0.2325199693620746	0.4792257364664122	0.40908919292567514	0.7087489179699697	0.6016806722689075
RANDOM_1771	0.1142857142857143	0.2160409567329695	0.3299719887955182	0.0904913010176168	0.1930102281025992	0.2668782142466353	0.5570053758273048	0.516768268367311	0.7111044653588464	0.5787114845938376
RANDOM_1772	0.153781512605042	0.237858985822701	0.388515406162465	0.0812999234051865	0.2061089930736792	0.2570303096618886	0.4940851027770773	0.4558551131658517	0.7011818584588948	0.6313725490196078
RANDOM_1773	0.0596638655462184	0.1860890489587722	0.180672268907563	0.0664186453660137	0.2241071103927936	0.2745376955903271	0.4684765603416966	0.4112833586860708	0.6534523671759003	0.5182072829131653
RANDOM_1774	0.1560224089635854	0.2068256311964188	0.353781512605042	0.1049348944085786	0.1903405336797482	0.2681912681912682	0.3202520726405238	0.3048211026805268	0.4355123232081623	0.3809523809523809
RANDOM_1775	0.0935574229691876	0.2247475556110818	0.242296918767507	0.0710143341722289	0.2049663087931579	0.2839479155268629	0.4745578229400453	0.4334955984861696	0.5254366577114838	0.5252100840336135
RANDOM_1776	0.0369747899159663	0.1946771839002639	0.2126050420168067	0.0033920560236349	0.2048457522969096	0.1372216448954392	0.4734978915320308	0.43723533053285024	0.517709910917757	0.4378151260504201
RANDOM_1777	0.08620594641274	0.211910995262913	0.2634638286452531	0.0699201225517014	0.1953733440614629	0.1964109858846701	0.4435084220332072	0.372989758783872	0.473480139152294	0.4372549019607843
RANDOM_1778	0.0918767507002801	0.2690157325963224	0.246936060553738	0.0482717240171497	0.21231813639826	0.2005689900426742	0.5402406818930159	0.5287425492276938	0.1868719797910918	0.1795518207282913
RANDOM_1779	0.0672268907563025	0.2015559682607037	0.2322128851540616	0.0467228361965204	0.2013730521247271	0.1859065543276069	0.4785400063271557	0.4372410896175794	0.4391558825068754	0.4291316526610644
RANDOM_1780	0.0635854341736694	0.1858726732557298	0.2361344537815126	0.0591968486705328	0.2241536871418569	0.300798774482985	0.5219604866519024	0.5103446394931062	0.5572986979133001	0.5375350140056022
RANDOM_1781	0.0753501400560224	0.1705268199709682	0.2913165266106443	0.0944356296210239	0.199055843270003	0.2375533428165007	0.5004375309526049	0.465325171604049	0.7544248009348012	0.6182072829131653
RANDOM_1782	0.0775964705313504	0.2431343270165746	0.3014005602240896	0.0314038735091366	0.218337334541063	0.1611773717036874	0.5487513215441656	0.4994434355862909	0.5216332674743686	0.4658263305322129
RANDOM_1783	0.0896358543417367	0.1993221951563691	0.3407801675140356	0.0683882262829631	0.1942234555395721	0.2491519859940912	0.3862232581560271	0.3733252009422781	0.569582168421521	0.4512605042016807
RANDOM_1784	0.0649859943977591	0.223033474986045	0.2784313725490196	0.0493489440857861	0.1624785277282426	0.1653353758616916	0.4645406970868799	0.39266021881540714	0.4173776050459281	0.3582633053221288
RANDOM_1785	0.0873500780849147	0.2286443064284413	0.2888188065710891	0.0283400809716599	0.205020517277863	0.1576758945179998	0.4945329027391225	0.46687856244816034	0.2239463752450472	0.2394957983193277
RANDOM_1786	0.1375350140056022	0.2268047298678178	0.3918767507002801	0.0861144545355071	0.2258510042756417	0.3187438450596345	0.6045031838657507	0.5877563034292987	0.781876233791498	0.5478991596638656
RANDOM_1787	0.107563025210084	0.2127851764105572	0.3784313725490196	0.0432213590108326	0.1795169647908873	0.2023197286355181	0.3283010536871581	0.30696409699204574	0.3972344707351525	0.2747899159663866
RANDOM_1788	0.1022695473038609	0.1877988200545813	0.2540616246498599	0.0748664641812237	0.207088247053105	0.2388663967611336	0.5186289376361857	0.4737698388876995	0.5995919784022433	0.584593837535014
RANDOM_1789	0.1663865546218487	0.2500528716119514	0.4126050420168067	0.0891782470729839	0.2031755184521172	0.2933581354633986	0.4077006994288694	0.3491308680313475	0.5042421775022391	0.4759103641456582
RANDOM_1790	0.103641456582633	0.2375111065196359	0.3165266106442577	0.0467228361965204	0.2075448856050109	0.1815297078454973	0.5839565173528918	0.5529770198118042	0.5794750968857086	0.5277310924369748
RANDOM_1791	0.1294117647058823	0.1852376978226456	0.3313725490196078	0.0809760902891746	0.1663771219376295	0.2618448407922092	0.4074243530190055	0.3584864422977101	0.5177323338273561	0.253781512605042
RANDOM_1792	0.1207282913165266	0.1993303503744825	0.3436974789915966	0.0305285042127147	0.1867566220852828	0.2106357369515264	0.4468405993714147	0.3872182091639328	0.5343084292112225	0.4865546218487395
RANDOM_1793	0.0974789915966386	0.1916456516089049	0.2986686087239943	0.0359995623153517	0.1926695491487825	0.1996936207462523	0.52659519684321	0.5114440588682713	0.6229848820999001	0.6168067226890757
RANDOM_1794	0.061344537815126	0.1877592677230465	0.2478991596638655	0.0554795645629886	0.2010201542586255	0.2294561768245978	0.4824103566305758	0.4443666750533294	0.7048975465774163	0.6372549019607843
RANDOM_1795	0.0739495798319327	0.2172083087585886	0.3263305322128851	0.0586529518851319	0.1924976670003884	0.1817485501696028	0.5513428463139789	0.5003639978937986	0.669801768976998	0.6478991596638656
RANDOM_1796	0.1140079801566414	0.2217442043862327	0.2781512605042017	0.1522984636667499	0.2416091425133811	0.4307911150016413	0.5034862822797265	0.4772382172055235	0.7818197738149055	0.7235294117647059
RANDOM_1797	0.1239832916477525	0.228498362809343	0.3442577030812325	0.0445344129554655	0.217251132615581	0.2375533428165007	0.5563259808269364	0.5190415404781084	0.696011468048561	0.5246498599439776
RANDOM_1798	0.1523809523809524	0.2220673779964521	0.3893557422969187	0.1045993305222175	0.2090836852548982	0.3345004923952292	0.4900492632189447	0.4771688271211379	0.6374617864256039	0.6890756302521008
RANDOM_1799	0.1187675070028011	0.2238741872992663	0.3557422969187675	0.1217857533647007	0.2043400527400821	0.3268410110515373	0.5300197499115239	0.4536274606663848	0.621059404374581	0.4560224089635854
RANDOM_1800	0.1137254901960784	0.2334848413323118	0.3338935574229691	0.0607287449392712	0.2069057645701713	0.2005689900426742	0.5206346679763881	0.5012985101225601	0.7268366244951793	0.6347338935574229
RANDOM_1801	0.1238095238095238	0.249514220718791	0.4025210084033613	0.0524127366232629	0.2106534210220947	0.2003501477185687	0.5520524928184545	0.5261309204296418	0.8172802298400144	0.6677871148459383
RANDOM_1802	0.0635854341736694	0.2156215040631335	0.307843137254902	0.0416894627420943	0.1781640021994493	0.1738702265018054	0.4598468947956362	0.4313075757399286	0.3971520466369528	0.3633053221288515
RANDOM_1803	0.0439775910364145	0.2054899737896488	0.2663865546218487	0.0366560892876682	0.1599481399668809	0.1598643177590546	0.3804801039138228	0.3396009167599375	0.2320432555517776	0.2876750700280112
RANDOM_1804	0.1	0.2333065832430307	0.3207282913165266	0.0517562096509464	0.2881940537162112	0.190502243133822	0.6086763730850512	0.5801551242119005	0.5620145495861965	0.3624649859943977
RANDOM_1805	0.1016806722689075	0.1928479933244818	0.2627450980392157	0.0370937739358792	0.188100968428516	0.1508917824707298	0.5085532912506177	0.46406906292982825	0.6937565202760592	0.6568627450980392
RANDOM_1806	0.0974789915966386	0.2347376137162899	0.2686274509803921	0.0519750519750519	0.2332762783119279	0.2318634423897581	0.5444210425504242	0.5254750486450824	0.5516229097225007	0.5170868347338936
RANDOM_1807	0.1165266106442577	0.2352492811175126	0.2995236878570611	0.0742969690338111	0.2111966478025988	0.2985548947423209	0.5631382574721032	0.5437803712234736	0.7722586055751821	0.7302521008403361
RANDOM_1808	0.1380952380952381	0.2253076748393594	0.4100840336134453	0.1132509027245869	0.2246278500916243	0.2784768574242258	0.4804636187895436	0.4462652841807022	0.7314746770951204	0.6913165266106442
RANDOM_1809	0.0994397759103641	0.2354502043872018	0.3238095238095238	0.0217748112484954	0.2234101776173973	0.1778093883357041	0.531442099178642	0.507762398204198	0.5137300247812245	0.4008403361344538
RANDOM_1810	0.1165266106442577	0.2179652638780627	0.3529411764705882	0.0318415581573476	0.1902536255565794	0.1294452347083926	0.5160680450264771	0.5235269875182714	0.597263876363794	0.4450980392156862
RANDOM_1811	0.1061624649859944	0.2368597974686941	0.3123249299719888	0.0657621183936973	0.2109068705687724	0.2887624466571835	0.5542122303311166	0.5011954339797086	0.8026551654273745	0.5918767507002801
RANDOM_1812	0.0918767507002801	0.240726777014422	0.353666223992166	0.0672940146624357	0.2295844984325064	0.2679724258671627	0.568923172318778	0.5636011878825309	0.76548522140132	0.7053221288515407
RANDOM_1813	0.0867554522759983	0.2418960244314458	0.372950336843993	0.031500532906481	0.1882806882623356	0.1808731808731808	0.4891439737744034	0.4443498251356293	0.747090841252258	0.6487394957983194
RANDOM_1814	0.0439775910364145	0.1928304479139131	0.1974789915966386	0.0839444038934672	0.1787810473163459	0.3056133056133056	0.4693984977478992	0.4280101743957098	0.6645849566156903	0.715406162464986
RANDOM_1815	0.1019607843137254	0.2025217132063763	0.3159663865546218	0.0837071889703468	0.2145643997659686	0.2248604880183827	0.5423204556226264	0.5284845570323993	0.7428858616667918	0.7697478991596639
RANDOM_1816	0.0949576549574524	0.2188699604089118	0.2697478991596638	0.0475982054929423	0.2141560528163544	0.2574679943100996	0.4225474361215542	0.36965443133704273	0.4578214903505258	0.3904761904761905
RANDOM_1817	0.1221288515406162	0.1924241627208826	0.3112044817927171	0.0462851515483094	0.1954298359582106	0.1646788488893752	0.4623745754638615	0.4259694232076022	0.5662571773734167	0.4787114845938375
RANDOM_1818	0.1044817927170868	0.2418341851231437	0.3616246498599439	0.0462851515483094	0.2381611950492306	0.2585763531801618	0.5143539159791665	0.45409680332447805	0.673001319563849	0.6254901960784314
RANDOM_1819	0.1210084033613445	0.2117647757965019	0.3434173669467787	0.0786738155159207	0.1936453106339942	0.3708283181967392	0.4710359786908365	0.4565474661238235	0.71690547647822	0.6025210084033613
RANDOM_1820	0.123558094323339	0.2614979602311625	0.3977591036414565	0.0635736951526425	0.1980720554924774	0.2296750191487033	0.5438689330770751	0.5359415677705578	0.7347899426646313	0.6350140056022409
RANDOM_1821	0.0470588235294117	0.2475489938232465	0.2240896358543417	0.0574034101396849	0.2140872435227169	0.1961921435605646	0.547000957221495	0.5414367237497247	0.6568628225432495	0.6445378151260505
RANDOM_1822	0.1310924369747899	0.2183011520225145	0.4032495282667112	0.1090928985665827	0.1994462278014673	0.3222453222453222	0.3300840717331102	0.30152258328996434	0.4816272468005021	0.5341736694677871
RANDOM_1823	0.073109243697479	0.2377327221236466	0.2876750700280112	0.0322792428055586	0.1825682767302701	0.1861253966517124	0.548788115941621	0.4870493503614765	0.5382936714098336	0.3683473389355742
RANDOM_1824	0.0891380737439983	0.186231843831655	0.2504201680672269	0.0342488237225079	0.1953317481170539	0.1725571725571725	0.3626342153696567	0.3494587293550499	0.1855216479746112	0.0862745098039215
RANDOM_1825	0.1627450980392157	0.2720150682112801	0.4476190476190476	0.1016522595469963	0.2273368289243537	0.3865849655323339	0.4857126256449946	0.4173340791220646	0.626425827159727	0.3137254901960784
RANDOM_1826	0.1725490196078431	0.2423646446724484	0.42296918767507	0.1362293467556625	0.224166118780987	0.3662326293905241	0.4881824742312553	0.4694848451112327	0.6590671531947646	0.4890756302521008
RANDOM_1827	0.0974789915966386	0.2077955238426686	0.3355742296918767	0.0867757291882642	0.1932904702209279	0.2835102308786519	0.4898706688208888	0.43551987597354835	0.65075843381742	0.5764705882352941
RANDOM_1828	0.1355742296918767	0.2250459487630442	0.3016806722689075	0.0521938942991574	0.1926959193259246	0.2125075234345638	0.4916573174474337	0.4304181709460723	0.6714488270469162	0.5305322128851541
RANDOM_1829	0.123678129023795	0.1708594756355702	0.3518207282913165	0.124630703578072	0.2028373171453049	0.3633876791771528	0.3599975674879566	0.33872812108384276	0.6547130793250558	0.6434173669467788
RANDOM_1830	0.1260504201680672	0.2481654129047934	0.4012614860519924	0.0821752927016084	0.2492672697552545	0.3093336251230988	0.4435112136808142	0.4037154503219984	0.6679458650301446	0.66890756302521
RANDOM_1831	0.2067226890756303	0.2722620550483718	0.4252100840336134	0.1075104168085658	0.2228395356407125	0.3239960608381661	0.396359904268344	0.3361568121015449	0.5354804806493436	0.2324929971988795
RANDOM_1832	0.1014005602240896	0.2438432322617512	0.2963585434173669	0.0495677864098916	0.2209391333208686	0.2837290732027574	0.555035929919214	0.48147582053664056	0.5151247527494732	0.3170868347338935
RANDOM_1833	0.1689075630252101	0.1888175729256752	0.3529411764705882	0.0609475872633767	0.1847665204850685	0.2097603676551045	0.407939374512234	0.39622880506962466	0.3420105252733517	0.334453781512605
RANDOM_1834	0.1044817927170868	0.2363109677615322	0.3237562112399939	0.0281212386475544	0.2065786516028199	0.2163256373782689	0.5844259782317178	0.5469908373458959	0.5850295302997448	0.6450980392156863
RANDOM_1835	0.0978591932405208	0.1721147567423004	0.2759103641456583	0.0408140934456724	0.1644821293739705	0.2187329029434292	0.3954169370333936	0.3679846599528232	0.5314503401539878	0.4910364145658263
RANDOM_1836	0.0619047619047619	0.1758166735081908	0.2414565826330532	0.0141161022260858	0.1800379273642728	0.2382098697888171	0.3864091141419216	0.3592162012443998	0.2533817225893384	0.2252100840336134
RANDOM_1837	0.1431372549019608	0.2364817111351	0.3910364145658263	0.1005580479264689	0.1998388425152244	0.2717320310782693	0.4144627989557651	0.3939078823491126	0.5685814145428871	0.5563025210084034
RANDOM_1838	0.1	0.1998573124619056	0.2764705882352941	0.0335922967501914	0.2269248975836826	0.2835102308786519	0.4589844900885474	0.4373002198401386	0.6360311122265608	0.4840336134453781
RANDOM_1839	0.1056022408963585	0.2021429975248221	0.261624649859944	0.0948681474997264	0.1769060715165943	0.2611883138198927	0.4157815050079403	0.4013036617253599	0.7255201773668727	0.6663865546218487
RANDOM_1840	0.0725490196078431	0.2150342166652408	0.2983712662716638	0.0644631732636925	0.1760050712536483	0.1946602472918262	0.4721479888367167	0.4365423445730292	0.6422419348216618	0.6084033613445378
RANDOM_1841	0.1100840336134453	0.2689976871699311	0.3288515406162465	0.0859144159796242	0.224716822832188	0.2467447204289309	0.6032820725015795	0.5396958864999162	0.5910817581042576	0.5134453781512605
RANDOM_1842	0.0734923583975365	0.2110185519986449	0.2689075630252101	0.069483454642504	0.1936893892541003	0.2301127037969143	0.4817275784036258	0.469189596388212	0.52390861206221	0.5252100840336135
RANDOM_1843	0.1328189337238633	0.2343664715479342	0.4103641456582633	0.080249628839795	0.1960679467687218	0.312616259984681	0.5144773970137563	0.4588607235731053	0.6364549977720407	0.5098039215686274
RANDOM_1844	0.1736694677871148	0.2704899441274451	0.4008403361344538	0.1279133384396542	0.2483399149496883	0.3839588576430682	0.6491080002424667	0.6027536258613686	0.7861352827176176	0.746218487394958
RANDOM_1845	0.080672268907563	0.236007291388389	0.2588235294117647	0.0620417988839041	0.2313811783680147	0.2786956997483313	0.5394271701774775	0.5200885495475244	0.6658575644932122	0.5355742296918767
RANDOM_1846	0.0927170868347339	0.2077026064145719	0.315406162464986	0.0425648320385162	0.217568030962874	0.1963496460204749	0.4259675194544121	0.40190024058784235	0.468584088115455	0.4798319327731092
RANDOM_1847	0.0910364145658263	0.1955910190884806	0.2885154061624649	0.0521938942991574	0.2200508279585225	0.2583433636065215	0.4762953008374753	0.43948641336788946	0.7892331993798517	0.8274509803921568
RANDOM_1848	0.0868347338935574	0.180694275992079	0.2647058823529412	0.0762665499507604	0.1821782165163316	0.2835102308786519	0.4089394478904151	0.3638576097088956	0.4712227967981713	0.4165266106442577
RANDOM_1849	0.1798319327731092	0.2753127963803303	0.3658263305322128	0.1010178419734944	0.2626592049453501	0.3091147827989933	0.6088105133289702	0.559273969219186	0.7692676393303055	0.5414565826330532
RANDOM_1850	0.1302521008403361	0.230689120256356	0.3442577030812325	0.0653244337454863	0.1796564966160025	0.2773826458036984	0.4297046604021484	0.4273440438755287	0.6434312537353093	0.6854341736694678
RANDOM_1851	0.1159663865546218	0.1934878748666462	0.2705882352941176	0.0957435167961483	0.2062641062642587	0.3093336251230988	0.3727759249168185	0.35757146804831147	0.5515157993757854	0.457422969187675
RANDOM_1852	0.1005602240896358	0.1891338102663531	0.3131652661064426	0.1045993305222175	0.1887962467346635	0.3288105919684867	0.3126546467831389	0.27861443565322114	0.3817991298717409	0.403641456582633
RANDOM_1853	0.0826909803599984	0.1705904074905554	0.2532212885154061	0.0642302221249589	0.1622166420710157	0.2390852390852391	0.421879528171712	0.40447569343187595	0.5177613465965596	0.4843137254901961
RANDOM_1854	0.126890756302521	0.2458253374496108	0.3708683473389356	0.0802057117846591	0.2194799657832047	0.2736623262939052	0.5133837393915696	0.4625337915490628	0.4311367876056897	0.4151260504201681
RANDOM_1855	0.0561663983448944	0.2341115470517218	0.2347338935574229	0.0600722179669548	0.2445292512228561	0.2942335047598206	0.6122230033815546	0.6060061259812388	0.8051047317938759	0.7442577030812325
RANDOM_1856	0.1450980392156863	0.2476191354066178	0.3761904761904762	0.0658751437217339	0.1925318969718197	0.2675347412189517	0.5576129651605798	0.5235045780951735	0.7853157719513331	0.7394957983193278
RANDOM_1857	0.161344537815126	0.2564519844769543	0.4563025210084033	0.087475379867662	0.2224228912714738	0.2594375752270489	0.5046280781948619	0.4581537258459371	0.5682196268337335	0.4142857142857143
RANDOM_1858	0.0742296918767507	0.25032690814874	0.319047619047619	0.1062479483532115	0.2276293196118314	0.3622934675566254	0.499022180851793	0.45531674991137455	0.6807214468408558	0.5733893557422969
RANDOM_1859	0.088515406162465	0.1798111024207443	0.284313725490196	0.0622606412080096	0.1699357396877372	0.2548418864208338	0.4143412805192575	0.36955725671285566	0.3423722681592236	0.2282913165266106
RANDOM_1860	0.1560224089635854	0.2702939524236898	0.3714285714285714	0.0298719772403982	0.218163363113742	0.2235474340737498	0.5973427849942997	0.5651848928330961	0.8292384611688803	0.6098039215686275
RANDOM_1861	0.1546218487394958	0.2349487402793347	0.4235294117647059	0.1254026907013823	0.217884902089225	0.3154609093779209	0.4736860828414292	0.4210375724996214	0.806166364593915	0.6803921568627451
RANDOM_1862	0.17703081232493	0.2336399130240684	0.4257703081232493	0.0596345333187438	0.2183831520076978	0.2867928657402341	0.3937423216153815	0.32097250483960477	0.3996092245202481	0.2302521008403361
RANDOM_1863	0.169187675070028	0.2373150644908686	0.3467787114845938	0.0657621183936973	0.2051466872426932	0.2876682350366561	0.5148463594277669	0.49814063797917746	0.6169325394154629	0.6123249299719888
RANDOM_1864	0.1380952380952381	0.2178041430745006	0.3745098039215686	0.0686070686070686	0.1805788214374944	0.2329704003049363	0.5252524065627455	0.49865420610209926	0.6001126396440603	0.492436974789916
RANDOM_1865	0.1	0.2206583574821941	0.2568627450980392	0.044753255279571	0.166100477141949	0.1642411642411642	0.4467746958076546	0.4202799254845455	0.2713259502235493	0.24593837535014
RANDOM_1866	0.1353320310897666	0.2560141603425268	0.4043149500259487	0.0745198884958485	0.2049104873184898	0.2535288324762009	0.5021744188745727	0.4695466871478466	0.568164491872251	0.5028011204481793
RANDOM_1867	0.1020260997016484	0.2009776713856798	0.2885154061624649	0.045190939927782	0.172028023862781	0.2145748987854251	0.3669811666981822	0.34085294429882734	0.3347764383804263	0.3162464985994397
RANDOM_1868	0.1338935574229692	0.2215619502275709	0.3512851048603375	0.0322792428055586	0.1596545471142209	0.1309771309771309	0.4492310390340457	0.4049002027168496	0.684808690983361	0.7745098039215687
RANDOM_1869	0.0630252100840336	0.1671568551791868	0.219047619047619	0.0780172885436043	0.1865113571484009	0.2863551810920232	0.305980474160366	0.2746991903543822	0.3966710378474168	0.3848739495798319
RANDOM_1870	0.1596638655462185	0.2466701131596348	0.4173669467787115	0.1055971988230453	0.1964997436507189	0.3929313929313929	0.5643403604784251	0.5457153054031011	0.8021427410383203	0.7333333333333333
RANDOM_1871	0.1140056022408963	0.1806454948771711	0.3285714285714285	0.0530721672841212	0.1598757768766011	0.2534311166587622	0.3063692784224728	0.2818883819879191	0.3130835527362352	0.2929971988795518
RANDOM_1872	0.0831932773109243	0.185900554636634	0.2914769949020584	0.0562455546062645	0.1897099186019577	0.2303315461210198	0.4033022619836628	0.36373205715595935	0.4328970367461956	0.5168067226890757
RANDOM_1873	0.0571428571428571	0.2008300811704857	0.2285714285714285	0.0217748112484954	0.1611621457971083	0.172338330233067	0.4600083443395035	0.42577691152027897	0.401732058283076	0.3226890756302521
RANDOM_1874	0.0658447770312529	0.1917971653793361	0.2535014005602241	0.0626983258562206	0.1855736328318437	0.2176386913229018	0.4502136334412597	0.4295435063647407	0.4033739365104888	0.3963585434173669
RANDOM_1875	0.1313725490196078	0.2262488881196013	0.3476190476190476	0.0208994419520735	0.202252397813059	0.1320713425976583	0.5367464449454886	0.5075261452388835	0.1916204486046944	0.1803921568627451
RANDOM_1876	0.0969187675070028	0.2260676765597358	0.3179271708683473	0.0804693691675201	0.2212925093261079	0.3132727869569975	0.4850943333808235	0.43286079929565874	0.7483275387712641	0.6787114845938376
RANDOM_1877	0.0675070028011204	0.2385112268088298	0.1801120448179271	0.01477185687712	0.1909578108965365	0.076047707626655	0.4440258254971853	0.40756029253376536	0.0622871678784547	0.0212885154061624
RANDOM_1878	0.1022408963585434	0.2104963667893573	0.2445378151260504	0.020680599627968	0.2027911647659091	0.100120363278258	0.4641391283823194	0.42923480417411897	0.6144944690949989	0.4899159663865546
RANDOM_1879	0.1173669467787115	0.2378511444806112	0.3725490196078431	0.0585403216982164	0.2102711662873739	0.2846044424991793	0.5096897657974393	0.4511702102675612	0.605098363508611	0.3901960784313725
RANDOM_1880	0.0747899159663865	0.1905477808540185	0.2078431372549019	0.0526315789473684	0.1838870191853034	0.1349162928110296	0.3910670992912726	0.36800903218196923	0.3433603374656305	0.2675070028011204
RANDOM_1881	0.0764705882352941	0.2120179044108863	0.2862745098039215	0.0427836743626217	0.1894517282452044	0.1090988675923069	0.4910701611392475	0.4622144489178702	0.5036751533618414	0.4081232492997199
RANDOM_1882	0.1176470588235294	0.2590262837521032	0.369187675070028	0.0626983258562206	0.2141311256979117	0.2933581354633986	0.5998846348545898	0.5740696442747929	0.6439421405633786	0.5792717086834734
RANDOM_1883	0.2165266106442577	0.2697888106691445	0.4509803921568627	0.1327278695699748	0.2404738821214508	0.3962140277929751	0.522880440751761	0.44928714832655653	0.8106667803271796	0.6428571428571429
RANDOM_1884	0.0792717086834734	0.2133605889635675	0.2591036414565826	0.0768393371441922	0.2062642081715225	0.2005689900426742	0.5461461258172261	0.48055757998081283	0.755097870620113	0.6955182072829131
RANDOM_1885	0.1565826330532213	0.2265012679182126	0.3966386554621848	0.0646679067731699	0.2294855699988859	0.3014553014553014	0.5244299682868654	0.5000887563607421	0.6257572620255214	0.6294117647058823
RANDOM_1886	0.1834618530359965	0.2516223224260171	0.4445378151260504	0.1381989276726118	0.2421428531819106	0.3682022103074734	0.6047231999756051	0.5436613041003836	0.8206376672751144	0.7414565826330533
RANDOM_1887	0.1137254901960784	0.2121413586999546	0.303641456582633	0.0777984462194988	0.1770293843594027	0.2870117080643396	0.3846071405994125	0.35025582398122646	0.4527960422594016	0.415406162464986
RANDOM_1888	0.2380952380952381	0.2727462381886125	0.4784313725490196	0.1664112357932995	0.2276795423984685	0.3760805339752708	0.3562007973994567	0.3405788132062014	0.5786837966247486	0.5963585434173669
RANDOM_1889	0.0977591036414565	0.1835366846477642	0.299719887955182	0.0497866287339971	0.161512897303324	0.2172010066746909	0.5122779232543604	0.4655351139100328	0.6060458953148423	0.3708683473389356
RANDOM_1890	0.146218487394958	0.2278521637810008	0.3997198879551821	0.1075610022978444	0.2200150784323591	0.3237772185140606	0.4468656872900233	0.37439789666813406	0.7071617010143842	0.5470588235294118
RANDOM_1891	0.0938375350140056	0.1985761078547761	0.3476190476190476	0.084819964820648	0.1842973538317684	0.2681912681912682	0.4024383324196758	0.347586542144201	0.5663001545297918	0.4988795518207283
RANDOM_1892	0.1212885154061624	0.2846880867369309	0.3759103641456582	0.130101761680709	0.2477696896753944	0.3756428493270599	0.5189218367409045	0.473020374312575	0.7541466062011253	0.7515406162464986
RANDOM_1893	0.0963585434173669	0.2543562626317284	0.315126050420168	0.0346865083707189	0.2643647338460373	0.1517671517671517	0.5967793228102408	0.5406393267256909	0.6788250890961925	0.5515406162464986
RANDOM_1894	0.1798319327731092	0.2931099505590214	0.4837873812550263	0.1553108638701001	0.2711895565910486	0.458506747041012	0.6196900191467614	0.6117228348146899	0.8137677824032825	0.6829131652661065
RANDOM_1895	0.1403361344537815	0.2267317599282493	0.3168067226890756	0.0808622387569756	0.2114167788542758	0.3040814093445672	0.4948502847264324	0.46065016586927715	0.8028132792286803	0.7327731092436974
RANDOM_1896	0.0655462184873949	0.2673358099192083	0.2473389355742297	0.0635876123365116	0.2061231765593492	0.1762774920669657	0.5776477860885906	0.5246694292506882	0.4074383036229619	0.392156862745098
RANDOM_1897	0.080672268907563	0.2325653917714702	0.3249299719887955	0.1029653134916292	0.2628134658764544	0.3406280774701827	0.5810009796185811	0.5395231945866535	0.7920202001771464	0.7246498599439776
RANDOM_1898	0.1515830824421609	0.2258805470424293	0.3910364145658263	0.0703578071999124	0.1814653263736362	0.2940790264168792	0.4702527261156011	0.40990899437787803	0.5846056031650504	0.4532212885154061
RANDOM_1899	0.0492997198879551	0.1751381610075051	0.169187675070028	0.0259328154064996	0.1726259319225059	0.09421162052741	0.4544558323770206	0.42401769487268887	0.120932743369873	0.1913165266106442
RANDOM_1900	0.1358543417366947	0.2453902776814931	0.3442577030812325	0.1007768902505744	0.2253214253283042	0.270379691432323	0.5215636716283205	0.4951615603010515	0.7531684009186775	0.6526610644257703
RANDOM_1901	0.0896358543417367	0.2016131115889855	0.2890756302521008	0.0552576868366342	0.1884818359016056	0.1761777099534746	0.4468921503314656	0.41524504079463836	0.7002926299524176	0.5588235294117647
RANDOM_1902	0.104134573571998	0.1989373835686256	0.3468029982592487	0.0486924171134697	0.1942583978102048	0.2397942489316644	0.4575419899650921	0.4301559320288179	0.5978658638128223	0.4221288515406162
RANDOM_1903	0.0941242386228655	0.2547720814097575	0.3473389355742297	0.0476896125175357	0.2326041187381304	0.2579056789583105	0.6070046535457094	0.6000669888033024	0.7664084888267851	0.7316526610644257
RANDOM_1904	0.0915966386554621	0.1962846263906941	0.3100840336134454	0.076047707626655	0.1778404241516074	0.2456505088084035	0.4484658888193699	0.42146919753853795	0.714724802128415	0.5983193277310924
RANDOM_1905	0.1341736694677871	0.2370800099815219	0.4226890756302521	0.1009957325746799	0.2227244211916138	0.3005799321588795	0.5677466516410511	0.5427534624908098	0.845397915866603	0.7470588235294118
RANDOM_1906	0.0623292949213916	0.2351043639960198	0.2456582633053221	0.0458474669000984	0.1998725185958113	0.2165444797023744	0.5277906478712324	0.4946843846770559	0.5341096549539035	0.4834733893557423
RANDOM_1907	0.1392156862745098	0.2543395563304656	0.4425770308123249	0.1203698639433677	0.2087237010012173	0.3502571397308239	0.5221883425463134	0.49049218393782335	0.6898845504284402	0.634453781512605
RANDOM_1908	0.1619047619047619	0.2490675630366789	0.4184873949579832	0.0983696246854141	0.2132019070849112	0.2761300274096711	0.5586171507631167	0.507084586264515	0.7497325677890885	0.6669467787114846
RANDOM_1909	0.0746143791364302	0.2071912080491229	0.2873949579831932	0.0314038735091366	0.2088540646202861	0.1769340190392822	0.4767821609335376	0.40914765517810975	0.4098764530558776	0.3943977591036414
RANDOM_1910	0.0868347338935574	0.180979553463281	0.2431372549019607	0.0640113798008534	0.1802051737427674	0.1962400147273311	0.3616502809724188	0.32429794422633984	0.4354020439563049	0.3252100840336134
RANDOM_1911	0.1140056022408963	0.2095450698644504	0.2775910364145658	0.1130320604004814	0.2219683138415967	0.3833023306707517	0.3911736840578247	0.36783789520246524	0.5505361980542944	0.4694677871148459
RANDOM_1912	0.0969187675070028	0.2129425344198994	0.3145658263305322	0.0456286245759929	0.1889614398474272	0.2104168946274209	0.5226676486552402	0.5199866517955646	0.643662391341527	0.584593837535014
RANDOM_1913	0.1165266106442577	0.2042273817241352	0.3672268907563025	0.0397198818251449	0.1797287288342076	0.1355728197833461	0.4723679941627151	0.4519267287726803	0.6670917646418907	0.6056022408963585
RANDOM_1914	0.1453781512605041	0.2160527846996491	0.3913165266106442	0.0707954918481234	0.2085478890528542	0.2327388116861801	0.4319297139924133	0.4118675241434163	0.6513743467948591	0.6266106442577031
RANDOM_1915	0.1120448179271708	0.287431749084787	0.3941176470588235	0.0204617573038625	0.2488264874183527	0.2633767370609476	0.6506844140464636	0.6442543766295219	0.7428745516535761	0.7378151260504202
RANDOM_1916	0.1165347716283097	0.180173144666371	0.3714285714285714	0.0427836743626217	0.1737300032485489	0.1635846372688477	0.4199658514096337	0.3697802269012374	0.2371541498493489	0.1411764705882353
RANDOM_1917	0.1495798319327731	0.2183698557061273	0.3372549019607843	0.0788926578400262	0.1703088420632589	0.1806543385490754	0.442436605452387	0.431571480644377	0.4922770751393526	0.3938375350140056
RANDOM_1918	0.1210084033613445	0.2532403230593749	0.3509803921568627	0.0668563300142247	0.23282608468707	0.2832913885545464	0.5621581958571134	0.5276241418713659	0.6816359810560144	0.6151260504201681
RANDOM_1919	0.053781512605042	0.2000063035262396	0.3092436974789916	0.0263705000547105	0.2123404251030075	0.106466790677317	0.4035872062139368	0.3566793562247148	0.4447734150550783	0.4047619047619047
RANDOM_1920	0.0789915966386554	0.2531581615890305	0.2641456582633053	0.050661998030419	0.2151146568015987	0.2493708283181967	0.5449850434808658	0.49950392874223476	0.5342490205553007	0.4324929971988795
RANDOM_1921	0.1086834733893557	0.2376309420109757	0.2857142857142857	0.0543823175402122	0.1895782238145844	0.1834992887624466	0.4015250861142211	0.35631210718872797	0.3636525728637892	0.3851540616246499
RANDOM_1922	0.0484729635166244	0.1822839451167557	0.2607843137254902	0.0421271473903052	0.1866763852130802	0.1911587701061385	0.5059357282795606	0.4687677380090181	0.422636780637574	0.3683473389355742
RANDOM_1923	0.1358543417366947	0.2336115459806477	0.3170868347338935	0.0939927782033045	0.2180775888747473	0.39840245103403	0.4376155444579709	0.40998929212599927	0.5562376199337262	0.6235294117647059
RANDOM_1924	0.0848739495798319	0.2182809061405089	0.2406162464985994	0.0425648320385162	0.198523452547572	0.1944414049677207	0.5809179178779653	0.5504743364894812	0.5821715092375119	0.5507002801120449
RANDOM_1925	0.1022408963585434	0.2323231490204835	0.2901960784313726	0.0900536163694058	0.2289570572774848	0.2997045628624576	0.565135373666053	0.5420856175424702	0.7634207425117148	0.7509803921568627
RANDOM_1926	0.1215686274509803	0.2659431750389345	0.3854341736694678	0.0850202429149797	0.2450940340870581	0.3338439654229128	0.6418522981390468	0.6129244234657568	0.7765149114888689	0.7411764705882353
RANDOM_1927	0.0753501400560224	0.1957118201357741	0.2145658263305322	0.0648867490972754	0.2018681075204832	0.2388663967611336	0.4505734191267562	0.43115959418737126	0.6272081340915803	0.4901960784313725
RANDOM_1928	0.0946778711484594	0.21243884882405	0.2977591036414566	0.0635736951526425	0.2022373077235368	0.2206051324634813	0.4430991311895679	0.4114611109013726	0.5138306542678512	0.469187675070028
RANDOM_1929	0.1274509803921568	0.2514018761784671	0.4	0.1388554546449283	0.2728553272853374	0.3999343473027683	0.6565252440800967	0.6005368335774334	0.8882543267034658	0.6971988795518207
RANDOM_1930	0.1526610644257703	0.2246468897654183	0.4131652661064425	0.1261625998468103	0.216645520903034	0.3875451553934385	0.3865876377574218	0.3352257112008493	0.6679092327487836	0.6126050420168068
RANDOM_1931	0.0851540616246498	0.1713959815409159	0.3198879551820728	0.0683882262829631	0.1829703386265338	0.2211401685085895	0.3826099495734895	0.31430657521250316	0.4386924446915318	0.3932773109243697
RANDOM_1932	0.1136650594439978	0.2662147989499392	0.3621848739495798	0.0771419192471824	0.2118568857833313	0.2846044424991793	0.5779375557305931	0.5259993690210538	0.7022476822629292	0.6666666666666666
RANDOM_1933	0.0714285714285714	0.2102773526576162	0.2957983193277311	0.0991409970297192	0.2244136671500158	0.3572600941021994	0.5148004928618116	0.4984810520996342	0.7078252448469748	0.696078431372549
RANDOM_1934	0.1487394957983193	0.2691976976814213	0.3481792717086834	0.0613852719115877	0.2154795871952001	0.2686289528394791	0.4942834376575292	0.47551462521589627	0.4929669598876479	0.330812324929972
RANDOM_1935	0.0745098039215686	0.1920809044938168	0.2019607843137255	0.0359995623153517	0.1700114700498109	0.1375424007002954	0.405932157075169	0.38093187988445704	0.3208458323981996	0.2901960784313726
RANDOM_1936	0.1128851540616246	0.168422934859398	0.3663865546218487	0.0683882262829631	0.1751465782827031	0.2112922639238428	0.4042512714595854	0.3881103249237722	0.5658355216096672	0.5350140056022409
RANDOM_1937	0.1039288468127474	0.2259508738155762	0.3554621848739496	0.1185031185031185	0.2171376357646287	0.3141481562534194	0.3939056590977901	0.3867304612906339	0.5189787653998337	0.5756302521008403
RANDOM_1938	0.0840336134453781	0.2237612944938838	0.2848739495798319	0.0567895831053725	0.2071085662672708	0.2739622631729412	0.5373265621243594	0.48358962698768604	0.7210581401931316	0.5442577030812324
RANDOM_1939	0.1224089635854341	0.1872316071559849	0.2927170868347339	0.0907101433417222	0.1932097758426118	0.2900755006018164	0.4125991901102285	0.38311502665830516	0.4679242429630681	0.5095238095238095
RANDOM_1940	0.1540616246498599	0.2620476399224435	0.3501400560224089	0.0946493051756209	0.2174185037358345	0.2745376955903271	0.5927390494001248	0.5589582925714756	0.8185118713648833	0.6543417366946779
RANDOM_1941	0.1308214864192804	0.2225607314099232	0.3361344537815126	0.0911478279899332	0.2011084765293958	0.3134916292811029	0.4875091180393378	0.44227448973773104	0.7012277377839796	0.5476190476190477
RANDOM_1942	0.0761904761904762	0.1749406081990674	0.2565826330532212	0.0526315789473684	0.1712307717023152	0.1517671517671517	0.3756450489594583	0.3587011461967659	0.2987442900960138	0.1988795518207282
RANDOM_1943	0.0703081232492997	0.178325448404369	0.2354506623884479	0.0195863880074406	0.21188065173327	0.1250683882262829	0.4435673653415871	0.4206685111526183	0.3862525305680206	0.3775910364145658
RANDOM_1944	0.0476190476190476	0.2369405083256956	0.2386554621848739	0.0705766495240179	0.2475169538709142	0.2854798117956013	0.615223974414529	0.5800331819485988	0.7593914129552422	0.6467787114845939
RANDOM_1945	0.0971988795518207	0.2216467210616762	0.3812324929971988	0.0712329123913108	0.2094347467897748	0.2618448407922092	0.4637326537815662	0.4326421783339402	0.6345907353537178	0.5098039215686274
RANDOM_1946	0.1341736694677871	0.2279219186783637	0.2876750700280112	0.1066856330014224	0.2088590708096948	0.3180873180873181	0.4480692944236251	0.4020538926093996	0.7516307195787214	0.6851540616246499
RANDOM_1947	0.0725693500046574	0.2611341016019876	0.2602240896358543	0.0530692635955793	0.2138923226768355	0.1935660356712988	0.5845966462345368	0.5664795387154105	0.8146310108943136	0.7109243697478992
RANDOM_1948	0.1753501400560224	0.2554391688335044	0.4403361344537815	0.1327278695699748	0.2564467382667995	0.3151497125743909	0.6192974021287944	0.5500040312078188	0.7463691638348977	0.5098039215686274
RANDOM_1949	0.1384141270359103	0.2246294421923159	0.3680672268907563	0.0729839150891782	0.2049383863614283	0.2986103512419302	0.4421948443379475	0.42352943153600664	0.6701166480011123	0.6929971988795518
RANDOM_1950	0.0952380952380952	0.1965236077273719	0.2879551820728291	0.1018711018711018	0.2244648403925061	0.3178684757632126	0.4496212733977578	0.42738328895610633	0.4876298748500541	0.4263305322128851
RANDOM_1951	0.0854341736694677	0.2361605056682019	0.2784313725490196	0.0537257905678958	0.2466240644322143	0.1694933800196958	0.555090599168145	0.5320427265122505	0.561386418594672	0.4946778711484594
RANDOM_1952	0.1212885154061624	0.2428364940488304	0.3210084033613445	0.0904913010176168	0.220475437803952	0.2653463179778969	0.3728292484661232	0.3254632742174022	0.3937993209160332	0.372829131652661
RANDOM_1953	0.0647058823529411	0.2109286675494834	0.2159663865546218	0.0532881059196848	0.2312146803062826	0.3537586169165116	0.4828690693101909	0.4442426364055734	0.5497303958935708	0.492156862745098
RANDOM_1954	0.0805874913944697	0.244309450215773	0.2014005602240896	0.0195863880074406	0.2113455979192601	0.136885873727979	0.5535461499369799	0.517414655703922	0.2252983756304261	0.2347338935574229
RANDOM_1955	0.0663865546218487	0.2362803799771085	0.2089635854341736	0.0532881059196848	0.2031820649511068	0.1454207243680927	0.4447993292445263	0.40473037627978653	0.3153542703474753	0.3364145658263305
RANDOM_1956	0.1605491797400337	0.2072976493543356	0.3795518207282913	0.0563550543610189	0.1678942871929869	0.2478389320494583	0.3813018244339155	0.3978680693593693	0.1895254701681971	0.0546218487394958
RANDOM_1957	0.0834733893557422	0.2190919471194453	0.2873949579831932	0.0471605208447313	0.2134930148129592	0.2077907867381551	0.478300126872759	0.4140740664256185	0.4914942231857254	0.3425770308123249
RANDOM_1958	0.0857142857142857	0.1814323603066862	0.2577030812324929	0.044753255279571	0.1709303293102472	0.1714629609366451	0.4754186089476331	0.43937871681535046	0.1905847120144812	0.061344537815126
RANDOM_1959	0.1123249299719888	0.2246970096758843	0.3059037755243131	0.0163037531458584	0.2221141102820394	0.1351351351351351	0.5218045473240365	0.4881203296728428	0.2235104202727674	0.1310924369747899
RANDOM_1960	0.0815126050420168	0.2242338579743828	0.2238095238095238	0.0248386037859722	0.2113941610509881	0.1303206040048145	0.3507332079610688	0.31583171180666114	0.6458083315333306	0.5700280112044818
RANDOM_1961	0.1355742296918767	0.1978748621132046	0.3481792717086834	0.0959623591202538	0.2109165977791551	0.312261380205361	0.5016241396052247	0.4806026493714498	0.4622477409067274	0.2697478991596638
RANDOM_1962	0.1112044817927171	0.2850857637832099	0.4224089635854341	0.0686070686070686	0.234845493729174	0.2988291935660356	0.5777121591514548	0.5165166738204766	0.7054384647908689	0.6492997198879552
RANDOM_1963	0.1028011204481792	0.2193589285573825	0.3011204481792717	0.045190939927782	0.2067571794845565	0.1572382098697888	0.4578011186376561	0.40075548288005075	0.6249183256357134	0.5941176470588235
RANDOM_1964	0.0999299474519981	0.199603650843526	0.303641456582633	0.0335947417729738	0.1904007824954171	0.1915964547543495	0.5126022415279613	0.4282119108810622	0.5654898912313358	0.4613445378151261
RANDOM_1965	0.0820728291316526	0.2410804862877815	0.2957983193277311	0.0486924171134697	0.2029451308456545	0.1980631397613596	0.5895470347216102	0.5564782938634237	0.7706189774286443	0.6070028011204481
RANDOM_1966	0.0994397759103641	0.1862875970199286	0.3084033613445378	0.081956450377503	0.2343085375127684	0.2060400481453113	0.4914373753744883	0.4355509815193943	0.7302619883617939	0.6641456582633053
RANDOM_1967	0.0694677871148459	0.2006458583912315	0.1957983193277311	0.0254951307582886	0.2016904510656251	0.1392931392931393	0.5117619771606245	0.4708851197498918	0.3161514129286497	0.3296918767507003
RANDOM_1968	0.0941176470588235	0.2787948311770993	0.332376217636994	0.0513185250027355	0.2270587394317079	0.258562205930627	0.6239554170984739	0.5985197744757345	0.883101015685059	0.8689075630252101
RANDOM_1969	0.1327731092436975	0.2085996663671845	0.3795518207282913	0.0909289856658277	0.2076611372095442	0.2791333843965423	0.4900428240833329	0.4526898605210242	0.5016623306634532	0.3571428571428571
RANDOM_1970	0.06890756302521	0.2048054883698103	0.2795518207282913	0.0430025166867272	0.1780039387018522	0.1721042517546492	0.4800982941952866	0.4298594763824262	0.3233981482703004	0.32296918767507
RANDOM_1971	0.0634498215716638	0.1858255487352623	0.176750700280112	0.0583214793741109	0.2219974816276086	0.1690556953714848	0.4128226417611867	0.37873075205326695	0.1498096890614328	0.0098039215686274
RANDOM_1972	0.07397030270745	0.2286464081848285	0.2829131652661064	0.0417404582910009	0.1893909822105195	0.2110734215997373	0.5090709661821345	0.48938119613947456	0.4911145484619608	0.411204481792717
RANDOM_1973	0.0834792354452795	0.2112237085796098	0.2633053221288515	0.0839444038934672	0.1861324915525797	0.2692854798117956	0.5194454552904324	0.46336785288845683	0.6089877928520634	0.5515406162464986
RANDOM_1974	0.1661064425770308	0.2499571810155076	0.4179271708683473	0.1060712666471273	0.1944653148479178	0.3618557829084144	0.4038543722688408	0.3257112668097852	0.5692775757511862	0.4610644257703081
RANDOM_1975	0.1120448179271708	0.2140349072969301	0.2958190356718632	0.0832695043221359	0.1938635104436261	0.2541853594485173	0.4754869763832686	0.42883289601984664	0.5891094570699265	0.5521008403361345
RANDOM_1976	0.1718290541039967	0.2641471748016895	0.3969187675070028	0.0740781267097056	0.2229075284145015	0.2918262391946602	0.5923327494796439	0.5773771426361067	0.8241545363933784	0.6834733893557423
RANDOM_1977	0.0767722081130353	0.1833250181413618	0.2759103641456583	0.0430025166867272	0.1808958373634514	0.1745267534741219	0.427187294370746	0.3848315042003761	0.6508433632516338	0.4563025210084033
RANDOM_1978	0.1176470588235294	0.2345740069813774	0.3442577030812325	0.0775126019353	0.2232250622203114	0.2598752598752599	0.5239534647151981	0.49379228245893164	0.7377475626165676	0.573109243697479
RANDOM_1979	0.0563025210084033	0.2532112519864806	0.2439775910364145	0.0553701374139491	0.2771291102438402	0.258124521282416	0.5604096070283657	0.513034902454507	0.3993635789432104	0.3470588235294117
RANDOM_1980	0.0354590136119993	0.2458756577829316	0.1215686274509803	0.0563827542325981	0.1882641339708381	0.1894080315132946	0.489805420102593	0.45140035877110435	0.1740345939030837	0.1310924369747899
RANDOM_1981	0.076750700280112	0.20046783626562	0.1988795518207282	0.0367689147166242	0.2104437023409888	0.0800656538137944	0.524168475030273	0.5102429769153087	0.32397041891993	0.2507002801120448
RANDOM_1982	0.1610644257703081	0.2368092770355861	0.3611656067799362	0.1029653134916292	0.2333801440568628	0.2907320275741328	0.5559299366300983	0.5008753224164758	0.632796948305818	0.5042016806722689
RANDOM_1983	0.073109243697479	0.2072171081967948	0.292156862745098	0.0686070686070686	0.2295472731346509	0.2224532224532224	0.4645168671906485	0.45943774497546297	0.4718214001357885	0.3540616246498599
RANDOM_1984	0.1198879551820728	0.2156258554526594	0.2971988795518207	0.068825910931174	0.1870768994881989	0.3009246598584194	0.5468941939052118	0.5500661186427124	0.739151601152355	0.6092436974789915
RANDOM_1985	0.1165266106442577	0.2408873828008321	0.3605042016806722	0.0837071889703468	0.2281798215591881	0.2815406499617026	0.566126134630962	0.5513919946404413	0.6618132978007252	0.4868347338935574
RANDOM_1986	0.0582673858141548	0.2482971295894169	0.2627450980392157	0.063354852828537	0.2250682957353318	0.1586461007463371	0.5837371525491967	0.5606844276003704	0.5052436358833934	0.5316526610644258
RANDOM_1987	0.1070028011204481	0.2089084052744194	0.3736694677871148	0.0964000437684648	0.1996261549065537	0.3220264799212167	0.4387889035672901	0.40463385872190205	0.7641767921686989	0.7591036414565826
RANDOM_1988	0.072829131652661	0.2244911004845074	0.2274509803921568	0.0657621183936973	0.2159651314362637	0.2898566582777109	0.5262784857369844	0.4900247707470109	0.6171589805680162	0.5229691876750701
RANDOM_1989	0.0442577030812325	0.2800222576717215	0.1918767507002801	0.0581026370500054	0.2390786122546341	0.2793522267206478	0.645485882197571	0.6192661705500991	0.8549046022454191	0.8406162464985995
RANDOM_1990	0.1260504201680672	0.2204639549317544	0.3436974789915966	0.0961812014443593	0.1924533535832625	0.2850421271473903	0.4076565122782084	0.40080306014701095	0.6038265171848756	0.5868347338935574
RANDOM_1991	0.1490196078431372	0.243315645436505	0.3666666666666666	0.0311850311850311	0.1898632307025177	0.1942225626436153	0.4405775796049508	0.40909631653095463	0.7007565549272836	0.7478991596638656
RANDOM_1992	0.103921568627451	0.1966503922504902	0.326890756302521	0.0822653577140659	0.2160903112584311	0.2867928657402341	0.4352368473998441	0.37957983366098197	0.6791488479695497	0.5775910364145658
RANDOM_1993	0.130532212885154	0.247472057020631	0.3834733893557423	0.1083328775490309	0.2069616941978166	0.3169931064667907	0.3853863240957732	0.3140874805989751	0.5132448380788545	0.3464985994397759
RANDOM_1994	0.1098039215686274	0.2350428638934094	0.3552069481362903	0.0802057117846591	0.1881326427865002	0.3377831272568115	0.5272473740816053	0.48748493174769414	0.7420243955906694	0.6448179271708684
RANDOM_1995	0.1095238095238095	0.2390953266708196	0.3803921568627451	0.062917168180326	0.2231253576534127	0.2741000109421162	0.5061686345571642	0.47749512990096316	0.7973353367851722	0.6672268907563025
RANDOM_1996	0.1098039215686274	0.2769815059727646	0.3722689075630252	0.0765692210947164	0.2335834979398064	0.3808950651055914	0.6454571282569335	0.6029794728745008	0.7540695833130887	0.6711484593837534
RANDOM_1997	0.0725490196078431	0.2481279202657879	0.2980392156862745	0.0712331764963343	0.1915563347410682	0.1972848992760037	0.4968459883822263	0.44045741252476467	0.5031935786976234	0.5927170868347339
RANDOM_1998	0.0862745098039215	0.2115569635581611	0.3238095238095238	0.0802057117846591	0.2126993925715892	0.257686836634205	0.5479906910339057	0.5214083845650181	0.7298027228114174	0.6532212885154062
RANDOM_1999	0.1571428571428571	0.2349329635750988	0.4103641456582633	0.0495677864098916	0.2120711151284803	0.2373345004923952	0.5288767671813578	0.48502360275523165	0.7091804239129399	0.6971988795518207
RANDOM_2000	0.0837535014005602	0.2433074816624318	0.3375350140056022	0.0294342925921873	0.2012636518171654	0.1036218404639457	0.5263125911594613	0.4747492187495439	0.4098671764989785	0.3448179271708683
