cohort	partition	rho	spearman_brown
ERP117672	1	0.8397759103641457	0.9129110840438489
ERP117672	2	0.9406162464985994	0.9693995381062356
ERP117672	3	0.9630252100840336	0.9811643835616438
ERP117672	4	0.8750700280112045	0.9333731700029877
ERP117672	5	0.9400560224089636	0.9691019347386659
ERP117672	6	0.9411764705882353	0.9696969696969697
ERP117672	7	0.9680672268907563	0.9837745516652433
ERP117672	8	0.9647058823529412	0.9820359281437125
ERP117672	9	0.9535014005602241	0.976197304273014
ERP117672	10	0.900280112044818	0.9475235849056605
ERP117672	11	0.9378151260504202	0.9679098005203816
ERP117672	12	0.907563025210084	0.9515418502202644
ERP117672	13	0.9392156862745098	0.9686552072800809
ERP117672	14	0.9296918767507003	0.9635651037886486
ERP117672	15	0.9310924369747899	0.9643167972149695
ERP117672	16	0.9243697478991597	0.9606986899563319
ERP117672	17	0.957703081232493	0.9783946201173271
ERP117672	18	0.9476190476190476	0.9731051344743276
ERP117672	19	0.9184873949579831	0.9575120455540955
ERP117672	20	0.965546218487395	0.9824711415134673
ERP117672	21	0.9106442577030812	0.9532326638322827
ERP117672	22	0.907563025210084	0.9515418502202644
ERP117672	23	0.9593837535014006	0.9792709077912795
ERP117672	24	0.9148459383753501	0.9555295494441194
ERP117672	25	0.9246498599439776	0.9608499490612721
ERP117672	26	0.9529411764705882	0.9759036144578312
ERP117672	27	0.8630252100840337	0.9264772214704556
ERP117672	28	0.9574229691876751	0.9782484258729249
ERP117672	29	0.9487394957983193	0.9736955584303579
ERP117672	30	0.9610644257703082	0.980145693472361
ERP117672	31	0.8899159663865546	0.9417518897287683
ERP117672	32	0.9352941176470588	0.9665653495440729
ERP117672	33	0.9571428571428572	0.9781021897810218
ERP117672	34	0.9173669467787114	0.9569028487947407
ERP117672	35	0.9221288515406163	0.9594870300204023
ERP117672	36	0.9448179271708683	0.9716260982284315
ERP117672	37	0.9453781512605042	0.9719222462203023
ERP117672	38	0.9288515406162465	0.9631135637525414
ERP117672	39	0.9593837535014006	0.9792709077912795
ERP117672	40	0.9322128851540616	0.9649173673528559
ERP117672	41	0.9571428571428572	0.9781021897810218
ERP117672	42	0.8826330532212885	0.9376580865942568
ERP117672	43	0.9327731092436975	0.9652173913043478
ERP117672	44	0.965266106442577	0.9823261117445837
ERP117672	45	0.880672268907563	0.936550491510277
ERP117672	46	0.8952380952380953	0.9447236180904524
ERP117672	47	0.934733893557423	0.9662661068481251
ERP117672	48	0.9610644257703082	0.980145693472361
ERP117672	49	0.9624649859943978	0.9808735369683128
ERP117672	50	0.9226890756302522	0.9597902097902098
ERP117672	51	0.9165266106442577	0.9564454837766735
ERP117672	52	0.9324929971988796	0.9650674010726192
ERP117672	53	0.9411764705882353	0.9696969696969697
ERP117672	54	0.9156862745098039	0.9559877175025588
ERP117672	55	0.9252100840336135	0.9611523352247927
ERP117672	56	0.9521008403361344	0.975462763667671
ERP117672	57	0.9591036414565827	0.9791249642550758
ERP117672	58	0.95406162464986	0.9764908256880733
ERP117672	59	0.934453781512605	0.9661164205039097
ERP117672	60	0.9543417366946779	0.9766375232908127
ERP117672	61	0.9574229691876751	0.9782484258729249
ERP117672	62	0.9305322128851541	0.9640162507254788
ERP117672	63	0.9372549019607843	0.9676113360323887
ERP117672	64	0.9204481792717086	0.9585764294049008
ERP117672	65	0.934733893557423	0.9662661068481251
ERP117672	66	0.8778711484593837	0.934964200477327
ERP117672	67	0.9624649859943978	0.9808735369683128
ERP117672	68	0.9568627450980393	0.9779559118236473
ERP117672	69	0.9341736694677871	0.9659666908037654
ERP117672	70	0.9543417366946779	0.9766375232908127
ERP117672	71	0.9330532212885154	0.9653673380669469
ERP117672	72	0.9428571428571428	0.9705882352941176
ERP117672	73	0.8977591036414566	0.9461254612546126
ERP117672	74	0.9324929971988796	0.9650674010726192
ERP117672	75	0.9591036414565827	0.9791249642550758
ERP117672	76	0.9201680672268907	0.9584245076586434
ERP117672	77	0.9218487394957983	0.9593353738522081
ERP117672	78	0.95406162464986	0.9764908256880733
ERP117672	79	0.9450980392156862	0.9717741935483871
ERP117672	80	0.9375350140056022	0.9677605898510915
ERP117672	81	0.938655462184874	0.9683571738188123
ERP117672	82	0.9526610644257703	0.9757567063548989
ERP117672	83	0.9736694677871148	0.9866590973602043
ERP117672	84	0.9417366946778711	0.96999422965955
ERP117672	85	0.9644257703081233	0.9818907742763439
ERP117672	86	0.9591036414565827	0.9791249642550758
ERP117672	87	0.9260504201680673	0.9616055846422339
ERP117672	88	0.9120448179271708	0.953999414005274
ERP117672	89	0.9061624649859944	0.9507714915503307
ERP117672	90	0.9243697478991597	0.9606986899563319
ERP117672	91	0.8997198879551821	0.9472132114420525
ERP117672	92	0.9047619047619048	0.9500000000000001
ERP117672	93	0.9529411764705882	0.9759036144578312
ERP117672	94	0.8526610644257703	0.9204717266404595
ERP117672	95	0.9291316526610645	0.9632641208073182
ERP117672	96	0.9501400560224089	0.9744326343004883
ERP117672	97	0.9148459383753501	0.9555295494441194
ERP117672	98	0.9568627450980393	0.9779559118236473
ERP117672	99	0.973109243697479	0.9863713798977853
ERP117672	100	0.8887955182072829	0.9411241287260863
ERP117672	101	0.9033613445378151	0.9492273730684327
ERP117672	102	0.9249299719887956	0.9610011641443539
ERP117672	103	0.9067226890756303	0.9510797708241516
ERP117672	104	0.9299719887955182	0.9637155297532656
ERP117672	105	0.9207282913165266	0.9587283068397259
ERP117672	106	0.9179271708683473	0.9572075361472178
ERP117672	107	0.9070028011204482	0.9512338425381904
ERP117672	108	0.8952380952380953	0.9447236180904524
ERP117672	109	0.9103641456582633	0.9530791788856305
ERP117672	110	0.9260504201680673	0.9616055846422339
ERP117672	111	0.9361344537815126	0.9670138888888888
ERP117672	112	0.9565826330532213	0.9778095919828202
ERP117672	113	0.9358543417366947	0.9668644190421067
ERP117672	114	0.9369747899159664	0.9674620390455532
ERP117672	115	0.9327731092436975	0.9652173913043478
ERP117672	116	0.9450980392156862	0.9717741935483871
ERP117672	117	0.9235294117647059	0.9602446483180428
ERP117672	118	0.957703081232493	0.9783946201173271
ERP117672	119	0.9481792717086834	0.9734004313443566
ERP117672	120	0.9179271708683473	0.9572075361472178
ERP117672	121	0.9313725490196079	0.9644670050761421
ERP117672	122	0.9299719887955182	0.9637155297532656
ERP117672	123	0.9338935574229692	0.9658169177288528
ERP117672	124	0.9400560224089636	0.9691019347386659
ERP117672	125	0.9350140056022409	0.9664157498552403
ERP117672	126	0.9574229691876751	0.9782484258729249
ERP117672	127	0.8985994397759104	0.9465919150191797
ERP117672	128	0.9689075630252101	0.9842082799829278
ERP117672	129	0.9338935574229692	0.9658169177288528
ERP117672	130	0.9212885154061624	0.9590319288526025
ERP117672	131	0.9599439775910364	0.9795626697155924
ERP117672	132	0.9484593837535014	0.9735480161012076
ERP117672	133	0.9260504201680673	0.9616055846422339
ERP117672	134	0.9263305322128852	0.961756579904028
ERP117672	135	0.9098039215686274	0.9527720739219713
ERP117672	136	0.9543417366946779	0.9766375232908127
ERP117672	137	0.9406162464985994	0.9693995381062356
ERP117672	138	0.9022408963585434	0.9486084523634223
ERP117672	139	0.9406162464985994	0.9693995381062356
ERP117672	140	0.9635854341736695	0.9814550641940085
ERP117672	141	0.9030812324929972	0.9490727112157787
ERP117672	142	0.9299719887955182	0.9637155297532656
ERP117672	143	0.942296918767507	0.9702913181424863
ERP117672	144	0.9722689075630252	0.985939497230507
ERP117672	145	0.9512605042016806	0.975021533161068
ERP117672	146	0.8938375350140056	0.9439432036680965
ERP117672	147	0.927170868347339	0.9622093023255814
ERP117672	148	0.9084033613445378	0.9520035226772348
ERP117672	149	0.946218487394958	0.9723661485319516
ERP117672	150	0.9512605042016806	0.975021533161068
ERP117672	151	0.9330532212885154	0.9653673380669469
ERP117672	152	0.9591036414565827	0.9791249642550758
ERP117672	153	0.9302521008403362	0.9638659120592077
ERP117672	154	0.9179271708683473	0.9572075361472178
ERP117672	155	0.9523809523809523	0.975609756097561
ERP117672	156	0.9170868347338935	0.9567504383401519
ERP117672	157	0.9428571428571428	0.9705882352941176
ERP117672	158	0.9025210084033614	0.9487632508833923
ERP117672	159	0.9736694677871148	0.9866590973602043
ERP117672	160	0.8915966386554622	0.9426921368280765
ERP117672	161	0.9235294117647059	0.9602446483180428
ERP117672	162	0.9560224089635855	0.9775168265788343
ERP117672	163	0.9291316526610645	0.9632641208073182
ERP117672	164	0.9481792717086834	0.9734004313443566
ERP117672	165	0.9565826330532213	0.9778095919828202
ERP117672	166	0.9425770308123249	0.9704397981254506
ERP117672	167	0.9366946778711485	0.9673126988718542
ERP117672	168	0.9739495798319328	0.9868028948488718
ERP117672	169	0.9546218487394958	0.9767841788478073
ERP117672	170	0.9327731092436975	0.9652173913043478
ERP117672	171	0.9487394957983193	0.9736955584303579
ERP117672	172	0.9742296918767507	0.9869466515323495
ERP117672	173	0.942296918767507	0.9702913181424863
ERP117672	174	0.9501400560224089	0.9744326343004883
ERP117672	175	0.9408963585434174	0.9695482753644105
ERP117672	176	0.9134453781512605	0.9547650417215635
ERP117672	177	0.9047619047619048	0.9500000000000001
ERP117672	178	0.8971988795518208	0.945814262512919
ERP117672	179	0.9403361344537815	0.9692507579038545
ERP117672	180	0.938655462184874	0.9683571738188123
ERP117672	181	0.9649859943977591	0.9821810406272273
ERP117672	182	0.9515406162464985	0.9751686522175972
ERP117672	183	0.9523809523809523	0.975609756097561
ERP117672	184	0.9439775910364145	0.9711815561959654
ERP117672	185	0.9521008403361344	0.975462763667671
ERP117672	186	0.9156862745098039	0.9559877175025588
ERP117672	187	0.9182072829131652	0.9573598130841122
ERP117672	188	0.9218487394957983	0.9593353738522081
ERP117672	189	0.9394957983193277	0.9688041594454073
ERP117672	190	0.8943977591036415	0.9442555079106906
ERP117672	191	0.853501400560224	0.9209611606468188
ERP117672	192	0.9341736694677871	0.9659666908037654
ERP117672	193	0.9425770308123249	0.9704397981254506
ERP117672	194	0.9546218487394958	0.9767841788478073
ERP117672	195	0.9316526610644258	0.9646171693735499
ERP117672	196	0.9585434173669468	0.97883295194508
ERP117672	197	0.9316526610644258	0.9646171693735499
ERP117672	198	0.9442577030812325	0.971329779570667
ERP117672	199	0.9263305322128852	0.961756579904028
ERP117672	200	0.9263305322128852	0.961756579904028
ERP117672	201	0.8756302521008403	0.9336917562724014
ERP117672	202	0.8991596638655462	0.9469026548672567
ERP117672	203	0.9148459383753501	0.9555295494441194
ERP117672	204	0.957703081232493	0.9783946201173271
ERP117672	205	0.9661064425770308	0.9827610770765066
ERP117672	206	0.9551820728291317	0.9770773638968481
ERP117672	207	0.9036414565826331	0.9493819894055328
ERP117672	208	0.9512605042016806	0.975021533161068
ERP117672	209	0.95406162464986	0.9764908256880733
ERP117672	210	0.9288515406162465	0.9631135637525414
ERP117672	211	0.9582633053221289	0.9786868831354598
ERP117672	212	0.9246498599439776	0.9608499490612721
ERP117672	213	0.8921568627450981	0.9430051813471504
ERP117672	214	0.9434173669467787	0.9708849812626117
ERP117672	215	0.9490196078431372	0.9738430583501005
ERP117672	216	0.9700280112044818	0.9847860088155836
ERP117672	217	0.9529411764705882	0.9759036144578312
ERP117672	218	0.9235294117647059	0.9602446483180428
ERP117672	219	0.9176470588235294	0.9570552147239264
ERP117672	220	0.9574229691876751	0.9782484258729249
ERP117672	221	0.9053221288515406	0.950308732725669
ERP117672	222	0.9512605042016806	0.975021533161068
ERP117672	223	0.9509803921568627	0.9748743718592965
ERP117672	224	0.9117647058823529	0.9538461538461539
ERP117672	225	0.9364145658263305	0.9671633154925503
ERP117672	226	0.9560224089635855	0.9775168265788343
ERP117672	227	0.9481792717086834	0.9734004313443566
ERP117672	228	0.9263305322128852	0.961756579904028
ERP117672	229	0.9504201680672268	0.974579922447221
ERP117672	230	0.9249299719887956	0.9610011641443539
ERP117672	231	0.8854341736694678	0.9392363690387758
ERP117672	232	0.9478991596638655	0.9732528041415013
ERP117672	233	0.9322128851540616	0.9649173673528559
ERP117672	234	0.8406162464985995	0.9134073961345305
ERP117672	235	0.9254901960784314	0.9613034623217923
ERP117672	236	0.9341736694677871	0.9659666908037654
ERP117672	237	0.9022408963585434	0.9486084523634223
ERP117672	238	0.9176470588235294	0.9570552147239264
ERP117672	239	0.9507002801120448	0.9747271682940838
ERP117672	240	0.9350140056022409	0.9664157498552403
ERP117672	241	0.9414565826330532	0.9698456211224932
ERP117672	242	0.9420168067226891	0.9701427953266983
ERP117672	243	0.9680672268907563	0.9837745516652433
ERP117672	244	0.9504201680672268	0.974579922447221
ERP117672	245	0.8991596638655462	0.9469026548672567
ERP117672	246	0.9182072829131652	0.9573598130841122
ERP117672	247	0.9330532212885154	0.9653673380669469
ERP117672	248	0.9753501400560224	0.9875212705615427
ERP117672	249	0.9529411764705882	0.9759036144578312
ERP117672	250	0.9131652661064426	0.9546120058565154
ERP117672	251	0.9812324929971988	0.9905273575569065
ERP117672	252	0.9582633053221289	0.9786868831354598
ERP117672	253	0.9394957983193277	0.9688041594454073
ERP117672	254	0.9378151260504202	0.9679098005203816
ERP117672	255	0.9406162464985994	0.9693995381062356
ERP117672	256	0.9411764705882353	0.9696969696969697
ERP117672	257	0.9411764705882353	0.9696969696969697
ERP117672	258	0.9543417366946779	0.9766375232908127
ERP117672	259	0.9305322128851541	0.9640162507254788
ERP117672	260	0.8747899159663866	0.9332138054683998
ERP117672	261	0.9324929971988796	0.9650674010726192
ERP117672	262	0.9369747899159664	0.9674620390455532
ERP117672	263	0.9638655462184874	0.9816003423192127
ERP117672	264	0.9708683473389356	0.985218874360432
ERP117672	265	0.9666666666666667	0.983050847457627
ERP117672	266	0.9627450980392157	0.981018981018981
ERP117672	267	0.9683473389355742	0.9839191689198804
ERP117672	268	0.9274509803921569	0.9623601220752798
ERP117672	269	0.9322128851540616	0.9649173673528559
ERP117672	270	0.9235294117647059	0.9602446483180428
ERP117672	271	0.9350140056022409	0.9664157498552403
ERP117672	272	0.9492997198879551	0.9739905158787182
ERP117672	273	0.8971988795518208	0.945814262512919
ERP117672	274	0.9070028011204482	0.9512338425381904
ERP117672	275	0.8829131652661064	0.9378161261529306
ERP117672	276	0.9507002801120448	0.9747271682940838
ERP117672	277	0.9336134453781513	0.9656671012603216
ERP117672	278	0.9582633053221289	0.9786868831354598
ERP117672	279	0.9193277310924369	0.957968476357268
ERP117672	280	0.942296918767507	0.9702913181424863
ERP117672	281	0.9680672268907563	0.9837745516652433
ERP117672	282	0.9238095238095239	0.9603960396039605
ERP117672	283	0.9571428571428572	0.9781021897810218
ERP117672	284	0.9212885154061624	0.9590319288526025
ERP117672	285	0.8644257703081233	0.9272836538461539
ERP117672	286	0.9033613445378151	0.9492273730684327
ERP117672	287	0.8960784313725491	0.9451913133402275
ERP117672	288	0.9627450980392157	0.981018981018981
ERP117672	289	0.9165266106442577	0.9564454837766735
ERP117672	290	0.9481792717086834	0.9734004313443566
ERP117672	291	0.9554621848739496	0.9772238934250107
ERP117672	292	0.8983193277310925	0.9464364763169545
ERP117672	293	0.9204481792717086	0.9585764294049008
ERP117672	294	0.9481792717086834	0.9734004313443566
ERP117672	295	0.9406162464985994	0.9693995381062356
ERP117672	296	0.9456582633053221	0.9720702562625971
ERP117672	297	0.9509803921568627	0.9748743718592965
ERP117672	298	0.9159663865546218	0.9561403508771931
ERP117672	299	0.9128851540616246	0.9544589251720603
ERP117672	300	0.9117647058823529	0.9538461538461539
ERP117672	301	0.957983193277311	0.9785407725321889
ERP117672	302	0.8938375350140056	0.9439432036680965
ERP117672	303	0.94593837535014	0.9722182236936807
ERP117672	304	0.9627450980392157	0.981018981018981
ERP117672	305	0.8579831932773109	0.9235639981908638
ERP117672	306	0.9675070028011205	0.9834851936218678
ERP117672	307	0.9212885154061624	0.9590319288526025
ERP117672	308	0.9442577030812325	0.971329779570667
ERP117672	309	0.8621848739495799	0.9259927797833936
ERP117672	310	0.8977591036414566	0.9461254612546126
ERP117672	311	0.9380952380952381	0.9680589680589681
ERP117672	312	0.9378151260504202	0.9679098005203816
ERP117672	313	0.915406162464986	0.9558350394852296
ERP117672	314	0.957983193277311	0.9785407725321889
ERP117672	315	0.9123249299719888	0.9541526292661492
ERP117672	316	0.938375350140056	0.9682080924855492
ERP117672	317	0.9411764705882353	0.9696969696969697
ERP117672	318	0.9378151260504202	0.9679098005203816
ERP117672	319	0.9439775910364145	0.9711815561959654
ERP117672	320	0.9022408963585434	0.9486084523634223
ERP117672	321	0.957703081232493	0.9783946201173271
ERP117672	322	0.9546218487394958	0.9767841788478073
ERP117672	323	0.9551820728291317	0.9770773638968481
ERP117672	324	0.9123249299719888	0.9541526292661492
ERP117672	325	0.9380952380952381	0.9680589680589681
ERP117672	326	0.9543417366946779	0.9766375232908127
ERP117672	327	0.9336134453781513	0.9656671012603216
ERP117672	328	0.9456582633053221	0.9720702562625971
ERP117672	329	0.834733893557423	0.9099236641221373
ERP117672	330	0.9352941176470588	0.9665653495440729
ERP117672	331	0.9487394957983193	0.9736955584303579
ERP117672	332	0.9392156862745098	0.9686552072800809
ERP117672	333	0.9260504201680673	0.9616055846422339
ERP117672	334	0.9605042016806723	0.979854264894985
ERP117672	335	0.9145658263305322	0.9553767373811266
ERP117672	336	0.9504201680672268	0.974579922447221
ERP117672	337	0.9683473389355742	0.9839191689198804
ERP117672	338	0.9638655462184874	0.9816003423192127
ERP117672	339	0.946218487394958	0.9723661485319516
ERP117672	340	0.9022408963585434	0.9486084523634223
ERP117672	341	0.9602240896358544	0.9797084881394684
ERP117672	342	0.973109243697479	0.9863713798977853
ERP117672	343	0.946218487394958	0.9723661485319516
ERP117672	344	0.934453781512605	0.9661164205039097
ERP117672	345	0.9120448179271708	0.953999414005274
ERP117672	346	0.9591036414565827	0.9791249642550758
ERP117672	347	0.9324929971988796	0.9650674010726192
ERP117672	348	0.9117647058823529	0.9538461538461539
ERP117672	349	0.9392156862745098	0.9686552072800809
ERP117672	350	0.9170868347338935	0.9567504383401519
ERP117672	351	0.9442577030812325	0.971329779570667
ERP117672	352	0.9156862745098039	0.9559877175025588
ERP117672	353	0.9408963585434174	0.9695482753644105
ERP117672	354	0.9526610644257703	0.9757567063548989
ERP117672	355	0.9680672268907563	0.9837745516652433
ERP117672	356	0.9515406162464985	0.9751686522175972
ERP117672	357	0.9445378151260504	0.9714779602420052
ERP117672	358	0.9672268907563025	0.9833404527979496
ERP117672	359	0.9439775910364145	0.9711815561959654
ERP117672	360	0.9148459383753501	0.9555295494441194
ERP117672	361	0.8837535014005602	0.9382899628252788
ERP117672	362	0.876750700280112	0.9343283582089552
ERP117672	363	0.9187675070028011	0.9576642335766423
ERP117672	364	0.9705882352941176	0.9850746268656716
ERP117672	365	0.8756302521008403	0.9336917562724014
ERP117672	366	0.926890756302521	0.9620584387265592
ERP117672	367	0.9490196078431372	0.9738430583501005
ERP117672	368	0.9338935574229692	0.9658169177288528
ERP117672	369	0.9330532212885154	0.9653673380669469
ERP117672	370	0.9070028011204482	0.9512338425381904
ERP117672	371	0.9431372549019608	0.970736629667003
ERP117672	372	0.938655462184874	0.9683571738188123
ERP117672	373	0.9658263305322129	0.9826161299515531
ERP117672	374	0.9207282913165266	0.9587283068397259
ERP117672	375	0.9159663865546218	0.9561403508771931
ERP117672	376	0.9235294117647059	0.9602446483180428
ERP117672	377	0.8753501400560224	0.9335324869305451
ERP117672	378	0.9313725490196079	0.9644670050761421
ERP117672	379	0.9523809523809523	0.975609756097561
ERP117672	380	0.9282913165266107	0.9628123184195235
ERP117672	381	0.9509803921568627	0.9748743718592965
ERP117672	382	0.9072829131652661	0.9513878689969159
ERP117672	383	0.915126050420168	0.9556823168056165
ERP117672	384	0.9677871148459384	0.9836298932384341
ERP117672	385	0.9072829131652661	0.9513878689969159
ERP117672	386	0.9591036414565827	0.9791249642550758
ERP117672	387	0.9333333333333333	0.9655172413793104
ERP117672	388	0.9641456582633053	0.9817455790074158
ERP117672	389	0.9221288515406163	0.9594870300204023
ERP117672	390	0.9330532212885154	0.9653673380669469
ERP117672	391	0.9571428571428572	0.9781021897810218
ERP117672	392	0.9201680672268907	0.9584245076586434
ERP117672	393	0.9229691876750701	0.9599417334304443
ERP117672	394	0.9266106442577031	0.961907531259087
ERP117672	395	0.9162464985994397	0.9562929396287093
ERP117672	396	0.9624649859943978	0.9808735369683128
ERP117672	397	0.9543417366946779	0.9766375232908127
ERP117672	398	0.9683473389355742	0.9839191689198804
ERP117672	399	0.9627450980392157	0.981018981018981
ERP117672	400	0.9450980392156862	0.9717741935483871
ERP117672	401	0.9725490196078431	0.9860834990059641
ERP117672	402	0.9389355742296919	0.9685062120774343
ERP117672	403	0.9509803921568627	0.9748743718592965
ERP117672	404	0.9585434173669468	0.97883295194508
ERP117672	405	0.9434173669467787	0.9708849812626117
ERP117672	406	0.9644257703081233	0.9818907742763439
ERP117672	407	0.8887955182072829	0.9411241287260863
ERP117672	408	0.9596638655462185	0.9794168096054888
ERP117672	409	0.9450980392156862	0.9717741935483871
ERP117672	410	0.9022408963585434	0.9486084523634223
ERP117672	411	0.9599439775910364	0.9795626697155924
ERP117672	412	0.9504201680672268	0.974579922447221
ERP117672	413	0.9481792717086834	0.9734004313443566
ERP117672	414	0.9613445378151261	0.9802913453299057
ERP117672	415	0.9092436974789916	0.9524647887323944
ERP117672	416	0.9170868347338935	0.9567504383401519
ERP117672	417	0.9254901960784314	0.9613034623217923
ERP117672	418	0.9378151260504202	0.9679098005203816
ERP117672	419	0.9176470588235294	0.9570552147239264
ERP117672	420	0.9593837535014006	0.9792709077912795
ERP117672	421	0.9445378151260504	0.9714779602420052
ERP117672	422	0.8969187675070028	0.945658594211459
ERP117672	423	0.9159663865546218	0.9561403508771931
ERP117672	424	0.9596638655462185	0.9794168096054888
ERP117672	425	0.9633053221288516	0.9813097446140676
ERP117672	426	0.9554621848739496	0.9772238934250107
ERP117672	427	0.969187675070028	0.984352773826458
ERP117672	428	0.9366946778711485	0.9673126988718542
ERP117672	429	0.9414565826330532	0.9698456211224932
ERP117672	430	0.9406162464985994	0.9693995381062356
ERP117672	431	0.9350140056022409	0.9664157498552403
ERP117672	432	0.9294117647058824	0.9634146341463414
ERP117672	433	0.9504201680672268	0.974579922447221
ERP117672	434	0.9464985994397759	0.9725140307957979
ERP117672	435	0.9535014005602241	0.976197304273014
ERP117672	436	0.9361344537815126	0.9670138888888888
ERP117672	437	0.9196078431372549	0.958120531154239
ERP117672	438	0.8935574229691877	0.9437869822485208
ERP117672	439	0.9394957983193277	0.9688041594454073
ERP117672	440	0.9677871148459384	0.9836298932384341
ERP117672	441	0.9436974789915966	0.971033290099438
ERP117672	442	0.9050420168067227	0.9501543890604324
ERP117672	443	0.9	0.9473684210526316
ERP117672	444	0.9204481792717086	0.9585764294049008
ERP117672	445	0.9047619047619048	0.9500000000000001
ERP117672	446	0.9392156862745098	0.9686552072800809
ERP117672	447	0.9464985994397759	0.9725140307957979
ERP117672	448	0.9375350140056022	0.9677605898510915
ERP117672	449	0.934733893557423	0.9662661068481251
ERP117672	450	0.9266106442577031	0.961907531259087
ERP117672	451	0.9131652661064426	0.9546120058565154
ERP117672	452	0.9495798319327731	0.9741379310344828
ERP117672	453	0.9025210084033614	0.9487632508833923
ERP117672	454	0.9198879551820728	0.9582725415815583
ERP117672	455	0.9675070028011205	0.9834851936218678
ERP117672	456	0.9627450980392157	0.981018981018981
ERP117672	457	0.8865546218487395	0.9398663697104677
ERP117672	458	0.9420168067226891	0.9701427953266983
ERP117672	459	0.9355742296918768	0.9667149059334298
ERP117672	460	0.8871148459383753	0.9401810895057147
ERP117672	461	0.9627450980392157	0.981018981018981
ERP117672	462	0.9112044817927171	0.9535394987542137
ERP117672	463	0.8582633053221288	0.9237262586674705
ERP117672	464	0.9492997198879551	0.9739905158787182
ERP117672	465	0.9260504201680673	0.9616055846422339
ERP117672	466	0.926890756302521	0.9620584387265592
ERP117672	467	0.934733893557423	0.9662661068481251
ERP117672	468	0.9602240896358544	0.9797084881394684
ERP117672	469	0.9266106442577031	0.961907531259087
ERP117672	470	0.9467787114845938	0.9726618705035971
ERP117672	471	0.9529411764705882	0.9759036144578312
ERP117672	472	0.9319327731092437	0.9647672901261418
ERP117672	473	0.9285714285714286	0.962962962962963
ERP117672	474	0.9327731092436975	0.9652173913043478
ERP117672	475	0.9316526610644258	0.9646171693735499
ERP117672	476	0.9117647058823529	0.9538461538461539
ERP117672	477	0.9394957983193277	0.9688041594454073
ERP117672	478	0.9504201680672268	0.974579922447221
ERP117672	479	0.9610644257703082	0.980145693472361
ERP117672	480	0.8949579831932774	0.9445676274944569
ERP117672	481	0.9162464985994397	0.9562929396287093
ERP117672	482	0.892436974789916	0.9431616341030197
ERP117672	483	0.8960784313725491	0.9451913133402275
ERP117672	484	0.9602240896358544	0.9797084881394684
ERP117672	485	0.9683473389355742	0.9839191689198804
ERP117672	486	0.9092436974789916	0.9524647887323944
ERP117672	487	0.9142857142857143	0.955223880597015
ERP117672	488	0.9501400560224089	0.9744326343004883
ERP117672	489	0.9478991596638655	0.9732528041415013
ERP117672	490	0.8983193277310925	0.9464364763169545
ERP117672	491	0.9207282913165266	0.9587283068397259
ERP117672	492	0.9218487394957983	0.9593353738522081
ERP117672	493	0.9280112044817928	0.9626616301031528
ERP117672	494	0.9445378151260504	0.9714779602420052
ERP117672	495	0.9291316526610645	0.9632641208073182
ERP117672	496	0.957703081232493	0.9783946201173271
ERP117672	497	0.9221288515406163	0.9594870300204023
ERP117672	498	0.9537815126050421	0.9763440860215054
ERP117672	499	0.957983193277311	0.9785407725321889
ERP117672	500	0.9397759103641457	0.9689530685920578
ERP117672	501	0.9226890756302522	0.9597902097902098
ERP117672	502	0.9254901960784314	0.9613034623217923
ERP117672	503	0.919047619047619	0.9578163771712159
ERP117672	504	0.9084033613445378	0.9520035226772348
ERP117672	505	0.9669467787114846	0.9831956707490743
ERP117672	506	0.9605042016806723	0.979854264894985
ERP117672	507	0.9565826330532213	0.9778095919828202
ERP117672	508	0.9397759103641457	0.9689530685920578
ERP117672	509	0.9030812324929972	0.9490727112157787
ERP117672	510	0.9649859943977591	0.9821810406272273
ERP117672	511	0.9518207282913165	0.9753157290470723
ERP117672	512	0.9215686274509803	0.9591836734693878
ERP117672	513	0.930812324929972	0.9641665457710721
ERP117672	514	0.9246498599439776	0.9608499490612721
ERP117672	515	0.930812324929972	0.9641665457710721
ERP117672	516	0.9456582633053221	0.9720702562625971
ERP117672	517	0.9352941176470588	0.9665653495440729
ERP117672	518	0.9240896358543418	0.9605473868103072
ERP117672	519	0.9288515406162465	0.9631135637525414
ERP117672	520	0.8689075630252101	0.9298561151079137
ERP117672	521	0.949859943977591	0.9742853038356558
ERP117672	522	0.9535014005602241	0.976197304273014
ERP117672	523	0.9439775910364145	0.9711815561959654
ERP117672	524	0.9333333333333333	0.9655172413793104
ERP117672	525	0.9221288515406163	0.9594870300204023
ERP117672	526	0.9708683473389356	0.985218874360432
ERP117672	527	0.9310924369747899	0.9643167972149695
ERP117672	528	0.9047619047619048	0.9500000000000001
ERP117672	529	0.8750700280112045	0.9333731700029877
ERP117672	530	0.9299719887955182	0.9637155297532656
ERP117672	531	0.9226890756302522	0.9597902097902098
ERP117672	532	0.9173669467787114	0.9569028487947407
ERP117672	533	0.9647058823529412	0.9820359281437125
ERP117672	534	0.9464985994397759	0.9725140307957979
ERP117672	535	0.9448179271708683	0.9716260982284315
ERP117672	536	0.9252100840336135	0.9611523352247927
ERP117672	537	0.9193277310924369	0.957968476357268
ERP117672	538	0.9560224089635855	0.9775168265788343
ERP117672	539	0.9053221288515406	0.950308732725669
ERP117672	540	0.9221288515406163	0.9594870300204023
ERP117672	541	0.965266106442577	0.9823261117445837
ERP117672	542	0.9495798319327731	0.9741379310344828
ERP117672	543	0.8848739495798319	0.9389210878288007
ERP117672	544	0.930812324929972	0.9641665457710721
ERP117672	545	0.9537815126050421	0.9763440860215054
ERP117672	546	0.9260504201680673	0.9616055846422339
ERP117672	547	0.8932773109243698	0.9436307146027519
ERP117672	548	0.9672268907563025	0.9833404527979496
ERP117672	549	0.8904761904761904	0.9420654911838791
ERP117672	550	0.9165266106442577	0.9564454837766735
ERP117672	551	0.9263305322128852	0.961756579904028
ERP117672	552	0.8918767507002802	0.9428486822623632
ERP117672	553	0.9014005602240897	0.9481437831467295
ERP117672	554	0.965546218487395	0.9824711415134673
ERP117672	555	0.9507002801120448	0.9747271682940838
ERP117672	556	0.9557422969187676	0.977370380979662
ERP117672	557	0.9277310924369748	0.962510897994769
ERP117672	558	0.9607843137254902	0.98
ERP117672	559	0.9487394957983193	0.9736955584303579
ERP117672	560	0.946218487394958	0.9723661485319516
ERP117672	561	0.911484593837535	0.9536928487690505
ERP117672	562	0.9288515406162465	0.9631135637525414
ERP117672	563	0.9302521008403362	0.9638659120592077
ERP117672	564	0.94593837535014	0.9722182236936807
ERP117672	565	0.927170868347339	0.9622093023255814
ERP117672	566	0.938375350140056	0.9682080924855492
ERP117672	567	0.9669467787114846	0.9831956707490743
ERP117672	568	0.9028011204481793	0.9489180038274695
ERP117672	569	0.9450980392156862	0.9717741935483871
ERP117672	570	0.9011204481792717	0.9479888021217033
ERP117672	571	0.9310924369747899	0.9643167972149695
ERP117672	572	0.9103641456582633	0.9530791788856305
ERP117672	573	0.9406162464985994	0.9693995381062356
ERP117672	574	0.9428571428571428	0.9705882352941176
ERP117672	575	0.8736694677871149	0.9325758708327104
ERP117672	576	0.9613445378151261	0.9802913453299057
ERP117672	577	0.9697478991596639	0.984641638225256
ERP117672	578	0.9361344537815126	0.9670138888888888
ERP117672	579	0.9518207282913165	0.9753157290470723
ERP117672	580	0.9148459383753501	0.9555295494441194
ERP117672	581	0.9602240896358544	0.9797084881394684
ERP117672	582	0.9364145658263305	0.9671633154925503
ERP117672	583	0.9288515406162465	0.9631135637525414
ERP117672	584	0.9207282913165266	0.9587283068397259
ERP117672	585	0.9296918767507003	0.9635651037886486
ERP117672	586	0.9408963585434174	0.9695482753644105
ERP117672	587	0.911484593837535	0.9536928487690505
ERP117672	588	0.9593837535014006	0.9792709077912795
ERP117672	589	0.9336134453781513	0.9656671012603216
ERP117672	590	0.9585434173669468	0.97883295194508
ERP117672	591	0.8848739495798319	0.9389210878288007
ERP117672	592	0.8980392156862745	0.9462809917355373
ERP117672	593	0.8955182072829132	0.9448795625831241
ERP117672	594	0.9742296918767507	0.9869466515323495
ERP117672	595	0.9179271708683473	0.9572075361472178
ERP117672	596	0.9529411764705882	0.9759036144578312
ERP117672	597	0.930812324929972	0.9641665457710721
ERP117672	598	0.9515406162464985	0.9751686522175972
ERP117672	599	0.8820728291316526	0.9373418663491591
ERP117672	600	0.9380952380952381	0.9680589680589681
ERP117672	601	0.9599439775910364	0.9795626697155924
ERP117672	602	0.9117647058823529	0.9538461538461539
ERP117672	603	0.9084033613445378	0.9520035226772348
ERP117672	604	0.9708683473389356	0.985218874360432
ERP117672	605	0.9666666666666667	0.983050847457627
ERP117672	606	0.9288515406162465	0.9631135637525414
ERP117672	607	0.9560224089635855	0.9775168265788343
ERP117672	608	0.9434173669467787	0.9708849812626117
ERP117672	609	0.9605042016806723	0.979854264894985
ERP117672	610	0.9140056022408963	0.9550709790721499
ERP117672	611	0.9215686274509803	0.9591836734693878
ERP117672	612	0.9302521008403362	0.9638659120592077
ERP117672	613	0.8977591036414566	0.9461254612546126
ERP117672	614	0.9507002801120448	0.9747271682940838
ERP117672	615	0.9285714285714286	0.962962962962963
ERP117672	616	0.8792717086834734	0.9357579370994187
ERP117672	617	0.9014005602240897	0.9481437831467295
ERP117672	618	0.9504201680672268	0.974579922447221
ERP117672	619	0.9568627450980393	0.9779559118236473
ERP117672	620	0.9316526610644258	0.9646171693735499
ERP117672	621	0.9406162464985994	0.9693995381062356
ERP117672	622	0.9187675070028011	0.9576642335766423
ERP117672	623	0.8932773109243698	0.9436307146027519
ERP117672	624	0.9322128851540616	0.9649173673528559
ERP117672	625	0.9476190476190476	0.9731051344743276
ERP117672	626	0.9176470588235294	0.9570552147239264
ERP117672	627	0.9310924369747899	0.9643167972149695
ERP117672	628	0.8756302521008403	0.9336917562724014
ERP117672	629	0.9210084033613445	0.9588801399825022
ERP117672	630	0.9509803921568627	0.9748743718592965
ERP117672	631	0.8705882352941177	0.9308176100628931
ERP117672	632	0.8980392156862745	0.9462809917355373
ERP117672	633	0.965546218487395	0.9824711415134673
ERP117672	634	0.9512605042016806	0.975021533161068
ERP117672	635	0.9389355742296919	0.9685062120774343
ERP117672	636	0.8927170868347339	0.9433180405505402
ERP117672	637	0.9131652661064426	0.9546120058565154
ERP117672	638	0.9025210084033614	0.9487632508833923
ERP117672	639	0.9431372549019608	0.970736629667003
ERP117672	640	0.9649859943977591	0.9821810406272273
ERP117672	641	0.8792717086834734	0.9357579370994187
ERP117672	642	0.907563025210084	0.9515418502202644
ERP117672	643	0.9375350140056022	0.9677605898510915
ERP117672	644	0.9420168067226891	0.9701427953266983
ERP117672	645	0.9243697478991597	0.9606986899563319
ERP117672	646	0.9254901960784314	0.9613034623217923
ERP117672	647	0.9537815126050421	0.9763440860215054
ERP117672	648	0.9464985994397759	0.9725140307957979
ERP117672	649	0.9364145658263305	0.9671633154925503
ERP117672	650	0.8918767507002802	0.9428486822623632
ERP117672	651	0.9551820728291317	0.9770773638968481
ERP117672	652	0.9543417366946779	0.9766375232908127
ERP117672	653	0.949859943977591	0.9742853038356558
ERP117672	654	0.9512605042016806	0.975021533161068
ERP117672	655	0.9036414565826331	0.9493819894055328
ERP117672	656	0.8932773109243698	0.9436307146027519
ERP117672	657	0.9666666666666667	0.983050847457627
ERP117672	658	0.8829131652661064	0.9378161261529306
ERP117672	659	0.8876750700280112	0.9404956224959192
ERP117672	660	0.9361344537815126	0.9670138888888888
ERP117672	661	0.938655462184874	0.9683571738188123
ERP117672	662	0.8994397759103642	0.9470579560536795
ERP117672	663	0.957983193277311	0.9785407725321889
ERP117672	664	0.9372549019607843	0.9676113360323887
ERP117672	665	0.942296918767507	0.9702913181424863
ERP117672	666	0.9221288515406163	0.9594870300204023
ERP117672	667	0.9070028011204482	0.9512338425381904
ERP117672	668	0.949859943977591	0.9742853038356558
ERP117672	669	0.9302521008403362	0.9638659120592077
ERP117672	670	0.9526610644257703	0.9757567063548989
ERP117672	671	0.9610644257703082	0.980145693472361
ERP117672	672	0.9350140056022409	0.9664157498552403
ERP117672	673	0.9179271708683473	0.9572075361472178
ERP117672	674	0.8960784313725491	0.9451913133402275
ERP117672	675	0.9610644257703082	0.980145693472361
ERP117672	676	0.938375350140056	0.9682080924855492
ERP117672	677	0.9302521008403362	0.9638659120592077
ERP117672	678	0.9509803921568627	0.9748743718592965
ERP117672	679	0.9011204481792717	0.9479888021217033
ERP117672	680	0.8739495798319328	0.9327354260089686
ERP117672	681	0.9624649859943978	0.9808735369683128
ERP117672	682	0.9198879551820728	0.9582725415815583
ERP117672	683	0.9336134453781513	0.9656671012603216
ERP117672	684	0.8837535014005602	0.9382899628252788
ERP117672	685	0.9128851540616246	0.9544589251720603
ERP117672	686	0.9089635854341737	0.9523110785033015
ERP117672	687	0.9392156862745098	0.9686552072800809
ERP117672	688	0.9431372549019608	0.970736629667003
ERP117672	689	0.9165266106442577	0.9564454837766735
ERP117672	690	0.915406162464986	0.9558350394852296
ERP117672	691	0.8985994397759104	0.9465919150191797
ERP117672	692	0.9366946778711485	0.9673126988718542
ERP117672	693	0.9336134453781513	0.9656671012603216
ERP117672	694	0.9299719887955182	0.9637155297532656
ERP117672	695	0.9526610644257703	0.9757567063548989
ERP117672	696	0.9361344537815126	0.9670138888888888
ERP117672	697	0.9397759103641457	0.9689530685920578
ERP117672	698	0.9554621848739496	0.9772238934250107
ERP117672	699	0.9282913165266107	0.9628123184195235
ERP117672	700	0.9445378151260504	0.9714779602420052
ERP117672	701	0.965546218487395	0.9824711415134673
ERP117672	702	0.9406162464985994	0.9693995381062356
ERP117672	703	0.9411764705882353	0.9696969696969697
ERP117672	704	0.95406162464986	0.9764908256880733
ERP117672	705	0.9280112044817928	0.9626616301031528
ERP117672	706	0.9478991596638655	0.9732528041415013
ERP117672	707	0.934733893557423	0.9662661068481251
ERP117672	708	0.9487394957983193	0.9736955584303579
ERP117672	709	0.9067226890756303	0.9510797708241516
ERP117672	710	0.9591036414565827	0.9791249642550758
ERP117672	711	0.9535014005602241	0.976197304273014
ERP117672	712	0.8775910364145658	0.9348053110547516
ERP117672	713	0.9112044817927171	0.9535394987542137
ERP117672	714	0.9565826330532213	0.9778095919828202
ERP117672	715	0.9221288515406163	0.9594870300204023
ERP117672	716	0.9619047619047619	0.9805825242718447
ERP117672	717	0.8711484593837535	0.9311377245508982
ERP117672	718	0.9333333333333333	0.9655172413793104
ERP117672	719	0.9162464985994397	0.9562929396287093
ERP117672	720	0.9428571428571428	0.9705882352941176
ERP117672	721	0.9448179271708683	0.9716260982284315
ERP117672	722	0.9044817927170868	0.9498455655243419
ERP117672	723	0.9543417366946779	0.9766375232908127
ERP117672	724	0.9408963585434174	0.9695482753644105
ERP117672	725	0.8042016806722689	0.8914764788076386
ERP117672	726	0.95406162464986	0.9764908256880733
ERP117672	727	0.9291316526610645	0.9632641208073182
ERP117672	728	0.9369747899159664	0.9674620390455532
ERP117672	729	0.9369747899159664	0.9674620390455532
ERP117672	730	0.9375350140056022	0.9677605898510915
ERP117672	731	0.9420168067226891	0.9701427953266983
ERP117672	732	0.8641456582633054	0.927122464312547
ERP117672	733	0.9666666666666667	0.983050847457627
ERP117672	734	0.915406162464986	0.9558350394852296
ERP117672	735	0.9464985994397759	0.9725140307957979
ERP117672	736	0.9260504201680673	0.9616055846422339
ERP117672	737	0.9022408963585434	0.9486084523634223
ERP117672	738	0.9613445378151261	0.9802913453299057
ERP117672	739	0.8789915966386554	0.9355992844364938
ERP117672	740	0.8913165266106443	0.9425355450236967
ERP117672	741	0.9641456582633053	0.9817455790074158
ERP117672	742	0.9389355742296919	0.9685062120774343
ERP117672	743	0.8871148459383753	0.9401810895057147
ERP117672	744	0.9635854341736695	0.9814550641940085
ERP117672	745	0.949859943977591	0.9742853038356558
ERP117672	746	0.8560224089635854	0.9224268035013582
ERP117672	747	0.9408963585434174	0.9695482753644105
ERP117672	748	0.9607843137254902	0.98
ERP117672	749	0.9364145658263305	0.9671633154925503
ERP117672	750	0.9254901960784314	0.9613034623217923
ERP117672	751	0.9070028011204482	0.9512338425381904
ERP117672	752	0.9705882352941176	0.9850746268656716
ERP117672	753	0.9599439775910364	0.9795626697155924
ERP117672	754	0.9053221288515406	0.950308732725669
ERP117672	755	0.949859943977591	0.9742853038356558
ERP117672	756	0.9159663865546218	0.9561403508771931
ERP117672	757	0.9128851540616246	0.9544589251720603
ERP117672	758	0.938655462184874	0.9683571738188123
ERP117672	759	0.9453781512605042	0.9719222462203023
ERP117672	760	0.9350140056022409	0.9664157498552403
ERP117672	761	0.907843137254902	0.9516957862281604
ERP117672	762	0.9333333333333333	0.9655172413793104
ERP117672	763	0.9201680672268907	0.9584245076586434
ERP117672	764	0.9025210084033614	0.9487632508833923
ERP117672	765	0.9450980392156862	0.9717741935483871
ERP117672	766	0.9322128851540616	0.9649173673528559
ERP117672	767	0.9352941176470588	0.9665653495440729
ERP117672	768	0.9095238095238095	0.9526184538653367
ERP117672	769	0.9358543417366947	0.9668644190421067
ERP117672	770	0.8952380952380953	0.9447236180904524
ERP117672	771	0.8980392156862745	0.9462809917355373
ERP117672	772	0.8921568627450981	0.9430051813471504
ERP117672	773	0.8789915966386554	0.9355992844364938
ERP117672	774	0.9184873949579831	0.9575120455540955
ERP117672	775	0.9089635854341737	0.9523110785033015
ERP117672	776	0.9014005602240897	0.9481437831467295
ERP117672	777	0.8974789915966387	0.945969884853853
ERP117672	778	0.9277310924369748	0.962510897994769
ERP117672	779	0.9442577030812325	0.971329779570667
ERP117672	780	0.9305322128851541	0.9640162507254788
ERP117672	781	0.9092436974789916	0.9524647887323944
ERP117672	782	0.9509803921568627	0.9748743718592965
ERP117672	783	0.9565826330532213	0.9778095919828202
ERP117672	784	0.9123249299719888	0.9541526292661492
ERP117672	785	0.9092436974789916	0.9524647887323944
ERP117672	786	0.9523809523809523	0.975609756097561
ERP117672	787	0.9299719887955182	0.9637155297532656
ERP117672	788	0.9246498599439776	0.9608499490612721
ERP117672	789	0.9243697478991597	0.9606986899563319
ERP117672	790	0.9448179271708683	0.9716260982284315
ERP117672	791	0.9168067226890756	0.9565979833406401
ERP117672	792	0.9319327731092437	0.9647672901261418
ERP117672	793	0.9156862745098039	0.9559877175025588
ERP117672	794	0.8943977591036415	0.9442555079106906
ERP117672	795	0.8899159663865546	0.9417518897287683
ERP117672	796	0.8887955182072829	0.9411241287260863
ERP117672	797	0.9378151260504202	0.9679098005203816
ERP117672	798	0.8946778711484594	0.9444115907746896
ERP117672	799	0.9182072829131652	0.9573598130841122
ERP117672	800	0.915126050420168	0.9556823168056165
ERP117672	801	0.9394957983193277	0.9688041594454073
ERP117672	802	0.9081232492997199	0.9518496770405168
ERP117672	803	0.9467787114845938	0.9726618705035971
ERP117672	804	0.9661064425770308	0.9827610770765066
ERP117672	805	0.915406162464986	0.9558350394852296
ERP117672	806	0.938655462184874	0.9683571738188123
ERP117672	807	0.9434173669467787	0.9708849812626117
ERP117672	808	0.9095238095238095	0.9526184538653367
ERP117672	809	0.9168067226890756	0.9565979833406401
ERP117672	810	0.9568627450980393	0.9779559118236473
ERP117672	811	0.9417366946778711	0.96999422965955
ERP117672	812	0.9521008403361344	0.975462763667671
ERP117672	813	0.9470588235294117	0.972809667673716
ERP117672	814	0.9134453781512605	0.9547650417215635
ERP117672	815	0.9403361344537815	0.9692507579038545
ERP117672	816	0.957703081232493	0.9783946201173271
ERP117672	817	0.9254901960784314	0.9613034623217923
ERP117672	818	0.9277310924369748	0.962510897994769
ERP117672	819	0.9148459383753501	0.9555295494441194
ERP117672	820	0.9036414565826331	0.9493819894055328
ERP117672	821	0.9607843137254902	0.98
ERP117672	822	0.9285714285714286	0.962962962962963
ERP117672	823	0.9484593837535014	0.9735480161012076
ERP117672	824	0.9358543417366947	0.9668644190421067
ERP117672	825	0.9742296918767507	0.9869466515323495
ERP117672	826	0.9560224089635855	0.9775168265788343
ERP117672	827	0.8879551820728291	0.9406528189910979
ERP117672	828	0.9400560224089636	0.9691019347386659
ERP117672	829	0.8879551820728291	0.9406528189910979
ERP117672	830	0.8960784313725491	0.9451913133402275
ERP117672	831	0.869467787114846	0.9301768055139347
ERP117672	832	0.9582633053221289	0.9786868831354598
ERP117672	833	0.9431372549019608	0.970736629667003
ERP117672	834	0.8879551820728291	0.9406528189910979
ERP117672	835	0.9173669467787114	0.9569028487947407
ERP117672	836	0.9464985994397759	0.9725140307957979
ERP117672	837	0.9467787114845938	0.9726618705035971
ERP117672	838	0.9134453781512605	0.9547650417215635
ERP117672	839	0.9588235294117647	0.9789789789789789
ERP117672	840	0.9196078431372549	0.958120531154239
ERP117672	841	0.9546218487394958	0.9767841788478073
ERP117672	842	0.8599439775910365	0.924698795180723
ERP117672	843	0.8960784313725491	0.9451913133402275
ERP117672	844	0.9703081232492997	0.9849303383565539
ERP117672	845	0.8955182072829132	0.9448795625831241
ERP117672	846	0.9649859943977591	0.9821810406272273
ERP117672	847	0.8918767507002802	0.9428486822623632
ERP117672	848	0.949859943977591	0.9742853038356558
ERP117672	849	0.9299719887955182	0.9637155297532656
ERP117672	850	0.9201680672268907	0.9584245076586434
ERP117672	851	0.9526610644257703	0.9757567063548989
ERP117672	852	0.915406162464986	0.9558350394852296
ERP117672	853	0.9198879551820728	0.9582725415815583
ERP117672	854	0.9103641456582633	0.9530791788856305
ERP117672	855	0.934453781512605	0.9661164205039097
ERP117672	856	0.9333333333333333	0.9655172413793104
ERP117672	857	0.9355742296918768	0.9667149059334298
ERP117672	858	0.9394957983193277	0.9688041594454073
ERP117672	859	0.9277310924369748	0.962510897994769
ERP117672	860	0.9204481792717086	0.9585764294049008
ERP117672	861	0.9504201680672268	0.974579922447221
ERP117672	862	0.9403361344537815	0.9692507579038545
ERP117672	863	0.9495798319327731	0.9741379310344828
ERP117672	864	0.9686274509803922	0.9840637450199202
ERP117672	865	0.9456582633053221	0.9720702562625971
ERP117672	866	0.9366946778711485	0.9673126988718542
ERP117672	867	0.9341736694677871	0.9659666908037654
ERP117672	868	0.9694677871148459	0.9844972265680557
ERP117672	869	0.8627450980392157	0.9263157894736842
ERP117672	870	0.9212885154061624	0.9590319288526025
ERP117672	871	0.9700280112044818	0.9847860088155836
ERP117672	872	0.9638655462184874	0.9816003423192127
ERP117672	873	0.9596638655462185	0.9794168096054888
ERP117672	874	0.9565826330532213	0.9778095919828202
ERP117672	875	0.9484593837535014	0.9735480161012076
ERP117672	876	0.9582633053221289	0.9786868831354598
ERP117672	877	0.888235294117647	0.940809968847352
ERP117672	878	0.9285714285714286	0.962962962962963
ERP117672	879	0.9406162464985994	0.9693995381062356
ERP117672	880	0.8803921568627451	0.9363920750782064
ERP117672	881	0.9313725490196079	0.9644670050761421
ERP117672	882	0.8907563025210085	0.9422222222222223
ERP117672	883	0.9221288515406163	0.9594870300204023
ERP117672	884	0.9599439775910364	0.9795626697155924
ERP117672	885	0.9176470588235294	0.9570552147239264
ERP117672	886	0.9170868347338935	0.9567504383401519
ERP117672	887	0.9515406162464985	0.9751686522175972
ERP117672	888	0.9126050420168067	0.9543057996485061
ERP117672	889	0.9324929971988796	0.9650674010726192
ERP117672	890	0.907843137254902	0.9516957862281604
ERP117672	891	0.8915966386554622	0.9426921368280765
ERP117672	892	0.9193277310924369	0.957968476357268
ERP117672	893	0.9361344537815126	0.9670138888888888
ERP117672	894	0.938375350140056	0.9682080924855492
ERP117672	895	0.9495798319327731	0.9741379310344828
ERP117672	896	0.9661064425770308	0.9827610770765066
ERP117672	897	0.9624649859943978	0.9808735369683128
ERP117672	898	0.95406162464986	0.9764908256880733
ERP117672	899	0.9403361344537815	0.9692507579038545
ERP117672	900	0.9299719887955182	0.9637155297532656
ERP117672	901	0.9224089635854342	0.9596386419932974
ERP117672	902	0.9235294117647059	0.9602446483180428
ERP117672	903	0.9067226890756303	0.9510797708241516
ERP117672	904	0.9436974789915966	0.971033290099438
ERP117672	905	0.9450980392156862	0.9717741935483871
ERP117672	906	0.8705882352941177	0.9308176100628931
ERP117672	907	0.9442577030812325	0.971329779570667
ERP117672	908	0.9414565826330532	0.9698456211224932
ERP117672	909	0.8929971988795519	0.9434744007102694
ERP117672	910	0.9117647058823529	0.9538461538461539
ERP117672	911	0.8966386554621849	0.9455028799291095
ERP117672	912	0.9378151260504202	0.9679098005203816
ERP117672	913	0.9305322128851541	0.9640162507254788
ERP117672	914	0.9434173669467787	0.9708849812626117
ERP117672	915	0.9324929971988796	0.9650674010726192
ERP117672	916	0.9414565826330532	0.9698456211224932
ERP117672	917	0.9330532212885154	0.9653673380669469
ERP117672	918	0.907563025210084	0.9515418502202644
ERP117672	919	0.9473389355742297	0.9729574223245109
ERP117672	920	0.9602240896358544	0.9797084881394684
ERP117672	921	0.9184873949579831	0.9575120455540955
ERP117672	922	0.9212885154061624	0.9590319288526025
ERP117672	923	0.9546218487394958	0.9767841788478073
ERP117672	924	0.9378151260504202	0.9679098005203816
ERP117672	925	0.9369747899159664	0.9674620390455532
ERP117672	926	0.9568627450980393	0.9779559118236473
ERP117672	927	0.9448179271708683	0.9716260982284315
ERP117672	928	0.9106442577030812	0.9532326638322827
ERP117672	929	0.9285714285714286	0.962962962962963
ERP117672	930	0.9047619047619048	0.9500000000000001
ERP117672	931	0.9515406162464985	0.9751686522175972
ERP117672	932	0.9137254901960784	0.9549180327868853
ERP117672	933	0.8789915966386554	0.9355992844364938
ERP117672	934	0.957983193277311	0.9785407725321889
ERP117672	935	0.9022408963585434	0.9486084523634223
ERP117672	936	0.9481792717086834	0.9734004313443566
ERP117672	937	0.9378151260504202	0.9679098005203816
ERP117672	938	0.9501400560224089	0.9744326343004883
ERP117672	939	0.9549019607843138	0.9769307923771313
ERP117672	940	0.9364145658263305	0.9671633154925503
ERP117672	941	0.9406162464985994	0.9693995381062356
ERP117672	942	0.9375350140056022	0.9677605898510915
ERP117672	943	0.8971988795518208	0.945814262512919
ERP117672	944	0.9313725490196079	0.9644670050761421
ERP117672	945	0.9375350140056022	0.9677605898510915
ERP117672	946	0.9033613445378151	0.9492273730684327
ERP117672	947	0.9282913165266107	0.9628123184195235
ERP117672	948	0.9341736694677871	0.9659666908037654
ERP117672	949	0.9120448179271708	0.953999414005274
ERP117672	950	0.9439775910364145	0.9711815561959654
ERP117672	951	0.9162464985994397	0.9562929396287093
ERP117672	952	0.8997198879551821	0.9472132114420525
ERP117672	953	0.9403361344537815	0.9692507579038545
ERP117672	954	0.9621848739495799	0.9807280513918629
ERP117672	955	0.9501400560224089	0.9744326343004883
ERP117672	956	0.9521008403361344	0.975462763667671
ERP117672	957	0.9571428571428572	0.9781021897810218
ERP117672	958	0.9473389355742297	0.9729574223245109
ERP117672	959	0.9165266106442577	0.9564454837766735
ERP117672	960	0.9266106442577031	0.961907531259087
ERP117672	961	0.942296918767507	0.9702913181424863
ERP117672	962	0.9148459383753501	0.9555295494441194
ERP117672	963	0.8971988795518208	0.945814262512919
ERP117672	964	0.9487394957983193	0.9736955584303579
ERP117672	965	0.9338935574229692	0.9658169177288528
ERP117672	966	0.896358543417367	0.9453471196454949
ERP117672	967	0.9400560224089636	0.9691019347386659
ERP117672	968	0.9560224089635855	0.9775168265788343
ERP117672	969	0.9470588235294117	0.972809667673716
ERP117672	970	0.9442577030812325	0.971329779570667
ERP117672	971	0.915406162464986	0.9558350394852296
ERP117672	972	0.9218487394957983	0.9593353738522081
ERP117672	973	0.9492997198879551	0.9739905158787182
ERP117672	974	0.9473389355742297	0.9729574223245109
ERP117672	975	0.9296918767507003	0.9635651037886486
ERP117672	976	0.9254901960784314	0.9613034623217923
ERP117672	977	0.9484593837535014	0.9735480161012076
ERP117672	978	0.8955182072829132	0.9448795625831241
ERP117672	979	0.9369747899159664	0.9674620390455532
ERP117672	980	0.9084033613445378	0.9520035226772348
ERP117672	981	0.934453781512605	0.9661164205039097
ERP117672	982	0.9680672268907563	0.9837745516652433
ERP117672	983	0.9434173669467787	0.9708849812626117
ERP117672	984	0.9313725490196079	0.9644670050761421
ERP117672	985	0.9523809523809523	0.975609756097561
ERP117672	986	0.9243697478991597	0.9606986899563319
ERP117672	987	0.9187675070028011	0.9576642335766423
ERP117672	988	0.907843137254902	0.9516957862281604
ERP117672	989	0.911484593837535	0.9536928487690505
ERP117672	990	0.9605042016806723	0.979854264894985
ERP117672	991	0.8873949579831932	0.9403383793410507
ERP117672	992	0.9257703081232493	0.9614545454545455
ERP117672	993	0.919047619047619	0.9578163771712159
ERP117672	994	0.9397759103641457	0.9689530685920578
ERP117672	995	0.9501400560224089	0.9744326343004883
ERP117672	996	0.915126050420168	0.9556823168056165
ERP117672	997	0.9425770308123249	0.9704397981254506
ERP117672	998	0.8896358543417366	0.9415950192706789
ERP117672	999	0.9226890756302522	0.9597902097902098
ERP117672	1000	0.9551820728291317	0.9770773638968481
ERP117672	1001	0.9187675070028011	0.9576642335766423
ERP117672	1002	0.9350140056022409	0.9664157498552403
ERP117672	1003	0.9226890756302522	0.9597902097902098
ERP117672	1004	0.9675070028011205	0.9834851936218678
ERP117672	1005	0.9619047619047619	0.9805825242718447
ERP117672	1006	0.9442577030812325	0.971329779570667
ERP117672	1007	0.9602240896358544	0.9797084881394684
ERP117672	1008	0.8991596638655462	0.9469026548672567
ERP117672	1009	0.9535014005602241	0.976197304273014
ERP117672	1010	0.9546218487394958	0.9767841788478073
ERP117672	1011	0.9042016806722689	0.9496910856134158
ERP117672	1012	0.9619047619047619	0.9805825242718447
ERP117672	1013	0.9070028011204482	0.9512338425381904
ERP117672	1014	0.9182072829131652	0.9573598130841122
ERP117672	1015	0.9560224089635855	0.9775168265788343
ERP117672	1016	0.9635854341736695	0.9814550641940085
ERP117672	1017	0.8795518207282913	0.9359165424739195
ERP117672	1018	0.938655462184874	0.9683571738188123
ERP117672	1019	0.9350140056022409	0.9664157498552403
ERP117672	1020	0.9397759103641457	0.9689530685920578
ERP117672	1021	0.9568627450980393	0.9779559118236473
ERP117672	1022	0.9574229691876751	0.9782484258729249
ERP117672	1023	0.9507002801120448	0.9747271682940838
ERP117672	1024	0.927170868347339	0.9622093023255814
ERP117672	1025	0.9568627450980393	0.9779559118236473
ERP117672	1026	0.9554621848739496	0.9772238934250107
ERP117672	1027	0.8747899159663866	0.9332138054683998
ERP117672	1028	0.9420168067226891	0.9701427953266983
ERP117672	1029	0.9333333333333333	0.9655172413793104
ERP117672	1030	0.9481792717086834	0.9734004313443566
ERP117672	1031	0.9529411764705882	0.9759036144578312
ERP117672	1032	0.9296918767507003	0.9635651037886486
ERP117672	1033	0.9557422969187676	0.977370380979662
ERP117672	1034	0.930812324929972	0.9641665457710721
ERP117672	1035	0.9434173669467787	0.9708849812626117
ERP117672	1036	0.9358543417366947	0.9668644190421067
ERP117672	1037	0.8708683473389356	0.9309776912711484
ERP117672	1038	0.9565826330532213	0.9778095919828202
ERP117672	1039	0.869467787114846	0.9301768055139347
ERP117672	1040	0.9476190476190476	0.9731051344743276
ERP117672	1041	0.9624649859943978	0.9808735369683128
ERP117672	1042	0.9372549019607843	0.9676113360323887
ERP117672	1043	0.9173669467787114	0.9569028487947407
ERP117672	1044	0.9596638655462185	0.9794168096054888
ERP117672	1045	0.9411764705882353	0.9696969696969697
ERP117672	1046	0.9647058823529412	0.9820359281437125
ERP117672	1047	0.9299719887955182	0.9637155297532656
ERP117672	1048	0.8966386554621849	0.9455028799291095
ERP117672	1049	0.9436974789915966	0.971033290099438
ERP117672	1050	0.9257703081232493	0.9614545454545455
ERP117672	1051	0.9518207282913165	0.9753157290470723
ERP117672	1052	0.923249299719888	0.9600932129332945
ERP117672	1053	0.9473389355742297	0.9729574223245109
ERP117672	1054	0.8893557422969187	0.9414381022979985
ERP117672	1055	0.9420168067226891	0.9701427953266983
ERP117672	1056	0.9406162464985994	0.9693995381062356
ERP117672	1057	0.9803921568627451	0.99009900990099
ERP117672	1058	0.9568627450980393	0.9779559118236473
ERP117672	1059	0.9117647058823529	0.9538461538461539
ERP117672	1060	0.9338935574229692	0.9658169177288528
ERP117672	1061	0.9554621848739496	0.9772238934250107
ERP117672	1062	0.9375350140056022	0.9677605898510915
ERP117672	1063	0.9571428571428572	0.9781021897810218
ERP117672	1064	0.9526610644257703	0.9757567063548989
ERP117672	1065	0.9568627450980393	0.9779559118236473
ERP117672	1066	0.8663865546218488	0.9284106258442143
ERP117672	1067	0.9543417366946779	0.9766375232908127
ERP117672	1068	0.9380952380952381	0.9680589680589681
ERP117672	1069	0.9719887955182073	0.9857954545454545
ERP117672	1070	0.892436974789916	0.9431616341030197
ERP117672	1071	0.892436974789916	0.9431616341030197
ERP117672	1072	0.9624649859943978	0.9808735369683128
ERP117672	1073	0.9092436974789916	0.9524647887323944
ERP117672	1074	0.934453781512605	0.9661164205039097
ERP117672	1075	0.9361344537815126	0.9670138888888888
ERP117672	1076	0.949859943977591	0.9742853038356558
ERP117672	1077	0.9084033613445378	0.9520035226772348
ERP117672	1078	0.9109243697478991	0.9533861037818822
ERP117672	1079	0.9686274509803922	0.9840637450199202
ERP117672	1080	0.865546218487395	0.927927927927928
ERP117672	1081	0.9394957983193277	0.9688041594454073
ERP117672	1082	0.907563025210084	0.9515418502202644
ERP117672	1083	0.919047619047619	0.9578163771712159
ERP117672	1084	0.9414565826330532	0.9698456211224932
ERP117672	1085	0.9210084033613445	0.9588801399825022
ERP117672	1086	0.9649859943977591	0.9821810406272273
ERP117672	1087	0.9366946778711485	0.9673126988718542
ERP117672	1088	0.9372549019607843	0.9676113360323887
ERP117672	1089	0.9484593837535014	0.9735480161012076
ERP117672	1090	0.9551820728291317	0.9770773638968481
ERP117672	1091	0.9022408963585434	0.9486084523634223
ERP117672	1092	0.934733893557423	0.9662661068481251
ERP117672	1093	0.8750700280112045	0.9333731700029877
ERP117672	1094	0.9481792717086834	0.9734004313443566
ERP117672	1095	0.8756302521008403	0.9336917562724014
ERP117672	1096	0.9408963585434174	0.9695482753644105
ERP117672	1097	0.915406162464986	0.9558350394852296
ERP117672	1098	0.9215686274509803	0.9591836734693878
ERP117672	1099	0.9436974789915966	0.971033290099438
ERP117672	1100	0.95406162464986	0.9764908256880733
ERP117672	1101	0.9109243697478991	0.9533861037818822
ERP117672	1102	0.8313725490196079	0.9079229122055674
ERP117672	1103	0.9137254901960784	0.9549180327868853
ERP117672	1104	0.8658263305322129	0.9280888755442126
ERP117672	1105	0.8885154061624649	0.9409670720854345
ERP117672	1106	0.9588235294117647	0.9789789789789789
ERP117672	1107	0.9226890756302522	0.9597902097902098
ERP117672	1108	0.9663865546218487	0.9829059829059829
ERP117672	1109	0.9014005602240897	0.9481437831467295
ERP117672	1110	0.9619047619047619	0.9805825242718447
ERP117672	1111	0.8887955182072829	0.9411241287260863
ERP117672	1112	0.9274509803921569	0.9623601220752798
ERP117672	1113	0.9106442577030812	0.9532326638322827
ERP117672	1114	0.9352941176470588	0.9665653495440729
ERP117672	1115	0.9358543417366947	0.9668644190421067
ERP117672	1116	0.8935574229691877	0.9437869822485208
ERP117672	1117	0.9120448179271708	0.953999414005274
ERP117672	1118	0.8675070028011205	0.9290535473226339
ERP117672	1119	0.9282913165266107	0.9628123184195235
ERP117672	1120	0.9330532212885154	0.9653673380669469
ERP117672	1121	0.9238095238095239	0.9603960396039605
ERP117672	1122	0.9635854341736695	0.9814550641940085
ERP117672	1123	0.9582633053221289	0.9786868831354598
ERP117672	1124	0.942296918767507	0.9702913181424863
ERP117672	1125	0.9375350140056022	0.9677605898510915
ERP117672	1126	0.8865546218487395	0.9398663697104677
ERP117672	1127	0.9571428571428572	0.9781021897810218
ERP117672	1128	0.949859943977591	0.9742853038356558
ERP117672	1129	0.9450980392156862	0.9717741935483871
ERP117672	1130	0.8985994397759104	0.9465919150191797
ERP117672	1131	0.8683473389355743	0.9295352323838081
ERP117672	1132	0.9512605042016806	0.975021533161068
ERP117672	1133	0.9358543417366947	0.9668644190421067
ERP117672	1134	0.9599439775910364	0.9795626697155924
ERP117672	1135	0.957703081232493	0.9783946201173271
ERP117672	1136	0.9414565826330532	0.9698456211224932
ERP117672	1137	0.9330532212885154	0.9653673380669469
ERP117672	1138	0.9450980392156862	0.9717741935483871
ERP117672	1139	0.9537815126050421	0.9763440860215054
ERP117672	1140	0.8815126050420168	0.9370254577936579
ERP117672	1141	0.926890756302521	0.9620584387265592
ERP117672	1142	0.9619047619047619	0.9805825242718447
ERP117672	1143	0.9319327731092437	0.9647672901261418
ERP117672	1144	0.9512605042016806	0.975021533161068
ERP117672	1145	0.9184873949579831	0.9575120455540955
ERP117672	1146	0.9095238095238095	0.9526184538653367
ERP117672	1147	0.9585434173669468	0.97883295194508
ERP117672	1148	0.9504201680672268	0.974579922447221
ERP117672	1149	0.9490196078431372	0.9738430583501005
ERP117672	1150	0.8966386554621849	0.9455028799291095
ERP117672	1151	0.9098039215686274	0.9527720739219713
ERP117672	1152	0.946218487394958	0.9723661485319516
ERP117672	1153	0.9162464985994397	0.9562929396287093
ERP117672	1154	0.9574229691876751	0.9782484258729249
ERP117672	1155	0.8994397759103642	0.9470579560536795
ERP117672	1156	0.9535014005602241	0.976197304273014
ERP117672	1157	0.9582633053221289	0.9786868831354598
ERP117672	1158	0.907563025210084	0.9515418502202644
ERP117672	1159	0.9358543417366947	0.9668644190421067
ERP117672	1160	0.8593837535014006	0.9243748116902681
ERP117672	1161	0.9549019607843138	0.9769307923771313
ERP117672	1162	0.9313725490196079	0.9644670050761421
ERP117672	1163	0.9448179271708683	0.9716260982284315
ERP117672	1164	0.9159663865546218	0.9561403508771931
ERP117672	1165	0.9554621848739496	0.9772238934250107
ERP117672	1166	0.8669467787114846	0.9287321830457614
ERP117672	1167	0.9630252100840336	0.9811643835616438
ERP117672	1168	0.927170868347339	0.9622093023255814
ERP117672	1169	0.9588235294117647	0.9789789789789789
ERP117672	1170	0.9336134453781513	0.9656671012603216
ERP117672	1171	0.9711484593837535	0.9853630808583203
ERP117672	1172	0.946218487394958	0.9723661485319516
ERP117672	1173	0.9173669467787114	0.9569028487947407
ERP117672	1174	0.8753501400560224	0.9335324869305451
ERP117672	1175	0.9408963585434174	0.9695482753644105
ERP117672	1176	0.9560224089635855	0.9775168265788343
ERP117672	1177	0.9056022408963585	0.9504630310157284
ERP117672	1178	0.9669467787114846	0.9831956707490743
ERP117672	1179	0.9442577030812325	0.971329779570667
ERP117672	1180	0.9240896358543418	0.9605473868103072
ERP117672	1181	0.9593837535014006	0.9792709077912795
ERP117672	1182	0.9210084033613445	0.9588801399825022
ERP117672	1183	0.957703081232493	0.9783946201173271
ERP117672	1184	0.9005602240896359	0.9476787030213707
ERP117672	1185	0.9296918767507003	0.9635651037886486
ERP117672	1186	0.9694677871148459	0.9844972265680557
ERP117672	1187	0.965546218487395	0.9824711415134673
ERP117672	1188	0.9588235294117647	0.9789789789789789
ERP117672	1189	0.942296918767507	0.9702913181424863
ERP117672	1190	0.8991596638655462	0.9469026548672567
ERP117672	1191	0.9551820728291317	0.9770773638968481
ERP117672	1192	0.9450980392156862	0.9717741935483871
ERP117672	1193	0.9512605042016806	0.975021533161068
ERP117672	1194	0.9406162464985994	0.9693995381062356
ERP117672	1195	0.9380952380952381	0.9680589680589681
ERP117672	1196	0.9529411764705882	0.9759036144578312
ERP117672	1197	0.9627450980392157	0.981018981018981
ERP117672	1198	0.9546218487394958	0.9767841788478073
ERP117672	1199	0.938655462184874	0.9683571738188123
ERP117672	1200	0.9526610644257703	0.9757567063548989
ERP117672	1201	0.9431372549019608	0.970736629667003
ERP117672	1202	0.9341736694677871	0.9659666908037654
ERP117672	1203	0.9	0.9473684210526316
ERP117672	1204	0.896358543417367	0.9453471196454949
ERP117672	1205	0.9204481792717086	0.9585764294049008
ERP117672	1206	0.9490196078431372	0.9738430583501005
ERP117672	1207	0.9591036414565827	0.9791249642550758
ERP117672	1208	0.9294117647058824	0.9634146341463414
ERP117672	1209	0.9252100840336135	0.9611523352247927
ERP117672	1210	0.9574229691876751	0.9782484258729249
ERP117672	1211	0.9470588235294117	0.972809667673716
ERP117672	1212	0.934453781512605	0.9661164205039097
ERP117672	1213	0.9467787114845938	0.9726618705035971
ERP117672	1214	0.9680672268907563	0.9837745516652433
ERP117672	1215	0.9549019607843138	0.9769307923771313
ERP117672	1216	0.9173669467787114	0.9569028487947407
ERP117672	1217	0.9588235294117647	0.9789789789789789
ERP117672	1218	0.8733893557422969	0.9324162679425837
ERP117672	1219	0.9212885154061624	0.9590319288526025
ERP117672	1220	0.9173669467787114	0.9569028487947407
ERP117672	1221	0.9509803921568627	0.9748743718592965
ERP117672	1222	0.9366946778711485	0.9673126988718542
ERP117672	1223	0.9302521008403362	0.9638659120592077
ERP117672	1224	0.8745098039215686	0.9330543933054394
ERP117672	1225	0.9504201680672268	0.974579922447221
ERP117672	1226	0.9394957983193277	0.9688041594454073
ERP117672	1227	0.9492997198879551	0.9739905158787182
ERP117672	1228	0.9324929971988796	0.9650674010726192
ERP117672	1229	0.9456582633053221	0.9720702562625971
ERP117672	1230	0.8854341736694678	0.9392363690387758
ERP117672	1231	0.9602240896358544	0.9797084881394684
ERP117672	1232	0.9389355742296919	0.9685062120774343
ERP117672	1233	0.9389355742296919	0.9685062120774343
ERP117672	1234	0.9565826330532213	0.9778095919828202
ERP117672	1235	0.9333333333333333	0.9655172413793104
ERP117672	1236	0.938375350140056	0.9682080924855492
ERP117672	1237	0.8717086834733894	0.9314576474109548
ERP117672	1238	0.8666666666666667	0.9285714285714286
ERP117672	1239	0.9476190476190476	0.9731051344743276
ERP117672	1240	0.8549019607843137	0.9217758985200845
ERP117672	1241	0.9243697478991597	0.9606986899563319
ERP117672	1242	0.9350140056022409	0.9664157498552403
ERP117672	1243	0.9417366946778711	0.96999422965955
ERP117672	1244	0.8809523809523809	0.9367088607594937
ERP117672	1245	0.9557422969187676	0.977370380979662
ERP117672	1246	0.9490196078431372	0.9738430583501005
ERP117672	1247	0.8907563025210085	0.9422222222222223
ERP117672	1248	0.9134453781512605	0.9547650417215635
ERP117672	1249	0.923249299719888	0.9600932129332945
ERP117672	1250	0.9033613445378151	0.9492273730684327
ERP117672	1251	0.9280112044817928	0.9626616301031528
ERP117672	1252	0.8764705882352941	0.9341692789968652
ERP117672	1253	0.9403361344537815	0.9692507579038545
ERP117672	1254	0.9056022408963585	0.9504630310157284
ERP117672	1255	0.9599439775910364	0.9795626697155924
ERP117672	1256	0.9380952380952381	0.9680589680589681
ERP117672	1257	0.938375350140056	0.9682080924855492
ERP117672	1258	0.9394957983193277	0.9688041594454073
ERP117672	1259	0.9417366946778711	0.96999422965955
ERP117672	1260	0.9436974789915966	0.971033290099438
ERP117672	1261	0.8644257703081233	0.9272836538461539
ERP117672	1262	0.9425770308123249	0.9704397981254506
ERP117672	1263	0.8795518207282913	0.9359165424739195
ERP117672	1264	0.9481792717086834	0.9734004313443566
ERP117672	1265	0.9333333333333333	0.9655172413793104
ERP117672	1266	0.9285714285714286	0.962962962962963
ERP117672	1267	0.8980392156862745	0.9462809917355373
ERP117672	1268	0.8935574229691877	0.9437869822485208
ERP117672	1269	0.9336134453781513	0.9656671012603216
ERP117672	1270	0.9274509803921569	0.9623601220752798
ERP117672	1271	0.9596638655462185	0.9794168096054888
ERP117672	1272	0.923249299719888	0.9600932129332945
ERP117672	1273	0.9574229691876751	0.9782484258729249
ERP117672	1274	0.9184873949579831	0.9575120455540955
ERP117672	1275	0.9523809523809523	0.975609756097561
ERP117672	1276	0.9131652661064426	0.9546120058565154
ERP117672	1277	0.9543417366946779	0.9766375232908127
ERP117672	1278	0.9574229691876751	0.9782484258729249
ERP117672	1279	0.9453781512605042	0.9719222462203023
ERP117672	1280	0.9613445378151261	0.9802913453299057
ERP117672	1281	0.9647058823529412	0.9820359281437125
ERP117672	1282	0.9417366946778711	0.96999422965955
ERP117672	1283	0.9350140056022409	0.9664157498552403
ERP117672	1284	0.869187675070028	0.9300164843398772
ERP117672	1285	0.8591036414565826	0.9242127467229169
ERP117672	1286	0.9341736694677871	0.9659666908037654
ERP117672	1287	0.9563025210084034	0.9776632302405498
ERP117672	1288	0.9585434173669468	0.97883295194508
ERP117672	1289	0.9061624649859944	0.9507714915503307
ERP117672	1290	0.9467787114845938	0.9726618705035971
ERP117672	1291	0.9526610644257703	0.9757567063548989
ERP117672	1292	0.9159663865546218	0.9561403508771931
ERP117672	1293	0.9316526610644258	0.9646171693735499
ERP117672	1294	0.9756302521008403	0.9876648234793705
ERP117672	1295	0.9411764705882353	0.9696969696969697
ERP117672	1296	0.934453781512605	0.9661164205039097
ERP117672	1297	0.9478991596638655	0.9732528041415013
ERP117672	1298	0.9380952380952381	0.9680589680589681
ERP117672	1299	0.9296918767507003	0.9635651037886486
ERP117672	1300	0.9291316526610645	0.9632641208073182
ERP117672	1301	0.9123249299719888	0.9541526292661492
ERP117672	1302	0.9103641456582633	0.9530791788856305
ERP117672	1303	0.9557422969187676	0.977370380979662
ERP117672	1304	0.8747899159663866	0.9332138054683998
ERP117672	1305	0.9187675070028011	0.9576642335766423
ERP117672	1306	0.9705882352941176	0.9850746268656716
ERP117672	1307	0.938655462184874	0.9683571738188123
ERP117672	1308	0.969187675070028	0.984352773826458
ERP117672	1309	0.9106442577030812	0.9532326638322827
ERP117672	1310	0.9274509803921569	0.9623601220752798
ERP117672	1311	0.9507002801120448	0.9747271682940838
ERP117672	1312	0.9571428571428572	0.9781021897810218
ERP117672	1313	0.9394957983193277	0.9688041594454073
ERP117672	1314	0.9100840336134454	0.9529256489221294
ERP117672	1315	0.8949579831932774	0.9445676274944569
ERP117672	1316	0.9512605042016806	0.975021533161068
ERP117672	1317	0.9235294117647059	0.9602446483180428
ERP117672	1318	0.9294117647058824	0.9634146341463414
ERP117672	1319	0.938655462184874	0.9683571738188123
ERP117672	1320	0.9249299719887956	0.9610011641443539
ERP117672	1321	0.9380952380952381	0.9680589680589681
ERP117672	1322	0.9280112044817928	0.9626616301031528
ERP117672	1323	0.9448179271708683	0.9716260982284315
ERP117672	1324	0.9417366946778711	0.96999422965955
ERP117672	1325	0.9442577030812325	0.971329779570667
ERP117672	1326	0.934453781512605	0.9661164205039097
ERP117672	1327	0.9313725490196079	0.9644670050761421
ERP117672	1328	0.9389355742296919	0.9685062120774343
ERP117672	1329	0.9030812324929972	0.9490727112157787
ERP117672	1330	0.8798319327731092	0.9360751005811354
ERP117672	1331	0.934453781512605	0.9661164205039097
ERP117672	1332	0.8901960784313725	0.941908713692946
ERP117672	1333	0.9445378151260504	0.9714779602420052
ERP117672	1334	0.9565826330532213	0.9778095919828202
ERP117672	1335	0.9739495798319328	0.9868028948488718
ERP117672	1336	0.9624649859943978	0.9808735369683128
ERP117672	1337	0.9478991596638655	0.9732528041415013
ERP117672	1338	0.9408963585434174	0.9695482753644105
ERP117672	1339	0.9378151260504202	0.9679098005203816
ERP117672	1340	0.9504201680672268	0.974579922447221
ERP117672	1341	0.9591036414565827	0.9791249642550758
ERP117672	1342	0.8985994397759104	0.9465919150191797
ERP117672	1343	0.903921568627451	0.9495365602471679
ERP117672	1344	0.9123249299719888	0.9541526292661492
ERP117672	1345	0.9490196078431372	0.9738430583501005
ERP117672	1346	0.9184873949579831	0.9575120455540955
ERP117672	1347	0.884593837535014	0.9387633769322236
ERP117672	1348	0.9420168067226891	0.9701427953266983
ERP117672	1349	0.9316526610644258	0.9646171693735499
ERP117672	1350	0.9277310924369748	0.962510897994769
ERP117672	1351	0.957703081232493	0.9783946201173271
ERP117672	1352	0.9515406162464985	0.9751686522175972
ERP117672	1353	0.938655462184874	0.9683571738188123
ERP117672	1354	0.9529411764705882	0.9759036144578312
ERP117672	1355	0.9456582633053221	0.9720702562625971
ERP117672	1356	0.9464985994397759	0.9725140307957979
ERP117672	1357	0.8994397759103642	0.9470579560536795
ERP117672	1358	0.9375350140056022	0.9677605898510915
ERP117672	1359	0.9280112044817928	0.9626616301031528
ERP117672	1360	0.9484593837535014	0.9735480161012076
ERP117672	1361	0.9593837535014006	0.9792709077912795
ERP117672	1362	0.9254901960784314	0.9613034623217923
ERP117672	1363	0.919047619047619	0.9578163771712159
ERP117672	1364	0.927170868347339	0.9622093023255814
ERP117672	1365	0.9434173669467787	0.9708849812626117
ERP117672	1366	0.9473389355742297	0.9729574223245109
ERP117672	1367	0.9610644257703082	0.980145693472361
ERP117672	1368	0.9464985994397759	0.9725140307957979
ERP117672	1369	0.9641456582633053	0.9817455790074158
ERP117672	1370	0.9316526610644258	0.9646171693735499
ERP117672	1371	0.957983193277311	0.9785407725321889
ERP117672	1372	0.9044817927170868	0.9498455655243419
ERP117672	1373	0.9607843137254902	0.98
ERP117672	1374	0.8932773109243698	0.9436307146027519
ERP117672	1375	0.9254901960784314	0.9613034623217923
ERP117672	1376	0.8997198879551821	0.9472132114420525
ERP117672	1377	0.9324929971988796	0.9650674010726192
ERP117672	1378	0.923249299719888	0.9600932129332945
ERP117672	1379	0.9338935574229692	0.9658169177288528
ERP117672	1380	0.9607843137254902	0.98
ERP117672	1381	0.9400560224089636	0.9691019347386659
ERP117672	1382	0.9109243697478991	0.9533861037818822
ERP117672	1383	0.9526610644257703	0.9757567063548989
ERP117672	1384	0.9683473389355742	0.9839191689198804
ERP117672	1385	0.9492997198879551	0.9739905158787182
ERP117672	1386	0.9633053221288516	0.9813097446140676
ERP117672	1387	0.9408963585434174	0.9695482753644105
ERP117672	1388	0.9515406162464985	0.9751686522175972
ERP117672	1389	0.957983193277311	0.9785407725321889
ERP117672	1390	0.9633053221288516	0.9813097446140676
ERP117672	1391	0.8411764705882353	0.9137380191693291
ERP117672	1392	0.9364145658263305	0.9671633154925503
ERP117672	1393	0.9277310924369748	0.962510897994769
ERP117672	1394	0.9336134453781513	0.9656671012603216
ERP117672	1395	0.9420168067226891	0.9701427953266983
ERP117672	1396	0.9442577030812325	0.971329779570667
ERP117672	1397	0.9008403361344538	0.9478337754199824
ERP117672	1398	0.9406162464985994	0.9693995381062356
ERP117672	1399	0.9296918767507003	0.9635651037886486
ERP117672	1400	0.9179271708683473	0.9572075361472178
ERP117672	1401	0.9291316526610645	0.9632641208073182
ERP117672	1402	0.9319327731092437	0.9647672901261418
ERP117672	1403	0.930812324929972	0.9641665457710721
ERP117672	1404	0.9610644257703082	0.980145693472361
ERP117672	1405	0.9529411764705882	0.9759036144578312
ERP117672	1406	0.9537815126050421	0.9763440860215054
ERP117672	1407	0.9327731092436975	0.9652173913043478
ERP117672	1408	0.9605042016806723	0.979854264894985
ERP117672	1409	0.9445378151260504	0.9714779602420052
ERP117672	1410	0.9473389355742297	0.9729574223245109
ERP117672	1411	0.9282913165266107	0.9628123184195235
ERP117672	1412	0.8893557422969187	0.9414381022979985
ERP117672	1413	0.9403361344537815	0.9692507579038545
ERP117672	1414	0.9456582633053221	0.9720702562625971
ERP117672	1415	0.9694677871148459	0.9844972265680557
ERP117672	1416	0.880672268907563	0.936550491510277
ERP117672	1417	0.9324929971988796	0.9650674010726192
ERP117672	1418	0.9630252100840336	0.9811643835616438
ERP117672	1419	0.9574229691876751	0.9782484258729249
ERP117672	1420	0.9084033613445378	0.9520035226772348
ERP117672	1421	0.8868347338935574	0.9400237529691211
ERP117672	1422	0.8652661064425771	0.9277669319717675
ERP117672	1423	0.9249299719887956	0.9610011641443539
ERP117672	1424	0.8215686274509804	0.9020452099031216
ERP117672	1425	0.9179271708683473	0.9572075361472178
ERP117672	1426	0.9198879551820728	0.9582725415815583
ERP117672	1427	0.8946778711484594	0.9444115907746896
ERP117672	1428	0.9529411764705882	0.9759036144578312
ERP117672	1429	0.9495798319327731	0.9741379310344828
ERP117672	1430	0.9509803921568627	0.9748743718592965
ERP117672	1431	0.923249299719888	0.9600932129332945
ERP117672	1432	0.9532212885154062	0.9760504804244945
ERP117672	1433	0.9591036414565827	0.9791249642550758
ERP117672	1434	0.9436974789915966	0.971033290099438
ERP117672	1435	0.9394957983193277	0.9688041594454073
ERP117672	1436	0.9694677871148459	0.9844972265680557
ERP117672	1437	0.8722689075630252	0.9317773788150808
ERP117672	1438	0.9436974789915966	0.971033290099438
ERP117672	1439	0.9565826330532213	0.9778095919828202
ERP117672	1440	0.9501400560224089	0.9744326343004883
ERP117672	1441	0.9798319327731092	0.9898132427843802
ERP117672	1442	0.927170868347339	0.9622093023255814
ERP117672	1443	0.9484593837535014	0.9735480161012076
ERP117672	1444	0.9619047619047619	0.9805825242718447
ERP117672	1445	0.9159663865546218	0.9561403508771931
ERP117672	1446	0.957703081232493	0.9783946201173271
ERP117672	1447	0.9282913165266107	0.9628123184195235
ERP117672	1448	0.9282913165266107	0.9628123184195235
ERP117672	1449	0.9705882352941176	0.9850746268656716
ERP117672	1450	0.938655462184874	0.9683571738188123
ERP117672	1451	0.926890756302521	0.9620584387265592
ERP117672	1452	0.8789915966386554	0.9355992844364938
ERP117672	1453	0.9198879551820728	0.9582725415815583
ERP117672	1454	0.9243697478991597	0.9606986899563319
ERP117672	1455	0.9450980392156862	0.9717741935483871
ERP117672	1456	0.9453781512605042	0.9719222462203023
ERP117672	1457	0.9621848739495799	0.9807280513918629
ERP117672	1458	0.946218487394958	0.9723661485319516
ERP117672	1459	0.9056022408963585	0.9504630310157284
ERP117672	1460	0.9249299719887956	0.9610011641443539
ERP117672	1461	0.9554621848739496	0.9772238934250107
ERP117672	1462	0.896358543417367	0.9453471196454949
ERP117672	1463	0.9128851540616246	0.9544589251720603
ERP117672	1464	0.9212885154061624	0.9590319288526025
ERP117672	1465	0.938375350140056	0.9682080924855492
ERP117672	1466	0.9588235294117647	0.9789789789789789
ERP117672	1467	0.9257703081232493	0.9614545454545455
ERP117672	1468	0.9316526610644258	0.9646171693735499
ERP117672	1469	0.9425770308123249	0.9704397981254506
ERP117672	1470	0.8803921568627451	0.9363920750782064
ERP117672	1471	0.9613445378151261	0.9802913453299057
ERP117672	1472	0.9137254901960784	0.9549180327868853
ERP117672	1473	0.9341736694677871	0.9659666908037654
ERP117672	1474	0.9170868347338935	0.9567504383401519
ERP117672	1475	0.9008403361344538	0.9478337754199824
ERP117672	1476	0.9263305322128852	0.961756579904028
ERP117672	1477	0.95406162464986	0.9764908256880733
ERP117672	1478	0.9070028011204482	0.9512338425381904
ERP117672	1479	0.9061624649859944	0.9507714915503307
ERP117672	1480	0.923249299719888	0.9600932129332945
ERP117672	1481	0.9487394957983193	0.9736955584303579
ERP117672	1482	0.9658263305322129	0.9826161299515531
ERP117672	1483	0.9173669467787114	0.9569028487947407
ERP117672	1484	0.9593837535014006	0.9792709077912795
ERP117672	1485	0.9056022408963585	0.9504630310157284
ERP117672	1486	0.949859943977591	0.9742853038356558
ERP117672	1487	0.9397759103641457	0.9689530685920578
ERP117672	1488	0.9549019607843138	0.9769307923771313
ERP117672	1489	0.9515406162464985	0.9751686522175972
ERP117672	1490	0.9296918767507003	0.9635651037886486
ERP117672	1491	0.9442577030812325	0.971329779570667
ERP117672	1492	0.884313725490196	0.9386056191467221
ERP117672	1493	0.9484593837535014	0.9735480161012076
ERP117672	1494	0.9106442577030812	0.9532326638322827
ERP117672	1495	0.9120448179271708	0.953999414005274
ERP117672	1496	0.934733893557423	0.9662661068481251
ERP117672	1497	0.9411764705882353	0.9696969696969697
ERP117672	1498	0.9176470588235294	0.9570552147239264
ERP117672	1499	0.9372549019607843	0.9676113360323887
ERP117672	1500	0.9033613445378151	0.9492273730684327
ERP117672	1501	0.9226890756302522	0.9597902097902098
ERP117672	1502	0.9221288515406163	0.9594870300204023
ERP117672	1503	0.9599439775910364	0.9795626697155924
ERP117672	1504	0.9478991596638655	0.9732528041415013
ERP117672	1505	0.9221288515406163	0.9594870300204023
ERP117672	1506	0.9047619047619048	0.9500000000000001
ERP117672	1507	0.9470588235294117	0.972809667673716
ERP117672	1508	0.930812324929972	0.9641665457710721
ERP117672	1509	0.9249299719887956	0.9610011641443539
ERP117672	1510	0.9669467787114846	0.9831956707490743
ERP117672	1511	0.9495798319327731	0.9741379310344828
ERP117672	1512	0.9196078431372549	0.958120531154239
ERP117672	1513	0.9187675070028011	0.9576642335766423
ERP117672	1514	0.9445378151260504	0.9714779602420052
ERP117672	1515	0.907563025210084	0.9515418502202644
ERP117672	1516	0.9330532212885154	0.9653673380669469
ERP117672	1517	0.8865546218487395	0.9398663697104677
ERP117672	1518	0.9215686274509803	0.9591836734693878
ERP117672	1519	0.934733893557423	0.9662661068481251
ERP117672	1520	0.907843137254902	0.9516957862281604
ERP117672	1521	0.9109243697478991	0.9533861037818822
ERP117672	1522	0.9602240896358544	0.9797084881394684
ERP117672	1523	0.9481792717086834	0.9734004313443566
ERP117672	1524	0.9137254901960784	0.9549180327868853
ERP117672	1525	0.8464985994397759	0.9168689320388349
ERP117672	1526	0.9392156862745098	0.9686552072800809
ERP117672	1527	0.9624649859943978	0.9808735369683128
ERP117672	1528	0.9238095238095239	0.9603960396039605
ERP117672	1529	0.9602240896358544	0.9797084881394684
ERP117672	1530	0.9501400560224089	0.9744326343004883
ERP117672	1531	0.9532212885154062	0.9760504804244945
ERP117672	1532	0.8700280112044818	0.9304973037747154
ERP117672	1533	0.9599439775910364	0.9795626697155924
ERP117672	1534	0.9142857142857143	0.955223880597015
ERP117672	1535	0.9675070028011205	0.9834851936218678
ERP117672	1536	0.9484593837535014	0.9735480161012076
ERP117672	1537	0.9571428571428572	0.9781021897810218
ERP117672	1538	0.9324929971988796	0.9650674010726192
ERP117672	1539	0.9165266106442577	0.9564454837766735
ERP117672	1540	0.9557422969187676	0.977370380979662
ERP117672	1541	0.9212885154061624	0.9590319288526025
ERP117672	1542	0.9263305322128852	0.961756579904028
ERP117672	1543	0.9582633053221289	0.9786868831354598
ERP117672	1544	0.9277310924369748	0.962510897994769
ERP117672	1545	0.9330532212885154	0.9653673380669469
ERP117672	1546	0.8579831932773109	0.9235639981908638
ERP117672	1547	0.9266106442577031	0.961907531259087
ERP117672	1548	0.9509803921568627	0.9748743718592965
ERP117672	1549	0.938655462184874	0.9683571738188123
ERP117672	1550	0.9044817927170868	0.9498455655243419
ERP117672	1551	0.8938375350140056	0.9439432036680965
ERP117672	1552	0.9400560224089636	0.9691019347386659
ERP117672	1553	0.9142857142857143	0.955223880597015
ERP117672	1554	0.9619047619047619	0.9805825242718447
ERP117672	1555	0.938375350140056	0.9682080924855492
ERP117672	1556	0.9361344537815126	0.9670138888888888
ERP117672	1557	0.8549019607843137	0.9217758985200845
ERP117672	1558	0.8997198879551821	0.9472132114420525
ERP117672	1559	0.9420168067226891	0.9701427953266983
ERP117672	1560	0.9313725490196079	0.9644670050761421
ERP117672	1561	0.9408963585434174	0.9695482753644105
ERP117672	1562	0.9187675070028011	0.9576642335766423
ERP117672	1563	0.9537815126050421	0.9763440860215054
ERP117672	1564	0.9624649859943978	0.9808735369683128
ERP117672	1565	0.9173669467787114	0.9569028487947407
ERP117672	1566	0.957983193277311	0.9785407725321889
ERP117672	1567	0.9176470588235294	0.9570552147239264
ERP117672	1568	0.9257703081232493	0.9614545454545455
ERP117672	1569	0.949859943977591	0.9742853038356558
ERP117672	1570	0.8913165266106443	0.9425355450236967
ERP117672	1571	0.9187675070028011	0.9576642335766423
ERP117672	1572	0.9036414565826331	0.9493819894055328
ERP117672	1573	0.9526610644257703	0.9757567063548989
ERP117672	1574	0.9112044817927171	0.9535394987542137
ERP117672	1575	0.9512605042016806	0.975021533161068
ERP117672	1576	0.9285714285714286	0.962962962962963
ERP117672	1577	0.9246498599439776	0.9608499490612721
ERP117672	1578	0.9263305322128852	0.961756579904028
ERP117672	1579	0.9397759103641457	0.9689530685920578
ERP117672	1580	0.9501400560224089	0.9744326343004883
ERP117672	1581	0.9389355742296919	0.9685062120774343
ERP117672	1582	0.9439775910364145	0.9711815561959654
ERP117672	1583	0.8456582633053221	0.9163757778115039
ERP117672	1584	0.9406162464985994	0.9693995381062356
ERP117672	1585	0.8871148459383753	0.9401810895057147
ERP117672	1586	0.8915966386554622	0.9426921368280765
ERP117672	1587	0.9453781512605042	0.9719222462203023
ERP117672	1588	0.938375350140056	0.9682080924855492
ERP117672	1589	0.9193277310924369	0.957968476357268
ERP117672	1590	0.9450980392156862	0.9717741935483871
ERP117672	1591	0.9042016806722689	0.9496910856134158
ERP117672	1592	0.9243697478991597	0.9606986899563319
ERP117672	1593	0.8971988795518208	0.945814262512919
ERP117672	1594	0.9554621848739496	0.9772238934250107
ERP117672	1595	0.9282913165266107	0.9628123184195235
ERP117672	1596	0.9016806722689076	0.9482987185152453
ERP117672	1597	0.95406162464986	0.9764908256880733
ERP117672	1598	0.9408963585434174	0.9695482753644105
ERP117672	1599	0.8579831932773109	0.9235639981908638
ERP117672	1600	0.9669467787114846	0.9831956707490743
ERP117672	1601	0.9481792717086834	0.9734004313443566
ERP117672	1602	0.9243697478991597	0.9606986899563319
ERP117672	1603	0.9523809523809523	0.975609756097561
ERP117672	1604	0.9285714285714286	0.962962962962963
ERP117672	1605	0.9016806722689076	0.9482987185152453
ERP117672	1606	0.9148459383753501	0.9555295494441194
ERP117672	1607	0.9137254901960784	0.9549180327868853
ERP117672	1608	0.9182072829131652	0.9573598130841122
ERP117672	1609	0.9434173669467787	0.9708849812626117
ERP117672	1610	0.9557422969187676	0.977370380979662
ERP117672	1611	0.9333333333333333	0.9655172413793104
ERP117672	1612	0.9352941176470588	0.9665653495440729
ERP117672	1613	0.9526610644257703	0.9757567063548989
ERP117672	1614	0.9313725490196079	0.9644670050761421
ERP117672	1615	0.9630252100840336	0.9811643835616438
ERP117672	1616	0.9033613445378151	0.9492273730684327
ERP117672	1617	0.9288515406162465	0.9631135637525414
ERP117672	1618	0.8733893557422969	0.9324162679425837
ERP117672	1619	0.8974789915966387	0.945969884853853
ERP117672	1620	0.9515406162464985	0.9751686522175972
ERP117672	1621	0.9481792717086834	0.9734004313443566
ERP117672	1622	0.9403361344537815	0.9692507579038545
ERP117672	1623	0.9372549019607843	0.9676113360323887
ERP117672	1624	0.8966386554621849	0.9455028799291095
ERP117672	1625	0.9624649859943978	0.9808735369683128
ERP117672	1626	0.907843137254902	0.9516957862281604
ERP117672	1627	0.9336134453781513	0.9656671012603216
ERP117672	1628	0.9352941176470588	0.9665653495440729
ERP117672	1629	0.9596638655462185	0.9794168096054888
ERP117672	1630	0.9296918767507003	0.9635651037886486
ERP117672	1631	0.9521008403361344	0.975462763667671
ERP117672	1632	0.9532212885154062	0.9760504804244945
ERP117672	1633	0.9109243697478991	0.9533861037818822
ERP117672	1634	0.8596638655462185	0.9245368278355174
ERP117672	1635	0.9537815126050421	0.9763440860215054
ERP117672	1636	0.9619047619047619	0.9805825242718447
ERP117672	1637	0.9509803921568627	0.9748743718592965
ERP117672	1638	0.9036414565826331	0.9493819894055328
ERP117672	1639	0.9254901960784314	0.9613034623217923
ERP117672	1640	0.9182072829131652	0.9573598130841122
ERP117672	1641	0.9635854341736695	0.9814550641940085
ERP117672	1642	0.9128851540616246	0.9544589251720603
ERP117672	1643	0.9187675070028011	0.9576642335766423
ERP117672	1644	0.9263305322128852	0.961756579904028
ERP117672	1645	0.9056022408963585	0.9504630310157284
ERP117672	1646	0.9361344537815126	0.9670138888888888
ERP117672	1647	0.949859943977591	0.9742853038356558
ERP117672	1648	0.9624649859943978	0.9808735369683128
ERP117672	1649	0.9117647058823529	0.9538461538461539
ERP117672	1650	0.9532212885154062	0.9760504804244945
ERP117672	1651	0.9739495798319328	0.9868028948488718
ERP117672	1652	0.9022408963585434	0.9486084523634223
ERP117672	1653	0.9361344537815126	0.9670138888888888
ERP117672	1654	0.94593837535014	0.9722182236936807
ERP117672	1655	0.9602240896358544	0.9797084881394684
ERP117672	1656	0.9568627450980393	0.9779559118236473
ERP117672	1657	0.9148459383753501	0.9555295494441194
ERP117672	1658	0.8865546218487395	0.9398663697104677
ERP117672	1659	0.9543417366946779	0.9766375232908127
ERP117672	1660	0.9610644257703082	0.980145693472361
ERP117672	1661	0.9389355742296919	0.9685062120774343
ERP117672	1662	0.9327731092436975	0.9652173913043478
ERP117672	1663	0.9526610644257703	0.9757567063548989
ERP117672	1664	0.9350140056022409	0.9664157498552403
ERP117672	1665	0.9285714285714286	0.962962962962963
ERP117672	1666	0.9649859943977591	0.9821810406272273
ERP117672	1667	0.9565826330532213	0.9778095919828202
ERP117672	1668	0.9126050420168067	0.9543057996485061
ERP117672	1669	0.9249299719887956	0.9610011641443539
ERP117672	1670	0.9364145658263305	0.9671633154925503
ERP117672	1671	0.8873949579831932	0.9403383793410507
ERP117672	1672	0.9165266106442577	0.9564454837766735
ERP117672	1673	0.9408963585434174	0.9695482753644105
ERP117672	1674	0.9515406162464985	0.9751686522175972
ERP117672	1675	0.8971988795518208	0.945814262512919
ERP117672	1676	0.9128851540616246	0.9544589251720603
ERP117672	1677	0.8876750700280112	0.9404956224959192
ERP117672	1678	0.8997198879551821	0.9472132114420525
ERP117672	1679	0.942296918767507	0.9702913181424863
ERP117672	1680	0.9585434173669468	0.97883295194508
ERP117672	1681	0.938375350140056	0.9682080924855492
ERP117672	1682	0.9521008403361344	0.975462763667671
ERP117672	1683	0.9638655462184874	0.9816003423192127
ERP117672	1684	0.9574229691876751	0.9782484258729249
ERP117672	1685	0.9568627450980393	0.9779559118236473
ERP117672	1686	0.9053221288515406	0.950308732725669
ERP117672	1687	0.9044817927170868	0.9498455655243419
ERP117672	1688	0.9394957983193277	0.9688041594454073
ERP117672	1689	0.9551820728291317	0.9770773638968481
ERP117672	1690	0.9210084033613445	0.9588801399825022
ERP117672	1691	0.8733893557422969	0.9324162679425837
ERP117672	1692	0.9420168067226891	0.9701427953266983
ERP117672	1693	0.9257703081232493	0.9614545454545455
ERP117672	1694	0.9481792717086834	0.9734004313443566
ERP117672	1695	0.9425770308123249	0.9704397981254506
ERP117672	1696	0.9369747899159664	0.9674620390455532
ERP117672	1697	0.9675070028011205	0.9834851936218678
ERP117672	1698	0.9428571428571428	0.9705882352941176
ERP117672	1699	0.9521008403361344	0.975462763667671
ERP117672	1700	0.9478991596638655	0.9732528041415013
ERP117672	1701	0.9481792717086834	0.9734004313443566
ERP117672	1702	0.8893557422969187	0.9414381022979985
ERP117672	1703	0.8848739495798319	0.9389210878288007
ERP117672	1704	0.9588235294117647	0.9789789789789789
ERP117672	1705	0.9630252100840336	0.9811643835616438
ERP117672	1706	0.9436974789915966	0.971033290099438
ERP117672	1707	0.9453781512605042	0.9719222462203023
ERP117672	1708	0.946218487394958	0.9723661485319516
ERP117672	1709	0.9378151260504202	0.9679098005203816
ERP117672	1710	0.94593837535014	0.9722182236936807
ERP117672	1711	0.9050420168067227	0.9501543890604324
ERP117672	1712	0.9490196078431372	0.9738430583501005
ERP117672	1713	0.9168067226890756	0.9565979833406401
ERP117672	1714	0.9142857142857143	0.955223880597015
ERP117672	1715	0.9212885154061624	0.9590319288526025
ERP117672	1716	0.9103641456582633	0.9530791788856305
ERP117672	1717	0.8851540616246498	0.9390787518573551
ERP117672	1718	0.94593837535014	0.9722182236936807
ERP117672	1719	0.9369747899159664	0.9674620390455532
ERP117672	1720	0.9669467787114846	0.9831956707490743
ERP117672	1721	0.9680672268907563	0.9837745516652433
ERP117672	1722	0.9165266106442577	0.9564454837766735
ERP117672	1723	0.9448179271708683	0.9716260982284315
ERP117672	1724	0.9445378151260504	0.9714779602420052
ERP117672	1725	0.9445378151260504	0.9714779602420052
ERP117672	1726	0.9549019607843138	0.9769307923771313
ERP117672	1727	0.9305322128851541	0.9640162507254788
ERP117672	1728	0.9406162464985994	0.9693995381062356
ERP117672	1729	0.9084033613445378	0.9520035226772348
ERP117672	1730	0.9509803921568627	0.9748743718592965
ERP117672	1731	0.8952380952380953	0.9447236180904524
ERP117672	1732	0.9478991596638655	0.9732528041415013
ERP117672	1733	0.9210084033613445	0.9588801399825022
ERP117672	1734	0.949859943977591	0.9742853038356558
ERP117672	1735	0.8949579831932774	0.9445676274944569
ERP117672	1736	0.9134453781512605	0.9547650417215635
ERP117672	1737	0.9529411764705882	0.9759036144578312
ERP117672	1738	0.965266106442577	0.9823261117445837
ERP117672	1739	0.9535014005602241	0.976197304273014
ERP117672	1740	0.9428571428571428	0.9705882352941176
ERP117672	1741	0.9072829131652661	0.9513878689969159
ERP117672	1742	0.9280112044817928	0.9626616301031528
ERP117672	1743	0.9420168067226891	0.9701427953266983
ERP117672	1744	0.9526610644257703	0.9757567063548989
ERP117672	1745	0.9420168067226891	0.9701427953266983
ERP117672	1746	0.8946778711484594	0.9444115907746896
ERP117672	1747	0.9484593837535014	0.9735480161012076
ERP117672	1748	0.9518207282913165	0.9753157290470723
ERP117672	1749	0.9515406162464985	0.9751686522175972
ERP117672	1750	0.9473389355742297	0.9729574223245109
ERP117672	1751	0.9456582633053221	0.9720702562625971
ERP117672	1752	0.9056022408963585	0.9504630310157284
ERP117672	1753	0.9257703081232493	0.9614545454545455
ERP117672	1754	0.9322128851540616	0.9649173673528559
ERP117672	1755	0.9243697478991597	0.9606986899563319
ERP117672	1756	0.9394957983193277	0.9688041594454073
ERP117672	1757	0.9316526610644258	0.9646171693735499
ERP117672	1758	0.9607843137254902	0.98
ERP117672	1759	0.9593837535014006	0.9792709077912795
ERP117672	1760	0.9478991596638655	0.9732528041415013
ERP117672	1761	0.9431372549019608	0.970736629667003
ERP117672	1762	0.9380952380952381	0.9680589680589681
ERP117672	1763	0.9425770308123249	0.9704397981254506
ERP117672	1764	0.9683473389355742	0.9839191689198804
ERP117672	1765	0.930812324929972	0.9641665457710721
ERP117672	1766	0.9532212885154062	0.9760504804244945
ERP117672	1767	0.9196078431372549	0.958120531154239
ERP117672	1768	0.9436974789915966	0.971033290099438
ERP117672	1769	0.9568627450980393	0.9779559118236473
ERP117672	1770	0.8635854341736695	0.9267999398767474
ERP117672	1771	0.9549019607843138	0.9769307923771313
ERP117672	1772	0.8778711484593837	0.934964200477327
ERP117672	1773	0.9179271708683473	0.9572075361472178
ERP117672	1774	0.9529411764705882	0.9759036144578312
ERP117672	1775	0.9182072829131652	0.9573598130841122
ERP117672	1776	0.9481792717086834	0.9734004313443566
ERP117672	1777	0.9518207282913165	0.9753157290470723
ERP117672	1778	0.9341736694677871	0.9659666908037654
ERP117672	1779	0.9484593837535014	0.9735480161012076
ERP117672	1780	0.9450980392156862	0.9717741935483871
ERP117672	1781	0.9333333333333333	0.9655172413793104
ERP117672	1782	0.9336134453781513	0.9656671012603216
ERP117672	1783	0.9610644257703082	0.980145693472361
ERP117672	1784	0.9084033613445378	0.9520035226772348
ERP117672	1785	0.9128851540616246	0.9544589251720603
ERP117672	1786	0.9257703081232493	0.9614545454545455
ERP117672	1787	0.8983193277310925	0.9464364763169545
ERP117672	1788	0.9028011204481793	0.9489180038274695
ERP117672	1789	0.9563025210084034	0.9776632302405498
ERP117672	1790	0.9450980392156862	0.9717741935483871
ERP117672	1791	0.9504201680672268	0.974579922447221
ERP117672	1792	0.9137254901960784	0.9549180327868853
ERP117672	1793	0.9218487394957983	0.9593353738522081
ERP117672	1794	0.9246498599439776	0.9608499490612721
ERP117672	1795	0.9355742296918768	0.9667149059334298
ERP117672	1796	0.8812324929971989	0.9368671828469327
ERP117672	1797	0.9400560224089636	0.9691019347386659
ERP117672	1798	0.9210084033613445	0.9588801399825022
ERP117672	1799	0.9361344537815126	0.9670138888888888
ERP117672	1800	0.9478991596638655	0.9732528041415013
ERP117672	1801	0.9448179271708683	0.9716260982284315
ERP117672	1802	0.9689075630252101	0.9842082799829278
ERP117672	1803	0.8966386554621849	0.9455028799291095
ERP117672	1804	0.907843137254902	0.9516957862281604
ERP117672	1805	0.9504201680672268	0.974579922447221
ERP117672	1806	0.8941176470588236	0.9440993788819877
ERP117672	1807	0.9557422969187676	0.977370380979662
ERP117672	1808	0.942296918767507	0.9702913181424863
ERP117672	1809	0.9473389355742297	0.9729574223245109
ERP117672	1810	0.9204481792717086	0.9585764294049008
ERP117672	1811	0.9260504201680673	0.9616055846422339
ERP117672	1812	0.9126050420168067	0.9543057996485061
ERP117672	1813	0.9509803921568627	0.9748743718592965
ERP117672	1814	0.9532212885154062	0.9760504804244945
ERP117672	1815	0.930812324929972	0.9641665457710721
ERP117672	1816	0.9341736694677871	0.9659666908037654
ERP117672	1817	0.8837535014005602	0.9382899628252788
ERP117672	1818	0.9605042016806723	0.979854264894985
ERP117672	1819	0.9016806722689076	0.9482987185152453
ERP117672	1820	0.9661064425770308	0.9827610770765066
ERP117672	1821	0.9467787114845938	0.9726618705035971
ERP117672	1822	0.9257703081232493	0.9614545454545455
ERP117672	1823	0.907563025210084	0.9515418502202644
ERP117672	1824	0.9226890756302522	0.9597902097902098
ERP117672	1825	0.9198879551820728	0.9582725415815583
ERP117672	1826	0.9428571428571428	0.9705882352941176
ERP117672	1827	0.9361344537815126	0.9670138888888888
ERP117672	1828	0.9593837535014006	0.9792709077912795
ERP117672	1829	0.9106442577030812	0.9532326638322827
ERP117672	1830	0.9582633053221289	0.9786868831354598
ERP117672	1831	0.9481792717086834	0.9734004313443566
ERP117672	1832	0.9282913165266107	0.9628123184195235
ERP117672	1833	0.942296918767507	0.9702913181424863
ERP117672	1834	0.9574229691876751	0.9782484258729249
ERP117672	1835	0.9563025210084034	0.9776632302405498
ERP117672	1836	0.9333333333333333	0.9655172413793104
ERP117672	1837	0.8946778711484594	0.9444115907746896
ERP117672	1838	0.946218487394958	0.9723661485319516
ERP117672	1839	0.9456582633053221	0.9720702562625971
ERP117672	1840	0.9551820728291317	0.9770773638968481
ERP117672	1841	0.9406162464985994	0.9693995381062356
ERP117672	1842	0.9187675070028011	0.9576642335766423
ERP117672	1843	0.9389355742296919	0.9685062120774343
ERP117672	1844	0.9529411764705882	0.9759036144578312
ERP117672	1845	0.9414565826330532	0.9698456211224932
ERP117672	1846	0.9394957983193277	0.9688041594454073
ERP117672	1847	0.9680672268907563	0.9837745516652433
ERP117672	1848	0.9310924369747899	0.9643167972149695
ERP117672	1849	0.9448179271708683	0.9716260982284315
ERP117672	1850	0.9490196078431372	0.9738430583501005
ERP117672	1851	0.9011204481792717	0.9479888021217033
ERP117672	1852	0.9257703081232493	0.9614545454545455
ERP117672	1853	0.965546218487395	0.9824711415134673
ERP117672	1854	0.8563025210084033	0.9225894069714802
ERP117672	1855	0.9355742296918768	0.9667149059334298
ERP117672	1856	0.9750700280112045	0.9873776769252588
ERP117672	1857	0.9495798319327731	0.9741379310344828
ERP117672	1858	0.94593837535014	0.9722182236936807
ERP117672	1859	0.9170868347338935	0.9567504383401519
ERP117672	1860	0.9341736694677871	0.9659666908037654
ERP117672	1861	0.8974789915966387	0.945969884853853
ERP117672	1862	0.9378151260504202	0.9679098005203816
ERP117672	1863	0.9322128851540616	0.9649173673528559
ERP117672	1864	0.9501400560224089	0.9744326343004883
ERP117672	1865	0.9319327731092437	0.9647672901261418
ERP117672	1866	0.9529411764705882	0.9759036144578312
ERP117672	1867	0.8834733893557423	0.9381320642474718
ERP117672	1868	0.9537815126050421	0.9763440860215054
ERP117672	1869	0.9742296918767507	0.9869466515323495
ERP117672	1870	0.8910364145658264	0.942378906828618
ERP117672	1871	0.9224089635854342	0.9596386419932974
ERP117672	1872	0.9389355742296919	0.9685062120774343
ERP117672	1873	0.8840336134453781	0.9384478144513827
ERP117672	1874	0.9501400560224089	0.9744326343004883
ERP117672	1875	0.8434173669467787	0.9150585017474547
ERP117672	1876	0.9661064425770308	0.9827610770765066
ERP117672	1877	0.942296918767507	0.9702913181424863
ERP117672	1878	0.8952380952380953	0.9447236180904524
ERP117672	1879	0.9565826330532213	0.9778095919828202
ERP117672	1880	0.9389355742296919	0.9685062120774343
ERP117672	1881	0.8910364145658264	0.942378906828618
ERP117672	1882	0.9252100840336135	0.9611523352247927
ERP117672	1883	0.9050420168067227	0.9501543890604324
ERP117672	1884	0.9669467787114846	0.9831956707490743
ERP117672	1885	0.8742296918767507	0.9328949334927514
ERP117672	1886	0.9296918767507003	0.9635651037886486
ERP117672	1887	0.9109243697478991	0.9533861037818822
ERP117672	1888	0.9523809523809523	0.975609756097561
ERP117672	1889	0.8467787114845938	0.9170332170483846
ERP117672	1890	0.9565826330532213	0.9778095919828202
ERP117672	1891	0.9316526610644258	0.9646171693735499
ERP117672	1892	0.8927170868347339	0.9433180405505402
ERP117672	1893	0.9582633053221289	0.9786868831354598
ERP117672	1894	0.9445378151260504	0.9714779602420052
ERP117672	1895	0.9397759103641457	0.9689530685920578
ERP117672	1896	0.9560224089635855	0.9775168265788343
ERP117672	1897	0.9582633053221289	0.9786868831354598
ERP117672	1898	0.9291316526610645	0.9632641208073182
ERP117672	1899	0.9428571428571428	0.9705882352941176
ERP117672	1900	0.9624649859943978	0.9808735369683128
ERP117672	1901	0.9369747899159664	0.9674620390455532
ERP117672	1902	0.9585434173669468	0.97883295194508
ERP117672	1903	0.8932773109243698	0.9436307146027519
ERP117672	1904	0.9333333333333333	0.9655172413793104
ERP117672	1905	0.9641456582633053	0.9817455790074158
ERP117672	1906	0.9364145658263305	0.9671633154925503
ERP117672	1907	0.8795518207282913	0.9359165424739195
ERP117672	1908	0.8991596638655462	0.9469026548672567
ERP117672	1909	0.9439775910364145	0.9711815561959654
ERP117672	1910	0.9641456582633053	0.9817455790074158
ERP117672	1911	0.9137254901960784	0.9549180327868853
ERP117672	1912	0.9361344537815126	0.9670138888888888
ERP117672	1913	0.9686274509803922	0.9840637450199202
ERP117672	1914	0.9565826330532213	0.9778095919828202
ERP117672	1915	0.8971988795518208	0.945814262512919
ERP117672	1916	0.9358543417366947	0.9668644190421067
ERP117672	1917	0.9126050420168067	0.9543057996485061
ERP117672	1918	0.934453781512605	0.9661164205039097
ERP117672	1919	0.9669467787114846	0.9831956707490743
ERP117672	1920	0.9490196078431372	0.9738430583501005
ERP117672	1921	0.9338935574229692	0.9658169177288528
ERP117672	1922	0.9495798319327731	0.9741379310344828
ERP117672	1923	0.9302521008403362	0.9638659120592077
ERP117672	1924	0.9058823529411765	0.9506172839506173
ERP117672	1925	0.9	0.9473684210526316
ERP117672	1926	0.9	0.9473684210526316
ERP117672	1927	0.9535014005602241	0.976197304273014
ERP117672	1928	0.9372549019607843	0.9676113360323887
ERP117672	1929	0.903921568627451	0.9495365602471679
ERP117672	1930	0.9131652661064426	0.9546120058565154
ERP117672	1931	0.9476190476190476	0.9731051344743276
ERP117672	1932	0.9515406162464985	0.9751686522175972
ERP117672	1933	0.9638655462184874	0.9816003423192127
ERP117672	1934	0.9428571428571428	0.9705882352941176
ERP117672	1935	0.9574229691876751	0.9782484258729249
ERP117672	1936	0.8764705882352941	0.9341692789968652
ERP117672	1937	0.8703081232492997	0.9306574809045979
ERP117672	1938	0.9641456582633053	0.9817455790074158
ERP117672	1939	0.9515406162464985	0.9751686522175972
ERP117672	1940	0.8988795518207283	0.9467473078625167
ERP117672	1941	0.9557422969187676	0.977370380979662
ERP117672	1942	0.9470588235294117	0.972809667673716
ERP117672	1943	0.8971988795518208	0.945814262512919
ERP117672	1944	0.9585434173669468	0.97883295194508
ERP117672	1945	0.934453781512605	0.9661164205039097
ERP117672	1946	0.9350140056022409	0.9664157498552403
ERP117672	1947	0.8991596638655462	0.9469026548672567
ERP117672	1948	0.8854341736694678	0.9392363690387758
ERP117672	1949	0.9266106442577031	0.961907531259087
ERP117672	1950	0.9683473389355742	0.9839191689198804
ERP117672	1951	0.9246498599439776	0.9608499490612721
ERP117672	1952	0.9221288515406163	0.9594870300204023
ERP117672	1953	0.9378151260504202	0.9679098005203816
ERP117672	1954	0.8736694677871149	0.9325758708327104
ERP117672	1955	0.9784313725490196	0.9890981169474726
ERP117672	1956	0.9593837535014006	0.9792709077912795
ERP117672	1957	0.9327731092436975	0.9652173913043478
ERP117672	1958	0.9509803921568627	0.9748743718592965
ERP117672	1959	0.9635854341736695	0.9814550641940085
ERP117672	1960	0.9557422969187676	0.977370380979662
ERP117672	1961	0.9557422969187676	0.977370380979662
ERP117672	1962	0.9551820728291317	0.9770773638968481
ERP117672	1963	0.95406162464986	0.9764908256880733
ERP117672	1964	0.8739495798319328	0.9327354260089686
ERP117672	1965	0.8985994397759104	0.9465919150191797
ERP117672	1966	0.9126050420168067	0.9543057996485061
ERP117672	1967	0.9187675070028011	0.9576642335766423
ERP117672	1968	0.934733893557423	0.9662661068481251
ERP117672	1969	0.9529411764705882	0.9759036144578312
ERP117672	1970	0.9521008403361344	0.975462763667671
ERP117672	1971	0.9551820728291317	0.9770773638968481
ERP117672	1972	0.9056022408963585	0.9504630310157284
ERP117672	1973	0.9061624649859944	0.9507714915503307
ERP117672	1974	0.8512605042016806	0.9196550158874262
ERP117672	1975	0.9448179271708683	0.9716260982284315
ERP117672	1976	0.9448179271708683	0.9716260982284315
ERP117672	1977	0.915126050420168	0.9556823168056165
ERP117672	1978	0.949859943977591	0.9742853038356558
ERP117672	1979	0.87703081232493	0.9344873899417997
ERP117672	1980	0.9400560224089636	0.9691019347386659
ERP117672	1981	0.9142857142857143	0.955223880597015
ERP117672	1982	0.9198879551820728	0.9582725415815583
ERP117672	1983	0.9257703081232493	0.9614545454545455
ERP117672	1984	0.9406162464985994	0.9693995381062356
ERP117672	1985	0.9619047619047619	0.9805825242718447
ERP117672	1986	0.9490196078431372	0.9738430583501005
ERP117672	1987	0.9336134453781513	0.9656671012603216
ERP117672	1988	0.9352941176470588	0.9665653495440729
ERP117672	1989	0.9162464985994397	0.9562929396287093
ERP117672	1990	0.9613445378151261	0.9802913453299057
ERP117672	1991	0.9375350140056022	0.9677605898510915
ERP117672	1992	0.8938375350140056	0.9439432036680965
ERP117672	1993	0.9719887955182073	0.9857954545454545
ERP117672	1994	0.942296918767507	0.9702913181424863
ERP117672	1995	0.9226890756302522	0.9597902097902098
ERP117672	1996	0.9291316526610645	0.9632641208073182
ERP117672	1997	0.9501400560224089	0.9744326343004883
ERP117672	1998	0.9501400560224089	0.9744326343004883
ERP117672	1999	0.9182072829131652	0.9573598130841122
ERP117672	2000	0.9507002801120448	0.9747271682940838
ERP117672	2001	0.9327731092436975	0.9652173913043478
ERP117672	2002	0.9478991596638655	0.9732528041415013
ERP117672	2003	0.9173669467787114	0.9569028487947407
ERP117672	2004	0.9280112044817928	0.9626616301031528
ERP117672	2005	0.95406162464986	0.9764908256880733
ERP117672	2006	0.9532212885154062	0.9760504804244945
ERP117672	2007	0.9563025210084034	0.9776632302405498
ERP117672	2008	0.9274509803921569	0.9623601220752798
ERP117672	2009	0.9551820728291317	0.9770773638968481
ERP117672	2010	0.9366946778711485	0.9673126988718542
ERP117672	2011	0.9372549019607843	0.9676113360323887
ERP117672	2012	0.957983193277311	0.9785407725321889
ERP117672	2013	0.9467787114845938	0.9726618705035971
ERP117672	2014	0.9507002801120448	0.9747271682940838
ERP117672	2015	0.9070028011204482	0.9512338425381904
ERP117672	2016	0.9086834733893557	0.9521573231582038
ERP117672	2017	0.8840336134453781	0.9384478144513827
ERP117672	2018	0.9131652661064426	0.9546120058565154
ERP117672	2019	0.9574229691876751	0.9782484258729249
ERP117672	2020	0.9464985994397759	0.9725140307957979
ERP117672	2021	0.8994397759103642	0.9470579560536795
ERP117672	2022	0.9406162464985994	0.9693995381062356
ERP117672	2023	0.8935574229691877	0.9437869822485208
ERP117672	2024	0.9252100840336135	0.9611523352247927
ERP117672	2025	0.8854341736694678	0.9392363690387758
ERP117672	2026	0.9641456582633053	0.9817455790074158
ERP117672	2027	0.9627450980392157	0.981018981018981
ERP117672	2028	0.9478991596638655	0.9732528041415013
ERP117672	2029	0.9476190476190476	0.9731051344743276
ERP117672	2030	0.9375350140056022	0.9677605898510915
ERP117672	2031	0.9131652661064426	0.9546120058565154
ERP117672	2032	0.9501400560224089	0.9744326343004883
ERP117672	2033	0.9403361344537815	0.9692507579038545
ERP117672	2034	0.938375350140056	0.9682080924855492
ERP117672	2035	0.9372549019607843	0.9676113360323887
ERP117672	2036	0.8663865546218488	0.9284106258442143
ERP117672	2037	0.8868347338935574	0.9400237529691211
ERP117672	2038	0.957703081232493	0.9783946201173271
ERP117672	2039	0.9299719887955182	0.9637155297532656
ERP117672	2040	0.9187675070028011	0.9576642335766423
ERP117672	2041	0.9221288515406163	0.9594870300204023
ERP117672	2042	0.9495798319327731	0.9741379310344828
ERP117672	2043	0.9392156862745098	0.9686552072800809
ERP117672	2044	0.8392156862745098	0.9125799573560767
ERP117672	2045	0.9089635854341737	0.9523110785033015
ERP117672	2046	0.9490196078431372	0.9738430583501005
ERP117672	2047	0.8803921568627451	0.9363920750782064
ERP117672	2048	0.9582633053221289	0.9786868831354598
ERP117672	2049	0.9484593837535014	0.9735480161012076
ERP117672	2050	0.9490196078431372	0.9738430583501005
ERP117672	2051	0.9495798319327731	0.9741379310344828
ERP117672	2052	0.9369747899159664	0.9674620390455532
ERP117672	2053	0.934453781512605	0.9661164205039097
ERP117672	2054	0.9591036414565827	0.9791249642550758
ERP117672	2055	0.9560224089635855	0.9775168265788343
ERP117672	2056	0.9072829131652661	0.9513878689969159
ERP117672	2057	0.9011204481792717	0.9479888021217033
ERP117672	2058	0.9375350140056022	0.9677605898510915
ERP117672	2059	0.9521008403361344	0.975462763667671
ERP117672	2060	0.9470588235294117	0.972809667673716
ERP117672	2061	0.9397759103641457	0.9689530685920578
ERP117672	2062	0.9338935574229692	0.9658169177288528
ERP117672	2063	0.9683473389355742	0.9839191689198804
ERP117672	2064	0.880672268907563	0.936550491510277
ERP117672	2065	0.9565826330532213	0.9778095919828202
ERP117672	2066	0.8803921568627451	0.9363920750782064
ERP117672	2067	0.9467787114845938	0.9726618705035971
ERP117672	2068	0.9689075630252101	0.9842082799829278
ERP117672	2069	0.9450980392156862	0.9717741935483871
ERP117672	2070	0.9260504201680673	0.9616055846422339
ERP117672	2071	0.9067226890756303	0.9510797708241516
ERP117672	2072	0.9299719887955182	0.9637155297532656
ERP117672	2073	0.9123249299719888	0.9541526292661492
ERP117672	2074	0.915406162464986	0.9558350394852296
ERP117672	2075	0.9627450980392157	0.981018981018981
ERP117672	2076	0.9680672268907563	0.9837745516652433
ERP117672	2077	0.9070028011204482	0.9512338425381904
ERP117672	2078	0.8977591036414566	0.9461254612546126
ERP117672	2079	0.8798319327731092	0.9360751005811354
ERP117672	2080	0.9380952380952381	0.9680589680589681
ERP117672	2081	0.9560224089635855	0.9775168265788343
ERP117672	2082	0.9406162464985994	0.9693995381062356
ERP117672	2083	0.9711484593837535	0.9853630808583203
ERP117672	2084	0.8955182072829132	0.9448795625831241
ERP117672	2085	0.9355742296918768	0.9667149059334298
ERP117672	2086	0.9319327731092437	0.9647672901261418
ERP117672	2087	0.9515406162464985	0.9751686522175972
ERP117672	2088	0.9532212885154062	0.9760504804244945
ERP117672	2089	0.9375350140056022	0.9677605898510915
ERP117672	2090	0.9523809523809523	0.975609756097561
ERP117672	2091	0.8991596638655462	0.9469026548672567
ERP117672	2092	0.9523809523809523	0.975609756097561
ERP117672	2093	0.938655462184874	0.9683571738188123
ERP117672	2094	0.9123249299719888	0.9541526292661492
ERP117672	2095	0.8949579831932774	0.9445676274944569
ERP117672	2096	0.9521008403361344	0.975462763667671
ERP117672	2097	0.9507002801120448	0.9747271682940838
ERP117672	2098	0.9563025210084034	0.9776632302405498
ERP117672	2099	0.934733893557423	0.9662661068481251
ERP117672	2100	0.9543417366946779	0.9766375232908127
ERP117672	2101	0.9316526610644258	0.9646171693735499
ERP117672	2102	0.938655462184874	0.9683571738188123
ERP117672	2103	0.9428571428571428	0.9705882352941176
ERP117672	2104	0.9610644257703082	0.980145693472361
ERP117672	2105	0.9464985994397759	0.9725140307957979
ERP117672	2106	0.9128851540616246	0.9544589251720603
ERP117672	2107	0.9137254901960784	0.9549180327868853
ERP117672	2108	0.942296918767507	0.9702913181424863
ERP117672	2109	0.9117647058823529	0.9538461538461539
ERP117672	2110	0.957983193277311	0.9785407725321889
ERP117672	2111	0.9196078431372549	0.958120531154239
ERP117672	2112	0.9507002801120448	0.9747271682940838
ERP117672	2113	0.938655462184874	0.9683571738188123
ERP117672	2114	0.9585434173669468	0.97883295194508
ERP117672	2115	0.8509803921568627	0.9194915254237287
ERP117672	2116	0.9602240896358544	0.9797084881394684
ERP117672	2117	0.9507002801120448	0.9747271682940838
ERP117672	2118	0.9282913165266107	0.9628123184195235
ERP117672	2119	0.8607843137254902	0.9251844046364595
ERP117672	2120	0.9666666666666667	0.983050847457627
ERP117672	2121	0.9624649859943978	0.9808735369683128
ERP117672	2122	0.9159663865546218	0.9561403508771931
ERP117672	2123	0.9366946778711485	0.9673126988718542
ERP117672	2124	0.927170868347339	0.9622093023255814
ERP117672	2125	0.9523809523809523	0.975609756097561
ERP117672	2126	0.9277310924369748	0.962510897994769
ERP117672	2127	0.9487394957983193	0.9736955584303579
ERP117672	2128	0.957703081232493	0.9783946201173271
ERP117672	2129	0.8949579831932774	0.9445676274944569
ERP117672	2130	0.9282913165266107	0.9628123184195235
ERP117672	2131	0.9624649859943978	0.9808735369683128
ERP117672	2132	0.9425770308123249	0.9704397981254506
ERP117672	2133	0.8913165266106443	0.9425355450236967
ERP117672	2134	0.919047619047619	0.9578163771712159
ERP117672	2135	0.865546218487395	0.927927927927928
ERP117672	2136	0.9571428571428572	0.9781021897810218
ERP117672	2137	0.9254901960784314	0.9613034623217923
ERP117672	2138	0.9333333333333333	0.9655172413793104
ERP117672	2139	0.9064425770308123	0.9509256538348516
ERP117672	2140	0.9294117647058824	0.9634146341463414
ERP117672	2141	0.9112044817927171	0.9535394987542137
ERP117672	2142	0.9428571428571428	0.9705882352941176
ERP117672	2143	0.9554621848739496	0.9772238934250107
ERP117672	2144	0.9627450980392157	0.981018981018981
ERP117672	2145	0.8725490196078431	0.9319371727748691
ERP117672	2146	0.9044817927170868	0.9498455655243419
ERP117672	2147	0.9316526610644258	0.9646171693735499
ERP117672	2148	0.9103641456582633	0.9530791788856305
ERP117672	2149	0.9478991596638655	0.9732528041415013
ERP117672	2150	0.9296918767507003	0.9635651037886486
ERP117672	2151	0.94593837535014	0.9722182236936807
ERP117672	2152	0.9551820728291317	0.9770773638968481
ERP117672	2153	0.9372549019607843	0.9676113360323887
ERP117672	2154	0.9456582633053221	0.9720702562625971
ERP117672	2155	0.9507002801120448	0.9747271682940838
ERP117672	2156	0.9126050420168067	0.9543057996485061
ERP117672	2157	0.9238095238095239	0.9603960396039605
ERP117672	2158	0.9549019607843138	0.9769307923771313
ERP117672	2159	0.9358543417366947	0.9668644190421067
ERP117672	2160	0.9380952380952381	0.9680589680589681
ERP117672	2161	0.9310924369747899	0.9643167972149695
ERP117672	2162	0.9588235294117647	0.9789789789789789
ERP117672	2163	0.9280112044817928	0.9626616301031528
ERP117672	2164	0.9602240896358544	0.9797084881394684
ERP117672	2165	0.9313725490196079	0.9644670050761421
ERP117672	2166	0.9324929971988796	0.9650674010726192
ERP117672	2167	0.9109243697478991	0.9533861037818822
ERP117672	2168	0.9260504201680673	0.9616055846422339
ERP117672	2169	0.9260504201680673	0.9616055846422339
ERP117672	2170	0.9263305322128852	0.961756579904028
ERP117672	2171	0.9162464985994397	0.9562929396287093
ERP117672	2172	0.9436974789915966	0.971033290099438
ERP117672	2173	0.8941176470588236	0.9440993788819877
ERP117672	2174	0.9428571428571428	0.9705882352941176
ERP117672	2175	0.9042016806722689	0.9496910856134158
ERP117672	2176	0.9644257703081233	0.9818907742763439
ERP117672	2177	0.9095238095238095	0.9526184538653367
ERP117672	2178	0.9518207282913165	0.9753157290470723
ERP117672	2179	0.9448179271708683	0.9716260982284315
ERP117672	2180	0.9162464985994397	0.9562929396287093
ERP117672	2181	0.9159663865546218	0.9561403508771931
ERP117672	2182	0.9170868347338935	0.9567504383401519
ERP117672	2183	0.9495798319327731	0.9741379310344828
ERP117672	2184	0.9476190476190476	0.9731051344743276
ERP117672	2185	0.9543417366946779	0.9766375232908127
ERP117672	2186	0.9302521008403362	0.9638659120592077
ERP117672	2187	0.9703081232492997	0.9849303383565539
ERP117672	2188	0.9324929971988796	0.9650674010726192
ERP117672	2189	0.9663865546218487	0.9829059829059829
ERP117672	2190	0.9481792717086834	0.9734004313443566
ERP117672	2191	0.9633053221288516	0.9813097446140676
ERP117672	2192	0.9504201680672268	0.974579922447221
ERP117672	2193	0.9316526610644258	0.9646171693735499
ERP117672	2194	0.9196078431372549	0.958120531154239
ERP117672	2195	0.8932773109243698	0.9436307146027519
ERP117672	2196	0.9464985994397759	0.9725140307957979
ERP117672	2197	0.8764705882352941	0.9341692789968652
ERP117672	2198	0.9551820728291317	0.9770773638968481
ERP117672	2199	0.9036414565826331	0.9493819894055328
ERP117672	2200	0.9187675070028011	0.9576642335766423
ERP117672	2201	0.9551820728291317	0.9770773638968481
ERP117672	2202	0.9319327731092437	0.9647672901261418
ERP117672	2203	0.9324929971988796	0.9650674010726192
ERP117672	2204	0.9400560224089636	0.9691019347386659
ERP117672	2205	0.942296918767507	0.9702913181424863
ERP117672	2206	0.9207282913165266	0.9587283068397259
ERP117672	2207	0.9717086834733893	0.9856513709333712
ERP117672	2208	0.8960784313725491	0.9451913133402275
ERP117672	2209	0.9529411764705882	0.9759036144578312
ERP117672	2210	0.926890756302521	0.9620584387265592
ERP117672	2211	0.9490196078431372	0.9738430583501005
ERP117672	2212	0.9543417366946779	0.9766375232908127
ERP117672	2213	0.9210084033613445	0.9588801399825022
ERP117672	2214	0.9456582633053221	0.9720702562625971
ERP117672	2215	0.9425770308123249	0.9704397981254506
ERP117672	2216	0.9229691876750701	0.9599417334304443
ERP117672	2217	0.9112044817927171	0.9535394987542137
ERP117672	2218	0.938375350140056	0.9682080924855492
ERP117672	2219	0.9176470588235294	0.9570552147239264
ERP117672	2220	0.9504201680672268	0.974579922447221
ERP117672	2221	0.942296918767507	0.9702913181424863
ERP117672	2222	0.9557422969187676	0.977370380979662
ERP117672	2223	0.9204481792717086	0.9585764294049008
ERP117672	2224	0.938375350140056	0.9682080924855492
ERP117672	2225	0.9543417366946779	0.9766375232908127
ERP117672	2226	0.8725490196078431	0.9319371727748691
ERP117672	2227	0.942296918767507	0.9702913181424863
ERP117672	2228	0.9400560224089636	0.9691019347386659
ERP117672	2229	0.9543417366946779	0.9766375232908127
ERP117672	2230	0.9327731092436975	0.9652173913043478
ERP117672	2231	0.9546218487394958	0.9767841788478073
ERP117672	2232	0.9098039215686274	0.9527720739219713
ERP117672	2233	0.95406162464986	0.9764908256880733
ERP117672	2234	0.9249299719887956	0.9610011641443539
ERP117672	2235	0.9571428571428572	0.9781021897810218
ERP117672	2236	0.9336134453781513	0.9656671012603216
ERP117672	2237	0.9560224089635855	0.9775168265788343
ERP117672	2238	0.9397759103641457	0.9689530685920578
ERP117672	2239	0.938375350140056	0.9682080924855492
ERP117672	2240	0.9215686274509803	0.9591836734693878
ERP117672	2241	0.9523809523809523	0.975609756097561
ERP117672	2242	0.9392156862745098	0.9686552072800809
ERP117672	2243	0.9571428571428572	0.9781021897810218
ERP117672	2244	0.9406162464985994	0.9693995381062356
ERP117672	2245	0.9229691876750701	0.9599417334304443
ERP117672	2246	0.9112044817927171	0.9535394987542137
ERP117672	2247	0.9425770308123249	0.9704397981254506
ERP117672	2248	0.9588235294117647	0.9789789789789789
ERP117672	2249	0.9408963585434174	0.9695482753644105
ERP117672	2250	0.9470588235294117	0.972809667673716
ERP117672	2251	0.9254901960784314	0.9613034623217923
ERP117672	2252	0.9058823529411765	0.9506172839506173
ERP117672	2253	0.9745098039215686	0.9870903674280039
ERP117672	2254	0.8887955182072829	0.9411241287260863
ERP117672	2255	0.9327731092436975	0.9652173913043478
ERP117672	2256	0.9521008403361344	0.975462763667671
ERP117672	2257	0.9661064425770308	0.9827610770765066
ERP117672	2258	0.9428571428571428	0.9705882352941176
ERP117672	2259	0.9319327731092437	0.9647672901261418
ERP117672	2260	0.9470588235294117	0.972809667673716
ERP117672	2261	0.9434173669467787	0.9708849812626117
ERP117672	2262	0.9585434173669468	0.97883295194508
ERP117672	2263	0.9394957983193277	0.9688041594454073
ERP117672	2264	0.9523809523809523	0.975609756097561
ERP117672	2265	0.9126050420168067	0.9543057996485061
ERP117672	2266	0.9571428571428572	0.9781021897810218
ERP117672	2267	0.9324929971988796	0.9650674010726192
ERP117672	2268	0.8714285714285714	0.9312977099236641
ERP117672	2269	0.9481792717086834	0.9734004313443566
ERP117672	2270	0.9476190476190476	0.9731051344743276
ERP117672	2271	0.9453781512605042	0.9719222462203023
ERP117672	2272	0.9184873949579831	0.9575120455540955
ERP117672	2273	0.9571428571428572	0.9781021897810218
ERP117672	2274	0.9560224089635855	0.9775168265788343
ERP117672	2275	0.8689075630252101	0.9298561151079137
ERP117672	2276	0.8977591036414566	0.9461254612546126
ERP117672	2277	0.9366946778711485	0.9673126988718542
ERP117672	2278	0.9128851540616246	0.9544589251720603
ERP117672	2279	0.9473389355742297	0.9729574223245109
ERP117672	2280	0.9123249299719888	0.9541526292661492
ERP117672	2281	0.9106442577030812	0.9532326638322827
ERP117672	2282	0.934733893557423	0.9662661068481251
ERP117672	2283	0.9042016806722689	0.9496910856134158
ERP117672	2284	0.9408963585434174	0.9695482753644105
ERP117672	2285	0.9742296918767507	0.9869466515323495
ERP117672	2286	0.9456582633053221	0.9720702562625971
ERP117672	2287	0.9364145658263305	0.9671633154925503
ERP117672	2288	0.934733893557423	0.9662661068481251
ERP117672	2289	0.9140056022408963	0.9550709790721499
ERP117672	2290	0.8957983193277311	0.9450354609929079
ERP117672	2291	0.9809523809523809	0.9903846153846153
ERP117672	2292	0.9403361344537815	0.9692507579038545
ERP117672	2293	0.911484593837535	0.9536928487690505
ERP117672	2294	0.957703081232493	0.9783946201173271
ERP117672	2295	0.9212885154061624	0.9590319288526025
ERP117672	2296	0.9703081232492997	0.9849303383565539
ERP117672	2297	0.9683473389355742	0.9839191689198804
ERP117672	2298	0.9350140056022409	0.9664157498552403
ERP117672	2299	0.9610644257703082	0.980145693472361
ERP117672	2300	0.9613445378151261	0.9802913453299057
ERP117672	2301	0.9703081232492997	0.9849303383565539
ERP117672	2302	0.9649859943977591	0.9821810406272273
ERP117672	2303	0.9137254901960784	0.9549180327868853
ERP117672	2304	0.9599439775910364	0.9795626697155924
ERP117672	2305	0.9366946778711485	0.9673126988718542
ERP117672	2306	0.9535014005602241	0.976197304273014
ERP117672	2307	0.8971988795518208	0.945814262512919
ERP117672	2308	0.8966386554621849	0.9455028799291095
ERP117672	2309	0.9196078431372549	0.958120531154239
ERP117672	2310	0.8677871148459384	0.9292141571685663
ERP117672	2311	0.9305322128851541	0.9640162507254788
ERP117672	2312	0.9369747899159664	0.9674620390455532
ERP117672	2313	0.9358543417366947	0.9668644190421067
ERP117672	2314	0.9156862745098039	0.9559877175025588
ERP117672	2315	0.9375350140056022	0.9677605898510915
ERP117672	2316	0.9610644257703082	0.980145693472361
ERP117672	2317	0.9162464985994397	0.9562929396287093
ERP117672	2318	0.9364145658263305	0.9671633154925503
ERP117672	2319	0.949859943977591	0.9742853038356558
ERP117672	2320	0.8565826330532212	0.9227519613759806
ERP117672	2321	0.9417366946778711	0.96999422965955
ERP117672	2322	0.9299719887955182	0.9637155297532656
ERP117672	2323	0.957703081232493	0.9783946201173271
ERP117672	2324	0.942296918767507	0.9702913181424863
ERP117672	2325	0.9019607843137255	0.9484536082474228
ERP117672	2326	0.9238095238095239	0.9603960396039605
ERP117672	2327	0.9240896358543418	0.9605473868103072
ERP117672	2328	0.9448179271708683	0.9716260982284315
ERP117672	2329	0.942296918767507	0.9702913181424863
ERP117672	2330	0.9084033613445378	0.9520035226772348
ERP117672	2331	0.9316526610644258	0.9646171693735499
ERP117672	2332	0.9507002801120448	0.9747271682940838
ERP117672	2333	0.9274509803921569	0.9623601220752798
ERP117672	2334	0.9008403361344538	0.9478337754199824
ERP117672	2335	0.934733893557423	0.9662661068481251
ERP117672	2336	0.8966386554621849	0.9455028799291095
ERP117672	2337	0.8801120448179272	0.9362336114421931
ERP117672	2338	0.9663865546218487	0.9829059829059829
ERP117672	2339	0.9621848739495799	0.9807280513918629
ERP117672	2340	0.938375350140056	0.9682080924855492
ERP117672	2341	0.884313725490196	0.9386056191467221
ERP117672	2342	0.9380952380952381	0.9680589680589681
ERP117672	2343	0.9445378151260504	0.9714779602420052
ERP117672	2344	0.9512605042016806	0.975021533161068
ERP117672	2345	0.9450980392156862	0.9717741935483871
ERP117672	2346	0.9257703081232493	0.9614545454545455
ERP117672	2347	0.9571428571428572	0.9781021897810218
ERP117672	2348	0.94593837535014	0.9722182236936807
ERP117672	2349	0.9411764705882353	0.9696969696969697
ERP117672	2350	0.9366946778711485	0.9673126988718542
ERP117672	2351	0.9375350140056022	0.9677605898510915
ERP117672	2352	0.9492997198879551	0.9739905158787182
ERP117672	2353	0.9221288515406163	0.9594870300204023
ERP117672	2354	0.8997198879551821	0.9472132114420525
ERP117672	2355	0.9215686274509803	0.9591836734693878
ERP117672	2356	0.9515406162464985	0.9751686522175972
ERP117672	2357	0.9336134453781513	0.9656671012603216
ERP117672	2358	0.9504201680672268	0.974579922447221
ERP117672	2359	0.9406162464985994	0.9693995381062356
ERP117672	2360	0.9089635854341737	0.9523110785033015
ERP117672	2361	0.9518207282913165	0.9753157290470723
ERP117672	2362	0.9350140056022409	0.9664157498552403
ERP117672	2363	0.9198879551820728	0.9582725415815583
ERP117672	2364	0.9442577030812325	0.971329779570667
ERP117672	2365	0.9484593837535014	0.9735480161012076
ERP117672	2366	0.9504201680672268	0.974579922447221
ERP117672	2367	0.8865546218487395	0.9398663697104677
ERP117672	2368	0.9400560224089636	0.9691019347386659
ERP117672	2369	0.9280112044817928	0.9626616301031528
ERP117672	2370	0.9537815126050421	0.9763440860215054
ERP117672	2371	0.9305322128851541	0.9640162507254788
ERP117672	2372	0.95406162464986	0.9764908256880733
ERP117672	2373	0.9084033613445378	0.9520035226772348
ERP117672	2374	0.957703081232493	0.9783946201173271
ERP117672	2375	0.9439775910364145	0.9711815561959654
ERP117672	2376	0.9235294117647059	0.9602446483180428
ERP117672	2377	0.9333333333333333	0.9655172413793104
ERP117672	2378	0.9574229691876751	0.9782484258729249
ERP117672	2379	0.9414565826330532	0.9698456211224932
ERP117672	2380	0.9117647058823529	0.9538461538461539
ERP117672	2381	0.9677871148459384	0.9836298932384341
ERP117672	2382	0.8991596638655462	0.9469026548672567
ERP117672	2383	0.9512605042016806	0.975021533161068
ERP117672	2384	0.9476190476190476	0.9731051344743276
ERP117672	2385	0.9453781512605042	0.9719222462203023
ERP117672	2386	0.9467787114845938	0.9726618705035971
ERP117672	2387	0.9478991596638655	0.9732528041415013
ERP117672	2388	0.9193277310924369	0.957968476357268
ERP117672	2389	0.9280112044817928	0.9626616301031528
ERP117672	2390	0.9263305322128852	0.961756579904028
ERP117672	2391	0.946218487394958	0.9723661485319516
ERP117672	2392	0.8871148459383753	0.9401810895057147
ERP117672	2393	0.8955182072829132	0.9448795625831241
ERP117672	2394	0.9560224089635855	0.9775168265788343
ERP117672	2395	0.9106442577030812	0.9532326638322827
ERP117672	2396	0.9212885154061624	0.9590319288526025
ERP117672	2397	0.9439775910364145	0.9711815561959654
ERP117672	2398	0.9369747899159664	0.9674620390455532
ERP117672	2399	0.94593837535014	0.9722182236936807
ERP117672	2400	0.9168067226890756	0.9565979833406401
ERP117672	2401	0.9372549019607843	0.9676113360323887
ERP117672	2402	0.9456582633053221	0.9720702562625971
ERP117672	2403	0.957703081232493	0.9783946201173271
ERP117672	2404	0.9134453781512605	0.9547650417215635
ERP117672	2405	0.9103641456582633	0.9530791788856305
ERP117672	2406	0.8943977591036415	0.9442555079106906
ERP117672	2407	0.9574229691876751	0.9782484258729249
ERP117672	2408	0.9518207282913165	0.9753157290470723
ERP117672	2409	0.9310924369747899	0.9643167972149695
ERP117672	2410	0.9663865546218487	0.9829059829059829
ERP117672	2411	0.9549019607843138	0.9769307923771313
ERP117672	2412	0.9624649859943978	0.9808735369683128
ERP117672	2413	0.9274509803921569	0.9623601220752798
ERP117672	2414	0.9526610644257703	0.9757567063548989
ERP117672	2415	0.934453781512605	0.9661164205039097
ERP117672	2416	0.9403361344537815	0.9692507579038545
ERP117672	2417	0.965266106442577	0.9823261117445837
ERP117672	2418	0.8803921568627451	0.9363920750782064
ERP117672	2419	0.9380952380952381	0.9680589680589681
ERP117672	2420	0.9170868347338935	0.9567504383401519
ERP117672	2421	0.9394957983193277	0.9688041594454073
ERP117672	2422	0.972829131652661	0.9862274598892516
ERP117672	2423	0.9476190476190476	0.9731051344743276
ERP117672	2424	0.9560224089635855	0.9775168265788343
ERP117672	2425	0.9378151260504202	0.9679098005203816
ERP117672	2426	0.9036414565826331	0.9493819894055328
ERP117672	2427	0.9285714285714286	0.962962962962963
ERP117672	2428	0.9532212885154062	0.9760504804244945
ERP117672	2429	0.9529411764705882	0.9759036144578312
ERP117672	2430	0.9294117647058824	0.9634146341463414
ERP117672	2431	0.8826330532212885	0.9376580865942568
ERP117672	2432	0.9434173669467787	0.9708849812626117
ERP117672	2433	0.896358543417367	0.9453471196454949
ERP117672	2434	0.934733893557423	0.9662661068481251
ERP117672	2435	0.9207282913165266	0.9587283068397259
ERP117672	2436	0.8913165266106443	0.9425355450236967
ERP117672	2437	0.957983193277311	0.9785407725321889
ERP117672	2438	0.9008403361344538	0.9478337754199824
ERP117672	2439	0.9123249299719888	0.9541526292661492
ERP117672	2440	0.9694677871148459	0.9844972265680557
ERP117672	2441	0.9666666666666667	0.983050847457627
ERP117672	2442	0.8915966386554622	0.9426921368280765
ERP117672	2443	0.9355742296918768	0.9667149059334298
ERP117672	2444	0.9484593837535014	0.9735480161012076
ERP117672	2445	0.9168067226890756	0.9565979833406401
ERP117672	2446	0.9397759103641457	0.9689530685920578
ERP117672	2447	0.9512605042016806	0.975021533161068
ERP117672	2448	0.9521008403361344	0.975462763667671
ERP117672	2449	0.934733893557423	0.9662661068481251
ERP117672	2450	0.9352941176470588	0.9665653495440729
ERP117672	2451	0.907843137254902	0.9516957862281604
ERP117672	2452	0.9061624649859944	0.9507714915503307
ERP117672	2453	0.9431372549019608	0.970736629667003
ERP117672	2454	0.9168067226890756	0.9565979833406401
ERP117672	2455	0.9478991596638655	0.9732528041415013
ERP117672	2456	0.942296918767507	0.9702913181424863
ERP117672	2457	0.865546218487395	0.927927927927928
ERP117672	2458	0.9647058823529412	0.9820359281437125
ERP117672	2459	0.9484593837535014	0.9735480161012076
ERP117672	2460	0.9445378151260504	0.9714779602420052
ERP117672	2461	0.9182072829131652	0.9573598130841122
ERP117672	2462	0.8773109243697479	0.9346463742166518
ERP117672	2463	0.938375350140056	0.9682080924855492
ERP117672	2464	0.94593837535014	0.9722182236936807
ERP117672	2465	0.9507002801120448	0.9747271682940838
ERP117672	2466	0.9204481792717086	0.9585764294049008
ERP117672	2467	0.961624649859944	0.9804369555904612
ERP117672	2468	0.857703081232493	0.9234016887816646
ERP117672	2469	0.9717086834733893	0.9856513709333712
ERP117672	2470	0.9246498599439776	0.9608499490612721
ERP117672	2471	0.934733893557423	0.9662661068481251
ERP117672	2472	0.942296918767507	0.9702913181424863
ERP117672	2473	0.9092436974789916	0.9524647887323944
ERP117672	2474	0.9434173669467787	0.9708849812626117
ERP117672	2475	0.9467787114845938	0.9726618705035971
ERP117672	2476	0.9747899159663865	0.9872340425531915
ERP117672	2477	0.9666666666666667	0.983050847457627
ERP117672	2478	0.9378151260504202	0.9679098005203816
ERP117672	2479	0.9274509803921569	0.9623601220752798
ERP117672	2480	0.930812324929972	0.9641665457710721
ERP117672	2481	0.9512605042016806	0.975021533161068
ERP117672	2482	0.957703081232493	0.9783946201173271
ERP117672	2483	0.9305322128851541	0.9640162507254788
ERP117672	2484	0.965266106442577	0.9823261117445837
ERP117672	2485	0.9389355742296919	0.9685062120774343
ERP117672	2486	0.9568627450980393	0.9779559118236473
ERP117672	2487	0.9380952380952381	0.9680589680589681
ERP117672	2488	0.9644257703081233	0.9818907742763439
ERP117672	2489	0.942296918767507	0.9702913181424863
ERP117672	2490	0.9375350140056022	0.9677605898510915
ERP117672	2491	0.9476190476190476	0.9731051344743276
ERP117672	2492	0.9044817927170868	0.9498455655243419
ERP117672	2493	0.9549019607843138	0.9769307923771313
ERP117672	2494	0.9288515406162465	0.9631135637525414
ERP117672	2495	0.9260504201680673	0.9616055846422339
ERP117672	2496	0.9128851540616246	0.9544589251720603
ERP117672	2497	0.9243697478991597	0.9606986899563319
ERP117672	2498	0.9434173669467787	0.9708849812626117
ERP117672	2499	0.9092436974789916	0.9524647887323944
ERP117672	2500	0.9070028011204482	0.9512338425381904
ERP117672	2501	0.9453781512605042	0.9719222462203023
ERP117672	2502	0.9565826330532213	0.9778095919828202
ERP117672	2503	0.9058823529411765	0.9506172839506173
ERP117672	2504	0.9240896358543418	0.9605473868103072
ERP117672	2505	0.8355742296918768	0.9104227071570273
ERP117672	2506	0.9305322128851541	0.9640162507254788
ERP117672	2507	0.8896358543417366	0.9415950192706789
ERP117672	2508	0.9411764705882353	0.9696969696969697
ERP117672	2509	0.9260504201680673	0.9616055846422339
ERP117672	2510	0.9224089635854342	0.9596386419932974
ERP117672	2511	0.9305322128851541	0.9640162507254788
ERP117672	2512	0.9355742296918768	0.9667149059334298
ERP117672	2513	0.9400560224089636	0.9691019347386659
ERP117672	2514	0.9274509803921569	0.9623601220752798
ERP117672	2515	0.9193277310924369	0.957968476357268
ERP117672	2516	0.9252100840336135	0.9611523352247927
ERP117672	2517	0.9417366946778711	0.96999422965955
ERP117672	2518	0.9338935574229692	0.9658169177288528
ERP117672	2519	0.9361344537815126	0.9670138888888888
ERP117672	2520	0.911484593837535	0.9536928487690505
ERP117672	2521	0.9495798319327731	0.9741379310344828
ERP117672	2522	0.9112044817927171	0.9535394987542137
ERP117672	2523	0.9033613445378151	0.9492273730684327
ERP117672	2524	0.938655462184874	0.9683571738188123
ERP117672	2525	0.9327731092436975	0.9652173913043478
ERP117672	2526	0.95406162464986	0.9764908256880733
ERP117672	2527	0.8904761904761904	0.9420654911838791
ERP117672	2528	0.8890756302521008	0.9412811387900356
ERP117672	2529	0.9624649859943978	0.9808735369683128
ERP117672	2530	0.9243697478991597	0.9606986899563319
ERP117672	2531	0.9333333333333333	0.9655172413793104
ERP117672	2532	0.9574229691876751	0.9782484258729249
ERP117672	2533	0.9249299719887956	0.9610011641443539
ERP117672	2534	0.8974789915966387	0.945969884853853
ERP117672	2535	0.9448179271708683	0.9716260982284315
ERP117672	2536	0.9537815126050421	0.9763440860215054
ERP117672	2537	0.9400560224089636	0.9691019347386659
ERP117672	2538	0.9361344537815126	0.9670138888888888
ERP117672	2539	0.9512605042016806	0.975021533161068
ERP117672	2540	0.9638655462184874	0.9816003423192127
ERP117672	2541	0.9523809523809523	0.975609756097561
ERP117672	2542	0.9280112044817928	0.9626616301031528
ERP117672	2543	0.9193277310924369	0.957968476357268
ERP117672	2544	0.9336134453781513	0.9656671012603216
ERP117672	2545	0.9549019607843138	0.9769307923771313
ERP117672	2546	0.9504201680672268	0.974579922447221
ERP117672	2547	0.9277310924369748	0.962510897994769
ERP117672	2548	0.926890756302521	0.9620584387265592
ERP117672	2549	0.9260504201680673	0.9616055846422339
ERP117672	2550	0.9392156862745098	0.9686552072800809
ERP117672	2551	0.9221288515406163	0.9594870300204023
ERP117672	2552	0.9215686274509803	0.9591836734693878
ERP117672	2553	0.9504201680672268	0.974579922447221
ERP117672	2554	0.8504201680672269	0.919164396003633
ERP117672	2555	0.9481792717086834	0.9734004313443566
ERP117672	2556	0.9495798319327731	0.9741379310344828
ERP117672	2557	0.9591036414565827	0.9791249642550758
ERP117672	2558	0.9142857142857143	0.955223880597015
ERP117672	2559	0.9092436974789916	0.9524647887323944
ERP117672	2560	0.9366946778711485	0.9673126988718542
ERP117672	2561	0.9156862745098039	0.9559877175025588
ERP117672	2562	0.9252100840336135	0.9611523352247927
ERP117672	2563	0.9554621848739496	0.9772238934250107
ERP117672	2564	0.9742296918767507	0.9869466515323495
ERP117672	2565	0.9585434173669468	0.97883295194508
ERP117672	2566	0.9428571428571428	0.9705882352941176
ERP117672	2567	0.9431372549019608	0.970736629667003
ERP117672	2568	0.9173669467787114	0.9569028487947407
ERP117672	2569	0.9560224089635855	0.9775168265788343
ERP117672	2570	0.9470588235294117	0.972809667673716
ERP117672	2571	0.9375350140056022	0.9677605898510915
ERP117672	2572	0.9355742296918768	0.9667149059334298
ERP117672	2573	0.9453781512605042	0.9719222462203023
ERP117672	2574	0.9613445378151261	0.9802913453299057
ERP117672	2575	0.9358543417366947	0.9668644190421067
ERP117672	2576	0.9330532212885154	0.9653673380669469
ERP117672	2577	0.94593837535014	0.9722182236936807
ERP117672	2578	0.9134453781512605	0.9547650417215635
ERP117672	2579	0.9061624649859944	0.9507714915503307
ERP117672	2580	0.8016806722689076	0.8899253731343284
ERP117672	2581	0.9588235294117647	0.9789789789789789
ERP117672	2582	0.8980392156862745	0.9462809917355373
ERP117672	2583	0.9081232492997199	0.9518496770405168
ERP117672	2584	0.9156862745098039	0.9559877175025588
ERP117672	2585	0.9518207282913165	0.9753157290470723
ERP117672	2586	0.9263305322128852	0.961756579904028
ERP117672	2587	0.9700280112044818	0.9847860088155836
ERP117672	2588	0.9420168067226891	0.9701427953266983
ERP117672	2589	0.9305322128851541	0.9640162507254788
ERP117672	2590	0.9305322128851541	0.9640162507254788
ERP117672	2591	0.9406162464985994	0.9693995381062356
ERP117672	2592	0.8969187675070028	0.945658594211459
ERP117672	2593	0.9627450980392157	0.981018981018981
ERP117672	2594	0.9518207282913165	0.9753157290470723
ERP117672	2595	0.9243697478991597	0.9606986899563319
ERP117672	2596	0.927170868347339	0.9622093023255814
ERP117672	2597	0.8725490196078431	0.9319371727748691
ERP117672	2598	0.9507002801120448	0.9747271682940838
ERP117672	2599	0.95406162464986	0.9764908256880733
ERP117672	2600	0.9627450980392157	0.981018981018981
ERP117672	2601	0.9249299719887956	0.9610011641443539
ERP117672	2602	0.9408963585434174	0.9695482753644105
ERP117672	2603	0.9238095238095239	0.9603960396039605
ERP117672	2604	0.9478991596638655	0.9732528041415013
ERP117672	2605	0.8795518207282913	0.9359165424739195
ERP117672	2606	0.9529411764705882	0.9759036144578312
ERP117672	2607	0.9436974789915966	0.971033290099438
ERP117672	2608	0.9619047619047619	0.9805825242718447
ERP117672	2609	0.9358543417366947	0.9668644190421067
ERP117672	2610	0.9044817927170868	0.9498455655243419
ERP117672	2611	0.915406162464986	0.9558350394852296
ERP117672	2612	0.9333333333333333	0.9655172413793104
ERP117672	2613	0.8859943977591036	0.9395514629437101
ERP117672	2614	0.9431372549019608	0.970736629667003
ERP117672	2615	0.9338935574229692	0.9658169177288528
ERP117672	2616	0.9532212885154062	0.9760504804244945
ERP117672	2617	0.9428571428571428	0.9705882352941176
ERP117672	2618	0.9319327731092437	0.9647672901261418
ERP117672	2619	0.9008403361344538	0.9478337754199824
ERP117672	2620	0.9112044817927171	0.9535394987542137
ERP117672	2621	0.9100840336134454	0.9529256489221294
ERP117672	2622	0.9100840336134454	0.9529256489221294
ERP117672	2623	0.8759103641456583	0.933850978049873
ERP117672	2624	0.9123249299719888	0.9541526292661492
ERP117672	2625	0.9316526610644258	0.9646171693735499
ERP117672	2626	0.9436974789915966	0.971033290099438
ERP117672	2627	0.9501400560224089	0.9744326343004883
ERP117672	2628	0.9210084033613445	0.9588801399825022
ERP117672	2629	0.9417366946778711	0.96999422965955
ERP117672	2630	0.9434173669467787	0.9708849812626117
ERP117672	2631	0.9588235294117647	0.9789789789789789
ERP117672	2632	0.9537815126050421	0.9763440860215054
ERP117672	2633	0.9067226890756303	0.9510797708241516
ERP117672	2634	0.9296918767507003	0.9635651037886486
ERP117672	2635	0.9207282913165266	0.9587283068397259
ERP117672	2636	0.9173669467787114	0.9569028487947407
ERP117672	2637	0.9288515406162465	0.9631135637525414
ERP117672	2638	0.9333333333333333	0.9655172413793104
ERP117672	2639	0.9229691876750701	0.9599417334304443
ERP117672	2640	0.8876750700280112	0.9404956224959192
ERP117672	2641	0.9439775910364145	0.9711815561959654
ERP117672	2642	0.9229691876750701	0.9599417334304443
ERP117672	2643	0.9240896358543418	0.9605473868103072
ERP117672	2644	0.9257703081232493	0.9614545454545455
ERP117672	2645	0.9448179271708683	0.9716260982284315
ERP117672	2646	0.95406162464986	0.9764908256880733
ERP117672	2647	0.9294117647058824	0.9634146341463414
ERP117672	2648	0.9633053221288516	0.9813097446140676
ERP117672	2649	0.9319327731092437	0.9647672901261418
ERP117672	2650	0.9565826330532213	0.9778095919828202
ERP117672	2651	0.9198879551820728	0.9582725415815583
ERP117672	2652	0.934733893557423	0.9662661068481251
ERP117672	2653	0.8803921568627451	0.9363920750782064
ERP117672	2654	0.9456582633053221	0.9720702562625971
ERP117672	2655	0.938655462184874	0.9683571738188123
ERP117672	2656	0.9100840336134454	0.9529256489221294
ERP117672	2657	0.9389355742296919	0.9685062120774343
ERP117672	2658	0.9397759103641457	0.9689530685920578
ERP117672	2659	0.9554621848739496	0.9772238934250107
ERP117672	2660	0.9425770308123249	0.9704397981254506
ERP117672	2661	0.9400560224089636	0.9691019347386659
ERP117672	2662	0.8960784313725491	0.9451913133402275
ERP117672	2663	0.9112044817927171	0.9535394987542137
ERP117672	2664	0.9722689075630252	0.985939497230507
ERP117672	2665	0.9313725490196079	0.9644670050761421
ERP117672	2666	0.9319327731092437	0.9647672901261418
ERP117672	2667	0.8717086834733894	0.9314576474109548
ERP117672	2668	0.9624649859943978	0.9808735369683128
ERP117672	2669	0.9294117647058824	0.9634146341463414
ERP117672	2670	0.9521008403361344	0.975462763667671
ERP117672	2671	0.9243697478991597	0.9606986899563319
ERP117672	2672	0.9084033613445378	0.9520035226772348
ERP117672	2673	0.9436974789915966	0.971033290099438
ERP117672	2674	0.9084033613445378	0.9520035226772348
ERP117672	2675	0.965266106442577	0.9823261117445837
ERP117672	2676	0.926890756302521	0.9620584387265592
ERP117672	2677	0.8985994397759104	0.9465919150191797
ERP117672	2678	0.9243697478991597	0.9606986899563319
ERP117672	2679	0.9582633053221289	0.9786868831354598
ERP117672	2680	0.9372549019607843	0.9676113360323887
ERP117672	2681	0.9619047619047619	0.9805825242718447
ERP117672	2682	0.9518207282913165	0.9753157290470723
ERP117672	2683	0.9563025210084034	0.9776632302405498
ERP117672	2684	0.9358543417366947	0.9668644190421067
ERP117672	2685	0.8904761904761904	0.9420654911838791
ERP117672	2686	0.9537815126050421	0.9763440860215054
ERP117672	2687	0.9588235294117647	0.9789789789789789
ERP117672	2688	0.9523809523809523	0.975609756097561
ERP117672	2689	0.9319327731092437	0.9647672901261418
ERP117672	2690	0.9408963585434174	0.9695482753644105
ERP117672	2691	0.9518207282913165	0.9753157290470723
ERP117672	2692	0.9414565826330532	0.9698456211224932
ERP117672	2693	0.9467787114845938	0.9726618705035971
ERP117672	2694	0.9375350140056022	0.9677605898510915
ERP117672	2695	0.934733893557423	0.9662661068481251
ERP117672	2696	0.9117647058823529	0.9538461538461539
ERP117672	2697	0.9252100840336135	0.9611523352247927
ERP117672	2698	0.9719887955182073	0.9857954545454545
ERP117672	2699	0.9240896358543418	0.9605473868103072
ERP117672	2700	0.9588235294117647	0.9789789789789789
ERP117672	2701	0.9095238095238095	0.9526184538653367
ERP117672	2702	0.926890756302521	0.9620584387265592
ERP117672	2703	0.9176470588235294	0.9570552147239264
ERP117672	2704	0.9473389355742297	0.9729574223245109
ERP117672	2705	0.9630252100840336	0.9811643835616438
ERP117672	2706	0.9142857142857143	0.955223880597015
ERP117672	2707	0.9453781512605042	0.9719222462203023
ERP117672	2708	0.9661064425770308	0.9827610770765066
ERP117672	2709	0.9574229691876751	0.9782484258729249
ERP117672	2710	0.9327731092436975	0.9652173913043478
ERP117672	2711	0.8899159663865546	0.9417518897287683
ERP117672	2712	0.9523809523809523	0.975609756097561
ERP117672	2713	0.9165266106442577	0.9564454837766735
ERP117672	2714	0.9249299719887956	0.9610011641443539
ERP117672	2715	0.9565826330532213	0.9778095919828202
ERP117672	2716	0.9280112044817928	0.9626616301031528
ERP117672	2717	0.9535014005602241	0.976197304273014
ERP117672	2718	0.9400560224089636	0.9691019347386659
ERP117672	2719	0.9207282913165266	0.9587283068397259
ERP117672	2720	0.9322128851540616	0.9649173673528559
ERP117672	2721	0.9627450980392157	0.981018981018981
ERP117672	2722	0.95406162464986	0.9764908256880733
ERP117672	2723	0.9316526610644258	0.9646171693735499
ERP117672	2724	0.9302521008403362	0.9638659120592077
ERP117672	2725	0.9394957983193277	0.9688041594454073
ERP117672	2726	0.8817927170868347	0.9371836856207204
ERP117672	2727	0.915406162464986	0.9558350394852296
ERP117672	2728	0.9238095238095239	0.9603960396039605
ERP117672	2729	0.9478991596638655	0.9732528041415013
ERP117672	2730	0.9554621848739496	0.9772238934250107
ERP117672	2731	0.9285714285714286	0.962962962962963
ERP117672	2732	0.9210084033613445	0.9588801399825022
ERP117672	2733	0.9406162464985994	0.9693995381062356
ERP117672	2734	0.9487394957983193	0.9736955584303579
ERP117672	2735	0.9327731092436975	0.9652173913043478
ERP117672	2736	0.9487394957983193	0.9736955584303579
ERP117672	2737	0.9588235294117647	0.9789789789789789
ERP117672	2738	0.9294117647058824	0.9634146341463414
ERP117672	2739	0.8717086834733894	0.9314576474109548
ERP117672	2740	0.9098039215686274	0.9527720739219713
ERP117672	2741	0.9364145658263305	0.9671633154925503
ERP117672	2742	0.9375350140056022	0.9677605898510915
ERP117672	2743	0.9560224089635855	0.9775168265788343
ERP117672	2744	0.9291316526610645	0.9632641208073182
ERP117672	2745	0.9521008403361344	0.975462763667671
ERP117672	2746	0.9406162464985994	0.9693995381062356
ERP117672	2747	0.9235294117647059	0.9602446483180428
ERP117672	2748	0.8725490196078431	0.9319371727748691
ERP117672	2749	0.9484593837535014	0.9735480161012076
ERP117672	2750	0.9210084033613445	0.9588801399825022
ERP117672	2751	0.9518207282913165	0.9753157290470723
ERP117672	2752	0.9291316526610645	0.9632641208073182
ERP117672	2753	0.9568627450980393	0.9779559118236473
ERP117672	2754	0.9400560224089636	0.9691019347386659
ERP117672	2755	0.9658263305322129	0.9826161299515531
ERP117672	2756	0.9428571428571428	0.9705882352941176
ERP117672	2757	0.9148459383753501	0.9555295494441194
ERP117672	2758	0.9196078431372549	0.958120531154239
ERP117672	2759	0.9100840336134454	0.9529256489221294
ERP117672	2760	0.9436974789915966	0.971033290099438
ERP117672	2761	0.9736694677871148	0.9866590973602043
ERP117672	2762	0.9140056022408963	0.9550709790721499
ERP117672	2763	0.9574229691876751	0.9782484258729249
ERP117672	2764	0.9473389355742297	0.9729574223245109
ERP117672	2765	0.9170868347338935	0.9567504383401519
ERP117672	2766	0.9299719887955182	0.9637155297532656
ERP117672	2767	0.9196078431372549	0.958120531154239
ERP117672	2768	0.9341736694677871	0.9659666908037654
ERP117672	2769	0.938375350140056	0.9682080924855492
ERP117672	2770	0.9266106442577031	0.961907531259087
ERP117672	2771	0.9028011204481793	0.9489180038274695
ERP117672	2772	0.9375350140056022	0.9677605898510915
ERP117672	2773	0.938375350140056	0.9682080924855492
ERP117672	2774	0.9408963585434174	0.9695482753644105
ERP117672	2775	0.9697478991596639	0.984641638225256
ERP117672	2776	0.9537815126050421	0.9763440860215054
ERP117672	2777	0.9028011204481793	0.9489180038274695
ERP117672	2778	0.9400560224089636	0.9691019347386659
ERP117672	2779	0.9109243697478991	0.9533861037818822
ERP117672	2780	0.9072829131652661	0.9513878689969159
ERP117672	2781	0.9456582633053221	0.9720702562625971
ERP117672	2782	0.9518207282913165	0.9753157290470723
ERP117672	2783	0.9257703081232493	0.9614545454545455
ERP117672	2784	0.9316526610644258	0.9646171693735499
ERP117672	2785	0.9338935574229692	0.9658169177288528
ERP117672	2786	0.9296918767507003	0.9635651037886486
ERP117672	2787	0.9364145658263305	0.9671633154925503
ERP117672	2788	0.9725490196078431	0.9860834990059641
ERP117672	2789	0.8927170868347339	0.9433180405505402
ERP117672	2790	0.9254901960784314	0.9613034623217923
ERP117672	2791	0.9064425770308123	0.9509256538348516
ERP117672	2792	0.8966386554621849	0.9455028799291095
ERP117672	2793	0.9450980392156862	0.9717741935483871
ERP117672	2794	0.9369747899159664	0.9674620390455532
ERP117672	2795	0.907843137254902	0.9516957862281604
ERP117672	2796	0.9526610644257703	0.9757567063548989
ERP117672	2797	0.9473389355742297	0.9729574223245109
ERP117672	2798	0.892436974789916	0.9431616341030197
ERP117672	2799	0.9380952380952381	0.9680589680589681
ERP117672	2800	0.9361344537815126	0.9670138888888888
ERP117672	2801	0.9470588235294117	0.972809667673716
ERP117672	2802	0.9109243697478991	0.9533861037818822
ERP117672	2803	0.8994397759103642	0.9470579560536795
ERP117672	2804	0.9675070028011205	0.9834851936218678
ERP117672	2805	0.9591036414565827	0.9791249642550758
ERP117672	2806	0.8711484593837535	0.9311377245508982
ERP117672	2807	0.9106442577030812	0.9532326638322827
ERP117672	2808	0.9098039215686274	0.9527720739219713
ERP117672	2809	0.9425770308123249	0.9704397981254506
ERP117672	2810	0.961624649859944	0.9804369555904612
ERP117672	2811	0.9198879551820728	0.9582725415815583
ERP117672	2812	0.9492997198879551	0.9739905158787182
ERP117672	2813	0.9277310924369748	0.962510897994769
ERP117672	2814	0.9064425770308123	0.9509256538348516
ERP117672	2815	0.9448179271708683	0.9716260982284315
ERP117672	2816	0.923249299719888	0.9600932129332945
ERP117672	2817	0.915126050420168	0.9556823168056165
ERP117672	2818	0.9476190476190476	0.9731051344743276
ERP117672	2819	0.9221288515406163	0.9594870300204023
ERP117672	2820	0.9408963585434174	0.9695482753644105
ERP117672	2821	0.9131652661064426	0.9546120058565154
ERP117672	2822	0.9680672268907563	0.9837745516652433
ERP117672	2823	0.9582633053221289	0.9786868831354598
ERP117672	2824	0.973109243697479	0.9863713798977853
ERP117672	2825	0.9204481792717086	0.9585764294049008
ERP117672	2826	0.946218487394958	0.9723661485319516
ERP117672	2827	0.9439775910364145	0.9711815561959654
ERP117672	2828	0.9425770308123249	0.9704397981254506
ERP117672	2829	0.9170868347338935	0.9567504383401519
ERP117672	2830	0.9436974789915966	0.971033290099438
ERP117672	2831	0.938655462184874	0.9683571738188123
ERP117672	2832	0.9624649859943978	0.9808735369683128
ERP117672	2833	0.9593837535014006	0.9792709077912795
ERP117672	2834	0.9252100840336135	0.9611523352247927
ERP117672	2835	0.9599439775910364	0.9795626697155924
ERP117672	2836	0.9574229691876751	0.9782484258729249
ERP117672	2837	0.9182072829131652	0.9573598130841122
ERP117672	2838	0.9619047619047619	0.9805825242718447
ERP117672	2839	0.8876750700280112	0.9404956224959192
ERP117672	2840	0.9173669467787114	0.9569028487947407
ERP117672	2841	0.9252100840336135	0.9611523352247927
ERP117672	2842	0.927170868347339	0.9622093023255814
ERP117672	2843	0.9380952380952381	0.9680589680589681
ERP117672	2844	0.9148459383753501	0.9555295494441194
ERP117672	2845	0.8971988795518208	0.945814262512919
ERP117672	2846	0.9523809523809523	0.975609756097561
ERP117672	2847	0.9450980392156862	0.9717741935483871
ERP117672	2848	0.9680672268907563	0.9837745516652433
ERP117672	2849	0.8809523809523809	0.9367088607594937
ERP117672	2850	0.9574229691876751	0.9782484258729249
ERP117672	2851	0.9694677871148459	0.9844972265680557
ERP117672	2852	0.94593837535014	0.9722182236936807
ERP117672	2853	0.9448179271708683	0.9716260982284315
ERP117672	2854	0.8812324929971989	0.9368671828469327
ERP117672	2855	0.9537815126050421	0.9763440860215054
ERP117672	2856	0.9607843137254902	0.98
ERP117672	2857	0.9274509803921569	0.9623601220752798
ERP117672	2858	0.965546218487395	0.9824711415134673
ERP117672	2859	0.9238095238095239	0.9603960396039605
ERP117672	2860	0.9266106442577031	0.961907531259087
ERP117672	2861	0.9403361344537815	0.9692507579038545
ERP117672	2862	0.9095238095238095	0.9526184538653367
ERP117672	2863	0.9414565826330532	0.9698456211224932
ERP117672	2864	0.9156862745098039	0.9559877175025588
ERP117672	2865	0.9288515406162465	0.9631135637525414
ERP117672	2866	0.9366946778711485	0.9673126988718542
ERP117672	2867	0.907563025210084	0.9515418502202644
ERP117672	2868	0.9201680672268907	0.9584245076586434
ERP117672	2869	0.9134453781512605	0.9547650417215635
ERP117672	2870	0.9285714285714286	0.962962962962963
ERP117672	2871	0.9568627450980393	0.9779559118236473
ERP117672	2872	0.9243697478991597	0.9606986899563319
ERP117672	2873	0.9246498599439776	0.9608499490612721
ERP117672	2874	0.9324929971988796	0.9650674010726192
ERP117672	2875	0.9310924369747899	0.9643167972149695
ERP117672	2876	0.8778711484593837	0.934964200477327
ERP117672	2877	0.9089635854341737	0.9523110785033015
ERP117672	2878	0.861624649859944	0.9256695756846224
ERP117672	2879	0.9627450980392157	0.981018981018981
ERP117672	2880	0.911484593837535	0.9536928487690505
ERP117672	2881	0.9512605042016806	0.975021533161068
ERP117672	2882	0.9352941176470588	0.9665653495440729
ERP117672	2883	0.946218487394958	0.9723661485319516
ERP117672	2884	0.9218487394957983	0.9593353738522081
ERP117672	2885	0.8994397759103642	0.9470579560536795
ERP117672	2886	0.9605042016806723	0.979854264894985
ERP117672	2887	0.9406162464985994	0.9693995381062356
ERP117672	2888	0.9473389355742297	0.9729574223245109
ERP117672	2889	0.9515406162464985	0.9751686522175972
ERP117672	2890	0.9333333333333333	0.9655172413793104
ERP117672	2891	0.9450980392156862	0.9717741935483871
ERP117672	2892	0.8739495798319328	0.9327354260089686
ERP117672	2893	0.9677871148459384	0.9836298932384341
ERP117672	2894	0.9526610644257703	0.9757567063548989
ERP117672	2895	0.946218487394958	0.9723661485319516
ERP117672	2896	0.9470588235294117	0.972809667673716
ERP117672	2897	0.9266106442577031	0.961907531259087
ERP117672	2898	0.9630252100840336	0.9811643835616438
ERP117672	2899	0.9403361344537815	0.9692507579038545
ERP117672	2900	0.9633053221288516	0.9813097446140676
ERP117672	2901	0.9501400560224089	0.9744326343004883
ERP117672	2902	0.8971988795518208	0.945814262512919
ERP117672	2903	0.9490196078431372	0.9738430583501005
ERP117672	2904	0.9714285714285714	0.9855072463768115
ERP117672	2905	0.9324929971988796	0.9650674010726192
ERP117672	2906	0.8915966386554622	0.9426921368280765
ERP117672	2907	0.9126050420168067	0.9543057996485061
ERP117672	2908	0.9425770308123249	0.9704397981254506
ERP117672	2909	0.9568627450980393	0.9779559118236473
ERP117672	2910	0.9263305322128852	0.961756579904028
ERP117672	2911	0.9610644257703082	0.980145693472361
ERP117672	2912	0.9372549019607843	0.9676113360323887
ERP117672	2913	0.9296918767507003	0.9635651037886486
ERP117672	2914	0.9322128851540616	0.9649173673528559
ERP117672	2915	0.9095238095238095	0.9526184538653367
ERP117672	2916	0.9207282913165266	0.9587283068397259
ERP117672	2917	0.9526610644257703	0.9757567063548989
ERP117672	2918	0.9705882352941176	0.9850746268656716
ERP117672	2919	0.9392156862745098	0.9686552072800809
ERP117672	2920	0.9257703081232493	0.9614545454545455
ERP117672	2921	0.9302521008403362	0.9638659120592077
ERP117672	2922	0.9352941176470588	0.9665653495440729
ERP117672	2923	0.9310924369747899	0.9643167972149695
ERP117672	2924	0.9352941176470588	0.9665653495440729
ERP117672	2925	0.9266106442577031	0.961907531259087
ERP117672	2926	0.9420168067226891	0.9701427953266983
ERP117672	2927	0.8621848739495799	0.9259927797833936
ERP117672	2928	0.9574229691876751	0.9782484258729249
ERP117672	2929	0.9526610644257703	0.9757567063548989
ERP117672	2930	0.923249299719888	0.9600932129332945
ERP117672	2931	0.9131652661064426	0.9546120058565154
ERP117672	2932	0.9521008403361344	0.975462763667671
ERP117672	2933	0.9490196078431372	0.9738430583501005
ERP117672	2934	0.9453781512605042	0.9719222462203023
ERP117672	2935	0.892436974789916	0.9431616341030197
ERP117672	2936	0.9518207282913165	0.9753157290470723
ERP117672	2937	0.9428571428571428	0.9705882352941176
ERP117672	2938	0.9252100840336135	0.9611523352247927
ERP117672	2939	0.9204481792717086	0.9585764294049008
ERP117672	2940	0.9392156862745098	0.9686552072800809
ERP117672	2941	0.9389355742296919	0.9685062120774343
ERP117672	2942	0.9170868347338935	0.9567504383401519
ERP117672	2943	0.9302521008403362	0.9638659120592077
ERP117672	2944	0.9456582633053221	0.9720702562625971
ERP117672	2945	0.9336134453781513	0.9656671012603216
ERP117672	2946	0.9226890756302522	0.9597902097902098
ERP117672	2947	0.9574229691876751	0.9782484258729249
ERP117672	2948	0.8873949579831932	0.9403383793410507
ERP117672	2949	0.9067226890756303	0.9510797708241516
ERP117672	2950	0.9666666666666667	0.983050847457627
ERP117672	2951	0.9341736694677871	0.9659666908037654
ERP117672	2952	0.9355742296918768	0.9667149059334298
ERP117672	2953	0.8831932773109243	0.9379741186970102
ERP117672	2954	0.9238095238095239	0.9603960396039605
ERP117672	2955	0.8955182072829132	0.9448795625831241
ERP117672	2956	0.9235294117647059	0.9602446483180428
ERP117672	2957	0.9392156862745098	0.9686552072800809
ERP117672	2958	0.9252100840336135	0.9611523352247927
ERP117672	2959	0.961624649859944	0.9804369555904612
ERP117672	2960	0.9212885154061624	0.9590319288526025
ERP117672	2961	0.8932773109243698	0.9436307146027519
ERP117672	2962	0.957983193277311	0.9785407725321889
ERP117672	2963	0.934453781512605	0.9661164205039097
ERP117672	2964	0.9392156862745098	0.9686552072800809
ERP117672	2965	0.8957983193277311	0.9450354609929079
ERP117672	2966	0.9210084033613445	0.9588801399825022
ERP117672	2967	0.9481792717086834	0.9734004313443566
ERP117672	2968	0.9504201680672268	0.974579922447221
ERP117672	2969	0.8789915966386554	0.9355992844364938
ERP117672	2970	0.9759103641456582	0.9878083356960589
ERP117672	2971	0.9179271708683473	0.9572075361472178
ERP117672	2972	0.9184873949579831	0.9575120455540955
ERP117672	2973	0.9282913165266107	0.9628123184195235
ERP117672	2974	0.8781512605042017	0.9351230425055929
ERP117672	2975	0.9369747899159664	0.9674620390455532
ERP117672	2976	0.9509803921568627	0.9748743718592965
ERP117672	2977	0.9495798319327731	0.9741379310344828
ERP117672	2978	0.9439775910364145	0.9711815561959654
ERP117672	2979	0.9535014005602241	0.976197304273014
ERP117672	2980	0.942296918767507	0.9702913181424863
ERP117672	2981	0.9481792717086834	0.9734004313443566
ERP117672	2982	0.9568627450980393	0.9779559118236473
ERP117672	2983	0.9249299719887956	0.9610011641443539
ERP117672	2984	0.9392156862745098	0.9686552072800809
ERP117672	2985	0.9672268907563025	0.9833404527979496
ERP117672	2986	0.9473389355742297	0.9729574223245109
ERP117672	2987	0.9341736694677871	0.9659666908037654
ERP117672	2988	0.9610644257703082	0.980145693472361
ERP117672	2989	0.8974789915966387	0.945969884853853
ERP117672	2990	0.9313725490196079	0.9644670050761421
ERP117672	2991	0.9238095238095239	0.9603960396039605
ERP117672	2992	0.9392156862745098	0.9686552072800809
ERP117672	2993	0.9425770308123249	0.9704397981254506
ERP117672	2994	0.9481792717086834	0.9734004313443566
ERP117672	2995	0.9221288515406163	0.9594870300204023
ERP117672	2996	0.9305322128851541	0.9640162507254788
ERP117672	2997	0.9372549019607843	0.9676113360323887
ERP117672	2998	0.9607843137254902	0.98
ERP117672	2999	0.9425770308123249	0.9704397981254506
ERP117672	3000	0.9400560224089636	0.9691019347386659
ERP117672	3001	0.9142857142857143	0.955223880597015
ERP117672	3002	0.926890756302521	0.9620584387265592
ERP117672	3003	0.8974789915966387	0.945969884853853
ERP117672	3004	0.9428571428571428	0.9705882352941176
ERP117672	3005	0.9198879551820728	0.9582725415815583
ERP117672	3006	0.9448179271708683	0.9716260982284315
ERP117672	3007	0.9574229691876751	0.9782484258729249
ERP117672	3008	0.9316526610644258	0.9646171693735499
ERP117672	3009	0.869187675070028	0.9300164843398772
ERP117672	3010	0.9585434173669468	0.97883295194508
ERP117672	3011	0.942296918767507	0.9702913181424863
ERP117672	3012	0.9243697478991597	0.9606986899563319
ERP117672	3013	0.9392156862745098	0.9686552072800809
ERP117672	3014	0.9484593837535014	0.9735480161012076
ERP117672	3015	0.934453781512605	0.9661164205039097
ERP117672	3016	0.9310924369747899	0.9643167972149695
ERP117672	3017	0.9067226890756303	0.9510797708241516
ERP117672	3018	0.9123249299719888	0.9541526292661492
ERP117672	3019	0.9366946778711485	0.9673126988718542
ERP117672	3020	0.9408963585434174	0.9695482753644105
ERP117672	3021	0.9100840336134454	0.9529256489221294
ERP117672	3022	0.9050420168067227	0.9501543890604324
ERP117672	3023	0.9226890756302522	0.9597902097902098
ERP117672	3024	0.9736694677871148	0.9866590973602043
ERP117672	3025	0.9187675070028011	0.9576642335766423
ERP117672	3026	0.965546218487395	0.9824711415134673
ERP117672	3027	0.9543417366946779	0.9766375232908127
ERP117672	3028	0.9364145658263305	0.9671633154925503
ERP117672	3029	0.8980392156862745	0.9462809917355373
ERP117672	3030	0.9537815126050421	0.9763440860215054
ERP117672	3031	0.9563025210084034	0.9776632302405498
ERP117672	3032	0.9453781512605042	0.9719222462203023
ERP117672	3033	0.9204481792717086	0.9585764294049008
ERP117672	3034	0.9473389355742297	0.9729574223245109
ERP117672	3035	0.9593837535014006	0.9792709077912795
ERP117672	3036	0.9266106442577031	0.961907531259087
ERP117672	3037	0.9025210084033614	0.9487632508833923
ERP117672	3038	0.9501400560224089	0.9744326343004883
ERP117672	3039	0.9028011204481793	0.9489180038274695
ERP117672	3040	0.9467787114845938	0.9726618705035971
ERP117672	3041	0.9507002801120448	0.9747271682940838
ERP117672	3042	0.9313725490196079	0.9644670050761421
ERP117672	3043	0.9571428571428572	0.9781021897810218
ERP117672	3044	0.9350140056022409	0.9664157498552403
ERP117672	3045	0.9470588235294117	0.972809667673716
ERP117672	3046	0.923249299719888	0.9600932129332945
ERP117672	3047	0.957703081232493	0.9783946201173271
ERP117672	3048	0.9414565826330532	0.9698456211224932
ERP117672	3049	0.9103641456582633	0.9530791788856305
ERP117672	3050	0.9327731092436975	0.9652173913043478
ERP117672	3051	0.9327731092436975	0.9652173913043478
ERP117672	3052	0.9400560224089636	0.9691019347386659
ERP117672	3053	0.9070028011204482	0.9512338425381904
ERP117672	3054	0.9277310924369748	0.962510897994769
ERP117672	3055	0.9106442577030812	0.9532326638322827
ERP117672	3056	0.9563025210084034	0.9776632302405498
ERP117672	3057	0.9624649859943978	0.9808735369683128
ERP117672	3058	0.9560224089635855	0.9775168265788343
ERP117672	3059	0.9282913165266107	0.9628123184195235
ERP117672	3060	0.9361344537815126	0.9670138888888888
ERP117672	3061	0.9246498599439776	0.9608499490612721
ERP117672	3062	0.9277310924369748	0.962510897994769
ERP117672	3063	0.9173669467787114	0.9569028487947407
ERP117672	3064	0.9036414565826331	0.9493819894055328
ERP117672	3065	0.9246498599439776	0.9608499490612721
ERP117672	3066	0.9450980392156862	0.9717741935483871
ERP117672	3067	0.9145658263305322	0.9553767373811266
ERP117672	3068	0.949859943977591	0.9742853038356558
ERP117672	3069	0.9235294117647059	0.9602446483180428
ERP117672	3070	0.9470588235294117	0.972809667673716
ERP117672	3071	0.9518207282913165	0.9753157290470723
ERP117672	3072	0.9375350140056022	0.9677605898510915
ERP117672	3073	0.9635854341736695	0.9814550641940085
ERP117672	3074	0.9008403361344538	0.9478337754199824
ERP117672	3075	0.915126050420168	0.9556823168056165
ERP117672	3076	0.9627450980392157	0.981018981018981
ERP117672	3077	0.9109243697478991	0.9533861037818822
ERP117672	3078	0.9084033613445378	0.9520035226772348
ERP117672	3079	0.9198879551820728	0.9582725415815583
ERP117672	3080	0.9324929971988796	0.9650674010726192
ERP117672	3081	0.9406162464985994	0.9693995381062356
ERP117672	3082	0.8985994397759104	0.9465919150191797
ERP117672	3083	0.9159663865546218	0.9561403508771931
ERP117672	3084	0.9417366946778711	0.96999422965955
ERP117672	3085	0.9733893557422969	0.9865152590489709
ERP117672	3086	0.8949579831932774	0.9445676274944569
ERP117672	3087	0.9574229691876751	0.9782484258729249
ERP117672	3088	0.9442577030812325	0.971329779570667
ERP117672	3089	0.9182072829131652	0.9573598130841122
ERP117672	3090	0.9464985994397759	0.9725140307957979
ERP117672	3091	0.8901960784313725	0.941908713692946
ERP117672	3092	0.9543417366946779	0.9766375232908127
ERP117672	3093	0.9299719887955182	0.9637155297532656
ERP117672	3094	0.9518207282913165	0.9753157290470723
ERP117672	3095	0.949859943977591	0.9742853038356558
ERP117672	3096	0.9263305322128852	0.961756579904028
ERP117672	3097	0.9571428571428572	0.9781021897810218
ERP117672	3098	0.9355742296918768	0.9667149059334298
ERP117672	3099	0.9014005602240897	0.9481437831467295
ERP117672	3100	0.9198879551820728	0.9582725415815583
ERP117672	3101	0.9375350140056022	0.9677605898510915
ERP117672	3102	0.8834733893557423	0.9381320642474718
ERP117672	3103	0.9173669467787114	0.9569028487947407
ERP117672	3104	0.9602240896358544	0.9797084881394684
ERP117672	3105	0.9495798319327731	0.9741379310344828
ERP117672	3106	0.9521008403361344	0.975462763667671
ERP117672	3107	0.9352941176470588	0.9665653495440729
ERP117672	3108	0.9535014005602241	0.976197304273014
ERP117672	3109	0.9131652661064426	0.9546120058565154
ERP117672	3110	0.9478991596638655	0.9732528041415013
ERP117672	3111	0.9252100840336135	0.9611523352247927
ERP117672	3112	0.9602240896358544	0.9797084881394684
ERP117672	3113	0.9588235294117647	0.9789789789789789
ERP117672	3114	0.9375350140056022	0.9677605898510915
ERP117672	3115	0.8949579831932774	0.9445676274944569
ERP117672	3116	0.9319327731092437	0.9647672901261418
ERP117672	3117	0.9277310924369748	0.962510897994769
ERP117672	3118	0.9711484593837535	0.9853630808583203
ERP117672	3119	0.9445378151260504	0.9714779602420052
ERP117672	3120	0.942296918767507	0.9702913181424863
ERP117672	3121	0.9565826330532213	0.9778095919828202
ERP117672	3122	0.8728291316526611	0.9320969189350883
ERP117672	3123	0.9434173669467787	0.9708849812626117
ERP117672	3124	0.9487394957983193	0.9736955584303579
ERP117672	3125	0.9605042016806723	0.979854264894985
ERP117672	3126	0.9574229691876751	0.9782484258729249
ERP117672	3127	0.9207282913165266	0.9587283068397259
ERP117672	3128	0.9574229691876751	0.9782484258729249
ERP117672	3129	0.9126050420168067	0.9543057996485061
ERP117672	3130	0.9249299719887956	0.9610011641443539
ERP117672	3131	0.9770308123249299	0.9883819778974213
ERP117672	3132	0.9288515406162465	0.9631135637525414
ERP117672	3133	0.9028011204481793	0.9489180038274695
ERP117672	3134	0.9414565826330532	0.9698456211224932
ERP117672	3135	0.9675070028011205	0.9834851936218678
ERP117672	3136	0.9453781512605042	0.9719222462203023
ERP117672	3137	0.9470588235294117	0.972809667673716
ERP117672	3138	0.9658263305322129	0.9826161299515531
ERP117672	3139	0.9212885154061624	0.9590319288526025
ERP117672	3140	0.9338935574229692	0.9658169177288528
ERP117672	3141	0.9053221288515406	0.950308732725669
ERP117672	3142	0.9299719887955182	0.9637155297532656
ERP117672	3143	0.9274509803921569	0.9623601220752798
ERP117672	3144	0.8927170868347339	0.9433180405505402
ERP117672	3145	0.8938375350140056	0.9439432036680965
ERP117672	3146	0.9341736694677871	0.9659666908037654
ERP117672	3147	0.9369747899159664	0.9674620390455532
ERP117672	3148	0.9453781512605042	0.9719222462203023
ERP117672	3149	0.9476190476190476	0.9731051344743276
ERP117672	3150	0.8420168067226891	0.9142335766423357
ERP117672	3151	0.95406162464986	0.9764908256880733
ERP117672	3152	0.8885154061624649	0.9409670720854345
ERP117672	3153	0.9184873949579831	0.9575120455540955
ERP117672	3154	0.9638655462184874	0.9816003423192127
ERP117672	3155	0.9683473389355742	0.9839191689198804
ERP117672	3156	0.903921568627451	0.9495365602471679
ERP117672	3157	0.9476190476190476	0.9731051344743276
ERP117672	3158	0.9100840336134454	0.9529256489221294
ERP117672	3159	0.9610644257703082	0.980145693472361
ERP117672	3160	0.9224089635854342	0.9596386419932974
ERP117672	3161	0.9501400560224089	0.9744326343004883
ERP117672	3162	0.9210084033613445	0.9588801399825022
ERP117672	3163	0.9403361344537815	0.9692507579038545
ERP117672	3164	0.9635854341736695	0.9814550641940085
ERP117672	3165	0.9442577030812325	0.971329779570667
ERP117672	3166	0.9476190476190476	0.9731051344743276
ERP117672	3167	0.9602240896358544	0.9797084881394684
ERP117672	3168	0.9596638655462185	0.9794168096054888
ERP117672	3169	0.9610644257703082	0.980145693472361
ERP117672	3170	0.9179271708683473	0.9572075361472178
ERP117672	3171	0.9591036414565827	0.9791249642550758
ERP117672	3172	0.9176470588235294	0.9570552147239264
ERP117672	3173	0.9109243697478991	0.9533861037818822
ERP117672	3174	0.934733893557423	0.9662661068481251
ERP117672	3175	0.9711484593837535	0.9853630808583203
ERP117672	3176	0.9218487394957983	0.9593353738522081
ERP117672	3177	0.8613445378151261	0.9255079006772009
ERP117672	3178	0.9565826330532213	0.9778095919828202
ERP117672	3179	0.8781512605042017	0.9351230425055929
ERP117672	3180	0.9173669467787114	0.9569028487947407
ERP117672	3181	0.896358543417367	0.9453471196454949
ERP117672	3182	0.9607843137254902	0.98
ERP117672	3183	0.9112044817927171	0.9535394987542137
ERP117672	3184	0.9602240896358544	0.9797084881394684
ERP117672	3185	0.8400560224089636	0.913076571776526
ERP117672	3186	0.942296918767507	0.9702913181424863
ERP117672	3187	0.9563025210084034	0.9776632302405498
ERP117672	3188	0.9554621848739496	0.9772238934250107
ERP117672	3189	0.9501400560224089	0.9744326343004883
ERP117672	3190	0.9061624649859944	0.9507714915503307
ERP117672	3191	0.9047619047619048	0.9500000000000001
ERP117672	3192	0.9221288515406163	0.9594870300204023
ERP117672	3193	0.7983193277310925	0.8878504672897196
ERP117672	3194	0.9263305322128852	0.961756579904028
ERP117672	3195	0.9098039215686274	0.9527720739219713
ERP117672	3196	0.9647058823529412	0.9820359281437125
ERP117672	3197	0.9403361344537815	0.9692507579038545
ERP117672	3198	0.9663865546218487	0.9829059829059829
ERP117672	3199	0.9123249299719888	0.9541526292661492
ERP117672	3200	0.8997198879551821	0.9472132114420525
ERP117672	3201	0.9456582633053221	0.9720702562625971
ERP117672	3202	0.9428571428571428	0.9705882352941176
ERP117672	3203	0.9134453781512605	0.9547650417215635
ERP117672	3204	0.9549019607843138	0.9769307923771313
ERP117672	3205	0.915126050420168	0.9556823168056165
ERP117672	3206	0.9042016806722689	0.9496910856134158
ERP117672	3207	0.9098039215686274	0.9527720739219713
ERP117672	3208	0.9131652661064426	0.9546120058565154
ERP117672	3209	0.87703081232493	0.9344873899417997
ERP117672	3210	0.9481792717086834	0.9734004313443566
ERP117672	3211	0.9322128851540616	0.9649173673528559
ERP117672	3212	0.9260504201680673	0.9616055846422339
ERP117672	3213	0.9081232492997199	0.9518496770405168
ERP117672	3214	0.8913165266106443	0.9425355450236967
ERP117672	3215	0.8971988795518208	0.945814262512919
ERP117672	3216	0.9526610644257703	0.9757567063548989
ERP117672	3217	0.9140056022408963	0.9550709790721499
ERP117672	3218	0.8742296918767507	0.9328949334927514
ERP117672	3219	0.9294117647058824	0.9634146341463414
ERP117672	3220	0.9521008403361344	0.975462763667671
ERP117672	3221	0.9162464985994397	0.9562929396287093
ERP117672	3222	0.927170868347339	0.9622093023255814
ERP117672	3223	0.934733893557423	0.9662661068481251
ERP117672	3224	0.900280112044818	0.9475235849056605
ERP117672	3225	0.9537815126050421	0.9763440860215054
ERP117672	3226	0.9095238095238095	0.9526184538653367
ERP117672	3227	0.8974789915966387	0.945969884853853
ERP117672	3228	0.9173669467787114	0.9569028487947407
ERP117672	3229	0.9591036414565827	0.9791249642550758
ERP117672	3230	0.9280112044817928	0.9626616301031528
ERP117672	3231	0.9014005602240897	0.9481437831467295
ERP117672	3232	0.9310924369747899	0.9643167972149695
ERP117672	3233	0.9509803921568627	0.9748743718592965
ERP117672	3234	0.9551820728291317	0.9770773638968481
ERP117672	3235	0.8980392156862745	0.9462809917355373
ERP117672	3236	0.9672268907563025	0.9833404527979496
ERP117672	3237	0.9470588235294117	0.972809667673716
ERP117672	3238	0.9596638655462185	0.9794168096054888
ERP117672	3239	0.9182072829131652	0.9573598130841122
ERP117672	3240	0.8820728291316526	0.9373418663491591
ERP117672	3241	0.9224089635854342	0.9596386419932974
ERP117672	3242	0.9196078431372549	0.958120531154239
ERP117672	3243	0.9378151260504202	0.9679098005203816
ERP117672	3244	0.9366946778711485	0.9673126988718542
ERP117672	3245	0.9240896358543418	0.9605473868103072
ERP117672	3246	0.8095238095238095	0.8947368421052632
ERP117672	3247	0.8997198879551821	0.9472132114420525
ERP117672	3248	0.9187675070028011	0.9576642335766423
ERP117672	3249	0.957703081232493	0.9783946201173271
ERP117672	3250	0.9554621848739496	0.9772238934250107
ERP117672	3251	0.9560224089635855	0.9775168265788343
ERP117672	3252	0.9509803921568627	0.9748743718592965
ERP117672	3253	0.9008403361344538	0.9478337754199824
ERP117672	3254	0.9773109243697479	0.9885252868678283
ERP117672	3255	0.9470588235294117	0.972809667673716
ERP117672	3256	0.9574229691876751	0.9782484258729249
ERP117672	3257	0.9425770308123249	0.9704397981254506
ERP117672	3258	0.9361344537815126	0.9670138888888888
ERP117672	3259	0.965546218487395	0.9824711415134673
ERP117672	3260	0.934453781512605	0.9661164205039097
ERP117672	3261	0.9089635854341737	0.9523110785033015
ERP117672	3262	0.9302521008403362	0.9638659120592077
ERP117672	3263	0.9504201680672268	0.974579922447221
ERP117672	3264	0.9501400560224089	0.9744326343004883
ERP117672	3265	0.9431372549019608	0.970736629667003
ERP117672	3266	0.9224089635854342	0.9596386419932974
ERP117672	3267	0.9633053221288516	0.9813097446140676
ERP117672	3268	0.9285714285714286	0.962962962962963
ERP117672	3269	0.9084033613445378	0.9520035226772348
ERP117672	3270	0.9285714285714286	0.962962962962963
ERP117672	3271	0.9484593837535014	0.9735480161012076
ERP117672	3272	0.849859943977591	0.9188370684433675
ERP117672	3273	0.9624649859943978	0.9808735369683128
ERP117672	3274	0.9095238095238095	0.9526184538653367
ERP117672	3275	0.9529411764705882	0.9759036144578312
ERP117672	3276	0.9204481792717086	0.9585764294049008
ERP117672	3277	0.8473389355742297	0.9173616376042456
ERP117672	3278	0.9675070028011205	0.9834851936218678
ERP117672	3279	0.9120448179271708	0.953999414005274
ERP117672	3280	0.9176470588235294	0.9570552147239264
ERP117672	3281	0.9417366946778711	0.96999422965955
ERP117672	3282	0.957983193277311	0.9785407725321889
ERP117672	3283	0.8862745098039215	0.9397089397089397
ERP117672	3284	0.9417366946778711	0.96999422965955
ERP117672	3285	0.9661064425770308	0.9827610770765066
ERP117672	3286	0.9336134453781513	0.9656671012603216
ERP117672	3287	0.9207282913165266	0.9587283068397259
ERP117672	3288	0.934733893557423	0.9662661068481251
ERP117672	3289	0.8851540616246498	0.9390787518573551
ERP117672	3290	0.9683473389355742	0.9839191689198804
ERP117672	3291	0.9633053221288516	0.9813097446140676
ERP117672	3292	0.9182072829131652	0.9573598130841122
ERP117672	3293	0.9204481792717086	0.9585764294049008
ERP117672	3294	0.9176470588235294	0.9570552147239264
ERP117672	3295	0.9257703081232493	0.9614545454545455
ERP117672	3296	0.9176470588235294	0.9570552147239264
ERP117672	3297	0.9484593837535014	0.9735480161012076
ERP117672	3298	0.9661064425770308	0.9827610770765066
ERP117672	3299	0.949859943977591	0.9742853038356558
ERP117672	3300	0.9355742296918768	0.9667149059334298
ERP117672	3301	0.919047619047619	0.9578163771712159
ERP117672	3302	0.9551820728291317	0.9770773638968481
ERP117672	3303	0.9266106442577031	0.961907531259087
ERP117672	3304	0.9221288515406163	0.9594870300204023
ERP117672	3305	0.9456582633053221	0.9720702562625971
ERP117672	3306	0.9543417366946779	0.9766375232908127
ERP117672	3307	0.95406162464986	0.9764908256880733
ERP117672	3308	0.9389355742296919	0.9685062120774343
ERP117672	3309	0.9633053221288516	0.9813097446140676
ERP117672	3310	0.9495798319327731	0.9741379310344828
ERP117672	3311	0.9602240896358544	0.9797084881394684
ERP117672	3312	0.8994397759103642	0.9470579560536795
ERP117672	3313	0.9109243697478991	0.9533861037818822
ERP117672	3314	0.8997198879551821	0.9472132114420525
ERP117672	3315	0.9061624649859944	0.9507714915503307
ERP117672	3316	0.9375350140056022	0.9677605898510915
ERP117672	3317	0.9504201680672268	0.974579922447221
ERP117672	3318	0.8627450980392157	0.9263157894736842
ERP117672	3319	0.9621848739495799	0.9807280513918629
ERP117672	3320	0.9521008403361344	0.975462763667671
ERP117672	3321	0.9484593837535014	0.9735480161012076
ERP117672	3322	0.9086834733893557	0.9521573231582038
ERP117672	3323	0.9288515406162465	0.9631135637525414
ERP117672	3324	0.9089635854341737	0.9523110785033015
ERP117672	3325	0.9016806722689076	0.9482987185152453
ERP117672	3326	0.9588235294117647	0.9789789789789789
ERP117672	3327	0.9389355742296919	0.9685062120774343
ERP117672	3328	0.9403361344537815	0.9692507579038545
ERP117672	3329	0.9543417366946779	0.9766375232908127
ERP117672	3330	0.9215686274509803	0.9591836734693878
ERP117672	3331	0.8985994397759104	0.9465919150191797
ERP117672	3332	0.907563025210084	0.9515418502202644
ERP117672	3333	0.9490196078431372	0.9738430583501005
ERP117672	3334	0.9663865546218487	0.9829059829059829
ERP117672	3335	0.9605042016806723	0.979854264894985
ERP117672	3336	0.9621848739495799	0.9807280513918629
ERP117672	3337	0.8929971988795519	0.9434744007102694
ERP117672	3338	0.9201680672268907	0.9584245076586434
ERP117672	3339	0.9182072829131652	0.9573598130841122
ERP117672	3340	0.9411764705882353	0.9696969696969697
ERP117672	3341	0.9557422969187676	0.977370380979662
ERP117672	3342	0.9380952380952381	0.9680589680589681
ERP117672	3343	0.9725490196078431	0.9860834990059641
ERP117672	3344	0.9285714285714286	0.962962962962963
ERP117672	3345	0.9478991596638655	0.9732528041415013
ERP117672	3346	0.9221288515406163	0.9594870300204023
ERP117672	3347	0.9565826330532213	0.9778095919828202
ERP117672	3348	0.915126050420168	0.9556823168056165
ERP117672	3349	0.9226890756302522	0.9597902097902098
ERP117672	3350	0.957703081232493	0.9783946201173271
ERP117672	3351	0.9448179271708683	0.9716260982284315
ERP117672	3352	0.9521008403361344	0.975462763667671
ERP117672	3353	0.9414565826330532	0.9698456211224932
ERP117672	3354	0.9529411764705882	0.9759036144578312
ERP117672	3355	0.9560224089635855	0.9775168265788343
ERP117672	3356	0.9425770308123249	0.9704397981254506
ERP117672	3357	0.9610644257703082	0.980145693472361
ERP117672	3358	0.9313725490196079	0.9644670050761421
ERP117672	3359	0.907843137254902	0.9516957862281604
ERP117672	3360	0.9420168067226891	0.9701427953266983
ERP117672	3361	0.9512605042016806	0.975021533161068
ERP117672	3362	0.9282913165266107	0.9628123184195235
ERP117672	3363	0.9487394957983193	0.9736955584303579
ERP117672	3364	0.9341736694677871	0.9659666908037654
ERP117672	3365	0.9249299719887956	0.9610011641443539
ERP117672	3366	0.9470588235294117	0.972809667673716
ERP117672	3367	0.9380952380952381	0.9680589680589681
ERP117672	3368	0.9619047619047619	0.9805825242718447
ERP117672	3369	0.9316526610644258	0.9646171693735499
ERP117672	3370	0.9056022408963585	0.9504630310157284
ERP117672	3371	0.9532212885154062	0.9760504804244945
ERP117672	3372	0.9201680672268907	0.9584245076586434
ERP117672	3373	0.9400560224089636	0.9691019347386659
ERP117672	3374	0.9282913165266107	0.9628123184195235
ERP117672	3375	0.9112044817927171	0.9535394987542137
ERP117672	3376	0.949859943977591	0.9742853038356558
ERP117672	3377	0.9218487394957983	0.9593353738522081
ERP117672	3378	0.9285714285714286	0.962962962962963
ERP117672	3379	0.9005602240896359	0.9476787030213707
ERP117672	3380	0.9442577030812325	0.971329779570667
ERP117672	3381	0.9481792717086834	0.9734004313443566
ERP117672	3382	0.9619047619047619	0.9805825242718447
ERP117672	3383	0.9352941176470588	0.9665653495440729
ERP117672	3384	0.9481792717086834	0.9734004313443566
ERP117672	3385	0.9565826330532213	0.9778095919828202
ERP117672	3386	0.8904761904761904	0.9420654911838791
ERP117672	3387	0.915126050420168	0.9556823168056165
ERP117672	3388	0.9445378151260504	0.9714779602420052
ERP117672	3389	0.9518207282913165	0.9753157290470723
ERP117672	3390	0.9291316526610645	0.9632641208073182
ERP117672	3391	0.9218487394957983	0.9593353738522081
ERP117672	3392	0.9257703081232493	0.9614545454545455
ERP117672	3393	0.9610644257703082	0.980145693472361
ERP117672	3394	0.934733893557423	0.9662661068481251
ERP117672	3395	0.9277310924369748	0.962510897994769
ERP117672	3396	0.9641456582633053	0.9817455790074158
ERP117672	3397	0.9274509803921569	0.9623601220752798
ERP117672	3398	0.911484593837535	0.9536928487690505
ERP117672	3399	0.946218487394958	0.9723661485319516
ERP117672	3400	0.9677871148459384	0.9836298932384341
ERP117672	3401	0.8159663865546218	0.8986580286904211
ERP117672	3402	0.9126050420168067	0.9543057996485061
ERP117672	3403	0.9229691876750701	0.9599417334304443
ERP117672	3404	0.9563025210084034	0.9776632302405498
ERP117672	3405	0.9067226890756303	0.9510797708241516
ERP117672	3406	0.9159663865546218	0.9561403508771931
ERP117672	3407	0.9266106442577031	0.961907531259087
ERP117672	3408	0.9453781512605042	0.9719222462203023
ERP117672	3409	0.9711484593837535	0.9853630808583203
ERP117672	3410	0.938655462184874	0.9683571738188123
ERP117672	3411	0.9036414565826331	0.9493819894055328
ERP117672	3412	0.9543417366946779	0.9766375232908127
ERP117672	3413	0.965546218487395	0.9824711415134673
ERP117672	3414	0.946218487394958	0.9723661485319516
ERP117672	3415	0.9394957983193277	0.9688041594454073
ERP117672	3416	0.9420168067226891	0.9701427953266983
ERP117672	3417	0.9414565826330532	0.9698456211224932
ERP117672	3418	0.9215686274509803	0.9591836734693878
ERP117672	3419	0.8775910364145658	0.9348053110547516
ERP117672	3420	0.9484593837535014	0.9735480161012076
ERP117672	3421	0.9417366946778711	0.96999422965955
ERP117672	3422	0.9512605042016806	0.975021533161068
ERP117672	3423	0.9464985994397759	0.9725140307957979
ERP117672	3424	0.9380952380952381	0.9680589680589681
ERP117672	3425	0.8859943977591036	0.9395514629437101
ERP117672	3426	0.9162464985994397	0.9562929396287093
ERP117672	3427	0.930812324929972	0.9641665457710721
ERP117672	3428	0.9327731092436975	0.9652173913043478
ERP117672	3429	0.9355742296918768	0.9667149059334298
ERP117672	3430	0.9098039215686274	0.9527720739219713
ERP117672	3431	0.9635854341736695	0.9814550641940085
ERP117672	3432	0.9212885154061624	0.9590319288526025
ERP117672	3433	0.884593837535014	0.9387633769322236
ERP117672	3434	0.9526610644257703	0.9757567063548989
ERP117672	3435	0.8532212885154061	0.9207980652962514
ERP117672	3436	0.926890756302521	0.9620584387265592
ERP117672	3437	0.8809523809523809	0.9367088607594937
ERP117672	3438	0.9408963585434174	0.9695482753644105
ERP117672	3439	0.9299719887955182	0.9637155297532656
ERP117672	3440	0.9204481792717086	0.9585764294049008
ERP117672	3441	0.957983193277311	0.9785407725321889
ERP117672	3442	0.9176470588235294	0.9570552147239264
ERP117672	3443	0.9638655462184874	0.9816003423192127
ERP117672	3444	0.9554621848739496	0.9772238934250107
ERP117672	3445	0.9686274509803922	0.9840637450199202
ERP117672	3446	0.9145658263305322	0.9553767373811266
ERP117672	3447	0.9420168067226891	0.9701427953266983
ERP117672	3448	0.9033613445378151	0.9492273730684327
ERP117672	3449	0.9316526610644258	0.9646171693735499
ERP117672	3450	0.9324929971988796	0.9650674010726192
ERP117672	3451	0.9182072829131652	0.9573598130841122
ERP117672	3452	0.9296918767507003	0.9635651037886486
ERP117672	3453	0.9288515406162465	0.9631135637525414
ERP117672	3454	0.9532212885154062	0.9760504804244945
ERP117672	3455	0.9221288515406163	0.9594870300204023
ERP117672	3456	0.9630252100840336	0.9811643835616438
ERP117672	3457	0.9619047619047619	0.9805825242718447
ERP117672	3458	0.9549019607843138	0.9769307923771313
ERP117672	3459	0.9613445378151261	0.9802913453299057
ERP117672	3460	0.9683473389355742	0.9839191689198804
ERP117672	3461	0.8977591036414566	0.9461254612546126
ERP117672	3462	0.9106442577030812	0.9532326638322827
ERP117672	3463	0.8857142857142857	0.9393939393939393
ERP117672	3464	0.9296918767507003	0.9635651037886486
ERP117672	3465	0.8901960784313725	0.941908713692946
ERP117672	3466	0.9305322128851541	0.9640162507254788
ERP117672	3467	0.9207282913165266	0.9587283068397259
ERP117672	3468	0.9372549019607843	0.9676113360323887
ERP117672	3469	0.9341736694677871	0.9659666908037654
ERP117672	3470	0.9529411764705882	0.9759036144578312
ERP117672	3471	0.9352941176470588	0.9665653495440729
ERP117672	3472	0.9044817927170868	0.9498455655243419
ERP117672	3473	0.8980392156862745	0.9462809917355373
ERP117672	3474	0.9602240896358544	0.9797084881394684
ERP117672	3475	0.9226890756302522	0.9597902097902098
ERP117672	3476	0.8840336134453781	0.9384478144513827
ERP117672	3477	0.9428571428571428	0.9705882352941176
ERP117672	3478	0.9067226890756303	0.9510797708241516
ERP117672	3479	0.95406162464986	0.9764908256880733
ERP117672	3480	0.9621848739495799	0.9807280513918629
ERP117672	3481	0.9400560224089636	0.9691019347386659
ERP117672	3482	0.9274509803921569	0.9623601220752798
ERP117672	3483	0.9504201680672268	0.974579922447221
ERP117672	3484	0.9330532212885154	0.9653673380669469
ERP117672	3485	0.9495798319327731	0.9741379310344828
ERP117672	3486	0.942296918767507	0.9702913181424863
ERP117672	3487	0.9327731092436975	0.9652173913043478
ERP117672	3488	0.9521008403361344	0.975462763667671
ERP117672	3489	0.9305322128851541	0.9640162507254788
ERP117672	3490	0.9156862745098039	0.9559877175025588
ERP117672	3491	0.9481792717086834	0.9734004313443566
ERP117672	3492	0.9658263305322129	0.9826161299515531
ERP117672	3493	0.9380952380952381	0.9680589680589681
ERP117672	3494	0.9509803921568627	0.9748743718592965
ERP117672	3495	0.9288515406162465	0.9631135637525414
ERP117672	3496	0.9571428571428572	0.9781021897810218
ERP117672	3497	0.9159663865546218	0.9561403508771931
ERP117672	3498	0.9207282913165266	0.9587283068397259
ERP117672	3499	0.9372549019607843	0.9676113360323887
ERP117672	3500	0.9389355742296919	0.9685062120774343
ERP117672	3501	0.9560224089635855	0.9775168265788343
ERP117672	3502	0.9274509803921569	0.9623601220752798
ERP117672	3503	0.9159663865546218	0.9561403508771931
ERP117672	3504	0.9644257703081233	0.9818907742763439
ERP117672	3505	0.9565826330532213	0.9778095919828202
ERP117672	3506	0.9563025210084034	0.9776632302405498
ERP117672	3507	0.9310924369747899	0.9643167972149695
ERP117672	3508	0.9588235294117647	0.9789789789789789
ERP117672	3509	0.9425770308123249	0.9704397981254506
ERP117672	3510	0.9207282913165266	0.9587283068397259
ERP117672	3511	0.9549019607843138	0.9769307923771313
ERP117672	3512	0.9403361344537815	0.9692507579038545
ERP117672	3513	0.9425770308123249	0.9704397981254506
ERP117672	3514	0.9302521008403362	0.9638659120592077
ERP117672	3515	0.9644257703081233	0.9818907742763439
ERP117672	3516	0.9526610644257703	0.9757567063548989
ERP117672	3517	0.9607843137254902	0.98
ERP117672	3518	0.957983193277311	0.9785407725321889
ERP117672	3519	0.915126050420168	0.9556823168056165
ERP117672	3520	0.938375350140056	0.9682080924855492
ERP117672	3521	0.9243697478991597	0.9606986899563319
ERP117672	3522	0.938655462184874	0.9683571738188123
ERP117672	3523	0.9649859943977591	0.9821810406272273
ERP117672	3524	0.8610644257703082	0.9253461770018062
ERP117672	3525	0.942296918767507	0.9702913181424863
ERP117672	3526	0.9282913165266107	0.9628123184195235
ERP117672	3527	0.9546218487394958	0.9767841788478073
ERP117672	3528	0.965546218487395	0.9824711415134673
ERP117672	3529	0.8823529411764706	0.9375
ERP117672	3530	0.9254901960784314	0.9613034623217923
ERP117672	3531	0.9546218487394958	0.9767841788478073
ERP117672	3532	0.9319327731092437	0.9647672901261418
ERP117672	3533	0.9243697478991597	0.9606986899563319
ERP117672	3534	0.9420168067226891	0.9701427953266983
ERP117672	3535	0.946218487394958	0.9723661485319516
ERP117672	3536	0.9014005602240897	0.9481437831467295
ERP117672	3537	0.9098039215686274	0.9527720739219713
ERP117672	3538	0.9619047619047619	0.9805825242718447
ERP117672	3539	0.9350140056022409	0.9664157498552403
ERP117672	3540	0.9366946778711485	0.9673126988718542
ERP117672	3541	0.934733893557423	0.9662661068481251
ERP117672	3542	0.9473389355742297	0.9729574223245109
ERP117672	3543	0.9084033613445378	0.9520035226772348
ERP117672	3544	0.9173669467787114	0.9569028487947407
ERP117672	3545	0.9162464985994397	0.9562929396287093
ERP117672	3546	0.9557422969187676	0.977370380979662
ERP117672	3547	0.853781512605042	0.9211242067089754
ERP117672	3548	0.94593837535014	0.9722182236936807
ERP117672	3549	0.9739495798319328	0.9868028948488718
ERP117672	3550	0.9593837535014006	0.9792709077912795
ERP117672	3551	0.9526610644257703	0.9757567063548989
ERP117672	3552	0.9086834733893557	0.9521573231582038
ERP117672	3553	0.9137254901960784	0.9549180327868853
ERP117672	3554	0.9369747899159664	0.9674620390455532
ERP117672	3555	0.9428571428571428	0.9705882352941176
ERP117672	3556	0.9193277310924369	0.957968476357268
ERP117672	3557	0.9313725490196079	0.9644670050761421
ERP117672	3558	0.9532212885154062	0.9760504804244945
ERP117672	3559	0.8960784313725491	0.9451913133402275
ERP117672	3560	0.9406162464985994	0.9693995381062356
ERP117672	3561	0.9187675070028011	0.9576642335766423
ERP117672	3562	0.9445378151260504	0.9714779602420052
ERP117672	3563	0.8526610644257703	0.9204717266404595
ERP117672	3564	0.907843137254902	0.9516957862281604
ERP117672	3565	0.9403361344537815	0.9692507579038545
ERP117672	3566	0.9277310924369748	0.962510897994769
ERP117672	3567	0.9145658263305322	0.9553767373811266
ERP117672	3568	0.9	0.9473684210526316
ERP117672	3569	0.9305322128851541	0.9640162507254788
ERP117672	3570	0.9630252100840336	0.9811643835616438
ERP117672	3571	0.9081232492997199	0.9518496770405168
ERP117672	3572	0.9182072829131652	0.9573598130841122
ERP117672	3573	0.9156862745098039	0.9559877175025588
ERP117672	3574	0.9420168067226891	0.9701427953266983
ERP117672	3575	0.9568627450980393	0.9779559118236473
ERP117672	3576	0.9764705882352941	0.988095238095238
ERP117672	3577	0.9523809523809523	0.975609756097561
ERP117672	3578	0.9126050420168067	0.9543057996485061
ERP117672	3579	0.9369747899159664	0.9674620390455532
ERP117672	3580	0.9560224089635855	0.9775168265788343
ERP117672	3581	0.9173669467787114	0.9569028487947407
ERP117672	3582	0.9554621848739496	0.9772238934250107
ERP117672	3583	0.9467787114845938	0.9726618705035971
ERP117672	3584	0.9369747899159664	0.9674620390455532
ERP117672	3585	0.907843137254902	0.9516957862281604
ERP117672	3586	0.9352941176470588	0.9665653495440729
ERP117672	3587	0.8417366946778712	0.9140684410646387
ERP117672	3588	0.9624649859943978	0.9808735369683128
ERP117672	3589	0.9179271708683473	0.9572075361472178
ERP117672	3590	0.9613445378151261	0.9802913453299057
ERP117672	3591	0.8815126050420168	0.9370254577936579
ERP117672	3592	0.8669467787114846	0.9287321830457614
ERP117672	3593	0.9243697478991597	0.9606986899563319
ERP117672	3594	0.9439775910364145	0.9711815561959654
ERP117672	3595	0.9408963585434174	0.9695482753644105
ERP117672	3596	0.9173669467787114	0.9569028487947407
ERP117672	3597	0.9526610644257703	0.9757567063548989
ERP117672	3598	0.9467787114845938	0.9726618705035971
ERP117672	3599	0.9246498599439776	0.9608499490612721
ERP117672	3600	0.9448179271708683	0.9716260982284315
ERP117672	3601	0.9456582633053221	0.9720702562625971
ERP117672	3602	0.942296918767507	0.9702913181424863
ERP117672	3603	0.9565826330532213	0.9778095919828202
ERP117672	3604	0.9478991596638655	0.9732528041415013
ERP117672	3605	0.9305322128851541	0.9640162507254788
ERP117672	3606	0.9333333333333333	0.9655172413793104
ERP117672	3607	0.926890756302521	0.9620584387265592
ERP117672	3608	0.919047619047619	0.9578163771712159
ERP117672	3609	0.9571428571428572	0.9781021897810218
ERP117672	3610	0.8271708683473389	0.9054116204200521
ERP117672	3611	0.8638655462184874	0.9269612263300271
ERP117672	3612	0.9490196078431372	0.9738430583501005
ERP117672	3613	0.9170868347338935	0.9567504383401519
ERP117672	3614	0.9481792717086834	0.9734004313443566
ERP117672	3615	0.934453781512605	0.9661164205039097
ERP117672	3616	0.9369747899159664	0.9674620390455532
ERP117672	3617	0.9165266106442577	0.9564454837766735
ERP117672	3618	0.9159663865546218	0.9561403508771931
ERP117672	3619	0.9338935574229692	0.9658169177288528
ERP117672	3620	0.9305322128851541	0.9640162507254788
ERP117672	3621	0.9392156862745098	0.9686552072800809
ERP117672	3622	0.9302521008403362	0.9638659120592077
ERP117672	3623	0.938375350140056	0.9682080924855492
ERP117672	3624	0.9663865546218487	0.9829059829059829
ERP117672	3625	0.9495798319327731	0.9741379310344828
ERP117672	3626	0.9476190476190476	0.9731051344743276
ERP117672	3627	0.9330532212885154	0.9653673380669469
ERP117672	3628	0.9294117647058824	0.9634146341463414
ERP117672	3629	0.9582633053221289	0.9786868831354598
ERP117672	3630	0.934733893557423	0.9662661068481251
ERP117672	3631	0.927170868347339	0.9622093023255814
ERP117672	3632	0.9162464985994397	0.9562929396287093
ERP117672	3633	0.9263305322128852	0.961756579904028
ERP117672	3634	0.9372549019607843	0.9676113360323887
ERP117672	3635	0.9473389355742297	0.9729574223245109
ERP117672	3636	0.9173669467787114	0.9569028487947407
ERP117672	3637	0.9554621848739496	0.9772238934250107
ERP117672	3638	0.9406162464985994	0.9693995381062356
ERP117672	3639	0.9187675070028011	0.9576642335766423
ERP117672	3640	0.9008403361344538	0.9478337754199824
ERP117672	3641	0.9464985994397759	0.9725140307957979
ERP117672	3642	0.9193277310924369	0.957968476357268
ERP117672	3643	0.9361344537815126	0.9670138888888888
ERP117672	3644	0.9787114845938375	0.9892412231030577
ERP117672	3645	0.9518207282913165	0.9753157290470723
ERP117672	3646	0.9610644257703082	0.980145693472361
ERP117672	3647	0.903921568627451	0.9495365602471679
ERP117672	3648	0.9030812324929972	0.9490727112157787
ERP117672	3649	0.9296918767507003	0.9635651037886486
ERP117672	3650	0.9162464985994397	0.9562929396287093
ERP117672	3651	0.9647058823529412	0.9820359281437125
ERP117672	3652	0.9187675070028011	0.9576642335766423
ERP117672	3653	0.94593837535014	0.9722182236936807
ERP117672	3654	0.9392156862745098	0.9686552072800809
ERP117672	3655	0.9470588235294117	0.972809667673716
ERP117672	3656	0.9431372549019608	0.970736629667003
ERP117672	3657	0.9565826330532213	0.9778095919828202
ERP117672	3658	0.9173669467787114	0.9569028487947407
ERP117672	3659	0.9243697478991597	0.9606986899563319
ERP117672	3660	0.9789915966386554	0.989384288747346
ERP117672	3661	0.9456582633053221	0.9720702562625971
ERP117672	3662	0.9518207282913165	0.9753157290470723
ERP117672	3663	0.9366946778711485	0.9673126988718542
ERP117672	3664	0.9417366946778711	0.96999422965955
ERP117672	3665	0.9204481792717086	0.9585764294049008
ERP117672	3666	0.9327731092436975	0.9652173913043478
ERP117672	3667	0.9106442577030812	0.9532326638322827
ERP117672	3668	0.9509803921568627	0.9748743718592965
ERP117672	3669	0.9610644257703082	0.980145693472361
ERP117672	3670	0.9196078431372549	0.958120531154239
ERP117672	3671	0.9478991596638655	0.9732528041415013
ERP117672	3672	0.9605042016806723	0.979854264894985
ERP117672	3673	0.9089635854341737	0.9523110785033015
ERP117672	3674	0.9400560224089636	0.9691019347386659
ERP117672	3675	0.923249299719888	0.9600932129332945
ERP117672	3676	0.9521008403361344	0.975462763667671
ERP117672	3677	0.9310924369747899	0.9643167972149695
ERP117672	3678	0.961624649859944	0.9804369555904612
ERP117672	3679	0.9106442577030812	0.9532326638322827
ERP117672	3680	0.9663865546218487	0.9829059829059829
ERP117672	3681	0.965266106442577	0.9823261117445837
ERP117672	3682	0.9372549019607843	0.9676113360323887
ERP117672	3683	0.9408963585434174	0.9695482753644105
ERP117672	3684	0.9470588235294117	0.972809667673716
ERP117672	3685	0.9470588235294117	0.972809667673716
ERP117672	3686	0.9011204481792717	0.9479888021217033
ERP117672	3687	0.9072829131652661	0.9513878689969159
ERP117672	3688	0.9285714285714286	0.962962962962963
ERP117672	3689	0.9109243697478991	0.9533861037818822
ERP117672	3690	0.9708683473389356	0.985218874360432
ERP117672	3691	0.9613445378151261	0.9802913453299057
ERP117672	3692	0.9501400560224089	0.9744326343004883
ERP117672	3693	0.9624649859943978	0.9808735369683128
ERP117672	3694	0.9568627450980393	0.9779559118236473
ERP117672	3695	0.9299719887955182	0.9637155297532656
ERP117672	3696	0.9319327731092437	0.9647672901261418
ERP117672	3697	0.9086834733893557	0.9521573231582038
ERP117672	3698	0.9305322128851541	0.9640162507254788
ERP117672	3699	0.8495798319327731	0.918673330304407
ERP117672	3700	0.9162464985994397	0.9562929396287093
ERP117672	3701	0.9487394957983193	0.9736955584303579
ERP117672	3702	0.9507002801120448	0.9747271682940838
ERP117672	3703	0.9201680672268907	0.9584245076586434
ERP117672	3704	0.9361344537815126	0.9670138888888888
ERP117672	3705	0.9484593837535014	0.9735480161012076
ERP117672	3706	0.9504201680672268	0.974579922447221
ERP117672	3707	0.9145658263305322	0.9553767373811266
ERP117672	3708	0.9549019607843138	0.9769307923771313
ERP117672	3709	0.9408963585434174	0.9695482753644105
ERP117672	3710	0.9565826330532213	0.9778095919828202
ERP117672	3711	0.9294117647058824	0.9634146341463414
ERP117672	3712	0.9464985994397759	0.9725140307957979
ERP117672	3713	0.9302521008403362	0.9638659120592077
ERP117672	3714	0.9100840336134454	0.9529256489221294
ERP117672	3715	0.9173669467787114	0.9569028487947407
ERP117672	3716	0.942296918767507	0.9702913181424863
ERP117672	3717	0.9280112044817928	0.9626616301031528
ERP117672	3718	0.9683473389355742	0.9839191689198804
ERP117672	3719	0.9173669467787114	0.9569028487947407
ERP117672	3720	0.9411764705882353	0.9696969696969697
ERP117672	3721	0.9411764705882353	0.9696969696969697
ERP117672	3722	0.9448179271708683	0.9716260982284315
ERP117672	3723	0.938655462184874	0.9683571738188123
ERP117672	3724	0.9380952380952381	0.9680589680589681
ERP117672	3725	0.9369747899159664	0.9674620390455532
ERP117672	3726	0.9473389355742297	0.9729574223245109
ERP117672	3727	0.9372549019607843	0.9676113360323887
ERP117672	3728	0.8966386554621849	0.9455028799291095
ERP117672	3729	0.9019607843137255	0.9484536082474228
ERP117672	3730	0.9302521008403362	0.9638659120592077
ERP117672	3731	0.9201680672268907	0.9584245076586434
ERP117672	3732	0.9350140056022409	0.9664157498552403
ERP117672	3733	0.9596638655462185	0.9794168096054888
ERP117672	3734	0.9215686274509803	0.9591836734693878
ERP117672	3735	0.9434173669467787	0.9708849812626117
ERP117672	3736	0.9476190476190476	0.9731051344743276
ERP117672	3737	0.949859943977591	0.9742853038356558
ERP117672	3738	0.9554621848739496	0.9772238934250107
ERP117672	3739	0.9481792717086834	0.9734004313443566
ERP117672	3740	0.9512605042016806	0.975021533161068
ERP117672	3741	0.9050420168067227	0.9501543890604324
ERP117672	3742	0.8711484593837535	0.9311377245508982
ERP117672	3743	0.9467787114845938	0.9726618705035971
ERP117672	3744	0.9529411764705882	0.9759036144578312
ERP117672	3745	0.9221288515406163	0.9594870300204023
ERP117672	3746	0.930812324929972	0.9641665457710721
ERP117672	3747	0.9523809523809523	0.975609756097561
ERP117672	3748	0.961624649859944	0.9804369555904612
ERP117672	3749	0.9350140056022409	0.9664157498552403
ERP117672	3750	0.946218487394958	0.9723661485319516
ERP117672	3751	0.9526610644257703	0.9757567063548989
ERP117672	3752	0.907563025210084	0.9515418502202644
ERP117672	3753	0.9212885154061624	0.9590319288526025
ERP117672	3754	0.9316526610644258	0.9646171693735499
ERP117672	3755	0.9145658263305322	0.9553767373811266
ERP117672	3756	0.9781512605042016	0.9889549702633814
ERP117672	3757	0.8983193277310925	0.9464364763169545
ERP117672	3758	0.9425770308123249	0.9704397981254506
ERP117672	3759	0.9523809523809523	0.975609756097561
ERP117672	3760	0.9361344537815126	0.9670138888888888
ERP117672	3761	0.9425770308123249	0.9704397981254506
ERP117672	3762	0.8943977591036415	0.9442555079106906
ERP117672	3763	0.9394957983193277	0.9688041594454073
ERP117672	3764	0.9627450980392157	0.981018981018981
ERP117672	3765	0.911484593837535	0.9536928487690505
ERP117672	3766	0.9677871148459384	0.9836298932384341
ERP117672	3767	0.9428571428571428	0.9705882352941176
ERP117672	3768	0.9450980392156862	0.9717741935483871
ERP117672	3769	0.9490196078431372	0.9738430583501005
ERP117672	3770	0.9439775910364145	0.9711815561959654
ERP117672	3771	0.9613445378151261	0.9802913453299057
ERP117672	3772	0.9565826330532213	0.9778095919828202
ERP117672	3773	0.957703081232493	0.9783946201173271
ERP117672	3774	0.9352941176470588	0.9665653495440729
ERP117672	3775	0.9408963585434174	0.9695482753644105
ERP117672	3776	0.8885154061624649	0.9409670720854345
ERP117672	3777	0.9117647058823529	0.9538461538461539
ERP117672	3778	0.9358543417366947	0.9668644190421067
ERP117672	3779	0.9140056022408963	0.9550709790721499
ERP117672	3780	0.9492997198879551	0.9739905158787182
ERP117672	3781	0.9277310924369748	0.962510897994769
ERP117672	3782	0.9352941176470588	0.9665653495440729
ERP117672	3783	0.9224089635854342	0.9596386419932974
ERP117672	3784	0.9529411764705882	0.9759036144578312
ERP117672	3785	0.8778711484593837	0.934964200477327
ERP117672	3786	0.9392156862745098	0.9686552072800809
ERP117672	3787	0.9198879551820728	0.9582725415815583
ERP117672	3788	0.9266106442577031	0.961907531259087
ERP117672	3789	0.9453781512605042	0.9719222462203023
ERP117672	3790	0.9504201680672268	0.974579922447221
ERP117672	3791	0.884593837535014	0.9387633769322236
ERP117672	3792	0.8857142857142857	0.9393939393939393
ERP117672	3793	0.9280112044817928	0.9626616301031528
ERP117672	3794	0.9361344537815126	0.9670138888888888
ERP117672	3795	0.961624649859944	0.9804369555904612
ERP117672	3796	0.9028011204481793	0.9489180038274695
ERP117672	3797	0.9431372549019608	0.970736629667003
ERP117672	3798	0.9299719887955182	0.9637155297532656
ERP117672	3799	0.9529411764705882	0.9759036144578312
ERP117672	3800	0.9551820728291317	0.9770773638968481
ERP117672	3801	0.9436974789915966	0.971033290099438
ERP117672	3802	0.9352941176470588	0.9665653495440729
ERP117672	3803	0.9481792717086834	0.9734004313443566
ERP117672	3804	0.9327731092436975	0.9652173913043478
ERP117672	3805	0.9120448179271708	0.953999414005274
ERP117672	3806	0.8876750700280112	0.9404956224959192
ERP117672	3807	0.95406162464986	0.9764908256880733
ERP117672	3808	0.934453781512605	0.9661164205039097
ERP117672	3809	0.8652661064425771	0.9277669319717675
ERP117672	3810	0.934733893557423	0.9662661068481251
ERP117672	3811	0.9246498599439776	0.9608499490612721
ERP117672	3812	0.9495798319327731	0.9741379310344828
ERP117672	3813	0.9058823529411765	0.9506172839506173
ERP117672	3814	0.9523809523809523	0.975609756097561
ERP117672	3815	0.9280112044817928	0.9626616301031528
ERP117672	3816	0.9621848739495799	0.9807280513918629
ERP117672	3817	0.9173669467787114	0.9569028487947407
ERP117672	3818	0.9378151260504202	0.9679098005203816
ERP117672	3819	0.9658263305322129	0.9826161299515531
ERP117672	3820	0.9411764705882353	0.9696969696969697
ERP117672	3821	0.9378151260504202	0.9679098005203816
ERP117672	3822	0.9700280112044818	0.9847860088155836
ERP117672	3823	0.9182072829131652	0.9573598130841122
ERP117672	3824	0.9563025210084034	0.9776632302405498
ERP117672	3825	0.9551820728291317	0.9770773638968481
ERP117672	3826	0.957703081232493	0.9783946201173271
ERP117672	3827	0.9145658263305322	0.9553767373811266
ERP117672	3828	0.9470588235294117	0.972809667673716
ERP117672	3829	0.9355742296918768	0.9667149059334298
ERP117672	3830	0.9140056022408963	0.9550709790721499
ERP117672	3831	0.9641456582633053	0.9817455790074158
ERP117672	3832	0.9240896358543418	0.9605473868103072
ERP117672	3833	0.9607843137254902	0.98
ERP117672	3834	0.903921568627451	0.9495365602471679
ERP117672	3835	0.934733893557423	0.9662661068481251
ERP117672	3836	0.9504201680672268	0.974579922447221
ERP117672	3837	0.9352941176470588	0.9665653495440729
ERP117672	3838	0.9627450980392157	0.981018981018981
ERP117672	3839	0.9212885154061624	0.9590319288526025
ERP117672	3840	0.8980392156862745	0.9462809917355373
ERP117672	3841	0.9661064425770308	0.9827610770765066
ERP117672	3842	0.9291316526610645	0.9632641208073182
ERP117672	3843	0.9613445378151261	0.9802913453299057
ERP117672	3844	0.9504201680672268	0.974579922447221
ERP117672	3845	0.9453781512605042	0.9719222462203023
ERP117672	3846	0.8666666666666667	0.9285714285714286
ERP117672	3847	0.934453781512605	0.9661164205039097
ERP117672	3848	0.9067226890756303	0.9510797708241516
ERP117672	3849	0.9658263305322129	0.9826161299515531
ERP117672	3850	0.9588235294117647	0.9789789789789789
ERP117672	3851	0.923249299719888	0.9600932129332945
ERP117672	3852	0.9487394957983193	0.9736955584303579
ERP117672	3853	0.9196078431372549	0.958120531154239
ERP117672	3854	0.9319327731092437	0.9647672901261418
ERP117672	3855	0.9593837535014006	0.9792709077912795
ERP117672	3856	0.9176470588235294	0.9570552147239264
ERP117672	3857	0.838375350140056	0.9120828889227487
ERP117672	3858	0.9179271708683473	0.9572075361472178
ERP117672	3859	0.9624649859943978	0.9808735369683128
ERP117672	3860	0.9624649859943978	0.9808735369683128
ERP117672	3861	0.9389355742296919	0.9685062120774343
ERP117672	3862	0.9358543417366947	0.9668644190421067
ERP117672	3863	0.9428571428571428	0.9705882352941176
ERP117672	3864	0.9310924369747899	0.9643167972149695
ERP117672	3865	0.9282913165266107	0.9628123184195235
ERP117672	3866	0.9492997198879551	0.9739905158787182
ERP117672	3867	0.9350140056022409	0.9664157498552403
ERP117672	3868	0.9092436974789916	0.9524647887323944
ERP117672	3869	0.888235294117647	0.940809968847352
ERP117672	3870	0.9025210084033614	0.9487632508833923
ERP117672	3871	0.9504201680672268	0.974579922447221
ERP117672	3872	0.930812324929972	0.9641665457710721
ERP117672	3873	0.9400560224089636	0.9691019347386659
ERP117672	3874	0.9372549019607843	0.9676113360323887
ERP117672	3875	0.8492997198879552	0.9185095425628597
ERP117672	3876	0.8871148459383753	0.9401810895057147
ERP117672	3877	0.9316526610644258	0.9646171693735499
ERP117672	3878	0.9260504201680673	0.9616055846422339
ERP117672	3879	0.938655462184874	0.9683571738188123
ERP117672	3880	0.9224089635854342	0.9596386419932974
ERP117672	3881	0.9546218487394958	0.9767841788478073
ERP117672	3882	0.9173669467787114	0.9569028487947407
ERP117672	3883	0.9425770308123249	0.9704397981254506
ERP117672	3884	0.9473389355742297	0.9729574223245109
ERP117672	3885	0.926890756302521	0.9620584387265592
ERP117672	3886	0.961624649859944	0.9804369555904612
ERP117672	3887	0.9689075630252101	0.9842082799829278
ERP117672	3888	0.9011204481792717	0.9479888021217033
ERP117672	3889	0.8775910364145658	0.9348053110547516
ERP117672	3890	0.9380952380952381	0.9680589680589681
ERP117672	3891	0.957703081232493	0.9783946201173271
ERP117672	3892	0.9453781512605042	0.9719222462203023
ERP117672	3893	0.9535014005602241	0.976197304273014
ERP117672	3894	0.934453781512605	0.9661164205039097
ERP117672	3895	0.9406162464985994	0.9693995381062356
ERP117672	3896	0.938655462184874	0.9683571738188123
ERP117672	3897	0.9126050420168067	0.9543057996485061
ERP117672	3898	0.8759103641456583	0.933850978049873
ERP117672	3899	0.9403361344537815	0.9692507579038545
ERP117672	3900	0.8778711484593837	0.934964200477327
ERP117672	3901	0.9053221288515406	0.950308732725669
ERP117672	3902	0.930812324929972	0.9641665457710721
ERP117672	3903	0.9246498599439776	0.9608499490612721
ERP117672	3904	0.9571428571428572	0.9781021897810218
ERP117672	3905	0.9252100840336135	0.9611523352247927
ERP117672	3906	0.8859943977591036	0.9395514629437101
ERP117672	3907	0.9599439775910364	0.9795626697155924
ERP117672	3908	0.9571428571428572	0.9781021897810218
ERP117672	3909	0.9316526610644258	0.9646171693735499
ERP117672	3910	0.8719887955182073	0.9316175370342661
ERP117672	3911	0.9277310924369748	0.962510897994769
ERP117672	3912	0.957703081232493	0.9783946201173271
ERP117672	3913	0.9467787114845938	0.9726618705035971
ERP117672	3914	0.9092436974789916	0.9524647887323944
ERP117672	3915	0.9448179271708683	0.9716260982284315
ERP117672	3916	0.9350140056022409	0.9664157498552403
ERP117672	3917	0.8859943977591036	0.9395514629437101
ERP117672	3918	0.9184873949579831	0.9575120455540955
ERP117672	3919	0.9389355742296919	0.9685062120774343
ERP117672	3920	0.9467787114845938	0.9726618705035971
ERP117672	3921	0.9084033613445378	0.9520035226772348
ERP117672	3922	0.9417366946778711	0.96999422965955
ERP117672	3923	0.9201680672268907	0.9584245076586434
ERP117672	3924	0.9224089635854342	0.9596386419932974
ERP117672	3925	0.9277310924369748	0.962510897994769
ERP117672	3926	0.900280112044818	0.9475235849056605
ERP117672	3927	0.9492997198879551	0.9739905158787182
ERP117672	3928	0.8868347338935574	0.9400237529691211
ERP117672	3929	0.9571428571428572	0.9781021897810218
ERP117672	3930	0.9484593837535014	0.9735480161012076
ERP117672	3931	0.9355742296918768	0.9667149059334298
ERP117672	3932	0.9453781512605042	0.9719222462203023
ERP117672	3933	0.9473389355742297	0.9729574223245109
ERP117672	3934	0.8918767507002802	0.9428486822623632
ERP117672	3935	0.9229691876750701	0.9599417334304443
ERP117672	3936	0.9072829131652661	0.9513878689969159
ERP117672	3937	0.9305322128851541	0.9640162507254788
ERP117672	3938	0.9336134453781513	0.9656671012603216
ERP117672	3939	0.9619047619047619	0.9805825242718447
ERP117672	3940	0.9512605042016806	0.975021533161068
ERP117672	3941	0.9456582633053221	0.9720702562625971
ERP117672	3942	0.9137254901960784	0.9549180327868853
ERP117672	3943	0.9193277310924369	0.957968476357268
ERP117672	3944	0.9215686274509803	0.9591836734693878
ERP117672	3945	0.8946778711484594	0.9444115907746896
ERP117672	3946	0.8288515406162466	0.9064175218257007
ERP117672	3947	0.9535014005602241	0.976197304273014
ERP117672	3948	0.9619047619047619	0.9805825242718447
ERP117672	3949	0.930812324929972	0.9641665457710721
ERP117672	3950	0.9431372549019608	0.970736629667003
ERP117672	3951	0.9406162464985994	0.9693995381062356
ERP117672	3952	0.9285714285714286	0.962962962962963
ERP117672	3953	0.9112044817927171	0.9535394987542137
ERP117672	3954	0.9198879551820728	0.9582725415815583
ERP117672	3955	0.9128851540616246	0.9544589251720603
ERP117672	3956	0.934733893557423	0.9662661068481251
ERP117672	3957	0.9126050420168067	0.9543057996485061
ERP117672	3958	0.9507002801120448	0.9747271682940838
ERP117672	3959	0.9285714285714286	0.962962962962963
ERP117672	3960	0.9408963585434174	0.9695482753644105
ERP117672	3961	0.9352941176470588	0.9665653495440729
ERP117672	3962	0.9481792717086834	0.9734004313443566
ERP117672	3963	0.9260504201680673	0.9616055846422339
ERP117672	3964	0.9380952380952381	0.9680589680589681
ERP117672	3965	0.8803921568627451	0.9363920750782064
ERP117672	3966	0.9389355742296919	0.9685062120774343
ERP117672	3967	0.9277310924369748	0.962510897994769
ERP117672	3968	0.9599439775910364	0.9795626697155924
ERP117672	3969	0.9224089635854342	0.9596386419932974
ERP117672	3970	0.9047619047619048	0.9500000000000001
ERP117672	3971	0.9515406162464985	0.9751686522175972
ERP117672	3972	0.8661064425770308	0.9282497748423897
ERP117672	3973	0.934453781512605	0.9661164205039097
ERP117672	3974	0.9507002801120448	0.9747271682940838
ERP117672	3975	0.9641456582633053	0.9817455790074158
ERP117672	3976	0.9327731092436975	0.9652173913043478
ERP117672	3977	0.934733893557423	0.9662661068481251
ERP117672	3978	0.9406162464985994	0.9693995381062356
ERP117672	3979	0.934453781512605	0.9661164205039097
ERP117672	3980	0.8876750700280112	0.9404956224959192
ERP117672	3981	0.9380952380952381	0.9680589680589681
ERP117672	3982	0.9529411764705882	0.9759036144578312
ERP117672	3983	0.9574229691876751	0.9782484258729249
ERP117672	3984	0.9551820728291317	0.9770773638968481
ERP117672	3985	0.876750700280112	0.9343283582089552
ERP117672	3986	0.9526610644257703	0.9757567063548989
ERP117672	3987	0.934453781512605	0.9661164205039097
ERP117672	3988	0.9389355742296919	0.9685062120774343
ERP117672	3989	0.9022408963585434	0.9486084523634223
ERP117672	3990	0.8857142857142857	0.9393939393939393
ERP117672	3991	0.8935574229691877	0.9437869822485208
ERP117672	3992	0.9521008403361344	0.975462763667671
ERP117672	3993	0.915406162464986	0.9558350394852296
ERP117672	3994	0.9476190476190476	0.9731051344743276
ERP117672	3995	0.9341736694677871	0.9659666908037654
ERP117672	3996	0.9490196078431372	0.9738430583501005
ERP117672	3997	0.9557422969187676	0.977370380979662
ERP117672	3998	0.9596638655462185	0.9794168096054888
ERP117672	3999	0.9249299719887956	0.9610011641443539
ERP117672	4000	0.946218487394958	0.9723661485319516
ERP117672	4001	0.9434173669467787	0.9708849812626117
ERP117672	4002	0.9182072829131652	0.9573598130841122
ERP117672	4003	0.9282913165266107	0.9628123184195235
ERP117672	4004	0.9759103641456582	0.9878083356960589
ERP117672	4005	0.9196078431372549	0.958120531154239
ERP117672	4006	0.9142857142857143	0.955223880597015
ERP117672	4007	0.9212885154061624	0.9590319288526025
ERP117672	4008	0.9126050420168067	0.9543057996485061
ERP117672	4009	0.9322128851540616	0.9649173673528559
ERP117672	4010	0.9490196078431372	0.9738430583501005
ERP117672	4011	0.9296918767507003	0.9635651037886486
ERP117672	4012	0.9442577030812325	0.971329779570667
ERP117672	4013	0.9198879551820728	0.9582725415815583
ERP117672	4014	0.9327731092436975	0.9652173913043478
ERP117672	4015	0.9366946778711485	0.9673126988718542
ERP117672	4016	0.9389355742296919	0.9685062120774343
ERP117672	4017	0.9408963585434174	0.9695482753644105
ERP117672	4018	0.9406162464985994	0.9693995381062356
ERP117672	4019	0.9478991596638655	0.9732528041415013
ERP117672	4020	0.9162464985994397	0.9562929396287093
ERP117672	4021	0.9537815126050421	0.9763440860215054
ERP117672	4022	0.9546218487394958	0.9767841788478073
ERP117672	4023	0.9630252100840336	0.9811643835616438
ERP117672	4024	0.8840336134453781	0.9384478144513827
ERP117672	4025	0.9406162464985994	0.9693995381062356
ERP117672	4026	0.9554621848739496	0.9772238934250107
ERP117672	4027	0.9515406162464985	0.9751686522175972
ERP117672	4028	0.9521008403361344	0.975462763667671
ERP117672	4029	0.9369747899159664	0.9674620390455532
ERP117672	4030	0.9403361344537815	0.9692507579038545
ERP117672	4031	0.9515406162464985	0.9751686522175972
ERP117672	4032	0.9487394957983193	0.9736955584303579
ERP117672	4033	0.9358543417366947	0.9668644190421067
ERP117672	4034	0.9473389355742297	0.9729574223245109
ERP117672	4035	0.9661064425770308	0.9827610770765066
ERP117672	4036	0.9778711484593837	0.9888117830335645
ERP117672	4037	0.9324929971988796	0.9650674010726192
ERP117672	4038	0.9341736694677871	0.9659666908037654
ERP117672	4039	0.9389355742296919	0.9685062120774343
ERP117672	4040	0.9369747899159664	0.9674620390455532
ERP117672	4041	0.915126050420168	0.9556823168056165
ERP117672	4042	0.9719887955182073	0.9857954545454545
ERP117672	4043	0.927170868347339	0.9622093023255814
ERP117672	4044	0.9229691876750701	0.9599417334304443
ERP117672	4045	0.9364145658263305	0.9671633154925503
ERP117672	4046	0.934453781512605	0.9661164205039097
ERP117672	4047	0.9599439775910364	0.9795626697155924
ERP117672	4048	0.9428571428571428	0.9705882352941176
ERP117672	4049	0.938655462184874	0.9683571738188123
ERP117672	4050	0.8633053221288516	0.9266386049308479
ERP117672	4051	0.8815126050420168	0.9370254577936579
ERP117672	4052	0.9341736694677871	0.9659666908037654
ERP117672	4053	0.9378151260504202	0.9679098005203816
ERP117672	4054	0.9509803921568627	0.9748743718592965
ERP117672	4055	0.8554621848739495	0.9221014492753622
ERP117672	4056	0.8918767507002802	0.9428486822623632
ERP117672	4057	0.9358543417366947	0.9668644190421067
ERP117672	4058	0.9322128851540616	0.9649173673528559
ERP117672	4059	0.9098039215686274	0.9527720739219713
ERP117672	4060	0.8966386554621849	0.9455028799291095
ERP117672	4061	0.9126050420168067	0.9543057996485061
ERP117672	4062	0.9249299719887956	0.9610011641443539
ERP117672	4063	0.946218487394958	0.9723661485319516
ERP117672	4064	0.9016806722689076	0.9482987185152453
ERP117672	4065	0.949859943977591	0.9742853038356558
ERP117672	4066	0.969187675070028	0.984352773826458
ERP117672	4067	0.8988795518207283	0.9467473078625167
ERP117672	4068	0.9400560224089636	0.9691019347386659
ERP117672	4069	0.9350140056022409	0.9664157498552403
ERP117672	4070	0.9310924369747899	0.9643167972149695
ERP117672	4071	0.9224089635854342	0.9596386419932974
ERP117672	4072	0.9501400560224089	0.9744326343004883
ERP117672	4073	0.8988795518207283	0.9467473078625167
ERP117672	4074	0.9501400560224089	0.9744326343004883
ERP117672	4075	0.9644257703081233	0.9818907742763439
ERP117672	4076	0.94593837535014	0.9722182236936807
ERP117672	4077	0.915126050420168	0.9556823168056165
ERP117672	4078	0.9627450980392157	0.981018981018981
ERP117672	4079	0.8907563025210085	0.9422222222222223
ERP117672	4080	0.9521008403361344	0.975462763667671
ERP117672	4081	0.9484593837535014	0.9735480161012076
ERP117672	4082	0.9212885154061624	0.9590319288526025
ERP117672	4083	0.9596638655462185	0.9794168096054888
ERP117672	4084	0.9159663865546218	0.9561403508771931
ERP117672	4085	0.9050420168067227	0.9501543890604324
ERP117672	4086	0.9464985994397759	0.9725140307957979
ERP117672	4087	0.930812324929972	0.9641665457710721
ERP117672	4088	0.9380952380952381	0.9680589680589681
ERP117672	4089	0.9380952380952381	0.9680589680589681
ERP117672	4090	0.9565826330532213	0.9778095919828202
ERP117672	4091	0.9481792717086834	0.9734004313443566
ERP117672	4092	0.9355742296918768	0.9667149059334298
ERP117672	4093	0.9571428571428572	0.9781021897810218
ERP117672	4094	0.9554621848739496	0.9772238934250107
ERP117672	4095	0.9669467787114846	0.9831956707490743
ERP117672	4096	0.9403361344537815	0.9692507579038545
ERP117672	4097	0.9450980392156862	0.9717741935483871
ERP117672	4098	0.9341736694677871	0.9659666908037654
ERP117672	4099	0.896358543417367	0.9453471196454949
ERP117672	4100	0.9056022408963585	0.9504630310157284
ERP117672	4101	0.9260504201680673	0.9616055846422339
ERP117672	4102	0.9324929971988796	0.9650674010726192
ERP117672	4103	0.9336134453781513	0.9656671012603216
ERP117672	4104	0.9565826330532213	0.9778095919828202
ERP117672	4105	0.9044817927170868	0.9498455655243419
ERP117672	4106	0.9316526610644258	0.9646171693735499
ERP117672	4107	0.9254901960784314	0.9613034623217923
ERP117672	4108	0.9434173669467787	0.9708849812626117
ERP117672	4109	0.8579831932773109	0.9235639981908638
ERP117672	4110	0.938375350140056	0.9682080924855492
ERP117672	4111	0.9103641456582633	0.9530791788856305
ERP117672	4112	0.9184873949579831	0.9575120455540955
ERP117672	4113	0.930812324929972	0.9641665457710721
ERP117672	4114	0.9313725490196079	0.9644670050761421
ERP117672	4115	0.9394957983193277	0.9688041594454073
ERP117672	4116	0.9417366946778711	0.96999422965955
ERP117672	4117	0.9238095238095239	0.9603960396039605
ERP117672	4118	0.9492997198879551	0.9739905158787182
ERP117672	4119	0.8946778711484594	0.9444115907746896
ERP117672	4120	0.8885154061624649	0.9409670720854345
ERP117672	4121	0.8932773109243698	0.9436307146027519
ERP117672	4122	0.9420168067226891	0.9701427953266983
ERP117672	4123	0.9137254901960784	0.9549180327868853
ERP117672	4124	0.9159663865546218	0.9561403508771931
ERP117672	4125	0.9529411764705882	0.9759036144578312
ERP117672	4126	0.9445378151260504	0.9714779602420052
ERP117672	4127	0.938375350140056	0.9682080924855492
ERP117672	4128	0.9512605042016806	0.975021533161068
ERP117672	4129	0.9145658263305322	0.9553767373811266
ERP117672	4130	0.9714285714285714	0.9855072463768115
ERP117672	4131	0.9529411764705882	0.9759036144578312
ERP117672	4132	0.9764705882352941	0.988095238095238
ERP117672	4133	0.9341736694677871	0.9659666908037654
ERP117672	4134	0.9504201680672268	0.974579922447221
ERP117672	4135	0.9431372549019608	0.970736629667003
ERP117672	4136	0.9507002801120448	0.9747271682940838
ERP117672	4137	0.9238095238095239	0.9603960396039605
ERP117672	4138	0.9588235294117647	0.9789789789789789
ERP117672	4139	0.9291316526610645	0.9632641208073182
ERP117672	4140	0.9327731092436975	0.9652173913043478
ERP117672	4141	0.9305322128851541	0.9640162507254788
ERP117672	4142	0.9507002801120448	0.9747271682940838
ERP117672	4143	0.9571428571428572	0.9781021897810218
ERP117672	4144	0.9204481792717086	0.9585764294049008
ERP117672	4145	0.888235294117647	0.940809968847352
ERP117672	4146	0.9131652661064426	0.9546120058565154
ERP117672	4147	0.9128851540616246	0.9544589251720603
ERP117672	4148	0.9677871148459384	0.9836298932384341
ERP117672	4149	0.9599439775910364	0.9795626697155924
ERP117672	4150	0.9266106442577031	0.961907531259087
ERP117672	4151	0.9246498599439776	0.9608499490612721
ERP117672	4152	0.9481792717086834	0.9734004313443566
ERP117672	4153	0.9638655462184874	0.9816003423192127
ERP117672	4154	0.9162464985994397	0.9562929396287093
ERP117672	4155	0.9448179271708683	0.9716260982284315
ERP117672	4156	0.9420168067226891	0.9701427953266983
ERP117672	4157	0.9526610644257703	0.9757567063548989
ERP117672	4158	0.9327731092436975	0.9652173913043478
ERP117672	4159	0.9392156862745098	0.9686552072800809
ERP117672	4160	0.9473389355742297	0.9729574223245109
ERP117672	4161	0.9487394957983193	0.9736955584303579
ERP117672	4162	0.880672268907563	0.936550491510277
ERP117672	4163	0.9207282913165266	0.9587283068397259
ERP117672	4164	0.9324929971988796	0.9650674010726192
ERP117672	4165	0.9392156862745098	0.9686552072800809
ERP117672	4166	0.9327731092436975	0.9652173913043478
ERP117672	4167	0.9658263305322129	0.9826161299515531
ERP117672	4168	0.9476190476190476	0.9731051344743276
ERP117672	4169	0.934453781512605	0.9661164205039097
ERP117672	4170	0.9591036414565827	0.9791249642550758
ERP117672	4171	0.9067226890756303	0.9510797708241516
ERP117672	4172	0.9775910364145658	0.9886685552407931
ERP117672	4173	0.94593837535014	0.9722182236936807
ERP117672	4174	0.9406162464985994	0.9693995381062356
ERP117672	4175	0.9633053221288516	0.9813097446140676
ERP117672	4176	0.9661064425770308	0.9827610770765066
ERP117672	4177	0.9492997198879551	0.9739905158787182
ERP117672	4178	0.9235294117647059	0.9602446483180428
ERP117672	4179	0.9484593837535014	0.9735480161012076
ERP117672	4180	0.9120448179271708	0.953999414005274
ERP117672	4181	0.942296918767507	0.9702913181424863
ERP117672	4182	0.9467787114845938	0.9726618705035971
ERP117672	4183	0.9526610644257703	0.9757567063548989
ERP117672	4184	0.9184873949579831	0.9575120455540955
ERP117672	4185	0.9257703081232493	0.9614545454545455
ERP117672	4186	0.9733893557422969	0.9865152590489709
ERP117672	4187	0.9338935574229692	0.9658169177288528
ERP117672	4188	0.9254901960784314	0.9613034623217923
ERP117672	4189	0.9215686274509803	0.9591836734693878
ERP117672	4190	0.9092436974789916	0.9524647887323944
ERP117672	4191	0.8873949579831932	0.9403383793410507
ERP117672	4192	0.9630252100840336	0.9811643835616438
ERP117672	4193	0.9448179271708683	0.9716260982284315
ERP117672	4194	0.9165266106442577	0.9564454837766735
ERP117672	4195	0.9523809523809523	0.975609756097561
ERP117672	4196	0.9364145658263305	0.9671633154925503
ERP117672	4197	0.9364145658263305	0.9671633154925503
ERP117672	4198	0.9058823529411765	0.9506172839506173
ERP117672	4199	0.9456582633053221	0.9720702562625971
ERP117672	4200	0.9081232492997199	0.9518496770405168
ERP117672	4201	0.9246498599439776	0.9608499490612721
ERP117672	4202	0.965546218487395	0.9824711415134673
ERP117672	4203	0.9436974789915966	0.971033290099438
ERP117672	4204	0.915126050420168	0.9556823168056165
ERP117672	4205	0.9333333333333333	0.9655172413793104
ERP117672	4206	0.9361344537815126	0.9670138888888888
ERP117672	4207	0.9201680672268907	0.9584245076586434
ERP117672	4208	0.9123249299719888	0.9541526292661492
ERP117672	4209	0.9467787114845938	0.9726618705035971
ERP117672	4210	0.8983193277310925	0.9464364763169545
ERP117672	4211	0.9420168067226891	0.9701427953266983
ERP117672	4212	0.9022408963585434	0.9486084523634223
ERP117672	4213	0.9274509803921569	0.9623601220752798
ERP117672	4214	0.946218487394958	0.9723661485319516
ERP117672	4215	0.9366946778711485	0.9673126988718542
ERP117672	4216	0.9624649859943978	0.9808735369683128
ERP117672	4217	0.9338935574229692	0.9658169177288528
ERP117672	4218	0.9526610644257703	0.9757567063548989
ERP117672	4219	0.9238095238095239	0.9603960396039605
ERP117672	4220	0.9535014005602241	0.976197304273014
ERP117672	4221	0.907563025210084	0.9515418502202644
ERP117672	4222	0.9277310924369748	0.962510897994769
ERP117672	4223	0.9574229691876751	0.9782484258729249
ERP117672	4224	0.9243697478991597	0.9606986899563319
ERP117672	4225	0.915406162464986	0.9558350394852296
ERP117672	4226	0.9380952380952381	0.9680589680589681
ERP117672	4227	0.927170868347339	0.9622093023255814
ERP117672	4228	0.926890756302521	0.9620584387265592
ERP117672	4229	0.9411764705882353	0.9696969696969697
ERP117672	4230	0.9336134453781513	0.9656671012603216
ERP117672	4231	0.9425770308123249	0.9704397981254506
ERP117672	4232	0.9630252100840336	0.9811643835616438
ERP117672	4233	0.9436974789915966	0.971033290099438
ERP117672	4234	0.8773109243697479	0.9346463742166518
ERP117672	4235	0.9299719887955182	0.9637155297532656
ERP117672	4236	0.9109243697478991	0.9533861037818822
ERP117672	4237	0.961624649859944	0.9804369555904612
ERP117672	4238	0.9285714285714286	0.962962962962963
ERP117672	4239	0.9532212885154062	0.9760504804244945
ERP117672	4240	0.9512605042016806	0.975021533161068
ERP117672	4241	0.9098039215686274	0.9527720739219713
ERP117672	4242	0.9137254901960784	0.9549180327868853
ERP117672	4243	0.9745098039215686	0.9870903674280039
ERP117672	4244	0.9478991596638655	0.9732528041415013
ERP117672	4245	0.9619047619047619	0.9805825242718447
ERP117672	4246	0.9551820728291317	0.9770773638968481
ERP117672	4247	0.9563025210084034	0.9776632302405498
ERP117672	4248	0.9834733893557422	0.9916678435249258
ERP117672	4249	0.9170868347338935	0.9567504383401519
ERP117672	4250	0.9263305322128852	0.961756579904028
ERP117672	4251	0.9162464985994397	0.9562929396287093
ERP117672	4252	0.9084033613445378	0.9520035226772348
ERP117672	4253	0.9294117647058824	0.9634146341463414
ERP117672	4254	0.9478991596638655	0.9732528041415013
ERP117672	4255	0.907563025210084	0.9515418502202644
ERP117672	4256	0.9249299719887956	0.9610011641443539
ERP117672	4257	0.9246498599439776	0.9608499490612721
ERP117672	4258	0.9703081232492997	0.9849303383565539
ERP117672	4259	0.9266106442577031	0.961907531259087
ERP117672	4260	0.9532212885154062	0.9760504804244945
ERP117672	4261	0.9456582633053221	0.9720702562625971
ERP117672	4262	0.9624649859943978	0.9808735369683128
ERP117672	4263	0.9518207282913165	0.9753157290470723
ERP117672	4264	0.9602240896358544	0.9797084881394684
ERP117672	4265	0.9677871148459384	0.9836298932384341
ERP117672	4266	0.9546218487394958	0.9767841788478073
ERP117672	4267	0.9378151260504202	0.9679098005203816
ERP117672	4268	0.9238095238095239	0.9603960396039605
ERP117672	4269	0.923249299719888	0.9600932129332945
ERP117672	4270	0.9179271708683473	0.9572075361472178
ERP117672	4271	0.9436974789915966	0.971033290099438
ERP117672	4272	0.9535014005602241	0.976197304273014
ERP117672	4273	0.9647058823529412	0.9820359281437125
ERP117672	4274	0.9341736694677871	0.9659666908037654
ERP117672	4275	0.9098039215686274	0.9527720739219713
ERP117672	4276	0.9425770308123249	0.9704397981254506
ERP117672	4277	0.9408963585434174	0.9695482753644105
ERP117672	4278	0.9355742296918768	0.9667149059334298
ERP117672	4279	0.9585434173669468	0.97883295194508
ERP117672	4280	0.9529411764705882	0.9759036144578312
ERP117672	4281	0.8817927170868347	0.9371836856207204
ERP117672	4282	0.9775910364145658	0.9886685552407931
ERP117672	4283	0.9649859943977591	0.9821810406272273
ERP117672	4284	0.9473389355742297	0.9729574223245109
ERP117672	4285	0.9280112044817928	0.9626616301031528
ERP117672	4286	0.9574229691876751	0.9782484258729249
ERP117672	4287	0.9445378151260504	0.9714779602420052
ERP117672	4288	0.9464985994397759	0.9725140307957979
ERP117672	4289	0.8624649859943978	0.9261543089186344
ERP117672	4290	0.9602240896358544	0.9797084881394684
ERP117672	4291	0.8994397759103642	0.9470579560536795
ERP117672	4292	0.9464985994397759	0.9725140307957979
ERP117672	4293	0.8966386554621849	0.9455028799291095
ERP117672	4294	0.9439775910364145	0.9711815561959654
ERP117672	4295	0.9238095238095239	0.9603960396039605
ERP117672	4296	0.9467787114845938	0.9726618705035971
ERP117672	4297	0.9568627450980393	0.9779559118236473
ERP117672	4298	0.9504201680672268	0.974579922447221
ERP117672	4299	0.9406162464985994	0.9693995381062356
ERP117672	4300	0.9369747899159664	0.9674620390455532
ERP117672	4301	0.8759103641456583	0.933850978049873
ERP117672	4302	0.9212885154061624	0.9590319288526025
ERP117672	4303	0.9285714285714286	0.962962962962963
ERP117672	4304	0.8812324929971989	0.9368671828469327
ERP117672	4305	0.9476190476190476	0.9731051344743276
ERP117672	4306	0.9549019607843138	0.9769307923771313
ERP117672	4307	0.9501400560224089	0.9744326343004883
ERP117672	4308	0.9476190476190476	0.9731051344743276
ERP117672	4309	0.9677871148459384	0.9836298932384341
ERP117672	4310	0.9254901960784314	0.9613034623217923
ERP117672	4311	0.9358543417366947	0.9668644190421067
ERP117672	4312	0.934453781512605	0.9661164205039097
ERP117672	4313	0.9400560224089636	0.9691019347386659
ERP117672	4314	0.9439775910364145	0.9711815561959654
ERP117672	4315	0.938655462184874	0.9683571738188123
ERP117672	4316	0.9316526610644258	0.9646171693735499
ERP117672	4317	0.9535014005602241	0.976197304273014
ERP117672	4318	0.9840336134453781	0.991952562473528
ERP117672	4319	0.9591036414565827	0.9791249642550758
ERP117672	4320	0.911484593837535	0.9536928487690505
ERP117672	4321	0.9011204481792717	0.9479888021217033
ERP117672	4322	0.9338935574229692	0.9658169177288528
ERP117672	4323	0.9523809523809523	0.975609756097561
ERP117672	4324	0.9532212885154062	0.9760504804244945
ERP117672	4325	0.9198879551820728	0.9582725415815583
ERP117672	4326	0.9521008403361344	0.975462763667671
ERP117672	4327	0.9515406162464985	0.9751686522175972
ERP117672	4328	0.9560224089635855	0.9775168265788343
ERP117672	4329	0.8966386554621849	0.9455028799291095
ERP117672	4330	0.957983193277311	0.9785407725321889
ERP117672	4331	0.9333333333333333	0.9655172413793104
ERP117672	4332	0.9179271708683473	0.9572075361472178
ERP117672	4333	0.9305322128851541	0.9640162507254788
ERP117672	4334	0.9602240896358544	0.9797084881394684
ERP117672	4335	0.911484593837535	0.9536928487690505
ERP117672	4336	0.934733893557423	0.9662661068481251
ERP117672	4337	0.949859943977591	0.9742853038356558
ERP117672	4338	0.8599439775910365	0.924698795180723
ERP117672	4339	0.9224089635854342	0.9596386419932974
ERP117672	4340	0.892436974789916	0.9431616341030197
ERP117672	4341	0.938655462184874	0.9683571738188123
ERP117672	4342	0.9266106442577031	0.961907531259087
ERP117672	4343	0.9226890756302522	0.9597902097902098
ERP117672	4344	0.9215686274509803	0.9591836734693878
ERP117672	4345	0.9613445378151261	0.9802913453299057
ERP117672	4346	0.9330532212885154	0.9653673380669469
ERP117672	4347	0.9456582633053221	0.9720702562625971
ERP117672	4348	0.9305322128851541	0.9640162507254788
ERP117672	4349	0.9366946778711485	0.9673126988718542
ERP117672	4350	0.9478991596638655	0.9732528041415013
ERP117672	4351	0.9661064425770308	0.9827610770765066
ERP117672	4352	0.9571428571428572	0.9781021897810218
ERP117672	4353	0.9526610644257703	0.9757567063548989
ERP117672	4354	0.9394957983193277	0.9688041594454073
ERP117672	4355	0.8719887955182073	0.9316175370342661
ERP117672	4356	0.9302521008403362	0.9638659120592077
ERP117672	4357	0.869187675070028	0.9300164843398772
ERP117672	4358	0.9070028011204482	0.9512338425381904
ERP117672	4359	0.8778711484593837	0.934964200477327
ERP117672	4360	0.9442577030812325	0.971329779570667
ERP117672	4361	0.949859943977591	0.9742853038356558
ERP117672	4362	0.9246498599439776	0.9608499490612721
ERP117672	4363	0.9338935574229692	0.9658169177288528
ERP117672	4364	0.9397759103641457	0.9689530685920578
ERP117672	4365	0.8773109243697479	0.9346463742166518
ERP117672	4366	0.9535014005602241	0.976197304273014
ERP117672	4367	0.9470588235294117	0.972809667673716
ERP117672	4368	0.9204481792717086	0.9585764294049008
ERP117672	4369	0.938655462184874	0.9683571738188123
ERP117672	4370	0.9165266106442577	0.9564454837766735
ERP117672	4371	0.9243697478991597	0.9606986899563319
ERP117672	4372	0.9453781512605042	0.9719222462203023
ERP117672	4373	0.9198879551820728	0.9582725415815583
ERP117672	4374	0.8739495798319328	0.9327354260089686
ERP117672	4375	0.9025210084033614	0.9487632508833923
ERP117672	4376	0.9509803921568627	0.9748743718592965
ERP117672	4377	0.9044817927170868	0.9498455655243419
ERP117672	4378	0.9708683473389356	0.985218874360432
ERP117672	4379	0.9408963585434174	0.9695482753644105
ERP117672	4380	0.9464985994397759	0.9725140307957979
ERP117672	4381	0.9056022408963585	0.9504630310157284
ERP117672	4382	0.9571428571428572	0.9781021897810218
ERP117672	4383	0.9610644257703082	0.980145693472361
ERP117672	4384	0.9445378151260504	0.9714779602420052
ERP117672	4385	0.8456582633053221	0.9163757778115039
ERP117672	4386	0.9613445378151261	0.9802913453299057
ERP117672	4387	0.9521008403361344	0.975462763667671
ERP117672	4388	0.9036414565826331	0.9493819894055328
ERP117672	4389	0.934453781512605	0.9661164205039097
ERP117672	4390	0.9436974789915966	0.971033290099438
ERP117672	4391	0.9266106442577031	0.961907531259087
ERP117672	4392	0.9243697478991597	0.9606986899563319
ERP117672	4393	0.9509803921568627	0.9748743718592965
ERP117672	4394	0.9414565826330532	0.9698456211224932
ERP117672	4395	0.9518207282913165	0.9753157290470723
ERP117672	4396	0.9627450980392157	0.981018981018981
ERP117672	4397	0.9406162464985994	0.9693995381062356
ERP117672	4398	0.9464985994397759	0.9725140307957979
ERP117672	4399	0.9277310924369748	0.962510897994769
ERP117672	4400	0.9436974789915966	0.971033290099438
ERP117672	4401	0.9425770308123249	0.9704397981254506
ERP117672	4402	0.9327731092436975	0.9652173913043478
ERP117672	4403	0.9490196078431372	0.9738430583501005
ERP117672	4404	0.9313725490196079	0.9644670050761421
ERP117672	4405	0.9414565826330532	0.9698456211224932
ERP117672	4406	0.9478991596638655	0.9732528041415013
ERP117672	4407	0.8957983193277311	0.9450354609929079
ERP117672	4408	0.9476190476190476	0.9731051344743276
ERP117672	4409	0.9316526610644258	0.9646171693735499
ERP117672	4410	0.9484593837535014	0.9735480161012076
ERP117672	4411	0.911484593837535	0.9536928487690505
ERP117672	4412	0.9361344537815126	0.9670138888888888
ERP117672	4413	0.9420168067226891	0.9701427953266983
ERP117672	4414	0.919047619047619	0.9578163771712159
ERP117672	4415	0.9201680672268907	0.9584245076586434
ERP117672	4416	0.957983193277311	0.9785407725321889
ERP117672	4417	0.8585434173669467	0.9238884702336095
ERP117672	4418	0.9663865546218487	0.9829059829059829
ERP117672	4419	0.9322128851540616	0.9649173673528559
ERP117672	4420	0.9434173669467787	0.9708849812626117
ERP117672	4421	0.9324929971988796	0.9650674010726192
ERP117672	4422	0.9431372549019608	0.970736629667003
ERP117672	4423	0.9378151260504202	0.9679098005203816
ERP117672	4424	0.9445378151260504	0.9714779602420052
ERP117672	4425	0.9624649859943978	0.9808735369683128
ERP117672	4426	0.9294117647058824	0.9634146341463414
ERP117672	4427	0.9549019607843138	0.9769307923771313
ERP117672	4428	0.9028011204481793	0.9489180038274695
ERP117672	4429	0.8949579831932774	0.9445676274944569
ERP117672	4430	0.9633053221288516	0.9813097446140676
ERP117672	4431	0.9428571428571428	0.9705882352941176
ERP117672	4432	0.9263305322128852	0.961756579904028
ERP117672	4433	0.911484593837535	0.9536928487690505
ERP117672	4434	0.9207282913165266	0.9587283068397259
ERP117672	4435	0.9277310924369748	0.962510897994769
ERP117672	4436	0.9201680672268907	0.9584245076586434
ERP117672	4437	0.9431372549019608	0.970736629667003
ERP117672	4438	0.9369747899159664	0.9674620390455532
ERP117672	4439	0.938375350140056	0.9682080924855492
ERP117672	4440	0.9008403361344538	0.9478337754199824
ERP117672	4441	0.9229691876750701	0.9599417334304443
ERP117672	4442	0.9226890756302522	0.9597902097902098
ERP117672	4443	0.9148459383753501	0.9555295494441194
ERP117672	4444	0.9596638655462185	0.9794168096054888
ERP117672	4445	0.9072829131652661	0.9513878689969159
ERP117672	4446	0.9467787114845938	0.9726618705035971
ERP117672	4447	0.9627450980392157	0.981018981018981
ERP117672	4448	0.9504201680672268	0.974579922447221
ERP117672	4449	0.9338935574229692	0.9658169177288528
ERP117672	4450	0.9207282913165266	0.9587283068397259
ERP117672	4451	0.9537815126050421	0.9763440860215054
ERP117672	4452	0.8918767507002802	0.9428486822623632
ERP117672	4453	0.9490196078431372	0.9738430583501005
ERP117672	4454	0.9526610644257703	0.9757567063548989
ERP117672	4455	0.9481792717086834	0.9734004313443566
ERP117672	4456	0.8826330532212885	0.9376580865942568
ERP117672	4457	0.9033613445378151	0.9492273730684327
ERP117672	4458	0.9411764705882353	0.9696969696969697
ERP117672	4459	0.9602240896358544	0.9797084881394684
ERP117672	4460	0.9619047619047619	0.9805825242718447
ERP117672	4461	0.9582633053221289	0.9786868831354598
ERP117672	4462	0.9476190476190476	0.9731051344743276
ERP117672	4463	0.9252100840336135	0.9611523352247927
ERP117672	4464	0.9420168067226891	0.9701427953266983
ERP117672	4465	0.9408963585434174	0.9695482753644105
ERP117672	4466	0.9159663865546218	0.9561403508771931
ERP117672	4467	0.9630252100840336	0.9811643835616438
ERP117672	4468	0.9369747899159664	0.9674620390455532
ERP117672	4469	0.9663865546218487	0.9829059829059829
ERP117672	4470	0.9126050420168067	0.9543057996485061
ERP117672	4471	0.9487394957983193	0.9736955584303579
ERP117672	4472	0.9467787114845938	0.9726618705035971
ERP117672	4473	0.9120448179271708	0.953999414005274
ERP117672	4474	0.9436974789915966	0.971033290099438
ERP117672	4475	0.9521008403361344	0.975462763667671
ERP117672	4476	0.9266106442577031	0.961907531259087
ERP117672	4477	0.884593837535014	0.9387633769322236
ERP117672	4478	0.9350140056022409	0.9664157498552403
ERP117672	4479	0.9324929971988796	0.9650674010726192
ERP117672	4480	0.907563025210084	0.9515418502202644
ERP117672	4481	0.9361344537815126	0.9670138888888888
ERP117672	4482	0.8918767507002802	0.9428486822623632
ERP117672	4483	0.9638655462184874	0.9816003423192127
ERP117672	4484	0.9299719887955182	0.9637155297532656
ERP117672	4485	0.949859943977591	0.9742853038356558
ERP117672	4486	0.9033613445378151	0.9492273730684327
ERP117672	4487	0.957703081232493	0.9783946201173271
ERP117672	4488	0.9596638655462185	0.9794168096054888
ERP117672	4489	0.9089635854341737	0.9523110785033015
ERP117672	4490	0.9546218487394958	0.9767841788478073
ERP117672	4491	0.9624649859943978	0.9808735369683128
ERP117672	4492	0.9240896358543418	0.9605473868103072
ERP117672	4493	0.8943977591036415	0.9442555079106906
ERP117672	4494	0.9210084033613445	0.9588801399825022
ERP117672	4495	0.938375350140056	0.9682080924855492
ERP117672	4496	0.9182072829131652	0.9573598130841122
ERP117672	4497	0.9044817927170868	0.9498455655243419
ERP117672	4498	0.938375350140056	0.9682080924855492
ERP117672	4499	0.9299719887955182	0.9637155297532656
ERP117672	4500	0.9081232492997199	0.9518496770405168
ERP117672	4501	0.8798319327731092	0.9360751005811354
ERP117672	4502	0.9198879551820728	0.9582725415815583
ERP117672	4503	0.9305322128851541	0.9640162507254788
ERP117672	4504	0.9215686274509803	0.9591836734693878
ERP117672	4505	0.9291316526610645	0.9632641208073182
ERP117672	4506	0.9571428571428572	0.9781021897810218
ERP117672	4507	0.9008403361344538	0.9478337754199824
ERP117672	4508	0.907843137254902	0.9516957862281604
ERP117672	4509	0.9058823529411765	0.9506172839506173
ERP117672	4510	0.9588235294117647	0.9789789789789789
ERP117672	4511	0.9647058823529412	0.9820359281437125
ERP117672	4512	0.965546218487395	0.9824711415134673
ERP117672	4513	0.9512605042016806	0.975021533161068
ERP117672	4514	0.9442577030812325	0.971329779570667
ERP117672	4515	0.9224089635854342	0.9596386419932974
ERP117672	4516	0.9683473389355742	0.9839191689198804
ERP117672	4517	0.9554621848739496	0.9772238934250107
ERP117672	4518	0.9249299719887956	0.9610011641443539
ERP117672	4519	0.9193277310924369	0.957968476357268
ERP117672	4520	0.9420168067226891	0.9701427953266983
ERP117672	4521	0.8837535014005602	0.9382899628252788
ERP117672	4522	0.9358543417366947	0.9668644190421067
ERP117672	4523	0.9084033613445378	0.9520035226772348
ERP117672	4524	0.8980392156862745	0.9462809917355373
ERP117672	4525	0.9481792717086834	0.9734004313443566
ERP117672	4526	0.9229691876750701	0.9599417334304443
ERP117672	4527	0.9333333333333333	0.9655172413793104
ERP117672	4528	0.8890756302521008	0.9412811387900356
ERP117672	4529	0.9022408963585434	0.9486084523634223
ERP117672	4530	0.9515406162464985	0.9751686522175972
ERP117672	4531	0.8918767507002802	0.9428486822623632
ERP117672	4532	0.9445378151260504	0.9714779602420052
ERP117672	4533	0.9448179271708683	0.9716260982284315
ERP117672	4534	0.972829131652661	0.9862274598892516
ERP117672	4535	0.9677871148459384	0.9836298932384341
ERP117672	4536	0.9047619047619048	0.9500000000000001
ERP117672	4537	0.9554621848739496	0.9772238934250107
ERP117672	4538	0.9560224089635855	0.9775168265788343
ERP117672	4539	0.9546218487394958	0.9767841788478073
ERP117672	4540	0.9117647058823529	0.9538461538461539
ERP117672	4541	0.9375350140056022	0.9677605898510915
ERP117672	4542	0.9131652661064426	0.9546120058565154
ERP117672	4543	0.9414565826330532	0.9698456211224932
ERP117672	4544	0.9324929971988796	0.9650674010726192
ERP117672	4545	0.9036414565826331	0.9493819894055328
ERP117672	4546	0.9621848739495799	0.9807280513918629
ERP117672	4547	0.946218487394958	0.9723661485319516
ERP117672	4548	0.9302521008403362	0.9638659120592077
ERP117672	4549	0.9117647058823529	0.9538461538461539
ERP117672	4550	0.9369747899159664	0.9674620390455532
ERP117672	4551	0.9142857142857143	0.955223880597015
ERP117672	4552	0.9546218487394958	0.9767841788478073
ERP117672	4553	0.9162464985994397	0.9562929396287093
ERP117672	4554	0.9229691876750701	0.9599417334304443
ERP117672	4555	0.9168067226890756	0.9565979833406401
ERP117672	4556	0.9436974789915966	0.971033290099438
ERP117672	4557	0.9428571428571428	0.9705882352941176
ERP117672	4558	0.9627450980392157	0.981018981018981
ERP117672	4559	0.9330532212885154	0.9653673380669469
ERP117672	4560	0.9630252100840336	0.9811643835616438
ERP117672	4561	0.9397759103641457	0.9689530685920578
ERP117672	4562	0.9605042016806723	0.979854264894985
ERP117672	4563	0.9649859943977591	0.9821810406272273
ERP117672	4564	0.9358543417366947	0.9668644190421067
ERP117672	4565	0.9184873949579831	0.9575120455540955
ERP117672	4566	0.9070028011204482	0.9512338425381904
ERP117672	4567	0.9042016806722689	0.9496910856134158
ERP117672	4568	0.8823529411764706	0.9375
ERP117672	4569	0.9464985994397759	0.9725140307957979
ERP117672	4570	0.965546218487395	0.9824711415134673
ERP117672	4571	0.8885154061624649	0.9409670720854345
ERP117672	4572	0.9638655462184874	0.9816003423192127
ERP117672	4573	0.961624649859944	0.9804369555904612
ERP117672	4574	0.9375350140056022	0.9677605898510915
ERP117672	4575	0.9165266106442577	0.9564454837766735
ERP117672	4576	0.9134453781512605	0.9547650417215635
ERP117672	4577	0.9568627450980393	0.9779559118236473
ERP117672	4578	0.9165266106442577	0.9564454837766735
ERP117672	4579	0.9551820728291317	0.9770773638968481
ERP117672	4580	0.9596638655462185	0.9794168096054888
ERP117672	4581	0.9375350140056022	0.9677605898510915
ERP117672	4582	0.907563025210084	0.9515418502202644
ERP117672	4583	0.8985994397759104	0.9465919150191797
ERP117672	4584	0.9535014005602241	0.976197304273014
ERP117672	4585	0.9593837535014006	0.9792709077912795
ERP117672	4586	0.9621848739495799	0.9807280513918629
ERP117672	4587	0.9336134453781513	0.9656671012603216
ERP117672	4588	0.9238095238095239	0.9603960396039605
ERP117672	4589	0.9417366946778711	0.96999422965955
ERP117672	4590	0.934733893557423	0.9662661068481251
ERP117672	4591	0.9260504201680673	0.9616055846422339
ERP117672	4592	0.9515406162464985	0.9751686522175972
ERP117672	4593	0.9649859943977591	0.9821810406272273
ERP117672	4594	0.9352941176470588	0.9665653495440729
ERP117672	4595	0.9431372549019608	0.970736629667003
ERP117672	4596	0.9666666666666667	0.983050847457627
ERP117672	4597	0.9512605042016806	0.975021533161068
ERP117672	4598	0.9128851540616246	0.9544589251720603
ERP117672	4599	0.934733893557423	0.9662661068481251
ERP117672	4600	0.8840336134453781	0.9384478144513827
ERP117672	4601	0.8980392156862745	0.9462809917355373
ERP117672	4602	0.969187675070028	0.984352773826458
ERP117672	4603	0.9022408963585434	0.9486084523634223
ERP117672	4604	0.938655462184874	0.9683571738188123
ERP117672	4605	0.9641456582633053	0.9817455790074158
ERP117672	4606	0.9338935574229692	0.9658169177288528
ERP117672	4607	0.9467787114845938	0.9726618705035971
ERP117672	4608	0.9630252100840336	0.9811643835616438
ERP117672	4609	0.9011204481792717	0.9479888021217033
ERP117672	4610	0.9092436974789916	0.9524647887323944
ERP117672	4611	0.9714285714285714	0.9855072463768115
ERP117672	4612	0.9294117647058824	0.9634146341463414
ERP117672	4613	0.9260504201680673	0.9616055846422339
ERP117672	4614	0.9131652661064426	0.9546120058565154
ERP117672	4615	0.8831932773109243	0.9379741186970102
ERP117672	4616	0.923249299719888	0.9600932129332945
ERP117672	4617	0.9599439775910364	0.9795626697155924
ERP117672	4618	0.9568627450980393	0.9779559118236473
ERP117672	4619	0.9142857142857143	0.955223880597015
ERP117672	4620	0.9249299719887956	0.9610011641443539
ERP117672	4621	0.9184873949579831	0.9575120455540955
ERP117672	4622	0.9425770308123249	0.9704397981254506
ERP117672	4623	0.9128851540616246	0.9544589251720603
ERP117672	4624	0.9240896358543418	0.9605473868103072
ERP117672	4625	0.9179271708683473	0.9572075361472178
ERP117672	4626	0.9044817927170868	0.9498455655243419
ERP117672	4627	0.9507002801120448	0.9747271682940838
ERP117672	4628	0.9142857142857143	0.955223880597015
ERP117672	4629	0.9529411764705882	0.9759036144578312
ERP117672	4630	0.9221288515406163	0.9594870300204023
ERP117672	4631	0.8938375350140056	0.9439432036680965
ERP117672	4632	0.9442577030812325	0.971329779570667
ERP117672	4633	0.9330532212885154	0.9653673380669469
ERP117672	4634	0.9406162464985994	0.9693995381062356
ERP117672	4635	0.9266106442577031	0.961907531259087
ERP117672	4636	0.9296918767507003	0.9635651037886486
ERP117672	4637	0.9366946778711485	0.9673126988718542
ERP117672	4638	0.9512605042016806	0.975021533161068
ERP117672	4639	0.9406162464985994	0.9693995381062356
ERP117672	4640	0.9406162464985994	0.9693995381062356
ERP117672	4641	0.9557422969187676	0.977370380979662
ERP117672	4642	0.9677871148459384	0.9836298932384341
ERP117672	4643	0.926890756302521	0.9620584387265592
ERP117672	4644	0.9406162464985994	0.9693995381062356
ERP117672	4645	0.9372549019607843	0.9676113360323887
ERP117672	4646	0.907563025210084	0.9515418502202644
ERP117672	4647	0.9098039215686274	0.9527720739219713
ERP117672	4648	0.9266106442577031	0.961907531259087
ERP117672	4649	0.9322128851540616	0.9649173673528559
ERP117672	4650	0.9400560224089636	0.9691019347386659
ERP117672	4651	0.9156862745098039	0.9559877175025588
ERP117672	4652	0.8831932773109243	0.9379741186970102
ERP117672	4653	0.9473389355742297	0.9729574223245109
ERP117672	4654	0.8969187675070028	0.945658594211459
ERP117672	4655	0.9417366946778711	0.96999422965955
ERP117672	4656	0.9389355742296919	0.9685062120774343
ERP117672	4657	0.9215686274509803	0.9591836734693878
ERP117672	4658	0.9196078431372549	0.958120531154239
ERP117672	4659	0.946218487394958	0.9723661485319516
ERP117672	4660	0.942296918767507	0.9702913181424863
ERP117672	4661	0.9557422969187676	0.977370380979662
ERP117672	4662	0.9187675070028011	0.9576642335766423
ERP117672	4663	0.9512605042016806	0.975021533161068
ERP117672	4664	0.9607843137254902	0.98
ERP117672	4665	0.9316526610644258	0.9646171693735499
ERP117672	4666	0.9476190476190476	0.9731051344743276
ERP117672	4667	0.9224089635854342	0.9596386419932974
ERP117672	4668	0.9537815126050421	0.9763440860215054
ERP117672	4669	0.8969187675070028	0.945658594211459
ERP117672	4670	0.9201680672268907	0.9584245076586434
ERP117672	4671	0.9613445378151261	0.9802913453299057
ERP117672	4672	0.8826330532212885	0.9376580865942568
ERP117672	4673	0.9593837535014006	0.9792709077912795
ERP117672	4674	0.9551820728291317	0.9770773638968481
ERP117672	4675	0.915406162464986	0.9558350394852296
ERP117672	4676	0.9521008403361344	0.975462763667671
ERP117672	4677	0.9249299719887956	0.9610011641443539
ERP117672	4678	0.9554621848739496	0.9772238934250107
ERP117672	4679	0.9478991596638655	0.9732528041415013
ERP117672	4680	0.9669467787114846	0.9831956707490743
ERP117672	4681	0.9504201680672268	0.974579922447221
ERP117672	4682	0.9392156862745098	0.9686552072800809
ERP117672	4683	0.927170868347339	0.9622093023255814
ERP117672	4684	0.9591036414565827	0.9791249642550758
ERP117672	4685	0.9448179271708683	0.9716260982284315
ERP117672	4686	0.9610644257703082	0.980145693472361
ERP117672	4687	0.9560224089635855	0.9775168265788343
ERP117672	4688	0.9204481792717086	0.9585764294049008
ERP117672	4689	0.9128851540616246	0.9544589251720603
ERP117672	4690	0.9537815126050421	0.9763440860215054
ERP117672	4691	0.9658263305322129	0.9826161299515531
ERP117672	4692	0.9361344537815126	0.9670138888888888
ERP117672	4693	0.8960784313725491	0.9451913133402275
ERP117672	4694	0.8644257703081233	0.9272836538461539
ERP117672	4695	0.9322128851540616	0.9649173673528559
ERP117672	4696	0.9537815126050421	0.9763440860215054
ERP117672	4697	0.9072829131652661	0.9513878689969159
ERP117672	4698	0.8801120448179272	0.9362336114421931
ERP117672	4699	0.9389355742296919	0.9685062120774343
ERP117672	4700	0.95406162464986	0.9764908256880733
ERP117672	4701	0.9411764705882353	0.9696969696969697
ERP117672	4702	0.9526610644257703	0.9757567063548989
ERP117672	4703	0.9535014005602241	0.976197304273014
ERP117672	4704	0.8994397759103642	0.9470579560536795
ERP117672	4705	0.9512605042016806	0.975021533161068
ERP117672	4706	0.9182072829131652	0.9573598130841122
ERP117672	4707	0.9263305322128852	0.961756579904028
ERP117672	4708	0.9260504201680673	0.9616055846422339
ERP117672	4709	0.9453781512605042	0.9719222462203023
ERP117672	4710	0.9277310924369748	0.962510897994769
ERP117672	4711	0.9238095238095239	0.9603960396039605
ERP117672	4712	0.9450980392156862	0.9717741935483871
ERP117672	4713	0.9159663865546218	0.9561403508771931
ERP117672	4714	0.9501400560224089	0.9744326343004883
ERP117672	4715	0.8997198879551821	0.9472132114420525
ERP117672	4716	0.9588235294117647	0.9789789789789789
ERP117672	4717	0.9212885154061624	0.9590319288526025
ERP117672	4718	0.961624649859944	0.9804369555904612
ERP117672	4719	0.9397759103641457	0.9689530685920578
ERP117672	4720	0.9327731092436975	0.9652173913043478
ERP117672	4721	0.9694677871148459	0.9844972265680557
ERP117672	4722	0.9294117647058824	0.9634146341463414
ERP117672	4723	0.9394957983193277	0.9688041594454073
ERP117672	4724	0.9249299719887956	0.9610011641443539
ERP117672	4725	0.9635854341736695	0.9814550641940085
ERP117672	4726	0.9156862745098039	0.9559877175025588
ERP117672	4727	0.9425770308123249	0.9704397981254506
ERP117672	4728	0.9478991596638655	0.9732528041415013
ERP117672	4729	0.9478991596638655	0.9732528041415013
ERP117672	4730	0.9184873949579831	0.9575120455540955
ERP117672	4731	0.9277310924369748	0.962510897994769
ERP117672	4732	0.9313725490196079	0.9644670050761421
ERP117672	4733	0.9120448179271708	0.953999414005274
ERP117672	4734	0.9134453781512605	0.9547650417215635
ERP117672	4735	0.9319327731092437	0.9647672901261418
ERP117672	4736	0.9322128851540616	0.9649173673528559
ERP117672	4737	0.9571428571428572	0.9781021897810218
ERP117672	4738	0.9467787114845938	0.9726618705035971
ERP117672	4739	0.9445378151260504	0.9714779602420052
ERP117672	4740	0.9100840336134454	0.9529256489221294
ERP117672	4741	0.9560224089635855	0.9775168265788343
ERP117672	4742	0.9263305322128852	0.961756579904028
ERP117672	4743	0.9487394957983193	0.9736955584303579
ERP117672	4744	0.9565826330532213	0.9778095919828202
ERP117672	4745	0.9103641456582633	0.9530791788856305
ERP117672	4746	0.9535014005602241	0.976197304273014
ERP117672	4747	0.9025210084033614	0.9487632508833923
ERP117672	4748	0.94593837535014	0.9722182236936807
ERP117672	4749	0.9481792717086834	0.9734004313443566
ERP117672	4750	0.9285714285714286	0.962962962962963
ERP117672	4751	0.9361344537815126	0.9670138888888888
ERP117672	4752	0.9487394957983193	0.9736955584303579
ERP117672	4753	0.957983193277311	0.9785407725321889
ERP117672	4754	0.8605042016806723	0.925022583559169
ERP117672	4755	0.9338935574229692	0.9658169177288528
ERP117672	4756	0.9131652661064426	0.9546120058565154
ERP117672	4757	0.9089635854341737	0.9523110785033015
ERP117672	4758	0.9176470588235294	0.9570552147239264
ERP117672	4759	0.9319327731092437	0.9647672901261418
ERP117672	4760	0.9056022408963585	0.9504630310157284
ERP117672	4761	0.9627450980392157	0.981018981018981
ERP117672	4762	0.907563025210084	0.9515418502202644
ERP117672	4763	0.9708683473389356	0.985218874360432
ERP117672	4764	0.9641456582633053	0.9817455790074158
ERP117672	4765	0.9532212885154062	0.9760504804244945
ERP117672	4766	0.9025210084033614	0.9487632508833923
ERP117672	4767	0.9535014005602241	0.976197304273014
ERP117672	4768	0.9070028011204482	0.9512338425381904
ERP117672	4769	0.9417366946778711	0.96999422965955
ERP117672	4770	0.9313725490196079	0.9644670050761421
ERP117672	4771	0.9156862745098039	0.9559877175025588
ERP117672	4772	0.923249299719888	0.9600932129332945
ERP117672	4773	0.9366946778711485	0.9673126988718542
ERP117672	4774	0.9380952380952381	0.9680589680589681
ERP117672	4775	0.9280112044817928	0.9626616301031528
ERP117672	4776	0.9582633053221289	0.9786868831354598
ERP117672	4777	0.9207282913165266	0.9587283068397259
ERP117672	4778	0.9327731092436975	0.9652173913043478
ERP117672	4779	0.9478991596638655	0.9732528041415013
ERP117672	4780	0.8725490196078431	0.9319371727748691
ERP117672	4781	0.9529411764705882	0.9759036144578312
ERP117672	4782	0.9274509803921569	0.9623601220752798
ERP117672	4783	0.9495798319327731	0.9741379310344828
ERP117672	4784	0.9254901960784314	0.9613034623217923
ERP117672	4785	0.9464985994397759	0.9725140307957979
ERP117672	4786	0.9453781512605042	0.9719222462203023
ERP117672	4787	0.9694677871148459	0.9844972265680557
ERP117672	4788	0.9134453781512605	0.9547650417215635
ERP117672	4789	0.9464985994397759	0.9725140307957979
ERP117672	4790	0.957703081232493	0.9783946201173271
ERP117672	4791	0.934453781512605	0.9661164205039097
ERP117672	4792	0.9350140056022409	0.9664157498552403
ERP117672	4793	0.9025210084033614	0.9487632508833923
ERP117672	4794	0.8904761904761904	0.9420654911838791
ERP117672	4795	0.9512605042016806	0.975021533161068
ERP117672	4796	0.9305322128851541	0.9640162507254788
ERP117672	4797	0.9467787114845938	0.9726618705035971
ERP117672	4798	0.9327731092436975	0.9652173913043478
ERP117672	4799	0.9372549019607843	0.9676113360323887
ERP117672	4800	0.9501400560224089	0.9744326343004883
ERP117672	4801	0.9198879551820728	0.9582725415815583
ERP117672	4802	0.9280112044817928	0.9626616301031528
ERP117672	4803	0.9588235294117647	0.9789789789789789
ERP117672	4804	0.9442577030812325	0.971329779570667
ERP117672	4805	0.9299719887955182	0.9637155297532656
ERP117672	4806	0.9453781512605042	0.9719222462203023
ERP117672	4807	0.938375350140056	0.9682080924855492
ERP117672	4808	0.9453781512605042	0.9719222462203023
ERP117672	4809	0.9249299719887956	0.9610011641443539
ERP117672	4810	0.9030812324929972	0.9490727112157787
ERP117672	4811	0.9327731092436975	0.9652173913043478
ERP117672	4812	0.9436974789915966	0.971033290099438
ERP117672	4813	0.9661064425770308	0.9827610770765066
ERP117672	4814	0.8966386554621849	0.9455028799291095
ERP117672	4815	0.9591036414565827	0.9791249642550758
ERP117672	4816	0.9481792717086834	0.9734004313443566
ERP117672	4817	0.95406162464986	0.9764908256880733
ERP117672	4818	0.9249299719887956	0.9610011641443539
ERP117672	4819	0.8095238095238095	0.8947368421052632
ERP117672	4820	0.9148459383753501	0.9555295494441194
ERP117672	4821	0.9224089635854342	0.9596386419932974
ERP117672	4822	0.9282913165266107	0.9628123184195235
ERP117672	4823	0.9613445378151261	0.9802913453299057
ERP117672	4824	0.9252100840336135	0.9611523352247927
ERP117672	4825	0.8927170868347339	0.9433180405505402
ERP117672	4826	0.9257703081232493	0.9614545454545455
ERP117672	4827	0.9355742296918768	0.9667149059334298
ERP117672	4828	0.9380952380952381	0.9680589680589681
ERP117672	4829	0.9739495798319328	0.9868028948488718
ERP117672	4830	0.8938375350140056	0.9439432036680965
ERP117672	4831	0.94593837535014	0.9722182236936807
ERP117672	4832	0.9481792717086834	0.9734004313443566
ERP117672	4833	0.934453781512605	0.9661164205039097
ERP117672	4834	0.9661064425770308	0.9827610770765066
ERP117672	4835	0.949859943977591	0.9742853038356558
ERP117672	4836	0.9546218487394958	0.9767841788478073
ERP117672	4837	0.9389355742296919	0.9685062120774343
ERP117672	4838	0.9445378151260504	0.9714779602420052
ERP117672	4839	0.9649859943977591	0.9821810406272273
ERP117672	4840	0.8641456582633054	0.927122464312547
ERP117672	4841	0.94593837535014	0.9722182236936807
ERP117672	4842	0.9322128851540616	0.9649173673528559
ERP117672	4843	0.9282913165266107	0.9628123184195235
ERP117672	4844	0.9305322128851541	0.9640162507254788
ERP117672	4845	0.9613445378151261	0.9802913453299057
ERP117672	4846	0.9515406162464985	0.9751686522175972
ERP117672	4847	0.9056022408963585	0.9504630310157284
ERP117672	4848	0.9549019607843138	0.9769307923771313
ERP117672	4849	0.9229691876750701	0.9599417334304443
ERP117672	4850	0.969187675070028	0.984352773826458
ERP117672	4851	0.911484593837535	0.9536928487690505
ERP117672	4852	0.9313725490196079	0.9644670050761421
ERP117672	4853	0.949859943977591	0.9742853038356558
ERP117672	4854	0.9243697478991597	0.9606986899563319
ERP117672	4855	0.8865546218487395	0.9398663697104677
ERP117672	4856	0.8966386554621849	0.9455028799291095
ERP117672	4857	0.9450980392156862	0.9717741935483871
ERP117672	4858	0.8546218487394958	0.9216130493883098
ERP117672	4859	0.9464985994397759	0.9725140307957979
ERP117672	4860	0.9336134453781513	0.9656671012603216
ERP117672	4861	0.9647058823529412	0.9820359281437125
ERP117672	4862	0.9557422969187676	0.977370380979662
ERP117672	4863	0.9507002801120448	0.9747271682940838
ERP117672	4864	0.9109243697478991	0.9533861037818822
ERP117672	4865	0.8784313725490196	0.9352818371607515
ERP117672	4866	0.9140056022408963	0.9550709790721499
ERP117672	4867	0.8969187675070028	0.945658594211459
ERP117672	4868	0.8994397759103642	0.9470579560536795
ERP117672	4869	0.9658263305322129	0.9826161299515531
ERP117672	4870	0.957703081232493	0.9783946201173271
ERP117672	4871	0.9280112044817928	0.9626616301031528
ERP117672	4872	0.9389355742296919	0.9685062120774343
ERP117672	4873	0.9369747899159664	0.9674620390455532
ERP117672	4874	0.9532212885154062	0.9760504804244945
ERP117672	4875	0.9400560224089636	0.9691019347386659
ERP117672	4876	0.8778711484593837	0.934964200477327
ERP117672	4877	0.9627450980392157	0.981018981018981
ERP117672	4878	0.9591036414565827	0.9791249642550758
ERP117672	4879	0.9011204481792717	0.9479888021217033
ERP117672	4880	0.9288515406162465	0.9631135637525414
ERP117672	4881	0.8605042016806723	0.925022583559169
ERP117672	4882	0.9364145658263305	0.9671633154925503
ERP117672	4883	0.9532212885154062	0.9760504804244945
ERP117672	4884	0.9411764705882353	0.9696969696969697
ERP117672	4885	0.9221288515406163	0.9594870300204023
ERP117672	4886	0.9196078431372549	0.958120531154239
ERP117672	4887	0.9140056022408963	0.9550709790721499
ERP117672	4888	0.9294117647058824	0.9634146341463414
ERP117672	4889	0.9187675070028011	0.9576642335766423
ERP117672	4890	0.9145658263305322	0.9553767373811266
ERP117672	4891	0.9675070028011205	0.9834851936218678
ERP117672	4892	0.873109243697479	0.9322566173171826
ERP117672	4893	0.9361344537815126	0.9670138888888888
ERP117672	4894	0.9089635854341737	0.9523110785033015
ERP117672	4895	0.8759103641456583	0.933850978049873
ERP117672	4896	0.9310924369747899	0.9643167972149695
ERP117672	4897	0.9137254901960784	0.9549180327868853
ERP117672	4898	0.9492997198879551	0.9739905158787182
ERP117672	4899	0.942296918767507	0.9702913181424863
ERP117672	4900	0.9464985994397759	0.9725140307957979
ERP117672	4901	0.9140056022408963	0.9550709790721499
ERP117672	4902	0.9109243697478991	0.9533861037818822
ERP117672	4903	0.9408963585434174	0.9695482753644105
ERP117672	4904	0.9112044817927171	0.9535394987542137
ERP117672	4905	0.8750700280112045	0.9333731700029877
ERP117672	4906	0.9411764705882353	0.9696969696969697
ERP117672	4907	0.9218487394957983	0.9593353738522081
ERP117672	4908	0.8675070028011205	0.9290535473226339
ERP117672	4909	0.9168067226890756	0.9565979833406401
ERP117672	4910	0.8675070028011205	0.9290535473226339
ERP117672	4911	0.8893557422969187	0.9414381022979985
ERP117672	4912	0.8899159663865546	0.9417518897287683
ERP117672	4913	0.9364145658263305	0.9671633154925503
ERP117672	4914	0.9084033613445378	0.9520035226772348
ERP117672	4915	0.9778711484593837	0.9888117830335645
ERP117672	4916	0.9397759103641457	0.9689530685920578
ERP117672	4917	0.9316526610644258	0.9646171693735499
ERP117672	4918	0.927170868347339	0.9622093023255814
ERP117672	4919	0.9436974789915966	0.971033290099438
ERP117672	4920	0.9568627450980393	0.9779559118236473
ERP117672	4921	0.923249299719888	0.9600932129332945
ERP117672	4922	0.919047619047619	0.9578163771712159
ERP117672	4923	0.9324929971988796	0.9650674010726192
ERP117672	4924	0.9546218487394958	0.9767841788478073
ERP117672	4925	0.9518207282913165	0.9753157290470723
ERP117672	4926	0.9240896358543418	0.9605473868103072
ERP117672	4927	0.9103641456582633	0.9530791788856305
ERP117672	4928	0.919047619047619	0.9578163771712159
ERP117672	4929	0.9310924369747899	0.9643167972149695
ERP117672	4930	0.9501400560224089	0.9744326343004883
ERP117672	4931	0.9619047619047619	0.9805825242718447
ERP117672	4932	0.9585434173669468	0.97883295194508
ERP117672	4933	0.9274509803921569	0.9623601220752798
ERP117672	4934	0.9358543417366947	0.9668644190421067
ERP117672	4935	0.9072829131652661	0.9513878689969159
ERP117672	4936	0.9532212885154062	0.9760504804244945
ERP117672	4937	0.9523809523809523	0.975609756097561
ERP117672	4938	0.926890756302521	0.9620584387265592
ERP117672	4939	0.9210084033613445	0.9588801399825022
ERP117672	4940	0.9109243697478991	0.9533861037818822
ERP117672	4941	0.9521008403361344	0.975462763667671
ERP117672	4942	0.9464985994397759	0.9725140307957979
ERP117672	4943	0.9098039215686274	0.9527720739219713
ERP117672	4944	0.8943977591036415	0.9442555079106906
ERP117672	4945	0.9495798319327731	0.9741379310344828
ERP117672	4946	0.9140056022408963	0.9550709790721499
ERP117672	4947	0.8913165266106443	0.9425355450236967
ERP117672	4948	0.9627450980392157	0.981018981018981
ERP117672	4949	0.9380952380952381	0.9680589680589681
ERP117672	4950	0.9305322128851541	0.9640162507254788
ERP117672	4951	0.9677871148459384	0.9836298932384341
ERP117672	4952	0.9047619047619048	0.9500000000000001
ERP117672	4953	0.9574229691876751	0.9782484258729249
ERP117672	4954	0.9624649859943978	0.9808735369683128
ERP117672	4955	0.9450980392156862	0.9717741935483871
ERP117672	4956	0.9389355742296919	0.9685062120774343
ERP117672	4957	0.9750700280112045	0.9873776769252588
ERP117672	4958	0.9081232492997199	0.9518496770405168
ERP117672	4959	0.9103641456582633	0.9530791788856305
ERP117672	4960	0.9633053221288516	0.9813097446140676
ERP117672	4961	0.911484593837535	0.9536928487690505
ERP117672	4962	0.9058823529411765	0.9506172839506173
ERP117672	4963	0.957983193277311	0.9785407725321889
ERP117672	4964	0.9218487394957983	0.9593353738522081
ERP117672	4965	0.9649859943977591	0.9821810406272273
ERP117672	4966	0.9417366946778711	0.96999422965955
ERP117672	4967	0.9512605042016806	0.975021533161068
ERP117672	4968	0.8703081232492997	0.9306574809045979
ERP117672	4969	0.9649859943977591	0.9821810406272273
ERP117672	4970	0.9686274509803922	0.9840637450199202
ERP117672	4971	0.9274509803921569	0.9623601220752798
ERP117672	4972	0.9372549019607843	0.9676113360323887
ERP117672	4973	0.9507002801120448	0.9747271682940838
ERP117672	4974	0.9448179271708683	0.9716260982284315
ERP117672	4975	0.9717086834733893	0.9856513709333712
ERP117672	4976	0.9624649859943978	0.9808735369683128
ERP117672	4977	0.9495798319327731	0.9741379310344828
ERP117672	4978	0.8865546218487395	0.9398663697104677
ERP117672	4979	0.9700280112044818	0.9847860088155836
ERP117672	4980	0.9173669467787114	0.9569028487947407
ERP117672	4981	0.9086834733893557	0.9521573231582038
ERP117672	4982	0.9033613445378151	0.9492273730684327
ERP117672	4983	0.9487394957983193	0.9736955584303579
ERP117672	4984	0.9366946778711485	0.9673126988718542
ERP117672	4985	0.9238095238095239	0.9603960396039605
ERP117672	4986	0.9162464985994397	0.9562929396287093
ERP117672	4987	0.9168067226890756	0.9565979833406401
ERP117672	4988	0.946218487394958	0.9723661485319516
ERP117672	4989	0.9392156862745098	0.9686552072800809
ERP117672	4990	0.9473389355742297	0.9729574223245109
ERP117672	4991	0.9450980392156862	0.9717741935483871
ERP117672	4992	0.9442577030812325	0.971329779570667
ERP117672	4993	0.9117647058823529	0.9538461538461539
ERP117672	4994	0.9619047619047619	0.9805825242718447
ERP117672	4995	0.9302521008403362	0.9638659120592077
ERP117672	4996	0.8876750700280112	0.9404956224959192
ERP117672	4997	0.9605042016806723	0.979854264894985
ERP117672	4998	0.934453781512605	0.9661164205039097
ERP117672	4999	0.9380952380952381	0.9680589680589681
ERP117672	5000	0.9372549019607843	0.9676113360323887
GSE302495	1	0.8089506510559142	0.8943866440842003
GSE302495	2	0.8691322901849218	0.9299847792998478
GSE302495	3	0.9242805558595032	0.9606505174570681
GSE302495	4	0.9325965641755115	0.9651228626429623
GSE302495	5	0.9466024729182624	0.9725688589094997
GSE302495	6	0.9608272239851188	0.9800223214285715
GSE302495	7	0.9260312944523471	0.9615952732644019
GSE302495	8	0.9352226720647774	0.9665271966527197
GSE302495	9	0.9389429915745705	0.9685101580135441
GSE302495	10	0.9520735310208994	0.9754484304932736
GSE302495	11	0.902834008097166	0.948936170212766
GSE302495	12	0.8113579166210745	0.8958559864685273
GSE302495	13	0.9249370828318196	0.9610050022737608
GSE302495	14	0.9312835102308786	0.9644192634560907
GSE302495	15	0.9126819126819127	0.9543478260869565
GSE302495	16	0.908305066199803	0.9519495412844037
GSE302495	17	0.9223109749425539	0.9595856102003644
GSE302495	18	0.8647554437028121	0.9274733012557212
GSE302495	19	0.9538242696137433	0.9763664874551972
GSE302495	20	0.9347849874165663	0.9662934057233344
GSE302495	21	0.8595032279242806	0.924443921384018
GSE302495	22	0.926468979100558	0.9618311939111667
GSE302495	23	0.8649742860269176	0.9275991551279043
GSE302495	24	0.7684648210964	0.8690756094542754
GSE302495	25	0.9227486595907649	0.9598224447985431
GSE302495	26	0.928219717693402	0.9627738054704347
GSE302495	27	0.896049896049896	0.9451754385964912
GSE302495	28	0.9476966845387897	0.9731460674157303
GSE302495	29	0.9258124521282416	0.9614772727272727
GSE302495	30	0.9080862238756976	0.951829338226861
GSE302495	31	0.8603785972207025	0.924950005881661
GSE302495	32	0.8595032279242806	0.924443921384018
GSE302495	33	0.9426633110843637	0.9704855243888701
GSE302495	34	0.8890469416785206	0.9412650602409639
GSE302495	35	0.9008644271802166	0.9478471102924246
GSE302495	36	0.9483532115111063	0.973492081320903
GSE302495	37	0.9159645475434949	0.9561393489434609
GSE302495	38	0.902834008097166	0.948936170212766
GSE302495	39	0.8940803151329467	0.9440785673021376
GSE302495	40	0.9315023525549841	0.9645365964196692
GSE302495	41	0.915089178247073	0.955662210033139
GSE302495	42	0.9115877010613853	0.9537492844876932
GSE302495	43	0.9205602363497101	0.958637192342753
GSE302495	44	0.8667250246197614	0.9286049237983587
GSE302495	45	0.890578837947259	0.9421229308947795
GSE302495	46	0.9194660247291826	0.9580435526165774
GSE302495	47	0.9424444687602582	0.9703695358269491
GSE302495	48	0.9133384396542291	0.9547066224408098
GSE302495	49	0.9159645475434949	0.9561393489434609
GSE302495	50	0.7555531239741766	0.8607579157317378
GSE302495	51	0.8592843856001751	0.9243173258003766
GSE302495	52	0.8754787175839808	0.9336056009334889
GSE302495	53	0.877885983149141	0.9349726139144622
GSE302495	54	0.9203413940256046	0.9585185185185184
GSE302495	55	0.8991136885873728	0.9468771606360914
GSE302495	56	0.9179341284604442	0.9572113190324052
GSE302495	57	0.9013021118284276	0.9480893186003683
GSE302495	58	0.9448517343254186	0.9716439743445482
GSE302495	59	0.8903599956231535	0.9420004630701552
GSE302495	60	0.9223109749425539	0.9595856102003644
GSE302495	61	0.830616041142357	0.9074716078900179
GSE302495	62	0.8732902943429259	0.9323598130841122
GSE302495	63	0.8973629499945289	0.9459054209919261
GSE302495	64	0.9413502571397309	0.9697892007665427
GSE302495	65	0.9363168836853047	0.967111211573237
GSE302495	66	0.8840135682240945	0.938436519921013
GSE302495	67	0.9549184812342707	0.9769394380387327
GSE302495	68	0.945508261297735	0.9719910011248594
GSE302495	69	0.9113688587372798	0.9536294939317609
GSE302495	70	0.9015209541525331	0.9482103809414202
GSE302495	71	0.9527300579932159	0.9757928947663341
GSE302495	72	0.9205602363497101	0.958637192342753
GSE302495	73	0.9437575227048911	0.9710650754334609
GSE302495	74	0.9295327716380348	0.9634796416014517
GSE302495	75	0.9157457052193895	0.9560201050948138
GSE302495	76	0.933253091147828	0.9654743038261262
GSE302495	77	0.9019586388007441	0.9484524220457945
GSE302495	78	0.8932049458365248	0.9435903363772974
GSE302495	79	0.8929861035124192	0.9434682080924855
GSE302495	80	0.9627968049020681	0.981045824506634
GSE302495	81	0.9255936098041361	0.9613592453687918
GSE302495	82	0.848342269394901	0.9179493251243193
GSE302495	83	0.9312835102308786	0.9644192634560907
GSE302495	84	0.9161833898676004	0.956258565555048
GSE302495	85	0.9426633110843637	0.9704855243888701
GSE302495	86	0.9142138089506511	0.9551846347319081
GSE302495	87	0.8616916511653354	0.9257082402727166
GSE302495	88	0.9104934894408578	0.9531500572737686
GSE302495	89	0.9288762446657184	0.9631268436578171
GSE302495	90	0.9104934894408578	0.9531500572737686
GSE302495	91	0.8973629499945289	0.9459054209919261
GSE302495	92	0.8240507714191925	0.9035392921415717
GSE302495	93	0.9172776014881278	0.9568542403835179
GSE302495	94	0.8697888171572382	0.9303604868913858
GSE302495	95	0.9463836305941569	0.9724533393298853
GSE302495	96	0.9627968049020681	0.981045824506634
GSE302495	97	0.9045847466900099	0.949902332529013
GSE302495	98	0.9061166429587483	0.9507462686567164
GSE302495	99	0.9417879417879418	0.9700214132762313
GSE302495	100	0.8682569208884998	0.9294834250907813
GSE302495	101	0.7962577962577962	0.886574074074074
GSE302495	102	0.9481343691870008	0.9733767692653337
GSE302495	103	0.896925265346318	0.9456622058144901
GSE302495	104	0.8929861035124192	0.9434682080924855
GSE302495	105	0.9330342488237225	0.9653571832899355
GSE302495	106	0.8844512528723055	0.9386830797816745
GSE302495	107	0.8975817923186344	0.9460269865067467
GSE302495	108	0.8846700951964109	0.9388063167673013
GSE302495	109	0.9054601159864317	0.9503847479039853
GSE302495	110	0.9404748878433089	0.9693244614864103
GSE302495	111	0.9485720538352117	0.973607367475292
GSE302495	112	0.9472589998905788	0.9729152618565969
GSE302495	113	0.8535944851734325	0.9210153482880755
GSE302495	114	0.8476857424225845	0.9175648466185006
GSE302495	115	0.9021774811248495	0.9485734008283478
GSE302495	116	0.9188094977568662	0.9576870437956204
GSE302495	117	0.9045847466900099	0.949902332529013
GSE302495	118	0.9179341284604442	0.9572113190324052
GSE302495	119	0.9584199584199584	0.9787685774946921
GSE302495	120	0.9306269832585622	0.9640671049648605
GSE302495	121	0.9339096181201444	0.9658255063935726
GSE302495	122	0.8809497756866178	0.9367073880162885
GSE302495	123	0.8489987963672174	0.9183335305953367
GSE302495	124	0.9301892986103513	0.9638321995464852
GSE302495	125	0.871539555750082	0.9313610851262862
GSE302495	126	0.940037203195098	0.9690919345741682
GSE302495	127	0.9085239085239085	0.9520697167755992
GSE302495	128	0.95688806215122	0.9779691344218296
GSE302495	129	0.9030528504212715	0.9490570377184914
GSE302495	130	0.9168399168399168	0.9566160520607375
GSE302495	131	0.9220921326184484	0.9594671524536035
GSE302495	132	0.903271692745377	0.9491778774289985
GSE302495	133	0.883357041251778	0.9380664652567975
GSE302495	134	0.9080862238756976	0.951829338226861
GSE302495	135	0.9350038297406719	0.9664103144085049
GSE302495	136	0.9380676222781485	0.9680442637759711
GSE302495	137	0.9409125724915198	0.9695568835268914
GSE302495	138	0.9431009957325747	0.9707174231332357
GSE302495	139	0.9052412736623263	0.9502641856191133
GSE302495	140	0.909180435496225	0.9524300779458964
GSE302495	141	0.8444031075610023	0.9156383483626008
GSE302495	142	0.9247182405077142	0.9608868675383742
GSE302495	143	0.8807309333625123	0.936583663020712
GSE302495	144	0.8765729292045081	0.9342274052478134
GSE302495	145	0.9466024729182624	0.9725688589094997
GSE302495	146	0.8807309333625123	0.936583663020712
GSE302495	147	0.8932049458365248	0.9435903363772974
GSE302495	148	0.9192471824050772	0.9579247434435576
GSE302495	149	0.9199037093773936	0.9582810897070557
GSE302495	150	0.9244993981836087	0.9607687059358654
GSE302495	151	0.9330342488237225	0.9653571832899355
GSE302495	152	0.9164022321917059	0.956377754938906
GSE302495	153	0.859722070248386	0.9245704871734526
GSE302495	154	0.9205602363497101	0.958637192342753
GSE302495	155	0.9118065433854907	0.9538690476190476
GSE302495	156	0.8907976802713645	0.9422453703703704
GSE302495	157	0.9043659043659044	0.9497816593886463
GSE302495	158	0.9188094977568662	0.9576870437956204
GSE302495	159	0.9002079002079002	0.9474835886214442
GSE302495	160	0.8584090163037531	0.923810645313236
GSE302495	161	0.9078673815515921	0.9517091075934847
GSE302495	162	0.9203413940256046	0.9585185185185184
GSE302495	163	0.9135572819783346	0.9548261665141812
GSE302495	164	0.95688806215122	0.9779691344218296
GSE302495	165	0.9063354852828537	0.9508667202387785
GSE302495	166	0.9144326512747566	0.9553040695016004
GSE302495	167	0.9295327716380348	0.9634796416014517
GSE302495	168	0.9378487799540431	0.9679277244494636
GSE302495	169	0.9466024729182624	0.9725688589094997
GSE302495	170	0.9214356056461319	0.9591116173120728
GSE302495	171	0.8907976802713645	0.9422453703703704
GSE302495	172	0.9242805558595032	0.9606505174570681
GSE302495	173	0.9293139293139293	0.9633620689655172
GSE302495	174	0.8881715723820987	0.9407742234585071
GSE302495	175	0.9183718131086552	0.957449235683322
GSE302495	176	0.9168399168399168	0.9566160520607375
GSE302495	177	0.847466900098479	0.9174366263918502
GSE302495	178	0.891454207243681	0.9426125188013422
GSE302495	179	0.8962687383740016	0.9452971725331795
GSE302495	180	0.810701389648758	0.8954556441866086
GSE302495	181	0.9531677426414269	0.9760224089635855
GSE302495	182	0.9107123317649634	0.9532699576222655
GSE302495	183	0.9496662654557392	0.9741834100347962
GSE302495	184	0.9560126928547981	0.9775117475945402
GSE302495	185	0.8929861035124192	0.9434682080924855
GSE302495	186	0.9319400372031951	0.9647711826008155
GSE302495	187	0.8945179997811576	0.9443225135728313
GSE302495	188	0.9004267425320057	0.9476047904191618
GSE302495	189	0.9065543276069592	0.9509871441689624
GSE302495	190	0.9043659043659044	0.9497816593886463
GSE302495	191	0.8739468213152424	0.9327338549573747
GSE302495	192	0.9415690994638363	0.9699053201082056
GSE302495	193	0.909180435496225	0.9524300779458964
GSE302495	194	0.9236240288871868	0.9602957906712173
GSE302495	195	0.9380676222781485	0.9680442637759711
GSE302495	196	0.9474778422146843	0.9730306776042252
GSE302495	197	0.9004267425320057	0.9476047904191618
GSE302495	198	0.9050224313382208	0.9501435956346926
GSE302495	199	0.9299704562862458	0.9637147068828665
GSE302495	200	0.9043659043659044	0.9497816593886463
GSE302495	201	0.847466900098479	0.9174366263918502
GSE302495	202	0.9065543276069592	0.9509871441689624
GSE302495	203	0.9244993981836087	0.9607687059358654
GSE302495	204	0.939161833898676	0.9686265658503554
GSE302495	205	0.9555750082065871	0.9772829006266787
GSE302495	206	0.8993325309114782	0.946998502131582
GSE302495	207	0.9078673815515921	0.9517091075934847
GSE302495	208	0.9216544479702374	0.9592301560186767
GSE302495	209	0.9492285808075281	0.9739530706186146
GSE302495	210	0.8671627092679725	0.9288560712611347
GSE302495	211	0.9507604770762665	0.9747588063719991
GSE302495	212	0.9041470620417988	0.949660958510516
GSE302495	213	0.8868585184374658	0.9400371143586175
GSE302495	214	0.9509793194003721	0.9748738081884464
GSE302495	215	0.9321588795273006	0.9648884358364481
GSE302495	216	0.9411314148156253	0.9696730552423901
GSE302495	217	0.8816063026589342	0.9370783903233311
GSE302495	218	0.8400262610788927	0.913058991436727
GSE302495	219	0.877885983149141	0.9349726139144622
GSE302495	220	0.938724149250465	0.9683937238966023
GSE302495	221	0.9069920122551701	0.9512279091117742
GSE302495	222	0.9118065433854907	0.9538690476190476
GSE302495	223	0.9229675019148703	0.9599408216683737
GSE302495	224	0.9170587591640224	0.9567351598173517
GSE302495	225	0.8295218295218295	0.9068181818181817
GSE302495	226	0.9437575227048911	0.9710650754334609
GSE302495	227	0.9269066637487691	0.9620670073821692
GSE302495	228	0.9034905350694824	0.9492986893538744
GSE302495	229	0.9247182405077142	0.9608868675383742
GSE302495	230	0.9096181201444359	0.9526701810680724
GSE302495	231	0.8535944851734325	0.9210153482880755
GSE302495	232	0.9142138089506511	0.9551846347319081
GSE302495	233	0.8984571616150564	0.9465129682997118
GSE302495	234	0.8991136885873728	0.9468771606360914
GSE302495	235	0.9139949666265456	0.9550651726503544
GSE302495	236	0.9216544479702374	0.9592301560186767
GSE302495	237	0.8748221906116643	0.9332321699544766
GSE302495	238	0.8956122114016851	0.9449318864003694
GSE302495	239	0.908305066199803	0.9519495412844037
GSE302495	240	0.8735091366670314	0.9324845228361174
GSE302495	241	0.8428712112922639	0.9147369671060445
GSE302495	242	0.9330342488237225	0.9653571832899355
GSE302495	243	0.9325965641755115	0.9651228626429623
GSE302495	244	0.9266878214246635	0.9619491140390731
GSE302495	245	0.9021774811248495	0.9485734008283478
GSE302495	246	0.9249370828318196	0.9610050022737608
GSE302495	247	0.9503227924280556	0.9745287253141832
GSE302495	248	0.9220921326184484	0.9594671524536035
GSE302495	249	0.9662982820877558	0.9828603227601558
GSE302495	250	0.8761352445562972	0.933978770558731
GSE302495	251	0.9102746471167524	0.9530301294535457
GSE302495	252	0.9181529707845497	0.9573302909298346
GSE302495	253	0.9286574023416129	0.9630091909678884
GSE302495	254	0.8971441076704234	0.9457838274310763
GSE302495	255	0.896925265346318	0.9456622058144901
GSE302495	256	0.9439763650289966	0.9711809073511202
GSE302495	257	0.9244993981836087	0.9607687059358654
GSE302495	258	0.91377612430244	0.95494568324757
GSE302495	259	0.9069920122551701	0.9512279091117742
GSE302495	260	0.8341175183280446	0.9095573320606133
GSE302495	261	0.8128898128898129	0.896788990825688
GSE302495	262	0.9389429915745705	0.9685101580135441
GSE302495	263	0.933253091147828	0.9654743038261262
GSE302495	264	0.8881715723820987	0.9407742234585071
GSE302495	265	0.9647663858190174	0.9820672755624861
GSE302495	266	0.9100558047926469	0.952910174152154
GSE302495	267	0.9013021118284276	0.9480893186003683
GSE302495	268	0.8535944851734325	0.9210153482880755
GSE302495	269	0.877885983149141	0.9349726139144622
GSE302495	270	0.9339096181201444	0.9658255063935726
GSE302495	271	0.8794178794178794	0.9358407079646017
GSE302495	272	0.8934237881606303	0.943712436430883
GSE302495	273	0.8785425101214575	0.9353448275862069
GSE302495	274	0.872852609694715	0.9321103061462959
GSE302495	275	0.9013021118284276	0.9480893186003683
GSE302495	276	0.9371922529817267	0.9675779484862178
GSE302495	277	0.9367545683335157	0.9673446327683616
GSE302495	278	0.957325746799431	0.9781976744186046
GSE302495	279	0.8932049458365248	0.9435903363772974
GSE302495	280	0.9479155268628953	0.973261431299854
GSE302495	281	0.9238428712112923	0.960414059833921
GSE302495	282	0.8901411532990481	0.9418779668866505
GSE302495	283	0.9190283400809717	0.9578059071729957
GSE302495	284	0.9006455848561111	0.9477259643062752
GSE302495	285	0.902396323448955	0.948694351777292
GSE302495	286	0.8837947258999891	0.9383131970260223
GSE302495	287	0.830178356494146	0.9072103312208538
GSE302495	288	0.9277820330451909	0.9625383130888864
GSE302495	289	0.9207790786738155	0.9587558391249857
GSE302495	290	0.9277820330451909	0.9625383130888864
GSE302495	291	0.8947368421052632	0.9444444444444444
GSE302495	292	0.8774482985009301	0.9347243268446207
GSE302495	293	0.9037093773935879	0.9494194735027014
GSE302495	294	0.9269066637487691	0.9620670073821692
GSE302495	295	0.9153080205711784	0.9557815356489945
GSE302495	296	0.9588576430681693	0.978996760138532
GSE302495	297	0.8656308129992341	0.9279765395894428
GSE302495	298	0.9177152861363388	0.9570923199817414
GSE302495	299	0.909180435496225	0.9524300779458964
GSE302495	300	0.9255936098041361	0.9613592453687918
GSE302495	301	0.8671627092679725	0.9288560712611347
GSE302495	302	0.9118065433854907	0.9538690476190476
GSE302495	303	0.9564503775030091	0.9777404921700223
GSE302495	304	0.9148703359229675	0.9555428571428571
GSE302495	305	0.8553452237662764	0.9220334984666195
GSE302495	306	0.9266878214246635	0.9619491140390731
GSE302495	307	0.9019586388007441	0.9484524220457945
GSE302495	308	0.8973629499945289	0.9459054209919261
GSE302495	309	0.8645366013787067	0.9273474178403757
GSE302495	310	0.8150782361308677	0.8981191222570533
GSE302495	311	0.9255936098041361	0.9613592453687918
GSE302495	312	0.896049896049896	0.9451754385964912
GSE302495	313	0.9411314148156253	0.9696730552423901
GSE302495	314	0.8942991574570522	0.9442005545286507
GSE302495	315	0.9242805558595032	0.9606505174570681
GSE302495	316	0.9413502571397309	0.9697892007665427
GSE302495	317	0.9485720538352117	0.973607367475292
GSE302495	318	0.9034905350694824	0.9492986893538744
GSE302495	319	0.9347849874165663	0.9662934057233344
GSE302495	320	0.914651493598862	0.9554234769687965
GSE302495	321	0.9299704562862458	0.9637147068828665
GSE302495	322	0.9164022321917059	0.956377754938906
GSE302495	323	0.9039282197176934	0.9495402298850575
GSE302495	324	0.8785425101214575	0.9353448275862069
GSE302495	325	0.9435386803807857	0.9709492174304696
GSE302495	326	0.9402560455192034	0.969208211143695
GSE302495	327	0.9164022321917059	0.956377754938906
GSE302495	328	0.9310646679067732	0.9643019038984588
GSE302495	329	0.866068497647445	0.9282279817051718
GSE302495	330	0.9341284604442499	0.9659425209323377
GSE302495	331	0.9089615931721194	0.9523099850968703
GSE302495	332	0.871539555750082	0.9313610851262862
GSE302495	333	0.9050224313382208	0.9501435956346926
GSE302495	334	0.95688806215122	0.9779691344218296
GSE302495	335	0.8437465805886859	0.9152522255192879
GSE302495	336	0.8888280993544151	0.9411423936971381
GSE302495	337	0.9457271036218404	0.9721066246766393
GSE302495	338	0.9317211948790897	0.9646539027982327
GSE302495	339	0.9507604770762665	0.9747588063719991
GSE302495	340	0.9166210745158113	0.9564969171043617
GSE302495	341	0.9385053069263596	0.9682772634906299
GSE302495	342	0.9533865849655323	0.9761371274927179
GSE302495	343	0.8875150454097822	0.9404057971014492
GSE302495	344	0.9238428712112923	0.960414059833921
GSE302495	345	0.9019586388007441	0.9484524220457945
GSE302495	346	0.9422256264361527	0.9702535211267604
GSE302495	347	0.8505306926359558	0.919228949858089
GSE302495	348	0.9021774811248495	0.9485734008283478
GSE302495	349	0.8949556844293687	0.9445663471532509
GSE302495	350	0.9365357260094103	0.9672279353599277
GSE302495	351	0.933253091147828	0.9654743038261262
GSE302495	352	0.9551373235583762	0.9770539511976718
GSE302495	353	0.92734434839698	0.9623027137504259
GSE302495	354	0.9093992778203305	0.9525501432664757
GSE302495	355	0.8982383192909509	0.9463915148720313
GSE302495	356	0.8142028668344458	0.8975874547647767
GSE302495	357	0.8800744063901959	0.9362123152135957
GSE302495	358	0.8984571616150564	0.9465129682997118
GSE302495	359	0.9689243899770216	0.9842169612092919
GSE302495	360	0.8929861035124192	0.9434682080924855
GSE302495	361	0.8303971988182515	0.9073409851745576
GSE302495	362	0.8951745267534741	0.9446882217090069
GSE302495	363	0.8942991574570522	0.9442005545286507
GSE302495	364	0.8958310537257905	0.9450536765554658
GSE302495	365	0.8879527300579932	0.9406514431436189
GSE302495	366	0.8487799540431119	0.9182054924242423
GSE302495	367	0.9177152861363388	0.9570923199817414
GSE302495	368	0.8853266221687275	0.939175856065003
GSE302495	369	0.9227486595907649	0.9598224447985431
GSE302495	370	0.9170587591640224	0.9567351598173517
GSE302495	371	0.9269066637487691	0.9620670073821692
GSE302495	372	0.9317211948790897	0.9646539027982327
GSE302495	373	0.885107779844622	0.9390527048990017
GSE302495	374	0.9174964438122333	0.956973293768546
GSE302495	375	0.8829193566035671	0.9378196187819619
GSE302495	376	0.9360980413611992	0.9669944613993444
GSE302495	377	0.8942991574570522	0.9442005545286507
GSE302495	378	0.8975817923186344	0.9460269865067467
GSE302495	379	0.9089615931721194	0.9523099850968703
GSE302495	380	0.9290950869898238	0.9632444696539988
GSE302495	381	0.9168399168399168	0.9566160520607375
GSE302495	382	0.8956122114016851	0.9449318864003694
GSE302495	383	0.8857643068169384	0.9394220726470929
GSE302495	384	0.9374110953058321	0.9676945668135095
GSE302495	385	0.9220921326184484	0.9594671524536035
GSE302495	386	0.945070576649524	0.9717596759675967
GSE302495	387	0.9225298172666594	0.9597040409789414
GSE302495	388	0.9096181201444359	0.9526701810680724
GSE302495	389	0.9299704562862458	0.9637147068828665
GSE302495	390	0.9183718131086552	0.957449235683322
GSE302495	391	0.9124630703578072	0.9542281725597894
GSE302495	392	0.9089615931721194	0.9523099850968703
GSE302495	393	0.9004267425320057	0.9476047904191618
GSE302495	394	0.9054601159864317	0.9503847479039853
GSE302495	395	0.9343473027683554	0.9660595089942301
GSE302495	396	0.9192471824050772	0.9579247434435576
GSE302495	397	0.9371922529817267	0.9675779484862178
GSE302495	398	0.9275631907210855	0.9624205267938238
GSE302495	399	0.9102746471167524	0.9530301294535457
GSE302495	400	0.8868585184374658	0.9400371143586175
GSE302495	401	0.8721960827223985	0.9317358270017533
GSE302495	402	0.8406827880512091	0.9134466769706336
GSE302495	403	0.878323667797352	0.9352207852732145
GSE302495	404	0.9321588795273006	0.9648884358364481
GSE302495	405	0.9172776014881278	0.9568542403835179
GSE302495	406	0.9595141700404858	0.9793388429752067
GSE302495	407	0.9262501367764525	0.9617132469893206
GSE302495	408	0.9494474231316337	0.9740682532555007
GSE302495	409	0.908742750848014	0.9521898647099288
GSE302495	410	0.8568771200350148	0.9229228049499116
GSE302495	411	0.8953933690775796	0.9448100681214641
GSE302495	412	0.9196848670532881	0.9581623347013224
GSE302495	413	0.8796367217419849	0.9359646058912563
GSE302495	414	0.9159645475434949	0.9561393489434609
GSE302495	415	0.957763431447642	0.9784261122289292
GSE302495	416	0.8829193566035671	0.9378196187819619
GSE302495	417	0.8923295765401028	0.9431016537527466
GSE302495	418	0.8682569208884998	0.9294834250907813
GSE302495	419	0.8450596345333188	0.9160241964179813
GSE302495	420	0.9037093773935879	0.9494194735027014
GSE302495	421	0.8586278586278586	0.9239373601789709
GSE302495	422	0.9277820330451909	0.9625383130888864
GSE302495	423	0.8588467009519641	0.9240640452083824
GSE302495	424	0.9242805558595032	0.9606505174570681
GSE302495	425	0.8564394353868038	0.9226688671460568
GSE302495	426	0.8678192362402889	0.9292325717633274
GSE302495	427	0.9356603567129883	0.9667608818541549
GSE302495	428	0.8866396761133604	0.9399141630901288
GSE302495	429	0.9315023525549841	0.9645365964196692
GSE302495	430	0.8862019914651493	0.9396681749622926
GSE302495	431	0.878323667797352	0.9352207852732145
GSE302495	432	0.9634533318743845	0.9813865358894338
GSE302495	433	0.8781048254732465	0.9350967140526684
GSE302495	434	0.933253091147828	0.9654743038261262
GSE302495	435	0.9019586388007441	0.9484524220457945
GSE302495	436	0.9290950869898238	0.9632444696539988
GSE302495	437	0.9271255060728745	0.9621848739495799
GSE302495	438	0.9030528504212715	0.9490570377184914
GSE302495	439	0.871977240398293	0.9316109422492401
GSE302495	440	0.9360980413611992	0.9669944613993444
GSE302495	441	0.9096181201444359	0.9526701810680724
GSE302495	442	0.9330342488237225	0.9653571832899355
GSE302495	443	0.8929861035124192	0.9434682080924855
GSE302495	444	0.8953933690775796	0.9448100681214641
GSE302495	445	0.9352226720647774	0.9665271966527197
GSE302495	446	0.8763540868804026	0.9341031024026126
GSE302495	447	0.9347849874165663	0.9662934057233344
GSE302495	448	0.9529489003173214	0.9759076647243389
GSE302495	449	0.8761352445562972	0.933978770558731
GSE302495	450	0.9190283400809717	0.9578059071729957
GSE302495	451	0.823394244446876	0.9031445031204993
GSE302495	452	0.9074296969033812	0.9514685635612666
GSE302495	453	0.8312725681146734	0.9078632887189293
GSE302495	454	0.8603785972207025	0.924950005881661
GSE302495	455	0.9365357260094103	0.9672279353599277
GSE302495	456	0.9494474231316337	0.9740682532555007
GSE302495	457	0.8984571616150564	0.9465129682997118
GSE302495	458	0.9356603567129883	0.9667608818541549
GSE302495	459	0.9199037093773936	0.9582810897070557
GSE302495	460	0.9102746471167524	0.9530301294535457
GSE302495	461	0.9487908961593172	0.9737226277372263
GSE302495	462	0.872852609694715	0.9321103061462959
GSE302495	463	0.8555640660903818	0.9221606321500176
GSE302495	464	0.9301892986103513	0.9638321995464852
GSE302495	465	0.8916730495677864	0.9427348449791764
GSE302495	466	0.8901411532990481	0.9418779668866505
GSE302495	467	0.9417879417879418	0.9700214132762313
GSE302495	468	0.9041470620417988	0.949660958510516
GSE302495	469	0.9002079002079002	0.9474835886214442
GSE302495	470	0.9350038297406719	0.9664103144085049
GSE302495	471	0.8551263814421709	0.9219063347882505
GSE302495	472	0.9376299376299376	0.9678111587982833
GSE302495	473	0.9045847466900099	0.949902332529013
GSE302495	474	0.9234051865630813	0.9601774945955172
GSE302495	475	0.915526862895284	0.9559008339997715
GSE302495	476	0.8802932487143014	0.9363361266294228
GSE302495	477	0.9347849874165663	0.9662934057233344
GSE302495	478	0.8932049458365248	0.9435903363772974
GSE302495	479	0.9164022321917059	0.956377754938906
GSE302495	480	0.9393806762227815	0.9687429474159331
GSE302495	481	0.8796367217419849	0.9359646058912563
GSE302495	482	0.8829193566035671	0.9378196187819619
GSE302495	483	0.926468979100558	0.9618311939111667
GSE302495	484	0.920997920997921	0.9588744588744589
GSE302495	485	0.903271692745377	0.9491778774289985
GSE302495	486	0.9135572819783346	0.9548261665141812
GSE302495	487	0.8912353649195754	0.9424901643138163
GSE302495	488	0.9549184812342707	0.9769394380387327
GSE302495	489	0.9111500164131743	0.9535096759418298
GSE302495	490	0.8391508917824707	0.9125416468348406
GSE302495	491	0.9113688587372798	0.9536294939317609
GSE302495	492	0.92734434839698	0.9623027137504259
GSE302495	493	0.829302987197724	0.9066874027993779
GSE302495	494	0.9645475434949119	0.9819538821432551
GSE302495	495	0.8756975599080862	0.933730019834325
GSE302495	496	0.9214356056461319	0.9591116173120728
GSE302495	497	0.9360980413611992	0.9669944613993444
GSE302495	498	0.9466024729182624	0.9725688589094997
GSE302495	499	0.9306269832585622	0.9640671049648605
GSE302495	500	0.885107779844622	0.9390527048990017
GSE302495	501	0.9323777218514061	0.9650056625141563
GSE302495	502	0.8693511325090273	0.9301100444860688
GSE302495	503	0.8713207134259766	0.9312361127353526
GSE302495	504	0.9148703359229675	0.9555428571428571
GSE302495	505	0.9266878214246635	0.9619491140390731
GSE302495	506	0.9435386803807857	0.9709492174304696
GSE302495	507	0.9242805558595032	0.9606505174570681
GSE302495	508	0.9463836305941569	0.9724533393298853
GSE302495	509	0.8647554437028121	0.9274733012557212
GSE302495	510	0.8862019914651493	0.9396681749622926
GSE302495	511	0.89780063464274	0.94614852398524
GSE302495	512	0.8785425101214575	0.9353448275862069
GSE302495	513	0.8128898128898129	0.896788990825688
GSE302495	514	0.8774482985009301	0.9347243268446207
GSE302495	515	0.889703468650837	0.94163288940359
GSE302495	516	0.8831381989276726	0.9379430563625799
GSE302495	517	0.9242805558595032	0.9606505174570681
GSE302495	518	0.9647663858190174	0.9820672755624861
GSE302495	519	0.9343473027683554	0.9660595089942301
GSE302495	520	0.8367436262173105	0.9111164065292506
GSE302495	521	0.9507604770762665	0.9747588063719991
GSE302495	522	0.9522923733450049	0.9755632776594552
GSE302495	523	0.9100558047926469	0.952910174152154
GSE302495	524	0.9067731699310647	0.9511075404567888
GSE302495	525	0.8669438669438669	0.9287305122494433
GSE302495	526	0.9135572819783346	0.9548261665141812
GSE302495	527	0.8932049458365248	0.9435903363772974
GSE302495	528	0.8430900536163694	0.9148658275943956
GSE302495	529	0.908305066199803	0.9519495412844037
GSE302495	530	0.8063245431666485	0.8927792585413132
GSE302495	531	0.9297516139621402	0.9635971875708778
GSE302495	532	0.8630047051099683	0.9264654058498767
GSE302495	533	0.9374110953058321	0.9676945668135095
GSE302495	534	0.8875150454097822	0.9404057971014492
GSE302495	535	0.9479155268628953	0.973261431299854
GSE302495	536	0.8859831491410439	0.9395451380830819
GSE302495	537	0.9199037093773936	0.9582810897070557
GSE302495	538	0.9643287011708064	0.9818404634581105
GSE302495	539	0.9199037093773936	0.9582810897070557
GSE302495	540	0.8988948462632673	0.9467557911720641
GSE302495	541	0.889703468650837	0.94163288940359
GSE302495	542	0.8892657840026261	0.9413876983667323
GSE302495	543	0.85468869679396	0.9216519174041298
GSE302495	544	0.896049896049896	0.9451754385964912
GSE302495	545	0.8785425101214575	0.9353448275862069
GSE302495	546	0.9043659043659044	0.9497816593886463
GSE302495	547	0.915526862895284	0.9559008339997715
GSE302495	548	0.8697888171572382	0.9303604868913858
GSE302495	549	0.9214356056461319	0.9591116173120728
GSE302495	550	0.9124630703578072	0.9542281725597894
GSE302495	551	0.9174964438122333	0.956973293768546
GSE302495	552	0.9420067841120473	0.9701374802794681
GSE302495	553	0.8741656636393479	0.9328584773470341
GSE302495	554	0.9474778422146843	0.9730306776042252
GSE302495	555	0.9244993981836087	0.9607687059358654
GSE302495	556	0.8910165225954699	0.9423677815067699
GSE302495	557	0.8956122114016851	0.9449318864003694
GSE302495	558	0.9220921326184484	0.9594671524536035
GSE302495	559	0.9179341284604442	0.9572113190324052
GSE302495	560	0.8988948462632673	0.9467557911720641
GSE302495	561	0.8763540868804026	0.9341031024026126
GSE302495	562	0.9466024729182624	0.9725688589094997
GSE302495	563	0.9474778422146843	0.9730306776042252
GSE302495	564	0.9058978006346428	0.9506257894132507
GSE302495	565	0.9343473027683554	0.9660595089942301
GSE302495	566	0.8956122114016851	0.9449318864003694
GSE302495	567	0.9144326512747566	0.9553040695016004
GSE302495	568	0.8632235474340737	0.9265914963589382
GSE302495	569	0.9247182405077142	0.9608868675383742
GSE302495	570	0.9144326512747566	0.9553040695016004
GSE302495	571	0.915089178247073	0.955662210033139
GSE302495	572	0.8940803151329467	0.9440785673021376
GSE302495	573	0.9369734106576212	0.9674613038074793
GSE302495	574	0.9345661450924608	0.9661764705882352
GSE302495	575	0.9234051865630813	0.9601774945955172
GSE302495	576	0.9139949666265456	0.9550651726503544
GSE302495	577	0.9520735310208994	0.9754484304932736
GSE302495	578	0.921873290294343	0.9593486677294466
GSE302495	579	0.9360980413611992	0.9669944613993444
GSE302495	580	0.8409016303753146	0.9135758440323347
GSE302495	581	0.933253091147828	0.9654743038261262
GSE302495	582	0.8671627092679725	0.9288560712611347
GSE302495	583	0.8680380785643943	0.9293580131208996
GSE302495	584	0.9385053069263596	0.9682772634906299
GSE302495	585	0.8921107342159974	0.9429794124450612
GSE302495	586	0.9126819126819127	0.9543478260869565
GSE302495	587	0.9374110953058321	0.9676945668135095
GSE302495	588	0.9413502571397309	0.9697892007665427
GSE302495	589	0.9536054272896378	0.9762518203203764
GSE302495	590	0.920997920997921	0.9588744588744589
GSE302495	591	0.8962687383740016	0.9452971725331795
GSE302495	592	0.8323667797352008	0.908515466380031
GSE302495	593	0.9402560455192034	0.969208211143695
GSE302495	594	0.9085239085239085	0.9520697167755992
GSE302495	595	0.939161833898676	0.9686265658503554
GSE302495	596	0.9135572819783346	0.9548261665141812
GSE302495	597	0.9461647882700515	0.9723377937703812
GSE302495	598	0.8995513732355838	0.9471198156682028
GSE302495	599	0.8916730495677864	0.9427348449791764
GSE302495	600	0.9034905350694824	0.9492986893538744
GSE302495	601	0.9185906554327607	0.9575681533021558
GSE302495	602	0.8886092570303097	0.9410196987253766
GSE302495	603	0.9288762446657184	0.9631268436578171
GSE302495	604	0.9330342488237225	0.9653571832899355
GSE302495	605	0.91377612430244	0.95494568324757
GSE302495	606	0.8479045847466901	0.9176930364756041
GSE302495	607	0.9306269832585622	0.9640671049648605
GSE302495	608	0.9102746471167524	0.9530301294535457
GSE302495	609	0.9441952073531021	0.9712967131922557
GSE302495	610	0.9452894189736295	0.9718753515581056
GSE302495	611	0.9406937301674144	0.9694406856111862
GSE302495	612	0.8422146843199475	0.9143502019482062
GSE302495	613	0.9223109749425539	0.9595856102003644
GSE302495	614	0.9190283400809717	0.9578059071729957
GSE302495	615	0.9179341284604442	0.9572113190324052
GSE302495	616	0.8564394353868038	0.9226688671460568
GSE302495	617	0.8984571616150564	0.9465129682997118
GSE302495	618	0.9126819126819127	0.9543478260869565
GSE302495	619	0.9181529707845497	0.9573302909298346
GSE302495	620	0.9266878214246635	0.9619491140390731
GSE302495	621	0.9037093773935879	0.9494194735027014
GSE302495	622	0.8338986760039392	0.9094272076372316
GSE302495	623	0.7881606302658934	0.8815322481948354
GSE302495	624	0.8494364810154283	0.9185895160336055
GSE302495	625	0.9139949666265456	0.9550651726503544
GSE302495	626	0.9008644271802166	0.9478471102924246
GSE302495	627	0.9334719334719335	0.9655913978494624
GSE302495	628	0.8772294561768246	0.9346001398927489
GSE302495	629	0.9271255060728745	0.9621848739495799
GSE302495	630	0.9350038297406719	0.9664103144085049
GSE302495	631	0.8507495349600612	0.9193567458909779
GSE302495	632	0.9072108545792756	0.9513482501434308
GSE302495	633	0.9216544479702374	0.9592301560186767
GSE302495	634	0.9483532115111063	0.973492081320903
GSE302495	635	0.9142138089506511	0.9551846347319081
GSE302495	636	0.9089615931721194	0.9523099850968703
GSE302495	637	0.8240507714191925	0.9035392921415717
GSE302495	638	0.9229675019148703	0.9599408216683737
GSE302495	639	0.8643177590546012	0.9272215048714638
GSE302495	640	0.9398183608709925	0.9689756317689531
GSE302495	641	0.9139949666265456	0.9550651726503544
GSE302495	642	0.9487908961593172	0.9737226277372263
GSE302495	643	0.9227486595907649	0.9598224447985431
GSE302495	644	0.9343473027683554	0.9660595089942301
GSE302495	645	0.9190283400809717	0.9578059071729957
GSE302495	646	0.8754787175839808	0.9336056009334889
GSE302495	647	0.915526862895284	0.9559008339997715
GSE302495	648	0.871539555750082	0.9313610851262862
GSE302495	649	0.9144326512747566	0.9553040695016004
GSE302495	650	0.9006455848561111	0.9477259643062752
GSE302495	651	0.9102746471167524	0.9530301294535457
GSE302495	652	0.9050224313382208	0.9501435956346926
GSE302495	653	0.9275631907210855	0.9624205267938238
GSE302495	654	0.9161833898676004	0.956258565555048
GSE302495	655	0.9135572819783346	0.9548261665141812
GSE302495	656	0.8820439873071452	0.9373255813953487
GSE302495	657	0.8286464602254076	0.9062948779320249
GSE302495	658	0.921873290294343	0.9593486677294466
GSE302495	659	0.9102746471167524	0.9530301294535457
GSE302495	660	0.8870773607615713	0.9401600371100545
GSE302495	661	0.9078673815515921	0.9517091075934847
GSE302495	662	0.8748221906116643	0.9332321699544766
GSE302495	663	0.9476966845387897	0.9731460674157303
GSE302495	664	0.8980194769668454	0.9462700334371037
GSE302495	665	0.883357041251778	0.9380664652567975
GSE302495	666	0.8958310537257905	0.9450536765554658
GSE302495	667	0.9085239085239085	0.9520697167755992
GSE302495	668	0.9185906554327607	0.9575681533021558
GSE302495	669	0.8857643068169384	0.9394220726470929
GSE302495	670	0.9269066637487691	0.9620670073821692
GSE302495	671	0.9223109749425539	0.9595856102003644
GSE302495	672	0.9234051865630813	0.9601774945955172
GSE302495	673	0.8625670204617573	0.9262131359417225
GSE302495	674	0.9185906554327607	0.9575681533021558
GSE302495	675	0.902834008097166	0.948936170212766
GSE302495	676	0.9531677426414269	0.9760224089635855
GSE302495	677	0.8656308129992341	0.9279765395894428
GSE302495	678	0.9205602363497101	0.958637192342753
GSE302495	679	0.8658496553233396	0.9281022753929159
GSE302495	680	0.8557829084144873	0.9222877358490567
GSE302495	681	0.9367545683335157	0.9673446327683616
GSE302495	682	0.9315023525549841	0.9645365964196692
GSE302495	683	0.9153080205711784	0.9557815356489945
GSE302495	684	0.8761352445562972	0.933978770558731
GSE302495	685	0.9113688587372798	0.9536294939317609
GSE302495	686	0.8999890578837947	0.9473623589034784
GSE302495	687	0.8282087755771966	0.9060330380655973
GSE302495	688	0.8967064230222125	0.9455405561324565
GSE302495	689	0.939599518546887	0.9688593027191695
GSE302495	690	0.9013021118284276	0.9480893186003683
GSE302495	691	0.939599518546887	0.9688593027191695
GSE302495	692	0.9422256264361527	0.9702535211267604
GSE302495	693	0.9205602363497101	0.958637192342753
GSE302495	694	0.928219717693402	0.9627738054704347
GSE302495	695	0.9019586388007441	0.9484524220457945
GSE302495	696	0.8721960827223985	0.9317358270017533
GSE302495	697	0.8929861035124192	0.9434682080924855
GSE302495	698	0.9339096181201444	0.9658255063935726
GSE302495	699	0.9133384396542291	0.9547066224408098
GSE302495	700	0.8789801947696685	0.9355928255299325
GSE302495	701	0.9402560455192034	0.969208211143695
GSE302495	702	0.9251559251559252	0.9611231101511879
GSE302495	703	0.9037093773935879	0.9494194735027014
GSE302495	704	0.9183718131086552	0.957449235683322
GSE302495	705	0.8244884560674034	0.9038023269761304
GSE302495	706	0.9295327716380348	0.9634796416014517
GSE302495	707	0.8662873399715505	0.9283536585365854
GSE302495	708	0.9483532115111063	0.973492081320903
GSE302495	709	0.889703468650837	0.94163288940359
GSE302495	710	0.8739468213152424	0.9327338549573747
GSE302495	711	0.9481343691870008	0.9733767692653337
GSE302495	712	0.9223109749425539	0.9595856102003644
GSE302495	713	0.9238428712112923	0.960414059833921
GSE302495	714	0.9153080205711784	0.9557815356489945
GSE302495	715	0.8973629499945289	0.9459054209919261
GSE302495	716	0.896487580698107	0.9454188783752596
GSE302495	717	0.9019586388007441	0.9484524220457945
GSE302495	718	0.9111500164131743	0.9535096759418298
GSE302495	719	0.8680380785643943	0.9293580131208996
GSE302495	720	0.940037203195098	0.9690919345741682
GSE302495	721	0.9350038297406719	0.9664103144085049
GSE302495	722	0.9321588795273006	0.9648884358364481
GSE302495	723	0.9065543276069592	0.9509871441689624
GSE302495	724	0.902396323448955	0.948694351777292
GSE302495	725	0.8662873399715505	0.9283536585365854
GSE302495	726	0.9288762446657184	0.9631268436578171
GSE302495	727	0.939599518546887	0.9688593027191695
GSE302495	728	0.9352226720647774	0.9665271966527197
GSE302495	729	0.9109311740890689	0.9533898305084746
GSE302495	730	0.9433198380566802	0.9708333333333333
GSE302495	731	0.9113688587372798	0.9536294939317609
GSE302495	732	0.9249370828318196	0.9610050022737608
GSE302495	733	0.9223109749425539	0.9595856102003644
GSE302495	734	0.9177152861363388	0.9570923199817414
GSE302495	735	0.9319400372031951	0.9647711826008155
GSE302495	736	0.8763540868804026	0.9341031024026126
GSE302495	737	0.9048035890141153	0.9500229779411764
GSE302495	738	0.9420067841120473	0.9701374802794681
GSE302495	739	0.8951745267534741	0.9446882217090069
GSE302495	740	0.8951745267534741	0.9446882217090069
GSE302495	741	0.9004267425320057	0.9476047904191618
GSE302495	742	0.9177152861363388	0.9570923199817414
GSE302495	743	0.8925484188642083	0.9432238667900092
GSE302495	744	0.89780063464274	0.94614852398524
GSE302495	745	0.8347740453003611	0.9099475190839695
GSE302495	746	0.9153080205711784	0.9557815356489945
GSE302495	747	0.8770106138527192	0.9344759239827446
GSE302495	748	0.8765729292045081	0.9342274052478134
GSE302495	749	0.9439763650289966	0.9711809073511202
GSE302495	750	0.8927672611883138	0.9433460515666552
GSE302495	751	0.926468979100558	0.9618311939111667
GSE302495	752	0.9360980413611992	0.9669944613993444
GSE302495	753	0.9194660247291826	0.9580435526165774
GSE302495	754	0.8794178794178794	0.9358407079646017
GSE302495	755	0.9177152861363388	0.9570923199817414
GSE302495	756	0.9457271036218404	0.9721066246766393
GSE302495	757	0.9507604770762665	0.9747588063719991
GSE302495	758	0.8564394353868038	0.9226688671460568
GSE302495	759	0.9196848670532881	0.9581623347013224
GSE302495	760	0.9584199584199584	0.9787685774946921
GSE302495	761	0.8529379582011161	0.920633045943073
GSE302495	762	0.9236240288871868	0.9602957906712173
GSE302495	763	0.8925484188642083	0.9432238667900092
GSE302495	764	0.9067731699310647	0.9511075404567888
GSE302495	765	0.9004267425320057	0.9476047904191618
GSE302495	766	0.9610460663092242	0.9801361455194733
GSE302495	767	0.9350038297406719	0.9664103144085049
GSE302495	768	0.8603785972207025	0.924950005881661
GSE302495	769	0.9673924937082832	0.9834260289210234
GSE302495	770	0.9039282197176934	0.9495402298850575
GSE302495	771	0.8890469416785206	0.9412650602409639
GSE302495	772	0.8809497756866178	0.9367073880162885
GSE302495	773	0.8967064230222125	0.9455405561324565
GSE302495	774	0.9306269832585622	0.9640671049648605
GSE302495	775	0.8993325309114782	0.946998502131582
GSE302495	776	0.9039282197176934	0.9495402298850575
GSE302495	777	0.8433088959404749	0.9149946574854565
GSE302495	778	0.8840135682240945	0.938436519921013
GSE302495	779	0.9242805558595032	0.9606505174570681
GSE302495	780	0.9358791990370938	0.9668776848293014
GSE302495	781	0.8942991574570522	0.9442005545286507
GSE302495	782	0.9104934894408578	0.9531500572737686
GSE302495	783	0.8551263814421709	0.9219063347882505
GSE302495	784	0.8921107342159974	0.9429794124450612
GSE302495	785	0.9133384396542291	0.9547066224408098
GSE302495	786	0.957325746799431	0.9781976744186046
GSE302495	787	0.8942991574570522	0.9442005545286507
GSE302495	788	0.8347740453003611	0.9099475190839695
GSE302495	789	0.9275631907210855	0.9624205267938238
GSE302495	790	0.933690775796039	0.9657084653689453
GSE302495	791	0.8638800744063901	0.9269695902313021
GSE302495	792	0.9139949666265456	0.9550651726503544
GSE302495	793	0.8875150454097822	0.9404057971014492
GSE302495	794	0.8721960827223985	0.9317358270017533
GSE302495	795	0.8516249042564832	0.9198676279399598
GSE302495	796	0.8514060619323777	0.919739952718676
GSE302495	797	0.9350038297406719	0.9664103144085049
GSE302495	798	0.8796367217419849	0.9359646058912563
GSE302495	799	0.914651493598862	0.9554234769687965
GSE302495	800	0.8796367217419849	0.9359646058912563
GSE302495	801	0.9048035890141153	0.9500229779411764
GSE302495	802	0.9457271036218404	0.9721066246766393
GSE302495	803	0.9549184812342707	0.9769394380387327
GSE302495	804	0.9540431119378487	0.9764811289058125
GSE302495	805	0.8319290950869899	0.9082546888065942
GSE302495	806	0.9133384396542291	0.9547066224408098
GSE302495	807	0.91377612430244	0.95494568324757
GSE302495	808	0.9518546886967939	0.9753335575737191
GSE302495	809	0.9231863442389758	0.9600591715976331
GSE302495	810	0.8956122114016851	0.9449318864003694
GSE302495	811	0.8925484188642083	0.9432238667900092
GSE302495	812	0.8533756428493271	0.9208879442673279
GSE302495	813	0.8347740453003611	0.9099475190839695
GSE302495	814	0.8936426304847358	0.9438345082630302
GSE302495	815	0.9131195973301236	0.9545870510180736
GSE302495	816	0.8984571616150564	0.9465129682997118
GSE302495	817	0.9065543276069592	0.9509871441689624
GSE302495	818	0.9240617135353978	0.9605323020928116
GSE302495	819	0.9030528504212715	0.9490570377184914
GSE302495	820	0.8111390742969691	0.8957225712904785
GSE302495	821	0.9269066637487691	0.9620670073821692
GSE302495	822	0.896049896049896	0.9451754385964912
GSE302495	823	0.8827005142794616	0.9376961525049402
GSE302495	824	0.8925484188642083	0.9432238667900092
GSE302495	825	0.9269066637487691	0.9620670073821692
GSE302495	826	0.8942991574570522	0.9442005545286507
GSE302495	827	0.8553452237662764	0.9220334984666195
GSE302495	828	0.9466024729182624	0.9725688589094997
GSE302495	829	0.8645366013787067	0.9273474178403757
GSE302495	830	0.8910165225954699	0.9423677815067699
GSE302495	831	0.8137651821862348	0.8973214285714286
GSE302495	832	0.8008534850640113	0.8894154818325435
GSE302495	833	0.9406937301674144	0.9694406856111862
GSE302495	834	0.8566582777109093	0.9227958510136728
GSE302495	835	0.8938614728088412	0.943956551883522
GSE302495	836	0.9203413940256046	0.9585185185185184
GSE302495	837	0.9058978006346428	0.9506257894132507
GSE302495	838	0.9262501367764525	0.9617132469893206
GSE302495	839	0.9231863442389758	0.9600591715976331
GSE302495	840	0.9115877010613853	0.9537492844876932
GSE302495	841	0.8859831491410439	0.9395451380830819
GSE302495	842	0.932815406499617	0.965240036231884
GSE302495	843	0.8999890578837947	0.9473623589034784
GSE302495	844	0.860159754896597	0.9248235294117647
GSE302495	845	0.9056789583105372	0.9505052824988517
GSE302495	846	0.9612649086333297	0.9802499442088819
GSE302495	847	0.8623481781376519	0.9260869565217391
GSE302495	848	0.92734434839698	0.9623027137504259
GSE302495	849	0.8026042236568552	0.8904941119339564
GSE302495	850	0.9135572819783346	0.9548261665141812
GSE302495	851	0.9271255060728745	0.9621848739495799
GSE302495	852	0.8667250246197614	0.9286049237983587
GSE302495	853	0.9424444687602582	0.9703695358269491
GSE302495	854	0.9120253857095962	0.953988783335241
GSE302495	855	0.885107779844622	0.9390527048990017
GSE302495	856	0.9207790786738155	0.9587558391249857
GSE302495	857	0.9118065433854907	0.9538690476190476
GSE302495	858	0.9647663858190174	0.9820672755624861
GSE302495	859	0.7728416675785097	0.8718676706579435
GSE302495	860	0.9111500164131743	0.9535096759418298
GSE302495	861	0.9529489003173214	0.9759076647243389
GSE302495	862	0.9522923733450049	0.9755632776594552
GSE302495	863	0.9227486595907649	0.9598224447985431
GSE302495	864	0.8953933690775796	0.9448100681214641
GSE302495	865	0.9437575227048911	0.9710650754334609
GSE302495	866	0.9288762446657184	0.9631268436578171
GSE302495	867	0.872852609694715	0.9321103061462959
GSE302495	868	0.9374110953058321	0.9676945668135095
GSE302495	869	0.8343363606521501	0.9096874254354569
GSE302495	870	0.8842324105482	0.9385598141695702
GSE302495	871	0.9417879417879418	0.9700214132762313
GSE302495	872	0.939599518546887	0.9688593027191695
GSE302495	873	0.9172776014881278	0.9568542403835179
GSE302495	874	0.9352226720647774	0.9665271966527197
GSE302495	875	0.8907976802713645	0.9422453703703704
GSE302495	876	0.9067731699310647	0.9511075404567888
GSE302495	877	0.8544698544698545	0.92152466367713
GSE302495	878	0.9413502571397309	0.9697892007665427
GSE302495	879	0.9002079002079002	0.9474835886214442
GSE302495	880	0.9531677426414269	0.9760224089635855
GSE302495	881	0.928219717693402	0.9627738054704347
GSE302495	882	0.9251559251559252	0.9611231101511879
GSE302495	883	0.9262501367764525	0.9617132469893206
GSE302495	884	0.9240617135353978	0.9605323020928116
GSE302495	885	0.8840135682240945	0.938436519921013
GSE302495	886	0.9308458255826677	0.964184517737731
GSE302495	887	0.9199037093773936	0.9582810897070557
GSE302495	888	0.9247182405077142	0.9608868675383742
GSE302495	889	0.9188094977568662	0.9576870437956204
GSE302495	890	0.891454207243681	0.9426125188013422
GSE302495	891	0.9290950869898238	0.9632444696539988
GSE302495	892	0.9096181201444359	0.9526701810680724
GSE302495	893	0.9437575227048911	0.9710650754334609
GSE302495	894	0.8945179997811576	0.9443225135728313
GSE302495	895	0.8846700951964109	0.9388063167673013
GSE302495	896	0.9509793194003721	0.9748738081884464
GSE302495	897	0.9522923733450049	0.9755632776594552
GSE302495	898	0.9113688587372798	0.9536294939317609
GSE302495	899	0.8656308129992341	0.9279765395894428
GSE302495	900	0.9238428712112923	0.960414059833921
GSE302495	901	0.9142138089506511	0.9551846347319081
GSE302495	902	0.9120253857095962	0.953988783335241
GSE302495	903	0.8951745267534741	0.9446882217090069
GSE302495	904	0.932815406499617	0.965240036231884
GSE302495	905	0.9426633110843637	0.9704855243888701
GSE302495	906	0.8424335266440529	0.9144791542938591
GSE302495	907	0.9050224313382208	0.9501435956346926
GSE302495	908	0.9251559251559252	0.9611231101511879
GSE302495	909	0.9100558047926469	0.952910174152154
GSE302495	910	0.8137651821862348	0.8973214285714286
GSE302495	911	0.9288762446657184	0.9631268436578171
GSE302495	912	0.9376299376299376	0.9678111587982833
GSE302495	913	0.9188094977568662	0.9576870437956204
GSE302495	914	0.9297516139621402	0.9635971875708778
GSE302495	915	0.9225298172666594	0.9597040409789414
GSE302495	916	0.9216544479702374	0.9592301560186767
GSE302495	917	0.902396323448955	0.948694351777292
GSE302495	918	0.9295327716380348	0.9634796416014517
GSE302495	919	0.9284385600175074	0.9628915115751248
GSE302495	920	0.9216544479702374	0.9592301560186767
GSE302495	921	0.9223109749425539	0.9595856102003644
GSE302495	922	0.8371813108655214	0.9113758189398451
GSE302495	923	0.9538242696137433	0.9763664874551972
GSE302495	924	0.9133384396542291	0.9547066224408098
GSE302495	925	0.9354415143888828	0.966644052464948
GSE302495	926	0.9139949666265456	0.9550651726503544
GSE302495	927	0.9216544479702374	0.9592301560186767
GSE302495	928	0.8737279789911369	0.9326092034571363
GSE302495	929	0.9358791990370938	0.9668776848293014
GSE302495	930	0.9050224313382208	0.9501435956346926
GSE302495	931	0.9551373235583762	0.9770539511976718
GSE302495	932	0.9190283400809717	0.9578059071729957
GSE302495	933	0.9026151657730606	0.9488152749022315
GSE302495	934	0.8975817923186344	0.9460269865067467
GSE302495	935	0.8686946055367109	0.9297341609087716
GSE302495	936	0.9037093773935879	0.9494194735027014
GSE302495	937	0.8697888171572382	0.9303604868913858
GSE302495	938	0.8794178794178794	0.9358407079646017
GSE302495	939	0.9019586388007441	0.9484524220457945
GSE302495	940	0.8752598752598753	0.9334811529933481
GSE302495	941	0.9129007550060182	0.9544674522365862
GSE302495	942	0.8800744063901959	0.9362123152135957
GSE302495	943	0.9061166429587483	0.9507462686567164
GSE302495	944	0.9244993981836087	0.9607687059358654
GSE302495	945	0.933253091147828	0.9654743038261262
GSE302495	946	0.8879527300579932	0.9406514431436189
GSE302495	947	0.8879527300579932	0.9406514431436189
GSE302495	948	0.908305066199803	0.9519495412844037
GSE302495	949	0.91377612430244	0.95494568324757
GSE302495	950	0.9306269832585622	0.9640671049648605
GSE302495	951	0.8938614728088412	0.943956551883522
GSE302495	952	0.9034905350694824	0.9492986893538744
GSE302495	953	0.9463836305941569	0.9724533393298853
GSE302495	954	0.921873290294343	0.9593486677294466
GSE302495	955	0.9431009957325747	0.9707174231332357
GSE302495	956	0.9122442280337018	0.9541084916456856
GSE302495	957	0.8901411532990481	0.9418779668866505
GSE302495	958	0.939599518546887	0.9688593027191695
GSE302495	959	0.8844512528723055	0.9386830797816745
GSE302495	960	0.8816063026589342	0.9370783903233311
GSE302495	961	0.8938614728088412	0.943956551883522
GSE302495	962	0.8945179997811576	0.9443225135728313
GSE302495	963	0.8925484188642083	0.9432238667900092
GSE302495	964	0.903271692745377	0.9491778774289985
GSE302495	965	0.9131195973301236	0.9545870510180736
GSE302495	966	0.8995513732355838	0.9471198156682028
GSE302495	967	0.8774482985009301	0.9347243268446207
GSE302495	968	0.896487580698107	0.9454188783752596
GSE302495	969	0.848342269394901	0.9179493251243193
GSE302495	970	0.8967064230222125	0.9455405561324565
GSE302495	971	0.9363168836853047	0.967111211573237
GSE302495	972	0.9227486595907649	0.9598224447985431
GSE302495	973	0.8516249042564832	0.9198676279399598
GSE302495	974	0.945508261297735	0.9719910011248594
GSE302495	975	0.9448517343254186	0.9716439743445482
GSE302495	976	0.9325965641755115	0.9651228626429623
GSE302495	977	0.9446328920013131	0.971528246680171
GSE302495	978	0.8822628296312507	0.9374491338216486
GSE302495	979	0.9203413940256046	0.9585185185185184
GSE302495	980	0.9275631907210855	0.9624205267938238
GSE302495	981	0.9045847466900099	0.949902332529013
GSE302495	982	0.9185906554327607	0.9575681533021558
GSE302495	983	0.8942991574570522	0.9442005545286507
GSE302495	984	0.9170587591640224	0.9567351598173517
GSE302495	985	0.9102746471167524	0.9530301294535457
GSE302495	986	0.8912353649195754	0.9424901643138163
GSE302495	987	0.7960389539336907	0.8864384062385768
GSE302495	988	0.9417879417879418	0.9700214132762313
GSE302495	989	0.9518546886967939	0.9753335575737191
GSE302495	990	0.9494474231316337	0.9740682532555007
GSE302495	991	0.9096181201444359	0.9526701810680724
GSE302495	992	0.8947368421052632	0.9444444444444444
GSE302495	993	0.8437465805886859	0.9152522255192879
GSE302495	994	0.8975817923186344	0.9460269865067467
GSE302495	995	0.8883904147062042	0.9408969753157955
GSE302495	996	0.9074296969033812	0.9514685635612666
GSE302495	997	0.8741656636393479	0.9328584773470341
GSE302495	998	0.8754787175839808	0.9336056009334889
GSE302495	999	0.8883904147062042	0.9408969753157955
GSE302495	1000	0.9255936098041361	0.9613592453687918
GSE302495	1001	0.8662873399715505	0.9283536585365854
GSE302495	1002	0.9159645475434949	0.9561393489434609
GSE302495	1003	0.9470401575664733	0.9727998201641003
GSE302495	1004	0.9376299376299376	0.9678111587982833
GSE302495	1005	0.9220921326184484	0.9594671524536035
GSE302495	1006	0.8951745267534741	0.9446882217090069
GSE302495	1007	0.9122442280337018	0.9541084916456856
GSE302495	1008	0.9251559251559252	0.9611231101511879
GSE302495	1009	0.9122442280337018	0.9541084916456856
GSE302495	1010	0.8877338877338877	0.9405286343612336
GSE302495	1011	0.8063245431666485	0.8927792585413132
GSE302495	1012	0.8802932487143014	0.9363361266294228
GSE302495	1013	0.9422256264361527	0.9702535211267604
GSE302495	1014	0.8995513732355838	0.9471198156682028
GSE302495	1015	0.9166210745158113	0.9564969171043617
GSE302495	1016	0.9378487799540431	0.9679277244494636
GSE302495	1017	0.817485501696028	0.899578567128236
GSE302495	1018	0.9365357260094103	0.9672279353599277
GSE302495	1019	0.896487580698107	0.9454188783752596
GSE302495	1020	0.9295327716380348	0.9634796416014517
GSE302495	1021	0.9441952073531021	0.9712967131922557
GSE302495	1022	0.8975817923186344	0.9460269865067467
GSE302495	1023	0.9034905350694824	0.9492986893538744
GSE302495	1024	0.872414925046504	0.9318606825619449
GSE302495	1025	0.9129007550060182	0.9544674522365862
GSE302495	1026	0.9072108545792756	0.9513482501434308
GSE302495	1027	0.8951745267534741	0.9446882217090069
GSE302495	1028	0.8752598752598753	0.9334811529933481
GSE302495	1029	0.9183718131086552	0.957449235683322
GSE302495	1030	0.9251559251559252	0.9611231101511879
GSE302495	1031	0.9402560455192034	0.969208211143695
GSE302495	1032	0.8772294561768246	0.9346001398927489
GSE302495	1033	0.8971441076704234	0.9457838274310763
GSE302495	1034	0.8872962030856768	0.9402829313543599
GSE302495	1035	0.9089615931721194	0.9523099850968703
GSE302495	1036	0.8855454644928329	0.9392989786443825
GSE302495	1037	0.8752598752598753	0.9334811529933481
GSE302495	1038	0.9249370828318196	0.9610050022737608
GSE302495	1039	0.866506182295656	0.928479305897526
GSE302495	1040	0.9431009957325747	0.9707174231332357
GSE302495	1041	0.8890469416785206	0.9412650602409639
GSE302495	1042	0.9522923733450049	0.9755632776594552
GSE302495	1043	0.8735091366670314	0.9324845228361174
GSE302495	1044	0.9008644271802166	0.9478471102924246
GSE302495	1045	0.9483532115111063	0.973492081320903
GSE302495	1046	0.9286574023416129	0.9630091909678884
GSE302495	1047	0.9177152861363388	0.9570923199817414
GSE302495	1048	0.8505306926359558	0.919228949858089
GSE302495	1049	0.9437575227048911	0.9710650754334609
GSE302495	1050	0.9113688587372798	0.9536294939317609
GSE302495	1051	0.9354415143888828	0.966644052464948
GSE302495	1052	0.902396323448955	0.948694351777292
GSE302495	1053	0.9420067841120473	0.9701374802794681
GSE302495	1054	0.853813327497538	0.9211427222287805
GSE302495	1055	0.8772294561768246	0.9346001398927489
GSE302495	1056	0.8853266221687275	0.939175856065003
GSE302495	1057	0.938724149250465	0.9683937238966023
GSE302495	1058	0.9406937301674144	0.9694406856111862
GSE302495	1059	0.9157457052193895	0.9560201050948138
GSE302495	1060	0.8671627092679725	0.9288560712611347
GSE302495	1061	0.9308458255826677	0.964184517737731
GSE302495	1062	0.9194660247291826	0.9580435526165774
GSE302495	1063	0.9043659043659044	0.9497816593886463
GSE302495	1064	0.8999890578837947	0.9473623589034784
GSE302495	1065	0.8573148046832257	0.9231766230705786
GSE302495	1066	0.817047817047817	0.8993135011441648
GSE302495	1067	0.9579822737717475	0.9785402928355874
GSE302495	1068	0.9041470620417988	0.949660958510516
GSE302495	1069	0.9452894189736295	0.9718753515581056
GSE302495	1070	0.9244993981836087	0.9607687059358654
GSE302495	1071	0.9240617135353978	0.9605323020928116
GSE302495	1072	0.957325746799431	0.9781976744186046
GSE302495	1073	0.9584199584199584	0.9787685774946921
GSE302495	1074	0.9159645475434949	0.9561393489434609
GSE302495	1075	0.9376299376299376	0.9678111587982833
GSE302495	1076	0.8770106138527192	0.9344759239827446
GSE302495	1077	0.8862019914651493	0.9396681749622926
GSE302495	1078	0.8746033482875588	0.9331076348353957
GSE302495	1079	0.9312835102308786	0.9644192634560907
GSE302495	1080	0.7492066965751176	0.8566245464781684
GSE302495	1081	0.920997920997921	0.9588744588744589
GSE302495	1082	0.8855454644928329	0.9392989786443825
GSE302495	1083	0.9411314148156253	0.9696730552423901
GSE302495	1084	0.8951745267534741	0.9446882217090069
GSE302495	1085	0.8857643068169384	0.9394220726470929
GSE302495	1086	0.8910165225954699	0.9423677815067699
GSE302495	1087	0.9435386803807857	0.9709492174304696
GSE302495	1088	0.8708830287777656	0.9309860802433033
GSE302495	1089	0.8822628296312507	0.9374491338216486
GSE302495	1090	0.9398183608709925	0.9689756317689531
GSE302495	1091	0.9194660247291826	0.9580435526165774
GSE302495	1092	0.9144326512747566	0.9553040695016004
GSE302495	1093	0.8625670204617573	0.9262131359417225
GSE302495	1094	0.9056789583105372	0.9505052824988517
GSE302495	1095	0.8503118503118503	0.9191011235955057
GSE302495	1096	0.8321479374110953	0.9083850931677018
GSE302495	1097	0.9271255060728745	0.9621848739495799
GSE302495	1098	0.8533756428493271	0.9208879442673279
GSE302495	1099	0.9310646679067732	0.9643019038984588
GSE302495	1100	0.8802932487143014	0.9363361266294228
GSE302495	1101	0.8888280993544151	0.9411423936971381
GSE302495	1102	0.9026151657730606	0.9488152749022315
GSE302495	1103	0.909180435496225	0.9524300779458964
GSE302495	1104	0.8774482985009301	0.9347243268446207
GSE302495	1105	0.9354415143888828	0.966644052464948
GSE302495	1106	0.8704453441295547	0.9307359307359306
GSE302495	1107	0.9461647882700515	0.9723377937703812
GSE302495	1108	0.950541634752161	0.9746437787501403
GSE302495	1109	0.8746033482875588	0.9331076348353957
GSE302495	1110	0.8903599956231535	0.9420004630701552
GSE302495	1111	0.9076485392274866	0.9515888493747848
GSE302495	1112	0.9010832695043222	0.9479682283872453
GSE302495	1113	0.9334719334719335	0.9655913978494624
GSE302495	1114	0.9457271036218404	0.9721066246766393
GSE302495	1115	0.9034905350694824	0.9492986893538744
GSE302495	1116	0.9420067841120473	0.9701374802794681
GSE302495	1117	0.8695699748331327	0.9302352803464825
GSE302495	1118	0.8918918918918919	0.9428571428571428
GSE302495	1119	0.896487580698107	0.9454188783752596
GSE302495	1120	0.9019586388007441	0.9484524220457945
GSE302495	1121	0.8282087755771966	0.9060330380655973
GSE302495	1122	0.9310646679067732	0.9643019038984588
GSE302495	1123	0.8544698544698545	0.92152466367713
GSE302495	1124	0.9008644271802166	0.9478471102924246
GSE302495	1125	0.915526862895284	0.9559008339997715
GSE302495	1126	0.7971331655542182	0.8871164150024354
GSE302495	1127	0.8984571616150564	0.9465129682997118
GSE302495	1128	0.8555640660903818	0.9221606321500176
GSE302495	1129	0.8866396761133604	0.9399141630901288
GSE302495	1130	0.8912353649195754	0.9424901643138163
GSE302495	1131	0.9076485392274866	0.9515888493747848
GSE302495	1132	0.951417004048583	0.975103734439834
GSE302495	1133	0.9166210745158113	0.9564969171043617
GSE302495	1134	0.8984571616150564	0.9465129682997118
GSE302495	1135	0.9413502571397309	0.9697892007665427
GSE302495	1136	0.932815406499617	0.965240036231884
GSE302495	1137	0.8831381989276726	0.9379430563625799
GSE302495	1138	0.8927672611883138	0.9433460515666552
GSE302495	1139	0.9021774811248495	0.9485734008283478
GSE302495	1140	0.9446328920013131	0.971528246680171
GSE302495	1141	0.8995513732355838	0.9471198156682028
GSE302495	1142	0.9437575227048911	0.9710650754334609
GSE302495	1143	0.9341284604442499	0.9659425209323377
GSE302495	1144	0.9124630703578072	0.9542281725597894
GSE302495	1145	0.9037093773935879	0.9494194735027014
GSE302495	1146	0.9393806762227815	0.9687429474159331
GSE302495	1147	0.9546996389101652	0.9768248992386923
GSE302495	1148	0.9157457052193895	0.9560201050948138
GSE302495	1149	0.8553452237662764	0.9220334984666195
GSE302495	1150	0.8676003939161834	0.9291071010077337
GSE302495	1151	0.9476966845387897	0.9731460674157303
GSE302495	1152	0.8988948462632673	0.9467557911720641
GSE302495	1153	0.8682569208884998	0.9294834250907813
GSE302495	1154	0.9630156472261735	0.981159420289855
GSE302495	1155	0.9205602363497101	0.958637192342753
GSE302495	1156	0.8980194769668454	0.9462700334371037
GSE302495	1157	0.9369734106576212	0.9674613038074793
GSE302495	1158	0.8711018711018711	0.9311111111111111
GSE302495	1159	0.9358791990370938	0.9668776848293014
GSE302495	1160	0.8608162818689135	0.9252028695754441
GSE302495	1161	0.9406937301674144	0.9694406856111862
GSE302495	1162	0.8461538461538461	0.9166666666666666
GSE302495	1163	0.9494474231316337	0.9740682532555007
GSE302495	1164	0.8956122114016851	0.9449318864003694
GSE302495	1165	0.9365357260094103	0.9672279353599277
GSE302495	1166	0.8227377174745596	0.9027494297034458
GSE302495	1167	0.939599518546887	0.9688593027191695
GSE302495	1168	0.9374110953058321	0.9676945668135095
GSE302495	1169	0.8890469416785206	0.9412650602409639
GSE302495	1170	0.921873290294343	0.9593486677294466
GSE302495	1171	0.8651931283510231	0.9277249794673237
GSE302495	1172	0.9531677426414269	0.9760224089635855
GSE302495	1173	0.8855454644928329	0.9392989786443825
GSE302495	1174	0.8706641864536602	0.9308610201216659
GSE302495	1175	0.9251559251559252	0.9611231101511879
GSE302495	1176	0.8986760039391618	0.9466343937298294
GSE302495	1177	0.9428821534084691	0.9706014868213562
GSE302495	1178	0.9093992778203305	0.9525501432664757
GSE302495	1179	0.8551263814421709	0.9219063347882505
GSE302495	1180	0.9139949666265456	0.9550651726503544
GSE302495	1181	0.9411314148156253	0.9696730552423901
GSE302495	1182	0.8748221906116643	0.9332321699544766
GSE302495	1183	0.945508261297735	0.9719910011248594
GSE302495	1184	0.8993325309114782	0.946998502131582
GSE302495	1185	0.902396323448955	0.948694351777292
GSE302495	1186	0.9339096181201444	0.9658255063935726
GSE302495	1187	0.8936426304847358	0.9438345082630302
GSE302495	1188	0.9260312944523471	0.9615952732644019
GSE302495	1189	0.9067731699310647	0.9511075404567888
GSE302495	1190	0.8853266221687275	0.939175856065003
GSE302495	1191	0.9050224313382208	0.9501435956346926
GSE302495	1192	0.8916730495677864	0.9427348449791764
GSE302495	1193	0.915089178247073	0.955662210033139
GSE302495	1194	0.9065543276069592	0.9509871441689624
GSE302495	1195	0.8560017507385929	0.9224148095743426
GSE302495	1196	0.8741656636393479	0.9328584773470341
GSE302495	1197	0.9063354852828537	0.9508667202387785
GSE302495	1198	0.9492285808075281	0.9739530706186146
GSE302495	1199	0.9098369624685414	0.9527901913601466
GSE302495	1200	0.8921107342159974	0.9429794124450612
GSE302495	1201	0.8883904147062042	0.9408969753157955
GSE302495	1202	0.8730714520188204	0.9322350741909101
GSE302495	1203	0.9437575227048911	0.9710650754334609
GSE302495	1204	0.920122551701499	0.9583998176430363
GSE302495	1205	0.8982383192909509	0.9463915148720313
GSE302495	1206	0.9601706970128022	0.9796806966618287
GSE302495	1207	0.8988948462632673	0.9467557911720641
GSE302495	1208	0.9220921326184484	0.9594671524536035
GSE302495	1209	0.9402560455192034	0.969208211143695
GSE302495	1210	0.9102746471167524	0.9530301294535457
GSE302495	1211	0.9188094977568662	0.9576870437956204
GSE302495	1212	0.938724149250465	0.9683937238966023
GSE302495	1213	0.8586278586278586	0.9239373601789709
GSE302495	1214	0.9376299376299376	0.9678111587982833
GSE302495	1215	0.8472480577743735	0.9173083757848596
GSE302495	1216	0.9371922529817267	0.9675779484862178
GSE302495	1217	0.8986760039391618	0.9466343937298294
GSE302495	1218	0.848342269394901	0.9179493251243193
GSE302495	1219	0.8947368421052632	0.9444444444444444
GSE302495	1220	0.9238428712112923	0.960414059833921
GSE302495	1221	0.9415690994638363	0.9699053201082056
GSE302495	1222	0.8859831491410439	0.9395451380830819
GSE302495	1223	0.806105700842543	0.892645098751969
GSE302495	1224	0.8894846263267316	0.9415103080843178
GSE302495	1225	0.9080862238756976	0.951829338226861
GSE302495	1226	0.9229675019148703	0.9599408216683737
GSE302495	1227	0.8993325309114782	0.946998502131582
GSE302495	1228	0.9546996389101652	0.9768248992386923
GSE302495	1229	0.896925265346318	0.9456622058144901
GSE302495	1230	0.8892657840026261	0.9413876983667323
GSE302495	1231	0.9356603567129883	0.9667608818541549
GSE302495	1232	0.9170587591640224	0.9567351598173517
GSE302495	1233	0.8746033482875588	0.9331076348353957
GSE302495	1234	0.8918918918918919	0.9428571428571428
GSE302495	1235	0.9330342488237225	0.9653571832899355
GSE302495	1236	0.9107123317649634	0.9532699576222655
GSE302495	1237	0.926468979100558	0.9618311939111667
GSE302495	1238	0.806105700842543	0.892645098751969
GSE302495	1239	0.8279899332530911	0.9059020711121752
GSE302495	1240	0.860159754896597	0.9248235294117647
GSE302495	1241	0.8953933690775796	0.9448100681214641
GSE302495	1242	0.920122551701499	0.9583998176430363
GSE302495	1243	0.8680380785643943	0.9293580131208996
GSE302495	1244	0.8415581573476311	0.9139631610219846
GSE302495	1245	0.9479155268628953	0.973261431299854
GSE302495	1246	0.9536054272896378	0.9762518203203764
GSE302495	1247	0.8995513732355838	0.9471198156682028
GSE302495	1248	0.9142138089506511	0.9551846347319081
GSE302495	1249	0.9402560455192034	0.969208211143695
GSE302495	1250	0.9555750082065871	0.9772829006266787
GSE302495	1251	0.9297516139621402	0.9635971875708778
GSE302495	1252	0.9494474231316337	0.9740682532555007
GSE302495	1253	0.9546996389101652	0.9768248992386923
GSE302495	1254	0.908305066199803	0.9519495412844037
GSE302495	1255	0.9501039501039501	0.9744136460554371
GSE302495	1256	0.9293139293139293	0.9633620689655172
GSE302495	1257	0.920122551701499	0.9583998176430363
GSE302495	1258	0.8579713316555422	0.9235571260306242
GSE302495	1259	0.8927672611883138	0.9433460515666552
GSE302495	1260	0.9426633110843637	0.9704855243888701
GSE302495	1261	0.8540321698216435	0.9212700661000944
GSE302495	1262	0.9253747674800307	0.9612411911798135
GSE302495	1263	0.8667250246197614	0.9286049237983587
GSE302495	1264	0.9207790786738155	0.9587558391249857
GSE302495	1265	0.9196848670532881	0.9581623347013224
GSE302495	1266	0.9212167633220265	0.95899305160041
GSE302495	1267	0.9312835102308786	0.9644192634560907
GSE302495	1268	0.9310646679067732	0.9643019038984588
GSE302495	1269	0.9260312944523471	0.9615952732644019
GSE302495	1270	0.9647663858190174	0.9820672755624861
GSE302495	1271	0.9054601159864317	0.9503847479039853
GSE302495	1272	0.8995513732355838	0.9471198156682028
GSE302495	1273	0.889703468650837	0.94163288940359
GSE302495	1274	0.9177152861363388	0.9570923199817414
GSE302495	1275	0.9255936098041361	0.9613592453687918
GSE302495	1276	0.9085239085239085	0.9520697167755992
GSE302495	1277	0.9317211948790897	0.9646539027982327
GSE302495	1278	0.9347849874165663	0.9662934057233344
GSE302495	1279	0.9527300579932159	0.9757928947663341
GSE302495	1280	0.8369624685414159	0.9112461281868001
GSE302495	1281	0.9476966845387897	0.9731460674157303
GSE302495	1282	0.9135572819783346	0.9548261665141812
GSE302495	1283	0.9166210745158113	0.9564969171043617
GSE302495	1284	0.883357041251778	0.9380664652567975
GSE302495	1285	0.860159754896597	0.9248235294117647
GSE302495	1286	0.9006455848561111	0.9477259643062752
GSE302495	1287	0.8984571616150564	0.9465129682997118
GSE302495	1288	0.9516358463726885	0.9752186588921283
GSE302495	1289	0.9463836305941569	0.9724533393298853
GSE302495	1290	0.9050224313382208	0.9501435956346926
GSE302495	1291	0.9389429915745705	0.9685101580135441
GSE302495	1292	0.8216435058540321	0.902090341182124
GSE302495	1293	0.9131195973301236	0.9545870510180736
GSE302495	1294	0.9439763650289966	0.9711809073511202
GSE302495	1295	0.9319400372031951	0.9647711826008155
GSE302495	1296	0.9061166429587483	0.9507462686567164
GSE302495	1297	0.9295327716380348	0.9634796416014517
GSE302495	1298	0.8855454644928329	0.9392989786443825
GSE302495	1299	0.9100558047926469	0.952910174152154
GSE302495	1300	0.9120253857095962	0.953988783335241
GSE302495	1301	0.9358791990370938	0.9668776848293014
GSE302495	1302	0.915526862895284	0.9559008339997715
GSE302495	1303	0.8947368421052632	0.9444444444444444
GSE302495	1304	0.9004267425320057	0.9476047904191618
GSE302495	1305	0.8864208337892548	0.9397911832946636
GSE302495	1306	0.9286574023416129	0.9630091909678884
GSE302495	1307	0.8932049458365248	0.9435903363772974
GSE302495	1308	0.9253747674800307	0.9612411911798135
GSE302495	1309	0.903271692745377	0.9491778774289985
GSE302495	1310	0.8892657840026261	0.9413876983667323
GSE302495	1311	0.9297516139621402	0.9635971875708778
GSE302495	1312	0.9242805558595032	0.9606505174570681
GSE302495	1313	0.9347849874165663	0.9662934057233344
GSE302495	1314	0.9490097384834227	0.9738378621154279
GSE302495	1315	0.8686946055367109	0.9297341609087716
GSE302495	1316	0.9225298172666594	0.9597040409789414
GSE302495	1317	0.9196848670532881	0.9581623347013224
GSE302495	1318	0.8949556844293687	0.9445663471532509
GSE302495	1319	0.8980194769668454	0.9462700334371037
GSE302495	1320	0.8807309333625123	0.936583663020712
GSE302495	1321	0.9085239085239085	0.9520697167755992
GSE302495	1322	0.8676003939161834	0.9291071010077337
GSE302495	1323	0.8921107342159974	0.9429794124450612
GSE302495	1324	0.9310646679067732	0.9643019038984588
GSE302495	1325	0.9039282197176934	0.9495402298850575
GSE302495	1326	0.9522923733450049	0.9755632776594552
GSE302495	1327	0.9247182405077142	0.9608868675383742
GSE302495	1328	0.9089615931721194	0.9523099850968703
GSE302495	1329	0.9120253857095962	0.953988783335241
GSE302495	1330	0.859722070248386	0.9245704871734526
GSE302495	1331	0.9017397964766386	0.9483314154200231
GSE302495	1332	0.9409125724915198	0.9695568835268914
GSE302495	1333	0.8584090163037531	0.923810645313236
GSE302495	1334	0.9325965641755115	0.9651228626429623
GSE302495	1335	0.8741656636393479	0.9328584773470341
GSE302495	1336	0.9238428712112923	0.960414059833921
GSE302495	1337	0.9304081409344567	0.963949665570797
GSE302495	1338	0.8973629499945289	0.9459054209919261
GSE302495	1339	0.8912353649195754	0.9424901643138163
GSE302495	1340	0.915089178247073	0.955662210033139
GSE302495	1341	0.932815406499617	0.965240036231884
GSE302495	1342	0.9041470620417988	0.949660958510516
GSE302495	1343	0.8748221906116643	0.9332321699544766
GSE302495	1344	0.91377612430244	0.95494568324757
GSE302495	1345	0.9562315351789036	0.9776261326770331
GSE302495	1346	0.8886092570303097	0.9410196987253766
GSE302495	1347	0.8899223109749426	0.9417554423344141
GSE302495	1348	0.8608162818689135	0.9252028695754441
GSE302495	1349	0.9102746471167524	0.9530301294535457
GSE302495	1350	0.9317211948790897	0.9646539027982327
GSE302495	1351	0.9498851077798446	0.9742985409652075
GSE302495	1352	0.9312835102308786	0.9644192634560907
GSE302495	1353	0.9021774811248495	0.9485734008283478
GSE302495	1354	0.9501039501039501	0.9744136460554371
GSE302495	1355	0.8934237881606303	0.943712436430883
GSE302495	1356	0.8875150454097822	0.9404057971014492
GSE302495	1357	0.8374001531896269	0.9115054787994283
GSE302495	1358	0.9212167633220265	0.95899305160041
GSE302495	1359	0.9352226720647774	0.9665271966527197
GSE302495	1360	0.9509793194003721	0.9748738081884464
GSE302495	1361	0.9113688587372798	0.9536294939317609
GSE302495	1362	0.9258124521282416	0.9614772727272727
GSE302495	1363	0.9153080205711784	0.9557815356489945
GSE302495	1364	0.9308458255826677	0.964184517737731
GSE302495	1365	0.9321588795273006	0.9648884358364481
GSE302495	1366	0.9266878214246635	0.9619491140390731
GSE302495	1367	0.9124630703578072	0.9542281725597894
GSE302495	1368	0.871539555750082	0.9313610851262862
GSE302495	1369	0.9358791990370938	0.9668776848293014
GSE302495	1370	0.8927672611883138	0.9433460515666552
GSE302495	1371	0.9249370828318196	0.9610050022737608
GSE302495	1372	0.9214356056461319	0.9591116173120728
GSE302495	1373	0.9196848670532881	0.9581623347013224
GSE302495	1374	0.9074296969033812	0.9514685635612666
GSE302495	1375	0.8855454644928329	0.9392989786443825
GSE302495	1376	0.8800744063901959	0.9362123152135957
GSE302495	1377	0.8805120910384068	0.9364599092284417
GSE302495	1378	0.9181529707845497	0.9573302909298346
GSE302495	1379	0.9411314148156253	0.9696730552423901
GSE302495	1380	0.9242805558595032	0.9606505174570681
GSE302495	1381	0.9013021118284276	0.9480893186003683
GSE302495	1382	0.8918918918918919	0.9428571428571428
GSE302495	1383	0.9540431119378487	0.9764811289058125
GSE302495	1384	0.9492285808075281	0.9739530706186146
GSE302495	1385	0.9100558047926469	0.952910174152154
GSE302495	1386	0.9111500164131743	0.9535096759418298
GSE302495	1387	0.915089178247073	0.955662210033139
GSE302495	1388	0.8684757632126053	0.9296088076832982
GSE302495	1389	0.9139949666265456	0.9550651726503544
GSE302495	1390	0.9468213152423679	0.9726843525179856
GSE302495	1391	0.8367436262173105	0.9111164065292506
GSE302495	1392	0.902396323448955	0.948694351777292
GSE302495	1393	0.9008644271802166	0.9478471102924246
GSE302495	1394	0.8437465805886859	0.9152522255192879
GSE302495	1395	0.8907976802713645	0.9422453703703704
GSE302495	1396	0.9452894189736295	0.9718753515581056
GSE302495	1397	0.8369624685414159	0.9112461281868001
GSE302495	1398	0.9312835102308786	0.9644192634560907
GSE302495	1399	0.9474778422146843	0.9730306776042252
GSE302495	1400	0.95688806215122	0.9779691344218296
GSE302495	1401	0.9115877010613853	0.9537492844876932
GSE302495	1402	0.9172776014881278	0.9568542403835179
GSE302495	1403	0.7975708502024291	0.8873873873873873
GSE302495	1404	0.9360980413611992	0.9669944613993444
GSE302495	1405	0.9483532115111063	0.973492081320903
GSE302495	1406	0.9214356056461319	0.9591116173120728
GSE302495	1407	0.8916730495677864	0.9427348449791764
GSE302495	1408	0.9126819126819127	0.9543478260869565
GSE302495	1409	0.939599518546887	0.9688593027191695
GSE302495	1410	0.9588576430681693	0.978996760138532
GSE302495	1411	0.9266878214246635	0.9619491140390731
GSE302495	1412	0.891454207243681	0.9426125188013422
GSE302495	1413	0.9367545683335157	0.9673446327683616
GSE302495	1414	0.8984571616150564	0.9465129682997118
GSE302495	1415	0.8934237881606303	0.943712436430883
GSE302495	1416	0.9072108545792756	0.9513482501434308
GSE302495	1417	0.9376299376299376	0.9678111587982833
GSE302495	1418	0.9234051865630813	0.9601774945955172
GSE302495	1419	0.963234489550279	0.9812729907479657
GSE302495	1420	0.9371922529817267	0.9675779484862178
GSE302495	1421	0.9365357260094103	0.9672279353599277
GSE302495	1422	0.8654119706751285	0.9278507742843735
GSE302495	1423	0.9203413940256046	0.9585185185185184
GSE302495	1424	0.8929861035124192	0.9434682080924855
GSE302495	1425	0.92734434839698	0.9623027137504259
GSE302495	1426	0.8903599956231535	0.9420004630701552
GSE302495	1427	0.8936426304847358	0.9438345082630302
GSE302495	1428	0.9153080205711784	0.9557815356489945
GSE302495	1429	0.9008644271802166	0.9478471102924246
GSE302495	1430	0.920997920997921	0.9588744588744589
GSE302495	1431	0.8627858627858628	0.9263392857142857
GSE302495	1432	0.9444140496772075	0.9714124929656724
GSE302495	1433	0.891454207243681	0.9426125188013422
GSE302495	1434	0.9441952073531021	0.9712967131922557
GSE302495	1435	0.8295218295218295	0.9068181818181817
GSE302495	1436	0.9374110953058321	0.9676945668135095
GSE302495	1437	0.8932049458365248	0.9435903363772974
GSE302495	1438	0.8588467009519641	0.9240640452083824
GSE302495	1439	0.9382864646022541	0.9681607767867223
GSE302495	1440	0.8794178794178794	0.9358407079646017
GSE302495	1441	0.9076485392274866	0.9515888493747848
GSE302495	1442	0.9247182405077142	0.9608868675383742
GSE302495	1443	0.8807309333625123	0.936583663020712
GSE302495	1444	0.8910165225954699	0.9423677815067699
GSE302495	1445	0.9157457052193895	0.9560201050948138
GSE302495	1446	0.9076485392274866	0.9515888493747848
GSE302495	1447	0.9058978006346428	0.9506257894132507
GSE302495	1448	0.9678301783564941	0.9836521352313167
GSE302495	1449	0.9037093773935879	0.9494194735027014
GSE302495	1450	0.9188094977568662	0.9576870437956204
GSE302495	1451	0.920122551701499	0.9583998176430363
GSE302495	1452	0.8949556844293687	0.9445663471532509
GSE302495	1453	0.9236240288871868	0.9602957906712173
GSE302495	1454	0.9098369624685414	0.9527901913601466
GSE302495	1455	0.9652040704672283	0.982293986636971
GSE302495	1456	0.8890469416785206	0.9412650602409639
GSE302495	1457	0.9214356056461319	0.9591116173120728
GSE302495	1458	0.9063354852828537	0.9508667202387785
GSE302495	1459	0.8770106138527192	0.9344759239827446
GSE302495	1460	0.932815406499617	0.965240036231884
GSE302495	1461	0.871539555750082	0.9313610851262862
GSE302495	1462	0.9030528504212715	0.9490570377184914
GSE302495	1463	0.9341284604442499	0.9659425209323377
GSE302495	1464	0.9376299376299376	0.9678111587982833
GSE302495	1465	0.915526862895284	0.9559008339997715
GSE302495	1466	0.938724149250465	0.9683937238966023
GSE302495	1467	0.9240617135353978	0.9605323020928116
GSE302495	1468	0.9039282197176934	0.9495402298850575
GSE302495	1469	0.9242805558595032	0.9606505174570681
GSE302495	1470	0.8700076594813437	0.9304856641310708
GSE302495	1471	0.9371922529817267	0.9675779484862178
GSE302495	1472	0.8798555640660903	0.9360884749708963
GSE302495	1473	0.9113688587372798	0.9536294939317609
GSE302495	1474	0.9172776014881278	0.9568542403835179
GSE302495	1475	0.8993325309114782	0.946998502131582
GSE302495	1476	0.9269066637487691	0.9620670073821692
GSE302495	1477	0.8929861035124192	0.9434682080924855
GSE302495	1478	0.8658496553233396	0.9281022753929159
GSE302495	1479	0.9406937301674144	0.9694406856111862
GSE302495	1480	0.9231863442389758	0.9600591715976331
GSE302495	1481	0.9174964438122333	0.956973293768546
GSE302495	1482	0.9277820330451909	0.9625383130888864
GSE302495	1483	0.861035124193019	0.9253292568203199
GSE302495	1484	0.9422256264361527	0.9702535211267604
GSE302495	1485	0.8310537257905679	0.90773275965101
GSE302495	1486	0.8030419083050662	0.8907634421653113
GSE302495	1487	0.9021774811248495	0.9485734008283478
GSE302495	1488	0.9253747674800307	0.9612411911798135
GSE302495	1489	0.9142138089506511	0.9551846347319081
GSE302495	1490	0.9266878214246635	0.9619491140390731
GSE302495	1491	0.9258124521282416	0.9614772727272727
GSE302495	1492	0.8503118503118503	0.9191011235955057
GSE302495	1493	0.9439763650289966	0.9711809073511202
GSE302495	1494	0.8645366013787067	0.9273474178403757
GSE302495	1495	0.9319400372031951	0.9647711826008155
GSE302495	1496	0.8956122114016851	0.9449318864003694
GSE302495	1497	0.9124630703578072	0.9542281725597894
GSE302495	1498	0.823394244446876	0.9031445031204993
GSE302495	1499	0.9190283400809717	0.9578059071729957
GSE302495	1500	0.8837947258999891	0.9383131970260223
GSE302495	1501	0.9048035890141153	0.9500229779411764
GSE302495	1502	0.921873290294343	0.9593486677294466
GSE302495	1503	0.8975817923186344	0.9460269865067467
GSE302495	1504	0.9190283400809717	0.9578059071729957
GSE302495	1505	0.9255936098041361	0.9613592453687918
GSE302495	1506	0.8942991574570522	0.9442005545286507
GSE302495	1507	0.9153080205711784	0.9557815356489945
GSE302495	1508	0.8317102527628844	0.9081242532855436
GSE302495	1509	0.9161833898676004	0.956258565555048
GSE302495	1510	0.8444031075610023	0.9156383483626008
GSE302495	1511	0.920122551701499	0.9583998176430363
GSE302495	1512	0.920122551701499	0.9583998176430363
GSE302495	1513	0.8912353649195754	0.9424901643138163
GSE302495	1514	0.9501039501039501	0.9744136460554371
GSE302495	1515	0.9304081409344567	0.963949665570797
GSE302495	1516	0.8338986760039392	0.9094272076372316
GSE302495	1517	0.902834008097166	0.948936170212766
GSE302495	1518	0.9240617135353978	0.9605323020928116
GSE302495	1519	0.9479155268628953	0.973261431299854
GSE302495	1520	0.8750410329357697	0.9333566760037348
GSE302495	1521	0.8951745267534741	0.9446882217090069
GSE302495	1522	0.9374110953058321	0.9676945668135095
GSE302495	1523	0.9542619542619543	0.9765957446808511
GSE302495	1524	0.9144326512747566	0.9553040695016004
GSE302495	1525	0.810701389648758	0.8954556441866086
GSE302495	1526	0.9205602363497101	0.958637192342753
GSE302495	1527	0.9205602363497101	0.958637192342753
GSE302495	1528	0.9205602363497101	0.958637192342753
GSE302495	1529	0.9446328920013131	0.971528246680171
GSE302495	1530	0.8498741656636394	0.9188453803383414
GSE302495	1531	0.878761352445563	0.9354688410017473
GSE302495	1532	0.8595032279242806	0.924443921384018
GSE302495	1533	0.8549075391180654	0.9217791411042945
GSE302495	1534	0.9170587591640224	0.9567351598173517
GSE302495	1535	0.9301892986103513	0.9638321995464852
GSE302495	1536	0.9185906554327607	0.9575681533021558
GSE302495	1537	0.9185906554327607	0.9575681533021558
GSE302495	1538	0.9002079002079002	0.9474835886214442
GSE302495	1539	0.9345661450924608	0.9661764705882352
GSE302495	1540	0.9444140496772075	0.9714124929656724
GSE302495	1541	0.932815406499617	0.965240036231884
GSE302495	1542	0.9345661450924608	0.9661764705882352
GSE302495	1543	0.8599409125724915	0.9246970231791976
GSE302495	1544	0.9017397964766386	0.9483314154200231
GSE302495	1545	0.878323667797352	0.9352207852732145
GSE302495	1546	0.9308458255826677	0.964184517737731
GSE302495	1547	0.9247182405077142	0.9608868675383742
GSE302495	1548	0.9019586388007441	0.9484524220457945
GSE302495	1549	0.9056789583105372	0.9505052824988517
GSE302495	1550	0.8932049458365248	0.9435903363772974
GSE302495	1551	0.8870773607615713	0.9401600371100545
GSE302495	1552	0.9299704562862458	0.9637147068828665
GSE302495	1553	0.9560126928547981	0.9775117475945402
GSE302495	1554	0.9100558047926469	0.952910174152154
GSE302495	1555	0.9166210745158113	0.9564969171043617
GSE302495	1556	0.9610460663092242	0.9801361455194733
GSE302495	1557	0.8824816719553562	0.9375726575215068
GSE302495	1558	0.9039282197176934	0.9495402298850575
GSE302495	1559	0.9310646679067732	0.9643019038984588
GSE302495	1560	0.939599518546887	0.9688593027191695
GSE302495	1561	0.9061166429587483	0.9507462686567164
GSE302495	1562	0.8940803151329467	0.9440785673021376
GSE302495	1563	0.9461647882700515	0.9723377937703812
GSE302495	1564	0.8721960827223985	0.9317358270017533
GSE302495	1565	0.8938614728088412	0.943956551883522
GSE302495	1566	0.9481343691870008	0.9733767692653337
GSE302495	1567	0.8999890578837947	0.9473623589034784
GSE302495	1568	0.9177152861363388	0.9570923199817414
GSE302495	1569	0.9549184812342707	0.9769394380387327
GSE302495	1570	0.8879527300579932	0.9406514431436189
GSE302495	1571	0.8680380785643943	0.9293580131208996
GSE302495	1572	0.8980194769668454	0.9462700334371037
GSE302495	1573	0.8511872196082723	0.9196122473105568
GSE302495	1574	0.9205602363497101	0.958637192342753
GSE302495	1575	0.8579713316555422	0.9235571260306242
GSE302495	1576	0.8262391946602473	0.9048532055122829
GSE302495	1577	0.9262501367764525	0.9617132469893206
GSE302495	1578	0.8936426304847358	0.9438345082630302
GSE302495	1579	0.8682569208884998	0.9294834250907813
GSE302495	1580	0.9354415143888828	0.966644052464948
GSE302495	1581	0.9021774811248495	0.9485734008283478
GSE302495	1582	0.9194660247291826	0.9580435526165774
GSE302495	1583	0.8980194769668454	0.9462700334371037
GSE302495	1584	0.8910165225954699	0.9423677815067699
GSE302495	1585	0.8916730495677864	0.9427348449791764
GSE302495	1586	0.8236130867709816	0.9032761310452418
GSE302495	1587	0.9172776014881278	0.9568542403835179
GSE302495	1588	0.939599518546887	0.9688593027191695
GSE302495	1589	0.8426523689681584	0.9146080760095012
GSE302495	1590	0.8855454644928329	0.9392989786443825
GSE302495	1591	0.866068497647445	0.9282279817051718
GSE302495	1592	0.9367545683335157	0.9673446327683616
GSE302495	1593	0.8932049458365248	0.9435903363772974
GSE302495	1594	0.9212167633220265	0.95899305160041
GSE302495	1595	0.8949556844293687	0.9445663471532509
GSE302495	1596	0.9468213152423679	0.9726843525179856
GSE302495	1597	0.8669438669438669	0.9287305122494433
GSE302495	1598	0.9297516139621402	0.9635971875708778
GSE302495	1599	0.8776671408250356	0.9348484848484849
GSE302495	1600	0.9350038297406719	0.9664103144085049
GSE302495	1601	0.8352117299485721	0.9102074886715956
GSE302495	1602	0.8925484188642083	0.9432238667900092
GSE302495	1603	0.9380676222781485	0.9680442637759711
GSE302495	1604	0.7894736842105263	0.8823529411764706
GSE302495	1605	0.9444140496772075	0.9714124929656724
GSE302495	1606	0.8785425101214575	0.9353448275862069
GSE302495	1607	0.8625670204617573	0.9262131359417225
GSE302495	1608	0.8647554437028121	0.9274733012557212
GSE302495	1609	0.926468979100558	0.9618311939111667
GSE302495	1610	0.9606083816610133	0.9799084719276706
GSE302495	1611	0.8341175183280446	0.9095573320606133
GSE302495	1612	0.7881606302658934	0.8815322481948354
GSE302495	1613	0.8078564394353868	0.8937174676189322
GSE302495	1614	0.8848889375205164	0.9389295251364217
GSE302495	1615	0.8822628296312507	0.9374491338216486
GSE302495	1616	0.8984571616150564	0.9465129682997118
GSE302495	1617	0.9166210745158113	0.9564969171043617
GSE302495	1618	0.8120144435933909	0.8962560386473429
GSE302495	1619	0.8748221906116643	0.9332321699544766
GSE302495	1620	0.8927672611883138	0.9433460515666552
GSE302495	1621	0.9131195973301236	0.9545870510180736
GSE302495	1622	0.8669438669438669	0.9287305122494433
GSE302495	1623	0.9503227924280556	0.9745287253141832
GSE302495	1624	0.8560017507385929	0.9224148095743426
GSE302495	1625	0.91377612430244	0.95494568324757
GSE302495	1626	0.9131195973301236	0.9545870510180736
GSE302495	1627	0.9205602363497101	0.958637192342753
GSE302495	1628	0.9481343691870008	0.9733767692653337
GSE302495	1629	0.8956122114016851	0.9449318864003694
GSE302495	1630	0.9492285808075281	0.9739530706186146
GSE302495	1631	0.9588576430681693	0.978996760138532
GSE302495	1632	0.8844512528723055	0.9386830797816745
GSE302495	1633	0.7411095305832148	0.8513071895424836
GSE302495	1634	0.9181529707845497	0.9573302909298346
GSE302495	1635	0.8991136885873728	0.9468771606360914
GSE302495	1636	0.9168399168399168	0.9566160520607375
GSE302495	1637	0.9067731699310647	0.9511075404567888
GSE302495	1638	0.8067622278148594	0.893047480620155
GSE302495	1639	0.9424444687602582	0.9703695358269491
GSE302495	1640	0.9441952073531021	0.9712967131922557
GSE302495	1641	0.9334719334719335	0.9655913978494624
GSE302495	1642	0.9100558047926469	0.952910174152154
GSE302495	1643	0.8802932487143014	0.9363361266294228
GSE302495	1644	0.9190283400809717	0.9578059071729957
GSE302495	1645	0.8951745267534741	0.9446882217090069
GSE302495	1646	0.8481234270707955	0.9178211959739492
GSE302495	1647	0.9104934894408578	0.9531500572737686
GSE302495	1648	0.8739468213152424	0.9327338549573747
GSE302495	1649	0.9026151657730606	0.9488152749022315
GSE302495	1650	0.9266878214246635	0.9619491140390731
GSE302495	1651	0.9286574023416129	0.9630091909678884
GSE302495	1652	0.9255936098041361	0.9613592453687918
GSE302495	1653	0.853813327497538	0.9211427222287805
GSE302495	1654	0.908742750848014	0.9521898647099288
GSE302495	1655	0.9118065433854907	0.9538690476190476
GSE302495	1656	0.8794178794178794	0.9358407079646017
GSE302495	1657	0.932815406499617	0.965240036231884
GSE302495	1658	0.8286464602254076	0.9062948779320249
GSE302495	1659	0.9435386803807857	0.9709492174304696
GSE302495	1660	0.878761352445563	0.9354688410017473
GSE302495	1661	0.9159645475434949	0.9561393489434609
GSE302495	1662	0.9439763650289966	0.9711809073511202
GSE302495	1663	0.933690775796039	0.9657084653689453
GSE302495	1664	0.9566692198271146	0.9778548260820938
GSE302495	1665	0.8678192362402889	0.9292325717633274
GSE302495	1666	0.9393806762227815	0.9687429474159331
GSE302495	1667	0.9157457052193895	0.9560201050948138
GSE302495	1668	0.9271255060728745	0.9621848739495799
GSE302495	1669	0.8312725681146734	0.9078632887189293
GSE302495	1670	0.921873290294343	0.9593486677294466
GSE302495	1671	0.8984571616150564	0.9465129682997118
GSE302495	1672	0.8503118503118503	0.9191011235955057
GSE302495	1673	0.8912353649195754	0.9424901643138163
GSE302495	1674	0.9584199584199584	0.9787685774946921
GSE302495	1675	0.9089615931721194	0.9523099850968703
GSE302495	1676	0.9225298172666594	0.9597040409789414
GSE302495	1677	0.9100558047926469	0.952910174152154
GSE302495	1678	0.9021774811248495	0.9485734008283478
GSE302495	1679	0.9185906554327607	0.9575681533021558
GSE302495	1680	0.9509793194003721	0.9748738081884464
GSE302495	1681	0.9345661450924608	0.9661764705882352
GSE302495	1682	0.902834008097166	0.948936170212766
GSE302495	1683	0.9411314148156253	0.9696730552423901
GSE302495	1684	0.9306269832585622	0.9640671049648605
GSE302495	1685	0.8566582777109093	0.9227958510136728
GSE302495	1686	0.9122442280337018	0.9541084916456856
GSE302495	1687	0.8450596345333188	0.9160241964179813
GSE302495	1688	0.9533865849655323	0.9761371274927179
GSE302495	1689	0.9293139293139293	0.9633620689655172
GSE302495	1690	0.9120253857095962	0.953988783335241
GSE302495	1691	0.8676003939161834	0.9291071010077337
GSE302495	1692	0.945070576649524	0.9717596759675967
GSE302495	1693	0.938724149250465	0.9683937238966023
GSE302495	1694	0.8612539665171244	0.9254556143445032
GSE302495	1695	0.9076485392274866	0.9515888493747848
GSE302495	1696	0.9262501367764525	0.9617132469893206
GSE302495	1697	0.915526862895284	0.9559008339997715
GSE302495	1698	0.9166210745158113	0.9564969171043617
GSE302495	1699	0.9428821534084691	0.9706014868213562
GSE302495	1700	0.9225298172666594	0.9597040409789414
GSE302495	1701	0.9360980413611992	0.9669944613993444
GSE302495	1702	0.9310646679067732	0.9643019038984588
GSE302495	1703	0.896925265346318	0.9456622058144901
GSE302495	1704	0.8726337673706095	0.9319855089400491
GSE302495	1705	0.9052412736623263	0.9502641856191133
GSE302495	1706	0.9457271036218404	0.9721066246766393
GSE302495	1707	0.9067731699310647	0.9511075404567888
GSE302495	1708	0.8789801947696685	0.9355928255299325
GSE302495	1709	0.9380676222781485	0.9680442637759711
GSE302495	1710	0.8866396761133604	0.9399141630901288
GSE302495	1711	0.8732902943429259	0.9323598130841122
GSE302495	1712	0.9402560455192034	0.969208211143695
GSE302495	1713	0.8890469416785206	0.9412650602409639
GSE302495	1714	0.9339096181201444	0.9658255063935726
GSE302495	1715	0.878323667797352	0.9352207852732145
GSE302495	1716	0.9115877010613853	0.9537492844876932
GSE302495	1717	0.889703468650837	0.94163288940359
GSE302495	1718	0.9131195973301236	0.9545870510180736
GSE302495	1719	0.8916730495677864	0.9427348449791764
GSE302495	1720	0.9227486595907649	0.9598224447985431
GSE302495	1721	0.9466024729182624	0.9725688589094997
GSE302495	1722	0.9196848670532881	0.9581623347013224
GSE302495	1723	0.9533865849655323	0.9761371274927179
GSE302495	1724	0.9045847466900099	0.949902332529013
GSE302495	1725	0.8938614728088412	0.943956551883522
GSE302495	1726	0.8746033482875588	0.9331076348353957
GSE302495	1727	0.8496553233395339	0.9187174633222905
GSE302495	1728	0.9431009957325747	0.9707174231332357
GSE302495	1729	0.8949556844293687	0.9445663471532509
GSE302495	1730	0.902396323448955	0.948694351777292
GSE302495	1731	0.9220921326184484	0.9594671524536035
GSE302495	1732	0.9393806762227815	0.9687429474159331
GSE302495	1733	0.902396323448955	0.948694351777292
GSE302495	1734	0.9339096181201444	0.9658255063935726
GSE302495	1735	0.9234051865630813	0.9601774945955172
GSE302495	1736	0.8249261407156144	0.904065235639765
GSE302495	1737	0.950541634752161	0.9746437787501403
GSE302495	1738	0.9188094977568662	0.9576870437956204
GSE302495	1739	0.8465915308020571	0.9169234415738327
GSE302495	1740	0.9325965641755115	0.9651228626429623
GSE302495	1741	0.8395885764306817	0.9128003806804663
GSE302495	1742	0.9244993981836087	0.9607687059358654
GSE302495	1743	0.9288762446657184	0.9631268436578171
GSE302495	1744	0.9072108545792756	0.9513482501434308
GSE302495	1745	0.8927672611883138	0.9433460515666552
GSE302495	1746	0.8452784768574242	0.9161527514231499
GSE302495	1747	0.9111500164131743	0.9535096759418298
GSE302495	1748	0.9045847466900099	0.949902332529013
GSE302495	1749	0.8971441076704234	0.9457838274310763
GSE302495	1750	0.9385053069263596	0.9682772634906299
GSE302495	1751	0.920122551701499	0.9583998176430363
GSE302495	1752	0.8781048254732465	0.9350967140526684
GSE302495	1753	0.9139949666265456	0.9550651726503544
GSE302495	1754	0.9325965641755115	0.9651228626429623
GSE302495	1755	0.8586278586278586	0.9239373601789709
GSE302495	1756	0.8967064230222125	0.9455405561324565
GSE302495	1757	0.9043659043659044	0.9497816593886463
GSE302495	1758	0.9299704562862458	0.9637147068828665
GSE302495	1759	0.9078673815515921	0.9517091075934847
GSE302495	1760	0.8177043440201335	0.8997110522513845
GSE302495	1761	0.938724149250465	0.9683937238966023
GSE302495	1762	0.8763540868804026	0.9341031024026126
GSE302495	1763	0.8732902943429259	0.9323598130841122
GSE302495	1764	0.9350038297406719	0.9664103144085049
GSE302495	1765	0.8951745267534741	0.9446882217090069
GSE302495	1766	0.8899223109749426	0.9417554423344141
GSE302495	1767	0.8503118503118503	0.9191011235955057
GSE302495	1768	0.9052412736623263	0.9502641856191133
GSE302495	1769	0.8951745267534741	0.9446882217090069
GSE302495	1770	0.9161833898676004	0.956258565555048
GSE302495	1771	0.9129007550060182	0.9544674522365862
GSE302495	1772	0.9030528504212715	0.9490570377184914
GSE302495	1773	0.9354415143888828	0.966644052464948
GSE302495	1774	0.8700076594813437	0.9304856641310708
GSE302495	1775	0.9122442280337018	0.9541084916456856
GSE302495	1776	0.8531568005252216	0.920760510155881
GSE302495	1777	0.9498851077798446	0.9742985409652075
GSE302495	1778	0.9636721741984899	0.9815000557227237
GSE302495	1779	0.9459459459459459	0.9722222222222222
GSE302495	1780	0.8756975599080862	0.933730019834325
GSE302495	1781	0.9148703359229675	0.9555428571428571
GSE302495	1782	0.9199037093773936	0.9582810897070557
GSE302495	1783	0.8654119706751285	0.9278507742843735
GSE302495	1784	0.9072108545792756	0.9513482501434308
GSE302495	1785	0.8997702155596893	0.9472411012556157
GSE302495	1786	0.9411314148156253	0.9696730552423901
GSE302495	1787	0.859722070248386	0.9245704871734526
GSE302495	1788	0.8883904147062042	0.9408969753157955
GSE302495	1789	0.9527300579932159	0.9757928947663341
GSE302495	1790	0.9234051865630813	0.9601774945955172
GSE302495	1791	0.9205602363497101	0.958637192342753
GSE302495	1792	0.8551263814421709	0.9219063347882505
GSE302495	1793	0.8809497756866178	0.9367073880162885
GSE302495	1794	0.896925265346318	0.9456622058144901
GSE302495	1795	0.8907976802713645	0.9422453703703704
GSE302495	1796	0.8406827880512091	0.9134466769706336
GSE302495	1797	0.9363168836853047	0.967111211573237
GSE302495	1798	0.9069920122551701	0.9512279091117742
GSE302495	1799	0.9111500164131743	0.9535096759418298
GSE302495	1800	0.9476966845387897	0.9731460674157303
GSE302495	1801	0.9111500164131743	0.9535096759418298
GSE302495	1802	0.8945179997811576	0.9443225135728313
GSE302495	1803	0.9323777218514061	0.9650056625141563
GSE302495	1804	0.9483532115111063	0.973492081320903
GSE302495	1805	0.9417879417879418	0.9700214132762313
GSE302495	1806	0.8816063026589342	0.9370783903233311
GSE302495	1807	0.9181529707845497	0.9573302909298346
GSE302495	1808	0.9301892986103513	0.9638321995464852
GSE302495	1809	0.9284385600175074	0.9628915115751248
GSE302495	1810	0.9194660247291826	0.9580435526165774
GSE302495	1811	0.915526862895284	0.9559008339997715
GSE302495	1812	0.8586278586278586	0.9239373601789709
GSE302495	1813	0.8912353649195754	0.9424901643138163
GSE302495	1814	0.9494474231316337	0.9740682532555007
GSE302495	1815	0.9470401575664733	0.9727998201641003
GSE302495	1816	0.945070576649524	0.9717596759675967
GSE302495	1817	0.9135572819783346	0.9548261665141812
GSE302495	1818	0.9183718131086552	0.957449235683322
GSE302495	1819	0.8063245431666485	0.8927792585413132
GSE302495	1820	0.9404748878433089	0.9693244614864103
GSE302495	1821	0.92734434839698	0.9623027137504259
GSE302495	1822	0.9444140496772075	0.9714124929656724
GSE302495	1823	0.9424444687602582	0.9703695358269491
GSE302495	1824	0.9196848670532881	0.9581623347013224
GSE302495	1825	0.8875150454097822	0.9404057971014492
GSE302495	1826	0.9188094977568662	0.9576870437956204
GSE302495	1827	0.9479155268628953	0.973261431299854
GSE302495	1828	0.9177152861363388	0.9570923199817414
GSE302495	1829	0.9013021118284276	0.9480893186003683
GSE302495	1830	0.9188094977568662	0.9576870437956204
GSE302495	1831	0.9179341284604442	0.9572113190324052
GSE302495	1832	0.9093992778203305	0.9525501432664757
GSE302495	1833	0.9124630703578072	0.9542281725597894
GSE302495	1834	0.9382864646022541	0.9681607767867223
GSE302495	1835	0.9253747674800307	0.9612411911798135
GSE302495	1836	0.9008644271802166	0.9478471102924246
GSE302495	1837	0.9411314148156253	0.9696730552423901
GSE302495	1838	0.9459459459459459	0.9722222222222222
GSE302495	1839	0.9483532115111063	0.973492081320903
GSE302495	1840	0.921873290294343	0.9593486677294466
GSE302495	1841	0.9118065433854907	0.9538690476190476
GSE302495	1842	0.957763431447642	0.9784261122289292
GSE302495	1843	0.8975817923186344	0.9460269865067467
GSE302495	1844	0.8951745267534741	0.9446882217090069
GSE302495	1845	0.9181529707845497	0.9573302909298346
GSE302495	1846	0.9056789583105372	0.9505052824988517
GSE302495	1847	0.885107779844622	0.9390527048990017
GSE302495	1848	0.9052412736623263	0.9502641856191133
GSE302495	1849	0.9249370828318196	0.9610050022737608
GSE302495	1850	0.9606083816610133	0.9799084719276706
GSE302495	1851	0.9341284604442499	0.9659425209323377
GSE302495	1852	0.9341284604442499	0.9659425209323377
GSE302495	1853	0.9627968049020681	0.981045824506634
GSE302495	1854	0.9067731699310647	0.9511075404567888
GSE302495	1855	0.9115877010613853	0.9537492844876932
GSE302495	1856	0.8962687383740016	0.9452971725331795
GSE302495	1857	0.8540321698216435	0.9212700661000944
GSE302495	1858	0.920997920997921	0.9588744588744589
GSE302495	1859	0.8903599956231535	0.9420004630701552
GSE302495	1860	0.9369734106576212	0.9674613038074793
GSE302495	1861	0.8739468213152424	0.9327338549573747
GSE302495	1862	0.9551373235583762	0.9770539511976718
GSE302495	1863	0.9667359667359667	0.9830866807610994
GSE302495	1864	0.8818251449830398	0.9372020002325852
GSE302495	1865	0.9417879417879418	0.9700214132762313
GSE302495	1866	0.9584199584199584	0.9787685774946921
GSE302495	1867	0.9177152861363388	0.9570923199817414
GSE302495	1868	0.9571069044753255	0.9780834171978083
GSE302495	1869	0.9238428712112923	0.960414059833921
GSE302495	1870	0.9017397964766386	0.9483314154200231
GSE302495	1871	0.9220921326184484	0.9594671524536035
GSE302495	1872	0.9470401575664733	0.9727998201641003
GSE302495	1873	0.9284385600175074	0.9628915115751248
GSE302495	1874	0.9446328920013131	0.971528246680171
GSE302495	1875	0.9374110953058321	0.9676945668135095
GSE302495	1876	0.9260312944523471	0.9615952732644019
GSE302495	1877	0.9490097384834227	0.9738378621154279
GSE302495	1878	0.9571069044753255	0.9780834171978083
GSE302495	1879	0.8940803151329467	0.9440785673021376
GSE302495	1880	0.8912353649195754	0.9424901643138163
GSE302495	1881	0.9249370828318196	0.9610050022737608
GSE302495	1882	0.940037203195098	0.9690919345741682
GSE302495	1883	0.8212058212058212	0.9018264840182649
GSE302495	1884	0.9266878214246635	0.9619491140390731
GSE302495	1885	0.9319400372031951	0.9647711826008155
GSE302495	1886	0.8901411532990481	0.9418779668866505
GSE302495	1887	0.8695699748331327	0.9302352803464825
GSE302495	1888	0.9258124521282416	0.9614772727272727
GSE302495	1889	0.8824816719553562	0.9375726575215068
GSE302495	1890	0.8525002735529051	0.9203780271707028
GSE302495	1891	0.89780063464274	0.94614852398524
GSE302495	1892	0.8881715723820987	0.9407742234585071
GSE302495	1893	0.9619214356056461	0.9805911879531513
GSE302495	1894	0.945508261297735	0.9719910011248594
GSE302495	1895	0.8774482985009301	0.9347243268446207
GSE302495	1896	0.8881715723820987	0.9407742234585071
GSE302495	1897	0.9120253857095962	0.953988783335241
GSE302495	1898	0.9365357260094103	0.9672279353599277
GSE302495	1899	0.9380676222781485	0.9680442637759711
GSE302495	1900	0.9496662654557392	0.9741834100347962
GSE302495	1901	0.9107123317649634	0.9532699576222655
GSE302495	1902	0.8494364810154283	0.9185895160336055
GSE302495	1903	0.8684757632126053	0.9296088076832982
GSE302495	1904	0.9161833898676004	0.956258565555048
GSE302495	1905	0.9157457052193895	0.9560201050948138
GSE302495	1906	0.9076485392274866	0.9515888493747848
GSE302495	1907	0.9139949666265456	0.9550651726503544
GSE302495	1908	0.7704344020133493	0.8703337453646477
GSE302495	1909	0.9093992778203305	0.9525501432664757
GSE302495	1910	0.9457271036218404	0.9721066246766393
GSE302495	1911	0.866506182295656	0.928479305897526
GSE302495	1912	0.9330342488237225	0.9653571832899355
GSE302495	1913	0.9297516139621402	0.9635971875708778
GSE302495	1914	0.9374110953058321	0.9676945668135095
GSE302495	1915	0.8855454644928329	0.9392989786443825
GSE302495	1916	0.891454207243681	0.9426125188013422
GSE302495	1917	0.8923295765401028	0.9431016537527466
GSE302495	1918	0.8842324105482	0.9385598141695702
GSE302495	1919	0.9485720538352117	0.973607367475292
GSE302495	1920	0.8492176386913229	0.9184615384615386
GSE302495	1921	0.8958310537257905	0.9450536765554658
GSE302495	1922	0.9111500164131743	0.9535096759418298
GSE302495	1923	0.9487908961593172	0.9737226277372263
GSE302495	1924	0.9275631907210855	0.9624205267938238
GSE302495	1925	0.9120253857095962	0.953988783335241
GSE302495	1926	0.8511872196082723	0.9196122473105568
GSE302495	1927	0.8986760039391618	0.9466343937298294
GSE302495	1928	0.914651493598862	0.9554234769687965
GSE302495	1929	0.9019586388007441	0.9484524220457945
GSE302495	1930	0.8312725681146734	0.9078632887189293
GSE302495	1931	0.9299704562862458	0.9637147068828665
GSE302495	1932	0.9244993981836087	0.9607687059358654
GSE302495	1933	0.9280008753692964	0.9626560726447219
GSE302495	1934	0.9308458255826677	0.964184517737731
GSE302495	1935	0.8932049458365248	0.9435903363772974
GSE302495	1936	0.9061166429587483	0.9507462686567164
GSE302495	1937	0.8877338877338877	0.9405286343612336
GSE302495	1938	0.8938614728088412	0.943956551883522
GSE302495	1939	0.9199037093773936	0.9582810897070557
GSE302495	1940	0.8962687383740016	0.9452971725331795
GSE302495	1941	0.9542619542619543	0.9765957446808511
GSE302495	1942	0.9045847466900099	0.949902332529013
GSE302495	1943	0.8128898128898129	0.896788990825688
GSE302495	1944	0.9050224313382208	0.9501435956346926
GSE302495	1945	0.9144326512747566	0.9553040695016004
GSE302495	1946	0.8844512528723055	0.9386830797816745
GSE302495	1947	0.9284385600175074	0.9628915115751248
GSE302495	1948	0.8820439873071452	0.9373255813953487
GSE302495	1949	0.8645366013787067	0.9273474178403757
GSE302495	1950	0.8844512528723055	0.9386830797816745
GSE302495	1951	0.8128898128898129	0.896788990825688
GSE302495	1952	0.9356603567129883	0.9667608818541549
GSE302495	1953	0.9107123317649634	0.9532699576222655
GSE302495	1954	0.8984571616150564	0.9465129682997118
GSE302495	1955	0.914651493598862	0.9554234769687965
GSE302495	1956	0.9072108545792756	0.9513482501434308
GSE302495	1957	0.9501039501039501	0.9744136460554371
GSE302495	1958	0.8903599956231535	0.9420004630701552
GSE302495	1959	0.8859831491410439	0.9395451380830819
GSE302495	1960	0.9089615931721194	0.9523099850968703
GSE302495	1961	0.9341284604442499	0.9659425209323377
GSE302495	1962	0.9280008753692964	0.9626560726447219
GSE302495	1963	0.8774482985009301	0.9347243268446207
GSE302495	1964	0.8881715723820987	0.9407742234585071
GSE302495	1965	0.9034905350694824	0.9492986893538744
GSE302495	1966	0.8557829084144873	0.9222877358490567
GSE302495	1967	0.9341284604442499	0.9659425209323377
GSE302495	1968	0.938724149250465	0.9683937238966023
GSE302495	1969	0.9297516139621402	0.9635971875708778
GSE302495	1970	0.9076485392274866	0.9515888493747848
GSE302495	1971	0.8807309333625123	0.936583663020712
GSE302495	1972	0.9509793194003721	0.9748738081884464
GSE302495	1973	0.8991136885873728	0.9468771606360914
GSE302495	1974	0.8336798336798337	0.909297052154195
GSE302495	1975	0.9002079002079002	0.9474835886214442
GSE302495	1976	0.950541634752161	0.9746437787501403
GSE302495	1977	0.9269066637487691	0.9620670073821692
GSE302495	1978	0.8809497756866178	0.9367073880162885
GSE302495	1979	0.8927672611883138	0.9433460515666552
GSE302495	1980	0.9188094977568662	0.9576870437956204
GSE302495	1981	0.9290950869898238	0.9632444696539988
GSE302495	1982	0.9129007550060182	0.9544674522365862
GSE302495	1983	0.8785425101214575	0.9353448275862069
GSE302495	1984	0.9122442280337018	0.9541084916456856
GSE302495	1985	0.9050224313382208	0.9501435956346926
GSE302495	1986	0.9503227924280556	0.9745287253141832
GSE302495	1987	0.9299704562862458	0.9637147068828665
GSE302495	1988	0.8923295765401028	0.9431016537527466
GSE302495	1989	0.9459459459459459	0.9722222222222222
GSE302495	1990	0.8824816719553562	0.9375726575215068
GSE302495	1991	0.7920997920997921	0.8839907192575406
GSE302495	1992	0.8903599956231535	0.9420004630701552
GSE302495	1993	0.9161833898676004	0.956258565555048
GSE302495	1994	0.9363168836853047	0.967111211573237
GSE302495	1995	0.8750410329357697	0.9333566760037348
GSE302495	1996	0.8586278586278586	0.9239373601789709
GSE302495	1997	0.9507604770762665	0.9747588063719991
GSE302495	1998	0.8750410329357697	0.9333566760037348
GSE302495	1999	0.8702265018054491	0.930610812075825
GSE302495	2000	0.9374110953058321	0.9676945668135095
GSE302495	2001	0.8999890578837947	0.9473623589034784
GSE302495	2002	0.8441842652368968	0.9155096712946482
GSE302495	2003	0.908305066199803	0.9519495412844037
GSE302495	2004	0.9280008753692964	0.9626560726447219
GSE302495	2005	0.8822628296312507	0.9374491338216486
GSE302495	2006	0.91377612430244	0.95494568324757
GSE302495	2007	0.9295327716380348	0.9634796416014517
GSE302495	2008	0.8636612320822847	0.9268435885392203
GSE302495	2009	0.9229675019148703	0.9599408216683737
GSE302495	2010	0.9188094977568662	0.9576870437956204
GSE302495	2011	0.9457271036218404	0.9721066246766393
GSE302495	2012	0.9199037093773936	0.9582810897070557
GSE302495	2013	0.8923295765401028	0.9431016537527466
GSE302495	2014	0.9069920122551701	0.9512279091117742
GSE302495	2015	0.9529489003173214	0.9759076647243389
GSE302495	2016	0.9069920122551701	0.9512279091117742
GSE302495	2017	0.8640989167304957	0.927095562338577
GSE302495	2018	0.9002079002079002	0.9474835886214442
GSE302495	2019	0.9380676222781485	0.9680442637759711
GSE302495	2020	0.8503118503118503	0.9191011235955057
GSE302495	2021	0.9546996389101652	0.9768248992386923
GSE302495	2022	0.9089615931721194	0.9523099850968703
GSE302495	2023	0.9188094977568662	0.9576870437956204
GSE302495	2024	0.909180435496225	0.9524300779458964
GSE302495	2025	0.920997920997921	0.9588744588744589
GSE302495	2026	0.9507604770762665	0.9747588063719991
GSE302495	2027	0.9207790786738155	0.9587558391249857
GSE302495	2028	0.8117956012692855	0.896122720135282
GSE302495	2029	0.9229675019148703	0.9599408216683737
GSE302495	2030	0.9056789583105372	0.9505052824988517
GSE302495	2031	0.9334719334719335	0.9655913978494624
GSE302495	2032	0.9286574023416129	0.9630091909678884
GSE302495	2033	0.8831381989276726	0.9379430563625799
GSE302495	2034	0.9601706970128022	0.9796806966618287
GSE302495	2035	0.8816063026589342	0.9370783903233311
GSE302495	2036	0.9249370828318196	0.9610050022737608
GSE302495	2037	0.8225188751504541	0.9026176753121998
GSE302495	2038	0.9065543276069592	0.9509871441689624
GSE302495	2039	0.9006455848561111	0.9477259643062752
GSE302495	2040	0.9220921326184484	0.9594671524536035
GSE302495	2041	0.9229675019148703	0.9599408216683737
GSE302495	2042	0.896925265346318	0.9456622058144901
GSE302495	2043	0.9363168836853047	0.967111211573237
GSE302495	2044	0.9122442280337018	0.9541084916456856
GSE302495	2045	0.9490097384834227	0.9738378621154279
GSE302495	2046	0.9194660247291826	0.9580435526165774
GSE302495	2047	0.8645366013787067	0.9273474178403757
GSE302495	2048	0.8903599956231535	0.9420004630701552
GSE302495	2049	0.8949556844293687	0.9445663471532509
GSE302495	2050	0.9139949666265456	0.9550651726503544
GSE302495	2051	0.9459459459459459	0.9722222222222222
GSE302495	2052	0.9288762446657184	0.9631268436578171
GSE302495	2053	0.9142138089506511	0.9551846347319081
GSE302495	2054	0.939161833898676	0.9686265658503554
GSE302495	2055	0.9054601159864317	0.9503847479039853
GSE302495	2056	0.9457271036218404	0.9721066246766393
GSE302495	2057	0.8258015100120363	0.904590674817212
GSE302495	2058	0.9435386803807857	0.9709492174304696
GSE302495	2059	0.885107779844622	0.9390527048990017
GSE302495	2060	0.9293139293139293	0.9633620689655172
GSE302495	2061	0.8827005142794616	0.9376961525049402
GSE302495	2062	0.9553561658824816	0.9771684387241186
GSE302495	2063	0.9571069044753255	0.9780834171978083
GSE302495	2064	0.8975817923186344	0.9460269865067467
GSE302495	2065	0.8967064230222125	0.9455405561324565
GSE302495	2066	0.9310646679067732	0.9643019038984588
GSE302495	2067	0.9293139293139293	0.9633620689655172
GSE302495	2068	0.9360980413611992	0.9669944613993444
GSE302495	2069	0.9050224313382208	0.9501435956346926
GSE302495	2070	0.9509793194003721	0.9748738081884464
GSE302495	2071	0.9266878214246635	0.9619491140390731
GSE302495	2072	0.9253747674800307	0.9612411911798135
GSE302495	2073	0.8684757632126053	0.9296088076832982
GSE302495	2074	0.8879527300579932	0.9406514431436189
GSE302495	2075	0.9301892986103513	0.9638321995464852
GSE302495	2076	0.8772294561768246	0.9346001398927489
GSE302495	2077	0.9312835102308786	0.9644192634560907
GSE302495	2078	0.8726337673706095	0.9319855089400491
GSE302495	2079	0.9159645475434949	0.9561393489434609
GSE302495	2080	0.9472589998905788	0.9729152618565969
GSE302495	2081	0.9166210745158113	0.9564969171043617
GSE302495	2082	0.8711018711018711	0.9311111111111111
GSE302495	2083	0.9487908961593172	0.9737226277372263
GSE302495	2084	0.891454207243681	0.9426125188013422
GSE302495	2085	0.8877338877338877	0.9405286343612336
GSE302495	2086	0.9382864646022541	0.9681607767867223
GSE302495	2087	0.9354415143888828	0.966644052464948
GSE302495	2088	0.8982383192909509	0.9463915148720313
GSE302495	2089	0.908742750848014	0.9521898647099288
GSE302495	2090	0.8789801947696685	0.9355928255299325
GSE302495	2091	0.9277820330451909	0.9625383130888864
GSE302495	2092	0.9393806762227815	0.9687429474159331
GSE302495	2093	0.8577524893314367	0.9234303215926493
GSE302495	2094	0.8991136885873728	0.9468771606360914
GSE302495	2095	0.8133274975380238	0.8970552739560704
GSE302495	2096	0.8704453441295547	0.9307359307359306
GSE302495	2097	0.9069920122551701	0.9512279091117742
GSE302495	2098	0.9034905350694824	0.9492986893538744
GSE302495	2099	0.9240617135353978	0.9605323020928116
GSE302495	2100	0.8886092570303097	0.9410196987253766
GSE302495	2101	0.9494474231316337	0.9740682532555007
GSE302495	2102	0.8829193566035671	0.9378196187819619
GSE302495	2103	0.89780063464274	0.94614852398524
GSE302495	2104	0.9571069044753255	0.9780834171978083
GSE302495	2105	0.9153080205711784	0.9557815356489945
GSE302495	2106	0.9236240288871868	0.9602957906712173
GSE302495	2107	0.9266878214246635	0.9619491140390731
GSE302495	2108	0.9196848670532881	0.9581623347013224
GSE302495	2109	0.9048035890141153	0.9500229779411764
GSE302495	2110	0.8743845059634533	0.9329830706363105
GSE302495	2111	0.9181529707845497	0.9573302909298346
GSE302495	2112	0.9511981617244775	0.974988784208165
GSE302495	2113	0.9367545683335157	0.9673446327683616
GSE302495	2114	0.9102746471167524	0.9530301294535457
GSE302495	2115	0.8962687383740016	0.9452971725331795
GSE302495	2116	0.9371922529817267	0.9675779484862178
GSE302495	2117	0.9126819126819127	0.9543478260869565
GSE302495	2118	0.8702265018054491	0.930610812075825
GSE302495	2119	0.9389429915745705	0.9685101580135441
GSE302495	2120	0.9255936098041361	0.9613592453687918
GSE302495	2121	0.9345661450924608	0.9661764705882352
GSE302495	2122	0.8831381989276726	0.9379430563625799
GSE302495	2123	0.9238428712112923	0.960414059833921
GSE302495	2124	0.945070576649524	0.9717596759675967
GSE302495	2125	0.9369734106576212	0.9674613038074793
GSE302495	2126	0.9234051865630813	0.9601774945955172
GSE302495	2127	0.928219717693402	0.9627738054704347
GSE302495	2128	0.9479155268628953	0.973261431299854
GSE302495	2129	0.9013021118284276	0.9480893186003683
GSE302495	2130	0.9308458255826677	0.964184517737731
GSE302495	2131	0.9194660247291826	0.9580435526165774
GSE302495	2132	0.9074296969033812	0.9514685635612666
GSE302495	2133	0.9194660247291826	0.9580435526165774
GSE302495	2134	0.8676003939161834	0.9291071010077337
GSE302495	2135	0.9356603567129883	0.9667608818541549
GSE302495	2136	0.9168399168399168	0.9566160520607375
GSE302495	2137	0.9297516139621402	0.9635971875708778
GSE302495	2138	0.8807309333625123	0.936583663020712
GSE302495	2139	0.9085239085239085	0.9520697167755992
GSE302495	2140	0.8415581573476311	0.9139631610219846
GSE302495	2141	0.9026151657730606	0.9488152749022315
GSE302495	2142	0.9483532115111063	0.973492081320903
GSE302495	2143	0.9045847466900099	0.949902332529013
GSE302495	2144	0.8647554437028121	0.9274733012557212
GSE302495	2145	0.8505306926359558	0.919228949858089
GSE302495	2146	0.8901411532990481	0.9418779668866505
GSE302495	2147	0.8934237881606303	0.943712436430883
GSE302495	2148	0.9354415143888828	0.966644052464948
GSE302495	2149	0.8752598752598753	0.9334811529933481
GSE302495	2150	0.9409125724915198	0.9695568835268914
GSE302495	2151	0.9325965641755115	0.9651228626429623
GSE302495	2152	0.8942991574570522	0.9442005545286507
GSE302495	2153	0.829740671845935	0.9069489295538812
GSE302495	2154	0.9056789583105372	0.9505052824988517
GSE302495	2155	0.9277820330451909	0.9625383130888864
GSE302495	2156	0.9286574023416129	0.9630091909678884
GSE302495	2157	0.8984571616150564	0.9465129682997118
GSE302495	2158	0.9043659043659044	0.9497816593886463
GSE302495	2159	0.9551373235583762	0.9770539511976718
GSE302495	2160	0.9089615931721194	0.9523099850968703
GSE302495	2161	0.9122442280337018	0.9541084916456856
GSE302495	2162	0.9501039501039501	0.9744136460554371
GSE302495	2163	0.9269066637487691	0.9620670073821692
GSE302495	2164	0.9360980413611992	0.9669944613993444
GSE302495	2165	0.9030528504212715	0.9490570377184914
GSE302495	2166	0.9330342488237225	0.9653571832899355
GSE302495	2167	0.9118065433854907	0.9538690476190476
GSE302495	2168	0.9177152861363388	0.9570923199817414
GSE302495	2169	0.9139949666265456	0.9550651726503544
GSE302495	2170	0.9135572819783346	0.9548261665141812
GSE302495	2171	0.8798555640660903	0.9360884749708963
GSE302495	2172	0.8827005142794616	0.9376961525049402
GSE302495	2173	0.8892657840026261	0.9413876983667323
GSE302495	2174	0.9522923733450049	0.9755632776594552
GSE302495	2175	0.8984571616150564	0.9465129682997118
GSE302495	2176	0.8761352445562972	0.933978770558731
GSE302495	2177	0.8995513732355838	0.9471198156682028
GSE302495	2178	0.9531677426414269	0.9760224089635855
GSE302495	2179	0.8993325309114782	0.946998502131582
GSE302495	2180	0.8835758835758836	0.9381898454746137
GSE302495	2181	0.9194660247291826	0.9580435526165774
GSE302495	2182	0.9452894189736295	0.9718753515581056
GSE302495	2183	0.9286574023416129	0.9630091909678884
GSE302495	2184	0.9034905350694824	0.9492986893538744
GSE302495	2185	0.9546996389101652	0.9768248992386923
GSE302495	2186	0.9461647882700515	0.9723377937703812
GSE302495	2187	0.8837947258999891	0.9383131970260223
GSE302495	2188	0.9382864646022541	0.9681607767867223
GSE302495	2189	0.8921107342159974	0.9429794124450612
GSE302495	2190	0.8932049458365248	0.9435903363772974
GSE302495	2191	0.8575336470073313	0.9233034872761545
GSE302495	2192	0.9290950869898238	0.9632444696539988
GSE302495	2193	0.8877338877338877	0.9405286343612336
GSE302495	2194	0.9299704562862458	0.9637147068828665
GSE302495	2195	0.9420067841120473	0.9701374802794681
GSE302495	2196	0.9269066637487691	0.9620670073821692
GSE302495	2197	0.9157457052193895	0.9560201050948138
GSE302495	2198	0.9417879417879418	0.9700214132762313
GSE302495	2199	0.9080862238756976	0.951829338226861
GSE302495	2200	0.8824816719553562	0.9375726575215068
GSE302495	2201	0.9102746471167524	0.9530301294535457
GSE302495	2202	0.9347849874165663	0.9662934057233344
GSE302495	2203	0.9406937301674144	0.9694406856111862
GSE302495	2204	0.9170587591640224	0.9567351598173517
GSE302495	2205	0.8870773607615713	0.9401600371100545
GSE302495	2206	0.798883904147062	0.8881995133819951
GSE302495	2207	0.9238428712112923	0.960414059833921
GSE302495	2208	0.9411314148156253	0.9696730552423901
GSE302495	2209	0.9610460663092242	0.9801361455194733
GSE302495	2210	0.9008644271802166	0.9478471102924246
GSE302495	2211	0.9063354852828537	0.9508667202387785
GSE302495	2212	0.8717583980741875	0.9314860282941657
GSE302495	2213	0.9345661450924608	0.9661764705882352
GSE302495	2214	0.9360980413611992	0.9669944613993444
GSE302495	2215	0.9312835102308786	0.9644192634560907
GSE302495	2216	0.9317211948790897	0.9646539027982327
GSE302495	2217	0.8380566801619433	0.9118942731277533
GSE302495	2218	0.8934237881606303	0.943712436430883
GSE302495	2219	0.8927672611883138	0.9433460515666552
GSE302495	2220	0.9439763650289966	0.9711809073511202
GSE302495	2221	0.9037093773935879	0.9494194735027014
GSE302495	2222	0.9124630703578072	0.9542281725597894
GSE302495	2223	0.8956122114016851	0.9449318864003694
GSE302495	2224	0.896487580698107	0.9454188783752596
GSE302495	2225	0.8883904147062042	0.9408969753157955
GSE302495	2226	0.8465915308020571	0.9169234415738327
GSE302495	2227	0.8507495349600612	0.9193567458909779
GSE302495	2228	0.8770106138527192	0.9344759239827446
GSE302495	2229	0.945508261297735	0.9719910011248594
GSE302495	2230	0.8691322901849218	0.9299847792998478
GSE302495	2231	0.9192471824050772	0.9579247434435576
GSE302495	2232	0.9026151657730606	0.9488152749022315
GSE302495	2233	0.9529489003173214	0.9759076647243389
GSE302495	2234	0.9249370828318196	0.9610050022737608
GSE302495	2235	0.871539555750082	0.9313610851262862
GSE302495	2236	0.9538242696137433	0.9763664874551972
GSE302495	2237	0.9214356056461319	0.9591116173120728
GSE302495	2238	0.9058978006346428	0.9506257894132507
GSE302495	2239	0.9435386803807857	0.9709492174304696
GSE302495	2240	0.902834008097166	0.948936170212766
GSE302495	2241	0.9196848670532881	0.9581623347013224
GSE302495	2242	0.9227486595907649	0.9598224447985431
GSE302495	2243	0.9142138089506511	0.9551846347319081
GSE302495	2244	0.9378487799540431	0.9679277244494636
GSE302495	2245	0.9115877010613853	0.9537492844876932
GSE302495	2246	0.859722070248386	0.9245704871734526
GSE302495	2247	0.9312835102308786	0.9644192634560907
GSE302495	2248	0.9043659043659044	0.9497816593886463
GSE302495	2249	0.8647554437028121	0.9274733012557212
GSE302495	2250	0.9444140496772075	0.9714124929656724
GSE302495	2251	0.8916730495677864	0.9427348449791764
GSE302495	2252	0.9069920122551701	0.9512279091117742
GSE302495	2253	0.878761352445563	0.9354688410017473
GSE302495	2254	0.9157457052193895	0.9560201050948138
GSE302495	2255	0.915089178247073	0.955662210033139
GSE302495	2256	0.9406937301674144	0.9694406856111862
GSE302495	2257	0.9448517343254186	0.9716439743445482
GSE302495	2258	0.9352226720647774	0.9665271966527197
GSE302495	2259	0.9638910165225955	0.9816135502562959
GSE302495	2260	0.9301892986103513	0.9638321995464852
GSE302495	2261	0.938724149250465	0.9683937238966023
GSE302495	2262	0.9571069044753255	0.9780834171978083
GSE302495	2263	0.9216544479702374	0.9592301560186767
GSE302495	2264	0.8925484188642083	0.9432238667900092
GSE302495	2265	0.9135572819783346	0.9548261665141812
GSE302495	2266	0.9074296969033812	0.9514685635612666
GSE302495	2267	0.8126709705657074	0.8966558010382711
GSE302495	2268	0.9126819126819127	0.9543478260869565
GSE302495	2269	0.920122551701499	0.9583998176430363
GSE302495	2270	0.8711018711018711	0.9311111111111111
GSE302495	2271	0.9437575227048911	0.9710650754334609
GSE302495	2272	0.8958310537257905	0.9450536765554658
GSE302495	2273	0.945508261297735	0.9719910011248594
GSE302495	2274	0.914651493598862	0.9554234769687965
GSE302495	2275	0.9161833898676004	0.956258565555048
GSE302495	2276	0.9168399168399168	0.9566160520607375
GSE302495	2277	0.8358682569208885	0.9105972106329717
GSE302495	2278	0.8621293358135463	0.925960747443883
GSE302495	2279	0.89780063464274	0.94614852398524
GSE302495	2280	0.9280008753692964	0.9626560726447219
GSE302495	2281	0.9104934894408578	0.9531500572737686
GSE302495	2282	0.9126819126819127	0.9543478260869565
GSE302495	2283	0.9159645475434949	0.9561393489434609
GSE302495	2284	0.8967064230222125	0.9455405561324565
GSE302495	2285	0.9553561658824816	0.9771684387241186
GSE302495	2286	0.950541634752161	0.9746437787501403
GSE302495	2287	0.8816063026589342	0.9370783903233311
GSE302495	2288	0.896487580698107	0.9454188783752596
GSE302495	2289	0.8942991574570522	0.9442005545286507
GSE302495	2290	0.883357041251778	0.9380664652567975
GSE302495	2291	0.9470401575664733	0.9727998201641003
GSE302495	2292	0.8647554437028121	0.9274733012557212
GSE302495	2293	0.8916730495677864	0.9427348449791764
GSE302495	2294	0.9428821534084691	0.9706014868213562
GSE302495	2295	0.9662982820877558	0.9828603227601558
GSE302495	2296	0.8553452237662764	0.9220334984666195
GSE302495	2297	0.8590655432760695	0.924190700412007
GSE302495	2298	0.9367545683335157	0.9673446327683616
GSE302495	2299	0.9104934894408578	0.9531500572737686
GSE302495	2300	0.8756975599080862	0.933730019834325
GSE302495	2301	0.932815406499617	0.965240036231884
GSE302495	2302	0.830178356494146	0.9072103312208538
GSE302495	2303	0.9251559251559252	0.9611231101511879
GSE302495	2304	0.9179341284604442	0.9572113190324052
GSE302495	2305	0.8822628296312507	0.9374491338216486
GSE302495	2306	0.9133384396542291	0.9547066224408098
GSE302495	2307	0.9376299376299376	0.9678111587982833
GSE302495	2308	0.9249370828318196	0.9610050022737608
GSE302495	2309	0.8794178794178794	0.9358407079646017
GSE302495	2310	0.8999890578837947	0.9473623589034784
GSE302495	2311	0.9269066637487691	0.9620670073821692
GSE302495	2312	0.8881715723820987	0.9407742234585071
GSE302495	2313	0.877885983149141	0.9349726139144622
GSE302495	2314	0.9441952073531021	0.9712967131922557
GSE302495	2315	0.9039282197176934	0.9495402298850575
GSE302495	2316	0.9325965641755115	0.9651228626429623
GSE302495	2317	0.9271255060728745	0.9621848739495799
GSE302495	2318	0.9139949666265456	0.9550651726503544
GSE302495	2319	0.9393806762227815	0.9687429474159331
GSE302495	2320	0.9037093773935879	0.9494194735027014
GSE302495	2321	0.9319400372031951	0.9647711826008155
GSE302495	2322	0.883357041251778	0.9380664652567975
GSE302495	2323	0.9227486595907649	0.9598224447985431
GSE302495	2324	0.896487580698107	0.9454188783752596
GSE302495	2325	0.896049896049896	0.9451754385964912
GSE302495	2326	0.9546996389101652	0.9768248992386923
GSE302495	2327	0.9452894189736295	0.9718753515581056
GSE302495	2328	0.9039282197176934	0.9495402298850575
GSE302495	2329	0.8402451034029982	0.9131882506837913
GSE302495	2330	0.9096181201444359	0.9526701810680724
GSE302495	2331	0.9153080205711784	0.9557815356489945
GSE302495	2332	0.9527300579932159	0.9757928947663341
GSE302495	2333	0.9172776014881278	0.9568542403835179
GSE302495	2334	0.9231863442389758	0.9600591715976331
GSE302495	2335	0.8949556844293687	0.9445663471532509
GSE302495	2336	0.9085239085239085	0.9520697167755992
GSE302495	2337	0.8949556844293687	0.9445663471532509
GSE302495	2338	0.8717583980741875	0.9314860282941657
GSE302495	2339	0.9378487799540431	0.9679277244494636
GSE302495	2340	0.9295327716380348	0.9634796416014517
GSE302495	2341	0.8203304519093992	0.9012983890358259
GSE302495	2342	0.9238428712112923	0.960414059833921
GSE302495	2343	0.8829193566035671	0.9378196187819619
GSE302495	2344	0.8921107342159974	0.9429794124450612
GSE302495	2345	0.866506182295656	0.928479305897526
GSE302495	2346	0.9367545683335157	0.9673446327683616
GSE302495	2347	0.92734434839698	0.9623027137504259
GSE302495	2348	0.8866396761133604	0.9399141630901288
GSE302495	2349	0.9437575227048911	0.9710650754334609
GSE302495	2350	0.9124630703578072	0.9542281725597894
GSE302495	2351	0.915526862895284	0.9559008339997715
GSE302495	2352	0.9021774811248495	0.9485734008283478
GSE302495	2353	0.8901411532990481	0.9418779668866505
GSE302495	2354	0.9288762446657184	0.9631268436578171
GSE302495	2355	0.8566582777109093	0.9227958510136728
GSE302495	2356	0.9492285808075281	0.9739530706186146
GSE302495	2357	0.903271692745377	0.9491778774289985
GSE302495	2358	0.8890469416785206	0.9412650602409639
GSE302495	2359	0.9345661450924608	0.9661764705882352
GSE302495	2360	0.9196848670532881	0.9581623347013224
GSE302495	2361	0.9422256264361527	0.9702535211267604
GSE302495	2362	0.9244993981836087	0.9607687059358654
GSE302495	2363	0.8942991574570522	0.9442005545286507
GSE302495	2364	0.9522923733450049	0.9755632776594552
GSE302495	2365	0.9498851077798446	0.9742985409652075
GSE302495	2366	0.8746033482875588	0.9331076348353957
GSE302495	2367	0.9347849874165663	0.9662934057233344
GSE302495	2368	0.8859831491410439	0.9395451380830819
GSE302495	2369	0.9474778422146843	0.9730306776042252
GSE302495	2370	0.9304081409344567	0.963949665570797
GSE302495	2371	0.9153080205711784	0.9557815356489945
GSE302495	2372	0.8872962030856768	0.9402829313543599
GSE302495	2373	0.8975817923186344	0.9460269865067467
GSE302495	2374	0.9183718131086552	0.957449235683322
GSE302495	2375	0.9582011160958529	0.9786544479213233
GSE302495	2376	0.9107123317649634	0.9532699576222655
GSE302495	2377	0.89780063464274	0.94614852398524
GSE302495	2378	0.8636612320822847	0.9268435885392203
GSE302495	2379	0.8746033482875588	0.9331076348353957
GSE302495	2380	0.8290841448736186	0.9065565924862408
GSE302495	2381	0.9365357260094103	0.9672279353599277
GSE302495	2382	0.9188094977568662	0.9576870437956204
GSE302495	2383	0.9002079002079002	0.9474835886214442
GSE302495	2384	0.8995513732355838	0.9471198156682028
GSE302495	2385	0.9424444687602582	0.9703695358269491
GSE302495	2386	0.8638800744063901	0.9269695902313021
GSE302495	2387	0.9177152861363388	0.9570923199817414
GSE302495	2388	0.8916730495677864	0.9427348449791764
GSE302495	2389	0.8540321698216435	0.9212700661000944
GSE302495	2390	0.889703468650837	0.94163288940359
GSE302495	2391	0.9406937301674144	0.9694406856111862
GSE302495	2392	0.8800744063901959	0.9362123152135957
GSE302495	2393	0.9382864646022541	0.9681607767867223
GSE302495	2394	0.9183718131086552	0.957449235683322
GSE302495	2395	0.8374001531896269	0.9115054787994283
GSE302495	2396	0.8940803151329467	0.9440785673021376
GSE302495	2397	0.9021774811248495	0.9485734008283478
GSE302495	2398	0.9236240288871868	0.9602957906712173
GSE302495	2399	0.9367545683335157	0.9673446327683616
GSE302495	2400	0.8711018711018711	0.9311111111111111
GSE302495	2401	0.8916730495677864	0.9427348449791764
GSE302495	2402	0.9185906554327607	0.9575681533021558
GSE302495	2403	0.9433198380566802	0.9708333333333333
GSE302495	2404	0.8332421490316227	0.9090366479646651
GSE302495	2405	0.908742750848014	0.9521898647099288
GSE302495	2406	0.8395885764306817	0.9128003806804663
GSE302495	2407	0.8949556844293687	0.9445663471532509
GSE302495	2408	0.9323777218514061	0.9650056625141563
GSE302495	2409	0.9214356056461319	0.9591116173120728
GSE302495	2410	0.9461647882700515	0.9723377937703812
GSE302495	2411	0.9481343691870008	0.9733767692653337
GSE302495	2412	0.9461647882700515	0.9723377937703812
GSE302495	2413	0.8984571616150564	0.9465129682997118
GSE302495	2414	0.9286574023416129	0.9630091909678884
GSE302495	2415	0.9069920122551701	0.9512279091117742
GSE302495	2416	0.9142138089506511	0.9551846347319081
GSE302495	2417	0.9190283400809717	0.9578059071729957
GSE302495	2418	0.9262501367764525	0.9617132469893206
GSE302495	2419	0.9133384396542291	0.9547066224408098
GSE302495	2420	0.8441842652368968	0.9155096712946482
GSE302495	2421	0.8997702155596893	0.9472411012556157
GSE302495	2422	0.9507604770762665	0.9747588063719991
GSE302495	2423	0.8925484188642083	0.9432238667900092
GSE302495	2424	0.9540431119378487	0.9764811289058125
GSE302495	2425	0.9262501367764525	0.9617132469893206
GSE302495	2426	0.902396323448955	0.948694351777292
GSE302495	2427	0.8667250246197614	0.9286049237983587
GSE302495	2428	0.9131195973301236	0.9545870510180736
GSE302495	2429	0.9345661450924608	0.9661764705882352
GSE302495	2430	0.8813874603348287	0.936954751657555
GSE302495	2431	0.836087099244994	0.9107270560190703
GSE302495	2432	0.968705547652916	0.9841040462427746
GSE302495	2433	0.8638800744063901	0.9269695902313021
GSE302495	2434	0.9240617135353978	0.9605323020928116
GSE302495	2435	0.9549184812342707	0.9769394380387327
GSE302495	2436	0.9207790786738155	0.9587558391249857
GSE302495	2437	0.9061166429587483	0.9507462686567164
GSE302495	2438	0.9214356056461319	0.9591116173120728
GSE302495	2439	0.9404748878433089	0.9693244614864103
GSE302495	2440	0.9617025932815406	0.9804774654172245
GSE302495	2441	0.945508261297735	0.9719910011248594
GSE302495	2442	0.8975817923186344	0.9460269865067467
GSE302495	2443	0.9398183608709925	0.9689756317689531
GSE302495	2444	0.9179341284604442	0.9572113190324052
GSE302495	2445	0.847466900098479	0.9174366263918502
GSE302495	2446	0.9525112156691105	0.9756780990809236
GSE302495	2447	0.9192471824050772	0.9579247434435576
GSE302495	2448	0.9188094977568662	0.9576870437956204
GSE302495	2449	0.915526862895284	0.9559008339997715
GSE302495	2450	0.9122442280337018	0.9541084916456856
GSE302495	2451	0.9098369624685414	0.9527901913601466
GSE302495	2452	0.9177152861363388	0.9570923199817414
GSE302495	2453	0.9288762446657184	0.9631268436578171
GSE302495	2454	0.9236240288871868	0.9602957906712173
GSE302495	2455	0.9093992778203305	0.9525501432664757
GSE302495	2456	0.8862019914651493	0.9396681749622926
GSE302495	2457	0.8551263814421709	0.9219063347882505
GSE302495	2458	0.95688806215122	0.9779691344218296
GSE302495	2459	0.885107779844622	0.9390527048990017
GSE302495	2460	0.8074187547871758	0.8934495701658797
GSE302495	2461	0.9052412736623263	0.9502641856191133
GSE302495	2462	0.8940803151329467	0.9440785673021376
GSE302495	2463	0.9275631907210855	0.9624205267938238
GSE302495	2464	0.9536054272896378	0.9762518203203764
GSE302495	2465	0.9190283400809717	0.9578059071729957
GSE302495	2466	0.8912353649195754	0.9424901643138163
GSE302495	2467	0.9174964438122333	0.956973293768546
GSE302495	2468	0.8759164022321917	0.9338544097060196
GSE302495	2469	0.8910165225954699	0.9423677815067699
GSE302495	2470	0.9347849874165663	0.9662934057233344
GSE302495	2471	0.9122442280337018	0.9541084916456856
GSE302495	2472	0.8859831491410439	0.9395451380830819
GSE302495	2473	0.8813874603348287	0.936954751657555
GSE302495	2474	0.9223109749425539	0.9595856102003644
GSE302495	2475	0.8837947258999891	0.9383131970260223
GSE302495	2476	0.9269066637487691	0.9620670073821692
GSE302495	2477	0.9461647882700515	0.9723377937703812
GSE302495	2478	0.9098369624685414	0.9527901913601466
GSE302495	2479	0.8986760039391618	0.9466343937298294
GSE302495	2480	0.9255936098041361	0.9613592453687918
GSE302495	2481	0.9054601159864317	0.9503847479039853
GSE302495	2482	0.9382864646022541	0.9681607767867223
GSE302495	2483	0.9452894189736295	0.9718753515581056
GSE302495	2484	0.9315023525549841	0.9645365964196692
GSE302495	2485	0.9194660247291826	0.9580435526165774
GSE302495	2486	0.9474778422146843	0.9730306776042252
GSE302495	2487	0.8750410329357697	0.9333566760037348
GSE302495	2488	0.9168399168399168	0.9566160520607375
GSE302495	2489	0.9406937301674144	0.9694406856111862
GSE302495	2490	0.9334719334719335	0.9655913978494624
GSE302495	2491	0.8925484188642083	0.9432238667900092
GSE302495	2492	0.8848889375205164	0.9389295251364217
GSE302495	2493	0.9352226720647774	0.9665271966527197
GSE302495	2494	0.9050224313382208	0.9501435956346926
GSE302495	2495	0.9402560455192034	0.969208211143695
GSE302495	2496	0.9227486595907649	0.9598224447985431
GSE302495	2497	0.8514060619323777	0.919739952718676
GSE302495	2498	0.8450596345333188	0.9160241964179813
GSE302495	2499	0.9555750082065871	0.9772829006266787
GSE302495	2500	0.939599518546887	0.9688593027191695
GSE302495	2501	0.9290950869898238	0.9632444696539988
GSE302495	2502	0.902834008097166	0.948936170212766
GSE302495	2503	0.9100558047926469	0.952910174152154
GSE302495	2504	0.8739468213152424	0.9327338549573747
GSE302495	2505	0.9170587591640224	0.9567351598173517
GSE302495	2506	0.8730714520188204	0.9322350741909101
GSE302495	2507	0.8936426304847358	0.9438345082630302
GSE302495	2508	0.9334719334719335	0.9655913978494624
GSE302495	2509	0.8575336470073313	0.9233034872761545
GSE302495	2510	0.9341284604442499	0.9659425209323377
GSE302495	2511	0.7750300908195645	0.873258537788189
GSE302495	2512	0.9039282197176934	0.9495402298850575
GSE302495	2513	0.939161833898676	0.9686265658503554
GSE302495	2514	0.8654119706751285	0.9278507742843735
GSE302495	2515	0.9277820330451909	0.9625383130888864
GSE302495	2516	0.8813874603348287	0.936954751657555
GSE302495	2517	0.8706641864536602	0.9308610201216659
GSE302495	2518	0.8695699748331327	0.9302352803464825
GSE302495	2519	0.8150782361308677	0.8981191222570533
GSE302495	2520	0.9452894189736295	0.9718753515581056
GSE302495	2521	0.9560126928547981	0.9775117475945402
GSE302495	2522	0.9181529707845497	0.9573302909298346
GSE302495	2523	0.8741656636393479	0.9328584773470341
GSE302495	2524	0.9402560455192034	0.969208211143695
GSE302495	2525	0.9546996389101652	0.9768248992386923
GSE302495	2526	0.8752598752598753	0.9334811529933481
GSE302495	2527	0.9006455848561111	0.9477259643062752
GSE302495	2528	0.9006455848561111	0.9477259643062752
GSE302495	2529	0.9457271036218404	0.9721066246766393
GSE302495	2530	0.920997920997921	0.9588744588744589
GSE302495	2531	0.8866396761133604	0.9399141630901288
GSE302495	2532	0.8367436262173105	0.9111164065292506
GSE302495	2533	0.9498851077798446	0.9742985409652075
GSE302495	2534	0.8781048254732465	0.9350967140526684
GSE302495	2535	0.9199037093773936	0.9582810897070557
GSE302495	2536	0.9435386803807857	0.9709492174304696
GSE302495	2537	0.836087099244994	0.9107270560190703
GSE302495	2538	0.9367545683335157	0.9673446327683616
GSE302495	2539	0.902396323448955	0.948694351777292
GSE302495	2540	0.8789801947696685	0.9355928255299325
GSE302495	2541	0.9393806762227815	0.9687429474159331
GSE302495	2542	0.9179341284604442	0.9572113190324052
GSE302495	2543	0.9102746471167524	0.9530301294535457
GSE302495	2544	0.8667250246197614	0.9286049237983587
GSE302495	2545	0.8883904147062042	0.9408969753157955
GSE302495	2546	0.95688806215122	0.9779691344218296
GSE302495	2547	0.8605974395448079	0.9250764525993883
GSE302495	2548	0.8752598752598753	0.9334811529933481
GSE302495	2549	0.8487799540431119	0.9182054924242423
GSE302495	2550	0.9223109749425539	0.9595856102003644
GSE302495	2551	0.9266878214246635	0.9619491140390731
GSE302495	2552	0.9433198380566802	0.9708333333333333
GSE302495	2553	0.9350038297406719	0.9664103144085049
GSE302495	2554	0.8308348834664624	0.9076021993784364
GSE302495	2555	0.9441952073531021	0.9712967131922557
GSE302495	2556	0.8737279789911369	0.9326092034571363
GSE302495	2557	0.9350038297406719	0.9664103144085049
GSE302495	2558	0.8638800744063901	0.9269695902313021
GSE302495	2559	0.9269066637487691	0.9620670073821692
GSE302495	2560	0.940037203195098	0.9690919345741682
GSE302495	2561	0.9172776014881278	0.9568542403835179
GSE302495	2562	0.8695699748331327	0.9302352803464825
GSE302495	2563	0.8809497756866178	0.9367073880162885
GSE302495	2564	0.9315023525549841	0.9645365964196692
GSE302495	2565	0.9192471824050772	0.9579247434435576
GSE302495	2566	0.9341284604442499	0.9659425209323377
GSE302495	2567	0.8872962030856768	0.9402829313543599
GSE302495	2568	0.9126819126819127	0.9543478260869565
GSE302495	2569	0.8953933690775796	0.9448100681214641
GSE302495	2570	0.9374110953058321	0.9676945668135095
GSE302495	2571	0.9341284604442499	0.9659425209323377
GSE302495	2572	0.9096181201444359	0.9526701810680724
GSE302495	2573	0.9111500164131743	0.9535096759418298
GSE302495	2574	0.9448517343254186	0.9716439743445482
GSE302495	2575	0.8781048254732465	0.9350967140526684
GSE302495	2576	0.9365357260094103	0.9672279353599277
GSE302495	2577	0.9553561658824816	0.9771684387241186
GSE302495	2578	0.8785425101214575	0.9353448275862069
GSE302495	2579	0.9277820330451909	0.9625383130888864
GSE302495	2580	0.8525002735529051	0.9203780271707028
GSE302495	2581	0.9120253857095962	0.953988783335241
GSE302495	2582	0.933690775796039	0.9657084653689453
GSE302495	2583	0.823831929095087	0.9034077273818095
GSE302495	2584	0.8794178794178794	0.9358407079646017
GSE302495	2585	0.9531677426414269	0.9760224089635855
GSE302495	2586	0.9048035890141153	0.9500229779411764
GSE302495	2587	0.9424444687602582	0.9703695358269491
GSE302495	2588	0.9111500164131743	0.9535096759418298
GSE302495	2589	0.9538242696137433	0.9763664874551972
GSE302495	2590	0.9522923733450049	0.9755632776594552
GSE302495	2591	0.9054601159864317	0.9503847479039853
GSE302495	2592	0.9424444687602582	0.9703695358269491
GSE302495	2593	0.9269066637487691	0.9620670073821692
GSE302495	2594	0.9426633110843637	0.9704855243888701
GSE302495	2595	0.8859831491410439	0.9395451380830819
GSE302495	2596	0.9402560455192034	0.969208211143695
GSE302495	2597	0.8678192362402889	0.9292325717633274
GSE302495	2598	0.9015209541525331	0.9482103809414202
GSE302495	2599	0.9065543276069592	0.9509871441689624
GSE302495	2600	0.9422256264361527	0.9702535211267604
GSE302495	2601	0.8700076594813437	0.9304856641310708
GSE302495	2602	0.8713207134259766	0.9312361127353526
GSE302495	2603	0.9260312944523471	0.9615952732644019
GSE302495	2604	0.9468213152423679	0.9726843525179856
GSE302495	2605	0.8700076594813437	0.9304856641310708
GSE302495	2606	0.920997920997921	0.9588744588744589
GSE302495	2607	0.8986760039391618	0.9466343937298294
GSE302495	2608	0.9304081409344567	0.963949665570797
GSE302495	2609	0.9334719334719335	0.9655913978494624
GSE302495	2610	0.8634423897581792	0.9267175572519084
GSE302495	2611	0.9135572819783346	0.9548261665141812
GSE302495	2612	0.9212167633220265	0.95899305160041
GSE302495	2613	0.9157457052193895	0.9560201050948138
GSE302495	2614	0.9468213152423679	0.9726843525179856
GSE302495	2615	0.8962687383740016	0.9452971725331795
GSE302495	2616	0.9474778422146843	0.9730306776042252
GSE302495	2617	0.8577524893314367	0.9234303215926493
GSE302495	2618	0.9203413940256046	0.9585185185185184
GSE302495	2619	0.8732902943429259	0.9323598130841122
GSE302495	2620	0.9050224313382208	0.9501435956346926
GSE302495	2621	0.908742750848014	0.9521898647099288
GSE302495	2622	0.9148703359229675	0.9555428571428571
GSE302495	2623	0.9231863442389758	0.9600591715976331
GSE302495	2624	0.8791990370937739	0.9357167811808548
GSE302495	2625	0.8956122114016851	0.9449318864003694
GSE302495	2626	0.9295327716380348	0.9634796416014517
GSE302495	2627	0.9347849874165663	0.9662934057233344
GSE302495	2628	0.8730714520188204	0.9322350741909101
GSE302495	2629	0.896049896049896	0.9451754385964912
GSE302495	2630	0.8999890578837947	0.9473623589034784
GSE302495	2631	0.9553561658824816	0.9771684387241186
GSE302495	2632	0.8831381989276726	0.9379430563625799
GSE302495	2633	0.9382864646022541	0.9681607767867223
GSE302495	2634	0.9398183608709925	0.9689756317689531
GSE302495	2635	0.8030419083050662	0.8907634421653113
GSE302495	2636	0.9249370828318196	0.9610050022737608
GSE302495	2637	0.872414925046504	0.9318606825619449
GSE302495	2638	0.8776671408250356	0.9348484848484849
GSE302495	2639	0.9428821534084691	0.9706014868213562
GSE302495	2640	0.9183718131086552	0.957449235683322
GSE302495	2641	0.9452894189736295	0.9718753515581056
GSE302495	2642	0.9389429915745705	0.9685101580135441
GSE302495	2643	0.8967064230222125	0.9455405561324565
GSE302495	2644	0.9319400372031951	0.9647711826008155
GSE302495	2645	0.9293139293139293	0.9633620689655172
GSE302495	2646	0.9196848670532881	0.9581623347013224
GSE302495	2647	0.9271255060728745	0.9621848739495799
GSE302495	2648	0.8840135682240945	0.938436519921013
GSE302495	2649	0.9385053069263596	0.9682772634906299
GSE302495	2650	0.9161833898676004	0.956258565555048
GSE302495	2651	0.8603785972207025	0.924950005881661
GSE302495	2652	0.8973629499945289	0.9459054209919261
GSE302495	2653	0.9015209541525331	0.9482103809414202
GSE302495	2654	0.9306269832585622	0.9640671049648605
GSE302495	2655	0.9310646679067732	0.9643019038984588
GSE302495	2656	0.9525112156691105	0.9756780990809236
GSE302495	2657	0.9067731699310647	0.9511075404567888
GSE302495	2658	0.9345661450924608	0.9661764705882352
GSE302495	2659	0.9286574023416129	0.9630091909678884
GSE302495	2660	0.8827005142794616	0.9376961525049402
GSE302495	2661	0.9542619542619543	0.9765957446808511
GSE302495	2662	0.8735091366670314	0.9324845228361174
GSE302495	2663	0.9422256264361527	0.9702535211267604
GSE302495	2664	0.8929861035124192	0.9434682080924855
GSE302495	2665	0.9507604770762665	0.9747588063719991
GSE302495	2666	0.9490097384834227	0.9738378621154279
GSE302495	2667	0.9166210745158113	0.9564969171043617
GSE302495	2668	0.9172776014881278	0.9568542403835179
GSE302495	2669	0.8967064230222125	0.9455405561324565
GSE302495	2670	0.9113688587372798	0.9536294939317609
GSE302495	2671	0.8816063026589342	0.9370783903233311
GSE302495	2672	0.8514060619323777	0.919739952718676
GSE302495	2673	0.902396323448955	0.948694351777292
GSE302495	2674	0.885107779844622	0.9390527048990017
GSE302495	2675	0.9452894189736295	0.9718753515581056
GSE302495	2676	0.9374110953058321	0.9676945668135095
GSE302495	2677	0.9286574023416129	0.9630091909678884
GSE302495	2678	0.9135572819783346	0.9548261665141812
GSE302495	2679	0.9623591202538571	0.9808185569309691
GSE302495	2680	0.9660794397636503	0.9827471059661621
GSE302495	2681	0.9144326512747566	0.9553040695016004
GSE302495	2682	0.9516358463726885	0.9752186588921283
GSE302495	2683	0.945070576649524	0.9717596759675967
GSE302495	2684	0.8936426304847358	0.9438345082630302
GSE302495	2685	0.9100558047926469	0.952910174152154
GSE302495	2686	0.9174964438122333	0.956973293768546
GSE302495	2687	0.9076485392274866	0.9515888493747848
GSE302495	2688	0.9269066637487691	0.9620670073821692
GSE302495	2689	0.91377612430244	0.95494568324757
GSE302495	2690	0.9297516139621402	0.9635971875708778
GSE302495	2691	0.9345661450924608	0.9661764705882352
GSE302495	2692	0.9457271036218404	0.9721066246766393
GSE302495	2693	0.9540431119378487	0.9764811289058125
GSE302495	2694	0.8831381989276726	0.9379430563625799
GSE302495	2695	0.9463836305941569	0.9724533393298853
GSE302495	2696	0.8881715723820987	0.9407742234585071
GSE302495	2697	0.9080862238756976	0.951829338226861
GSE302495	2698	0.951417004048583	0.975103734439834
GSE302495	2699	0.9056789583105372	0.9505052824988517
GSE302495	2700	0.9549184812342707	0.9769394380387327
GSE302495	2701	0.9422256264361527	0.9702535211267604
GSE302495	2702	0.854251012145749	0.9213973799126637
GSE302495	2703	0.9286574023416129	0.9630091909678884
GSE302495	2704	0.8697888171572382	0.9303604868913858
GSE302495	2705	0.9236240288871868	0.9602957906712173
GSE302495	2706	0.8945179997811576	0.9443225135728313
GSE302495	2707	0.9271255060728745	0.9621848739495799
GSE302495	2708	0.9220921326184484	0.9594671524536035
GSE302495	2709	0.9159645475434949	0.9561393489434609
GSE302495	2710	0.8689134478608163	0.9298594847775176
GSE302495	2711	0.9089615931721194	0.9523099850968703
GSE302495	2712	0.9470401575664733	0.9727998201641003
GSE302495	2713	0.8669438669438669	0.9287305122494433
GSE302495	2714	0.9286574023416129	0.9630091909678884
GSE302495	2715	0.9369734106576212	0.9674613038074793
GSE302495	2716	0.9096181201444359	0.9526701810680724
GSE302495	2717	0.9494474231316337	0.9740682532555007
GSE302495	2718	0.891454207243681	0.9426125188013422
GSE302495	2719	0.9019586388007441	0.9484524220457945
GSE302495	2720	0.9435386803807857	0.9709492174304696
GSE302495	2721	0.9417879417879418	0.9700214132762313
GSE302495	2722	0.9185906554327607	0.9575681533021558
GSE302495	2723	0.8988948462632673	0.9467557911720641
GSE302495	2724	0.902396323448955	0.948694351777292
GSE302495	2725	0.9107123317649634	0.9532699576222655
GSE302495	2726	0.8625670204617573	0.9262131359417225
GSE302495	2727	0.9093992778203305	0.9525501432664757
GSE302495	2728	0.8988948462632673	0.9467557911720641
GSE302495	2729	0.8883904147062042	0.9408969753157955
GSE302495	2730	0.9056789583105372	0.9505052824988517
GSE302495	2731	0.8496553233395339	0.9187174633222905
GSE302495	2732	0.8971441076704234	0.9457838274310763
GSE302495	2733	0.9104934894408578	0.9531500572737686
GSE302495	2734	0.9214356056461319	0.9591116173120728
GSE302495	2735	0.9063354852828537	0.9508667202387785
GSE302495	2736	0.9118065433854907	0.9538690476190476
GSE302495	2737	0.9220921326184484	0.9594671524536035
GSE302495	2738	0.8890469416785206	0.9412650602409639
GSE302495	2739	0.9216544479702374	0.9592301560186767
GSE302495	2740	0.8774482985009301	0.9347243268446207
GSE302495	2741	0.9437575227048911	0.9710650754334609
GSE302495	2742	0.9212167633220265	0.95899305160041
GSE302495	2743	0.9354415143888828	0.966644052464948
GSE302495	2744	0.896925265346318	0.9456622058144901
GSE302495	2745	0.8956122114016851	0.9449318864003694
GSE302495	2746	0.9433198380566802	0.9708333333333333
GSE302495	2747	0.9269066637487691	0.9620670073821692
GSE302495	2748	0.9080862238756976	0.951829338226861
GSE302495	2749	0.8662873399715505	0.9283536585365854
GSE302495	2750	0.8945179997811576	0.9443225135728313
GSE302495	2751	0.9452894189736295	0.9718753515581056
GSE302495	2752	0.8953933690775796	0.9448100681214641
GSE302495	2753	0.9470401575664733	0.9727998201641003
GSE302495	2754	0.8759164022321917	0.9338544097060196
GSE302495	2755	0.9406937301674144	0.9694406856111862
GSE302495	2756	0.951417004048583	0.975103734439834
GSE302495	2757	0.9231863442389758	0.9600591715976331
GSE302495	2758	0.8999890578837947	0.9473623589034784
GSE302495	2759	0.8117956012692855	0.896122720135282
GSE302495	2760	0.9426633110843637	0.9704855243888701
GSE302495	2761	0.932815406499617	0.965240036231884
GSE302495	2762	0.9111500164131743	0.9535096759418298
GSE302495	2763	0.9496662654557392	0.9741834100347962
GSE302495	2764	0.9260312944523471	0.9615952732644019
GSE302495	2765	0.9093992778203305	0.9525501432664757
GSE302495	2766	0.9315023525549841	0.9645365964196692
GSE302495	2767	0.8374001531896269	0.9115054787994283
GSE302495	2768	0.9269066637487691	0.9620670073821692
GSE302495	2769	0.8958310537257905	0.9450536765554658
GSE302495	2770	0.871539555750082	0.9313610851262862
GSE302495	2771	0.920997920997921	0.9588744588744589
GSE302495	2772	0.889703468650837	0.94163288940359
GSE302495	2773	0.9244993981836087	0.9607687059358654
GSE302495	2774	0.9472589998905788	0.9729152618565969
GSE302495	2775	0.9317211948790897	0.9646539027982327
GSE302495	2776	0.9409125724915198	0.9695568835268914
GSE302495	2777	0.885107779844622	0.9390527048990017
GSE302495	2778	0.9398183608709925	0.9689756317689531
GSE302495	2779	0.8260203523361418	0.9047219558964525
GSE302495	2780	0.9142138089506511	0.9551846347319081
GSE302495	2781	0.9350038297406719	0.9664103144085049
GSE302495	2782	0.9058978006346428	0.9506257894132507
GSE302495	2783	0.9115877010613853	0.9537492844876932
GSE302495	2784	0.8988948462632673	0.9467557911720641
GSE302495	2785	0.9382864646022541	0.9681607767867223
GSE302495	2786	0.9010832695043222	0.9479682283872453
GSE302495	2787	0.9343473027683554	0.9660595089942301
GSE302495	2788	0.9420067841120473	0.9701374802794681
GSE302495	2789	0.8748221906116643	0.9332321699544766
GSE302495	2790	0.9457271036218404	0.9721066246766393
GSE302495	2791	0.896487580698107	0.9454188783752596
GSE302495	2792	0.933253091147828	0.9654743038261262
GSE302495	2793	0.9433198380566802	0.9708333333333333
GSE302495	2794	0.9352226720647774	0.9665271966527197
GSE302495	2795	0.9212167633220265	0.95899305160041
GSE302495	2796	0.8717583980741875	0.9314860282941657
GSE302495	2797	0.9122442280337018	0.9541084916456856
GSE302495	2798	0.883357041251778	0.9380664652567975
GSE302495	2799	0.9415690994638363	0.9699053201082056
GSE302495	2800	0.920122551701499	0.9583998176430363
GSE302495	2801	0.8982383192909509	0.9463915148720313
GSE302495	2802	0.8540321698216435	0.9212700661000944
GSE302495	2803	0.8649742860269176	0.9275991551279043
GSE302495	2804	0.8855454644928329	0.9392989786443825
GSE302495	2805	0.9216544479702374	0.9592301560186767
GSE302495	2806	0.9115877010613853	0.9537492844876932
GSE302495	2807	0.9207790786738155	0.9587558391249857
GSE302495	2808	0.8802932487143014	0.9363361266294228
GSE302495	2809	0.9435386803807857	0.9709492174304696
GSE302495	2810	0.8945179997811576	0.9443225135728313
GSE302495	2811	0.9371922529817267	0.9675779484862178
GSE302495	2812	0.9161833898676004	0.956258565555048
GSE302495	2813	0.9398183608709925	0.9689756317689531
GSE302495	2814	0.945070576649524	0.9717596759675967
GSE302495	2815	0.8890469416785206	0.9412650602409639
GSE302495	2816	0.8415581573476311	0.9139631610219846
GSE302495	2817	0.9019586388007441	0.9484524220457945
GSE302495	2818	0.9223109749425539	0.9595856102003644
GSE302495	2819	0.938724149250465	0.9683937238966023
GSE302495	2820	0.8754787175839808	0.9336056009334889
GSE302495	2821	0.9433198380566802	0.9708333333333333
GSE302495	2822	0.9588576430681693	0.978996760138532
GSE302495	2823	0.9181529707845497	0.9573302909298346
GSE302495	2824	0.9527300579932159	0.9757928947663341
GSE302495	2825	0.9102746471167524	0.9530301294535457
GSE302495	2826	0.896049896049896	0.9451754385964912
GSE302495	2827	0.9284385600175074	0.9628915115751248
GSE302495	2828	0.8932049458365248	0.9435903363772974
GSE302495	2829	0.902834008097166	0.948936170212766
GSE302495	2830	0.9378487799540431	0.9679277244494636
GSE302495	2831	0.9286574023416129	0.9630091909678884
GSE302495	2832	0.9271255060728745	0.9621848739495799
GSE302495	2833	0.9174964438122333	0.956973293768546
GSE302495	2834	0.945070576649524	0.9717596759675967
GSE302495	2835	0.9404748878433089	0.9693244614864103
GSE302495	2836	0.9339096181201444	0.9658255063935726
GSE302495	2837	0.9181529707845497	0.9573302909298346
GSE302495	2838	0.9343473027683554	0.9660595089942301
GSE302495	2839	0.9216544479702374	0.9592301560186767
GSE302495	2840	0.9063354852828537	0.9508667202387785
GSE302495	2841	0.9406937301674144	0.9694406856111862
GSE302495	2842	0.8816063026589342	0.9370783903233311
GSE302495	2843	0.9164022321917059	0.956377754938906
GSE302495	2844	0.9109311740890689	0.9533898305084746
GSE302495	2845	0.8673815515920779	0.928981600843783
GSE302495	2846	0.9341284604442499	0.9659425209323377
GSE302495	2847	0.9275631907210855	0.9624205267938238
GSE302495	2848	0.9468213152423679	0.9726843525179856
GSE302495	2849	0.8640989167304957	0.927095562338577
GSE302495	2850	0.9658605974395448	0.9826338639652678
GSE302495	2851	0.9102746471167524	0.9530301294535457
GSE302495	2852	0.9133384396542291	0.9547066224408098
GSE302495	2853	0.9420067841120473	0.9701374802794681
GSE302495	2854	0.9109311740890689	0.9533898305084746
GSE302495	2855	0.9111500164131743	0.9535096759418298
GSE302495	2856	0.920997920997921	0.9588744588744589
GSE302495	2857	0.9135572819783346	0.9548261665141812
GSE302495	2858	0.9525112156691105	0.9756780990809236
GSE302495	2859	0.9013021118284276	0.9480893186003683
GSE302495	2860	0.891454207243681	0.9426125188013422
GSE302495	2861	0.920122551701499	0.9583998176430363
GSE302495	2862	0.9115877010613853	0.9537492844876932
GSE302495	2863	0.9347849874165663	0.9662934057233344
GSE302495	2864	0.9168399168399168	0.9566160520607375
GSE302495	2865	0.9448517343254186	0.9716439743445482
GSE302495	2866	0.8109202319728636	0.8955891238670696
GSE302495	2867	0.8529379582011161	0.920633045943073
GSE302495	2868	0.9212167633220265	0.95899305160041
GSE302495	2869	0.9026151657730606	0.9488152749022315
GSE302495	2870	0.9404748878433089	0.9693244614864103
GSE302495	2871	0.8789801947696685	0.9355928255299325
GSE302495	2872	0.8704453441295547	0.9307359307359306
GSE302495	2873	0.9126819126819127	0.9543478260869565
GSE302495	2874	0.9135572819783346	0.9548261665141812
GSE302495	2875	0.928219717693402	0.9627738054704347
GSE302495	2876	0.8231754021227705	0.9030128435962068
GSE302495	2877	0.9120253857095962	0.953988783335241
GSE302495	2878	0.9010832695043222	0.9479682283872453
GSE302495	2879	0.9356603567129883	0.9667608818541549
GSE302495	2880	0.8785425101214575	0.9353448275862069
GSE302495	2881	0.9253747674800307	0.9612411911798135
GSE302495	2882	0.890578837947259	0.9421229308947795
GSE302495	2883	0.9623591202538571	0.9808185569309691
GSE302495	2884	0.9356603567129883	0.9667608818541549
GSE302495	2885	0.9441952073531021	0.9712967131922557
GSE302495	2886	0.8809497756866178	0.9367073880162885
GSE302495	2887	0.9352226720647774	0.9665271966527197
GSE302495	2888	0.9247182405077142	0.9608868675383742
GSE302495	2889	0.9343473027683554	0.9660595089942301
GSE302495	2890	0.9157457052193895	0.9560201050948138
GSE302495	2891	0.9037093773935879	0.9494194735027014
GSE302495	2892	0.8872962030856768	0.9402829313543599
GSE302495	2893	0.9275631907210855	0.9624205267938238
GSE302495	2894	0.9034905350694824	0.9492986893538744
GSE302495	2895	0.8568771200350148	0.9229228049499116
GSE302495	2896	0.8800744063901959	0.9362123152135957
GSE302495	2897	0.9096181201444359	0.9526701810680724
GSE302495	2898	0.957763431447642	0.9784261122289292
GSE302495	2899	0.8840135682240945	0.938436519921013
GSE302495	2900	0.9227486595907649	0.9598224447985431
GSE302495	2901	0.9142138089506511	0.9551846347319081
GSE302495	2902	0.9474778422146843	0.9730306776042252
GSE302495	2903	0.8892657840026261	0.9413876983667323
GSE302495	2904	0.9689243899770216	0.9842169612092919
GSE302495	2905	0.903271692745377	0.9491778774289985
GSE302495	2906	0.9247182405077142	0.9608868675383742
GSE302495	2907	0.9310646679067732	0.9643019038984588
GSE302495	2908	0.8923295765401028	0.9431016537527466
GSE302495	2909	0.9347849874165663	0.9662934057233344
GSE302495	2910	0.8555640660903818	0.9221606321500176
GSE302495	2911	0.9100558047926469	0.952910174152154
GSE302495	2912	0.9174964438122333	0.956973293768546
GSE302495	2913	0.9227486595907649	0.9598224447985431
GSE302495	2914	0.9050224313382208	0.9501435956346926
GSE302495	2915	0.8837947258999891	0.9383131970260223
GSE302495	2916	0.9277820330451909	0.9625383130888864
GSE302495	2917	0.9157457052193895	0.9560201050948138
GSE302495	2918	0.89780063464274	0.94614852398524
GSE302495	2919	0.9118065433854907	0.9538690476190476
GSE302495	2920	0.9089615931721194	0.9523099850968703
GSE302495	2921	0.915089178247073	0.955662210033139
GSE302495	2922	0.9188094977568662	0.9576870437956204
GSE302495	2923	0.9205602363497101	0.958637192342753
GSE302495	2924	0.8947368421052632	0.9444444444444444
GSE302495	2925	0.8772294561768246	0.9346001398927489
GSE302495	2926	0.9371922529817267	0.9675779484862178
GSE302495	2927	0.8713207134259766	0.9312361127353526
GSE302495	2928	0.908305066199803	0.9519495412844037
GSE302495	2929	0.9286574023416129	0.9630091909678884
GSE302495	2930	0.9234051865630813	0.9601774945955172
GSE302495	2931	0.8533756428493271	0.9208879442673279
GSE302495	2932	0.9220921326184484	0.9594671524536035
GSE302495	2933	0.9509793194003721	0.9748738081884464
GSE302495	2934	0.9153080205711784	0.9557815356489945
GSE302495	2935	0.8279899332530911	0.9059020711121752
GSE302495	2936	0.9529489003173214	0.9759076647243389
GSE302495	2937	0.9041470620417988	0.949660958510516
GSE302495	2938	0.9538242696137433	0.9763664874551972
GSE302495	2939	0.9015209541525331	0.9482103809414202
GSE302495	2940	0.9054601159864317	0.9503847479039853
GSE302495	2941	0.8951745267534741	0.9446882217090069
GSE302495	2942	0.9089615931721194	0.9523099850968703
GSE302495	2943	0.8735091366670314	0.9324845228361174
GSE302495	2944	0.933253091147828	0.9654743038261262
GSE302495	2945	0.9356603567129883	0.9667608818541549
GSE302495	2946	0.933690775796039	0.9657084653689453
GSE302495	2947	0.9192471824050772	0.9579247434435576
GSE302495	2948	0.8938614728088412	0.943956551883522
GSE302495	2949	0.9258124521282416	0.9614772727272727
GSE302495	2950	0.9194660247291826	0.9580435526165774
GSE302495	2951	0.8557829084144873	0.9222877358490567
GSE302495	2952	0.9352226720647774	0.9665271966527197
GSE302495	2953	0.8656308129992341	0.9279765395894428
GSE302495	2954	0.9216544479702374	0.9592301560186767
GSE302495	2955	0.8975817923186344	0.9460269865067467
GSE302495	2956	0.9161833898676004	0.956258565555048
GSE302495	2957	0.9466024729182624	0.9725688589094997
GSE302495	2958	0.9520735310208994	0.9754484304932736
GSE302495	2959	0.9058978006346428	0.9506257894132507
GSE302495	2960	0.9260312944523471	0.9615952732644019
GSE302495	2961	0.9111500164131743	0.9535096759418298
GSE302495	2962	0.9310646679067732	0.9643019038984588
GSE302495	2963	0.9190283400809717	0.9578059071729957
GSE302495	2964	0.9249370828318196	0.9610050022737608
GSE302495	2965	0.8796367217419849	0.9359646058912563
GSE302495	2966	0.8689134478608163	0.9298594847775176
GSE302495	2967	0.9323777218514061	0.9650056625141563
GSE302495	2968	0.896925265346318	0.9456622058144901
GSE302495	2969	0.8829193566035671	0.9378196187819619
GSE302495	2970	0.964109858846701	0.9817270194986073
GSE302495	2971	0.8358682569208885	0.9105972106329717
GSE302495	2972	0.9325965641755115	0.9651228626429623
GSE302495	2973	0.9030528504212715	0.9490570377184914
GSE302495	2974	0.8899223109749426	0.9417554423344141
GSE302495	2975	0.8529379582011161	0.920633045943073
GSE302495	2976	0.9630156472261735	0.981159420289855
GSE302495	2977	0.9365357260094103	0.9672279353599277
GSE302495	2978	0.9470401575664733	0.9727998201641003
GSE302495	2979	0.8938614728088412	0.943956551883522
GSE302495	2980	0.9472589998905788	0.9729152618565969
GSE302495	2981	0.9107123317649634	0.9532699576222655
GSE302495	2982	0.9229675019148703	0.9599408216683737
GSE302495	2983	0.890578837947259	0.9421229308947795
GSE302495	2984	0.9474778422146843	0.9730306776042252
GSE302495	2985	0.9343473027683554	0.9660595089942301
GSE302495	2986	0.9312835102308786	0.9644192634560907
GSE302495	2987	0.9093992778203305	0.9525501432664757
GSE302495	2988	0.9069920122551701	0.9512279091117742
GSE302495	2989	0.8640989167304957	0.927095562338577
GSE302495	2990	0.9262501367764525	0.9617132469893206
GSE302495	2991	0.9192471824050772	0.9579247434435576
GSE302495	2992	0.9052412736623263	0.9502641856191133
GSE302495	2993	0.9319400372031951	0.9647711826008155
GSE302495	2994	0.9144326512747566	0.9553040695016004
GSE302495	2995	0.9431009957325747	0.9707174231332357
GSE302495	2996	0.9006455848561111	0.9477259643062752
GSE302495	2997	0.8566582777109093	0.9227958510136728
GSE302495	2998	0.9203413940256046	0.9585185185185184
GSE302495	2999	0.9402560455192034	0.969208211143695
GSE302495	3000	0.9494474231316337	0.9740682532555007
GSE302495	3001	0.9360980413611992	0.9669944613993444
GSE302495	3002	0.8855454644928329	0.9392989786443825
GSE302495	3003	0.9216544479702374	0.9592301560186767
GSE302495	3004	0.9389429915745705	0.9685101580135441
GSE302495	3005	0.9017397964766386	0.9483314154200231
GSE302495	3006	0.9297516139621402	0.9635971875708778
GSE302495	3007	0.9441952073531021	0.9712967131922557
GSE302495	3008	0.9037093773935879	0.9494194735027014
GSE302495	3009	0.8080752817594923	0.8938513677075769
GSE302495	3010	0.9546996389101652	0.9768248992386923
GSE302495	3011	0.9317211948790897	0.9646539027982327
GSE302495	3012	0.8925484188642083	0.9432238667900092
GSE302495	3013	0.9330342488237225	0.9653571832899355
GSE302495	3014	0.9363168836853047	0.967111211573237
GSE302495	3015	0.9485720538352117	0.973607367475292
GSE302495	3016	0.9069920122551701	0.9512279091117742
GSE302495	3017	0.8700076594813437	0.9304856641310708
GSE302495	3018	0.8570959623591202	0.9230497289653548
GSE302495	3019	0.9185906554327607	0.9575681533021558
GSE302495	3020	0.9540431119378487	0.9764811289058125
GSE302495	3021	0.9363168836853047	0.967111211573237
GSE302495	3022	0.9310646679067732	0.9643019038984588
GSE302495	3023	0.8837947258999891	0.9383131970260223
GSE302495	3024	0.9431009957325747	0.9707174231332357
GSE302495	3025	0.9385053069263596	0.9682772634906299
GSE302495	3026	0.9437575227048911	0.9710650754334609
GSE302495	3027	0.9205602363497101	0.958637192342753
GSE302495	3028	0.8750410329357697	0.9333566760037348
GSE302495	3029	0.890578837947259	0.9421229308947795
GSE302495	3030	0.9229675019148703	0.9599408216683737
GSE302495	3031	0.940037203195098	0.9690919345741682
GSE302495	3032	0.8739468213152424	0.9327338549573747
GSE302495	3033	0.9194660247291826	0.9580435526165774
GSE302495	3034	0.9446328920013131	0.971528246680171
GSE302495	3035	0.9417879417879418	0.9700214132762313
GSE302495	3036	0.9299704562862458	0.9637147068828665
GSE302495	3037	0.915526862895284	0.9559008339997715
GSE302495	3038	0.9321588795273006	0.9648884358364481
GSE302495	3039	0.9240617135353978	0.9605323020928116
GSE302495	3040	0.8872962030856768	0.9402829313543599
GSE302495	3041	0.9293139293139293	0.9633620689655172
GSE302495	3042	0.9288762446657184	0.9631268436578171
GSE302495	3043	0.9216544479702374	0.9592301560186767
GSE302495	3044	0.9122442280337018	0.9541084916456856
GSE302495	3045	0.9072108545792756	0.9513482501434308
GSE302495	3046	0.9374110953058321	0.9676945668135095
GSE302495	3047	0.9284385600175074	0.9628915115751248
GSE302495	3048	0.8973629499945289	0.9459054209919261
GSE302495	3049	0.9194660247291826	0.9580435526165774
GSE302495	3050	0.9271255060728745	0.9621848739495799
GSE302495	3051	0.8820439873071452	0.9373255813953487
GSE302495	3052	0.9444140496772075	0.9714124929656724
GSE302495	3053	0.8721960827223985	0.9317358270017533
GSE302495	3054	0.8991136885873728	0.9468771606360914
GSE302495	3055	0.9058978006346428	0.9506257894132507
GSE302495	3056	0.9358791990370938	0.9668776848293014
GSE302495	3057	0.9253747674800307	0.9612411911798135
GSE302495	3058	0.9118065433854907	0.9538690476190476
GSE302495	3059	0.9319400372031951	0.9647711826008155
GSE302495	3060	0.9411314148156253	0.9696730552423901
GSE302495	3061	0.8422146843199475	0.9143502019482062
GSE302495	3062	0.8837947258999891	0.9383131970260223
GSE302495	3063	0.8949556844293687	0.9445663471532509
GSE302495	3064	0.9080862238756976	0.951829338226861
GSE302495	3065	0.9251559251559252	0.9611231101511879
GSE302495	3066	0.89780063464274	0.94614852398524
GSE302495	3067	0.8916730495677864	0.9427348449791764
GSE302495	3068	0.902396323448955	0.948694351777292
GSE302495	3069	0.9520735310208994	0.9754484304932736
GSE302495	3070	0.9190283400809717	0.9578059071729957
GSE302495	3071	0.8980194769668454	0.9462700334371037
GSE302495	3072	0.8932049458365248	0.9435903363772974
GSE302495	3073	0.9378487799540431	0.9679277244494636
GSE302495	3074	0.9385053069263596	0.9682772634906299
GSE302495	3075	0.9129007550060182	0.9544674522365862
GSE302495	3076	0.921873290294343	0.9593486677294466
GSE302495	3077	0.8667250246197614	0.9286049237983587
GSE302495	3078	0.9052412736623263	0.9502641856191133
GSE302495	3079	0.8984571616150564	0.9465129682997118
GSE302495	3080	0.8616916511653354	0.9257082402727166
GSE302495	3081	0.9021774811248495	0.9485734008283478
GSE302495	3082	0.920997920997921	0.9588744588744589
GSE302495	3083	0.9321588795273006	0.9648884358364481
GSE302495	3084	0.9293139293139293	0.9633620689655172
GSE302495	3085	0.9034905350694824	0.9492986893538744
GSE302495	3086	0.85468869679396	0.9216519174041298
GSE302495	3087	0.9148703359229675	0.9555428571428571
GSE302495	3088	0.9216544479702374	0.9592301560186767
GSE302495	3089	0.8809497756866178	0.9367073880162885
GSE302495	3090	0.9168399168399168	0.9566160520607375
GSE302495	3091	0.9109311740890689	0.9533898305084746
GSE302495	3092	0.9205602363497101	0.958637192342753
GSE302495	3093	0.8890469416785206	0.9412650602409639
GSE302495	3094	0.8999890578837947	0.9473623589034784
GSE302495	3095	0.9630156472261735	0.981159420289855
GSE302495	3096	0.9021774811248495	0.9485734008283478
GSE302495	3097	0.8962687383740016	0.9452971725331795
GSE302495	3098	0.920997920997921	0.9588744588744589
GSE302495	3099	0.8881715723820987	0.9407742234585071
GSE302495	3100	0.9468213152423679	0.9726843525179856
GSE302495	3101	0.9043659043659044	0.9497816593886463
GSE302495	3102	0.939161833898676	0.9686265658503554
GSE302495	3103	0.9549184812342707	0.9769394380387327
GSE302495	3104	0.9037093773935879	0.9494194735027014
GSE302495	3105	0.8907976802713645	0.9422453703703704
GSE302495	3106	0.9052412736623263	0.9502641856191133
GSE302495	3107	0.9293139293139293	0.9633620689655172
GSE302495	3108	0.8570959623591202	0.9230497289653548
GSE302495	3109	0.8883904147062042	0.9408969753157955
GSE302495	3110	0.9492285808075281	0.9739530706186146
GSE302495	3111	0.9236240288871868	0.9602957906712173
GSE302495	3112	0.9492285808075281	0.9739530706186146
GSE302495	3113	0.9376299376299376	0.9678111587982833
GSE302495	3114	0.9166210745158113	0.9564969171043617
GSE302495	3115	0.9533865849655323	0.9761371274927179
GSE302495	3116	0.908305066199803	0.9519495412844037
GSE302495	3117	0.9236240288871868	0.9602957906712173
GSE302495	3118	0.932815406499617	0.965240036231884
GSE302495	3119	0.8441842652368968	0.9155096712946482
GSE302495	3120	0.9286574023416129	0.9630091909678884
GSE302495	3121	0.8566582777109093	0.9227958510136728
GSE302495	3122	0.756647335594704	0.8614675470287778
GSE302495	3123	0.932815406499617	0.965240036231884
GSE302495	3124	0.9404748878433089	0.9693244614864103
GSE302495	3125	0.9063354852828537	0.9508667202387785
GSE302495	3126	0.9385053069263596	0.9682772634906299
GSE302495	3127	0.9188094977568662	0.9576870437956204
GSE302495	3128	0.939599518546887	0.9688593027191695
GSE302495	3129	0.9065543276069592	0.9509871441689624
GSE302495	3130	0.9269066637487691	0.9620670073821692
GSE302495	3131	0.9588576430681693	0.978996760138532
GSE302495	3132	0.903271692745377	0.9491778774289985
GSE302495	3133	0.9006455848561111	0.9477259643062752
GSE302495	3134	0.9255936098041361	0.9613592453687918
GSE302495	3135	0.9306269832585622	0.9640671049648605
GSE302495	3136	0.9093992778203305	0.9525501432664757
GSE302495	3137	0.9280008753692964	0.9626560726447219
GSE302495	3138	0.9522923733450049	0.9755632776594552
GSE302495	3139	0.8813874603348287	0.936954751657555
GSE302495	3140	0.9404748878433089	0.9693244614864103
GSE302495	3141	0.9306269832585622	0.9640671049648605
GSE302495	3142	0.9424444687602582	0.9703695358269491
GSE302495	3143	0.866068497647445	0.9282279817051718
GSE302495	3144	0.8682569208884998	0.9294834250907813
GSE302495	3145	0.92734434839698	0.9623027137504259
GSE302495	3146	0.8772294561768246	0.9346001398927489
GSE302495	3147	0.920122551701499	0.9583998176430363
GSE302495	3148	0.9078673815515921	0.9517091075934847
GSE302495	3149	0.8813874603348287	0.936954751657555
GSE302495	3150	0.9161833898676004	0.956258565555048
GSE302495	3151	0.9115877010613853	0.9537492844876932
GSE302495	3152	0.9299704562862458	0.9637147068828665
GSE302495	3153	0.8697888171572382	0.9303604868913858
GSE302495	3154	0.8750410329357697	0.9333566760037348
GSE302495	3155	0.9382864646022541	0.9681607767867223
GSE302495	3156	0.9004267425320057	0.9476047904191618
GSE302495	3157	0.9102746471167524	0.9530301294535457
GSE302495	3158	0.8767917715286137	0.9343516791044776
GSE302495	3159	0.885107779844622	0.9390527048990017
GSE302495	3160	0.9540431119378487	0.9764811289058125
GSE302495	3161	0.9595141700404858	0.9793388429752067
GSE302495	3162	0.9325965641755115	0.9651228626429623
GSE302495	3163	0.8807309333625123	0.936583663020712
GSE302495	3164	0.9168399168399168	0.9566160520607375
GSE302495	3165	0.945508261297735	0.9719910011248594
GSE302495	3166	0.9339096181201444	0.9658255063935726
GSE302495	3167	0.9575445891235365	0.9783119060927892
GSE302495	3168	0.9334719334719335	0.9655913978494624
GSE302495	3169	0.9111500164131743	0.9535096759418298
GSE302495	3170	0.9325965641755115	0.9651228626429623
GSE302495	3171	0.9485720538352117	0.973607367475292
GSE302495	3172	0.8824816719553562	0.9375726575215068
GSE302495	3173	0.9052412736623263	0.9502641856191133
GSE302495	3174	0.9244993981836087	0.9607687059358654
GSE302495	3175	0.9404748878433089	0.9693244614864103
GSE302495	3176	0.8829193566035671	0.9378196187819619
GSE302495	3177	0.8437465805886859	0.9152522255192879
GSE302495	3178	0.9139949666265456	0.9550651726503544
GSE302495	3179	0.8669438669438669	0.9287305122494433
GSE302495	3180	0.8870773607615713	0.9401600371100545
GSE302495	3181	0.8942991574570522	0.9442005545286507
GSE302495	3182	0.9592953277163804	0.9792248408354742
GSE302495	3183	0.908742750848014	0.9521898647099288
GSE302495	3184	0.9592953277163804	0.9792248408354742
GSE302495	3185	0.8772294561768246	0.9346001398927489
GSE302495	3186	0.9262501367764525	0.9617132469893206
GSE302495	3187	0.9310646679067732	0.9643019038984588
GSE302495	3188	0.9297516139621402	0.9635971875708778
GSE302495	3189	0.9194660247291826	0.9580435526165774
GSE302495	3190	0.890578837947259	0.9421229308947795
GSE302495	3191	0.9544807965860598	0.9767103347889374
GSE302495	3192	0.8691322901849218	0.9299847792998478
GSE302495	3193	0.8721960827223985	0.9317358270017533
GSE302495	3194	0.9347849874165663	0.9662934057233344
GSE302495	3195	0.8805120910384068	0.9364599092284417
GSE302495	3196	0.89780063464274	0.94614852398524
GSE302495	3197	0.896487580698107	0.9454188783752596
GSE302495	3198	0.9612649086333297	0.9802499442088819
GSE302495	3199	0.8997702155596893	0.9472411012556157
GSE302495	3200	0.9021774811248495	0.9485734008283478
GSE302495	3201	0.8923295765401028	0.9431016537527466
GSE302495	3202	0.8409016303753146	0.9135758440323347
GSE302495	3203	0.9172776014881278	0.9568542403835179
GSE302495	3204	0.9231863442389758	0.9600591715976331
GSE302495	3205	0.9098369624685414	0.9527901913601466
GSE302495	3206	0.8890469416785206	0.9412650602409639
GSE302495	3207	0.9142138089506511	0.9551846347319081
GSE302495	3208	0.9481343691870008	0.9733767692653337
GSE302495	3209	0.95688806215122	0.9779691344218296
GSE302495	3210	0.9069920122551701	0.9512279091117742
GSE302495	3211	0.920997920997921	0.9588744588744589
GSE302495	3212	0.9321588795273006	0.9648884358364481
GSE302495	3213	0.9398183608709925	0.9689756317689531
GSE302495	3214	0.932815406499617	0.965240036231884
GSE302495	3215	0.8468103731261626	0.9170517833866573
GSE302495	3216	0.920997920997921	0.9588744588744589
GSE302495	3217	0.8929861035124192	0.9434682080924855
GSE302495	3218	0.8752598752598753	0.9334811529933481
GSE302495	3219	0.8862019914651493	0.9396681749622926
GSE302495	3220	0.8921107342159974	0.9429794124450612
GSE302495	3221	0.9402560455192034	0.969208211143695
GSE302495	3222	0.8487799540431119	0.9182054924242423
GSE302495	3223	0.872852609694715	0.9321103061462959
GSE302495	3224	0.9562315351789036	0.9776261326770331
GSE302495	3225	0.8936426304847358	0.9438345082630302
GSE302495	3226	0.9004267425320057	0.9476047904191618
GSE302495	3227	0.9159645475434949	0.9561393489434609
GSE302495	3228	0.8746033482875588	0.9331076348353957
GSE302495	3229	0.861035124193019	0.9253292568203199
GSE302495	3230	0.9133384396542291	0.9547066224408098
GSE302495	3231	0.938724149250465	0.9683937238966023
GSE302495	3232	0.8573148046832257	0.9231766230705786
GSE302495	3233	0.8813874603348287	0.936954751657555
GSE302495	3234	0.9437575227048911	0.9710650754334609
GSE302495	3235	0.9185906554327607	0.9575681533021558
GSE302495	3236	0.903271692745377	0.9491778774289985
GSE302495	3237	0.9422256264361527	0.9702535211267604
GSE302495	3238	0.9139949666265456	0.9550651726503544
GSE302495	3239	0.9295327716380348	0.9634796416014517
GSE302495	3240	0.8566582777109093	0.9227958510136728
GSE302495	3241	0.9199037093773936	0.9582810897070557
GSE302495	3242	0.9142138089506511	0.9551846347319081
GSE302495	3243	0.951417004048583	0.975103734439834
GSE302495	3244	0.8837947258999891	0.9383131970260223
GSE302495	3245	0.9142138089506511	0.9551846347319081
GSE302495	3246	0.8929861035124192	0.9434682080924855
GSE302495	3247	0.920122551701499	0.9583998176430363
GSE302495	3248	0.9306269832585622	0.9640671049648605
GSE302495	3249	0.8846700951964109	0.9388063167673013
GSE302495	3250	0.915526862895284	0.9559008339997715
GSE302495	3251	0.9072108545792756	0.9513482501434308
GSE302495	3252	0.8767917715286137	0.9343516791044776
GSE302495	3253	0.9286574023416129	0.9630091909678884
GSE302495	3254	0.9231863442389758	0.9600591715976331
GSE302495	3255	0.8739468213152424	0.9327338549573747
GSE302495	3256	0.9560126928547981	0.9775117475945402
GSE302495	3257	0.8997702155596893	0.9472411012556157
GSE302495	3258	0.9037093773935879	0.9494194735027014
GSE302495	3259	0.9196848670532881	0.9581623347013224
GSE302495	3260	0.9052412736623263	0.9502641856191133
GSE302495	3261	0.8855454644928329	0.9392989786443825
GSE302495	3262	0.9406937301674144	0.9694406856111862
GSE302495	3263	0.9310646679067732	0.9643019038984588
GSE302495	3264	0.9159645475434949	0.9561393489434609
GSE302495	3265	0.8763540868804026	0.9341031024026126
GSE302495	3266	0.9665171244118612	0.9829735143556643
GSE302495	3267	0.9247182405077142	0.9608868675383742
GSE302495	3268	0.9275631907210855	0.9624205267938238
GSE302495	3269	0.8938614728088412	0.943956551883522
GSE302495	3270	0.9315023525549841	0.9645365964196692
GSE302495	3271	0.9352226720647774	0.9665271966527197
GSE302495	3272	0.8465915308020571	0.9169234415738327
GSE302495	3273	0.8912353649195754	0.9424901643138163
GSE302495	3274	0.9048035890141153	0.9500229779411764
GSE302495	3275	0.9234051865630813	0.9601774945955172
GSE302495	3276	0.866068497647445	0.9282279817051718
GSE302495	3277	0.8798555640660903	0.9360884749708963
GSE302495	3278	0.8794178794178794	0.9358407079646017
GSE302495	3279	0.9148703359229675	0.9555428571428571
GSE302495	3280	0.9212167633220265	0.95899305160041
GSE302495	3281	0.9161833898676004	0.956258565555048
GSE302495	3282	0.9466024729182624	0.9725688589094997
GSE302495	3283	0.9111500164131743	0.9535096759418298
GSE302495	3284	0.9192471824050772	0.9579247434435576
GSE302495	3285	0.9494474231316337	0.9740682532555007
GSE302495	3286	0.8827005142794616	0.9376961525049402
GSE302495	3287	0.8415581573476311	0.9139631610219846
GSE302495	3288	0.9255936098041361	0.9613592453687918
GSE302495	3289	0.9310646679067732	0.9643019038984588
GSE302495	3290	0.8921107342159974	0.9429794124450612
GSE302495	3291	0.8942991574570522	0.9442005545286507
GSE302495	3292	0.9188094977568662	0.9576870437956204
GSE302495	3293	0.877885983149141	0.9349726139144622
GSE302495	3294	0.8975817923186344	0.9460269865067467
GSE302495	3295	0.9172776014881278	0.9568542403835179
GSE302495	3296	0.9061166429587483	0.9507462686567164
GSE302495	3297	0.964109858846701	0.9817270194986073
GSE302495	3298	0.9330342488237225	0.9653571832899355
GSE302495	3299	0.9360980413611992	0.9669944613993444
GSE302495	3300	0.9113688587372798	0.9536294939317609
GSE302495	3301	0.8074187547871758	0.8934495701658797
GSE302495	3302	0.9490097384834227	0.9738378621154279
GSE302495	3303	0.891454207243681	0.9426125188013422
GSE302495	3304	0.9034905350694824	0.9492986893538744
GSE302495	3305	0.8934237881606303	0.943712436430883
GSE302495	3306	0.8958310537257905	0.9450536765554658
GSE302495	3307	0.9172776014881278	0.9568542403835179
GSE302495	3308	0.8827005142794616	0.9376961525049402
GSE302495	3309	0.9172776014881278	0.9568542403835179
GSE302495	3310	0.9380676222781485	0.9680442637759711
GSE302495	3311	0.8621293358135463	0.925960747443883
GSE302495	3312	0.8651931283510231	0.9277249794673237
GSE302495	3313	0.9487908961593172	0.9737226277372263
GSE302495	3314	0.9153080205711784	0.9557815356489945
GSE302495	3315	0.8746033482875588	0.9331076348353957
GSE302495	3316	0.8925484188642083	0.9432238667900092
GSE302495	3317	0.9192471824050772	0.9579247434435576
GSE302495	3318	0.928219717693402	0.9627738054704347
GSE302495	3319	0.9459459459459459	0.9722222222222222
GSE302495	3320	0.8654119706751285	0.9278507742843735
GSE302495	3321	0.945070576649524	0.9717596759675967
GSE302495	3322	0.8054491738702265	0.8922424242424243
GSE302495	3323	0.9065543276069592	0.9509871441689624
GSE302495	3324	0.8929861035124192	0.9434682080924855
GSE302495	3325	0.9214356056461319	0.9591116173120728
GSE302495	3326	0.9439763650289966	0.9711809073511202
GSE302495	3327	0.9378487799540431	0.9679277244494636
GSE302495	3328	0.9205602363497101	0.958637192342753
GSE302495	3329	0.9511981617244775	0.974988784208165
GSE302495	3330	0.915089178247073	0.955662210033139
GSE302495	3331	0.9002079002079002	0.9474835886214442
GSE302495	3332	0.8886092570303097	0.9410196987253766
GSE302495	3333	0.8973629499945289	0.9459054209919261
GSE302495	3334	0.9301892986103513	0.9638321995464852
GSE302495	3335	0.908305066199803	0.9519495412844037
GSE302495	3336	0.9017397964766386	0.9483314154200231
GSE302495	3337	0.8951745267534741	0.9446882217090069
GSE302495	3338	0.8862019914651493	0.9396681749622926
GSE302495	3339	0.9034905350694824	0.9492986893538744
GSE302495	3340	0.9238428712112923	0.960414059833921
GSE302495	3341	0.9352226720647774	0.9665271966527197
GSE302495	3342	0.9131195973301236	0.9545870510180736
GSE302495	3343	0.9043659043659044	0.9497816593886463
GSE302495	3344	0.885107779844622	0.9390527048990017
GSE302495	3345	0.9382864646022541	0.9681607767867223
GSE302495	3346	0.8912353649195754	0.9424901643138163
GSE302495	3347	0.9422256264361527	0.9702535211267604
GSE302495	3348	0.945508261297735	0.9719910011248594
GSE302495	3349	0.8822628296312507	0.9374491338216486
GSE302495	3350	0.8796367217419849	0.9359646058912563
GSE302495	3351	0.8934237881606303	0.943712436430883
GSE302495	3352	0.939161833898676	0.9686265658503554
GSE302495	3353	0.9592953277163804	0.9792248408354742
GSE302495	3354	0.9061166429587483	0.9507462686567164
GSE302495	3355	0.8426523689681584	0.9146080760095012
GSE302495	3356	0.9236240288871868	0.9602957906712173
GSE302495	3357	0.9251559251559252	0.9611231101511879
GSE302495	3358	0.8730714520188204	0.9322350741909101
GSE302495	3359	0.9249370828318196	0.9610050022737608
GSE302495	3360	0.9244993981836087	0.9607687059358654
GSE302495	3361	0.8717583980741875	0.9314860282941657
GSE302495	3362	0.9227486595907649	0.9598224447985431
GSE302495	3363	0.9553561658824816	0.9771684387241186
GSE302495	3364	0.9043659043659044	0.9497816593886463
GSE302495	3365	0.9238428712112923	0.960414059833921
GSE302495	3366	0.9647663858190174	0.9820672755624861
GSE302495	3367	0.9424444687602582	0.9703695358269491
GSE302495	3368	0.9056789583105372	0.9505052824988517
GSE302495	3369	0.926468979100558	0.9618311939111667
GSE302495	3370	0.8485611117190065	0.9180774239374926
GSE302495	3371	0.8991136885873728	0.9468771606360914
GSE302495	3372	0.9234051865630813	0.9601774945955172
GSE302495	3373	0.8949556844293687	0.9445663471532509
GSE302495	3374	0.8605974395448079	0.9250764525993883
GSE302495	3375	0.8531568005252216	0.920760510155881
GSE302495	3376	0.9516358463726885	0.9752186588921283
GSE302495	3377	0.9367545683335157	0.9673446327683616
GSE302495	3378	0.8921107342159974	0.9429794124450612
GSE302495	3379	0.91377612430244	0.95494568324757
GSE302495	3380	0.9227486595907649	0.9598224447985431
GSE302495	3381	0.9244993981836087	0.9607687059358654
GSE302495	3382	0.9441952073531021	0.9712967131922557
GSE302495	3383	0.8921107342159974	0.9429794124450612
GSE302495	3384	0.9295327716380348	0.9634796416014517
GSE302495	3385	0.9369734106576212	0.9674613038074793
GSE302495	3386	0.8085129664077032	0.8941190706679575
GSE302495	3387	0.9100558047926469	0.952910174152154
GSE302495	3388	0.9347849874165663	0.9662934057233344
GSE302495	3389	0.9107123317649634	0.9532699576222655
GSE302495	3390	0.8938614728088412	0.943956551883522
GSE302495	3391	0.9371922529817267	0.9675779484862178
GSE302495	3392	0.9315023525549841	0.9645365964196692
GSE302495	3393	0.9339096181201444	0.9658255063935726
GSE302495	3394	0.8925484188642083	0.9432238667900092
GSE302495	3395	0.8822628296312507	0.9374491338216486
GSE302495	3396	0.8982383192909509	0.9463915148720313
GSE302495	3397	0.8855454644928329	0.9392989786443825
GSE302495	3398	0.8393697341065762	0.9126710291493159
GSE302495	3399	0.9111500164131743	0.9535096759418298
GSE302495	3400	0.9507604770762665	0.9747588063719991
GSE302495	3401	0.8021665390086443	0.8902246508803886
GSE302495	3402	0.8918918918918919	0.9428571428571428
GSE302495	3403	0.885107779844622	0.9390527048990017
GSE302495	3404	0.9196848670532881	0.9581623347013224
GSE302495	3405	0.8912353649195754	0.9424901643138163
GSE302495	3406	0.896049896049896	0.9451754385964912
GSE302495	3407	0.9183718131086552	0.957449235683322
GSE302495	3408	0.8912353649195754	0.9424901643138163
GSE302495	3409	0.8967064230222125	0.9455405561324565
GSE302495	3410	0.8290841448736186	0.9065565924862408
GSE302495	3411	0.8951745267534741	0.9446882217090069
GSE302495	3412	0.866506182295656	0.928479305897526
GSE302495	3413	0.9253747674800307	0.9612411911798135
GSE302495	3414	0.9109311740890689	0.9533898305084746
GSE302495	3415	0.9247182405077142	0.9608868675383742
GSE302495	3416	0.9409125724915198	0.9695568835268914
GSE302495	3417	0.9363168836853047	0.967111211573237
GSE302495	3418	0.8942991574570522	0.9442005545286507
GSE302495	3419	0.9262501367764525	0.9617132469893206
GSE302495	3420	0.9104934894408578	0.9531500572737686
GSE302495	3421	0.9048035890141153	0.9500229779411764
GSE302495	3422	0.9207790786738155	0.9587558391249857
GSE302495	3423	0.9139949666265456	0.9550651726503544
GSE302495	3424	0.9468213152423679	0.9726843525179856
GSE302495	3425	0.9409125724915198	0.9695568835268914
GSE302495	3426	0.8697888171572382	0.9303604868913858
GSE302495	3427	0.9334719334719335	0.9655913978494624
GSE302495	3428	0.914651493598862	0.9554234769687965
GSE302495	3429	0.9325965641755115	0.9651228626429623
GSE302495	3430	0.9076485392274866	0.9515888493747848
GSE302495	3431	0.8923295765401028	0.9431016537527466
GSE302495	3432	0.8623481781376519	0.9260869565217391
GSE302495	3433	0.9319400372031951	0.9647711826008155
GSE302495	3434	0.9056789583105372	0.9505052824988517
GSE302495	3435	0.7971331655542182	0.8871164150024354
GSE302495	3436	0.8890469416785206	0.9412650602409639
GSE302495	3437	0.9096181201444359	0.9526701810680724
GSE302495	3438	0.9452894189736295	0.9718753515581056
GSE302495	3439	0.8704453441295547	0.9307359307359306
GSE302495	3440	0.8986760039391618	0.9466343937298294
GSE302495	3441	0.9192471824050772	0.9579247434435576
GSE302495	3442	0.9002079002079002	0.9474835886214442
GSE302495	3443	0.9360980413611992	0.9669944613993444
GSE302495	3444	0.9404748878433089	0.9693244614864103
GSE302495	3445	0.9122442280337018	0.9541084916456856
GSE302495	3446	0.8770106138527192	0.9344759239827446
GSE302495	3447	0.9393806762227815	0.9687429474159331
GSE302495	3448	0.9439763650289966	0.9711809073511202
GSE302495	3449	0.9437575227048911	0.9710650754334609
GSE302495	3450	0.877885983149141	0.9349726139144622
GSE302495	3451	0.872852609694715	0.9321103061462959
GSE302495	3452	0.91377612430244	0.95494568324757
GSE302495	3453	0.9096181201444359	0.9526701810680724
GSE302495	3454	0.8894846263267316	0.9415103080843178
GSE302495	3455	0.8595032279242806	0.924443921384018
GSE302495	3456	0.9325965641755115	0.9651228626429623
GSE302495	3457	0.9487908961593172	0.9737226277372263
GSE302495	3458	0.9560126928547981	0.9775117475945402
GSE302495	3459	0.9483532115111063	0.973492081320903
GSE302495	3460	0.9190283400809717	0.9578059071729957
GSE302495	3461	0.903271692745377	0.9491778774289985
GSE302495	3462	0.8015100120363279	0.8898202137998057
GSE302495	3463	0.8879527300579932	0.9406514431436189
GSE302495	3464	0.9295327716380348	0.9634796416014517
GSE302495	3465	0.8264580369843528	0.9049844236760125
GSE302495	3466	0.8739468213152424	0.9327338549573747
GSE302495	3467	0.8901411532990481	0.9418779668866505
GSE302495	3468	0.9369734106576212	0.9674613038074793
GSE302495	3469	0.8584090163037531	0.923810645313236
GSE302495	3470	0.8651931283510231	0.9277249794673237
GSE302495	3471	0.9295327716380348	0.9634796416014517
GSE302495	3472	0.89780063464274	0.94614852398524
GSE302495	3473	0.9129007550060182	0.9544674522365862
GSE302495	3474	0.9360980413611992	0.9669944613993444
GSE302495	3475	0.9358791990370938	0.9668776848293014
GSE302495	3476	0.9010832695043222	0.9479682283872453
GSE302495	3477	0.9164022321917059	0.956377754938906
GSE302495	3478	0.9135572819783346	0.9548261665141812
GSE302495	3479	0.8577524893314367	0.9234303215926493
GSE302495	3480	0.9461647882700515	0.9723377937703812
GSE302495	3481	0.8809497756866178	0.9367073880162885
GSE302495	3482	0.9481343691870008	0.9733767692653337
GSE302495	3483	0.9258124521282416	0.9614772727272727
GSE302495	3484	0.9089615931721194	0.9523099850968703
GSE302495	3485	0.8868585184374658	0.9400371143586175
GSE302495	3486	0.920997920997921	0.9588744588744589
GSE302495	3487	0.8625670204617573	0.9262131359417225
GSE302495	3488	0.9100558047926469	0.952910174152154
GSE302495	3489	0.8868585184374658	0.9400371143586175
GSE302495	3490	0.9321588795273006	0.9648884358364481
GSE302495	3491	0.883357041251778	0.9380664652567975
GSE302495	3492	0.908305066199803	0.9519495412844037
GSE302495	3493	0.9168399168399168	0.9566160520607375
GSE302495	3494	0.9120253857095962	0.953988783335241
GSE302495	3495	0.9113688587372798	0.9536294939317609
GSE302495	3496	0.8855454644928329	0.9392989786443825
GSE302495	3497	0.9286574023416129	0.9630091909678884
GSE302495	3498	0.8575336470073313	0.9233034872761545
GSE302495	3499	0.848342269394901	0.9179493251243193
GSE302495	3500	0.9115877010613853	0.9537492844876932
GSE302495	3501	0.9360980413611992	0.9669944613993444
GSE302495	3502	0.8662873399715505	0.9283536585365854
GSE302495	3503	0.909180435496225	0.9524300779458964
GSE302495	3504	0.9192471824050772	0.9579247434435576
GSE302495	3505	0.9474778422146843	0.9730306776042252
GSE302495	3506	0.9260312944523471	0.9615952732644019
GSE302495	3507	0.940037203195098	0.9690919345741682
GSE302495	3508	0.9448517343254186	0.9716439743445482
GSE302495	3509	0.896049896049896	0.9451754385964912
GSE302495	3510	0.8936426304847358	0.9438345082630302
GSE302495	3511	0.9435386803807857	0.9709492174304696
GSE302495	3512	0.8993325309114782	0.946998502131582
GSE302495	3513	0.8336798336798337	0.909297052154195
GSE302495	3514	0.9249370828318196	0.9610050022737608
GSE302495	3515	0.9236240288871868	0.9602957906712173
GSE302495	3516	0.8927672611883138	0.9433460515666552
GSE302495	3517	0.8741656636393479	0.9328584773470341
GSE302495	3518	0.9185906554327607	0.9575681533021558
GSE302495	3519	0.9457271036218404	0.9721066246766393
GSE302495	3520	0.9244993981836087	0.9607687059358654
GSE302495	3521	0.9074296969033812	0.9514685635612666
GSE302495	3522	0.8986760039391618	0.9466343937298294
GSE302495	3523	0.9415690994638363	0.9699053201082056
GSE302495	3524	0.8308348834664624	0.9076021993784364
GSE302495	3525	0.9080862238756976	0.951829338226861
GSE302495	3526	0.9509793194003721	0.9748738081884464
GSE302495	3527	0.8888280993544151	0.9411423936971381
GSE302495	3528	0.9689243899770216	0.9842169612092919
GSE302495	3529	0.9190283400809717	0.9578059071729957
GSE302495	3530	0.9043659043659044	0.9497816593886463
GSE302495	3531	0.9161833898676004	0.956258565555048
GSE302495	3532	0.8496553233395339	0.9187174633222905
GSE302495	3533	0.933690775796039	0.9657084653689453
GSE302495	3534	0.9295327716380348	0.9634796416014517
GSE302495	3535	0.8822628296312507	0.9374491338216486
GSE302495	3536	0.9319400372031951	0.9647711826008155
GSE302495	3537	0.8336798336798337	0.909297052154195
GSE302495	3538	0.9371922529817267	0.9675779484862178
GSE302495	3539	0.9192471824050772	0.9579247434435576
GSE302495	3540	0.9207790786738155	0.9587558391249857
GSE302495	3541	0.9457271036218404	0.9721066246766393
GSE302495	3542	0.9321588795273006	0.9648884358364481
GSE302495	3543	0.9093992778203305	0.9525501432664757
GSE302495	3544	0.9052412736623263	0.9502641856191133
GSE302495	3545	0.8890469416785206	0.9412650602409639
GSE302495	3546	0.9293139293139293	0.9633620689655172
GSE302495	3547	0.817047817047817	0.8993135011441648
GSE302495	3548	0.9389429915745705	0.9685101580135441
GSE302495	3549	0.8739468213152424	0.9327338549573747
GSE302495	3550	0.9323777218514061	0.9650056625141563
GSE302495	3551	0.9376299376299376	0.9678111587982833
GSE302495	3552	0.9367545683335157	0.9673446327683616
GSE302495	3553	0.8759164022321917	0.9338544097060196
GSE302495	3554	0.9225298172666594	0.9597040409789414
GSE302495	3555	0.915526862895284	0.9559008339997715
GSE302495	3556	0.9297516139621402	0.9635971875708778
GSE302495	3557	0.9050224313382208	0.9501435956346926
GSE302495	3558	0.9157457052193895	0.9560201050948138
GSE302495	3559	0.8625670204617573	0.9262131359417225
GSE302495	3560	0.9299704562862458	0.9637147068828665
GSE302495	3561	0.9170587591640224	0.9567351598173517
GSE302495	3562	0.8577524893314367	0.9234303215926493
GSE302495	3563	0.9058978006346428	0.9506257894132507
GSE302495	3564	0.89780063464274	0.94614852398524
GSE302495	3565	0.8717583980741875	0.9314860282941657
GSE302495	3566	0.9345661450924608	0.9661764705882352
GSE302495	3567	0.8689134478608163	0.9298594847775176
GSE302495	3568	0.8566582777109093	0.9227958510136728
GSE302495	3569	0.89780063464274	0.94614852398524
GSE302495	3570	0.9214356056461319	0.9591116173120728
GSE302495	3571	0.9385053069263596	0.9682772634906299
GSE302495	3572	0.8785425101214575	0.9353448275862069
GSE302495	3573	0.9293139293139293	0.9633620689655172
GSE302495	3574	0.9188094977568662	0.9576870437956204
GSE302495	3575	0.8732902943429259	0.9323598130841122
GSE302495	3576	0.9107123317649634	0.9532699576222655
GSE302495	3577	0.9490097384834227	0.9738378621154279
GSE302495	3578	0.8835758835758836	0.9381898454746137
GSE302495	3579	0.9098369624685414	0.9527901913601466
GSE302495	3580	0.8735091366670314	0.9324845228361174
GSE302495	3581	0.9194660247291826	0.9580435526165774
GSE302495	3582	0.9168399168399168	0.9566160520607375
GSE302495	3583	0.8837947258999891	0.9383131970260223
GSE302495	3584	0.9181529707845497	0.9573302909298346
GSE302495	3585	0.9579822737717475	0.9785402928355874
GSE302495	3586	0.8809497756866178	0.9367073880162885
GSE302495	3587	0.8947368421052632	0.9444444444444444
GSE302495	3588	0.9098369624685414	0.9527901913601466
GSE302495	3589	0.8923295765401028	0.9431016537527466
GSE302495	3590	0.915089178247073	0.955662210033139
GSE302495	3591	0.9041470620417988	0.949660958510516
GSE302495	3592	0.8603785972207025	0.924950005881661
GSE302495	3593	0.9096181201444359	0.9526701810680724
GSE302495	3594	0.933690775796039	0.9657084653689453
GSE302495	3595	0.9376299376299376	0.9678111587982833
GSE302495	3596	0.8853266221687275	0.939175856065003
GSE302495	3597	0.8991136885873728	0.9468771606360914
GSE302495	3598	0.9310646679067732	0.9643019038984588
GSE302495	3599	0.9258124521282416	0.9614772727272727
GSE302495	3600	0.9262501367764525	0.9617132469893206
GSE302495	3601	0.8695699748331327	0.9302352803464825
GSE302495	3602	0.9369734106576212	0.9674613038074793
GSE302495	3603	0.9144326512747566	0.9553040695016004
GSE302495	3604	0.8894846263267316	0.9415103080843178
GSE302495	3605	0.9089615931721194	0.9523099850968703
GSE302495	3606	0.9255936098041361	0.9613592453687918
GSE302495	3607	0.932815406499617	0.965240036231884
GSE302495	3608	0.8947368421052632	0.9444444444444444
GSE302495	3609	0.939161833898676	0.9686265658503554
GSE302495	3610	0.9015209541525331	0.9482103809414202
GSE302495	3611	0.908742750848014	0.9521898647099288
GSE302495	3612	0.9538242696137433	0.9763664874551972
GSE302495	3613	0.9231863442389758	0.9600591715976331
GSE302495	3614	0.938724149250465	0.9683937238966023
GSE302495	3615	0.9166210745158113	0.9564969171043617
GSE302495	3616	0.9441952073531021	0.9712967131922557
GSE302495	3617	0.902396323448955	0.948694351777292
GSE302495	3618	0.8848889375205164	0.9389295251364217
GSE302495	3619	0.9435386803807857	0.9709492174304696
GSE302495	3620	0.8877338877338877	0.9405286343612336
GSE302495	3621	0.9074296969033812	0.9514685635612666
GSE302495	3622	0.9107123317649634	0.9532699576222655
GSE302495	3623	0.9212167633220265	0.95899305160041
GSE302495	3624	0.92734434839698	0.9623027137504259
GSE302495	3625	0.914651493598862	0.9554234769687965
GSE302495	3626	0.8765729292045081	0.9342274052478134
GSE302495	3627	0.932815406499617	0.965240036231884
GSE302495	3628	0.9297516139621402	0.9635971875708778
GSE302495	3629	0.9177152861363388	0.9570923199817414
GSE302495	3630	0.9487908961593172	0.9737226277372263
GSE302495	3631	0.9389429915745705	0.9685101580135441
GSE302495	3632	0.8901411532990481	0.9418779668866505
GSE302495	3633	0.9304081409344567	0.963949665570797
GSE302495	3634	0.8927672611883138	0.9433460515666552
GSE302495	3635	0.8984571616150564	0.9465129682997118
GSE302495	3636	0.8986760039391618	0.9466343937298294
GSE302495	3637	0.9111500164131743	0.9535096759418298
GSE302495	3638	0.8855454644928329	0.9392989786443825
GSE302495	3639	0.920997920997921	0.9588744588744589
GSE302495	3640	0.8570959623591202	0.9230497289653548
GSE302495	3641	0.878761352445563	0.9354688410017473
GSE302495	3642	0.9402560455192034	0.969208211143695
GSE302495	3643	0.890578837947259	0.9421229308947795
GSE302495	3644	0.9582011160958529	0.9786544479213233
GSE302495	3645	0.9080862238756976	0.951829338226861
GSE302495	3646	0.9067731699310647	0.9511075404567888
GSE302495	3647	0.8535944851734325	0.9210153482880755
GSE302495	3648	0.8212058212058212	0.9018264840182649
GSE302495	3649	0.9017397964766386	0.9483314154200231
GSE302495	3650	0.8929861035124192	0.9434682080924855
GSE302495	3651	0.9205602363497101	0.958637192342753
GSE302495	3652	0.915089178247073	0.955662210033139
GSE302495	3653	0.9398183608709925	0.9689756317689531
GSE302495	3654	0.8899223109749426	0.9417554423344141
GSE302495	3655	0.9109311740890689	0.9533898305084746
GSE302495	3656	0.9492285808075281	0.9739530706186146
GSE302495	3657	0.9485720538352117	0.973607367475292
GSE302495	3658	0.8883904147062042	0.9408969753157955
GSE302495	3659	0.9343473027683554	0.9660595089942301
GSE302495	3660	0.9468213152423679	0.9726843525179856
GSE302495	3661	0.9135572819783346	0.9548261665141812
GSE302495	3662	0.8967064230222125	0.9455405561324565
GSE302495	3663	0.8982383192909509	0.9463915148720313
GSE302495	3664	0.9308458255826677	0.964184517737731
GSE302495	3665	0.9133384396542291	0.9547066224408098
GSE302495	3666	0.9378487799540431	0.9679277244494636
GSE302495	3667	0.8317102527628844	0.9081242532855436
GSE302495	3668	0.9002079002079002	0.9474835886214442
GSE302495	3669	0.938724149250465	0.9683937238966023
GSE302495	3670	0.9448517343254186	0.9716439743445482
GSE302495	3671	0.9579822737717475	0.9785402928355874
GSE302495	3672	0.9474778422146843	0.9730306776042252
GSE302495	3673	0.8759164022321917	0.9338544097060196
GSE302495	3674	0.9192471824050772	0.9579247434435576
GSE302495	3675	0.8975817923186344	0.9460269865067467
GSE302495	3676	0.902396323448955	0.948694351777292
GSE302495	3677	0.9385053069263596	0.9682772634906299
GSE302495	3678	0.9104934894408578	0.9531500572737686
GSE302495	3679	0.9179341284604442	0.9572113190324052
GSE302495	3680	0.9406937301674144	0.9694406856111862
GSE302495	3681	0.8697888171572382	0.9303604868913858
GSE302495	3682	0.9185906554327607	0.9575681533021558
GSE302495	3683	0.896925265346318	0.9456622058144901
GSE302495	3684	0.9242805558595032	0.9606505174570681
GSE302495	3685	0.8818251449830398	0.9372020002325852
GSE302495	3686	0.9179341284604442	0.9572113190324052
GSE302495	3687	0.9168399168399168	0.9566160520607375
GSE302495	3688	0.8813874603348287	0.936954751657555
GSE302495	3689	0.9227486595907649	0.9598224447985431
GSE302495	3690	0.9684867053288105	0.9839911061700946
GSE302495	3691	0.9444140496772075	0.9714124929656724
GSE302495	3692	0.9363168836853047	0.967111211573237
GSE302495	3693	0.9129007550060182	0.9544674522365862
GSE302495	3694	0.9315023525549841	0.9645365964196692
GSE302495	3695	0.8457161615056352	0.9164097699786579
GSE302495	3696	0.9247182405077142	0.9608868675383742
GSE302495	3697	0.8842324105482	0.9385598141695702
GSE302495	3698	0.9008644271802166	0.9478471102924246
GSE302495	3699	0.8500930079877448	0.9189732670925005
GSE302495	3700	0.9196848670532881	0.9581623347013224
GSE302495	3701	0.92734434839698	0.9623027137504259
GSE302495	3702	0.9133384396542291	0.9547066224408098
GSE302495	3703	0.9286574023416129	0.9630091909678884
GSE302495	3704	0.9266878214246635	0.9619491140390731
GSE302495	3705	0.9343473027683554	0.9660595089942301
GSE302495	3706	0.9301892986103513	0.9638321995464852
GSE302495	3707	0.9131195973301236	0.9545870510180736
GSE302495	3708	0.9269066637487691	0.9620670073821692
GSE302495	3709	0.903271692745377	0.9491778774289985
GSE302495	3710	0.9301892986103513	0.9638321995464852
GSE302495	3711	0.9680490206805996	0.9837651506727455
GSE302495	3712	0.9080862238756976	0.951829338226861
GSE302495	3713	0.871539555750082	0.9313610851262862
GSE302495	3714	0.8932049458365248	0.9435903363772974
GSE302495	3715	0.8907976802713645	0.9422453703703704
GSE302495	3716	0.8912353649195754	0.9424901643138163
GSE302495	3717	0.9069920122551701	0.9512279091117742
GSE302495	3718	0.9260312944523471	0.9615952732644019
GSE302495	3719	0.8437465805886859	0.9152522255192879
GSE302495	3720	0.908742750848014	0.9521898647099288
GSE302495	3721	0.9354415143888828	0.966644052464948
GSE302495	3722	0.8444031075610023	0.9156383483626008
GSE302495	3723	0.8988948462632673	0.9467557911720641
GSE302495	3724	0.8354305722726776	0.9103374269703112
GSE302495	3725	0.8700076594813437	0.9304856641310708
GSE302495	3726	0.9466024729182624	0.9725688589094997
GSE302495	3727	0.9118065433854907	0.9538690476190476
GSE302495	3728	0.8400262610788927	0.913058991436727
GSE302495	3729	0.8951745267534741	0.9446882217090069
GSE302495	3730	0.9188094977568662	0.9576870437956204
GSE302495	3731	0.8818251449830398	0.9372020002325852
GSE302495	3732	0.9448517343254186	0.9716439743445482
GSE302495	3733	0.8253638253638254	0.9043280182232346
GSE302495	3734	0.8993325309114782	0.946998502131582
GSE302495	3735	0.928219717693402	0.9627738054704347
GSE302495	3736	0.8973629499945289	0.9459054209919261
GSE302495	3737	0.9304081409344567	0.963949665570797
GSE302495	3738	0.9614837509574352	0.9803637175052996
GSE302495	3739	0.9157457052193895	0.9560201050948138
GSE302495	3740	0.9417879417879418	0.9700214132762313
GSE302495	3741	0.9058978006346428	0.9506257894132507
GSE302495	3742	0.9194660247291826	0.9580435526165774
GSE302495	3743	0.8671627092679725	0.9288560712611347
GSE302495	3744	0.939161833898676	0.9686265658503554
GSE302495	3745	0.9269066637487691	0.9620670073821692
GSE302495	3746	0.8837947258999891	0.9383131970260223
GSE302495	3747	0.9498851077798446	0.9742985409652075
GSE302495	3748	0.9398183608709925	0.9689756317689531
GSE302495	3749	0.9234051865630813	0.9601774945955172
GSE302495	3750	0.9601706970128022	0.9796806966618287
GSE302495	3751	0.9231863442389758	0.9600591715976331
GSE302495	3752	0.9236240288871868	0.9602957906712173
GSE302495	3753	0.8829193566035671	0.9378196187819619
GSE302495	3754	0.9093992778203305	0.9525501432664757
GSE302495	3755	0.9039282197176934	0.9495402298850575
GSE302495	3756	0.9411314148156253	0.9696730552423901
GSE302495	3757	0.915089178247073	0.955662210033139
GSE302495	3758	0.921873290294343	0.9593486677294466
GSE302495	3759	0.9490097384834227	0.9738378621154279
GSE302495	3760	0.9363168836853047	0.967111211573237
GSE302495	3761	0.9041470620417988	0.949660958510516
GSE302495	3762	0.8901411532990481	0.9418779668866505
GSE302495	3763	0.8942991574570522	0.9442005545286507
GSE302495	3764	0.9286574023416129	0.9630091909678884
GSE302495	3765	0.9098369624685414	0.9527901913601466
GSE302495	3766	0.9172776014881278	0.9568542403835179
GSE302495	3767	0.915526862895284	0.9559008339997715
GSE302495	3768	0.9358791990370938	0.9668776848293014
GSE302495	3769	0.8831381989276726	0.9379430563625799
GSE302495	3770	0.8848889375205164	0.9389295251364217
GSE302495	3771	0.9072108545792756	0.9513482501434308
GSE302495	3772	0.9293139293139293	0.9633620689655172
GSE302495	3773	0.866068497647445	0.9282279817051718
GSE302495	3774	0.8161724477513951	0.898782985901916
GSE302495	3775	0.9085239085239085	0.9520697167755992
GSE302495	3776	0.9382864646022541	0.9681607767867223
GSE302495	3777	0.8711018711018711	0.9311111111111111
GSE302495	3778	0.9531677426414269	0.9760224089635855
GSE302495	3779	0.9520735310208994	0.9754484304932736
GSE302495	3780	0.9056789583105372	0.9505052824988517
GSE302495	3781	0.8303971988182515	0.9073409851745576
GSE302495	3782	0.8971441076704234	0.9457838274310763
GSE302495	3783	0.939161833898676	0.9686265658503554
GSE302495	3784	0.9382864646022541	0.9681607767867223
GSE302495	3785	0.7892548418864208	0.8822162426614482
GSE302495	3786	0.9360980413611992	0.9669944613993444
GSE302495	3787	0.8704453441295547	0.9307359307359306
GSE302495	3788	0.9260312944523471	0.9615952732644019
GSE302495	3789	0.902396323448955	0.948694351777292
GSE302495	3790	0.9240617135353978	0.9605323020928116
GSE302495	3791	0.8813874603348287	0.936954751657555
GSE302495	3792	0.8907976802713645	0.9422453703703704
GSE302495	3793	0.9461647882700515	0.9723377937703812
GSE302495	3794	0.8746033482875588	0.9331076348353957
GSE302495	3795	0.939161833898676	0.9686265658503554
GSE302495	3796	0.9113688587372798	0.9536294939317609
GSE302495	3797	0.9485720538352117	0.973607367475292
GSE302495	3798	0.9398183608709925	0.9689756317689531
GSE302495	3799	0.9485720538352117	0.973607367475292
GSE302495	3800	0.932815406499617	0.965240036231884
GSE302495	3801	0.9374110953058321	0.9676945668135095
GSE302495	3802	0.9496662654557392	0.9741834100347962
GSE302495	3803	0.9170587591640224	0.9567351598173517
GSE302495	3804	0.9409125724915198	0.9695568835268914
GSE302495	3805	0.9089615931721194	0.9523099850968703
GSE302495	3806	0.9183718131086552	0.957449235683322
GSE302495	3807	0.9452894189736295	0.9718753515581056
GSE302495	3808	0.8991136885873728	0.9468771606360914
GSE302495	3809	0.9487908961593172	0.9737226277372263
GSE302495	3810	0.9645475434949119	0.9819538821432551
GSE302495	3811	0.8713207134259766	0.9312361127353526
GSE302495	3812	0.9236240288871868	0.9602957906712173
GSE302495	3813	0.9531677426414269	0.9760224089635855
GSE302495	3814	0.9166210745158113	0.9564969171043617
GSE302495	3815	0.902834008097166	0.948936170212766
GSE302495	3816	0.9234051865630813	0.9601774945955172
GSE302495	3817	0.8925484188642083	0.9432238667900092
GSE302495	3818	0.8595032279242806	0.924443921384018
GSE302495	3819	0.9389429915745705	0.9685101580135441
GSE302495	3820	0.9360980413611992	0.9669944613993444
GSE302495	3821	0.950541634752161	0.9746437787501403
GSE302495	3822	0.921873290294343	0.9593486677294466
GSE302495	3823	0.8805120910384068	0.9364599092284417
GSE302495	3824	0.89780063464274	0.94614852398524
GSE302495	3825	0.9304081409344567	0.963949665570797
GSE302495	3826	0.9212167633220265	0.95899305160041
GSE302495	3827	0.8872962030856768	0.9402829313543599
GSE302495	3828	0.9393806762227815	0.9687429474159331
GSE302495	3829	0.8932049458365248	0.9435903363772974
GSE302495	3830	0.9093992778203305	0.9525501432664757
GSE302495	3831	0.9431009957325747	0.9707174231332357
GSE302495	3832	0.951417004048583	0.975103734439834
GSE302495	3833	0.915526862895284	0.9559008339997715
GSE302495	3834	0.8533756428493271	0.9208879442673279
GSE302495	3835	0.8662873399715505	0.9283536585365854
GSE302495	3836	0.9415690994638363	0.9699053201082056
GSE302495	3837	0.9172776014881278	0.9568542403835179
GSE302495	3838	0.9428821534084691	0.9706014868213562
GSE302495	3839	0.9247182405077142	0.9608868675383742
GSE302495	3840	0.932815406499617	0.965240036231884
GSE302495	3841	0.9089615931721194	0.9523099850968703
GSE302495	3842	0.9483532115111063	0.973492081320903
GSE302495	3843	0.872852609694715	0.9321103061462959
GSE302495	3844	0.9490097384834227	0.9738378621154279
GSE302495	3845	0.91377612430244	0.95494568324757
GSE302495	3846	0.8971441076704234	0.9457838274310763
GSE302495	3847	0.8988948462632673	0.9467557911720641
GSE302495	3848	0.8789801947696685	0.9355928255299325
GSE302495	3849	0.908742750848014	0.9521898647099288
GSE302495	3850	0.9350038297406719	0.9664103144085049
GSE302495	3851	0.9647663858190174	0.9820672755624861
GSE302495	3852	0.9107123317649634	0.9532699576222655
GSE302495	3853	0.8837947258999891	0.9383131970260223
GSE302495	3854	0.8647554437028121	0.9274733012557212
GSE302495	3855	0.9424444687602582	0.9703695358269491
GSE302495	3856	0.9525112156691105	0.9756780990809236
GSE302495	3857	0.8625670204617573	0.9262131359417225
GSE302495	3858	0.8693511325090273	0.9301100444860688
GSE302495	3859	0.9205602363497101	0.958637192342753
GSE302495	3860	0.9295327716380348	0.9634796416014517
GSE302495	3861	0.9369734106576212	0.9674613038074793
GSE302495	3862	0.8266768793084582	0.9051156103989457
GSE302495	3863	0.8940803151329467	0.9440785673021376
GSE302495	3864	0.9260312944523471	0.9615952732644019
GSE302495	3865	0.9350038297406719	0.9664103144085049
GSE302495	3866	0.8555640660903818	0.9221606321500176
GSE302495	3867	0.8756975599080862	0.933730019834325
GSE302495	3868	0.859722070248386	0.9245704871734526
GSE302495	3869	0.9341284604442499	0.9659425209323377
GSE302495	3870	0.9179341284604442	0.9572113190324052
GSE302495	3871	0.9323777218514061	0.9650056625141563
GSE302495	3872	0.9564503775030091	0.9777404921700223
GSE302495	3873	0.939599518546887	0.9688593027191695
GSE302495	3874	0.877885983149141	0.9349726139144622
GSE302495	3875	0.8907976802713645	0.9422453703703704
GSE302495	3876	0.8988948462632673	0.9467557911720641
GSE302495	3877	0.8393697341065762	0.9126710291493159
GSE302495	3878	0.8859831491410439	0.9395451380830819
GSE302495	3879	0.9238428712112923	0.960414059833921
GSE302495	3880	0.920122551701499	0.9583998176430363
GSE302495	3881	0.9448517343254186	0.9716439743445482
GSE302495	3882	0.9288762446657184	0.9631268436578171
GSE302495	3883	0.9102746471167524	0.9530301294535457
GSE302495	3884	0.9470401575664733	0.9727998201641003
GSE302495	3885	0.9406937301674144	0.9694406856111862
GSE302495	3886	0.9382864646022541	0.9681607767867223
GSE302495	3887	0.9538242696137433	0.9763664874551972
GSE302495	3888	0.89780063464274	0.94614852398524
GSE302495	3889	0.9034905350694824	0.9492986893538744
GSE302495	3890	0.9223109749425539	0.9595856102003644
GSE302495	3891	0.9196848670532881	0.9581623347013224
GSE302495	3892	0.950541634752161	0.9746437787501403
GSE302495	3893	0.9164022321917059	0.956377754938906
GSE302495	3894	0.9481343691870008	0.9733767692653337
GSE302495	3895	0.8958310537257905	0.9450536765554658
GSE302495	3896	0.9065543276069592	0.9509871441689624
GSE302495	3897	0.9161833898676004	0.956258565555048
GSE302495	3898	0.9461647882700515	0.9723377937703812
GSE302495	3899	0.9242805558595032	0.9606505174570681
GSE302495	3900	0.8343363606521501	0.9096874254354569
GSE302495	3901	0.7807199912463071	0.8768587931670149
GSE302495	3902	0.9406937301674144	0.9694406856111862
GSE302495	3903	0.9113688587372798	0.9536294939317609
GSE302495	3904	0.9244993981836087	0.9607687059358654
GSE302495	3905	0.8643177590546012	0.9272215048714638
GSE302495	3906	0.8877338877338877	0.9405286343612336
GSE302495	3907	0.9052412736623263	0.9502641856191133
GSE302495	3908	0.9021774811248495	0.9485734008283478
GSE302495	3909	0.9010832695043222	0.9479682283872453
GSE302495	3910	0.9061166429587483	0.9507462686567164
GSE302495	3911	0.9030528504212715	0.9490570377184914
GSE302495	3912	0.9225298172666594	0.9597040409789414
GSE302495	3913	0.872852609694715	0.9321103061462959
GSE302495	3914	0.8640989167304957	0.927095562338577
GSE302495	3915	0.9258124521282416	0.9614772727272727
GSE302495	3916	0.8853266221687275	0.939175856065003
GSE302495	3917	0.8369624685414159	0.9112461281868001
GSE302495	3918	0.8842324105482	0.9385598141695702
GSE302495	3919	0.8805120910384068	0.9364599092284417
GSE302495	3920	0.9010832695043222	0.9479682283872453
GSE302495	3921	0.9194660247291826	0.9580435526165774
GSE302495	3922	0.9301892986103513	0.9638321995464852
GSE302495	3923	0.8866396761133604	0.9399141630901288
GSE302495	3924	0.9185906554327607	0.9575681533021558
GSE302495	3925	0.9120253857095962	0.953988783335241
GSE302495	3926	0.9358791990370938	0.9668776848293014
GSE302495	3927	0.9050224313382208	0.9501435956346926
GSE302495	3928	0.8560017507385929	0.9224148095743426
GSE302495	3929	0.9284385600175074	0.9628915115751248
GSE302495	3930	0.9074296969033812	0.9514685635612666
GSE302495	3931	0.8967064230222125	0.9455405561324565
GSE302495	3932	0.9288762446657184	0.9631268436578171
GSE302495	3933	0.951417004048583	0.975103734439834
GSE302495	3934	0.8813874603348287	0.936954751657555
GSE302495	3935	0.8945179997811576	0.9443225135728313
GSE302495	3936	0.9223109749425539	0.9595856102003644
GSE302495	3937	0.9034905350694824	0.9492986893538744
GSE302495	3938	0.9043659043659044	0.9497816593886463
GSE302495	3939	0.9244993981836087	0.9607687059358654
GSE302495	3940	0.9205602363497101	0.958637192342753
GSE302495	3941	0.9203413940256046	0.9585185185185184
GSE302495	3942	0.9048035890141153	0.9500229779411764
GSE302495	3943	0.9056789583105372	0.9505052824988517
GSE302495	3944	0.9153080205711784	0.9557815356489945
GSE302495	3945	0.8586278586278586	0.9239373601789709
GSE302495	3946	0.8489987963672174	0.9183335305953367
GSE302495	3947	0.9054601159864317	0.9503847479039853
GSE302495	3948	0.9102746471167524	0.9530301294535457
GSE302495	3949	0.9536054272896378	0.9762518203203764
GSE302495	3950	0.8800744063901959	0.9362123152135957
GSE302495	3951	0.9118065433854907	0.9538690476190476
GSE302495	3952	0.9188094977568662	0.9576870437956204
GSE302495	3953	0.8818251449830398	0.9372020002325852
GSE302495	3954	0.9214356056461319	0.9591116173120728
GSE302495	3955	0.8855454644928329	0.9392989786443825
GSE302495	3956	0.8433088959404749	0.9149946574854565
GSE302495	3957	0.908742750848014	0.9521898647099288
GSE302495	3958	0.9625779625779626	0.9809322033898304
GSE302495	3959	0.8811686180107233	0.9368310842252211
GSE302495	3960	0.9533865849655323	0.9761371274927179
GSE302495	3961	0.9080862238756976	0.951829338226861
GSE302495	3962	0.8995513732355838	0.9471198156682028
GSE302495	3963	0.8824816719553562	0.9375726575215068
GSE302495	3964	0.8570959623591202	0.9230497289653548
GSE302495	3965	0.8395885764306817	0.9128003806804663
GSE302495	3966	0.908742750848014	0.9521898647099288
GSE302495	3967	0.8809497756866178	0.9367073880162885
GSE302495	3968	0.9034905350694824	0.9492986893538744
GSE302495	3969	0.8927672611883138	0.9433460515666552
GSE302495	3970	0.9069920122551701	0.9512279091117742
GSE302495	3971	0.9188094977568662	0.9576870437956204
GSE302495	3972	0.8465915308020571	0.9169234415738327
GSE302495	3973	0.9234051865630813	0.9601774945955172
GSE302495	3974	0.9104934894408578	0.9531500572737686
GSE302495	3975	0.9472589998905788	0.9729152618565969
GSE302495	3976	0.8923295765401028	0.9431016537527466
GSE302495	3977	0.9665171244118612	0.9829735143556643
GSE302495	3978	0.9341284604442499	0.9659425209323377
GSE302495	3979	0.9525112156691105	0.9756780990809236
GSE302495	3980	0.9363168836853047	0.967111211573237
GSE302495	3981	0.8726337673706095	0.9319855089400491
GSE302495	3982	0.9277820330451909	0.9625383130888864
GSE302495	3983	0.9376299376299376	0.9678111587982833
GSE302495	3984	0.9431009957325747	0.9707174231332357
GSE302495	3985	0.9229675019148703	0.9599408216683737
GSE302495	3986	0.9542619542619543	0.9765957446808511
GSE302495	3987	0.8875150454097822	0.9404057971014492
GSE302495	3988	0.9223109749425539	0.9595856102003644
GSE302495	3989	0.8774482985009301	0.9347243268446207
GSE302495	3990	0.8680380785643943	0.9293580131208996
GSE302495	3991	0.9010832695043222	0.9479682283872453
GSE302495	3992	0.9673924937082832	0.9834260289210234
GSE302495	3993	0.8942991574570522	0.9442005545286507
GSE302495	3994	0.9601706970128022	0.9796806966618287
GSE302495	3995	0.89780063464274	0.94614852398524
GSE302495	3996	0.9363168836853047	0.967111211573237
GSE302495	3997	0.9420067841120473	0.9701374802794681
GSE302495	3998	0.9255936098041361	0.9613592453687918
GSE302495	3999	0.8934237881606303	0.943712436430883
GSE302495	4000	0.9100558047926469	0.952910174152154
GSE302495	4001	0.8820439873071452	0.9373255813953487
GSE302495	4002	0.9315023525549841	0.9645365964196692
GSE302495	4003	0.8835758835758836	0.9381898454746137
GSE302495	4004	0.9098369624685414	0.9527901913601466
GSE302495	4005	0.9354415143888828	0.966644052464948
GSE302495	4006	0.859722070248386	0.9245704871734526
GSE302495	4007	0.9089615931721194	0.9523099850968703
GSE302495	4008	0.8844512528723055	0.9386830797816745
GSE302495	4009	0.902396323448955	0.948694351777292
GSE302495	4010	0.9225298172666594	0.9597040409789414
GSE302495	4011	0.9409125724915198	0.9695568835268914
GSE302495	4012	0.909180435496225	0.9524300779458964
GSE302495	4013	0.8634423897581792	0.9267175572519084
GSE302495	4014	0.9124630703578072	0.9542281725597894
GSE302495	4015	0.8857643068169384	0.9394220726470929
GSE302495	4016	0.8975817923186344	0.9460269865067467
GSE302495	4017	0.9056789583105372	0.9505052824988517
GSE302495	4018	0.9404748878433089	0.9693244614864103
GSE302495	4019	0.9498851077798446	0.9742985409652075
GSE302495	4020	0.8557829084144873	0.9222877358490567
GSE302495	4021	0.9435386803807857	0.9709492174304696
GSE302495	4022	0.9242805558595032	0.9606505174570681
GSE302495	4023	0.9159645475434949	0.9561393489434609
GSE302495	4024	0.8409016303753146	0.9135758440323347
GSE302495	4025	0.9126819126819127	0.9543478260869565
GSE302495	4026	0.9503227924280556	0.9745287253141832
GSE302495	4027	0.9522923733450049	0.9755632776594552
GSE302495	4028	0.8682569208884998	0.9294834250907813
GSE302495	4029	0.9054601159864317	0.9503847479039853
GSE302495	4030	0.9293139293139293	0.9633620689655172
GSE302495	4031	0.9078673815515921	0.9517091075934847
GSE302495	4032	0.9446328920013131	0.971528246680171
GSE302495	4033	0.9069920122551701	0.9512279091117742
GSE302495	4034	0.8870773607615713	0.9401600371100545
GSE302495	4035	0.9293139293139293	0.9633620689655172
GSE302495	4036	0.9089615931721194	0.9523099850968703
GSE302495	4037	0.9483532115111063	0.973492081320903
GSE302495	4038	0.8691322901849218	0.9299847792998478
GSE302495	4039	0.9100558047926469	0.952910174152154
GSE302495	4040	0.9393806762227815	0.9687429474159331
GSE302495	4041	0.915526862895284	0.9559008339997715
GSE302495	4042	0.9034905350694824	0.9492986893538744
GSE302495	4043	0.9271255060728745	0.9621848739495799
GSE302495	4044	0.8503118503118503	0.9191011235955057
GSE302495	4045	0.9293139293139293	0.9633620689655172
GSE302495	4046	0.8899223109749426	0.9417554423344141
GSE302495	4047	0.9293139293139293	0.9633620689655172
GSE302495	4048	0.9089615931721194	0.9523099850968703
GSE302495	4049	0.9223109749425539	0.9595856102003644
GSE302495	4050	0.928219717693402	0.9627738054704347
GSE302495	4051	0.9019586388007441	0.9484524220457945
GSE302495	4052	0.9271255060728745	0.9621848739495799
GSE302495	4053	0.8818251449830398	0.9372020002325852
GSE302495	4054	0.9275631907210855	0.9624205267938238
GSE302495	4055	0.8551263814421709	0.9219063347882505
GSE302495	4056	0.9126819126819127	0.9543478260869565
GSE302495	4057	0.9021774811248495	0.9485734008283478
GSE302495	4058	0.932815406499617	0.965240036231884
GSE302495	4059	0.9286574023416129	0.9630091909678884
GSE302495	4060	0.908305066199803	0.9519495412844037
GSE302495	4061	0.932815406499617	0.965240036231884
GSE302495	4062	0.8505306926359558	0.919228949858089
GSE302495	4063	0.9415690994638363	0.9699053201082056
GSE302495	4064	0.7918809497756866	0.8838544211040548
GSE302495	4065	0.9058978006346428	0.9506257894132507
GSE302495	4066	0.938724149250465	0.9683937238966023
GSE302495	4067	0.8627858627858628	0.9263392857142857
GSE302495	4068	0.9417879417879418	0.9700214132762313
GSE302495	4069	0.9122442280337018	0.9541084916456856
GSE302495	4070	0.9240617135353978	0.9605323020928116
GSE302495	4071	0.7975708502024291	0.8873873873873873
GSE302495	4072	0.9260312944523471	0.9615952732644019
GSE302495	4073	0.9179341284604442	0.9572113190324052
GSE302495	4074	0.9275631907210855	0.9624205267938238
GSE302495	4075	0.9341284604442499	0.9659425209323377
GSE302495	4076	0.9205602363497101	0.958637192342753
GSE302495	4077	0.9242805558595032	0.9606505174570681
GSE302495	4078	0.9002079002079002	0.9474835886214442
GSE302495	4079	0.915526862895284	0.9559008339997715
GSE302495	4080	0.9120253857095962	0.953988783335241
GSE302495	4081	0.8761352445562972	0.933978770558731
GSE302495	4082	0.9124630703578072	0.9542281725597894
GSE302495	4083	0.9546996389101652	0.9768248992386923
GSE302495	4084	0.8853266221687275	0.939175856065003
GSE302495	4085	0.8949556844293687	0.9445663471532509
GSE302495	4086	0.928219717693402	0.9627738054704347
GSE302495	4087	0.9159645475434949	0.9561393489434609
GSE302495	4088	0.9015209541525331	0.9482103809414202
GSE302495	4089	0.8842324105482	0.9385598141695702
GSE302495	4090	0.9253747674800307	0.9612411911798135
GSE302495	4091	0.8923295765401028	0.9431016537527466
GSE302495	4092	0.9164022321917059	0.956377754938906
GSE302495	4093	0.8991136885873728	0.9468771606360914
GSE302495	4094	0.9481343691870008	0.9733767692653337
GSE302495	4095	0.9365357260094103	0.9672279353599277
GSE302495	4096	0.8945179997811576	0.9443225135728313
GSE302495	4097	0.9010832695043222	0.9479682283872453
GSE302495	4098	0.9483532115111063	0.973492081320903
GSE302495	4099	0.8579713316555422	0.9235571260306242
GSE302495	4100	0.8986760039391618	0.9466343937298294
GSE302495	4101	0.9555750082065871	0.9772829006266787
GSE302495	4102	0.8678192362402889	0.9292325717633274
GSE302495	4103	0.9546996389101652	0.9768248992386923
GSE302495	4104	0.8647554437028121	0.9274733012557212
GSE302495	4105	0.9280008753692964	0.9626560726447219
GSE302495	4106	0.8859831491410439	0.9395451380830819
GSE302495	4107	0.8921107342159974	0.9429794124450612
GSE302495	4108	0.9280008753692964	0.9626560726447219
GSE302495	4109	0.8689134478608163	0.9298594847775176
GSE302495	4110	0.8713207134259766	0.9312361127353526
GSE302495	4111	0.8640989167304957	0.927095562338577
GSE302495	4112	0.835649414596783	0.9104673342870767
GSE302495	4113	0.9376299376299376	0.9678111587982833
GSE302495	4114	0.9260312944523471	0.9615952732644019
GSE302495	4115	0.9223109749425539	0.9595856102003644
GSE302495	4116	0.9188094977568662	0.9576870437956204
GSE302495	4117	0.9041470620417988	0.949660958510516
GSE302495	4118	0.9441952073531021	0.9712967131922557
GSE302495	4119	0.9131195973301236	0.9545870510180736
GSE302495	4120	0.8958310537257905	0.9450536765554658
GSE302495	4121	0.8785425101214575	0.9353448275862069
GSE302495	4122	0.8942991574570522	0.9442005545286507
GSE302495	4123	0.8910165225954699	0.9423677815067699
GSE302495	4124	0.9297516139621402	0.9635971875708778
GSE302495	4125	0.9369734106576212	0.9674613038074793
GSE302495	4126	0.8630047051099683	0.9264654058498767
GSE302495	4127	0.9441952073531021	0.9712967131922557
GSE302495	4128	0.9185906554327607	0.9575681533021558
GSE302495	4129	0.7914432651274756	0.8835817248961642
GSE302495	4130	0.8971441076704234	0.9457838274310763
GSE302495	4131	0.9494474231316337	0.9740682532555007
GSE302495	4132	0.9170587591640224	0.9567351598173517
GSE302495	4133	0.9304081409344567	0.963949665570797
GSE302495	4134	0.9234051865630813	0.9601774945955172
GSE302495	4135	0.8866396761133604	0.9399141630901288
GSE302495	4136	0.9013021118284276	0.9480893186003683
GSE302495	4137	0.9238428712112923	0.960414059833921
GSE302495	4138	0.9205602363497101	0.958637192342753
GSE302495	4139	0.8492176386913229	0.9184615384615386
GSE302495	4140	0.8864208337892548	0.9397911832946636
GSE302495	4141	0.89780063464274	0.94614852398524
GSE302495	4142	0.9369734106576212	0.9674613038074793
GSE302495	4143	0.8942991574570522	0.9442005545286507
GSE302495	4144	0.9225298172666594	0.9597040409789414
GSE302495	4145	0.9183718131086552	0.957449235683322
GSE302495	4146	0.9304081409344567	0.963949665570797
GSE302495	4147	0.8658496553233396	0.9281022753929159
GSE302495	4148	0.9056789583105372	0.9505052824988517
GSE302495	4149	0.8767917715286137	0.9343516791044776
GSE302495	4150	0.9045847466900099	0.949902332529013
GSE302495	4151	0.8636612320822847	0.9268435885392203
GSE302495	4152	0.9153080205711784	0.9557815356489945
GSE302495	4153	0.9487908961593172	0.9737226277372263
GSE302495	4154	0.9015209541525331	0.9482103809414202
GSE302495	4155	0.8982383192909509	0.9463915148720313
GSE302495	4156	0.8894846263267316	0.9415103080843178
GSE302495	4157	0.9181529707845497	0.9573302909298346
GSE302495	4158	0.9115877010613853	0.9537492844876932
GSE302495	4159	0.9089615931721194	0.9523099850968703
GSE302495	4160	0.9413502571397309	0.9697892007665427
GSE302495	4161	0.9242805558595032	0.9606505174570681
GSE302495	4162	0.9168399168399168	0.9566160520607375
GSE302495	4163	0.9207790786738155	0.9587558391249857
GSE302495	4164	0.9343473027683554	0.9660595089942301
GSE302495	4165	0.9133384396542291	0.9547066224408098
GSE302495	4166	0.8975817923186344	0.9460269865067467
GSE302495	4167	0.9439763650289966	0.9711809073511202
GSE302495	4168	0.9308458255826677	0.964184517737731
GSE302495	4169	0.8387132071342598	0.9122827898119495
GSE302495	4170	0.8314914104387788	0.9079937865933804
GSE302495	4171	0.8605974395448079	0.9250764525993883
GSE302495	4172	0.9536054272896378	0.9762518203203764
GSE302495	4173	0.9437575227048911	0.9710650754334609
GSE302495	4174	0.9203413940256046	0.9585185185185184
GSE302495	4175	0.8682569208884998	0.9294834250907813
GSE302495	4176	0.8317102527628844	0.9081242532855436
GSE302495	4177	0.8829193566035671	0.9378196187819619
GSE302495	4178	0.889703468650837	0.94163288940359
GSE302495	4179	0.8796367217419849	0.9359646058912563
GSE302495	4180	0.908305066199803	0.9519495412844037
GSE302495	4181	0.9111500164131743	0.9535096759418298
GSE302495	4182	0.9389429915745705	0.9685101580135441
GSE302495	4183	0.9199037093773936	0.9582810897070557
GSE302495	4184	0.878323667797352	0.9352207852732145
GSE302495	4185	0.8481234270707955	0.9178211959739492
GSE302495	4186	0.9185906554327607	0.9575681533021558
GSE302495	4187	0.9085239085239085	0.9520697167755992
GSE302495	4188	0.9109311740890689	0.9533898305084746
GSE302495	4189	0.8776671408250356	0.9348484848484849
GSE302495	4190	0.9017397964766386	0.9483314154200231
GSE302495	4191	0.8634423897581792	0.9267175572519084
GSE302495	4192	0.8848889375205164	0.9389295251364217
GSE302495	4193	0.9249370828318196	0.9610050022737608
GSE302495	4194	0.8975817923186344	0.9460269865067467
GSE302495	4195	0.915526862895284	0.9559008339997715
GSE302495	4196	0.8888280993544151	0.9411423936971381
GSE302495	4197	0.9360980413611992	0.9669944613993444
GSE302495	4198	0.9253747674800307	0.9612411911798135
GSE302495	4199	0.9341284604442499	0.9659425209323377
GSE302495	4200	0.915526862895284	0.9559008339997715
GSE302495	4201	0.8888280993544151	0.9411423936971381
GSE302495	4202	0.9269066637487691	0.9620670073821692
GSE302495	4203	0.8881715723820987	0.9407742234585071
GSE302495	4204	0.9019586388007441	0.9484524220457945
GSE302495	4205	0.91377612430244	0.95494568324757
GSE302495	4206	0.8621293358135463	0.925960747443883
GSE302495	4207	0.9566692198271146	0.9778548260820938
GSE302495	4208	0.8785425101214575	0.9353448275862069
GSE302495	4209	0.9540431119378487	0.9764811289058125
GSE302495	4210	0.9360980413611992	0.9669944613993444
GSE302495	4211	0.9157457052193895	0.9560201050948138
GSE302495	4212	0.9054601159864317	0.9503847479039853
GSE302495	4213	0.9227486595907649	0.9598224447985431
GSE302495	4214	0.938724149250465	0.9683937238966023
GSE302495	4215	0.9161833898676004	0.956258565555048
GSE302495	4216	0.9319400372031951	0.9647711826008155
GSE302495	4217	0.908742750848014	0.9521898647099288
GSE302495	4218	0.8805120910384068	0.9364599092284417
GSE302495	4219	0.9323777218514061	0.9650056625141563
GSE302495	4220	0.920122551701499	0.9583998176430363
GSE302495	4221	0.9172776014881278	0.9568542403835179
GSE302495	4222	0.9304081409344567	0.963949665570797
GSE302495	4223	0.9118065433854907	0.9538690476190476
GSE302495	4224	0.9402560455192034	0.969208211143695
GSE302495	4225	0.9393806762227815	0.9687429474159331
GSE302495	4226	0.9439763650289966	0.9711809073511202
GSE302495	4227	0.9424444687602582	0.9703695358269491
GSE302495	4228	0.9115877010613853	0.9537492844876932
GSE302495	4229	0.8560017507385929	0.9224148095743426
GSE302495	4230	0.8835758835758836	0.9381898454746137
GSE302495	4231	0.9262501367764525	0.9617132469893206
GSE302495	4232	0.9168399168399168	0.9566160520607375
GSE302495	4233	0.8680380785643943	0.9293580131208996
GSE302495	4234	0.8881715723820987	0.9407742234585071
GSE302495	4235	0.9096181201444359	0.9526701810680724
GSE302495	4236	0.909180435496225	0.9524300779458964
GSE302495	4237	0.902834008097166	0.948936170212766
GSE302495	4238	0.9242805558595032	0.9606505174570681
GSE302495	4239	0.9045847466900099	0.949902332529013
GSE302495	4240	0.859722070248386	0.9245704871734526
GSE302495	4241	0.945070576649524	0.9717596759675967
GSE302495	4242	0.9522923733450049	0.9755632776594552
GSE302495	4243	0.9072108545792756	0.9513482501434308
GSE302495	4244	0.9347849874165663	0.9662934057233344
GSE302495	4245	0.9354415143888828	0.966644052464948
GSE302495	4246	0.9220921326184484	0.9594671524536035
GSE302495	4247	0.9402560455192034	0.969208211143695
GSE302495	4248	0.950541634752161	0.9746437787501403
GSE302495	4249	0.8485611117190065	0.9180774239374926
GSE302495	4250	0.908742750848014	0.9521898647099288
GSE302495	4251	0.9124630703578072	0.9542281725597894
GSE302495	4252	0.9203413940256046	0.9585185185185184
GSE302495	4253	0.8789801947696685	0.9355928255299325
GSE302495	4254	0.9172776014881278	0.9568542403835179
GSE302495	4255	0.9021774811248495	0.9485734008283478
GSE302495	4256	0.8925484188642083	0.9432238667900092
GSE302495	4257	0.8910165225954699	0.9423677815067699
GSE302495	4258	0.9398183608709925	0.9689756317689531
GSE302495	4259	0.9367545683335157	0.9673446327683616
GSE302495	4260	0.91377612430244	0.95494568324757
GSE302495	4261	0.9205602363497101	0.958637192342753
GSE302495	4262	0.9485720538352117	0.973607367475292
GSE302495	4263	0.9249370828318196	0.9610050022737608
GSE302495	4264	0.9531677426414269	0.9760224089635855
GSE302495	4265	0.9124630703578072	0.9542281725597894
GSE302495	4266	0.9420067841120473	0.9701374802794681
GSE302495	4267	0.8772294561768246	0.9346001398927489
GSE302495	4268	0.9290950869898238	0.9632444696539988
GSE302495	4269	0.8735091366670314	0.9324845228361174
GSE302495	4270	0.8800744063901959	0.9362123152135957
GSE302495	4271	0.9015209541525331	0.9482103809414202
GSE302495	4272	0.9251559251559252	0.9611231101511879
GSE302495	4273	0.9321588795273006	0.9648884358364481
GSE302495	4274	0.9498851077798446	0.9742985409652075
GSE302495	4275	0.8651931283510231	0.9277249794673237
GSE302495	4276	0.8962687383740016	0.9452971725331795
GSE302495	4277	0.9074296969033812	0.9514685635612666
GSE302495	4278	0.9153080205711784	0.9557815356489945
GSE302495	4279	0.915526862895284	0.9559008339997715
GSE302495	4280	0.9185906554327607	0.9575681533021558
GSE302495	4281	0.8592843856001751	0.9243173258003766
GSE302495	4282	0.9369734106576212	0.9674613038074793
GSE302495	4283	0.932815406499617	0.965240036231884
GSE302495	4284	0.8892657840026261	0.9413876983667323
GSE302495	4285	0.9341284604442499	0.9659425209323377
GSE302495	4286	0.9135572819783346	0.9548261665141812
GSE302495	4287	0.9306269832585622	0.9640671049648605
GSE302495	4288	0.8774482985009301	0.9347243268446207
GSE302495	4289	0.89780063464274	0.94614852398524
GSE302495	4290	0.909180435496225	0.9524300779458964
GSE302495	4291	0.9295327716380348	0.9634796416014517
GSE302495	4292	0.915526862895284	0.9559008339997715
GSE302495	4293	0.92734434839698	0.9623027137504259
GSE302495	4294	0.9124630703578072	0.9542281725597894
GSE302495	4295	0.9323777218514061	0.9650056625141563
GSE302495	4296	0.9555750082065871	0.9772829006266787
GSE302495	4297	0.8980194769668454	0.9462700334371037
GSE302495	4298	0.9120253857095962	0.953988783335241
GSE302495	4299	0.9104934894408578	0.9531500572737686
GSE302495	4300	0.9174964438122333	0.956973293768546
GSE302495	4301	0.8514060619323777	0.919739952718676
GSE302495	4302	0.8671627092679725	0.9288560712611347
GSE302495	4303	0.8855454644928329	0.9392989786443825
GSE302495	4304	0.9166210745158113	0.9564969171043617
GSE302495	4305	0.8859831491410439	0.9395451380830819
GSE302495	4306	0.9205602363497101	0.958637192342753
GSE302495	4307	0.9015209541525331	0.9482103809414202
GSE302495	4308	0.8872962030856768	0.9402829313543599
GSE302495	4309	0.9527300579932159	0.9757928947663341
GSE302495	4310	0.9133384396542291	0.9547066224408098
GSE302495	4311	0.8859831491410439	0.9395451380830819
GSE302495	4312	0.8942991574570522	0.9442005545286507
GSE302495	4313	0.9026151657730606	0.9488152749022315
GSE302495	4314	0.9295327716380348	0.9634796416014517
GSE302495	4315	0.8603785972207025	0.924950005881661
GSE302495	4316	0.9100558047926469	0.952910174152154
GSE302495	4317	0.8494364810154283	0.9185895160336055
GSE302495	4318	0.933690775796039	0.9657084653689453
GSE302495	4319	0.9437575227048911	0.9710650754334609
GSE302495	4320	0.861035124193019	0.9253292568203199
GSE302495	4321	0.8842324105482	0.9385598141695702
GSE302495	4322	0.9277820330451909	0.9625383130888864
GSE302495	4323	0.8363059415690994	0.9108568704564414
GSE302495	4324	0.9378487799540431	0.9679277244494636
GSE302495	4325	0.9010832695043222	0.9479682283872453
GSE302495	4326	0.9227486595907649	0.9598224447985431
GSE302495	4327	0.8487799540431119	0.9182054924242423
GSE302495	4328	0.9444140496772075	0.9714124929656724
GSE302495	4329	0.9280008753692964	0.9626560726447219
GSE302495	4330	0.8829193566035671	0.9378196187819619
GSE302495	4331	0.9135572819783346	0.9548261665141812
GSE302495	4332	0.9251559251559252	0.9611231101511879
GSE302495	4333	0.9177152861363388	0.9570923199817414
GSE302495	4334	0.9360980413611992	0.9669944613993444
GSE302495	4335	0.9223109749425539	0.9595856102003644
GSE302495	4336	0.920997920997921	0.9588744588744589
GSE302495	4337	0.9255936098041361	0.9613592453687918
GSE302495	4338	0.902396323448955	0.948694351777292
GSE302495	4339	0.9334719334719335	0.9655913978494624
GSE302495	4340	0.8929861035124192	0.9434682080924855
GSE302495	4341	0.9325965641755115	0.9651228626429623
GSE302495	4342	0.9244993981836087	0.9607687059358654
GSE302495	4343	0.9045847466900099	0.949902332529013
GSE302495	4344	0.8848889375205164	0.9389295251364217
GSE302495	4345	0.8916730495677864	0.9427348449791764
GSE302495	4346	0.9494474231316337	0.9740682532555007
GSE302495	4347	0.9006455848561111	0.9477259643062752
GSE302495	4348	0.8599409125724915	0.9246970231791976
GSE302495	4349	0.9606083816610133	0.9799084719276706
GSE302495	4350	0.9356603567129883	0.9667608818541549
GSE302495	4351	0.9308458255826677	0.964184517737731
GSE302495	4352	0.8776671408250356	0.9348484848484849
GSE302495	4353	0.8595032279242806	0.924443921384018
GSE302495	4354	0.9076485392274866	0.9515888493747848
GSE302495	4355	0.9010832695043222	0.9479682283872453
GSE302495	4356	0.8818251449830398	0.9372020002325852
GSE302495	4357	0.8658496553233396	0.9281022753929159
GSE302495	4358	0.9244993981836087	0.9607687059358654
GSE302495	4359	0.9269066637487691	0.9620670073821692
GSE302495	4360	0.9365357260094103	0.9672279353599277
GSE302495	4361	0.9411314148156253	0.9696730552423901
GSE302495	4362	0.9319400372031951	0.9647711826008155
GSE302495	4363	0.8844512528723055	0.9386830797816745
GSE302495	4364	0.8942991574570522	0.9442005545286507
GSE302495	4365	0.8647554437028121	0.9274733012557212
GSE302495	4366	0.9341284604442499	0.9659425209323377
GSE302495	4367	0.9352226720647774	0.9665271966527197
GSE302495	4368	0.8732902943429259	0.9323598130841122
GSE302495	4369	0.9244993981836087	0.9607687059358654
GSE302495	4370	0.945508261297735	0.9719910011248594
GSE302495	4371	0.9056789583105372	0.9505052824988517
GSE302495	4372	0.8877338877338877	0.9405286343612336
GSE302495	4373	0.9080862238756976	0.951829338226861
GSE302495	4374	0.8100448626764416	0.8950550114859146
GSE302495	4375	0.8444031075610023	0.9156383483626008
GSE302495	4376	0.9439763650289966	0.9711809073511202
GSE302495	4377	0.9010832695043222	0.9479682283872453
GSE302495	4378	0.9231863442389758	0.9600591715976331
GSE302495	4379	0.8813874603348287	0.936954751657555
GSE302495	4380	0.9529489003173214	0.9759076647243389
GSE302495	4381	0.9148703359229675	0.9555428571428571
GSE302495	4382	0.9334719334719335	0.9655913978494624
GSE302495	4383	0.9380676222781485	0.9680442637759711
GSE302495	4384	0.9172776014881278	0.9568542403835179
GSE302495	4385	0.7789692526534632	0.8757534752122033
GSE302495	4386	0.9374110953058321	0.9676945668135095
GSE302495	4387	0.903271692745377	0.9491778774289985
GSE302495	4388	0.932815406499617	0.965240036231884
GSE302495	4389	0.8465915308020571	0.9169234415738327
GSE302495	4390	0.8323667797352008	0.908515466380031
GSE302495	4391	0.8706641864536602	0.9308610201216659
GSE302495	4392	0.8932049458365248	0.9435903363772974
GSE302495	4393	0.9098369624685414	0.9527901913601466
GSE302495	4394	0.920122551701499	0.9583998176430363
GSE302495	4395	0.8980194769668454	0.9462700334371037
GSE302495	4396	0.9490097384834227	0.9738378621154279
GSE302495	4397	0.8695699748331327	0.9302352803464825
GSE302495	4398	0.8507495349600612	0.9193567458909779
GSE302495	4399	0.9126819126819127	0.9543478260869565
GSE302495	4400	0.896049896049896	0.9451754385964912
GSE302495	4401	0.920122551701499	0.9583998176430363
GSE302495	4402	0.9665171244118612	0.9829735143556643
GSE302495	4403	0.8857643068169384	0.9394220726470929
GSE302495	4404	0.9330342488237225	0.9653571832899355
GSE302495	4405	0.9185906554327607	0.9575681533021558
GSE302495	4406	0.9341284604442499	0.9659425209323377
GSE302495	4407	0.9107123317649634	0.9532699576222655
GSE302495	4408	0.9194660247291826	0.9580435526165774
GSE302495	4409	0.928219717693402	0.9627738054704347
GSE302495	4410	0.8853266221687275	0.939175856065003
GSE302495	4411	0.9026151657730606	0.9488152749022315
GSE302495	4412	0.8846700951964109	0.9388063167673013
GSE302495	4413	0.902834008097166	0.948936170212766
GSE302495	4414	0.8857643068169384	0.9394220726470929
GSE302495	4415	0.9067731699310647	0.9511075404567888
GSE302495	4416	0.9586388007440639	0.9788826815642457
GSE302495	4417	0.9398183608709925	0.9689756317689531
GSE302495	4418	0.926468979100558	0.9618311939111667
GSE302495	4419	0.8807309333625123	0.936583663020712
GSE302495	4420	0.9006455848561111	0.9477259643062752
GSE302495	4421	0.9579822737717475	0.9785402928355874
GSE302495	4422	0.9096181201444359	0.9526701810680724
GSE302495	4423	0.8662873399715505	0.9283536585365854
GSE302495	4424	0.8988948462632673	0.9467557911720641
GSE302495	4425	0.9174964438122333	0.956973293768546
GSE302495	4426	0.8910165225954699	0.9423677815067699
GSE302495	4427	0.9341284604442499	0.9659425209323377
GSE302495	4428	0.9299704562862458	0.9637147068828665
GSE302495	4429	0.8805120910384068	0.9364599092284417
GSE302495	4430	0.9183718131086552	0.957449235683322
GSE302495	4431	0.9067731699310647	0.9511075404567888
GSE302495	4432	0.7949447423131634	0.8857595708363813
GSE302495	4433	0.9304081409344567	0.963949665570797
GSE302495	4434	0.9017397964766386	0.9483314154200231
GSE302495	4435	0.9124630703578072	0.9542281725597894
GSE302495	4436	0.9555750082065871	0.9772829006266787
GSE302495	4437	0.91377612430244	0.95494568324757
GSE302495	4438	0.8816063026589342	0.9370783903233311
GSE302495	4439	0.9190283400809717	0.9578059071729957
GSE302495	4440	0.8581901739796477	0.923683900600636
GSE302495	4441	0.95688806215122	0.9779691344218296
GSE302495	4442	0.9236240288871868	0.9602957906712173
GSE302495	4443	0.9205602363497101	0.958637192342753
GSE302495	4444	0.9107123317649634	0.9532699576222655
GSE302495	4445	0.896049896049896	0.9451754385964912
GSE302495	4446	0.938724149250465	0.9683937238966023
GSE302495	4447	0.8739468213152424	0.9327338549573747
GSE302495	4448	0.8862019914651493	0.9396681749622926
GSE302495	4449	0.921873290294343	0.9593486677294466
GSE302495	4450	0.9350038297406719	0.9664103144085049
GSE302495	4451	0.8829193566035671	0.9378196187819619
GSE302495	4452	0.8997702155596893	0.9472411012556157
GSE302495	4453	0.9207790786738155	0.9587558391249857
GSE302495	4454	0.9255936098041361	0.9613592453687918
GSE302495	4455	0.8903599956231535	0.9420004630701552
GSE302495	4456	0.8645366013787067	0.9273474178403757
GSE302495	4457	0.8157347631031842	0.898517536458961
GSE302495	4458	0.9249370828318196	0.9610050022737608
GSE302495	4459	0.9444140496772075	0.9714124929656724
GSE302495	4460	0.9424444687602582	0.9703695358269491
GSE302495	4461	0.9074296969033812	0.9514685635612666
GSE302495	4462	0.9503227924280556	0.9745287253141832
GSE302495	4463	0.9069920122551701	0.9512279091117742
GSE302495	4464	0.9352226720647774	0.9665271966527197
GSE302495	4465	0.9295327716380348	0.9634796416014517
GSE302495	4466	0.9498851077798446	0.9742985409652075
GSE302495	4467	0.9647663858190174	0.9820672755624861
GSE302495	4468	0.8921107342159974	0.9429794124450612
GSE302495	4469	0.8816063026589342	0.9370783903233311
GSE302495	4470	0.8844512528723055	0.9386830797816745
GSE302495	4471	0.8984571616150564	0.9465129682997118
GSE302495	4472	0.8756975599080862	0.933730019834325
GSE302495	4473	0.9426633110843637	0.9704855243888701
GSE302495	4474	0.9284385600175074	0.9628915115751248
GSE302495	4475	0.8958310537257905	0.9450536765554658
GSE302495	4476	0.9177152861363388	0.9570923199817414
GSE302495	4477	0.8168289747237115	0.8991809202601782
GSE302495	4478	0.908742750848014	0.9521898647099288
GSE302495	4479	0.9367545683335157	0.9673446327683616
GSE302495	4480	0.9435386803807857	0.9709492174304696
GSE302495	4481	0.9354415143888828	0.966644052464948
GSE302495	4482	0.872852609694715	0.9321103061462959
GSE302495	4483	0.9339096181201444	0.9658255063935726
GSE302495	4484	0.9345661450924608	0.9661764705882352
GSE302495	4485	0.9085239085239085	0.9520697167755992
GSE302495	4486	0.8275522486048802	0.9056400431086098
GSE302495	4487	0.891454207243681	0.9426125188013422
GSE302495	4488	0.9229675019148703	0.9599408216683737
GSE302495	4489	0.9363168836853047	0.967111211573237
GSE302495	4490	0.9402560455192034	0.969208211143695
GSE302495	4491	0.9459459459459459	0.9722222222222222
GSE302495	4492	0.9564503775030091	0.9777404921700223
GSE302495	4493	0.8846700951964109	0.9388063167673013
GSE302495	4494	0.8890469416785206	0.9412650602409639
GSE302495	4495	0.9260312944523471	0.9615952732644019
GSE302495	4496	0.9437575227048911	0.9710650754334609
GSE302495	4497	0.8921107342159974	0.9429794124450612
GSE302495	4498	0.8551263814421709	0.9219063347882505
GSE302495	4499	0.9435386803807857	0.9709492174304696
GSE302495	4500	0.9111500164131743	0.9535096759418298
GSE302495	4501	0.9037093773935879	0.9494194735027014
GSE302495	4502	0.9323777218514061	0.9650056625141563
GSE302495	4503	0.9107123317649634	0.9532699576222655
GSE302495	4504	0.9188094977568662	0.9576870437956204
GSE302495	4505	0.8649742860269176	0.9275991551279043
GSE302495	4506	0.9498851077798446	0.9742985409652075
GSE302495	4507	0.8881715723820987	0.9407742234585071
GSE302495	4508	0.8798555640660903	0.9360884749708963
GSE302495	4509	0.903271692745377	0.9491778774289985
GSE302495	4510	0.9262501367764525	0.9617132469893206
GSE302495	4511	0.9468213152423679	0.9726843525179856
GSE302495	4512	0.9102746471167524	0.9530301294535457
GSE302495	4513	0.8791990370937739	0.9357167811808548
GSE302495	4514	0.9216544479702374	0.9592301560186767
GSE302495	4515	0.9343473027683554	0.9660595089942301
GSE302495	4516	0.9459459459459459	0.9722222222222222
GSE302495	4517	0.9516358463726885	0.9752186588921283
GSE302495	4518	0.9148703359229675	0.9555428571428571
GSE302495	4519	0.8584090163037531	0.923810645313236
GSE302495	4520	0.9080862238756976	0.951829338226861
GSE302495	4521	0.9063354852828537	0.9508667202387785
GSE302495	4522	0.9354415143888828	0.966644052464948
GSE302495	4523	0.903271692745377	0.9491778774289985
GSE302495	4524	0.9422256264361527	0.9702535211267604
GSE302495	4525	0.8984571616150564	0.9465129682997118
GSE302495	4526	0.9516358463726885	0.9752186588921283
GSE302495	4527	0.8789801947696685	0.9355928255299325
GSE302495	4528	0.9159645475434949	0.9561393489434609
GSE302495	4529	0.8925484188642083	0.9432238667900092
GSE302495	4530	0.9369734106576212	0.9674613038074793
GSE302495	4531	0.8953933690775796	0.9448100681214641
GSE302495	4532	0.9446328920013131	0.971528246680171
GSE302495	4533	0.932815406499617	0.965240036231884
GSE302495	4534	0.8689134478608163	0.9298594847775176
GSE302495	4535	0.9161833898676004	0.956258565555048
GSE302495	4536	0.8564394353868038	0.9226688671460568
GSE302495	4537	0.9142138089506511	0.9551846347319081
GSE302495	4538	0.9225298172666594	0.9597040409789414
GSE302495	4539	0.938724149250465	0.9683937238966023
GSE302495	4540	0.9525112156691105	0.9756780990809236
GSE302495	4541	0.9409125724915198	0.9695568835268914
GSE302495	4542	0.9072108545792756	0.9513482501434308
GSE302495	4543	0.939599518546887	0.9688593027191695
GSE302495	4544	0.9654229127913339	0.982407304309097
GSE302495	4545	0.9019586388007441	0.9484524220457945
GSE302495	4546	0.9417879417879418	0.9700214132762313
GSE302495	4547	0.9214356056461319	0.9591116173120728
GSE302495	4548	0.8813874603348287	0.936954751657555
GSE302495	4549	0.909180435496225	0.9524300779458964
GSE302495	4550	0.9356603567129883	0.9667608818541549
GSE302495	4551	0.8767917715286137	0.9343516791044776
GSE302495	4552	0.9290950869898238	0.9632444696539988
GSE302495	4553	0.9188094977568662	0.9576870437956204
GSE302495	4554	0.872852609694715	0.9321103061462959
GSE302495	4555	0.8881715723820987	0.9407742234585071
GSE302495	4556	0.9321588795273006	0.9648884358364481
GSE302495	4557	0.957325746799431	0.9781976744186046
GSE302495	4558	0.9242805558595032	0.9606505174570681
GSE302495	4559	0.914651493598862	0.9554234769687965
GSE302495	4560	0.8676003939161834	0.9291071010077337
GSE302495	4561	0.9174964438122333	0.956973293768546
GSE302495	4562	0.9139949666265456	0.9550651726503544
GSE302495	4563	0.8468103731261626	0.9170517833866573
GSE302495	4564	0.9102746471167524	0.9530301294535457
GSE302495	4565	0.8756975599080862	0.933730019834325
GSE302495	4566	0.8879527300579932	0.9406514431436189
GSE302495	4567	0.8802932487143014	0.9363361266294228
GSE302495	4568	0.9636721741984899	0.9815000557227237
GSE302495	4569	0.9111500164131743	0.9535096759418298
GSE302495	4570	0.8796367217419849	0.9359646058912563
GSE302495	4571	0.9286574023416129	0.9630091909678884
GSE302495	4572	0.9102746471167524	0.9530301294535457
GSE302495	4573	0.914651493598862	0.9554234769687965
GSE302495	4574	0.9286574023416129	0.9630091909678884
GSE302495	4575	0.9174964438122333	0.956973293768546
GSE302495	4576	0.8522814312287996	0.9202504725897921
GSE302495	4577	0.8726337673706095	0.9319855089400491
GSE302495	4578	0.9247182405077142	0.9608868675383742
GSE302495	4579	0.9212167633220265	0.95899305160041
GSE302495	4580	0.9185906554327607	0.9575681533021558
GSE302495	4581	0.9199037093773936	0.9582810897070557
GSE302495	4582	0.9492285808075281	0.9739530706186146
GSE302495	4583	0.8870773607615713	0.9401600371100545
GSE302495	4584	0.8934237881606303	0.943712436430883
GSE302495	4585	0.9157457052193895	0.9560201050948138
GSE302495	4586	0.9093992778203305	0.9525501432664757
GSE302495	4587	0.8866396761133604	0.9399141630901288
GSE302495	4588	0.8986760039391618	0.9466343937298294
GSE302495	4589	0.957763431447642	0.9784261122289292
GSE302495	4590	0.8750410329357697	0.9333566760037348
GSE302495	4591	0.9426633110843637	0.9704855243888701
GSE302495	4592	0.9093992778203305	0.9525501432664757
GSE302495	4593	0.9111500164131743	0.9535096759418298
GSE302495	4594	0.8682569208884998	0.9294834250907813
GSE302495	4595	0.9126819126819127	0.9543478260869565
GSE302495	4596	0.9564503775030091	0.9777404921700223
GSE302495	4597	0.9452894189736295	0.9718753515581056
GSE302495	4598	0.9266878214246635	0.9619491140390731
GSE302495	4599	0.9431009957325747	0.9707174231332357
GSE302495	4600	0.8454973191815297	0.9162812759397605
GSE302495	4601	0.8953933690775796	0.9448100681214641
GSE302495	4602	0.9111500164131743	0.9535096759418298
GSE302495	4603	0.8986760039391618	0.9466343937298294
GSE302495	4604	0.9301892986103513	0.9638321995464852
GSE302495	4605	0.9463836305941569	0.9724533393298853
GSE302495	4606	0.9560126928547981	0.9775117475945402
GSE302495	4607	0.9236240288871868	0.9602957906712173
GSE302495	4608	0.8953933690775796	0.9448100681214641
GSE302495	4609	0.9089615931721194	0.9523099850968703
GSE302495	4610	0.920122551701499	0.9583998176430363
GSE302495	4611	0.89780063464274	0.94614852398524
GSE302495	4612	0.896487580698107	0.9454188783752596
GSE302495	4613	0.8892657840026261	0.9413876983667323
GSE302495	4614	0.9126819126819127	0.9543478260869565
GSE302495	4615	0.9006455848561111	0.9477259643062752
GSE302495	4616	0.9063354852828537	0.9508667202387785
GSE302495	4617	0.8708830287777656	0.9309860802433033
GSE302495	4618	0.9422256264361527	0.9702535211267604
GSE302495	4619	0.9470401575664733	0.9727998201641003
GSE302495	4620	0.902396323448955	0.948694351777292
GSE302495	4621	0.8341175183280446	0.9095573320606133
GSE302495	4622	0.8752598752598753	0.9334811529933481
GSE302495	4623	0.8947368421052632	0.9444444444444444
GSE302495	4624	0.9185906554327607	0.9575681533021558
GSE302495	4625	0.91377612430244	0.95494568324757
GSE302495	4626	0.8643177590546012	0.9272215048714638
GSE302495	4627	0.9304081409344567	0.963949665570797
GSE302495	4628	0.8842324105482	0.9385598141695702
GSE302495	4629	0.9446328920013131	0.971528246680171
GSE302495	4630	0.885107779844622	0.9390527048990017
GSE302495	4631	0.885107779844622	0.9390527048990017
GSE302495	4632	0.9010832695043222	0.9479682283872453
GSE302495	4633	0.8918918918918919	0.9428571428571428
GSE302495	4634	0.8975817923186344	0.9460269865067467
GSE302495	4635	0.9525112156691105	0.9756780990809236
GSE302495	4636	0.9330342488237225	0.9653571832899355
GSE302495	4637	0.9266878214246635	0.9619491140390731
GSE302495	4638	0.8684757632126053	0.9296088076832982
GSE302495	4639	0.9319400372031951	0.9647711826008155
GSE302495	4640	0.8903599956231535	0.9420004630701552
GSE302495	4641	0.9109311740890689	0.9533898305084746
GSE302495	4642	0.9168399168399168	0.9566160520607375
GSE302495	4643	0.9192471824050772	0.9579247434435576
GSE302495	4644	0.9402560455192034	0.969208211143695
GSE302495	4645	0.9074296969033812	0.9514685635612666
GSE302495	4646	0.8899223109749426	0.9417554423344141
GSE302495	4647	0.902834008097166	0.948936170212766
GSE302495	4648	0.8570959623591202	0.9230497289653548
GSE302495	4649	0.9164022321917059	0.956377754938906
GSE302495	4650	0.9299704562862458	0.9637147068828665
GSE302495	4651	0.9496662654557392	0.9741834100347962
GSE302495	4652	0.7778750410329358	0.8750615460364353
GSE302495	4653	0.915526862895284	0.9559008339997715
GSE302495	4654	0.9271255060728745	0.9621848739495799
GSE302495	4655	0.951417004048583	0.975103734439834
GSE302495	4656	0.8864208337892548	0.9397911832946636
GSE302495	4657	0.8879527300579932	0.9406514431436189
GSE302495	4658	0.9107123317649634	0.9532699576222655
GSE302495	4659	0.8791990370937739	0.9357167811808548
GSE302495	4660	0.8975817923186344	0.9460269865067467
GSE302495	4661	0.9284385600175074	0.9628915115751248
GSE302495	4662	0.8796367217419849	0.9359646058912563
GSE302495	4663	0.914651493598862	0.9554234769687965
GSE302495	4664	0.8770106138527192	0.9344759239827446
GSE302495	4665	0.9258124521282416	0.9614772727272727
GSE302495	4666	0.9476966845387897	0.9731460674157303
GSE302495	4667	0.8918918918918919	0.9428571428571428
GSE302495	4668	0.9067731699310647	0.9511075404567888
GSE302495	4669	0.8625670204617573	0.9262131359417225
GSE302495	4670	0.9069920122551701	0.9512279091117742
GSE302495	4671	0.9310646679067732	0.9643019038984588
GSE302495	4672	0.8568771200350148	0.9229228049499116
GSE302495	4673	0.945508261297735	0.9719910011248594
GSE302495	4674	0.9220921326184484	0.9594671524536035
GSE302495	4675	0.9483532115111063	0.973492081320903
GSE302495	4676	0.8785425101214575	0.9353448275862069
GSE302495	4677	0.9120253857095962	0.953988783335241
GSE302495	4678	0.9006455848561111	0.9477259643062752
GSE302495	4679	0.9034905350694824	0.9492986893538744
GSE302495	4680	0.940037203195098	0.9690919345741682
GSE302495	4681	0.933690775796039	0.9657084653689453
GSE302495	4682	0.8737279789911369	0.9326092034571363
GSE302495	4683	0.8463726884779517	0.9167950693374423
GSE302495	4684	0.8980194769668454	0.9462700334371037
GSE302495	4685	0.8958310537257905	0.9450536765554658
GSE302495	4686	0.9444140496772075	0.9714124929656724
GSE302495	4687	0.9240617135353978	0.9605323020928116
GSE302495	4688	0.8457161615056352	0.9164097699786579
GSE302495	4689	0.8168289747237115	0.8991809202601782
GSE302495	4690	0.9369734106576212	0.9674613038074793
GSE302495	4691	0.909180435496225	0.9524300779458964
GSE302495	4692	0.920122551701499	0.9583998176430363
GSE302495	4693	0.9102746471167524	0.9530301294535457
GSE302495	4694	0.8942991574570522	0.9442005545286507
GSE302495	4695	0.872414925046504	0.9318606825619449
GSE302495	4696	0.8730714520188204	0.9322350741909101
GSE302495	4697	0.9334719334719335	0.9655913978494624
GSE302495	4698	0.9098369624685414	0.9527901913601466
GSE302495	4699	0.9183718131086552	0.957449235683322
GSE302495	4700	0.8754787175839808	0.9336056009334889
GSE302495	4701	0.8595032279242806	0.924443921384018
GSE302495	4702	0.7991027464711675	0.888334752463204
GSE302495	4703	0.8881715723820987	0.9407742234585071
GSE302495	4704	0.9431009957325747	0.9707174231332357
GSE302495	4705	0.8544698544698545	0.92152466367713
GSE302495	4706	0.9363168836853047	0.967111211573237
GSE302495	4707	0.8588467009519641	0.9240640452083824
GSE302495	4708	0.8820439873071452	0.9373255813953487
GSE302495	4709	0.9531677426414269	0.9760224089635855
GSE302495	4710	0.9122442280337018	0.9541084916456856
GSE302495	4711	0.8520625889046942	0.9201228878648233
GSE302495	4712	0.9255936098041361	0.9613592453687918
GSE302495	4713	0.8991136885873728	0.9468771606360914
GSE302495	4714	0.8726337673706095	0.9319855089400491
GSE302495	4715	0.8448407922092133	0.9158956109134044
GSE302495	4716	0.9437575227048911	0.9710650754334609
GSE302495	4717	0.9104934894408578	0.9531500572737686
GSE302495	4718	0.9207790786738155	0.9587558391249857
GSE302495	4719	0.9360980413611992	0.9669944613993444
GSE302495	4720	0.9262501367764525	0.9617132469893206
GSE302495	4721	0.9319400372031951	0.9647711826008155
GSE302495	4722	0.903271692745377	0.9491778774289985
GSE302495	4723	0.8511872196082723	0.9196122473105568
GSE302495	4724	0.9579822737717475	0.9785402928355874
GSE302495	4725	0.9199037093773936	0.9582810897070557
GSE302495	4726	0.8971441076704234	0.9457838274310763
GSE302495	4727	0.9286574023416129	0.9630091909678884
GSE302495	4728	0.9417879417879418	0.9700214132762313
GSE302495	4729	0.889703468650837	0.94163288940359
GSE302495	4730	0.9115877010613853	0.9537492844876932
GSE302495	4731	0.8888280993544151	0.9411423936971381
GSE302495	4732	0.872414925046504	0.9318606825619449
GSE302495	4733	0.9078673815515921	0.9517091075934847
GSE302495	4734	0.9374110953058321	0.9676945668135095
GSE302495	4735	0.9166210745158113	0.9564969171043617
GSE302495	4736	0.9457271036218404	0.9721066246766393
GSE302495	4737	0.9571069044753255	0.9780834171978083
GSE302495	4738	0.8827005142794616	0.9376961525049402
GSE302495	4739	0.9380676222781485	0.9680442637759711
GSE302495	4740	0.908742750848014	0.9521898647099288
GSE302495	4741	0.8564394353868038	0.9226688671460568
GSE302495	4742	0.9269066637487691	0.9620670073821692
GSE302495	4743	0.8870773607615713	0.9401600371100545
GSE302495	4744	0.9325965641755115	0.9651228626429623
GSE302495	4745	0.9234051865630813	0.9601774945955172
GSE302495	4746	0.9236240288871868	0.9602957906712173
GSE302495	4747	0.9030528504212715	0.9490570377184914
GSE302495	4748	0.9244993981836087	0.9607687059358654
GSE302495	4749	0.9468213152423679	0.9726843525179856
GSE302495	4750	0.9056789583105372	0.9505052824988517
GSE302495	4751	0.9290950869898238	0.9632444696539988
GSE302495	4752	0.9076485392274866	0.9515888493747848
GSE302495	4753	0.9188094977568662	0.9576870437956204
GSE302495	4754	0.8487799540431119	0.9182054924242423
GSE302495	4755	0.8857643068169384	0.9394220726470929
GSE302495	4756	0.9039282197176934	0.9495402298850575
GSE302495	4757	0.8984571616150564	0.9465129682997118
GSE302495	4758	0.9223109749425539	0.9595856102003644
GSE302495	4759	0.9115877010613853	0.9537492844876932
GSE302495	4760	0.9325965641755115	0.9651228626429623
GSE302495	4761	0.914651493598862	0.9554234769687965
GSE302495	4762	0.8676003939161834	0.9291071010077337
GSE302495	4763	0.9511981617244775	0.974988784208165
GSE302495	4764	0.9043659043659044	0.9497816593886463
GSE302495	4765	0.9345661450924608	0.9661764705882352
GSE302495	4766	0.8872962030856768	0.9402829313543599
GSE302495	4767	0.9413502571397309	0.9697892007665427
GSE302495	4768	0.9212167633220265	0.95899305160041
GSE302495	4769	0.8152970784549732	0.8982519590114526
GSE302495	4770	0.9102746471167524	0.9530301294535457
GSE302495	4771	0.8789801947696685	0.9355928255299325
GSE302495	4772	0.9139949666265456	0.9550651726503544
GSE302495	4773	0.92734434839698	0.9623027137504259
GSE302495	4774	0.9479155268628953	0.973261431299854
GSE302495	4775	0.8868585184374658	0.9400371143586175
GSE302495	4776	0.9511981617244775	0.974988784208165
GSE302495	4777	0.8923295765401028	0.9431016537527466
GSE302495	4778	0.8514060619323777	0.919739952718676
GSE302495	4779	0.9034905350694824	0.9492986893538744
GSE302495	4780	0.9122442280337018	0.9541084916456856
GSE302495	4781	0.8678192362402889	0.9292325717633274
GSE302495	4782	0.9085239085239085	0.9520697167755992
GSE302495	4783	0.9181529707845497	0.9573302909298346
GSE302495	4784	0.9253747674800307	0.9612411911798135
GSE302495	4785	0.9310646679067732	0.9643019038984588
GSE302495	4786	0.9310646679067732	0.9643019038984588
GSE302495	4787	0.9063354852828537	0.9508667202387785
GSE302495	4788	0.8986760039391618	0.9466343937298294
GSE302495	4789	0.8997702155596893	0.9472411012556157
GSE302495	4790	0.9220921326184484	0.9594671524536035
GSE302495	4791	0.9551373235583762	0.9770539511976718
GSE302495	4792	0.9227486595907649	0.9598224447985431
GSE302495	4793	0.8763540868804026	0.9341031024026126
GSE302495	4794	0.871539555750082	0.9313610851262862
GSE302495	4795	0.9212167633220265	0.95899305160041
GSE302495	4796	0.9437575227048911	0.9710650754334609
GSE302495	4797	0.9308458255826677	0.964184517737731
GSE302495	4798	0.9533865849655323	0.9761371274927179
GSE302495	4799	0.9153080205711784	0.9557815356489945
GSE302495	4800	0.8973629499945289	0.9459054209919261
GSE302495	4801	0.8916730495677864	0.9427348449791764
GSE302495	4802	0.8785425101214575	0.9353448275862069
GSE302495	4803	0.9100558047926469	0.952910174152154
GSE302495	4804	0.8636612320822847	0.9268435885392203
GSE302495	4805	0.859722070248386	0.9245704871734526
GSE302495	4806	0.8684757632126053	0.9296088076832982
GSE302495	4807	0.9341284604442499	0.9659425209323377
GSE302495	4808	0.8805120910384068	0.9364599092284417
GSE302495	4809	0.9179341284604442	0.9572113190324052
GSE302495	4810	0.8395885764306817	0.9128003806804663
GSE302495	4811	0.957325746799431	0.9781976744186046
GSE302495	4812	0.8822628296312507	0.9374491338216486
GSE302495	4813	0.8956122114016851	0.9449318864003694
GSE302495	4814	0.8840135682240945	0.938436519921013
GSE302495	4815	0.928219717693402	0.9627738054704347
GSE302495	4816	0.9037093773935879	0.9494194735027014
GSE302495	4817	0.957325746799431	0.9781976744186046
GSE302495	4818	0.8750410329357697	0.9333566760037348
GSE302495	4819	0.8323667797352008	0.908515466380031
GSE302495	4820	0.9144326512747566	0.9553040695016004
GSE302495	4821	0.957763431447642	0.9784261122289292
GSE302495	4822	0.9516358463726885	0.9752186588921283
GSE302495	4823	0.9216544479702374	0.9592301560186767
GSE302495	4824	0.9015209541525331	0.9482103809414202
GSE302495	4825	0.8899223109749426	0.9417554423344141
GSE302495	4826	0.8940803151329467	0.9440785673021376
GSE302495	4827	0.9124630703578072	0.9542281725597894
GSE302495	4828	0.8975817923186344	0.9460269865067467
GSE302495	4829	0.9501039501039501	0.9744136460554371
GSE302495	4830	0.810701389648758	0.8954556441866086
GSE302495	4831	0.883357041251778	0.9380664652567975
GSE302495	4832	0.9310646679067732	0.9643019038984588
GSE302495	4833	0.9522923733450049	0.9755632776594552
GSE302495	4834	0.9415690994638363	0.9699053201082056
GSE302495	4835	0.940037203195098	0.9690919345741682
GSE302495	4836	0.8822628296312507	0.9374491338216486
GSE302495	4837	0.896925265346318	0.9456622058144901
GSE302495	4838	0.8879527300579932	0.9406514431436189
GSE302495	4839	0.8916730495677864	0.9427348449791764
GSE302495	4840	0.8614728088412299	0.9255819421584763
GSE302495	4841	0.8479045847466901	0.9176930364756041
GSE302495	4842	0.9045847466900099	0.949902332529013
GSE302495	4843	0.9306269832585622	0.9640671049648605
GSE302495	4844	0.9319400372031951	0.9647711826008155
GSE302495	4845	0.9157457052193895	0.9560201050948138
GSE302495	4846	0.9297516139621402	0.9635971875708778
GSE302495	4847	0.8934237881606303	0.943712436430883
GSE302495	4848	0.920122551701499	0.9583998176430363
GSE302495	4849	0.9216544479702374	0.9592301560186767
GSE302495	4850	0.9402560455192034	0.969208211143695
GSE302495	4851	0.920122551701499	0.9583998176430363
GSE302495	4852	0.9339096181201444	0.9658255063935726
GSE302495	4853	0.9321588795273006	0.9648884358364481
GSE302495	4854	0.896487580698107	0.9454188783752596
GSE302495	4855	0.8163912900755006	0.8989156626506024
GSE302495	4856	0.8975817923186344	0.9460269865067467
GSE302495	4857	0.9334719334719335	0.9655913978494624
GSE302495	4858	0.9470401575664733	0.9727998201641003
GSE302495	4859	0.9017397964766386	0.9483314154200231
GSE302495	4860	0.9196848670532881	0.9581623347013224
GSE302495	4861	0.9177152861363388	0.9570923199817414
GSE302495	4862	0.9253747674800307	0.9612411911798135
GSE302495	4863	0.9109311740890689	0.9533898305084746
GSE302495	4864	0.8599409125724915	0.9246970231791976
GSE302495	4865	0.9048035890141153	0.9500229779411764
GSE302495	4866	0.871977240398293	0.9316109422492401
GSE302495	4867	0.8883904147062042	0.9408969753157955
GSE302495	4868	0.9030528504212715	0.9490570377184914
GSE302495	4869	0.9179341284604442	0.9572113190324052
GSE302495	4870	0.9299704562862458	0.9637147068828665
GSE302495	4871	0.9102746471167524	0.9530301294535457
GSE302495	4872	0.8651931283510231	0.9277249794673237
GSE302495	4873	0.9409125724915198	0.9695568835268914
GSE302495	4874	0.933253091147828	0.9654743038261262
GSE302495	4875	0.9345661450924608	0.9661764705882352
GSE302495	4876	0.8684757632126053	0.9296088076832982
GSE302495	4877	0.9363168836853047	0.967111211573237
GSE302495	4878	0.9711128132180764	0.9853447318752082
GSE302495	4879	0.9021774811248495	0.9485734008283478
GSE302495	4880	0.9617025932815406	0.9804774654172245
GSE302495	4881	0.8872962030856768	0.9402829313543599
GSE302495	4882	0.9109311740890689	0.9533898305084746
GSE302495	4883	0.9231863442389758	0.9600591715976331
GSE302495	4884	0.9260312944523471	0.9615952732644019
GSE302495	4885	0.8781048254732465	0.9350967140526684
GSE302495	4886	0.909180435496225	0.9524300779458964
GSE302495	4887	0.8980194769668454	0.9462700334371037
GSE302495	4888	0.9531677426414269	0.9760224089635855
GSE302495	4889	0.823394244446876	0.9031445031204993
GSE302495	4890	0.9231863442389758	0.9600591715976331
GSE302495	4891	0.9503227924280556	0.9745287253141832
GSE302495	4892	0.9196848670532881	0.9581623347013224
GSE302495	4893	0.9131195973301236	0.9545870510180736
GSE302495	4894	0.8669438669438669	0.9287305122494433
GSE302495	4895	0.9225298172666594	0.9597040409789414
GSE302495	4896	0.9120253857095962	0.953988783335241
GSE302495	4897	0.8791990370937739	0.9357167811808548
GSE302495	4898	0.9448517343254186	0.9716439743445482
GSE302495	4899	0.932815406499617	0.965240036231884
GSE302495	4900	0.9312835102308786	0.9644192634560907
GSE302495	4901	0.9339096181201444	0.9658255063935726
GSE302495	4902	0.9072108545792756	0.9513482501434308
GSE302495	4903	0.9238428712112923	0.960414059833921
GSE302495	4904	0.9363168836853047	0.967111211573237
GSE302495	4905	0.9214356056461319	0.9591116173120728
GSE302495	4906	0.8903599956231535	0.9420004630701552
GSE302495	4907	0.9310646679067732	0.9643019038984588
GSE302495	4908	0.8472480577743735	0.9173083757848596
GSE302495	4909	0.872852609694715	0.9321103061462959
GSE302495	4910	0.8721960827223985	0.9317358270017533
GSE302495	4911	0.8489987963672174	0.9183335305953367
GSE302495	4912	0.8711018711018711	0.9311111111111111
GSE302495	4913	0.9474778422146843	0.9730306776042252
GSE302495	4914	0.9190283400809717	0.9578059071729957
GSE302495	4915	0.9247182405077142	0.9608868675383742
GSE302495	4916	0.9100558047926469	0.952910174152154
GSE302495	4917	0.8973629499945289	0.9459054209919261
GSE302495	4918	0.9288762446657184	0.9631268436578171
GSE302495	4919	0.9058978006346428	0.9506257894132507
GSE302495	4920	0.8717583980741875	0.9314860282941657
GSE302495	4921	0.8894846263267316	0.9415103080843178
GSE302495	4922	0.9321588795273006	0.9648884358364481
GSE302495	4923	0.9159645475434949	0.9561393489434609
GSE302495	4924	0.928219717693402	0.9627738054704347
GSE302495	4925	0.9174964438122333	0.956973293768546
GSE302495	4926	0.885107779844622	0.9390527048990017
GSE302495	4927	0.9244993981836087	0.9607687059358654
GSE302495	4928	0.9013021118284276	0.9480893186003683
GSE302495	4929	0.8595032279242806	0.924443921384018
GSE302495	4930	0.9317211948790897	0.9646539027982327
GSE302495	4931	0.9188094977568662	0.9576870437956204
GSE302495	4932	0.896049896049896	0.9451754385964912
GSE302495	4933	0.9037093773935879	0.9494194735027014
GSE302495	4934	0.9238428712112923	0.960414059833921
GSE302495	4935	0.9157457052193895	0.9560201050948138
GSE302495	4936	0.9260312944523471	0.9615952732644019
GSE302495	4937	0.9385053069263596	0.9682772634906299
GSE302495	4938	0.9551373235583762	0.9770539511976718
GSE302495	4939	0.8827005142794616	0.9376961525049402
GSE302495	4940	0.812452128241602	0.896522579087177
GSE302495	4941	0.9494474231316337	0.9740682532555007
GSE302495	4942	0.9498851077798446	0.9742985409652075
GSE302495	4943	0.9498851077798446	0.9742985409652075
GSE302495	4944	0.8934237881606303	0.943712436430883
GSE302495	4945	0.8590655432760695	0.924190700412007
GSE302495	4946	0.9142138089506511	0.9551846347319081
GSE302495	4947	0.908742750848014	0.9521898647099288
GSE302495	4948	0.877885983149141	0.9349726139144622
GSE302495	4949	0.9597330123645913	0.9794528196538247
GSE302495	4950	0.8879527300579932	0.9406514431436189
GSE302495	4951	0.9148703359229675	0.9555428571428571
GSE302495	4952	0.8921107342159974	0.9429794124450612
GSE302495	4953	0.908305066199803	0.9519495412844037
GSE302495	4954	0.9308458255826677	0.964184517737731
GSE302495	4955	0.9196848670532881	0.9581623347013224
GSE302495	4956	0.8800744063901959	0.9362123152135957
GSE302495	4957	0.8899223109749426	0.9417554423344141
GSE302495	4958	0.8892657840026261	0.9413876983667323
GSE302495	4959	0.8074187547871758	0.8934495701658797
GSE302495	4960	0.9301892986103513	0.9638321995464852
GSE302495	4961	0.8770106138527192	0.9344759239827446
GSE302495	4962	0.945508261297735	0.9719910011248594
GSE302495	4963	0.9004267425320057	0.9476047904191618
GSE302495	4964	0.9196848670532881	0.9581623347013224
GSE302495	4965	0.8818251449830398	0.9372020002325852
GSE302495	4966	0.9177152861363388	0.9570923199817414
GSE302495	4967	0.91377612430244	0.95494568324757
GSE302495	4968	0.8636612320822847	0.9268435885392203
GSE302495	4969	0.9284385600175074	0.9628915115751248
GSE302495	4970	0.9286574023416129	0.9630091909678884
GSE302495	4971	0.8529379582011161	0.920633045943073
GSE302495	4972	0.9385053069263596	0.9682772634906299
GSE302495	4973	0.938724149250465	0.9683937238966023
GSE302495	4974	0.9019586388007441	0.9484524220457945
GSE302495	4975	0.9295327716380348	0.9634796416014517
GSE302495	4976	0.9358791990370938	0.9668776848293014
GSE302495	4977	0.8835758835758836	0.9381898454746137
GSE302495	4978	0.8590655432760695	0.924190700412007
GSE302495	4979	0.938724149250465	0.9683937238966023
GSE302495	4980	0.8892657840026261	0.9413876983667323
GSE302495	4981	0.859722070248386	0.9245704871734526
GSE302495	4982	0.8975817923186344	0.9460269865067467
GSE302495	4983	0.9192471824050772	0.9579247434435576
GSE302495	4984	0.920122551701499	0.9583998176430363
GSE302495	4985	0.8901411532990481	0.9418779668866505
GSE302495	4986	0.8730714520188204	0.9322350741909101
GSE302495	4987	0.9439763650289966	0.9711809073511202
GSE302495	4988	0.9234051865630813	0.9601774945955172
GSE302495	4989	0.9166210745158113	0.9564969171043617
GSE302495	4990	0.9582011160958529	0.9786544479213233
GSE302495	4991	0.9227486595907649	0.9598224447985431
GSE302495	4992	0.9034905350694824	0.9492986893538744
GSE302495	4993	0.8973629499945289	0.9459054209919261
GSE302495	4994	0.8910165225954699	0.9423677815067699
GSE302495	4995	0.9072108545792756	0.9513482501434308
GSE302495	4996	0.8358682569208885	0.9105972106329717
GSE302495	4997	0.9553561658824816	0.9771684387241186
GSE302495	4998	0.823831929095087	0.9034077273818095
GSE302495	4999	0.9069920122551701	0.9512279091117742
GSE302495	5000	0.878323667797352	0.9352207852732145
