cohort	draw_id	matched_program_genes	conditional_response_effect	conditional_cohort_mean	target_response_effect	target_cohort_mean	program_size	nearest_candidate_pool	matching	seed	random_sets_are_biological_replicates
GSE238264	RANDOM_001	GPSM3;SYT12;PROCR;LPA;TRPV2;IPO11;ATOH8;ZMYM6;FKBP15;ZNF215;BCAT1;BTK;SUPT6H;RETREG2;FRMD4B;KHK;SLC6A1;ELL;NEURL2;UPF3B;WARS;ZBTB4;MTHFR;UPF2;CGA;AL031775.2;LINC00702;PHIP;PTGIS;BCL2;TREM2;KCNC3;RSPH3;AC112206.2;CBS	0.00736580181549444	0.0204584920188324	0.0344799563703572	0.0514196989506272	35	200	standardized log10 mean-expression + standardized logit detection; no bins; no replacement within program	20260829	FALSE
GSE238264	RANDOM_002	MMD;FBLN2;PRSS8;MRAP;FILIP1L;SAP25;PLEK2;GBP7;THBD;GTF2H2C;RAB11FIP3;PRUNE2;MRPS25;SEPTIN2;ARID4A;AUP1;SNX10;LINC02532;SARM1;HHIPL2;CSK;UNC93A;ARID2;KMT2A;TAOK3;AL356652.1;FGF22;LMO4;PREX1;NTS;SYTL2;ANKRD1;PLEKHG1;CKMT2;AC018638.7	0.0203013930548672	0.0163300386022315	0.0344799563703572	0.0514196989506272	35	200	standardized log10 mean-expression + standardized logit detection; no bins; no replacement within program	20260829	FALSE
GSE238264	RANDOM_003	SYNE1;OSTF1;HOXA-AS2;NR1I2;GEM;FGFR1OP2;EME2;AP4B1;DEPDC7;LHX2;UTP11;PSMG3-AS1;TMEM106B;HMGN1;DGLUCY;ARPC5;CYP2J2;ZC3H7A;MYO7B;NAIP;PDE4DIP;PMP22;TBC1D10A;ZYG11B;MICAL1;KCNK12;CU639417.4;SLC25A47;MERTK;HAPLN3;AVPR1A;PHYHIP;EMB;HOXB-AS1;TUB	-0.00239037508155412	0.018338697763504	0.0344799563703572	0.0514196989506272	35	200	standardized log10 mean-expression + standardized logit detection; no bins; no replacement within program	20260829	FALSE
GSE238264	RANDOM_004	APOBEC3C;SLC1A3;CD300A;MFAP2;CD79B;MAMDC4;NUDT12;RASGRP3;CHSY1;PTX3;OXR1;ESR1;LPIN2;DNAJB11;RGS2;POMP;PDPK1;RGL1;PLEKHM3;ANKRD44;MESD;PIP4K2A;NEIL2;ZSCAN31;FCGR2A;STRC;AC007389.5;PLAC9;SGF29;DOCK2;IGSF23;FCRL3;ARHGAP10;HIST1H4C;CBS	0.00441650845970601	0.0246171324780402	0.0344799563703572	0.0514196989506272	35	200	standardized log10 mean-expression + standardized logit detection; no bins; no replacement within program	20260829	FALSE
GSE238264	RANDOM_005	SAP25;HIC1;MAPK10;RETREG1;RNF135;NNT-AS1;ITGA3;TRPV2;RHBDF2;WDR66;PLEKHO2;TRIM63;MRPS35;CXXC5;UFSP2;PHB;GBP2;MPP1;GDPGP1;KMO;PLTP;GBP4;LDB2;LMCD1;SH2D4A;AC079781.5;NECTIN4;CORO1A;ROBO2;REV3L;FPR1;PCDH7;TRMT10B;CCDC191;AC009309.1	0.0343337394883905	0.0183358698823656	0.0344799563703572	0.0514196989506272	35	200	standardized log10 mean-expression + standardized logit detection; no bins; no replacement within program	20260829	FALSE
GSE238264	RANDOM_006	ITGA4;CEP170;BATF;ADAM8;ANGPTL6;BTN3A3;ZFP90;CHST11;PLXDC2;AP005262.2;PURB;DAPP1;SCYL1;LEAP2;ZMYM4;LAMP2;LSP1;TRIM47;C3orf85;PPM1K;COPB2;PIGR;NXN;GCC2;LAMC3;AL158163.1;AL583856.2;SYNPO;LIFR;ABTB2;TMTC1;SUCLG2-AS1;LILRB3;HIST1H4C;DNAJC6	0.00895765482755866	0.012871875727653	0.0344799563703572	0.0514196989506272	35	200	standardized log10 mean-expression + standardized logit detection; no bins; no replacement within program	20260829	FALSE
GSE238264	RANDOM_007	PREX1;GIMAP5;MEF2B;CXCL6;MINDY2;DAPK2;PLAUR;OAS3;PPP1R12B;LINC02388;RRAGC;NIBAN3;CFLAR;ARPC2;SBF2;YIPF3;TGIF1;MPHOSPH6;NUGGC;ZNF641;TM7SF3;KYNU;LIFR;SHISA4;ZYG11B;AL158163.1;UCP3;SNX10;ARMCX6;CCN4;SLIT3;SPINK5;SDCBP2;TCP10L;F8A3	0.0111951014550632	0.0147729369670839	0.0344799563703572	0.0514196989506272	35	200	standardized log10 mean-expression + standardized logit detection; no bins; no replacement within program	20260829	FALSE
GSE238264	RANDOM_008	PRDM2;KIAA2026;OTOA;CCR1;EPB41L3;LIMK2;FMNL3;TAF3;FBLN2;NTNG2;NFATC2IP;CD22;ABCB6;LAMB2;HPGD;EBP;CFDP1;MSL2;P2RX1;SEMA3B;ACTR3;SLC7A11;TNC;PIP4K2A;FGL2;AF001548.2;AC107294.2;TCEAL9;LAIR1;TMEM273;SLC6A13;RASGRP1;TRMT10B;OLR1;AC112220.2	0.00929989657362675	0.0280165780783435	0.0344799563703572	0.0514196989506272	35	200	standardized log10 mean-expression + standardized logit detection; no bins; no replacement within program	20260829	FALSE
GSE238264	RANDOM_009	NCKAP1L;IGHA2;ANO9;SYDE1;CCL25;CLEC2D;PEAR1;CD7;NFATC2;LINC02591;BABAM2;GSPT2;LSM14A;HACD3;SZT2;C9orf16;PDPK1;SLC25A30;MSANTD4;CD40;GLTPD2;MGAT4A;SLC29A3;ISLR;RNF20;C1GALT1C1L;STEAP1B;GHRH;S100P;TRAF3IP3;UPK3A;LINC00313;CLEC10A;KRT222;ZNF2	0.0307905758005337	0.0217352166807626	0.0344799563703572	0.0514196989506272	35	200	standardized log10 mean-expression + standardized logit detection; no bins; no replacement within program	20260829	FALSE
GSE238264	RANDOM_010	SYT7;CDC40;TREM2;MLKL;GOLGA8A;SLC1A3;PODN;MSC;HCP5;AC109439.2;GATAD2B;SPNS2;KIF5B;NDRG1;PGM2;PTGR1;NCOA7;RGL1;LARP6;ARHGAP26;NCOR1;MAD1L1;AKAP7;CBLB;MATN2;ZNF578;SSTR3;CCKBR;WFDC2;MTMR9;CCDC24;GRAP2;RRAD;AMPD3;PPP2R3A	0.00902917578284397	0.0113429364462851	0.0344799563703572	0.0514196989506272	35	200	standardized log10 mean-expression + standardized logit detection; no bins; no replacement within program	20260829	FALSE
GSE238264	RANDOM_011	ENPP7;TFF2;HMBOX1;ELMO3;ART4;TYW3;ACSS1;LRRC3;AC022613.1;HOXA13;MBD4;PACSIN1;DDX24;HNRNPF;MDFIC;DSTN;HOOK3;AP1M2;P2RY11;ARHGAP27;HYI;FBLN5;SPTY2D1;PLEKHA2;ANXA9;DNAH2;AC011468.5;SPRR2F;RND1;KIF3A;SLC19A3;ITGB8;OIT3;AREG;PARTICL	0.00330288781095729	0.0151756305457996	0.0344799563703572	0.0514196989506272	35	200	standardized log10 mean-expression + standardized logit detection; no bins; no replacement within program	20260829	FALSE
GSE238264	RANDOM_012	TTLL3;HPS5;ARHGAP31;MRVI1;KCNMA1;IGSF1;AOAH;SELL;PAQR7;SIGLEC12;SEH1L;FCGR1B;HYI;TMEM141;GPSM1;NDUFS8;SH3YL1;WDTC1;THSD7A;TRIM22;SH3D19;TRIM56;TMEM87B;ATM;ULK4;AC018467.1;AC107952.2;PHLDA2;NPL;PLAU;SCD5;TBC1D8;LILRB3;CEP135;ARHGEF25	0.00759716973969307	0.0140795735976077	0.0344799563703572	0.0514196989506272	35	200	standardized log10 mean-expression + standardized logit detection; no bins; no replacement within program	20260829	FALSE
GSE238264	RANDOM_013	CELF2;LIFR;TREM2;FGR;AHI1;IL2RG;FAM229B;IGF2BP1;SPOCK1;PLPP7;FAM214A;DNAAF1;KRT10;MAZ;DHDDS;BAG6;EHD1;SLC25A30;BISPR;SPTLC3;TLCD4;MACROD1;MECP2;SFN;ABCG5;AL358852.1;AL137026.1;RBMS1;ABCC9;RAPGEF3;SLC9A1;GPRC5A;TLE4;PRAM1;ZNF525	-0.00595300289369168	0.0113198760627936	0.0344799563703572	0.0514196989506272	35	200	standardized log10 mean-expression + standardized logit detection; no bins; no replacement within program	20260829	FALSE
GSE238264	RANDOM_014	UPF3B;CA4;CPNE5;ANKRD26;RNF135;SLC6A2;RASGRP2;STS;FBLN2;LINC01948;NR1D2;SCTR;DRAP1;TIMP3;RGS2;ADH6;PHLDA2;SERTAD2;CSGALNACT1;ITPRIP;THOP1;CA2;PIEZO2;LTB;DNAJC12;AL590133.1;AC010280.1;INMT;CREBRF;MAP4K1;REC8;SPINK5;RHOJ;DACT1;FGF12	0.0276415760450741	0.0371274749997532	0.0344799563703572	0.0514196989506272	35	200	standardized log10 mean-expression + standardized logit detection; no bins; no replacement within program	20260829	FALSE
GSE238264	RANDOM_015	SECTM1;OAS2;NEURL2;SLC31A2;GPRC5B;GIMAP5;PCED1B-AS1;SP110;CDHR2;OSM;COG3;PCSK5;GPS2;GSDMD;ARID4A;PIGT;TCF7;TCOF1;BISPR;SGMS2;BRD2;CLEC11A;NNT-AS1;TRADD;MPHOSPH6;AL365272.1;LINC02340;SYBU;LIFR;AC015917.2;TLR2;ZNF611;AC004889.1;MAPK10;FGF12	0.0192098453477394	0.0176839105230281	0.0344799563703572	0.0514196989506272	35	200	standardized log10 mean-expression + standardized logit detection; no bins; no replacement within program	20260829	FALSE
GSE238264	RANDOM_016	ABCC9;MDFIC;GBP5;CXCL6;PLCG2;IL2RG;EME2;FAM222A;GPSM3;GLI1;PPM1F;ALDH1L2;BTBD2;LSM4;RANBP10;SELENOW;CTSO;BAZ2B;PCED1B;SEMA3B;DDX24;TLE3;CARD16;CMTM3;PTP4A3;CSDC2;LINC00504;GLIPR1;HLA-DOA;KPNA5;MYOF;SLC23A3;DENND4C;CCDC9B;CEP55	0.0256776824749229	0.0261670338950707	0.0344799563703572	0.0514196989506272	35	200	standardized log10 mean-expression + standardized logit detection; no bins; no replacement within program	20260829	FALSE
GSE238264	RANDOM_017	GPSM3;CCDC159;FPR1;ITGBL1;FCMR;MERTK;ZBTB21;NAT2;PITPNM2;RHCG;RNMT;SIGLEC9;PCCB;CAPZB;RB1;MGAT1;BPTF;EPB41L1;SLC6A13;AC007493.1;CRELD2;MAP1B;PPM1K;PART1;SERPINI2;LINC00504;GASAL1;IFITM10;SLA;PDGFD;LINC02716;CH25H;WNT4;EXOC3-AS1;FAM71E1	0.0297421113901093	0.0161069710418108	0.0344799563703572	0.0514196989506272	35	200	standardized log10 mean-expression + standardized logit detection; no bins; no replacement within program	20260829	FALSE
GSE238264	RANDOM_018	ETV6;ALPL;EBF1;STEAP4;DBH;SPHK1;MINDY2;CCL3;GCKR;LINC02388;RASSF1;SIGLEC9;TRABD;COPA;ZNF292;COL3A1;MAP7D1;RSF1;CA14;FGF2;NUBP2;RALGDS;TMEM161B-AS1;CFHR4;CNTNAP3B;LINC01750;GAS6-DT;GHRH;MERTK;HRCT1;PNPLA3;AC009041.2;FER;GPIHBP1;DLX6-AS1	-0.0178953436724214	0.0450924205558054	0.0344799563703572	0.0514196989506272	35	200	standardized log10 mean-expression + standardized logit detection; no bins; no replacement within program	20260829	FALSE
GSE238264	RANDOM_019	CCDC186;OSMR;MITF;ZDHHC1;IL16;TTPA;CELF2;HTRA3;RAB20;PBX4;GINM1;CARMIL2;MAN2C1;COX20;SZT2;COL3A1;RAD50;PPP1R15A;SLIT3;HOGA1;CADM1;CGA;SH3PXD2B;MPEG1;HLX;ZBTB44-DT;IL23A;CTSK;MMD;MARCH1;SLC2A4;ZNF831;SLC6A13;ARHGEF10;ZNF619	-0.0106942772881476	0.0630005882758689	0.0344799563703572	0.0514196989506272	35	200	standardized log10 mean-expression + standardized logit detection; no bins; no replacement within program	20260829	FALSE
GSE238264	RANDOM_020	CXCL8;GIMAP4;ENO2;FGR;TLR4;NPHP3;LTC4S;KDM5D;GPC6;CYP26B1;ETFDH;HSPA6;CRYL1;COX17;MARVELD1;SLC25A5;MGLL;NEU4;PRG2;ETV6;CSK;PARP6;CFAP36;HECTD3;ZNF644;AC107214.1;AC023813.3;SLC25A18;IGFALS;ST8SIA4;GPX8;AC018653.3;TMPRSS3;MRGPRF;AL023284.4	0.0118867227742747	0.00708152089426885	0.0344799563703572	0.0514196989506272	35	200	standardized log10 mean-expression + standardized logit detection; no bins; no replacement within program	20260829	FALSE
GSE238264	RANDOM_021	WFDC2;SLA;KLRK1;ARHGAP25;TCEAL3;SPTY2D1;FAM13A;RAB3IL1;ZSWIM6;SNCA;GPANK1;CXCR6;SYAP1;LEAP2;SLC35E2A;FBXW5;PARVB;PART1;LINC01116;EXOC1;PECR;SLC15A3;NEIL2;ERBB2;PURA;ZBTB44-DT;ADAMTS3;FABP4;GYS2;CD69;MAP3K5;LINC02535;LIMCH1;LINC00924;SAMD12	0.0292021558039879	0.0296347122783442	0.0344799563703572	0.0514196989506272	35	200	standardized log10 mean-expression + standardized logit detection; no bins; no replacement within program	20260829	FALSE
GSE238264	RANDOM_022	CCL4;DAO;GPX8;BICC1;GPR183;FAM126B;SIGLEC1;RASSF2;ENTPD1;RNF165;PTPN2;PRKY;TIMM17B;DNAJB11;TRAPPC11;RNF187;CAVIN3;INTS6;APOBEC3F;AC007493.1;CMTM8;ADAMTS1;NNT-AS1;ATM;ME1;LINC02361;ACKR4;SLC13A3;DCP1A;ITGB7;RNASE2;MAP6;PLA2G7;GZMH;SATB2-AS1	-7.69427501087425e-05	0.0172347945724977	0.0344799563703572	0.0514196989506272	35	200	standardized log10 mean-expression + standardized logit detection; no bins; no replacement within program	20260829	FALSE
GSE238264	RANDOM_023	SOCS2;WFDC2;IGSF9;NR1I2;PEAR1;FRYL;MINDY2;KCNMA1;OSTF1;MAMDC2;PLEKHO2;LINC02197;PPP6R1;ORMDL3;SPHK1;MYL12A;NAGS;EPDR1;SRGAP1;PPM1K;AHCYL1;C2CD2;FAM53B;BTN3A1;NLRP1;SPAG8;AC107214.1;TSPAN9;DAPL1;CCDC102B;TREM2;SLC15A2;RHOJ;BCL2A1;AC026471.4	0.0133102455557696	0.0268198223495269	0.0344799563703572	0.0514196989506272	35	200	standardized log10 mean-expression + standardized logit detection; no bins; no replacement within program	20260829	FALSE
GSE238264	RANDOM_024	CLEC2B;CCL4;PDE1A;HCK;CD84;PRKCH;MYO5A;ZRSR2;ENDOD1;AC027279.1;DNTTIP2;APBA1;SNX6;SCAMP3;FGFR1OP2;NDUFB4;FBN1;TUBB6;B4GALNT1;ACCS;IQSEC1;FLCN;FAM114A2;FBXO2;PLEKHA2;AP001330.4;GAS6-DT;SP100;CAPN3;SLCO2A1;ARHGAP24;ARSG;AC099508.1;USH2A;INTS6-AS1	0.0181085378928969	0.0170706190372155	0.0344799563703572	0.0514196989506272	35	200	standardized log10 mean-expression + standardized logit detection; no bins; no replacement within program	20260829	FALSE
GSE238264	RANDOM_025	SYT7;CLEC2B;DES;SLCO2A1;KCNQ1OT1;ANKRD50;LRRC3;PSTPIP2;ARMCX3;HBD;PANK2;SMIM22;AGAP3;APH1A;ING1;UQCRFS1;TCF7;ITCH;HOXA-AS2;SERTAD3;SLC43A3;CLDN18;VWA8;SPOP;SHISA4;AC018553.1;AL590133.1;DIO1;GPR137B;FAP;IGSF23;TNFRSF11A;SLFN11;HLA-DQA2;TRIM73	0.0099097490767409	0.00707639738309229	0.0344799563703572	0.0514196989506272	35	200	standardized log10 mean-expression + standardized logit detection; no bins; no replacement within program	20260829	FALSE
GSE238264	RANDOM_026	S100A8;JAML;TANC2;FCGR2B;HIVEP2;TTPAL;MXRA5;ACVRL1;S1PR1;CPA3;ZMAT5;DNAAF1;MRPL40;FGFR4;DHX37;NDUFB10;FYTTD1;SERTAD2;TTC22;DUXAP8;PREB;OSTM1;ST6GALNAC4;XPNPEP2;KIF1A;APOBEC3A;AL121845.4;PHLDA2;PLGLB2;PAMR1;TM6SF2;LINC01488;ITGB7;SLIT2;FAM53A	0.00712815712393088	0.00868703907630763	0.0344799563703572	0.0514196989506272	35	200	standardized log10 mean-expression + standardized logit detection; no bins; no replacement within program	20260829	FALSE
GSE238264	RANDOM_027	IRF2;GPC6;POU2F2;TRPV2;SLAMF8;BCL2L11;SPART;FGFR2;MEGF6;AGBL2;TPP2;KCNS3;PRPF6;SRSF5;PEX14;COL1A2;STAT5B;NHLRC3;HECW2;SERTAD3;SLC31A1;RFTN1;RAB31;TGFBR3;FLNC;KCNN1;ACKR4;ANKRD37;MMP9;APOBEC3G;STAMBPL1;SLA2;ZNF160;LINC00942;TMEM121	-0.0414184672749634	0.0511861572855468	0.0344799563703572	0.0514196989506272	35	200	standardized log10 mean-expression + standardized logit detection; no bins; no replacement within program	20260829	FALSE
GSE238264	RANDOM_028	SPOCK1;PALMD;PRG2;GBP7;LAMA2;GYS2;CWF19L2;CHST11;CAPN3;AC004585.1;TPP2;MATK;TMEM106B;HNRNPA0;SOCS5;SET;CFDP1;PPFIBP2;LINC01355;ABCC9;UROS;TLE3;RND1;AC104461.1;SERPINI2;SLC24A4;AC099066.2;LTBP2;MERTK;RLF;CD300A;LILRA4;ENTPD2;CD19;LRRC37A2	0.00980104287314066	0.0143827324882691	0.0344799563703572	0.0514196989506272	35	200	standardized log10 mean-expression + standardized logit detection; no bins; no replacement within program	20260829	FALSE
GSE238264	RANDOM_029	PREX1;ZNF292;KCNE4;ZG16;AHI1;AC083841.1;SLC16A10;FKBP14;OSMR;AHNAK2;LIMD1;AC108134.3;TAF7;MMAB;RTN4RL2;TSC22D1;F11;N4BP1;SHPRH;KRCC1;SORBS3;ERBB2;RAB34;KIF1A;PTP4A3;DOCK3;AL034374.1;OSBPL8;PIM2;ARHGAP25;ABI3BP;WNT3A;SPON1;LINC01558;AC026471.4	0.00469747923531979	0.0118380448465025	0.0344799563703572	0.0514196989506272	35	200	standardized log10 mean-expression + standardized logit detection; no bins; no replacement within program	20260829	FALSE
GSE238264	RANDOM_030	FMO4;TTPA;NBPF26;TGFB3;CELF2;UBXN11;CCL3;KCNJ3;RAB20;AC087392.1;INPP5A;SH2D1A;ANP32A;NNT;ZNF385A;WDR83OS;CCDC88A;SDCCAG8;HECW2;ZBTB43;DUT;FOLR2;CCSER2;GLYATL1;EVI5;AC007389.5;AC051619.5;IFITM10;MOGAT3;SNED1;WRN;AC087564.1;APOBEC3G;CD300LF;CU638689.5	0.00699456999852995	0.00792345970881293	0.0344799563703572	0.0514196989506272	35	200	standardized log10 mean-expression + standardized logit detection; no bins; no replacement within program	20260829	FALSE
GSE238264	RANDOM_031	HECA;DIAPH2;PDE1A;SLCO2A1;ADAMTS10;SLC27A1;CWC27;CYTH4;SPTLC3;IL6;COG3;TFEC;TM7SF3;SSBP1;UBXN11;TXNDC17;SP100;PHACTR4;DOCK10;SERTAD3;SMIM7;PLEKHA2;KAT6B;TNFSF13;GPATCH8;CAPN8;NECTIN4;SLC6A1;CEP170;LYL1;TLR2;AC007038.2;PLEKHG1;CD5;SSUH2	0.0253821459138785	0.00887466882625843	0.0344799563703572	0.0514196989506272	35	200	standardized log10 mean-expression + standardized logit detection; no bins; no replacement within program	20260829	FALSE
GSE238264	RANDOM_032	TRIM22;IGHA2;LY75;MRVI1;GLIS2;C1orf162;PLEKHA4;LMO2;LAIR1;ADAM33;UTP11;GZMM;HMGCR;CCT6A;MAP3K3;SDF2L1;CETN2;MOB3A;LAT2;FGF2;GPS2;SEPTIN1;AKAP7;REG3A;ISG20;CNNM3-DT;SPAG8;CCDC3;ZEB1;LINC01151;IL3RA;SSTR2;SLC1A1;ETV7;PRDM16	0.0338474722294844	0.0146430996888068	0.0344799563703572	0.0514196989506272	35	200	standardized log10 mean-expression + standardized logit detection; no bins; no replacement within program	20260829	FALSE
GSE238264	RANDOM_033	CD79B;ACAP1;PALM3;RELT;FHL2;SYT12;ACTG2;CCDC198;ZEB1;AL662844.4;PPFIBP1;SPRN;UHMK1;ACTA2;ZNF292;DUSP23;TMEM53;N4BP1;RECK;SLC23A1;LENG8;PLIN1;CARD16;OGFOD1;CD53;AC090617.3;AC080129.2;PTPN6;SULF1;IRF5;APOBEC3G;SYT15;SLFN11;GPR143;AC120053.1	0.034164987499067	0.0350877082170062	0.0344799563703572	0.0514196989506272	35	200	standardized log10 mean-expression + standardized logit detection; no bins; no replacement within program	20260829	FALSE
GSE238264	RANDOM_034	NGEF;HIC1;SAMD11;HGF;SCN1B;ATG16L2;SYNE1;LTB4R;MRC2;AC109439.2;YLPM1;DEFB132;SPR;CCNL2;IGFALS;VDAC1;TMEM53;SDCCAG8;HEY2;STK39;PSMD3;MATN2;LDB2;KYNU;ZDHHC20;NOMO3;AC010542.2;CHST15;SLA;NFASC;AC004233.2;SSTR2;PRSS8;CLIC3;AC009309.1	0.00917974378209439	0.0184620258279551	0.0344799563703572	0.0514196989506272	35	200	standardized log10 mean-expression + standardized logit detection; no bins; no replacement within program	20260829	FALSE
GSE238264	RANDOM_035	NECAB2;IL2RG;KCND3;PRKCB;CD79B;TTPAL;AGO3;SCNN1D;CD248;ZNF215;SCGN;SLAMF1;AP1B1;CMPK1;GABPB1-AS1;TM7SF2;GSTM4;CCNH;THSD4;SLFN5;CRELD2;CSTA;LFNG;ST3GAL6;GNPTAB;HIST1H3D;ACKR4;CCDC88A;NPL;CLSTN2;ALPK2;BNC2;STAMBPL1;FITM1;AL162253.2	0.0115283597265012	0.0171389630030753	0.0344799563703572	0.0514196989506272	35	200	standardized log10 mean-expression + standardized logit detection; no bins; no replacement within program	20260829	FALSE
GSE238264	RANDOM_036	SLA;COL16A1;RIPOR2;TRPV2;FERMT3;LEF1;NAT2;BBOX1;KRT19;IRF4;PXDN;OXT;DPP9;KTN1;HCP5;ARPC5;TCEAL8;CLEC11A;MIR100HG;SLFN5;CCL14;RBM27;NMI;HELZ;SLC15A3;PCSK1;DOCK3;ETS1;NBPF12;NINJ2;SLC19A3;PLA2R1;KDM8;RERGL;TUB	-0.0132227472264871	0.0269662777640574	0.0344799563703572	0.0514196989506272	35	200	standardized log10 mean-expression + standardized logit detection; no bins; no replacement within program	20260829	FALSE
GSE238264	RANDOM_037	ABCG1;SLC16A3;PDE1A;NTS;GOLGA8A;BTN3A3;PARVG;CD48;ACAP1;CLIC5;RRAGC;F2RL1;OGDH;COX20;SLC2A10;SNHG5;MKLN1;HIP1;LINC01355;HEXIM1;LGALS8;GMFG;TMOD1;PRSS3;GDA;LINC00702;AL161665.1;SYNPO;RANBP10;CTTNBP2NL;CEP290;EBI3;DENND6B;PIK3R5;DLG5-AS1	0.0185063586432684	0.0145811636650287	0.0344799563703572	0.0514196989506272	35	200	standardized log10 mean-expression + standardized logit detection; no bins; no replacement within program	20260829	FALSE
GSE238264	RANDOM_038	SMAD7;SASH1;POU2F2;SAMD9L;TNFSF13B;MAMDC4;RASSF5;HCK;DAPL1;GPR171;BRD3;FZD2;PQBP1;HMGN1;SLC9A8;SULT2A1;HSD17B14;MAFF;SAMSN1;DDX60;PARP10;ELN;MLH3;ITPKC;ISG20;IL23A;CCDC38;APOF;S100A1;CSF3R;HAVCR2;AC007038.2;BLK;KAZN;AL356056.2	-0.00602618920437988	0.00882273660933385	0.0344799563703572	0.0514196989506272	35	200	standardized log10 mean-expression + standardized logit detection; no bins; no replacement within program	20260829	FALSE
GSE238264	RANDOM_039	SOCS2;PAQR7;LINC01474;SPAG16;MUC1;PAN3;PARP8;MMP19;LDB2;LRRN2;MARK4;SELP;RTCB;GCSH;NUP93;SET;AP1G1;CHCHD6;IPP;SEMA3B;LENG8;MXRA8;TBXAS1;SERPINB9;ZBTB4;RXFP1;AC116407.1;CYP7A1;ECSCR;ADSSL1;MEF2B;RASGRP1;UBAP1L;TACSTD2;PTCH2	0.0228260129444323	0.0141660556985259	0.0344799563703572	0.0514196989506272	35	200	standardized log10 mean-expression + standardized logit detection; no bins; no replacement within program	20260829	FALSE
GSE238264	RANDOM_040	C5orf66;GYS2;FPR1;SLC25A24;FCGBP;ABCA7;LXN;VIPR1;PPIL4;AC004951.1;REST;CNTN4;PPP2R5A;ATP6AP2;ELF2;WDR83OS;TCF4;LMCD1;L3MBTL4;OAS2;WWP1;MME;AC020916.1;RAMP3;LHFPL6;BACH1-IT2;AL118558.4;PALM2-AKAP2;OSTF1;AFAP1;LIMCH1;PKIA;BCAS4;AC027682.6;LSMEM1	0.0261148844880459	0.0145684279093859	0.0344799563703572	0.0514196989506272	35	200	standardized log10 mean-expression + standardized logit detection; no bins; no replacement within program	20260829	FALSE
GSE238264	RANDOM_041	GYS2;TRIM22;TFPI2;HSPB2;IGSF6;MMP9;CKMT2-AS1;ASPG;TENT4B;C5orf49;FBXL3;ZNF575;DNAJB9;CRTAP;SPHK1;IDH2;PRPF38B;CORO7;ENPP3;SPTLC3;CXCL16;FGL2;RAC2;FOLR2;HDAC7;AC109347.1;NSMCE1-DT;AQP3;IL7R;PLEKHG1;DCLRE1C;ZNF423;SUSD3;GPR143;LRRC29	0.0219448861378506	0.0185463984000865	0.0344799563703572	0.0514196989506272	35	200	standardized log10 mean-expression + standardized logit detection; no bins; no replacement within program	20260829	FALSE
GSE238264	RANDOM_042	JDP2;LAIR1;EBF1;DOK2;LAMA2;MLH3;ITGA3;ADAMTS10;ETV6;AC025171.1;UTP11;TNFAIP8L2;SLC27A2;ALDH7A1;THBD;PGAM1;TMEM263;GJA1;SHPRH;SCAF4;ITPR2;COL15A1;CARD16;EPM2AIP1;CCND2;AC107464.3;AC120049.1;CTSK;MAMDC4;CD27-AS1;LINC01018;CH25H;AC004889.1;STAB2;ZNF283	0.0118164831749481	0.0133976794834522	0.0344799563703572	0.0514196989506272	35	200	standardized log10 mean-expression + standardized logit detection; no bins; no replacement within program	20260829	FALSE
GSE238264	RANDOM_043	ADAMTS13;CDK18;HMBOX1;FGR;LILRB2;DGKA;FGD3;ZC3H12A;IL2RG;SOWAHD;CTCF;CNFN;SNX6;QSOX1;PPIH;NDUFB10;EHD2;CIAO3;GUCY1A2;SAP25;CDIPT;RNF20;ACMSD;PLEKHA2;SRD5A2;AL606970.1;LINC01214;PHLDA3;ARMCX6;DTX1;IL3RA;B3GNT3;BIN2;MCC;LRRC29	0.0462418534258451	0.0217143986786048	0.0344799563703572	0.0514196989506272	35	200	standardized log10 mean-expression + standardized logit detection; no bins; no replacement within program	20260829	FALSE
GSE238264	RANDOM_044	AOAH;JAML;CD163L1;GIMAP1;SP140L;MECP2;AMOTL2;GLIS2;SSH1;MOV10L1;MXI1;CCR7;PTK2;SRSF5;BBIP1;UGP2;TFE3;LMCD1;SLIT3;TRIM22;TRIM44;SLC22A9;ENTPD1;UNC93A;SLC25A42;LINC01750;SOX2-OT;FSTL3;RGS10;LINC01151;AC004233.2;PROM1;IRF5;TNRC6C-AS1;HIST1H2BN	0.0196776571210223	0.0274305523496953	0.0344799563703572	0.0514196989506272	35	200	standardized log10 mean-expression + standardized logit detection; no bins; no replacement within program	20260829	FALSE
GSE238264	RANDOM_045	ANTXR1;MERTK;TMEM159;SLCO2A1;ITM2A;NMI;ITGA3;CEP120;RAC2;PBX4;TMEM47;CD22;BUD31;LGMN;TENT4B;ASPH;NRIP1;CSRNP1;MITF;MSH3;STAT6;SLC22A9;TMOD1;IGFBP6;PURA;LINC01214;MIR181A2HG;CD4;LAIR1;CD69;AC004233.2;GSTM5;SLCO3A1;TAGAP;SMIM2-AS1	0.0226322850494003	0.017501513552054	0.0344799563703572	0.0514196989506272	35	200	standardized log10 mean-expression + standardized logit detection; no bins; no replacement within program	20260829	FALSE
GSE238264	RANDOM_046	DPYSL3;MAP4K3-DT;EVI2A;COLEC10;ALG1L;RGS10;BBOX1;CCDC198;CSF1;BANK1;BABAM2;PI16;WIPI2;ARF4;THAP3;RNASE4;TMEM263;RECQL;ATP10D;CXCL8;TRIM44;ERBB2;TSHZ1;OGFOD1;JADE2;CA9;AP000553.2;LTBP2;UROC1;SLC1A1;ADAP1;MZF1-AS1;AL121899.1;SLC16A4;ZNF718	0.00917444305655183	0.0112589968132752	0.0344799563703572	0.0514196989506272	35	200	standardized log10 mean-expression + standardized logit detection; no bins; no replacement within program	20260829	FALSE
GSE238264	RANDOM_047	GCGR;ABCC9;SLC13A2;IL15RA;ARHGAP9;KRT19;SLC16A11;FAS;GPR137B;TREH;TRIM41;SMIM32;C19orf48;QDPR;DLGAP1-AS1;PPP1R16A;ICK;CTXND1;ZSWIM4;CDK18;FAM234A;RGL1;GIMAP5;CLDN18;TGFBR3;SEPTIN4-AS1;AL137026.1;TRIM16;IGFALS;SCLT1;FAP;SLC15A2;IL3RA;S100B;INTS6-AS1	0.000956492132045749	0.0104915909401543	0.0344799563703572	0.0514196989506272	35	200	standardized log10 mean-expression + standardized logit detection; no bins; no replacement within program	20260829	FALSE
GSE238264	RANDOM_048	CSF1;NBPF12;TMEM159;ZDHHC1;PLAUR;ANKRD50;ALDH3B1;RCSD1;GPSM3;AGBL2;G6PC3;HSPB7;PQBP1;AZIN1;ZNF275;SPCS1;LTBP4;WDTC1;P2RX7;HECA;CRELD2;TSPYL2;NMI;GBP4;MUSTN1;AC104162.2;LINC02361;CYP4F2;SASH1;WNK3;CEP290;GASK1A;AC092069.1;CHST3;HOXD9	0.0151216949966981	0.0222115261729751	0.0344799563703572	0.0514196989506272	35	200	standardized log10 mean-expression + standardized logit detection; no bins; no replacement within program	20260829	FALSE
GSE238264	RANDOM_049	ITGA4;GNB4;TTBK2;PLAU;CYTH4;VWA8;SCNN1D;ESCO1;PTK2B;SOWAHD;APOLD1;RENBP;TMEM220;PNRC1;PKP2;FMO5;HSD17B14;REEP4;PALM3;KRCC1;GPR108;AP1S2;ALS2CL;APOL3;SNAPC4;AC023024.1;AC009560.1;ERP27;DOCK5;GPAT3;CNN1;CYB561D2.1;ANKRD26;L3MBTL3;TRAM1L1	0.0235883487344605	0.00953409325584145	0.0344799563703572	0.0514196989506272	35	200	standardized log10 mean-expression + standardized logit detection; no bins; no replacement within program	20260829	FALSE
GSE238264	RANDOM_050	PLK3;HPGD;SLC13A2;DCUN1D3;ACSS1;TRIM22;HELZ2;TNFSF13B;HCP5;AHSP;KANSL3;AL162458.1;SREBF1;QSOX1;LFNG;NDUFA6;RAB43;MS4A4A;LINC01116;ACKR3;PKN1;CHD1;SFT2D1;COL15A1;TSHZ2;DLEC1;SLC9B1;CPLX2;CIITA;SUSD3;SH2D2A;DPF3;ME3;GPR143;HOXD9	0.000411925763451768	0.0232358167975933	0.0344799563703572	0.0514196989506272	35	200	standardized log10 mean-expression + standardized logit detection; no bins; no replacement within program	20260829	FALSE
GSE238264	RANDOM_051	AOAH;DAPK2;ZNF584;HSPB2;CD84;IL2RG;FRMD6;SEMA4D;CDC42EP3;AGBL2;CLCN5;OSBPL10;LSM14A;ADAR;UFSP2;CTNNA1;AKAP12;ZNF276;GUCY1A1;REV1;MCM3;FBLN5;PKD2;STX12;SLC15A3;LRCH2;KIAA0825;HEPACAM;NABP1;ANKRD26;CLEC10A;ZNF662;FGD5;KAZN;AL359921.2	0.0095111694317387	0.0126670236451739	0.0344799563703572	0.0514196989506272	35	200	standardized log10 mean-expression + standardized logit detection; no bins; no replacement within program	20260829	FALSE
GSE238264	RANDOM_052	BASP1;PAQR7;PTPRN2;CRLF3;KCNQ1OT1;LURAP1L;PLK3;HIVEP2;MDFIC;AC018816.1;CASKIN2;CBFA2T3;GIPC1;NDUFAB1;CEP63;RAN;PALM2-AKAP2;CREB1;P2RX7;CIITA;IRS2;ANXA9;TBXAS1;CCND2;RUNX1;AC073349.1;C21orf62-AS1;MMP14;RANBP10;LYL1;CREB5;PRND;RUNX3;SCIMP;SIRT4	0.012947772210619	0.0239092062879484	0.0344799563703572	0.0514196989506272	35	200	standardized log10 mean-expression + standardized logit detection; no bins; no replacement within program	20260829	FALSE
GSE238264	RANDOM_053	RHBDF2;NRP2;GUCY1A1;SAMD9L;ACKR1;ZEB1;FAM13A;ALDH3B1;INPP5D;CAMK2B;YLPM1;TMEM106A;TPRG1L;VPS51;CA4;PGK1;PHIP;TANGO2;CSGALNACT1;GMIP;GPR108;PLSCR4;GALNT10;COL14A1;ZYG11B;AC104162.2;AC011468.5;NMRAL1;DAPL1;GFOD1;PTGIR;LINC01370;SLIT3;FAM149A;ZNF808	0.0248378114178729	0.02146152694581	0.0344799563703572	0.0514196989506272	35	200	standardized log10 mean-expression + standardized logit detection; no bins; no replacement within program	20260829	FALSE
GSE238264	RANDOM_054	PREX1;JAML;OTOA;NCF2;ASPG;ARHGEF3;KCNJ3;RAB3IL1;ITGAL;AC010872.2;TMEM47;AC007686.3;DHX30;HNRNPL;RANBP10;TMEM259;SPOCK2;MLPH;CCL4L2;RAB26;ARL6IP5;CAPN5;DAPK2;PARP6;ARL4C;LINC02606;AL137798.1;CDKN1C;RHBDF2;NINJ2;SRGAP1;TRERF1;TMEM99;CSF2RB;CDH22	0.0206284010617212	0.0207611074621386	0.0344799563703572	0.0514196989506272	35	200	standardized log10 mean-expression + standardized logit detection; no bins; no replacement within program	20260829	FALSE
GSE238264	RANDOM_055	ALPL;AKNA;DOCK10;TGFB3;FRMD6;HEG1;CFP;COMP;DEPDC7;GLI1;TMEM47;HSPA6;CLK2;ACSL4;TIE1;ATP6AP1;IFNAR2;HIRIP3;NPIPB15;AC100810.1;SGTA;MAD1L1;NMI;ABCB11;RAB4B;LINC00653;AC233263.6;FBXO17;KIAA2026;KIF3A;ITGB2-AS1;GOLGA8N;NINJ2;LGI4;CDK20	-0.0191752343639429	0.0221082916806491	0.0344799563703572	0.0514196989506272	35	200	standardized log10 mean-expression + standardized logit detection; no bins; no replacement within program	20260829	FALSE
GSE238264	RANDOM_056	AC100810.1;ANO1;SFRP4;NR1I2;ADAP2;SKAP2;TMEM107;LILRB5;GPSM3;AL512306.2;CAP2;MATK;KRT10;AFM;SLC35A1;SLIRP;TSPAN9;CHCHD6;TMTC1;SYT12;FAM83H;CLDN18;ST6GALNAC4;ECM1;CBLB;ATP8A2;AC120049.1;APCDD1;ARHGEF17;VAT1L;SCD5;PIK3C2G;LMOD1;GZMH;AC010198.2	0.0097864704860394	0.00968520352852757	0.0344799563703572	0.0514196989506272	35	200	standardized log10 mean-expression + standardized logit detection; no bins; no replacement within program	20260829	FALSE
GSE238264	RANDOM_057	RASGRP2;PPIL4;ADAM28;NR1I2;APBB1IP;CHSY1;KCNQ1OT1;SYNE1;LDB2;MATN1-AS1;CMIP;TLR5;RHOBTB3;THBS1;ZNF277;HPN;SPAG9;POLR1E;FNDC5;MTMR11;ARSE;HCST;LFNG;MS4A7;CYP4A22;NRG2;AP001462.1;EFEMP1;C1orf162;SLC7A7;TMTC1;PAX5;AC004233.2;DACT3;PPP2R3A	0.013216625005662	0.0255922628947662	0.0344799563703572	0.0514196989506272	35	200	standardized log10 mean-expression + standardized logit detection; no bins; no replacement within program	20260829	FALSE
GSE238264	RANDOM_058	CD2;GALNT10;PDE1A;SEMA5A;MINDY2;DRAM1;APC;MAP7D3;UBXN11;RNF165;KANSL3;OSCP1;SELENON;HACD3;DAGLB;RAMP1;WWTR1;CA5A;CSGALNACT1;IRF2;UHMK1;RFTN1;JDP2;STRN3;BTN3A1;VAC14-AS1;AL356652.1;EDIL3;MDFIC;TOR4A;SDCBP2;B3GNT3;SMOC2;MRGPRF;TRDMT1	0.0338566296937808	0.0157827473899257	0.0344799563703572	0.0514196989506272	35	200	standardized log10 mean-expression + standardized logit detection; no bins; no replacement within program	20260829	FALSE
GSE238264	RANDOM_059	RHBDF2;GCKR;NEURL2;CST7;CCL3;HECA;PODN;KDM5D;RND1;ADGRG3;PIK3C2A;PARP15;GAK;ARPC2;PAQR7;PPP1CA;PIM1;MAGI2-AS3;AL139246.5;DAPL1;NUMA1;FCN3;SASH1;GPD1;PTP4A3;AC233263.6;SSTR3;NCOA7;VSIG4;SNAP25;HHIP;FRMPD1;RNF125;U91324.1;LRRC37A2	0.0218866662524742	0.0275043432571821	0.0344799563703572	0.0514196989506272	35	200	standardized log10 mean-expression + standardized logit detection; no bins; no replacement within program	20260829	FALSE
GSE238264	RANDOM_060	SRPX;PRKCH;UGT3A1;CD7;CST7;SPTLC3;TNFRSF25;EXOC6B;PITPNM2;AC010872.2;NEDD9;CD8B;DPP9;SCARB2;FRMD4B;TALDO1;PRPF38B;KDM5A;TREM2;AC018521.5;TCIRG1;PRSS3;LIMK2;NDN;SNAPC4;TGM1;CU639417.4;LPIN1;GASK1B;SAMD9L;GIMAP1;CLVS2;SLC1A1;P2RY8;F8A3	0.0127407494333696	0.0177386206386378	0.0344799563703572	0.0514196989506272	35	200	standardized log10 mean-expression + standardized logit detection; no bins; no replacement within program	20260829	FALSE
GSE238264	RANDOM_061	POLR2J3;SPHK1;FAM107A;LRRK1;ITPKB;PALMD;LMO2;IYD;TENT4B;TLR8;GPANK1;SFMBT2;SUPT6H;NOP10;ZEB1;HSD17B4;LRRC32;PPP3R1;GATA6-AS1;IFI44;PPIC;FCGR2A;MICAL2;SEPTIN6;ATM;BACH1-IT2;AL358852.1;CCKBR;ADGRF5;DENND4C;RASA3;CLEC12A;SHD;GPBAR1;MYH3	0.0190174796557636	0.0123509213810795	0.0344799563703572	0.0514196989506272	35	200	standardized log10 mean-expression + standardized logit detection; no bins; no replacement within program	20260829	FALSE
GSE238264	RANDOM_062	CCL4;MAP4K3-DT;CLIP3;ZC3H6;CCL25;GNB4;PLEKHA4;RILPL2;RICTOR;AL512306.2;CEP350;SCNN1A;OAZ2;ATP6AP2;GSAP;YWHAE;MAP3K20;CLIP4;P2RX1;GATD3A;PDK4;CGA;DTX2;GCH1;RNF20;LINC00939;AL645940.1;APOF;PPP1R12B;TMEM92;NUGGC;AL513550.1;OLFML2B;VPREB3;TMEM169	0.00428310076826892	0.0224291848235286	0.0344799563703572	0.0514196989506272	35	200	standardized log10 mean-expression + standardized logit detection; no bins; no replacement within program	20260829	FALSE
GSE238264	RANDOM_063	NMI;IL7R;HEPH;FPR3;KCNJ3;SEMA3B;RASGRP2;FBXO6;RAB31;AQP5;ASB8;SOCS1;RNF13;CDC37;CSTF2T;SDHC;PPP1R18;EPDR1;UPK3A;CDK18;FAM234A;RSF1;CAPS;COL15A1;ANGPTL2;AL121845.4;LDLRAD2;TSPAN9;ZSWIM6;OLFML1;PRICKLE2;LILRA2;ME3;VPREB3;ZNF808	0.0119299561104977	0.0206877448974735	0.0344799563703572	0.0514196989506272	35	200	standardized log10 mean-expression + standardized logit detection; no bins; no replacement within program	20260829	FALSE
GSE238264	RANDOM_064	AOAH;ARMCX3;CDH11;MOGAT2;SKAP1;MECP2;MUC1;SCNN1D;PTGIS;PLPP7;GATAD2B;AC008105.3;ELAVL1;GOLT1A;BTN2A1;PLD3;HSPB6;GALNS;TBXA2R;CIPC;FAM234A;EPM2AIP1;CCSER2;HAO2;LMAN2L;CNNM3-DT;UCP3;SERPINE2;CEP170;SUSD3;MIR193BHG;SLC1A7;KCNC2;STX11;TRDMT1	0.0270076909650423	0.0215223560931457	0.0344799563703572	0.0514196989506272	35	200	standardized log10 mean-expression + standardized logit detection; no bins; no replacement within program	20260829	FALSE
GSE238264	RANDOM_065	PREX1;KAT6B;LY75;EPSTI1;CD8A;ZSWIM6;LRRC3;IL1R2;LDB2;C1RL-AS1;FXYD6;CD22;PNN;POLR2J;DGLUCY;COL6A2;SPAG9;NFKBIZ;CLEC4M;DDX3Y;GPR108;BTN3A1;DEPDC7;ABLIM3;SOD3;MYL4;CA9;ABCG8;S100A1;SMOC2;OLFML1;RASGRP1;NTS;RHOH;HIST1H2BN	0.0306558642037723	0.0333707943174897	0.0344799563703572	0.0514196989506272	35	200	standardized log10 mean-expression + standardized logit detection; no bins; no replacement within program	20260829	FALSE
GSE238264	RANDOM_066	SLC16A11;ARID4A;FCHSD1;DNAH1;VIPR1;CUEDC1;ATOH8;DENND3;PLXDC2;WAKMAR2;ETFDH;TNFAIP8L2;TPR;CCT8;NAV2;LAMTOR4;MAP3K12;LMCD1;TUBB3;DDX3Y;PBLD;EPM2AIP1;TMOD1;RBM27;SEPTIN1;BACH1-IT2;AL645940.1;PHLDA2;SKAP2;MRVI1;SLIT3;AC022144.1;BCLAF3;PTN;ITGA9-AS1	0.0112131858128756	0.00464083402781902	0.0344799563703572	0.0514196989506272	35	200	standardized log10 mean-expression + standardized logit detection; no bins; no replacement within program	20260829	FALSE
GSE238264	RANDOM_067	ZBTB43;RND1;RTN4RL1;RETREG1;SLC16A11;SLC29A3;GREM1;DBH;S100P;AC096586.1;RUFY1;HOXB2;SLC27A2;MMAB;MICAL2;TMCO1;AP1G1;GJA1;IL18;CSF1;UROS;ZBTB4;RBP7;UNC93A;BCAS3;AC106820.3;NSMCE1-DT;ARRDC2;STK17A;ABCC1;PNPLA3;GNAO1;CLEC7A;TLR3;STRIP2	0.00609969292857141	0.00733318069916477	0.0344799563703572	0.0514196989506272	35	200	standardized log10 mean-expression + standardized logit detection; no bins; no replacement within program	20260829	FALSE
GSE238264	RANDOM_068	SAP25;PIM2;DCLK2;ABCC1;ALG1L;IL2RG;DUSP2;KLF4;KRT19;TLR8;PXDN;PLD4;FOXN3;CCNI;ING1;DSTN;ECHDC1;MS4A4A;CEP85L;RFX1;MPRIP;TUBB6;SLC23A1;PCDH1;CBLB;CD80;KCNK12;TK2;SGF29;MRVI1;CLEC4M;GAB3;ALOX5;ZFPM2;BEX5	0.0403498240580428	0.024268786331058	0.0344799563703572	0.0514196989506272	35	200	standardized log10 mean-expression + standardized logit detection; no bins; no replacement within program	20260829	FALSE
GSE238264	RANDOM_069	CELF2;AKNA;IGSF9;ARHGAP30;LILRB2;IL2RG;RNASE6;IL1R2;ENDOD1;FAM43B;SLAIN2;MSC-AS1;ELAVL1;LAMC1;CPEB3;ACAA1;PRKD2;CIAO3;MSRB3;WDR70;DDX6;MIER1;GPC6;MS4A7;COL15A1;LRCH2;AC023813.3;TSPAN5;PLEKHG2;SASH3;CDA;SCN7A;LILRB3;DACT1;UTY	0.0124832689134616	0.0215153325826156	0.0344799563703572	0.0514196989506272	35	200	standardized log10 mean-expression + standardized logit detection; no bins; no replacement within program	20260829	FALSE
GSE238264	RANDOM_070	CCDC91;NRP2;ADGRG7;F13A1;FNDC1;KMO;MYO5A;ARHGAP9;OSMR;GNGT2;PDPR;PLN;GAK;ACOX1;CASP10;SELENOW;BEX2;USF3;HECW2;AKTIP;TMEM45B;PLIN1;TBC1D10A;BCL2L10;TRIM47;C1GALT1C1L;SPAG8;MS4A6A;HEG1;CSF3R;RHOJ;LINC02593;FAP;CEP135;C5orf58	0.004418585070668	0.0106282273879599	0.0344799563703572	0.0514196989506272	35	200	standardized log10 mean-expression + standardized logit detection; no bins; no replacement within program	20260829	FALSE
GSE238264	RANDOM_071	CDK18;C1orf162;ANKRD36;DENND4C;NFAT5;CASP7;AMOTL2;ABI3;ZSWIM6;WAKMAR2;CLCN3;KLRD1;ITPRID2;STMN1;MIER2;BZW1;RAD50;FLYWCH1;FAM151A;ABR;BOP1;SLC15A3;NLK;COL15A1;TNFRSF11B;UPK1A-AS1;AL022341.1;SNX10;PIM2;SH2D2A;PAMR1;TRERF1;LINC01116;FGF21;HIST1H2BN	0.00309871209321141	0.0134266697967096	0.0344799563703572	0.0514196989506272	35	200	standardized log10 mean-expression + standardized logit detection; no bins; no replacement within program	20260829	FALSE
GSE238264	RANDOM_072	TBC1D10C;CCSER2;RCAN2;ACSS1;PLA2G4C;MTRF1L;ZFP90;LMO2;MTHFR;MED14OS;CFAP20;OLFM1;MBOAT7;ORMDL3;AP004609.3;AURKAIP1;CHMP4B;PIR;GAS7;CIITA;LGALS8;ARL4C;MRC2;CD53;AGMO;AL645940.1;LINC00653;MAP3K20;LDB2;ITGB7;OLFML1;ADORA3;TRMT10B;EPHB6;USP51	0.0138732082725067	0.0175273836771165	0.0344799563703572	0.0514196989506272	35	200	standardized log10 mean-expression + standardized logit detection; no bins; no replacement within program	20260829	FALSE
GSE238264	RANDOM_073	TRIM22;FGFR1OP2;IL18;THRSP;KCNQ1OT1;IPO11;LMO2;C1orf54;RAB34;CLEC1A;CBWD5;LINC01608;C19orf48;COX17;MFSD14A;CSNK2B;FLRT2;MIR1915HG;OTOA;SENP7;HAAO;PLEKHA2;AKAP7;IL10RA;GPATCH8;LINC02606;AC090617.3;ZCCHC24;RAB31;MYOF;WNT4;XYLT1;SDCBP2;S1PR4;SMIM2-AS1	0.0202739044425849	0.0148853681194388	0.0344799563703572	0.0514196989506272	35	200	standardized log10 mean-expression + standardized logit detection; no bins; no replacement within program	20260829	FALSE
GSE238264	RANDOM_074	TRNP1;COL16A1;CPXM1;CTHRC1;S100A8;LURAP1L;KDM5D;FBXO6;ITGAL;BCL2L14;GATAD2B;AL450384.2;WIPI2;TDO2;SLC35A1;PON2;CD2BP2;BCAS3;ZNF584;CSPP1;AKR7A3;PAQR9;DRAM1;SIRPA;ARL4C;AC124283.1;ACKR4;TTC36;MOSMO;GUCY1B1;MYOF;MEIS3;CLEC7A;CLIC3;RGMB-AS1	0.0103845868280257	0.0146433746589792	0.0344799563703572	0.0514196989506272	35	200	standardized log10 mean-expression + standardized logit detection; no bins; no replacement within program	20260829	FALSE
GSE238264	RANDOM_075	CLEC2D;TIPARP;PLA2G2D;CEP290;TMC8;SLC27A1;CWF19L2;FAS;NPL;HBD;RAB11FIP3;SFMBT2;KRT10;TRAPPC1;ARHGAP29;PPP1CA;SLC25A33;MICALL2;KIF2A;NBPF12;ABCF1;GPD1;NR1D1;ITPKC;MAP1B;TFAP2A;STRC;SULT1A2;KMO;DENND6B;WRN;HIF3A;DDO;SRGAP2B;KLHDC1	0.0261870721545476	0.0172454356988166	0.0344799563703572	0.0514196989506272	35	200	standardized log10 mean-expression + standardized logit detection; no bins; no replacement within program	20260829	FALSE
GSE238264	RANDOM_076	ENPP7;CA4;S1PR4;FCGBP;FAS;FRMD4A;FCMR;CD48;LDB2;GALNT15;CMIP;ROR2;TEX264;RNH1;INO80D;GALK1;MMP14;CHD6;CARF;PALMD;PLTP;ANGPTL2;SPTLC3;RSF1;KYNU;AC011468.5;LINC02340;WLS;DAPL1;BIN2;KCNE4;FZD7;CDK11A;L3MBTL3;TRIL	0.0315661132912995	0.0244069366748695	0.0344799563703572	0.0514196989506272	35	200	standardized log10 mean-expression + standardized logit detection; no bins; no replacement within program	20260829	FALSE
GSE238264	RANDOM_077	NGFR;JDP2;L3MBTL4;LYVE1;PLEK2;ECSCR;RARRES1;PIK3CD;GNB4;HRH1;PTPRJ;HK3;SCRIB;SLCO2B1;STMN3;LRG1;TNFRSF21;TMF1;KCND3;TCF20;ITPR2;ADAMTS2;SEMA3B;GBP4;PLIN1;SPAG8;KCNK12;DIO1;CNTLN;DOCK2;BCL2;CARD11;AC099508.1;SLC37A2;ZNF528-AS1	0.0123254565388723	0.0147436239873893	0.0344799563703572	0.0514196989506272	35	200	standardized log10 mean-expression + standardized logit detection; no bins; no replacement within program	20260829	FALSE
GSE238264	RANDOM_078	ARHGAP26;MERTK;TMTC1;CYP26A1;TNFSF13B;KPNA6;SELPLG;LXN;MAP4K3-DT;TMEM200C;RNF31;HOXB2;PNN;CCT8;CEP170;RAMP1;PITHD1;MMACHC;IL27RA;RAB8B;BDH1;TNFSF13;SH3PXD2B;CCND2;FLCN;LINC00702;SLC24A4;HSPB6;CSF1;SAMD9L;UPK3A;CTSE;GUCY1B1;MEAK7;ZNF701	0.0298853281317823	0.0144313427519787	0.0344799563703572	0.0514196989506272	35	200	standardized log10 mean-expression + standardized logit detection; no bins; no replacement within program	20260829	FALSE
GSE238264	RANDOM_079	SOCS2;ALPL;TSPEAR-AS2;TNIK;IYD;NPHP3;ACTR3C;GLIS2;HLA-DOA;FHOD3;GATAD2B;SP140;DNAJB9;COPA;MARVELD1;SDHC;CAV2;MTHFD2;B4GALNT1;AP003119.3;WARS;PPP1R12A;NR1D1;ADAMTS4;PPP3R1;BACH1-IT2;AL645940.1;INMT;RBKS;GFOD1;FPR1;AC090559.1;PLEKHG1;RAI2;FRS3	0.017578454716212	0.0178871037096329	0.0344799563703572	0.0514196989506272	35	200	standardized log10 mean-expression + standardized logit detection; no bins; no replacement within program	20260829	FALSE
GSE238264	RANDOM_080	TRIM22;CHSY1;SLIT3;MFAP2;CRHBP;EARS2;LRRC3;RASSF2;KIAA2026;AC004585.1;MAFK;SYTL3;MPC1;GLB1;GPR155;SRSF2;UPP1;TSHZ2;CCDC170;MECP2;BOP1;XPO7;ABCC9;IL10RA;RUNX1;AC006449.5;NRG2;ABCB4;MOGAT3;AC132872.1;BCL2;ANKRD23;LINC01018;CEP152;BX537318.1	0.0063569716302747	0.00960539246501898	0.0344799563703572	0.0514196989506272	35	200	standardized log10 mean-expression + standardized logit detection; no bins; no replacement within program	20260829	FALSE
GSE238264	RANDOM_081	LPAR6;LFNG;NUGGC;SPON1;CD79B;ENDOD1;PCED1B-AS1;ASPG;MTHFR;AC005520.2;LZIC;HERC5;ANKRD10;PLEC;MED12;ANXA5;WWTR1;CLDN4;SLC3A1;BAIAP2L2;CMTM8;COPZ2;GABPB1-AS1;FBLN5;RFTN1;AC124283.1;LRCH2;TRIM16L;NRP2;CXCL6;NTS;AC090912.2;CCN4;NFAM1;TMEFF1	0.0198327941833376	0.0222148184703324	0.0344799563703572	0.0514196989506272	35	200	standardized log10 mean-expression + standardized logit detection; no bins; no replacement within program	20260829	FALSE
GSE238264	RANDOM_082	RAB26;FRMD4B;PDE1A;REPS2;CASP1;KIAA2026;POLR2J3;IGSF6;ST3GAL3;SLC26A10;ZNF316;P2RY10;DPP9;GOLPH3;CD83;COL1A2;CAVIN3;HK1;MYCT1;CLEC2D;GPR108;MAP1B;CNTLN;ELN;DMXL2;BACH1-IT2;AL355472.3;LGALS9;KPNA6;GUCY1B1;CD209;AC087564.1;LINC01018;IL34;AL359921.2	-0.00602898285965066	0.0690243867162809	0.0344799563703572	0.0514196989506272	35	200	standardized log10 mean-expression + standardized logit detection; no bins; no replacement within program	20260829	FALSE
GSE238264	RANDOM_083	SLC16A11;JAML;UGT3A1;TNFSF13B;FAM13A;CCDC159;MXRA5;ESCO1;CDC40;MMP28;AGA;HOXB-AS1;DMAC1;TFG;OSMR;SRP9;DLC1;TMEM45A;GIMAP8;ENDOD1;CTDSP2;MAGI2-AS3;ACMSD;MAP2;VPS13D;AC125494.2;SMC5-AS1;SDS;SLC1A3;NFASC;SAMD11;BACH2;SLC10A7;PCYOX1L;TMC3-AS1	-0.000577140402398115	0.016156223117166	0.0344799563703572	0.0514196989506272	35	200	standardized log10 mean-expression + standardized logit detection; no bins; no replacement within program	20260829	FALSE
GSE238264	RANDOM_084	SYNE1;MICAL2;LINC01093;SNED1;RILPL2;EARS2;SCN1B;FAM76A;OSTF1;HBD;LRP11;ELFN1;CLSTN1;KIF1C;CD83;RNASE4;SH3BP2;HLA-DRB5;TESK2;SLC38A6;THRAP3;MAD1L1;MPZ;SLC25A37;SEPTIN1;TGM1;AC106820.3;POSTN;FGF2;MICU3;SAMD9L;AC090912.2;CEP290;ALDH1A3;ZNF41	0.03328600379929	0.0211750857089746	0.0344799563703572	0.0514196989506272	35	200	standardized log10 mean-expression + standardized logit detection; no bins; no replacement within program	20260829	FALSE
GSE238264	RANDOM_085	TBXAS1;GPRIN3;NEURL2;GZMK;LXN;AMOTL1;PTH1R;LAMA2;BTN3A3;SPOCD1;TPP2;CCDC18;GORASP2;LASP1;RSPRY1;ANAPC11;MMP14;STK10;EML1;ILF3-DT;FBXO9;RFTN1;ATG16L2;RUNX1;DMXL2;MYL4;ICAM5;FOSL2;HLA-DOA;KCNC2;FPR1;IPCEF1;NTS;CARD9;ZNF2	0.0229769609141705	0.0312046276863062	0.0344799563703572	0.0514196989506272	35	200	standardized log10 mean-expression + standardized logit detection; no bins; no replacement within program	20260829	FALSE
GSE238264	RANDOM_086	SECTM1;JAML;DOCK10;RBMS3;IKZF1;SH3PXD2B;ALDH3B1;KDM5D;NOC3L;HAS2;ANKRD13D;OSCAR;CCT2;PLXNB1;CALML4;DUSP23;RNF145;SGK3;FZD8;SEMA3B;PKN1;SFN;TTPA;GCH1;ABCG5;AL590133.1;UXT-AS1;SOX9-AS1;CARD16;SLCO2A1;NBPF14;U91319.1;SDCBP2;CD300LF;TRPM3	0.00480266104779154	0.0167754420484959	0.0344799563703572	0.0514196989506272	35	200	standardized log10 mean-expression + standardized logit detection; no bins; no replacement within program	20260829	FALSE
GSE238264	RANDOM_087	PARVG;LFNG;PTPN7;GZMK;ARHGAP9;TDGF1;SYNE1;LILRB5;ARID4A;LGI3;CMIP;CDC14A;UQCC3;CRTAP;SFI1;MGAT1;TNKS2;VPS35L;SLC3A1;TMEM8B;PBLD;XPNPEP2;PHF11;ZBTB16;CCND2;AC021242.3;LINC00702;GNE;AQP7;THRSP;SLC6A13;TNFRSF11A;ASB9;KRT222;LGSN	-0.00468766939579409	0.00333323270936185	0.0344799563703572	0.0514196989506272	35	200	standardized log10 mean-expression + standardized logit detection; no bins; no replacement within program	20260829	FALSE
GSE238264	RANDOM_088	PLA2G4C;ANO1;TBXA2R;PSTPIP1;COLEC10;LOX;PLK3;ATOH8;MLH3;ERVK9-11;MBD4;PCSK5;BTBD2;MRPS16;RAB20;EIF3H;TGIF1;CLDN4;SARM1;KMO;LRRFIP1;AC021074.3;ADAMTS13;PTP4A3;TMF1;STEAP1B;AC011484.1;ABCB1;NRP2;GUCY1B1;MOXD1;IPCEF1;PTGIR;FAM149A;AC018645.3	0.0278647771212336	0.0149839652047875	0.0344799563703572	0.0514196989506272	35	200	standardized log10 mean-expression + standardized logit detection; no bins; no replacement within program	20260829	FALSE
GSE238264	RANDOM_089	NCKAP1L;CSF1;MNDA;UPP2;APBB1IP;LDB2;PDE4B;OXER1;DIAPH2;AL050309.1;NIPSNAP2;IDO1;KPNA2;GGCX;SBF2;GALK1;CYP4F2;LMCD1;NIFK-AS1;NAAA;RHOT2;KYNU;ETV6;XAF1;RNF20;SLC24A4;AC105345.1;PLEKHO1;GALNT10;TNFRSF14-AS1;ARHGAP10;MILR1;ATXN7;PCYOX1L;HOXD8	0.00676251821357661	0.0209357666170997	0.0344799563703572	0.0514196989506272	35	200	standardized log10 mean-expression + standardized logit detection; no bins; no replacement within program	20260829	FALSE
GSE238264	RANDOM_090	S100A1;JDP2;PROCR;REPS2;CD79B;PLGLB2;GPR183;EHD3;CYP1B1;ANKRD35;FAM102A;ESR1;MRPL40;LSM4;ETNPPL;ARPC5;RASD1;YAF2;MSANTD4;LOX;TSPAN8;SLC41A2;NR1D1;CLDN18;DMXL2;MYL4;AC011468.5;ANKRD37;GPRIN3;SNAP25;EMB;Z73420.1;COL8A1;SNHG22;TRIM73	0.00604888413728982	0.0154301226387827	0.0344799563703572	0.0514196989506272	35	200	standardized log10 mean-expression + standardized logit detection; no bins; no replacement within program	20260829	FALSE
GSE238264	RANDOM_091	MAP3K14;HPS5;RGS9;SYDE1;APBB1IP;GPRIN3;RNASE6;TNFRSF4;CD83;TAFA5;EXOSC10;OLFM1;UBQLN1;SUN2;ANKIB1;ANGPTL3;SLC17A9;TAPBPL;CLDN23;TTPA;SMIM7;MSR1;DGKA;REG3A;PIP4K2A;NSMCE1-DT;AC026740.1;ADA2;CCL4;DOK2;PFKFB1;ZDHHC19;ENTPD2;FAM78A;LINC01091	0.0122952511678565	0.0143026855668292	0.0344799563703572	0.0514196989506272	35	200	standardized log10 mean-expression + standardized logit detection; no bins; no replacement within program	20260829	FALSE
GSE238264	RANDOM_092	PTK2B;GIMAP4;NAALADL1;CLSTN2;CD27;PPM1K;LAMA2;ZNF563;UBXN11;LRRN2;RASSF1;PACSIN1;KLB;S100A16;FRS2;ACTN4;SDC3;TMEM204;LARP6;FGF2;ACADM;MUSTN1;CALML4;PPP1R9B;PTF1A;AC080129.2;AC008764.6;MGLL;RAB26;THRSP;UBAP1L;SLC66A1L;ARHGAP24;FOSL1;SPACA6	0.0124052194446768	0.0186323952206797	0.0344799563703572	0.0514196989506272	35	200	standardized log10 mean-expression + standardized logit detection; no bins; no replacement within program	20260829	FALSE
GSE238264	RANDOM_093	SERTAD3;TBC1D10C;EPHA3;NOD1;CRYBG1;OSTF1;PDE4B;COLEC10;MICAL2;SIDT1;BOLA2;ESR1;MRPS25;COX20;ANKFN1;ACSL1;MACO1;CD58;PLEKHM3;CSPP1;MVD;SERTAD1;SNAI2;RALGDS;MEGF9;MYO15A;AL034374.1;HCLS1;ABCG1;TRABD2A;NTS;CARD11;NINJ2;MIRLET7BHG;CBS	0.0112199504130072	0.0136313609089841	0.0344799563703572	0.0514196989506272	35	200	standardized log10 mean-expression + standardized logit detection; no bins; no replacement within program	20260829	FALSE
GSE238264	RANDOM_094	COL16A1;OSMR;CCL4L2;RAPGEF6;PARVG;RICTOR;KCNQ1OT1;ACOT4;ARHGEF17;BANK1;CTCF;SMIM32;ILVBL;SHC1;THAP3;TXNDC17;TCEAL9;TRIM47;AC004233.2;GMIP;IFNAR1;MATN2;SLC6A2;SLC2A3;MAP1B;ALLC;AL356356.1;CASP4;ECSCR;UBAP1L;RLF;WNT11;ZG16;SYT17;AL035461.2	0.00599643998873159	0.010178847885587	0.0344799563703572	0.0514196989506272	35	200	standardized log10 mean-expression + standardized logit detection; no bins; no replacement within program	20260829	FALSE
GSE238264	RANDOM_095	SIGLEC1;UROC1;SCGB3A1;ST8SIA4;PCED1B-AS1;KIAA2026;FGFR2;TMC8;MTHFR;AC068587.4;RUFY1;TTN;KRT10;PLEC;CEP170;SAT2;SMCHD1;TRIM47;PFKFB1;ETV6;DUT;LHFPL6;CCDC159;NFATC3;ZDHHC20;AL137026.1;FGF22;LTBP2;ETNPPL;L3HYPDH;MIR193BHG;AC009041.2;RUNX3;MAPK10;KIAA1211L	0.00649240944613248	0.0276698624080279	0.0344799563703572	0.0514196989506272	35	200	standardized log10 mean-expression + standardized logit detection; no bins; no replacement within program	20260829	FALSE
GSE238264	RANDOM_096	PTH1R;LFNG;RCAN2;LMOD1;MIR99AHG;CRTC1;CD8A;VIPR1;NOC3L;GPR171;PLBD1;SIGLEC9;WDR45;NINJ1;TULP4;NAMPT;MAP3K12;HIP1;LPL;CDK18;BCL7C;NSRP1;SWAP70;LAMC3;CBLB;LINC02361;ASCL1;NCOA7;PRKCH;SASH3;DDO;SGIP1;KDM8;GRIN2A;C7orf31	0.0120481082281724	0.0164464409231361	0.0344799563703572	0.0514196989506272	35	200	standardized log10 mean-expression + standardized logit detection; no bins; no replacement within program	20260829	FALSE
GSE238264	RANDOM_097	MIR99AHG;INPP5D;ARHGAP31;HMGN5;COMP;BTN3A3;WBP4;MUC1;DOCK5;GNGT2;CEP350;PI16;TMEM220;STT3B;RAB20;TP53INP1;PITHD1;SMARCC2;SLC9A1;CASP7;EMP2;SOCS3;ST6GALNAC4;PSD3;ABCA6;TIFAB;KCNK9;F11;UBXN11;PDE2A;DENND4C;ASPHD1;SLC19A3;A4GALT;ZNF808	0.0225887717736243	0.0103921590361147	0.0344799563703572	0.0514196989506272	35	200	standardized log10 mean-expression + standardized logit detection; no bins; no replacement within program	20260829	FALSE
GSE238264	RANDOM_098	LATS2;ENDOD1;NR4A3;CALHM6;ITGA4;SLC27A1;FERMT3;HCK;HCP5;SCRG1;FBRS;CAMK4;KLF9;SEPTIN2;OSTF1;FBXW5;ECHDC1;ICE1;ARHGAP31;SOCS2;RHOT2;FHL1;CDK18;CTH;LIPG;AC053503.5;AC026367.2;TTC36;BASP1;CLEC7A;PCED1B;LINC02535;RSPH3;S1PR4;DDX47	0.0129691406200623	0.0146892639060862	0.0344799563703572	0.0514196989506272	35	200	standardized log10 mean-expression + standardized logit detection; no bins; no replacement within program	20260829	FALSE
GSE238264	RANDOM_099	SECTM1;RIN3;MEF2B;LYRM9;CD27;LIMK2;TPT1-AS1;KLF4;NRP2;C1RL-AS1;SPATA13;TIMP4;LGR4;TNFRSF1A;JAML;C19orf53;BNIP3L;ASPN;TREM2;ABR;NUBP2;GCC2;BCL2L11;ELOA;ATM;DUSP26;AC006027.1;MAP3K20;MEGF6;L3HYPDH;DENND6B;POMZP3;APOA4;DACT1;NKX3-1	0.00356703382677073	0.0214107772240516	0.0344799563703572	0.0514196989506272	35	200	standardized log10 mean-expression + standardized logit detection; no bins; no replacement within program	20260829	FALSE
GSE238264	RANDOM_100	GALNT10;ETV6;CDH11;TEK;TMEM107;DGKA;CASP1;TNFRSF4;TIPARP;SLC16A6;RRAGC;ALKAL2;NAA60;APH1A;AKAP11;SULT2A1;TCF7;ADPRHL2;LARP6;KNOP1;BRD4;PFKFB3;CNTLN;MPEG1;MGAT4A;ALLC;ATP8A2;MS4A6A;MEGF6;ARHGAP44;LACC1;SCARF2;LRRK1;PCYOX1L;TMEM121	0.00914788218265787	0.0177046912547743	0.0344799563703572	0.0514196989506272	35	200	standardized log10 mean-expression + standardized logit detection; no bins; no replacement within program	20260829	FALSE
GSE238264	RANDOM_101	ACAP1;AC020916.1;CLIC2;CALHM6;IL18BP;CCDC91;MALL;NFAT5;AKAP11;LCN10;GINM1;CACNA2D4;OAZ2;ADAR;DAGLB;RAN;ICK;GPR155;GATA6-AS1;AC007493.1;FBXO9;BIRC3;RANBP10;MPEG1;HELZ;LINC02422;AC011472.4;ADA2;ZEB1;SCLT1;WRN;EFS;LINC02716;MCC;C16orf86	0.0245518681565088	0.00971315647446766	0.0344799563703572	0.0514196989506272	35	200	standardized log10 mean-expression + standardized logit detection; no bins; no replacement within program	20260829	FALSE
GSE238264	RANDOM_102	THEMIS2;MMP23B;GDF2;CRLF3;TRPV2;LPAR6;IGSF6;COMP;MEGF6;NTNG2;DNTTIP2;DLG4;OCIAD2;ERBB3;HPS5;GNG5;FYTTD1;MAFF;BCAS4;SOCS2;ITGAV;AP1M2;CMTR2;MAP2;MAGI2-AS3;AL732509.1;DOCK3;TNFAIP2;BCL2L11;DOK2;P2RX7;CILP2;CA14;ARMH1;ZNF888	0.0109841079654785	0.00944143417019249	0.0344799563703572	0.0514196989506272	35	200	standardized log10 mean-expression + standardized logit detection; no bins; no replacement within program	20260829	FALSE
GSE238264	RANDOM_103	FABP3;IGFALS;AL139246.5;MRVI1;IGSF6;RND1;FMNL3;PLCB2;ZSWIM6;AC093894.2;TRIO;GOLGA6L4;WIPI2;SMIM14;TIE1;C19orf53;SH3YL1;SLC25A30;OIT3;PALMD;MESD;KLF12;LEF1;TMC6;MAGI2-AS3;IFNG-AS1;AC093512.1;TNXB;CMTR2;STAMBPL1;KLRB1;MEIS3;PFKFB1;FAM78A;CDH22	0.0209046989386384	0.0104497993827739	0.0344799563703572	0.0514196989506272	35	200	standardized log10 mean-expression + standardized logit detection; no bins; no replacement within program	20260829	FALSE
GSE238264	RANDOM_104	SELPLG;ADAMTS13;CCDC170;FCGBP;PCED1B-AS1;GPC6;FCHSD2;TRPV2;ACSM1;PKHD1L1;CDC27;HSPB7;TMEM109;ADIPOR1;ANKIB1;IRF2BP2;PPP1R18;SNCG;SOX5;MORC3;PREB;RUNX1;TIPARP;PPARGC1A;NSRP1;AC073349.1;PCSK1;FBN1;SYT7;CDH23;SAMSN1;AC006480.2;CLEC10A;GPBAR1;CCDC134	0.0147517352917651	0.0228940970187707	0.0344799563703572	0.0514196989506272	35	200	standardized log10 mean-expression + standardized logit detection; no bins; no replacement within program	20260829	FALSE
GSE238264	RANDOM_105	CCL4;KRT19;MAP1A;DTX1;NCKAP1L;CCDC159;PLA2G4C;FGD3;PKP2;LRRN2;MLYCD;PTGS2;EIF2AK1;TNFRSF1A;MFSD14A;TM4SF5;IFI27L2;GPR155;USP30-AS1;CSF1;DGAT2;MSR1;UBXN11;APBB3;TNFSF13;AC006027.1;TGM1;TNFRSF21;ACMSD;BPIFB2;ZNF584;ZNF347;PLEKHG1;CKMT2;TRIL	-0.00211556011365394	0.0102134050833414	0.0344799563703572	0.0514196989506272	35	200	standardized log10 mean-expression + standardized logit detection; no bins; no replacement within program	20260829	FALSE
GSE238264	RANDOM_106	PARVG;KMO;TTBK2;SRPX2;GLIS2;RANBP10;TNFSF13B;OAS3;DIAPH2;GLI1;MIB2;SGMS1-AS1;FAM83H;HNRNPL;CREBRF;MTCH1;CETN2;EVI5;IL27RA;MORC3;SZRD1;BCL2L10;GPC6;CTH;TAOK3;SSTR3;AP001527.2;PLAC9;TTPA;PAMR1;NBPF14;C5orf46;SOX6;IFI44L;PPP2R3A	0.0168474074777525	0.00947556812901982	0.0344799563703572	0.0514196989506272	35	200	standardized log10 mean-expression + standardized logit detection; no bins; no replacement within program	20260829	FALSE
GSE238264	RANDOM_107	HEXIM1;ZNF292;LINC01093;MUC6;ANGPTL6;ANKRD50;COMP;FAM222A;CCSER2;PLPP7;LRRC20;HSPA6;MBOAT7;PTTG1IP;ZNF277;DUSP23;AFF1;RGL1;LARP6;MTF2;BAG1;RASGEF1B;MOSMO;KLF12;SHISA4;UPK1A-AS1;AC093512.1;GHRH;SKAP2;SASH3;RLF;EGLN3;GBP5;AMPD3;ZNF283	-0.00937662743385773	0.0184329619512652	0.0344799563703572	0.0514196989506272	35	200	standardized log10 mean-expression + standardized logit detection; no bins; no replacement within program	20260829	FALSE
GSE238264	RANDOM_108	ADAMTS13;PPP1R12B;NAALADL1;PPL;ITGA4;CALML4;SLC16A10;EHD3;DAO;TLR6;CAVIN2;ABCB5;GTF3C6;HEXA;NUP93;SLC25A5;IGF2BP2;KAT6A;CARF;LTN1;OAZ2;FHL1;LATS1;ADAMTS4;CCDC88B;BCDIN3D-AS1;CSDC2;ATF3;HPGD;TNFRSF14-AS1;PGAM2;ZNF347;PALM3;OGN;NEIL3	0.025614596909993	0.0161342780834881	0.0344799563703572	0.0514196989506272	35	200	standardized log10 mean-expression + standardized logit detection; no bins; no replacement within program	20260829	FALSE
GSE238264	RANDOM_109	NMI;DIAPH2;HHIP;DNAH1;EHD3;CAPS;RNF135;ESCO1;GPSM3;KCNIP3;TWF2;PRICKLE1;FUNDC2;STMN1;GSAP;NONO;TMEM263;ANO1;SDCBP2;FCHO2;BCL7C;PYCARD;BCL2L11;MYCBP2;ETV5;AL022341.1;AL356652.1;DNASE1L3;AC020916.1;NEK1;SLC28A1;ZNF521;AGPAT4;GPC4;MROH2A	0.00585341634284719	0.00487447227477261	0.0344799563703572	0.0514196989506272	35	200	standardized log10 mean-expression + standardized logit detection; no bins; no replacement within program	20260829	FALSE
GSE238264	RANDOM_110	C3AR1;S100P;CLMP;AC015917.2;PEAR1;GYS2;ARHGAP9;CCDC198;TENT4B;TBX10;TMEM47;CCZ1B;ATP1B3;ARF4;MARVELD1;YWHAB;PGGHG;NLRC5;SLC9A1;CCDC186;CMTM8;TSPYL2;EARS2;CCND2;ERBB2;AP001462.1;LINC02606;S100A14;KMO;RMRP;SLC6A13;MIA;ARAP2;ARL13B;ZNF782	0.0217052318768253	0.0224154725779937	0.0344799563703572	0.0514196989506272	35	200	standardized log10 mean-expression + standardized logit detection; no bins; no replacement within program	20260829	FALSE
GSE238264	RANDOM_111	WFDC2;C1orf162;OTOA;BPIFB2;PARP8;MMP9;FAM13A;GPR183;ENTPD1;PYGM;TPP2;LRFN4;TMX4;GNB2;RAB34;PSMB1;TMEM53;TMEM204;ITPR3;ABR;FUCA1;CCDC88B;SLC6A2;OGFOD1;AP1M2;LINC01750;AL137026.1;CASP4;RAB26;ST8SIA4;NEXN;SUCLG2-AS1;SAMD9L;CCDC144A;HOXD9	0.0327396170417705	0.0220262866344926	0.0344799563703572	0.0514196989506272	35	200	standardized log10 mean-expression + standardized logit detection; no bins; no replacement within program	20260829	FALSE
GSE238264	RANDOM_112	TBC1D10C;INHBA;COX6A2;MYOF;ACTG2;CRTC1;CWC27;SCN1B;C3AR1;CYP26B1;LRRC20;FCRLA;PPP6R1;VPS51;PPIH;PTBP1;TFE3;TBC1D9;TUBB4A;SMAD7;ITGAV;PPARGC1A;GNB4;PPP1R9B;ESF1;AC008764.6;ZBTB44-DT;FLRT2;RBKS;SLC22A10;LIMCH1;CASC9;ALPK2;MEAK7;AC116913.1	0.00373036912159635	0.0231194996193229	0.0344799563703572	0.0514196989506272	35	200	standardized log10 mean-expression + standardized logit detection; no bins; no replacement within program	20260829	FALSE
GSE238264	RANDOM_113	GMIP;NBPF12;NUGGC;FGD2;PARP8;SASH1;EPHA2;CFP;TIPARP;LHX2;AGA;TLR5;TPR;ERG28;NABP1;SELENOW;SSBP3;EPB41L1;CA14;GYS2;F13B;GRASP;ALS2CL;EPHA1;EPS8L3;AL356652.1;TGM1;ANKRD37;SESN2;LPA;COL4A4;AP001062.1;SLC1A1;SPATA6;AL162253.2	0.00382061353951617	0.0142002347853251	0.0344799563703572	0.0514196989506272	35	200	standardized log10 mean-expression + standardized logit detection; no bins; no replacement within program	20260829	FALSE
GSE238264	RANDOM_114	DDX3Y;CLEC2B;PCLO;KCNQ1OT1;ITGA4;TMEM161B-AS1;IYD;SCN1B;GASK1B;MMP25;OTUD6B-AS1;PARP15;MAPK1;TM9SF2;GPR155;LRP1;ATP2B1;ITGA2;ITGA11;GIMAP4;EHBP1L1;ETV5;ARHGEF3;MAP2;MAGI2-AS3;AC023024.1;DIABLO;IL1RAP;TIPARP;FCN1;BCL2;CLVS2;ARAP3;RERGL;PRDM16	0.0225766077413562	0.017100078424123	0.0344799563703572	0.0514196989506272	35	200	standardized log10 mean-expression + standardized logit detection; no bins; no replacement within program	20260829	FALSE
GSE238264	RANDOM_115	KMO;GIMAP5;ZDHHC11;SLCO3A1;SSC4D;BCL2L11;RASAL3;FCN2;KIAA2026;AKAP5;MOCS1;MDFI;LGR4;SERPINH1;CMTR2;ATP5MC1;ARRDC2;PIGR;ZNF117;CWC25;PRPF40A;SH2D4A;NR1D1;GLYATL1;ANTXR2;AC011472.4;SOX8;SLC46A3;ACAP1;ALPK2;AC099508.1;BMP6;AC026979.2;LILRA6;STRIP2	0.0176632177902735	0.00937043852391512	0.0344799563703572	0.0514196989506272	35	200	standardized log10 mean-expression + standardized logit detection; no bins; no replacement within program	20260829	FALSE
GSE238264	RANDOM_116	GPSM3;STK17A;LAT2;RELT;MUC1;BCL2L11;ACVRL1;GNG2;EMILIN2;AC025171.1;TRIM41;KLHDC7A;TPR;FGFR4;CA4;NDUFAF8;BEX2;DMGDH;ZNF749;ROBO2;ABCD3;INHBC;RNF166;MPP1;ZYG11B;BCDIN3D-AS1;NRG2;PALM2-AKAP2;ITGAX;ANKRD26;SLFN11;LINC00472;ATXN7;CEP112;LRRC29	-0.00177353640044077	0.00646306434958274	0.0344799563703572	0.0514196989506272	35	200	standardized log10 mean-expression + standardized logit detection; no bins; no replacement within program	20260829	FALSE
GSE238264	RANDOM_117	ROBO2;GIMAP4;TMEM159;ERICH1;PARVG;ADAMTS13;ZFP90;LILRB4;TBC1D10A;LHX2;AAK1;CXCR3;DNAJB9;KTN1;CREBRF;LAMTOR4;DIO1;GALNS;SAMD11;ETV6;JPT1;MMP11;FKBP15;PPP1R9B;FLNC;CA9;ACKR4;CD163;CDC42EP3;CYTIP;RLF;PIK3C2G;PLEKHG1;DNM3OS;CBWD3	0.0324180531409602	0.00766388358625791	0.0344799563703572	0.0514196989506272	35	200	standardized log10 mean-expression + standardized logit detection; no bins; no replacement within program	20260829	FALSE
GSE238264	RANDOM_118	TTLL3;RAC2;SLC8A1;PSTPIP1;IRF8;CALML4;NAT2;FGD3;ETNPPL;CD300E;GATAD2B;TTN;AP1B1;SPTAN1;TTC14;PSMB1;MKLN1;MLPH;ASAH2;SOCS2;FDX1;TMF1;DTX2;RSF1;RESF1;AC022784.6;MYL4;ABCG8;RBP7;CD69;THRSP;POMZP3;TNFRSF14-AS1;GRIN2A;AC120053.1	0.00722130357233459	0.0140032263410541	0.0344799563703572	0.0514196989506272	35	200	standardized log10 mean-expression + standardized logit detection; no bins; no replacement within program	20260829	FALSE
GSE238264	RANDOM_119	ITGA4;TBC1D10C;RGS9;GZMK;SP110;RAB31;PLK3;ZNF337;CD83;LINC02388;SEH1L;HSPB7;OLA1;ILF3;ZNF579;COL6A1;LBH;PPFIBP2;LINC01116;TBXAS1;CCL14;GDA;FBLN2;OGFOD1;FHL1;STRC;AF001548.2;TNFAIP2;IL2RG;SLCO3A1;GNLY;SLC15A2;MCPH1;SPATA6;TMEFF1	0.0314245076267337	0.0564868467649379	0.0344799563703572	0.0514196989506272	35	200	standardized log10 mean-expression + standardized logit detection; no bins; no replacement within program	20260829	FALSE
GSE238264	RANDOM_120	SAP25;PALMD;GPX8;IKZF3;TNFAIP8;TRIM22;PARP8;RASSF2;TBC1D10C;MAL;PTPRJ;DEFB132;MCM7;RTN3;CASP10;FBP1;PHF20L1;DBNDD1;TMEM159;PNPLA7;AKR7A2;CSTA;STXBP3;ACSM3;RUNX1;AC125494.2;AC106820.3;MGLL;GPC6;CCR1;LILRB3;PRND;PFKFB1;HOTAIRM1;RANBP17	0.0146894825937779	0.0115651315154994	0.0344799563703572	0.0514196989506272	35	200	standardized log10 mean-expression + standardized logit detection; no bins; no replacement within program	20260829	FALSE
GSE238264	RANDOM_121	GNB4;S100A1;CNN1;LPA;PTH1R;NFATC2;MAP7D3;PLEK2;ST3GAL3;MOV10L1;YIPF1;RGS4;BCL7C;HMGN1;GPR155;UGP2;HSPB6;MMACHC;CLDN23;SLFN5;GAA;COL14A1;RAB31;PART1;FLCN;ST8SIA3;AL031600.3;TNFAIP2;KIAA2026;FER;BCAS4;FCRL3;IRF5;CARD9;ZNF619	0.0261959809599517	0.019320075235628	0.0344799563703572	0.0514196989506272	35	200	standardized log10 mean-expression + standardized logit detection; no bins; no replacement within program	20260829	FALSE
GSE238264	RANDOM_122	IRF2;FGFR1OP2;NUGGC;LYVE1;CEP120;DGKA;MIR99AHG;EME2;STMN3;KRT80;MARK2;BMPER;AP1M1;ERG28;HLTF;RNASE4;STX4;STK35;SHPRH;ADAMTS13;RTCB;PARP6;ARID5B;OGFOD1;GNL3L;KCNK9;SOX8;OSBPL8;RHBDF2;REC8;AL022328.4;PATL2;PLEKHG1;EGFLAM;NEIL3	0.00842793476667255	0.0150174577510108	0.0344799563703572	0.0514196989506272	35	200	standardized log10 mean-expression + standardized logit detection; no bins; no replacement within program	20260829	FALSE
GSE238264	RANDOM_123	KCNAB2;OAS2;EPHA3;BMP2;SIGLEC1;KRT19;CKMT2-AS1;STS;SPHK1;PLPP7;PIAS1;FZD2;FAM136A;QDPR;ARHGAP29;NAMPT;TSPAN9;SMC5;PTPN7;SGF29;OCIAD2;CCL18;SPTLC3;TUBB6;ZBTB4;AC090617.3;AL137798.1;NBL1;TRIM22;KLRB1;SLC6A13;NELL2;HAVCR2;MTRNR2L8;SEMA3G	0.0323322205256791	0.0117258542804344	0.0344799563703572	0.0514196989506272	35	200	standardized log10 mean-expression + standardized logit detection; no bins; no replacement within program	20260829	FALSE
GSE238264	RANDOM_124	LPAR6;STK17A;PCLO;CDH23;CEP120;KRT19;LRRC3;ASPG;MTHFR;HAS2;NCOA1;P2RY10;MESD;ARPC2;PLXDC2;ATP5MC1;CYTOR;ZNF644;TSPYL4;TNRC6C;TACC1;CYP4A22;PKD2;SLC22A11;CITED2;LMCD1-AS1;AC120049.1;LTBP2;SAP25;PLA2G7;RLF;CD1C;GPATCH1;HAND2-AS1;SEMA3G	0.00537415606273073	0.019778584526937	0.0344799563703572	0.0514196989506272	35	200	standardized log10 mean-expression + standardized logit detection; no bins; no replacement within program	20260829	FALSE
GSE238264	RANDOM_125	MIR99AHG;CCSER2;LAT2;RELT;FGFR2;FAM53B;LILRB2;LINC01554;S1PR1;UBASH3A;IL11RA;ASPA;FKBP4;GPRC5C;PLXNC1;CLTA;NCOA7;STK35;OVGP1;AC020916.1;GLTPD2;CCDC152;SPHK1;MME;ABCA6;LINC01238.1;KCNK12;DERL3;GPSM3;LINC01151;SYTL2;AC018653.3;GRAP;CNDP1;AC006064.4	0.0168186855619873	0.0117381120560123	0.0344799563703572	0.0514196989506272	35	200	standardized log10 mean-expression + standardized logit detection; no bins; no replacement within program	20260829	FALSE
GSE238264	RANDOM_126	GYS2;DOCK5;CEP85L;SEMA3C;SCNN1D;CDC42EP3;COMP;PEAR1;PKP2;AP005262.2;AP1G2;SFMBT2;ACSL3;SLCO2B1;CA4;SEC61G;SERPINE2;ICE1;CA14;CLEC2D;YIPF4;SOD3;GIMAP5;ELOA;LMCD1;IFNG-AS1;LINC00365;ATF3;SLFN5;CTHRC1;ARHGAP24;ZKSCAN2-DT;SLC3A1;KAZN;NEIL3	0.0515597990235617	0.0306905265981571	0.0344799563703572	0.0514196989506272	35	200	standardized log10 mean-expression + standardized logit detection; no bins; no replacement within program	20260829	FALSE
GSE238264	RANDOM_127	APOBEC3C;CDHR2;PTGIR;CYP4F22;SYNE1;HECA;MYO5A;MXRA5;STMN3;AL133243.3;CTCF;CACNA2D4;KPNA2;SUCLG2;NABP1;NME1;GOLM1;TGFB1I1;ITGB2-AS1;OGFRL1;ABCC3;PLSCR4;DEPDC7;APBB3;CCDC88B;AL732509.1;LMCD1-AS1;MS4A6A;RBKS;NTS;RUNX3;PLCXD3;CLEC7A;CARD9;LMLN	0.00807608323917533	0.0194249055345056	0.0344799563703572	0.0514196989506272	35	200	standardized log10 mean-expression + standardized logit detection; no bins; no replacement within program	20260829	FALSE
GSE238264	RANDOM_128	S100A8;PPP1R12B;MUC3A;FCGR2B;FABP3;LPAR6;SPART;CRYBG1;ZNF224;FHOD3;UTP11;OSCP1;NADK;GSDMD;MICAL2;PSMB1;RSRP1;EPS8L3;CDH11;NGFR;LRRFIP1;RUNX1;GALNT10;MPP1;HLA-DRB5;SPAG8;JAKMIP3;ARID5A;ECSCR;ADSSL1;PTPN7;U91319.1;TMEM92;CHST2;STRIP2	0.0153381303829731	0.0231905224700413	0.0344799563703572	0.0514196989506272	35	200	standardized log10 mean-expression + standardized logit detection; no bins; no replacement within program	20260829	FALSE
GSE238264	RANDOM_129	CDK18;TNC;ARHGEF6;EIF4E3;TCEAL3;FKBP15;FCMR;PDE4B;DAO;RNF165;PIK3C2A;AL162458.1;MRPS11;SUN2;CEP170;SARAF;F2R;MMACHC;TMEM159;HECA;EMP2;MAD1L1;FAM114A2;UCHL1;ANXA9;AC007614.1;SSTR3;PLAC9;BDP1;TRIM35;DDO;ZC3H12D;SHD;IL1RL1;TMC3-AS1	0.0168922225982219	0.019894722927788	0.0344799563703572	0.0514196989506272	35	200	standardized log10 mean-expression + standardized logit detection; no bins; no replacement within program	20260829	FALSE
GSE238264	RANDOM_130	GPC6;ZSWIM6;ATP10D;PRKCB;TNFSF13B;ALPL;ALG1L;SKAP1;RBKS;GNGT2;SPHK2;WASF3;DDX6;STAT2;OSMR;BTG1;CCDC88A;TRIM38;TBC1D8B;GPSM3;SLCO1B1;FAAH;NABP1;MICAL1;NLRP1;STEAP1B;NOMO3;LY96;AC022613.1;LY86;SOX6;BMP6;TMPRSS3;DZIP1;CBWD3	0.00827992491071071	0.0140459197795761	0.0344799563703572	0.0514196989506272	35	200	standardized log10 mean-expression + standardized logit detection; no bins; no replacement within program	20260829	FALSE
GSE238264	RANDOM_131	TRIM22;CDK18;IGHD;ZC3H6;ACSS1;ANKRD50;HELZ2;PDLIM4;ECSCR;HOXA13;NIPSNAP2;FZD2;KEAP1;NDUFAB1;PLEKHM1;RAMP1;JOSD2;MS4A4A;TBXA2R;RAB8B;NFE2L2;SLC41A2;LOX;SLC22A9;LAMC3;GASAL1;INSC;PTPN6;SYT7;AC015917.2;TBC1D8B;AC018653.3;AC026979.2;SYT17;BMP8A	-0.00114918642863164	0.0108604224061587	0.0344799563703572	0.0514196989506272	35	200	standardized log10 mean-expression + standardized logit detection; no bins; no replacement within program	20260829	FALSE
GSE238264	RANDOM_132	ABCG1;CDHR2;SSC5D;AVPR1A;SP140L;CMTR2;C5orf66;OXER1;TBC1D10A;FIRRE;CREM;F2RL1;ATPAF1;MARCKSL1;TANGO2;TRAM1;TNXB;CLDN4;P2RY11;ITPRIP;GRB2;PURA;NBPF12;SERPINI2;AC021074.3;CDH3;BACH1-IT2;MGLL;SAP25;RMRP;ZNF584;BACH2;C12orf4;GAS1;STRIP2	0.00895466746069484	0.00417445769550924	0.0344799563703572	0.0514196989506272	35	200	standardized log10 mean-expression + standardized logit detection; no bins; no replacement within program	20260829	FALSE
GSE238264	RANDOM_133	ITGA3;MDFIC;OASL;LMOD1;SELPLG;FAM126B;USP53;LILRB4;RAC2;PDZD2;VPS33A;CXCR3;BCL7C;SEPTIN2;SBNO1;NAA38;PHLDA2;YAF2;MYCT1;ZNF791;CENPB;CCL18;LDB2;ELK3;CD58;INSC;AC011484.1;ETS1;SLC27A1;CTTNBP2NL;CD69;CH25H;CHRDL1;HAND2-AS1;AL355512.1	0.0273826641031386	0.0248149575861267	0.0344799563703572	0.0514196989506272	35	200	standardized log10 mean-expression + standardized logit detection; no bins; no replacement within program	20260829	FALSE
GSE238264	RANDOM_134	ANTXR1;SPOCK1;KCNE4;ERICH1;CELF2;ZSWIM6;WBP4;RNPC3;SASH1;CAMK2B;CAMSAP2;HK3;CHMP3;PROS1;SNAI2;TXNDC17;DIO1;BCAS3;CHIT1;NGEF;GPR108;RUNX1;PHF11;CCND2;MIER1;PAN3-AS1;CD80;USP8;INPP5D;DOCK2;SLC1A1;PROM1;CCN4;ZNF518B;ZNF497	-0.00507042711048872	0.0065338751156348	0.0344799563703572	0.0514196989506272	35	200	standardized log10 mean-expression + standardized logit detection; no bins; no replacement within program	20260829	FALSE
GSE238264	RANDOM_135	LIFR;MICAL2;CXCL13;CCDC66;HIVEP2;PPIL4;DEF6;MALL;RGS10;VCX;TPP2;CDC14A;NDUFA9;PPP1CC;SNCG;LRG1;MAP7D1;SPI1;PCED1B;GATD3A;LENG8;RUNX1;BTN3A3;FBLN5;PPP3R1;DOCK3;LRCH2;NR4A1;PTK2B;DTX1;UBAP1L;ZC3H12D;AGPAT4;MTRNR2L8;ITPRIPL1	0.0257017297912841	0.0204831899326944	0.0344799563703572	0.0514196989506272	35	200	standardized log10 mean-expression + standardized logit detection; no bins; no replacement within program	20260829	FALSE
GSE238264	RANDOM_136	SLFN5;IGHA2;CPXM1;AC132872.1;NCKAP1L;FAM53B;AMOTL2;CLEC16A;GPC6;LINC01948;MPHOSPH10;AL365361.1;HSD17B8;FGFR4;CALML4;MYL12A;CIDEB;PPP3R1;PLLP;NMI;ARL2;EPM2AIP1;CEP170;TAOK3;RAB12;GALNT5;AL121845.4;SLC25A18;PAQR7;PRICKLE2;MOXD1;MEIS3;PTGIR;FITM1;ZNF571	0.00619905905572432	0.0163547133075663	0.0344799563703572	0.0514196989506272	35	200	standardized log10 mean-expression + standardized logit detection; no bins; no replacement within program	20260829	FALSE
GSE238264	RANDOM_137	GIMAP5;NRP2;UNC13D;MRAP;KCNJ3;SLC23A1;LPXN;COL12A1;ARHGEF17;MATN1-AS1;CASKIN2;OSCP1;PPP4C;SUMF2;UBXN11;ATP5MC1;DLC1;WWC2;SLC6A13;CSF1;NFE2L2;AGXT2;TMEM161B-AS1;S100A14;HCST;OR51E1;AC036214.2;SULT1A2;CD2;MYO1G;MSRB3;LINC02593;SVEP1;EXOC3-AS1;PRDM16	0.00618547910643678	0.0157943392369213	0.0344799563703572	0.0514196989506272	35	200	standardized log10 mean-expression + standardized logit detection; no bins; no replacement within program	20260829	FALSE
GSE238264	RANDOM_138	ZBTB43;NBPF12;FCHSD1;PLCB2;PDE4B;AC083841.1;BBOX1;PARP8;PTK2B;HRH1;KAT8;WASF3;FOXN3;NDUFA7;ING1;TGFBI;CIDEB;GJA1;LINC01116;CDC42EP3;GLTPD2;ETV5;RWDD3;OSGIN2;TUBB6;KIAA0825;AL034374.1;LGALS9;CD2;SMAD6;MSRB3;SPATA18;GIMAP1;Z93930.2;CU638689.5	-0.0179476346256665	0.0217135585745794	0.0344799563703572	0.0514196989506272	35	200	standardized log10 mean-expression + standardized logit detection; no bins; no replacement within program	20260829	FALSE
GSE238264	RANDOM_139	AC083841.1;MOGAT3;LRRC8C;TRAF3IP2;ALOX5AP;RBM15;IRF8;RASGRP3;PTK2B;WDR66;PLA2G15;LPAR1;WNK1;RAB1B;TTC14;LAMP2;CPVL;VSTM4;ASAH2;RAB8B;SHROOM1;CLDN18;ECSCR;AP1S2;CLIP4;AL583856.2;LINC01354;RASD1;ARID4A;RGS16;ABI3BP;GPRC5A;IRF5;KAZN;PPP1R32	0.000298191208489859	0.0126638094138414	0.0344799563703572	0.0514196989506272	35	200	standardized log10 mean-expression + standardized logit detection; no bins; no replacement within program	20260829	FALSE
GSE238264	RANDOM_140	CCL25;FBXW7;TANC2;RGS16;PCED1B-AS1;MDFIC;MIS18BP1;LXN;RBKS;CYP26B1;AP1G2;DNAAF1;CDK4;KPNB1;TIE1;HLA-DPA1;EP300;TRIM55;ZNF653;SCAF4;HAAO;CYBB;EMILIN2;HAL;SLC41A2;AL118558.4;SPEF1;HEPACAM;LFNG;BICC1;SLC22A10;AC023157.3;SOX6;SNHG22;TRPM3	-0.00882608410375383	0.0185014058256757	0.0344799563703572	0.0514196989506272	35	200	standardized log10 mean-expression + standardized logit detection; no bins; no replacement within program	20260829	FALSE
GSE238264	RANDOM_141	SLC22A18AS;VSIG4;SLC28A1;SYDE1;ACKR1;KRT19;ALOX5AP;MXRA5;RB1;MATN1-AS1;SETD3;MEDAG;TRIM44;CHCHD1;PKP2;TMED2;CIDEB;VPS9D1;LINC01116;PFKP;DMAC1;MSR1;ATG16L2;SLC22A11;PTF1A;LINC00239;AC009318.3;CTSK;DCP1A;SCD5;SLC22A10;NOD2;COL8A1;PCDH9;BEX5	0.0215564003560101	0.0132669084576037	0.0344799563703572	0.0514196989506272	35	200	standardized log10 mean-expression + standardized logit detection; no bins; no replacement within program	20260829	FALSE
GSE238264	RANDOM_142	SGMS2;RND1;VGLL3;GBP7;RILPL2;AC020916.1;FMNL1;LILRB4;BBX;FAM27C;SCGN;LPAR1;ITPRID2;MCFD2;NOL8;WDR83OS;PPP1R18;ITSN1;CNEP1R1;MAP3K14;BCL7C;RAB12;MMP9;TTC9;TNFSF13;AL358852.1;AC011468.5;PHIP;PTK2B;MICU3;PCED1B;LRRC31;GUCY1B1;FITM1;AL117332.1	0.0189100870697115	0.00830474529640175	0.0344799563703572	0.0514196989506272	35	200	standardized log10 mean-expression + standardized logit detection; no bins; no replacement within program	20260829	FALSE
GSE238264	RANDOM_143	RNASE6;LURAP1L;CSF2RA;NCF4;CXCL14;ZSWIM6;DNM1;TNFAIP8;JAML;TSPOAP1-AS1;UTP11;RGS4;CD320;AFM;SVIL;SERINC2;TMEM53;ITCH;TFPI2;CLEC2D;MFSD1;HDAC7;GASK1B;CCND2;SLC25A42;APOBEC3A;AC026367.2;TNXB;ARHGAP26;NBPF19;SPON1;LINC00313;ARHGAP15;GRAMD1C;SIRT4	0.0184068716787818	0.0172289236227412	0.0344799563703572	0.0514196989506272	35	200	standardized log10 mean-expression + standardized logit detection; no bins; no replacement within program	20260829	FALSE
GSE238264	RANDOM_144	RNASE6;FRMD4B;MSANTD4;RCSD1;IFITM1;CWC25;DNM1;FCN2;PAIP2B;SLC5A1;MARK4;PRAM1;SCRIB;RNH1;INTS6;MAOA;MARCH2;EEA1;WNT4;SOCS2;ITGAV;TMF1;CNTLN;SFN;ADAM17;CSDC2;AL137798.1;CCKBR;KPNA6;MYO1G;TREM2;GPRASP1;BMERB1;DACT1;AC116913.1	0.0142393980912335	0.0119669343245001	0.0344799563703572	0.0514196989506272	35	200	standardized log10 mean-expression + standardized logit detection; no bins; no replacement within program	20260829	FALSE
GSE238264	RANDOM_145	GREM1;SPTLC3;PDE1A;FBXL20;RASSF2;SKAP2;AHI1;ITPR1;OSMR;PINLYP;LRP11;PTGS2;GTF3C6;ATP6V0D1;SEMA4B;TMED2;NAT8;UBE2E2;ZNF500;ADAMTS13;SGTA;SLC41A2;PEX11A;TAOK3;SERPINI2;ADAMTS3;AC098820.3;CD163;ENDOD1;L3HYPDH;CNEP1R1;SCARA5;DENND4C;BCL2A1;B4GALT1-AS1	0.00892323846520721	0.0111697679972525	0.0344799563703572	0.0514196989506272	35	200	standardized log10 mean-expression + standardized logit detection; no bins; no replacement within program	20260829	FALSE
GSE238264	RANDOM_146	SKAP2;PLXDC2;PRSS8;MFAP2;HSPB8;KPNA6;ALOX5AP;IKZF1;EMILIN2;AC027279.1;ATF7IP;TIMD4;CHCHD5;ZNF706;BTN3A3;TP53INP1;HSPB6;NEU4;L3MBTL4;OGFRL1;NUMA1;TGFBR3;NPHP3;UPF2;ULK4;AC107464.3;AC107294.2;F11;THEMIS2;HRCT1;TM6SF2;CEP128;BCLAF3;DACT3;C16orf74	0.0183378471053968	0.0198198330291602	0.0344799563703572	0.0514196989506272	35	200	standardized log10 mean-expression + standardized logit detection; no bins; no replacement within program	20260829	FALSE
GSE238264	RANDOM_147	CD2;PMEPA1;PROCR;VIPR1;COLEC10;ARHGEF3;GPRC5B;CD48;MICAL2;GLI1;LRP11;EPS8L1;BUD23;SRSF5;COBL;YIPF3;TGFB1;HIRIP3;TUBB3;TBXAS1;ACTR3;ABCA8;PAN3;GDA;SEPTIN1;AC011468.5;AC007614.1;SYBU;CYP1B1;SLCO3A1;SAMD11;TESPA1;SLC6A13;CYP2C19;TRIL	0.0231004578433863	0.0159124333444851	0.0344799563703572	0.0514196989506272	35	200	standardized log10 mean-expression + standardized logit detection; no bins; no replacement within program	20260829	FALSE
GSE238264	RANDOM_148	GIMAP5;TIPARP;SRGAP1;RAPGEF6;CD7;ARID5B;FMNL3;ALDH3B1;ST6GALNAC4;TNNT2;KANSL3;CNTN4;GTF3C6;FKBP8;SNAI2;VCP;SLC25A33;CTXND1;BMERB1;ZNF791;GSPT1;SLC25A42;ILF3-DT;GHR;AC021074.3;RXFP1;AL358852.1;EDIL3;ZEB1;ARHGAP25;ARHGEF6;SLFN12;CA14;AC009974.1;ITGA9-AS1	0.00057757483338597	0.0144827552323282	0.0344799563703572	0.0514196989506272	35	200	standardized log10 mean-expression + standardized logit detection; no bins; no replacement within program	20260829	FALSE
GSE238264	RANDOM_149	RNF19B;ARMCX3;NEURL2;LYRM9;CASP1;PLGLB2;KCNQ1OT1;ITM2A;SESN2;ASPHD2;AGA;ASPA;EIF2AK1;GPRC5C;DIS3;BZW1;ACSM5;LTBP1;PLEKHM3;LYST;IFNGR2;ZYG11B;AC022613.1;PPARGC1A;PPP3R1;AP000553.2;AL358852.1;EDIL3;EMILIN2;CCDC102B;ITGB7;MAP6;LINC01018;ITK;LINC02453	0.0145682183407686	0.00727730601072818	0.0344799563703572	0.0514196989506272	35	200	standardized log10 mean-expression + standardized logit detection; no bins; no replacement within program	20260829	FALSE
GSE238264	RANDOM_150	C20orf204;AKNA;MAP1A;F13A1;NCKAP1L;GALNT10;DEF6;FLT3LG;IGFALS;PRKCQ-AS1;OXR1;ASPA;RNF10;GOT2;TULP4;RAMP1;FSTL3;FHL1;PLLP;SLC7A6;COPB2;FLNC;RUBCN;GLYATL1;UBN1;AC099066.2;AC006064.5;SPINT1;KAT6B;RELT;LAT2;ZNF662;ARHGEF6;HOPX;TRIL	0.0261180083862371	0.0221911644648518	0.0344799563703572	0.0514196989506272	35	200	standardized log10 mean-expression + standardized logit detection; no bins; no replacement within program	20260829	FALSE
GSE238264	RANDOM_151	FBLN2;ALPL;NEURL2;LYL1;GNG2;MTHFR;TTLL3;IKZF1;TMOD1;AC004951.1;EXOSC10;VSTM2L;FUCA1;MRPS16;NOC3L;ACADSB;RBBP6;RECQL;CCDC68;STK39;MTSS1;RUNX1;MMD;CBLB;BCAS3;SMC5-AS1;AL353150.1;EMP1;ARID4A;ZNF160;SLC19A3;KCNC3;AC092069.1;AC015871.4;C19orf73	0.00332796188673404	0.0148818552463645	0.0344799563703572	0.0514196989506272	35	200	standardized log10 mean-expression + standardized logit detection; no bins; no replacement within program	20260829	FALSE
GSE238264	RANDOM_152	NBPF12;ZBTB20;LINC01287;DTX1;LOXL1;BCL2L11;MIR99AHG;FRZB;TMEM161B-AS1;LINC02028;PDGFA;CCZ1B;EXOSC4;ADIPOR1;MTAP;BHMT2;MS4A6A;MLPH;EBF1;ERC1;PACSIN2;INHBC;RBM15;NFATC3;IER5;LINC01214;AC018467.1;CD37;ALPL;PAX8-AS1;SMAD6;LRRC31;PFKFB1;SLIT2;KIAA1324L	0.0183123523074669	0.000162292501450597	0.0344799563703572	0.0514196989506272	35	200	standardized log10 mean-expression + standardized logit detection; no bins; no replacement within program	20260829	FALSE
GSE238264	RANDOM_153	ALPL;MERTK;TMEM159;RETREG1;FAM229B;IGSF1;TMEM107;KCNQ1OT1;ITGA9;C3orf67;DCBLD2;CNTN4;SLC43A3;MARCKSL1;CHORDC1;IDH2;TNKS2;UBE2E2;TSPYL4;GARS-DT;DLGAP4;MGAT4A;ST6GALNAC4;SAMD4A;TRIM47;NSMCE1-DT;DNAH2;RND3;ENPP7;BICC1;IL3RA;GOLGA8N;SLC2A4;Z93930.2;AC006064.4	0.0224241911277182	0.0149865946689071	0.0344799563703572	0.0514196989506272	35	200	standardized log10 mean-expression + standardized logit detection; no bins; no replacement within program	20260829	FALSE
GSE238264	RANDOM_154	HEXIM1;NBPF12;GBP5;PSTPIP1;CST7;ILF3-DT;BBOX1;LINC01554;CSF1;STUM;OSBPL2;UST;FUCA1;NDRG1;TNFSF12;LRG1;TGIF1;RESF1;TLR2;EXOC1;OCIAD2;HELZ;CCSER2;PPP3CA;COL14A1;KCNK9;ICAM5;GBP1;MMP9;KPNA5;IL18;LINC00313;PAMR1;GRIN2A;AC018645.3	-0.0122547358541706	0.017507629526313	0.0344799563703572	0.0514196989506272	35	200	standardized log10 mean-expression + standardized logit detection; no bins; no replacement within program	20260829	FALSE
GSE238264	RANDOM_155	HEXIM1;C1orf162;LINC01287;UPP2;RASSF2;TYW3;FCN2;DENND3;SPTLC3;PYGM;TP53I11;PACSIN1;PAFAH1B2;AFM;INTS6;BAAT;MYO15B;MLPH;STAG3;AKTIP;MTSS1;RESF1;SFT2D1;GPD1;SLC15A3;AP001627.1;DLEC1;ETS1;SPHK1;SH2D2A;SCD5;LINC01197;DDO;GPR34;AL080317.2	0.00430776187766797	0.0222461065080498	0.0344799563703572	0.0514196989506272	35	200	standardized log10 mean-expression + standardized logit detection; no bins; no replacement within program	20260829	FALSE
GSE238264	RANDOM_156	GREM1;TFF2;GPM6A;DOK2;LAMA2;LPAR6;CFP;SP110;MDFIC;DRC3;CLK3;LRFN4;ANP32A;CNN3;TMTC3;SEC61G;EP300;SERTAD2;ASAH2;TBXAS1;GRB2;C2CD2;GNB4;KMT2A;DMGDH;AL353150.1;AP001462.1;TK2;PPM1K;SLCO3A1;RNASE2;RIPOR3;GIMAP8;EGFLAM;ARF4-AS1	0.0243982774715714	0.0225985179734453	0.0344799563703572	0.0514196989506272	35	200	standardized log10 mean-expression + standardized logit detection; no bins; no replacement within program	20260829	FALSE
GSE238264	RANDOM_157	CCL25;DAPK2;MUC3A;FBXL20;SP140L;DOCK5;SEMA4D;CD48;CD83;GLI2;ETFDH;CCR6;UBE2E3;DANCR;TANGO2;SRSF2;STK40;CCDC28A;SLC6A13;ZNF268;SLCO1B1;AP1M2;AKAP7;KRT7;CHD1;SOX2-OT;AL158064.1;PRELP;CLEC2B;LRRK2;ARHGAP24;AC090559.1;CCDC24;GAS6-AS1;AC018638.7	0.0253209387064056	0.014786029878522	0.0344799563703572	0.0514196989506272	35	200	standardized log10 mean-expression + standardized logit detection; no bins; no replacement within program	20260829	FALSE
GSE238264	RANDOM_158	AOAH;LURAP1L;LPL;CNTRL;IL18BP;CLEC2D;NUDT12;TUBE1;IGFALS;AKAP5;FXYD6;KLRD1;PECR;HNRNPL;EMILIN2;MAOA;PPP1R3B;MSL2;HECW2;DNAJC16;TPRG1L;ADAMTS1;FBLN2;SLC7A11;TBC1D24;LRCH2;ITGB1-DT;PRKAA2;NABP1;CALHM6;TBC1D8B;LYPD2;CA14;CTSW;UTY	0.00694231605409607	0.0125736622949218	0.0344799563703572	0.0514196989506272	35	200	standardized log10 mean-expression + standardized logit detection; no bins; no replacement within program	20260829	FALSE
GSE238264	RANDOM_159	HECA;CLEC2B;CNRIP1;REV3L;CASP1;CALML4;ACTG2;SP110;SSH1;TBX10;ZMAT5;TSPAN1;FOXN3;TMBIM4;HCP5;SPCS1;PRMT2;ATXN2;UGT3A1;PLEKHG2;GLTPD2;FOLR2;LEF1;MATN2;TBC1D24;AL365272.1;VAC14-AS1;FLRT2;MOSMO;CPLANE1;ARHGAP31;TSPYL5;C12orf4;DACT1;ZNF41	0.0235818894559267	0.00560659982978974	0.0344799563703572	0.0514196989506272	35	200	standardized log10 mean-expression + standardized logit detection; no bins; no replacement within program	20260829	FALSE
GSE238264	RANDOM_160	OAS2;TRIM22;FILIP1;CDK11A;C5orf66;SYTL1;PIK3CD;MAP3K6;AQP7;FGF1;LRRC20;PLCH2;WIPI2;SCAMP3;CMTR2;TOMM6;MVB12A;MMACHC;TREM2;PTPRB;HP1BP3;CSTA;MECP2;EPHA1;AOC3;LINC01214;AC125494.2;USP8;PIM2;ABTB2;PGAM2;ZNF347;BMERB1;L3MBTL3;PSMC3IP	0.00226176953481289	0.0191776840268563	0.0344799563703572	0.0514196989506272	35	200	standardized log10 mean-expression + standardized logit detection; no bins; no replacement within program	20260829	FALSE
GSE238264	RANDOM_161	PREX1;SASH1;DOCK10;FGD2;CD48;HECA;FGFR2;CMKLR1;TTPA;AL662844.4;CLK3;HSPB7;CCNC;RNH1;MDFIC;HABP2;PHLDA2;ISG20;GUCY1A1;CARD16;COQ4;LHFPL6;FAM53B;AC021074.3;TSPYL2;BCDIN3D-AS1;C1GALT1C1L;CREBL2;BDP1;LMOD1;AC026979.2;PHYHIP;LIMCH1;SNHG22;SATB2-AS1	0.00213931244602333	0.018763618862125	0.0344799563703572	0.0514196989506272	35	200	standardized log10 mean-expression + standardized logit detection; no bins; no replacement within program	20260829	FALSE
GSE238264	RANDOM_162	CXCL14;CDK18;DOCK10;LINC02716;CST7;SERTAD3;SLC16A10;NFAT5;DAPL1;HAS2;LAMA4;RTL5;FAM136A;LEPR;PRKAG2;RHOC;TRIM16;TRIM38;ZNF653;SNN;CDH1;TSHZ2;LURAP1L;OSGIN2;IFFO1;AL352979.4;VAC14-AS1;SLC25A18;CLEC2D;FPR3;LILRB3;ZNF484;EBF1;ITK;AC010198.2	0.0191999231633484	0.00644828456156129	0.0344799563703572	0.0514196989506272	35	200	standardized log10 mean-expression + standardized logit detection; no bins; no replacement within program	20260829	FALSE
GSE238264	RANDOM_163	PARVG;DAPL1;HOXA-AS2;GFOD1;PLCG2;AC022613.1;SELL;IGSF6;S1PR1;ASPHD2;FAM214A;AC008105.3;PPP6R1;PSMD2;ACER3;ACADSB;GNE;MRAS;FNDC5;ILF3-DT;TCIRG1;COPZ2;STXBP3;ABCB11;RASGEF1B;AC073349.1;C1GALT1C1L;TRIM16L;EMILIN2;CARMN;PTPN7;C3orf14;MYOF;GPR143;AC015912.3	0.00367788456146568	0.0128616732368823	0.0344799563703572	0.0514196989506272	35	200	standardized log10 mean-expression + standardized logit detection; no bins; no replacement within program	20260829	FALSE
GSE238264	RANDOM_164	GMIP;EPPK1;AL139246.5;ZMYND15;CEP120;MECP2;SYNPO2;IGSF6;AP004609.3;AGBL2;USP40;PCSK5;PIN1;TDO2;GCKR;PON2;DIO1;EPS8L3;PTPN7;SLC7A6;MRPL4;TRIP11;MOSMO;SLC22A11;ENGASE;AL031775.2;AC022784.6;NBL1;SWAP70;ABCC4;GIMAP8;LINC01943;AL121899.1;Z93930.2;AC034236.2	0.0110294514071775	0.0134217261821332	0.0344799563703572	0.0514196989506272	35	200	standardized log10 mean-expression + standardized logit detection; no bins; no replacement within program	20260829	FALSE
GSE238264	RANDOM_165	RAC2;TMOD1;S1PR4;AC084375.1;SEZ6L2;DGKA;SCN1B;GOLGA8A;ARMCX3;AQP5;PDPR;PCP4;R3HDM4;ATP6AP2;INTS6;SLC25A5;NTAN1;STK35;B4GALNT1;UPF3B;TACC1;CYP4A22;PLGLB2;FBLN5;MS4A7;CA9;IFNG-AS1;CSF1R;ITGAX;CTHRC1;TM6SF2;CH25H;AC026979.2;IL1RL1;GMNC	0.0120164512803776	0.0182537466080757	0.0344799563703572	0.0514196989506272	35	200	standardized log10 mean-expression + standardized logit detection; no bins; no replacement within program	20260829	FALSE
GSE238264	RANDOM_166	SULF1;IL2RG;GPX8;NCF4;UPP2;THEMIS2;MYO10;CD7;MICAL2;DRC3;NSD1;SOCS1;ACTR3;KPNB1;TFPT;COPS9;BIN1;ZNF644;TBXA2R;SGMS2;OAZ2;HLA-DRB5;CHSY1;GHR;TTC9;LINC00365;GASAL1;UACA;ADGRF5;ADRB2;MIR193BHG;STAC3;TRMT10B;CEP135;B4GALT1-AS1	0.0235242830590011	0.025050179013508	0.0344799563703572	0.0514196989506272	35	200	standardized log10 mean-expression + standardized logit detection; no bins; no replacement within program	20260829	FALSE
GSE238264	RANDOM_167	CIITA;TMEM173;FAM107A;ACSS1;SCNN1D;ANKRD44;IRF8;LRIF1;ACMSD;AC096586.1;KRAS;JAKMIP2;TPR;GOT2;CEP63;YIPF3;CYTOR;ACOT12;TNFRSF6B;IFI44;SDHB;ARL4C;KAT2B;NDN;AJUBA;ITGB1-DT;AC093512.1;SYBU;GPRIN3;TRAF3IP3;STAMBPL1;EMX1;MNDA;CCL3L1;AL117332.1	0.0179248002607023	0.0196327411791958	0.0344799563703572	0.0514196989506272	35	200	standardized log10 mean-expression + standardized logit detection; no bins; no replacement within program	20260829	FALSE
GSE238264	RANDOM_168	SAP25;CD2;PCLO;NOD1;CCDC198;GNB4;AGO3;RAB3IL1;FGFR1OP2;CYP26B1;MALT1;SFRP1;KEAP1;SRSF5;ELF2;RBM3;EPB41L2;DENND5B;NUGGC;DCP1A;ESPN;BTN3A1;EXOC1;IGFBP6;CYP4A22;AL359091.5;AL358852.1;GAS6;CEP170;CYTIP;RLF;CASC9;AC004889.1;OLR1;C16orf86	0.0174992815648143	0.0203856279356778	0.0344799563703572	0.0514196989506272	35	200	standardized log10 mean-expression + standardized logit detection; no bins; no replacement within program	20260829	FALSE
GSE238264	RANDOM_169	SPOCK1;ALPL;ZNF584;ABCA9;DOCK8;ABCA7;ALG1L;NFAT5;DEPDC7;HMCN2;PPFIBP1;CCR6;FAM168B;ASAH1;ARHGAP29;SERINC2;TEAD1;AP1M2;LAT2;PLK3;GPS2;ISG20;TIPARP;RBM27;TUT4;AL136295.2;LINC02361;EMP1;PIM2;ITGB7;SLC22A10;ZNF423;LIMCH1;S100B;SLC22A4	0.0235008491086446	0.020759463924916	0.0344799563703572	0.0514196989506272	35	200	standardized log10 mean-expression + standardized logit detection; no bins; no replacement within program	20260829	FALSE
GSE238264	RANDOM_170	FLI1;DPT;CA14;ORAI2;FABP3;PRKCH;TCEAL3;IL16;LDB2;AL162582.1;FBXL3;PLN;ATP1B3;ERG28;SVIL;TMEM205;SH3YL1;VSTM4;IL18;IRF2;SLC31A1;RESF1;ACMSD;RSF1;CLEC11A;GLIS2-AS1;AC021037.1;SLC25A18;MEF2C;THRSP;SVEP1;PLA2R1;DDO;TRIM21;AC112220.2	0.000792881084194796	0.0196195045354355	0.0344799563703572	0.0514196989506272	35	200	standardized log10 mean-expression + standardized logit detection; no bins; no replacement within program	20260829	FALSE
GSE238264	RANDOM_171	SSC4D;AC083841.1;HEY2;SLC31A2;LRRC3;RANBP10;MALL;ATOH8;PITPNM2;RYR1;MPHOSPH10;P2RY13;UQCC3;CDC37;BICD2;GJB1;MS4A6A;PDGFC;PALM3;HIC1;SLC43A3;PURA;TTPA;TNFSF13;HLX;AC010542.2;SOX8;FAM133B;CAPN3;MAP4K1;TFF1;GOLGA8N;AC026979.2;EPB41L4A;SPATA1	0.0291633852886254	0.0164259106468258	0.0344799563703572	0.0514196989506272	35	200	standardized log10 mean-expression + standardized logit detection; no bins; no replacement within program	20260829	FALSE
GSE238264	RANDOM_172	SLC1A3;PTK2B;ENPP3;ADAP2;ASPG;AMOTL1;IFT57;ITM2A;FKBP15;COL9A3;KDM4B;SCTR;PECR;ATP6AP2;CALML4;RAN;PRMT2;BAZ1A;CACHD1;LOX;DHRS2;TSPYL2;GIMAP5;UCHL1;CYLD;AF001548.2;AL137798.1;NEMF;AP004609.3;ORAI2;P2RX7;ZFHX2-AS1;TM6SF2;CARD9;TRIM73	0.0254651211104431	0.0155844808814132	0.0344799563703572	0.0514196989506272	35	200	standardized log10 mean-expression + standardized logit detection; no bins; no replacement within program	20260829	FALSE
GSE238264	RANDOM_173	ZNF791;ABCA7;CRLF1;AKT3;CD27;NUBPL;MYO10;ZC3H12A;KIAA2026;LINC02388;AAK1;ZNF462;TIMM17B;BEX3;CD83;NONO;RAD50;MPP1;NUGGC;IFI44;BRD4;CGA;RHBDF2;SPOP;ANGPTL2;KCNK12;VAC14-AS1;NEMF;RNF166;SLCO3A1;ADAP1;LRRC39;LINC01116;SIGLEC7;SCUBE2	0.00388920746149473	0.0161938458121907	0.0344799563703572	0.0514196989506272	35	200	standardized log10 mean-expression + standardized logit detection; no bins; no replacement within program	20260829	FALSE
GSE238264	RANDOM_174	MMP9;PAQR7;CLEC3B;NCF4;LOXL1;SPTLC3;PEAR1;ITFG2;MTRF1L;AC007535.1;STEAP1;MATK;ATPAF1;ENSA;RAB20;MTDH;AKAP12;MIR1915HG;PFKFB1;COL16A1;NPLOC4;TGFBR3;SNAI2;OGFOD1;PARP6;AC107464.3;JAKMIP3;UCHL1;JDP2;AC245060.5;DCLRE1C;ZNF662;SCD5;SIGLEC10;FAAP24	0.0284869737555032	0.0178411726162004	0.0344799563703572	0.0514196989506272	35	200	standardized log10 mean-expression + standardized logit detection; no bins; no replacement within program	20260829	FALSE
GSE238264	RANDOM_175	SATB1;GPRIN3;P2RX5;MYO1G;FILIP1L;LDB2;RILPL2;TRPS1;OSMR;ZNF215;PIAS1;ANKRD36B;SNX6;TMEM147;CD83;NDFIP1;PRKD2;ERAP2;PLEKHM3;TRIM22;BRD2;ERBB2;CSF1;HLX;LIPG;SOX8;LYPD5;ENO3;MTHFR;CTHRC1;NDRG4;ADORA3;DCLRE1C;RIN1;ZNF334	0.0455293159777879	0.0124027552759337	0.0344799563703572	0.0514196989506272	35	200	standardized log10 mean-expression + standardized logit detection; no bins; no replacement within program	20260829	FALSE
GSE238264	RANDOM_176	APBB1IP;AQP7;NPIPB15;COL8A1;SPART;ATG16L2;SEZ6;MAP3K6;RBKS;AC005840.2;OXR1;TNFAIP8L2;MPC1;SCARB2;FBXO32;WDR83OS;PHIP;MIER1;P2RX1;RAB8B;MACF1;PMP22;BCL2L11;TRADD;SH2D4A;AL136531.1;AC016074.2;RND3;KIAA2026;RHOJ;BLK;U91319.1;ARHGAP10;HOXB-AS1;ZNF41	0.0244974518808122	0.00847434019210289	0.0344799563703572	0.0514196989506272	35	200	standardized log10 mean-expression + standardized logit detection; no bins; no replacement within program	20260829	FALSE
GSE238264	RANDOM_177	CSPP1;RAB34;PCDHB5;BMP2;NFAT5;MTHFR;CD79B;ERICH1;RB1;PINLYP;PTPN1;SPRN;MPC1;ASAH1;PPIH;SLC38A10;MYADM;ATG7;USP30-AS1;CARD16;MXRA7;SIRPA;CCSER2;HLX;ABRACL;SPEF1;AC079781.5;SLC25A18;TBXAS1;TRAF3IP3;BCL2;SLA2;UBAP1L;AL355816.2;ABCB9	0.0221609048942361	0.0319239060579556	0.0344799563703572	0.0514196989506272	35	200	standardized log10 mean-expression + standardized logit detection; no bins; no replacement within program	20260829	FALSE
GSE238264	RANDOM_178	SUSD2;GNB4;S1PR4;PEX11G;CD7;ANKRD44;GCGR;GPR183;DIS3;AC025171.1;SH3BP5;GPR65;EHBP1L1;SLC4A2;TMTC3;BAAT;CTSO;BAZ2B;ZSWIM4;PLK3;MPC1;CAPN5;HEG1;ATM;ABRACL;AC087752.3;AC105345.1;ZCCHC24;RAB34;PRKCB;ZNF117;AC114291.1;LILRB3;EGFLAM;ZNF525	0.0124348949243578	0.0115794174333164	0.0344799563703572	0.0514196989506272	35	200	standardized log10 mean-expression + standardized logit detection; no bins; no replacement within program	20260829	FALSE
GSE238264	RANDOM_179	COL16A1;CYP2A7;ARHGAP31;AKT3;MINDY2;LURAP1L;LTB4R;ANGPTL6;KAT6B;AC005840.2;PDLIM3;FOXF1;FKBP4;ACTA2;TRAPPC11;CSNK2B;BPTF;CLDN4;CCDC68;GATD3A;TRIM44;SEPTIN1;CEP170;ZBTB48;MYCBP2;AC107952.2;AL645940.1;MMP14;SPOCK1;SNED1;COL4A4;TMEM158;SMAD6;ZNF518B;TMEM163	0.0330051763658346	0.0370176863158983	0.0344799563703572	0.0514196989506272	35	200	standardized log10 mean-expression + standardized logit detection; no bins; no replacement within program	20260829	FALSE
GSE238264	RANDOM_180	GREM1;SLC16A3;PTPRN2;FILIP1L;FABP3;FAM126B;FRMD6;KDM5D;MLH3;AC017104.1;SHOC2;SLC24A3;DHX30;COX20;NAV2;MDH2;NRIP1;GABRE;COX6A2;LINC02241;SLC31A1;ABLIM3;SLC6A2;SEPTIN6;LHFPL6;AL645940.1;SMC5-AS1;EFEMP2;PTK2B;ABCC4;TMEM273;PLCXD3;CEP290;HOTAIRM1;TET1	0.0195105935267863	0.0151339839973497	0.0344799563703572	0.0514196989506272	35	200	standardized log10 mean-expression + standardized logit detection; no bins; no replacement within program	20260829	FALSE
GSE238264	RANDOM_181	ADAMTS13;CLEC2B;RHOH;LONRF1;DENND2D;CWC25;ITGA4;KCNMA1;GNB4;AL133243.3;NPC1L1;SMIM32;NT5DC2;ILF3;PRKAG2;CTSH;KMT2E;CLDN4;PLEKHM3;NGEF;TCIRG1;SFN;GPR137B;MSR1;TAOK3;GAS6-DT;AC007389.5;MS4A6A;INPP5D;L3HYPDH;SDCBP2;TSPYL5;SPON1;SNAI1;ZDBF2	0.0168792875438834	0.0167113653267117	0.0344799563703572	0.0514196989506272	35	200	standardized log10 mean-expression + standardized logit detection; no bins; no replacement within program	20260829	FALSE
GSE238264	RANDOM_182	GMIP;MYO1F;CRLF1;BICC1;DNM1;LDB2;LOXL1;RILPL2;CREBRF;AC005840.2;ZMAT5;SELP;WIPI2;LEAP2;GABPB1-AS1;FKBP1A;PHF20L1;MPP1;NEURL2;DNAJC16;LENG8;GBP4;TSHZ1;CA2;MIER1;VAC14-AS1;AC107214.1;KRT23;FBLN2;ZNF564;OLFML2B;TRO;AL022328.4;CCDC7;C16orf86	0.0024334623056032	0.0244358055479001	0.0344799563703572	0.0514196989506272	35	200	standardized log10 mean-expression + standardized logit detection; no bins; no replacement within program	20260829	FALSE
GSE238264	RANDOM_183	CTNND2;SKAP2;NR4A3;SPON1;IFITM1;CLEC2B;ZFP90;MYO5A;ADGRA2;SGPP2;TRIO;HSPB7;PQBP1;MAZ;YTHDC2;H1FX;BIN1;N4BP1;UGT3A1;GPC6;CNN2;ADAMTS2;DRAM1;AC104461.1;PIGR;AL136295.2;CFAP43;PRELP;STK17B;LMOD1;DCLRE1C;LINC02593;NTS;FGF21;ARHGEF25	0.0534371245754814	0.0520088648528697	0.0344799563703572	0.0514196989506272	35	200	standardized log10 mean-expression + standardized logit detection; no bins; no replacement within program	20260829	FALSE
GSE238264	RANDOM_184	PLCG2;ZNF292;NEURL2;TRAF3IP2;ATOH8;CNTLN;FGD3;IL16;EEPD1;TAFA5;VSNL1;ALDH1L2;MRPL2;PTTG1IP;ITGAX;POMP;TCEAL9;UBE2E2;CCL4L2;C20orf204;H6PD;HLX;MPZ;RSF1;COL15A1;ZBTB44-DT;LINC02361;PLIN4;FBLN2;PDGFD;PRSS8;LINC01488;GBP5;APOBR;TMCC1-AS1	-0.0112144032372146	0.0186209867253932	0.0344799563703572	0.0514196989506272	35	200	standardized log10 mean-expression + standardized logit detection; no bins; no replacement within program	20260829	FALSE
GSE238264	RANDOM_185	NFATC1;TRIM22;SLIT3;LMOD1;SKAP1;ZBTB43;SP110;BCAR3;BTN3A3;STUM;PPP2R2A;P3H2;TMX4;YWHAH;CALML4;NDUFB10;AFF1;EVI5;PLLP;AC083841.1;VEGFB;HECTD3;CCSER2;PIP4K2A;SH2D4A;LINC02606;AL359091.5;SP100;S100A1;SRPX2;GIMAP8;ZG16B;SOX5;SRR;AL359643.3	0.0300926204622159	0.027188232864343	0.0344799563703572	0.0514196989506272	35	200	standardized log10 mean-expression + standardized logit detection; no bins; no replacement within program	20260829	FALSE
GSE238264	RANDOM_186	WDR60;INPP5D;NUGGC;LPA;FHL2;REV1;LMO2;LTB4R;TBC1D10C;AC017104.1;GPANK1;ZNF575;RNF10;POLR2J;GASK1B;BAG6;PRPF38B;DBNDD1;ASAH2;HHIPL2;CXCL16;GCC2;CFAP36;UNC93A;FLNC;NECTIN4;AC006449.5;USP8;RAB26;FCGR1A;SLC9A1;CLEC12A;CLEC10A;ALDH1A3;AC106876.1	-0.00116015449603353	0.0136652662780299	0.0344799563703572	0.0514196989506272	35	200	standardized log10 mean-expression + standardized logit detection; no bins; no replacement within program	20260829	FALSE
GSE238264	RANDOM_187	HOGA1;SLA;EVA1C;SPDEF;KCNMA1;MTRF1L;C5orf66;SLAMF8;NBPF12;C1RL-AS1;FXYD6;SIT1;DRAP1;ANP32B;AQP7;CYC1;ABCB1;PYROXD2;ICOSLG;SAP25;AKR7A3;CPM;LIMK2;SERPINI2;KIF1A;AC023024.1;LINC00239;SPOCK2;MMP23B;ALOX5;TM6SF2;KRT17;PALM3;STX11;ADAM22	0.00635576908957996	0.00630726193419613	0.0344799563703572	0.0514196989506272	35	200	standardized log10 mean-expression + standardized logit detection; no bins; no replacement within program	20260829	FALSE
GSE238264	RANDOM_188	PTH1R;LIFR;LINC02428;KLF7;RARRES1;PTK2B;TMC8;FHL2;MTHFR;AL133243.3;OTUD6B-AS1;SOCS1;ILVBL;CALU;PLEKHM1;RAN;SH3BP2;STK35;FAM151A;DNAJC16;VEGFB;FCN3;NMI;MAGI2-AS3;AJUBA;AC023813.3;ALLC;LINC00844;WFDC2;VMO1;TMEM92;PRND;MCPH1;LINC01871;LINC02453	0.032698425508486	0.0189532879016273	0.0344799563703572	0.0514196989506272	35	200	standardized log10 mean-expression + standardized logit detection; no bins; no replacement within program	20260829	FALSE
GSE238264	RANDOM_189	AC083841.1;ADGRA2;THSD7A;IKZF3;FCMR;CARD16;SEMA6B;TRPS1;TNC;FOXC2;TRIM41;LINC01608;WNK1;HACD3;MAP3K3;TM7SF2;STX4;ARHGAP29;PARP11;PLEKHG2;PECR;IL10RA;TMEM161B-AS1;OSGIN2;UNC93A;AC006027.1;AC007614.1;PHLDA3;NPL;ITGB7;TMEM273;SLC23A3;PLA2G7;SLC37A2;AC112220.2	0.0031735748694932	0.0212250502036278	0.0344799563703572	0.0514196989506272	35	200	standardized log10 mean-expression + standardized logit detection; no bins; no replacement within program	20260829	FALSE
GSE238264	RANDOM_190	LYST;FGFR1OP2;MITF;EPB41L3;RNF135;NMI;CD84;KCNQ1OT1;VASH1;CHI3L2;FBRS;F2RL1;CAPN1;SUCLG1;MAP3K3;QPRT;EP300;VPS9D1;GPX8;CCDC186;PLIN5;CYP4A22;RHBDF2;SAMD4A;RASGEF1B;GALNT5;SEC14L6;USP8;IL7R;NEXN;SDCBP2;MAP6;NUGGC;IL34;PACRG	0.0119087421398817	0.00618467378491482	0.0344799563703572	0.0514196989506272	35	200	standardized log10 mean-expression + standardized logit detection; no bins; no replacement within program	20260829	FALSE
GSE238264	RANDOM_191	C20orf204;ARMCX3;EBF1;CCR1;PCED1B-AS1;TMEM161B-AS1;ITGA3;IL16;GALNT10;IL13RA2;NOL3;GZMM;TIMM50;KIF1C;ST3GAL3;PTGR1;GOLM1;SERTAD2;CLEC4M;ZBTB43;CD68;ISLR;CAPN3;IRF7;FLNC;KCNK9;AP001330.4;NEMF;BDP1;PLEKHG1;ENPP3;SLC23A3;OLFML1;ARL13B;AC012510.1	-0.00195324075349936	0.00524171614603154	0.0344799563703572	0.0514196989506272	35	200	standardized log10 mean-expression + standardized logit detection; no bins; no replacement within program	20260829	FALSE
GSE238264	RANDOM_192	PFKP;SPTLC3;CLMP;ADCY7;CD48;FAM126B;RILPL2;ITPR1;TMOD1;BX322234.1;G6PC3;GBGT1;PPP2R5A;HSD17B2;GPR155;SELENOW;IGF2BP2;EPPK1;LINC01137;CDK18;FAM83H;SERPINI2;MICAL2;LTB;HAL;AC051619.5;SOX8;GBP2;THBD;IKZF3;IGSF23;LILRB1;PNPLA3;FOSL1;AC008014.1	0.0338368045540063	0.0220185747090414	0.0344799563703572	0.0514196989506272	35	200	standardized log10 mean-expression + standardized logit detection; no bins; no replacement within program	20260829	FALSE
GSE238264	RANDOM_193	DDX60;CARD16;COX6A2;RELT;NCKAP1L;SPTY2D1;IFITM1;JAM3;EEPD1;ASB2;TINAGL1;TLR5;HYI;TSTD1;ANKIB1;SELENBP1;BMPR2;NLRC5;OTOA;CSPP1;BRD2;SLC22A9;TDGF1;CNTNAP3B;SERTAD1;AC051619.5;LINC01144;S100A14;FBXW7;MICU3;KCNE4;AP001065.3;MIR193BHG;HAND2-AS1;C5orf58	0.00724345251254272	0.0133127522307138	0.0344799563703572	0.0514196989506272	35	200	standardized log10 mean-expression + standardized logit detection; no bins; no replacement within program	20260829	FALSE
GSE238264	RANDOM_194	VSIG4;ANKFN1;IGSF9;CALHM6;SPART;CLN8;PRDM2;RSBN1;TBC1D10A;OSM;BACH1;TIMD4;EIF2AK1;POLR2I;INO80D;SLC13A5;CAVIN3;PHACTR4;SLC6A13;PLEK;AKR7A2;GCC2;CAPS;CD37;CD58;TIFAB;AP001462.1;DAB2;FGF2;SLCO3A1;DOCK10;ITGB8;MARCH1;GRAMD1C;MROH2A	0.00281955757742023	0.0171880762322287	0.0344799563703572	0.0514196989506272	35	200	standardized log10 mean-expression + standardized logit detection; no bins; no replacement within program	20260829	FALSE
GSE238264	RANDOM_195	SELPLG;TBC1D10A;TRPM2;WAS;CD79B;KMO;ASPG;ITPR1;CMTR2;SIGLEC12;BOLA2;SFMBT2;SCRIB;KIF1C;BBIP1;ARPC5;DUSP9;LINC02532;TMTC1;RNF19B;MCM3;FOLR2;ZSWIM6;FOXO1;AJUBA;DIABLO;AC005726.1;FAM111A;SULF1;CCR1;LMOD1;ZNF430;RRAD;CAPN13;LINC02037	0.00541530822275832	0.0162191118887798	0.0344799563703572	0.0514196989506272	35	200	standardized log10 mean-expression + standardized logit detection; no bins; no replacement within program	20260829	FALSE
GSE238264	RANDOM_196	SGMS2;RIN3;EVA1C;LRRK1;TUBE1;BCL2L11;IFT57;TAF3;CARD16;MEOX2;FBXL3;TMIGD3;FUCA1;SON;CALML4;CYC1;NCOA7;FAAH;SLC6A13;GPC6;CRYL1;MICAL1;FKBP15;CCND2;CCDC88B;AC099066.2;LINC01144;NPDC1;ITGAX;PDE4D;CD69;SLC66A1L;OLFML2B;SNAI1;TUB	0.0103223862592859	0.0208630486360578	0.0344799563703572	0.0514196989506272	35	200	standardized log10 mean-expression + standardized logit detection; no bins; no replacement within program	20260829	FALSE
GSE238264	RANDOM_197	LINC01767;MICAL2;ENO2;LYRM9;SLAMF8;CDC40;EPHA2;FCGBP;MRC2;LINC02388;RNF31;AL365361.1;SCAMP2;NINJ1;INO80D;SLC38A3;EHD1;PLSCR4;PCED1B;PHKG1;GRB2;ABLIM3;NNT-AS1;KMT2A;ZDHHC20;LINC00504;AC107214.1;PAGE4;SKAP2;LRRK2;TBC1D8B;GPRASP1;GIMAP1;EXOC3-AS1;ITGA9-AS1	0.00402509994269441	0.0162702034281524	0.0344799563703572	0.0514196989506272	35	200	standardized log10 mean-expression + standardized logit detection; no bins; no replacement within program	20260829	FALSE
GSE238264	RANDOM_198	ANK3;DPT;BATF3;DDR2;MMP19;CMTR2;MIR99AHG;GPR183;VASH1;AC005520.2;PHF3;ZNF462;FBXO7;MAGED1;PKDCC;SARAF;KLHL21;CSRNP1;SLC9A1;NGEF;SLC27A2;FOLR2;RAC2;SIRPA;TAOK3;AC107294.2;ITGB1-DT;OSBPL8;PRKCH;CXCL6;BCAS4;CYP2S1;LAT2;EPB41L4A;PTCH2	0.0377083570844805	0.02301509113928	0.0344799563703572	0.0514196989506272	35	200	standardized log10 mean-expression + standardized logit detection; no bins; no replacement within program	20260829	FALSE
GSE238264	RANDOM_199	PCED1B-AS1;MOGAT3;SLIT3;NOD1;FAM99A;SASH1;SCN1B;TNFRSF25;GYS2;AHSP;LRP11;EPS8L1;MAN2C1;NDUFA7;ST3GAL3;COL1A2;FABP5;FAAH;SAMD11;GLIPR2;H6PD;RASGEF1B;RNF208;SLC25A37;RAB4B;AL365272.1;LINC01238.1;NBL1;SLC1A3;KIF3A;COL4A4;U91319.1;TMEM273;PHACTR1;B4GALT1-AS1	-0.00536082108777679	0.0446471287766249	0.0344799563703572	0.0514196989506272	35	200	standardized log10 mean-expression + standardized logit detection; no bins; no replacement within program	20260829	FALSE
GSE238264	RANDOM_200	VSIG4;RNF166;IGHD;CLEC4G;ZC3H12A;FAM126B;SP110;ATG4C;ZNF292;TAFA5;TRIM41;WFDC1;MRPS11;POLR2I;RAPGEF2;ERRFI1;LCP1;CHMP7;PLEKHM3;CCDC91;SZRD1;CYBB;LEF1;ZSCAN31;ISG20;AC025754.2;TIFAB;DNASE1L3;DCP1A;VAT1L;AL354872.2;CPEB1;TBXA2R;GPIHBP1;INTS6-AS1	0.00148645751103624	0.0111449813406354	0.0344799563703572	0.0514196989506272	35	200	standardized log10 mean-expression + standardized logit detection; no bins; no replacement within program	20260829	FALSE
GSE238264	RANDOM_201	LINC01767;LIFR;TMEM159;ORAI2;HIVEP2;ARHGAP26;PSTPIP2;CD7;RAB34;BANK1;GATAD2B;PTGS2;TMEM106B;CHMP2A;ARMCX3;BZW1;HSD17B14;ARHGAP29;MYCT1;PEX11A;FSTL1;ARHGAP45;RGS10;SIRPA;ATM;INSC;AC107294.2;RCAN1;IL2RG;ZNF564;PFKFB1;TESPA1;BOC;TRIM21;TRDMT1	0.0165101171417278	0.0226235169060888	0.0344799563703572	0.0514196989506272	35	200	standardized log10 mean-expression + standardized logit detection; no bins; no replacement within program	20260829	FALSE
GSE238264	RANDOM_202	PTPRU;THBD;ARHGEF6;GOLGA8A;GREM1;SSH1;AMOTL2;MAP3K6;DGLUCY;FHOD3;CLK3;GZMM;THRAP3;STT3B;RGS2;H1FX;TCEAL9;DBH-AS1;NEURL2;CXCL8;LENG8;PURA;LEF1;XDH;AC021074.3;AC022784.6;STEAP1B;DHODH;NMI;HAPLN3;SLC25A36;LILRA2;RSPH3;CD300LF;MAPK4	0.0304972599218788	0.0214887931387177	0.0344799563703572	0.0514196989506272	35	200	standardized log10 mean-expression + standardized logit detection; no bins; no replacement within program	20260829	FALSE
GSE238264	RANDOM_203	GPSM3;APOD;EVA1C;SLC7A7;LXN;DRAM1;ACSS1;ITPR1;TMEM161B-AS1;ASPHD2;SMIM10L1;FOXF1;ZNF593;S100A16;AQP7;NDUFB10;SH3YL1;DENND5B;B4GALNT1;NGFR;LGALS8;GNPTAB;NBPF12;ZBTB48;DNAJC12;TECTA;UPK1A-AS1;SNX10;SYT7;ARHGAP10;RSPH3;BNC2;MIR193BHG;SNHG22;ATAD5	0.0159373892735206	0.0222858013105481	0.0344799563703572	0.0514196989506272	35	200	standardized log10 mean-expression + standardized logit detection; no bins; no replacement within program	20260829	FALSE
GSE238264	RANDOM_204	DSE;SPTLC3;SLC9A1;COLEC10;NFAT5;BCL2L11;PIK3CD;TRPS1;TMOD1;AL138826.1;KDM4B;P2RY13;SYAP1;C4orf48;IER5L;MORF4L1;ARSD;PLSCR4;VAV1;DNAJC16;TLCD4;ZBTB4;PPIL4;AC021074.3;LHFPL6;AC011472.4;IFNG-AS1;SOX9-AS1;DAPK2;CCN4;TBXA2R;PAX5;CA14;TRIM21;DNAJB5	-0.00464152290940207	0.0228056093899127	0.0344799563703572	0.0514196989506272	35	200	standardized log10 mean-expression + standardized logit detection; no bins; no replacement within program	20260829	FALSE
GSE238264	RANDOM_205	SAP25;CLEC2D;TMEM159;BICC1;ART4;PPIL4;IFITM1;FNDC1;AP004609.3;CD1E;REXO1;TLR5;EGLN2;C6orf62;MAP4K3-DT;ACAT1;PID1;PDGFC;MITF;CHST12;ITPR2;HCST;ABCC9;OGFOD1;ELP3;RUNDC3A;AC011484.1;FBN1;MTHFR;FCN1;CSGALNACT1;ZNF521;AL022328.4;SPATA6L;AC048341.1	0.0170997288091016	0.00837525370578672	0.0344799563703572	0.0514196989506272	35	200	standardized log10 mean-expression + standardized logit detection; no bins; no replacement within program	20260829	FALSE
GSE238264	RANDOM_206	ABCC9;FMOD;NBPF26;RELT;NCKAP1L;SERTAD3;SEZ6;KCNMA1;CYP1B1;RGS18;PDGFA;SYTL3;ILVBL;GNS;DOCK5;AURKAIP1;TCEAL9;CYP39A1;SHPRH;SAP25;PREB;PTF1A;GALNT10;CPM;CLEC11A;AC009318.3;LDLRAD2;DERL3;OAS2;FGD2;LILRB3;AL353572.4;SLC25A36;CALHM2;ZDBF2	0.0235198454210194	0.0256618618252419	0.0344799563703572	0.0514196989506272	35	200	standardized log10 mean-expression + standardized logit detection; no bins; no replacement within program	20260829	FALSE
GSE238264	RANDOM_207	RAB8B;KIAA2026;NBPF26;CARMN;ITGBL1;TYW3;DBH;COMP;ADGRA2;AC006213.4;PXDN;CADM3;NTPCR;STMN1;SOCS5;ACAT1;MYO15B;ATXN2;ITGB2-AS1;GMIP;TSPAN4;BIRC3;FAM53B;XAF1;GRASP;UXT-AS1;TGM1;AL031058.1;CREBRF;MAP4K1;MAP3K5;LINC02593;AC004233.2;S100B;BEX5	0.0205403322940494	0.0202301896402483	0.0344799563703572	0.0514196989506272	35	200	standardized log10 mean-expression + standardized logit detection; no bins; no replacement within program	20260829	FALSE
GSE238264	RANDOM_208	PTPRU;LAIR1;LRRC25;MFAP2;CMKLR1;DOCK5;PARP3;FRMD6;GNB4;PLPP7;UCHL3;LINC02362;WDR45;GGCX;PUM3;MGAT1;SF3A3;MYRIP;LINC01116;CIPC;TPRG1L;CORO7;EARS2;FCGR2A;SNAPC4;AL732509.1;AC008764.6;COX7A1;NBPF12;TMEM273;F8;LILRA2;PLA2G7;CPXM2;HYPK	0.0356556036340693	0.0184934147463257	0.0344799563703572	0.0514196989506272	35	200	standardized log10 mean-expression + standardized logit detection; no bins; no replacement within program	20260829	FALSE
GSE238264	RANDOM_209	CRHBP;ADGRA2;PLA2G2D;SLC1A1;CELF2;FGFR1OP2;EME2;LILRB2;CDC42EP3;DRC3;MEF2A;AC008105.3;ATPAF1;AC007952.4;RSPRY1;GDI2;AMPD2;KAT6A;TMTC1;FUT11;CCDC50;ARL4C;FBXW7;EPHA1;GDA;INSC;SPEF1;NMRAL1;MICAL2;ANKRD26;FAP;C14orf180;HAVCR2;ITK;ZNF497	-0.00665553093617405	0.0128511543667036	0.0344799563703572	0.0514196989506272	35	200	standardized log10 mean-expression + standardized logit detection; no bins; no replacement within program	20260829	FALSE
GSE238264	RANDOM_210	PLEK;BTN3A2;L3MBTL4;FBXL20;EVI2B;GYS2;FRZB;ITM2A;C3AR1;CLIC5;TP53INP2;FCRLA;SCRIB;TGM2;RNF169;RAMP1;PPP1R3B;EPDR1;CACHD1;BAIAP2L2;WNK1;PART1;NUBPL;OSTM1;HDAC7;LINC00239;LINC01214;CPVL;CCDC159;PAMR1;GAS7;Z73420.1;NBPF14;CLIC3;FAM71E1	0.014491830442883	0.0162224450117478	0.0344799563703572	0.0514196989506272	35	200	standardized log10 mean-expression + standardized logit detection; no bins; no replacement within program	20260829	FALSE
GSE238264	RANDOM_211	KIAA2026;CCSER2;CXCL13;TRABD2A;CD84;GPC6;STAT5A;ADAP2;LIFR;SPOCD1;ADGRG6;LINC01503;FAM168B;PSMA6;NUP93;HNRNPA3;TMED3;MIER1;HEY2;SYT12;PECAM1;TRIM56;AP004609.3;TTC9;ZBTB4;SOX2-OT;ACKR4;PAGE4;THBD;PLEKHG1;TNFRSF14-AS1;AC006480.2;KCNE4;MIRLET7BHG;SSUH2	0.0104889774081663	0.0145749050333374	0.0344799563703572	0.0514196989506272	35	200	standardized log10 mean-expression + standardized logit detection; no bins; no replacement within program	20260829	FALSE
GSE238264	RANDOM_212	APOBEC3C;NABP1;TSPEAR-AS2;CHRDL1;ITGA4;ABCA7;FAS;KCNJ3;RTP3;AGBL2;CBWD5;CLTRN;TRABD;TMBIM1;PAXBP1;MLXIPL;PID1;MR1;SOX5;CCDC91;LENG8;RNF20;RHBDF2;MAD1L1;ZCCHC2;CAPN8;DNAH2;ENO3;ARMCX6;SASH3;BCO2;LINC01370;GNLY;GAS1;MROH2A	0.0212752411601342	0.0215147022295631	0.0344799563703572	0.0514196989506272	35	200	standardized log10 mean-expression + standardized logit detection; no bins; no replacement within program	20260829	FALSE
GSE238264	RANDOM_213	PRDM2;TIPARP;TBXA2R;ANGPTL6;FCN2;GIMAP5;CD84;GPRC5B;PTK2B;MED14OS;FBRS;AC104083.1;KLF9;CCT8;INO80D;RAB1A;TMEM53;CHMP7;MSANTD4;LUZP1;CENPB;RAB12;PLGLB2;MICAL1;ANTXR2;DNAH2;NECTIN4;IFITM10;TBC1D10A;HSPB2;SLC28A1;ST6GAL2;RRAD;FAM149A;RANBP17	0.0399203452456361	0.0153395406889654	0.0344799563703572	0.0514196989506272	35	200	standardized log10 mean-expression + standardized logit detection; no bins; no replacement within program	20260829	FALSE
GSE238264	RANDOM_214	PLA2G4C;ELF1;CNN1;CTHRC1;PLCB2;STXBP3;MAP7D3;USPL1;FRMD4B;FGF1;FXYD6;HOXA3;FAM136A;CBX3;RAPGEF2;TMEM205;SETX;RECQL;VAV1;ITPRIP;F13B;CHD1;SLC23A1;HELZ;PPARGC1A;AL356356.1;ADAMTS3;LMO4;ABCA7;LINC01146;ENPP3;STAC3;TLE4;GPR34;TRAM1L1	0.00943336597078044	0.0119802386640412	0.0344799563703572	0.0514196989506272	35	200	standardized log10 mean-expression + standardized logit detection; no bins; no replacement within program	20260829	FALSE
GSE238264	RANDOM_215	CCL4;ARID4A;CCL4L2;RELT;ACKR1;TRIM22;BCL9L;RASAL3;DOCK5;TLR6;LRRC20;P3H2;GAK;ENTPD5;MIER2;FURIN;EHD2;ZNF512;BMERB1;CADPS2;SLCO1B1;LIPG;ZEB1;KMT2A;SERPINI2;DIABLO;AL137802.2;GHRH;OAS2;P3H3;SLC28A1;AP001062.1;BLK;CSF2RB;HOXD8	0.000522740327288926	0.0287186684771178	0.0344799563703572	0.0514196989506272	35	200	standardized log10 mean-expression + standardized logit detection; no bins; no replacement within program	20260829	FALSE
GSE238264	RANDOM_216	COL16A1;AQP7;LILRB3;SLC25A24;POLR2J3;ARHGEF17;SEZ6L2;ITFG2;SZT2;IRF4;BRD3;CYP3A43;TPRG1L;SRPRB;RNF169;VDAC1;SNX10;FHL1;ZNF117;MTMR11;CNN2;CORO7;NNT-AS1;SYNE2;TUT4;INSC;AC011484.1;RASD1;THEMIS2;GFOD1;MAP3K5;PCDH7;SLC22A12;CHN1;MAPK4	0.0248235495548036	0.0120450962261005	0.0344799563703572	0.0514196989506272	35	200	standardized log10 mean-expression + standardized logit detection; no bins; no replacement within program	20260829	FALSE
GSE238264	RANDOM_217	IRF2;GABPB1-AS1;PRG2;RCSD1;LTF;CDC42EP3;PEAR1;ESCO1;NPL;LINC02388;RPF1;GPR65;OCIAD2;ERG28;CDK3;TRAM1;CYTOR;GALNS;MSRB3;AC083809.1;CXCL16;CCDC152;SLC6A2;SLC2A3;CBLB;FSTL4;GAS6-DT;TRBC1;PLGLB2;BLK;LACC1;AC114291.1;ME3;USH2A;HOXD9	0.0190697059458049	0.015705555533442	0.0344799563703572	0.0514196989506272	35	200	standardized log10 mean-expression + standardized logit detection; no bins; no replacement within program	20260829	FALSE
GSE238264	RANDOM_218	CRHBP;ETV6;FCHSD1;PLAU;PTH1R;DCP1A;SCN1B;HCK;ADGRF5;CYP26B1;FAF1;TIMP4;OGDH;CTSF;PLPP2;SELENBP1;AP1G1;CYP39A1;DSEL;CCDC91;CRK;REG3A;TMEM87B;CAPN5;RAB4B;CNNM3-DT;AC093512.1;LIMS2;LURAP1L;ALPK2;AL022328.4;TBC1D8;GPX8;SIGLEC10;NEIL3	0.00771456626547426	0.0118605230786797	0.0344799563703572	0.0514196989506272	35	200	standardized log10 mean-expression + standardized logit detection; no bins; no replacement within program	20260829	FALSE
GSE238264	RANDOM_219	PREX1;CA4;CLIC2;ZG16;PLCB2;LDB2;HIVEP2;MMP19;PLXDC2;AL050309.1;TWF2;P2RY13;SLC27A2;HMGN1;HK1;DUSP23;SDC3;ATXN2;MYO7B;ENDOD1;DDX1;MYRIP;PAN3;ZYG11B;MACROD1;BCDIN3D-AS1;AC026367.2;CCKBR;MAMDC4;FGD2;WRN;PLCXD3;BOC;SLF1;B4GALT1-AS1	0.0119853973319393	0.0212802665715799	0.0344799563703572	0.0514196989506272	35	200	standardized log10 mean-expression + standardized logit detection; no bins; no replacement within program	20260829	FALSE
GSE238264	RANDOM_220	CCDC91;ROBO2;GPX8;AC021054.1;MYH11;TIPARP;EHD3;MYO5A;TTC14;PINLYP;RNF31;JSRP1;PIN1;LEAP2;MIR1915HG;ACADSB;MARCH2;INTS6;C3orf85;DDX60;TRIM44;RGL1;PITPNM2;UNC93A;ZDHHC20;LINC01354;SLC9B1;TNXB;TBXAS1;MYO1G;CCDC146;CPEB1;DOCK11;CD300LF;DLX6-AS1	0.0076158815066777	0.0205675643751599	0.0344799563703572	0.0514196989506272	35	200	standardized log10 mean-expression + standardized logit detection; no bins; no replacement within program	20260829	FALSE
GSE238264	RANDOM_221	FLI1;LAIR1;CNRIP1;ITM2A;CD84;HLA-DOA;IFIT5;ZNF337;TRIM22;CXCL3;GSDMB;SEMA4A;FLAD1;TMEM147;CALML4;SRSF2;SESN3;NHLRC3;UGT3A1;JDP2;GPAT4;CEPT1;GPR137B;HAO2;MMP11;SLC9B1;AC073349.1;MGLL;S1PR1;ZNF564;CCDC24;PIK3C2G;THRSP;DACT3;ZNF440	0.0161367743577263	0.0119775636313359	0.0344799563703572	0.0514196989506272	35	200	standardized log10 mean-expression + standardized logit detection; no bins; no replacement within program	20260829	FALSE
GSE238264	RANDOM_222	ITGA4;IGFALS;CHST1;LMOD1;PRDM1;KPNA6;PLCG2;MSC;ST6GALNAC4;SMIM10;USP40;SCTR;GRK2;NNT;MED12;EIF3G;BOLA2B;MLPH;SLC28A1;PPIL4;UBE2I;HLA-DRB5;MTRF1L;UNC93A;COPZ2;BACH1-IT2;AC005726.1;TSPAN5;SPHK1;KIF3A;HAVCR2;LYPD2;LACC1;MIRLET7BHG;ZNF619	0.0141597696948415	0.011174220606845	0.0344799563703572	0.0514196989506272	35	200	standardized log10 mean-expression + standardized logit detection; no bins; no replacement within program	20260829	FALSE
GSE238264	RANDOM_223	KRT19;RAC2;ADAMTS12;BLK;MYO7A;BTN3A3;ITGA4;LILRB4;MTHFR;C5orf49;PTPN2;AC108134.3;RHOBTB3;ILF3;AP004609.3;PFKL;CAV2;MYRIP;SYK;FCHO2;AHCYL1;PLEKHA2;ABCA7;PFKFB3;ANGPTL2;DIABLO;CSDC2;MFSD2A;SPTLC3;GFOD1;AVPR1A;CPEB1;KCNE4;CKMT2;ZNF165	0.0409187169653649	0.0238661593348681	0.0344799563703572	0.0514196989506272	35	200	standardized log10 mean-expression + standardized logit detection; no bins; no replacement within program	20260829	FALSE
GSE238264	RANDOM_224	PLCG2;ELF1;GLIS3;FILIP1L;PMEL;ACMSD;CASP1;FAM76A;CLEC2B;AC005520.2;PHF3;PSMG3-AS1;CTDNEP1;ALDH7A1;DHDDS;TOR1AIP2;TRIM16;BAZ2B;GDPGP1;AC083841.1;AP1B1;FCGR2A;ATG16L2;PIP4K2A;PIGR;AC011472.4;AC026367.2;CPLX2;CCDC159;BICC1;PCED1B;LINC02593;AC092069.1;SAMD9;ZNF701	0.0139186162176273	0.00510429577331737	0.0344799563703572	0.0514196989506272	35	200	standardized log10 mean-expression + standardized logit detection; no bins; no replacement within program	20260829	FALSE
GSE238264	RANDOM_225	RASGRP2;STK17B;GDF2;CLEC4G;SLAMF8;DAPK2;FBXO6;RILPL2;NABP1;RGS18;CTCF;ANKRD36B;MAP1LC3B;ARG1;CA4;COL3A1;EPS8;TRIM69;GBP5;ABCA7;ZFAND6;CYP4A22;CLN8;NFATC3;GOPC;AC016074.2;AC008764.6;SNX10;PLGLB2;PDE4D;OASL;B3GNT3;SLFN11;GAL3ST4;AKAP6	-0.0216692633880498	0.0371509227398264	0.0344799563703572	0.0514196989506272	35	200	standardized log10 mean-expression + standardized logit detection; no bins; no replacement within program	20260829	FALSE
GSE238264	RANDOM_226	HIC1;NABP1;ITGB2-AS1;MAP4K1;CST7;C1orf162;MUC1;KCNQ1OT1;DIAPH2;SMIM10;BABAM2;HSH2D;PRPF31;CCNL2;HK1;BAG6;ARID5A;LHFPL2;TESK2;ZNF688;AP1B1;BCL2L10;TDGF1;ELN;ABCA8;KCNK12;AC233263.6;TNFRSF1B;FGF2;SLCO3A1;SCGB1D2;TNFRSF11A;MOXD1;NPY1R;TMEM121	0.0322537115324288	0.027028237999038	0.0344799563703572	0.0514196989506272	35	200	standardized log10 mean-expression + standardized logit detection; no bins; no replacement within program	20260829	FALSE
GSE238264	RANDOM_227	TTPA;LIFR;CFTR;NEXN;MYO5A;ABCC9;SIGLEC1;FCGBP;NRP2;C5orf49;KDM4B;GNA15;SEC16B;SON;NABP1;SNHG6;ANGEL1;FHL1;KIF2A;UPF3B;CDIPT;MYCBP2;CDC42EP3;JADE2;MGAT4A;AL022341.1;AC099066.2;MTRNR2L12;ELF1;NBPF19;CCDC24;CHIC1;SOX5;CAPN13;DLX6-AS1	0.00347190750282795	0.0133779578012882	0.0344799563703572	0.0514196989506272	35	200	standardized log10 mean-expression + standardized logit detection; no bins; no replacement within program	20260829	FALSE
GSE238264	RANDOM_228	SPOCK1;INHBA;MAP1A;LPA;ALG1L;CALML4;PARP8;LILRB5;CDC42EP3;FO393401.1;TRIM41;SIT1;PTCD3;STAU1;FGFR1OP2;MLXIPL;PLSCR1;MR1;LINC01116;NBPF12;ACADM;CYP4A22;ETV6;CLDN18;FLCN;AC023813.3;AC090617.3;LINC00963;SYT7;TMEM92;CLEC7A;GSTM5;ARAP2;S1PR4;GATA2	-0.00283395980986372	0.0091641066240068	0.0344799563703572	0.0514196989506272	35	200	standardized log10 mean-expression + standardized logit detection; no bins; no replacement within program	20260829	FALSE
GSE238264	RANDOM_229	CIITA;CDC42EP3;UNC13D;NCF4;MSC;CASP7;IFITM1;ITFG2;ADGRF5;FOXC2;RUFY1;GPR65;ASXL1;HSD17B2;GCKR;QPRT;LRRC32;ANXA10;CLIC2;TMEM8B;TACC1;RGL1;ADRA2C;ADAMTS1;LMCD1;AL031847.1;AC018467.1;SPINT1;LIMK2;GUCY1B1;NPIPB15;ZNF521;OLFML2B;LINC00942;UBE2D3-AS1	0.0127304187471147	0.0201332547535804	0.0344799563703572	0.0514196989506272	35	200	standardized log10 mean-expression + standardized logit detection; no bins; no replacement within program	20260829	FALSE
GSE238264	RANDOM_230	DSE;MRC2;SPN;SPDEF;PEAR1;CDC42EP3;SP140L;MINDY2;DGLUCY;FGF1;KCNJ8;FCGR1B;BCL7C;EIF1AX;STRADA;IRF2BP2;MMP14;HIRIP3;ITGB2-AS1;GIMAP4;FDX1;FOLR2;GNB4;SH2B3;MICAL1;LINC02340;AC106820.3;NCF1;VSIG4;RAB37;NBPF14;AP001062.1;GIMAP7;HKDC1;PSMC3IP	-0.0067810838094873	0.0207967525047721	0.0344799563703572	0.0514196989506272	35	200	standardized log10 mean-expression + standardized logit detection; no bins; no replacement within program	20260829	FALSE
GSE238264	RANDOM_231	PPARG;HK1;OTOA;ZMYND15;APBB1IP;ACMSD;TMC8;OXER1;AMOTL1;ZNF215;PHF3;LPAR1;LENG8;PPP1CC;TANGO2;LAMTOR4;AKAP12;ADAM17;SLC9A1;EXOC1;CCDC50;COL15A1;SPHK1;MAD1L1;CNTNAP3B;TECTA;AC017083.1;IFITM10;KPNA6;SPDEF;CLEC7A;AC009093.6;AVPR1A;TRIM21;ZDBF2	0.0302727594569358	0.0109211147546645	0.0344799563703572	0.0514196989506272	35	200	standardized log10 mean-expression + standardized logit detection; no bins; no replacement within program	20260829	FALSE
GSE238264	RANDOM_232	ACMSD;TMEM173;NEURL2;NEXN;FAM13A;GASK1B;RILPL2;ARHGAP9;PTK2B;HMCN2;ETFRF1;SIT1;TRIP12;LAPTM5;ITGA9;SULT2A1;PHLDA2;DENND5B;CDH11;PREX1;UHMK1;RUNX1;OSTF1;UCHL1;CLDN4;C21orf62-AS1;AC093512.1;HCLS1;PPIL4;AVPR1A;RMRP;CYB561D2.1;HAVCR2;PCDHB16;TRAM1L1	-0.00295955834073027	0.0194253229711004	0.0344799563703572	0.0514196989506272	35	200	standardized log10 mean-expression + standardized logit detection; no bins; no replacement within program	20260829	FALSE
GSE238264	RANDOM_233	APOBEC3C;FGFR1OP2;RGS9;RCSD1;APBB1IP;BTN3A3;BBOX1;GBP7;STMN3;LINC02028;SETD3;PTGS2;BUB3;RNH1;CMTR2;C19orf53;CPVL;MYRIP;SLC3A1;SENP7;GPR108;HDAC7;MRC2;LY96;GBP4;UCP3;TECTA;FABP4;ALPL;SLC22A12;KCNE4;GMPR;SLC25A36;GRIN2A;AC006064.4	0.0427553846555225	0.0428559370534655	0.0344799563703572	0.0514196989506272	35	200	standardized log10 mean-expression + standardized logit detection; no bins; no replacement within program	20260829	FALSE
GSE238264	RANDOM_234	APBB1IP;SLC1A3;PCDHB5;DENND3;SELL;HIC1;HSPB8;SYNE1;CDC40;CCDC30;USP40;GFRA2;NT5DC2;PLEC;DLGAP1-AS1;PSMA7;SDC3;KCNK1;MEMO1;AP003119.3;MTSS1;ZBTB4;RANBP10;SERPINB9;MME;AL161665.1;SPEF1;EPB41;MEGF6;MYOF;CPNE5;LINC02608;SPON1;PIK3R5;HOXD8	0.0216619928025326	0.0147768162574195	0.0344799563703572	0.0514196989506272	35	200	standardized log10 mean-expression + standardized logit detection; no bins; no replacement within program	20260829	FALSE
GSE238264	RANDOM_235	RAB26;PRKCH;LRRC25;CST7;GREM1;CCDC91;GNG2;ARHGAP42;JAML;TLR6;MYO1E;PDZD4;GIPC1;PDCD5;GCKR;SERINC2;IFITM10;FAAH;NUGGC;SMAD7;NT5DC2;COL14A1;NPHP3;INHBC;FHL1;UXT-AS1;IFNG-AS1;HSD17B14;CLEC2D;GPAT3;ADAP1;CHIC1;VMO1;CCDC7;AC008014.1	-0.000720808885821312	0.0172090759930574	0.0344799563703572	0.0514196989506272	35	200	standardized log10 mean-expression + standardized logit detection; no bins; no replacement within program	20260829	FALSE
GSE238264	RANDOM_236	DSE;GPC6;B4GALNT1;TNIK;DBH;SYT12;ATOH8;GPR183;NRP2;MOV10L1;FBRS;GALNT16;ARSE;ADAR;RGS10;ACAA1;IGFLR1;AXL;KCND3;RAB26;CDIPT;CHD9;RBM15;NFATC3;FBXO2;SMC5-AS1;APOBEC3A;SMIM24;GNB4;SLC25A24;SLC3A1;ARSG;ATXN7;HIVEP3;AKAP6	0.0245489066016688	0.0144998076782013	0.0344799563703572	0.0514196989506272	35	200	standardized log10 mean-expression + standardized logit detection; no bins; no replacement within program	20260829	FALSE
GSE238264	RANDOM_237	MOSMO;ACAP1;CD96;ACKR1;APBB1IP;ROBO2;NSUN6;ITPR1;TMEM87B;CYSLTR1;FBXL3;HSPB7;AP1M1;PLEC;RNF166;ACSL1;SPAG9;MYRIP;CREB5;SYT12;CRYL1;CAPN5;DEPDC7;ADAMTS2;RESF1;IFNG-AS1;STXBP5-AS1;SLC6A12;TMEM161B-AS1;WNK3;PAMR1;CCL8;CEP290;IGFN1;ITGA10	-0.00636401437541337	0.00762281722921542	0.0344799563703572	0.0514196989506272	35	200	standardized log10 mean-expression + standardized logit detection; no bins; no replacement within program	20260829	FALSE
GSE238264	RANDOM_238	NBPF12;DAO;CD96;DNAH1;EVI2B;SPOCK1;FLI1;LMO2;CAPN3;FGF1;MPHOSPH10;CLEC1B;ZC3H15;CMPK1;COBL;TUBB4B;FBN1;NLRP1;FNDC5;ACKR3;NPLOC4;JAZF1;RNF208;PRSS3;CD53;LINC00939;AC105446.1;TSPAN9;VSIG4;CD209;VMO1;PTPN13;RUNX3;CD300LF;TRDMT1	0.00569475450571288	0.023506090372929	0.0344799563703572	0.0514196989506272	35	200	standardized log10 mean-expression + standardized logit detection; no bins; no replacement within program	20260829	FALSE
GSE238264	RANDOM_239	RAB31;KPNA6;RTN4RL1;TNFSF13B;PODN;LIMK2;PARP8;SEMA4D;TNC;FO393401.1;FMO1;TSHZ3;CAPN1;GOLPH3;AKAP11;SNHG8;ANGEL1;PDGFC;TUBB3;AC018521.5;LGALS8;TNFSF13;TTPAL;SERPINI2;FGL2;MIR181A2HG;CACNA1I;TNFRSF1B;NBPF12;VMO1;ARHGAP24;LINC02363;GPATCH1;EGR2;MAPK4	0.00331155281168977	0.019216810791365	0.0344799563703572	0.0514196989506272	35	200	standardized log10 mean-expression + standardized logit detection; no bins; no replacement within program	20260829	FALSE
GSE238264	RANDOM_240	PLAUR;OSTF1;SAMD11;SPDEF;ALG1L;TTPA;MUC1;GOLGA8A;KRT19;PTX3;LAMA4;ASPA;MRPL40;LPGAT1;ZEB1;ERRFI1;CHMP4B;PLSCR4;ZSWIM4;AKTIP;MESD;RSF1;RHBDF2;COL15A1;GPD1;STEAP1B;AC109347.1;INMT;MMP9;ABCC1;RLF;CEP128;PFKFB1;L3MBTL3;ATAD5	0.0100967678802035	0.0208066231402592	0.0344799563703572	0.0514196989506272	35	200	standardized log10 mean-expression + standardized logit detection; no bins; no replacement within program	20260829	FALSE
GSE238264	RANDOM_241	NCKAP1L;HK1;TTBK2;NOD1;PRDM2;PLEKHG2;LOXL1;ARHGAP42;SLC1A3;CD1E;PGBD5;HACD1;FUCA1;TSPAN3;CCDC82;H2AFZ;MVB12A;NHLRC3;THSD4;CCDC186;FSTL1;CCDC88B;GNB4;ELOA;AGMO;AC098820.3;TIFAB;SNX10;ETV6;HAPLN3;SLC25A36;SLAMF6;ENTPD2;CEP135;AC004241.1	0.0307337088690273	0.0228395893023078	0.0344799563703572	0.0514196989506272	35	200	standardized log10 mean-expression + standardized logit detection; no bins; no replacement within program	20260829	FALSE
GSE238264	RANDOM_242	FMNL1;ROBO2;STAG3;CDH23;NAT2;RBM15;ANTXR1;CCDC198;MTHFR;FCHO1;AP3B1;SCNN1A;FOXN3;PLEC;VASH1;ETFA;BPTF;NEU4;GPX8;DCP1A;UBE2I;LTB;PLEKHG2;CD53;CLDN18;KCNK12;AP000553.2;PALM2-AKAP2;CCSER2;SLFN11;PRSS8;SLAMF6;LILRB3;FGF21;LINC01315	0.00660909341507301	0.0145614514886916	0.0344799563703572	0.0514196989506272	35	200	standardized log10 mean-expression + standardized logit detection; no bins; no replacement within program	20260829	FALSE
GSE238264	RANDOM_243	HLA-DOA;KIAA2026;SAMD11;UPP2;COMP;AC020916.1;LTB4R;COL12A1;ITGAX;PTX3;CLCN3;ADAMDEC1;UHMK1;SMIM26;CHORDC1;SARAF;FBN1;NSRP1;ALPK1;LPAR6;SORBS3;MACROD1;GABPB1-AS1;ITPKC;ARL4C;LINC00939;AC006064.5;SESN3;S100P;VMO1;ANKRD26;ADORA3;LILRB3;RHOH;ZNF608	0.0131542735004827	0.0216342385301787	0.0344799563703572	0.0514196989506272	35	200	standardized log10 mean-expression + standardized logit detection; no bins; no replacement within program	20260829	FALSE
GSE238264	RANDOM_244	GPRIN3;IGHA2;TBXA2R;ACKR1;ACVRL1;SPOCK1;DEF6;PDE4B;MMP9;PTX3;RASSF1;CCR6;GORASP2;TIMP3;TULP4;ANAPC11;PITHD1;BAZ1A;SFRP4;GARS-DT;RHOT2;CCDC88B;S1PR1;FBXO2;DMGDH;AP001059.1;AC132938.1;SULF2;SLC27A1;AC132872.1;SLC6A13;AC009093.6;FGD2;SNAI1;UBR5-AS1	0.0228756796241703	0.0376420020866623	0.0344799563703572	0.0514196989506272	35	200	standardized log10 mean-expression + standardized logit detection; no bins; no replacement within program	20260829	FALSE
GSE238264	RANDOM_245	FMO4;ACMSD;ADAM28;HSPB2;LRRC3;TIPARP;FERMT3;DUSP2;GPC6;GLT8D2;PGBD5;LRCOL1;PCCB;GSDMD;ATXN3;PGK1;ABCB1;ASPN;GDPGP1;TRIM22;UBE2I;ARHGAP45;RICTOR;RBM27;MACROD1;AC023024.1;RUNDC3A;CYP4F2;SGF29;SPDEF;SAMD11;PDCD1LG2;ZNF117;CALHM2;USP3-AS1	0.0169937788635904	0.00682511128235952	0.0344799563703572	0.0514196989506272	35	200	standardized log10 mean-expression + standardized logit detection; no bins; no replacement within program	20260829	FALSE
GSE238264	RANDOM_246	CIITA;SYT12;CLEC3B;TRAF3IP2;MAP7D3;LIFR;LTC4S;ZNF337;TTC14;CXCL3;INPP5A;LINC02197;EIF2AK1;HEXA;ING4;RNF187;TCF7;NEU4;SEC31B;LPAR6;CRK;FBLN5;LDB2;XDH;DENND5B;AC011468.5;AL034374.1;CASP4;RHBDF2;SPDEF;SHD;EFS;SLC22A17;ARMH1;ZNF487	0.0053484987627379	0.00979354221926983	0.0344799563703572	0.0514196989506272	35	200	standardized log10 mean-expression + standardized logit detection; no bins; no replacement within program	20260829	FALSE
GSE238264	RANDOM_247	ALPL;COL16A1;LY75;CD86;MAN1C1;DGLUCY;ARHGAP9;LMO2;UBXN11;LINC00893;PLEKHO2;PCP4;FBXO7;YWHAG;ZFC3H1;PSMB1;LSP1;CSRNP1;PALM3;FUT11;CENPB;LIPG;SPOCK1;ZSCAN31;PURA;UPK1A-AS1;BACH1-IT2;RASD1;SAP25;RBMS3;KCND3;EMX1;ODF2L;ATP8B4;ZNF571	-0.00295673356398184	0.0206309260659427	0.0344799563703572	0.0514196989506272	35	200	standardized log10 mean-expression + standardized logit detection; no bins; no replacement within program	20260829	FALSE
GSE238264	RANDOM_248	BDP1;DAPL1;ARHGAP31;ERICH1;FRMD6;AQP7;LMO2;AGO3;ETV6;SLC5A1;VSNL1;TIMD4;MRPL40;PSMD2;USP6NL;SARAF;PLSCR1;VSTM4;PCED1B;SLC7A6;EPB41L4B;PFKFB3;AC020916.1;RALGDS;MYRIP;LINC00939;SSTR3;CST1;LIMK2;PLA2G5;PLA2G7;BACH2;SHD;CEP83;TRAM1L1	0.0357603838711215	0.0144025428005886	0.0344799563703572	0.0514196989506272	35	200	standardized log10 mean-expression + standardized logit detection; no bins; no replacement within program	20260829	FALSE
GSE238264	RANDOM_249	TRIM22;PALMD;PCDHB5;SRPX2;FCGBP;CCSER2;ACSS1;HTRA3;MARVELD1;MAP1LC3B2;CLCN3;IL12RB1;GAK;GOT2;PPIH;UGP2;TNFRSF21;PDGFC;PFKFB1;OAS2;LPCAT3;TRIM56;PLEKHM1;UCHL1;DMXL2;AC022784.6;GASAL1;ERP27;DAPL1;HSPB2;TMEM92;LILRA2;PPP1R1C;AC079466.1;GNAZ	0.0382982427807801	0.0259125269400403	0.0344799563703572	0.0514196989506272	35	200	standardized log10 mean-expression + standardized logit detection; no bins; no replacement within program	20260829	FALSE
GSE238264	RANDOM_250	HECA;CLEC2B;SLC9A9;MRVI1;FMNL1;DOCK5;DENND2D;LRRC3;SASH1;SLC26A10;KANSL3;CALHM5;HMGCR;ACSL4;NAV2;SDF4;CD47;ELP3;CLIP3;BIN3;PRPF40A;CFHR4;RAB31;MRC1;TUT4;AC107214.1;AL161665.1;PRKAA2;ANKFN1;PSTPIP1;FGD2;SPTBN5;SLC6A13;HAND2-AS1;LINC02037	0.0197494997700387	0.0105216583982312	0.0344799563703572	0.0514196989506272	35	200	standardized log10 mean-expression + standardized logit detection; no bins; no replacement within program	20260829	FALSE
GSE238264	RANDOM_251	C5orf66;ADGRA2;PCED1B;HMGN5;LMO2;SPOCK1;ITGA3;ITFG2;EMILIN2;ZNF790-AS1;PPFIBP1;DEFB132;SNX6;PDCD5;PEX14;ASPH;TMEM263;PPP1R15A;PTPN7;MMP23B;IQSEC1;MYCBP2;FBXW7;CAPN5;ERBB2;AL358852.1;CSDC2;S100A9;NPL;SMAD6;LAT2;CHIC1;SLCO3A1;PIK3R5;TMCC1-AS1	0.0198197361641671	0.0134252347579266	0.0344799563703572	0.0514196989506272	35	200	standardized log10 mean-expression + standardized logit detection; no bins; no replacement within program	20260829	FALSE
GSE238264	RANDOM_252	BIN3;PMEPA1;HMBOX1;SLCO2A1;PLEKHA4;ALPL;FCHSD2;ACOT4;BBX;AL359715.3;MUL1;AC104083.1;UHMK1;SLC4A2;TMTC3;ACSL1;STAT5B;AOC3;SVEP1;MTMR11;GPR108;STK4;DGKA;SIRPA;RAMP3;AC011484.1;AF001548.2;UACA;CDHR2;CALHM6;GBP5;ZDHHC19;BLK;Z93930.2;MROH2A	0.0044910840924244	0.00945048355842487	0.0344799563703572	0.0514196989506272	35	200	standardized log10 mean-expression + standardized logit detection; no bins; no replacement within program	20260829	FALSE
GSE238264	RANDOM_253	JDP2;ABCC9;LINC02428;FCGBP;SRPX;NMI;LTB4R;ALDH3B1;FKBP15;AP005262.2;ICAM2;SPRN;MAPK1;NINJ1;FLYWCH2;SRP9;SH3YL1;TRIM55;LINC01355;GARS-DT;FOXN3;ZYG11B;SH3PXD2B;SERPINB9;HAL;MIR181A2HG;AL583856.2;CCL2;S1PR1;WNK3;UBAP1L;GPRASP1;STAMBPL1;CLIC3;TRIL	0.00742219776027378	0.0202207566377495	0.0344799563703572	0.0514196989506272	35	200	standardized log10 mean-expression + standardized logit detection; no bins; no replacement within program	20260829	FALSE
GSE238264	RANDOM_254	DEF6;PIM2;UGT3A1;USP18;GOLGA8A;CLEC2B;GREM1;TMC8;RAB34;CEP126;IL11RA;GBGT1;PCCB;GSDMD;PLEKHM1;SLC13A5;MYADM;SERTAD2;CLEC4M;CADPS2;FAM83H;AP1M2;ADCY9;PURA;CITED2;UPK1A-AS1;AC023024.1;OSBPL8;ZSWIM6;CCDC102B;SVEP1;SOCS2-AS1;BCLAF3;NPY1R;HOXD9	0.00351832254930443	0.00874901701005731	0.0344799563703572	0.0514196989506272	35	200	standardized log10 mean-expression + standardized logit detection; no bins; no replacement within program	20260829	FALSE
GSE238264	RANDOM_255	RNF19B;GNB4;IGSF9;JAG2;IL16;RAB31;TNFSF13B;SCNN1D;INPP5D;C5orf49;TP53INP2;DEFB132;SRA1;CDC37;GABPB1-AS1;LRG1;WWTR1;MICALL2;GIMAP8;CCDC32;NUBP2;FBLN5;TYW3;ZSCAN31;COL14A1;AL136295.2;AC107952.2;MMP14;MRC2;SLC7A7;AC004889.1;PLA2R1;ARAP2;SIGLEC7;AL023284.4	0.00409357776110578	0.0242663745840529	0.0344799563703572	0.0514196989506272	35	200	standardized log10 mean-expression + standardized logit detection; no bins; no replacement within program	20260829	FALSE
GSE238264	RANDOM_256	RASGRP2;HIC1;CPXM1;SNED1;DNM1;PPIL4;CRYBG1;MAP3K6;RAB20;AL138826.1;MSRA;CCR6;C7orf50;MRPS16;YTHDC2;TMEM205;ATP2B1;GFRA1;ITGB2-AS1;CCDC186;NCOR1;GPD1;CARD16;OSTM1;ZBTB4;PAN3-AS1;FSTL4;FABP4;ELF1;FER;SAMD9L;IL2RA;TMPRSS3;SLIT2;AL359643.3	0.0542148855086817	0.0296016115839097	0.0344799563703572	0.0514196989506272	35	200	standardized log10 mean-expression + standardized logit detection; no bins; no replacement within program	20260829	FALSE
GSE238264	RANDOM_257	TRIM22;TBC1D10C;PRSS8;EPSTI1;STAT5A;KRT19;MSC;FLT3LG;MMP9;LINC02028;STX7;OSCAR;FKBP4;NDUFA7;HPS5;EBP;BCHE;VPS9D1;VAV1;SEMA3B;SLC35B2;MPP1;SPOCK1;CBLB;MATN2;FKBP6;INSC;CFD;RANBP10;KCNC2;GIMAP8;FZD7;FGD5;AC027682.6;GMNC	0.0236290948463459	0.0270223372469708	0.0344799563703572	0.0514196989506272	35	200	standardized log10 mean-expression + standardized logit detection; no bins; no replacement within program	20260829	FALSE
GSE238264	RANDOM_258	ZNF791;INPP5D;CRYBG3;WAS;TNFAIP8;SLC27A1;ACTG2;RASSF2;DIAPH2;TMEM200C;KCNJ8;HOXB2;PPP6R1;AMACR;ZNF518A;NAMPT;ABCB4;PDGFC;AC004233.2;HEXIM1;YY1;PRSS3;DAPL1;HCST;SERTAD1;OR51E1;ZBTB44-DT;LSP1;MMP9;SLC2A4;CREB5;KRT17;TMPRSS3;DACT3;AC048341.1	0.0163209447855952	0.0170620689937209	0.0344799563703572	0.0514196989506272	35	200	standardized log10 mean-expression + standardized logit detection; no bins; no replacement within program	20260829	FALSE
GSE238264	RANDOM_259	ITPRIP;OSMR;POU2F2;SLC31A2;FAM13A;EARS2;SSC4D;PDE4B;SYT12;PADI2;ETFRF1;SFRP1;WDR45;SYNGR2;AQP7;TAF10;CDKN2A;SNCG;NEURL3;PTPRB;CNN2;INHBC;SWAP70;AC021074.3;ARHGAP45;AL136295.2;C6orf163;IFI16;S100A1;MIR193BHG;LINC01018;PCDH7;CCDC24;CLIC3;LINC02037	0.0392336161913729	0.0220687020080616	0.0344799563703572	0.0514196989506272	35	200	standardized log10 mean-expression + standardized logit detection; no bins; no replacement within program	20260829	FALSE
GSE238264	RANDOM_260	PTH1R;PLXDC2;PROCR;WAS;SRPX;HLA-DOA;TUBE1;DNM1;ZSWIM6;FIRRE;KRR1;AC007686.3;ELP2;FLOT1;STK17B;TUBB4B;TFE3;DENND5B;MYO7B;NAIP;PEX19;CSTA;ALS2CL;TNFSF13;KRT7;RUNDC3A;CDH3;TK2;EMILIN2;FCN1;SLC3A1;CARD11;IGSF23;SNHG22;TRIM59	0.0135600124664836	0.014010200304868	0.0344799563703572	0.0514196989506272	35	200	standardized log10 mean-expression + standardized logit detection; no bins; no replacement within program	20260829	FALSE
GSE238264	RANDOM_261	DPT;NABP1;THSD7A;DTX1;TMEM107;REV1;ACVRL1;RASGRP3;AKAP11;SPOCD1;SLC35A3;SEMA4A;RCN2;RTN3;PKP2;RAMP1;PITHD1;IER5L;COL4A4;PHKG1;CYB5B;ABCA6;DCP1A;KIF1A;ZYG11B;AL590133.1;ZBTB44-DT;CCDC71L;ACAP1;RNF125;SLFN11;CASC9;AL022328.4;RERG;ICA1L	0.0130566546142326	0.0220407664221563	0.0344799563703572	0.0514196989506272	35	200	standardized log10 mean-expression + standardized logit detection; no bins; no replacement within program	20260829	FALSE
GSE238264	RANDOM_262	SATB1;HPGD;DCLK2;ERICH1;CD7;GIMAP5;LAMA2;MUC1;ARHGEF17;AC022034.1;FBXL3;RGS4;GAK;RETREG2;ST3GAL3;SELENBP1;NAT8;RAMP3;DCXR-DT;LTN1;PACSIN2;CSTA;EXOC1;AGMO;BCAS3;AC006449.5;AL031847.1;ETS1;CNTLN;MAP4K1;FAP;LINC01588;SOX6;TAGAP;MID2	0.0151780722309991	0.0161180056040652	0.0344799563703572	0.0514196989506272	35	200	standardized log10 mean-expression + standardized logit detection; no bins; no replacement within program	20260829	FALSE
GSE238264	RANDOM_263	TRIM22;GPR88;LINC01093;MOK;RILPL2;HEG1;MUC1;LTB4R;DAO;ACOT11;RUFY1;ZNF575;GNG10;COPA;GCKR;PGAM1;MKLN1;PLSCR4;CEP85L;KRCC1;NT5DC2;CYBB;PKD2;CMTM3;UNC93A;LINC01354;AC107294.2;SLC25A18;SULF1;SASH3;SLC3A1;FRMPD1;TNFRSF14-AS1;GFPT2;LRRC29	-0.000746689765893656	0.0132165612707579	0.0344799563703572	0.0514196989506272	35	200	standardized log10 mean-expression + standardized logit detection; no bins; no replacement within program	20260829	FALSE
GSE238264	RANDOM_264	CRHBP;CCL4;HOXA-AS2;SPAG16;CWF19L2;RAC2;FCN2;PER2;CREBRF;PTGES;YIPF1;PRR22;PIN1;ABAT;MEF2C;FBP1;F11;RFTN1;MSRB3;KRCC1;TMEM70;UNC93A;DGLUCY;KRT7;FOLR2;ITGB1-DT;CAPN8;PLA2G1B;ILF3-DT;HRCT1;BIN2;SLFN12;TNFRSF14-AS1;EPHB6;LRRC37A2	0.00838097278226016	0.0148309320825063	0.0344799563703572	0.0514196989506272	35	200	standardized log10 mean-expression + standardized logit detection; no bins; no replacement within program	20260829	FALSE
GSE238264	RANDOM_265	SYNE1;PAQR7;IGHD;ITGBL1;LPXN;TNC;ASPG;CRYBG1;ITGAL;AL138826.1;GATAD2B;PARP15;GTF3C6;SPCS3;THUMPD1;GLMP;TNFRSF21;CHCHD6;NEURL3;GYS2;PLVAP;SLC7A11;TMOD1;CEPT1;COL14A1;AP001627.1;MYL4;TRAC;WFDC2;ANKRD26;LAT2;LINC02608;GRAP;CD300LF;SLAIN1	0.0304500240699928	0.0213952062917194	0.0344799563703572	0.0514196989506272	35	200	standardized log10 mean-expression + standardized logit detection; no bins; no replacement within program	20260829	FALSE
GSE238264	RANDOM_266	TRIM22;NABP1;SRGAP1;RUNX3;APBB1IP;NMI;SYNPO2;CST7;ZSWIM6;AC006213.4;MIIP;ANKRD36B;CDK4;LEAP2;UBXN11;HLA-DPA1;PRKD2;STK10;AGPAT4;SENP7;TMEM45B;CD53;TYW3;CLDN18;ZCCHC2;AC073349.1;AC017083.1;FTX;SNAI2;PPL;KCND3;KCNMB1;SLIT3;MAPK10;LMLN	0.000523579343265116	0.0142838514488361	0.0344799563703572	0.0514196989506272	35	200	standardized log10 mean-expression + standardized logit detection; no bins; no replacement within program	20260829	FALSE
GSE238264	RANDOM_267	IL2RG;FBXW7;MTRNR2L1;CARMN;UPP2;DRAM1;IGSF6;FAM76A;NOC3L;AC109439.2;BOLA2;HACD1;ACTR1A;SEC31A;TNFSF12;CTSZ;SESN3;ATG7;L3MBTL4;ZNF268;BCL7C;CD53;SLC1A3;MSR1;ITCH;AP001627.1;SPAG8;CD4;TBXAS1;HAPLN3;RMRP;EMX1;AC245060.5;STX11;DDX47	0.0213014936760409	0.021338503234604	0.0344799563703572	0.0514196989506272	35	200	standardized log10 mean-expression + standardized logit detection; no bins; no replacement within program	20260829	FALSE
GSE238264	RANDOM_268	ETV6;RIN3;PALM3;MYOF;IYD;ENDOD1;SSC4D;CYTH4;THEMIS2;FO393401.1;STX7;PRICKLE1;GNG10;ASAH1;LOXL2;SCARB1;AGTRAP;BAZ1A;SLC28A1;GPSM3;NCOR1;UNC93A;SWAP70;PURA;BCAS3;LINC01750;CU639417.4;EHD2;MMP23B;DTX1;SMOC2;MZF1-AS1;BCL2;TAGAP;SLC35E4	0.0160845146195044	0.0267417502477175	0.0344799563703572	0.0514196989506272	35	200	standardized log10 mean-expression + standardized logit detection; no bins; no replacement within program	20260829	FALSE
GSE238264	RANDOM_269	RASGRP2;CDC42EP3;SLC9A1;FCN1;ACSS1;ATG16L2;PCAT19;TRPV2;RHBDF2;AC068587.4;SHOC2;AC027117.1;CTDNEP1;LASP1;SBNO1;SDF2L1;CSF1R;INTS6;SHPRH;ACKR3;FAM32A;ABLIM3;EMILIN2;GPD1;MACROD1;CSDC2;DYNLRB2;PTPN6;LAIR1;SLC7A7;CPNE5;GASK1A;RNF125;GPBAR1;SSUH2	0.00301817369487397	0.0181365421476784	0.0344799563703572	0.0514196989506272	35	200	standardized log10 mean-expression + standardized logit detection; no bins; no replacement within program	20260829	FALSE
GSE238264	RANDOM_270	FMNL1;EMILIN2;CNN1;LRRK1;FGFR2;SPOCK1;APBB1IP;RASSF8;RAC2;CYSLTR1;REXO1;SLC24A3;SELENON;MARCKSL1;DEPDC7;PSMA7;GNE;EPPK1;ASB9;DPYSL3;PKN1;FGL2;ETV6;RELB;RAB12;AC008764.6;RUNDC3A;RRAS;FGF2;P3H3;MITF;CH25H;TMPRSS3;ALDH1A3;LGSN	0.0402686274791537	0.0240009871847663	0.0344799563703572	0.0514196989506272	35	200	standardized log10 mean-expression + standardized logit detection; no bins; no replacement within program	20260829	FALSE
GSE238264	RANDOM_271	NGEF;SKAP2;OIT3;HMGN5;POLR2J3;ATG16L2;LAMA2;PITX1;NOC3L;LGI3;STX7;OXT;NUDT4;C6orf62;PPIH;OSGIN1;NRIP1;TUBB6;PTPRD;FUT11;TCIRG1;OSTM1;BCL2L11;MAD1L1;CGA;AC004847.1;AC018553.1;GHRH;RHBDF2;GUCY1B1;SLC19A3;TESPA1;REC8;ARL13B;GNAZ	-0.00157480010644596	0.0107220327909436	0.0344799563703572	0.0514196989506272	35	200	standardized log10 mean-expression + standardized logit detection; no bins; no replacement within program	20260829	FALSE
GSE238264	RANDOM_272	OAS2;RAB34;FCHSD1;MRAP;LTB4R;CALML4;IL16;HIVEP2;TIPARP;ZNF624;REXO1;OLFM1;RTCB;ILF3;SLC9A8;QPRT;MVB12A;ADAM17;GIMAP8;CHIC2;GPR108;ABCA6;ACMSD;MATN2;TNFRSF11B;AC006064.5;AC104162.2;CDKN2A;NPL;RELT;SAMD11;AC009041.2;AGPAT4;AC027682.6;AC018645.3	0.0232987395749323	0.016722089954213	0.0344799563703572	0.0514196989506272	35	200	standardized log10 mean-expression + standardized logit detection; no bins; no replacement within program	20260829	FALSE
GSE238264	RANDOM_273	SPOCK1;EMILIN2;KLRK1;PMEL;CCDC198;CWC25;BBOX1;FRZB;MTRF1L;FHOD3;YLPM1;TCF21;SLC44A1;SPCS3;FHOD1;ASPH;TSPAN9;LHFPL6;UGT3A1;ZNF268;MRPL4;ABCA6;DAPL1;MAD1L1;SLC15A3;ZBTB44-DT;IFNG-AS1;S100A14;ACAP1;MRVI1;BMERB1;CH25H;ARAP2;RERGL;AC009309.1	0.0256846973395182	0.02196366446793	0.0344799563703572	0.0514196989506272	35	200	standardized log10 mean-expression + standardized logit detection; no bins; no replacement within program	20260829	FALSE
GSE238264	RANDOM_274	DAPL1;LIFR;CRTAC1;AVPR1A;KDM5D;PTK2B;ACTG2;PDE4B;TMEM161B-AS1;DACH1;SPHK2;CCR7;MPC1;QSOX1;KIF13B;SDF4;PHKB;CLDN4;CPNE5;WDR60;FOXN3;SH2D4A;CAPS;SH2B3;COL15A1;AL121845.4;RUNDC3A;PALM2-AKAP2;AC020916.1;RBMS3;HHIP;ZNF423;AC004233.2;PIK3R5;CACNB1	0.00433090761914986	0.00676473725253293	0.0344799563703572	0.0514196989506272	35	200	standardized log10 mean-expression + standardized logit detection; no bins; no replacement within program	20260829	FALSE
GSE238264	RANDOM_275	FGF2;SPTLC3;L3MBTL4;AC084375.1;PMEL;CLEC2D;LPXN;PDE4B;CMTR2;DACH1;INPP5A;LINC01608;OAZ2;LEAP2;AP004609.3;LRP1;PCTP;LINC02532;FAM151A;RHBDF1;IQGAP2;ZBTB48;CDK9;JADE2;SHISA4;CDH3;ITGB1-DT;CPVL;CDC42EP3;SLC7A7;SAMD9L;SLFN12;LILRB3;CD19;ZDBF2	0.0134173298672745	0.0196851961723604	0.0344799563703572	0.0514196989506272	35	200	standardized log10 mean-expression + standardized logit detection; no bins; no replacement within program	20260829	FALSE
GSE238264	RANDOM_276	PALMD;CDK18;CCL4L2;CST7;FHL2;FRYL;SKAP1;CD7;ACSM1;TLR8;CAVIN2;SMIM22;SCYL1;NNT;NRP2;SELENOH;SLC17A9;TAPBPL;DLEU2;STK39;OCIAD2;TGFBR3;ZNF780A;PART1;SAMD4A;AL022341.1;AL355472.3;SULT1A2;ETV6;DOK2;STAMBPL1;ITGB8;CHRDL1;HIVEP3;SCOC-AS1	-0.00041510857327689	0.0108513922566697	0.0344799563703572	0.0514196989506272	35	200	standardized log10 mean-expression + standardized logit detection; no bins; no replacement within program	20260829	FALSE
GSE238264	RANDOM_277	SLC27A1;ENDOD1;TREM2;CETP;POLR2J3;MMD;TMC8;IGF2BP1;CDC42EP3;TSPOAP1-AS1;IRF9;ZNF575;SNRPA;HSD17B10;TIE1;C12orf57;PPP1R18;TANGO2;RNASEL;KIAA2026;PACSIN2;AP1M2;ADRA2C;ELK3;XPO7;AL161665.1;AC009560.1;LPIN1;MTHFR;VMO1;PTPN7;MAP6;LINC02716;SFRP5;ITGA10	0.00387971067623796	0.0115520641261434	0.0344799563703572	0.0514196989506272	35	200	standardized log10 mean-expression + standardized logit detection; no bins; no replacement within program	20260829	FALSE
GSE238264	RANDOM_278	NPL;PAQR7;CCDC170;ARHGAP25;LRRC3;GPRIN3;APOBEC3C;RASAL3;WFDC2;PINLYP;GNAI1;TCF21;CCNC;THBS1;MARVELD1;VCP;IFI27L2;MAFF;LINC01137;LOX;SHROOM1;ZBTB4;CDC40;RALGDS;CLDN18;AC109347.1;C6orf163;ATF3;PPM1K;STAMBPL1;KDM8;CTSE;ARHGAP15;PRAM1;LRRC37A2	0.00882684554793791	0.0186913283125276	0.0344799563703572	0.0514196989506272	35	200	standardized log10 mean-expression + standardized logit detection; no bins; no replacement within program	20260829	FALSE
GSE238264	RANDOM_279	SECTM1;BCL2L11;CLIP3;FGD2;IKZF1;ENTPD1;IFT57;LILRB4;GPC6;ACTL10;ATF7IP;ADAMDEC1;FKBP4;GOLPH3;GCKR;SIGMAR1;AP1G1;POLB;CLEC4M;ZNHIT6;CRK;SLC7A11;ADGRL4;APBB3;CLDN4;AC107464.3;INSC;NCOA7;ZBTB20;BCL2;CNEP1R1;SUCLG2-AS1;SLC22A17;DNM3OS;FGF12	0.0161931389468607	0.00700443017894767	0.0344799563703572	0.0514196989506272	35	200	standardized log10 mean-expression + standardized logit detection; no bins; no replacement within program	20260829	FALSE
GSE238264	RANDOM_280	GLIPR2;RND1;FAM151A;PMEL;IRF8;C1orf162;MIS18BP1;FAHD2B;SPTLC3;TMEM200C;PHF14;MEDAG;RTCB;FLOT1;OSTF1;SELENOH;ARSD;PPP3R1;OASL;NGEF;ACSL3;FGL2;MRC2;ELN;LMAN2L;AC036214.2;AC090617.3;SP100;SLC27A1;ADRB2;TMTC1;CHIC1;TRAF1;BRSK1;TRPM3	0.0160530480012811	0.0112602655774663	0.0344799563703572	0.0514196989506272	35	200	standardized log10 mean-expression + standardized logit detection; no bins; no replacement within program	20260829	FALSE
GSE238264	RANDOM_281	CARD16;PIM2;POU2F2;AVPR1A;CYTH4;TMOD1;HIVEP1;ZNF337;BBX;GALNT15;ICAM2;GATA3;GTF3C6;CALU;ITGAX;GJB1;BNIP3L;TCOF1;ARHGEF6;PPIL4;UBE2I;ARHGAP45;SPTY2D1;SH2B3;ATM;AC099066.2;RUNDC3A;RRAS;SAP25;PAMR1;TBC1D8B;LINC02608;RRAD;RAI2;ZNF608	0.0269280805829066	0.0156045795143208	0.0344799563703572	0.0514196989506272	35	200	standardized log10 mean-expression + standardized logit detection; no bins; no replacement within program	20260829	FALSE
GSE238264	RANDOM_282	SRPX;C3AR1;CLIP3;FPR3;FRZB;MOSMO;AOAH;RAB3IL1;ARID5B;C9orf152;RNMT;OSCP1;SELENON;ANP32B;MICAL2;NAPRT;NAGS;FLYWCH1;MEMO1;GLIPR2;CENPB;ABLIM3;MORC4;TRIM56;C2CD2;UXT-AS1;AC079781.5;NPDC1;PALMD;PLA2G5;ZG16;LILRA4;RHOJ;VSIG2;ARHGEF25	-0.0032577472238157	0.0169724326781697	0.0344799563703572	0.0514196989506272	35	200	standardized log10 mean-expression + standardized logit detection; no bins; no replacement within program	20260829	FALSE
GSE238264	RANDOM_283	SATB1;TTPA;ZNF584;CD86;FAS;CLN8;LPXN;TMEM161B;LAIR1;LPAR5;STEAP1;ROR2;GRB2;MAGED1;RSPRY1;TM7SF2;PHKB;FOXJ3;SLC9A1;REV1;TCIRG1;CD53;LOX;ELK3;CGA;AC018553.1;LINC02606;LINC00963;BASP1;LINC01146;NDRG4;AC090912.2;LINS1;BCL2A1;TRIL	0.00624797152221154	0.0214824563675949	0.0344799563703572	0.0514196989506272	35	200	standardized log10 mean-expression + standardized logit detection; no bins; no replacement within program	20260829	FALSE
GSE238264	RANDOM_284	RBP7;HK1;TMTC1;CTHRC1;DBH;HIC1;GEM;CWF19L2;TBXAS1;SLC5A1;PPP2R2A;TM6SF1;HMGCR;SRSF5;STK17B;EIF2S3;HSPB6;NFKBIZ;MNDA;SLC7A6;PLTP;ABCA6;CDC42EP3;MICAL1;GRASP;UPK1A-AS1;CDH3;SERPINE2;CEP170;OLFML2B;BMERB1;MIR155HG;AC092069.1;PRRX1;ZNF528-AS1	0.0337147278748502	0.0322656502443511	0.0344799563703572	0.0514196989506272	35	200	standardized log10 mean-expression + standardized logit detection; no bins; no replacement within program	20260829	FALSE
GSE238264	RANDOM_285	CELF2;EPPK1;CDH11;BMP2;FRMD6;CCDC186;CRHBP;AHI1;RB1;FO393401.1;MEF2A;ALDH1L2;SHFL;LPGAT1;SEMA4B;TSC22D1;MCAM;CCDC88B;APOBEC3F;HIC1;ACTR3;TTC9;NLK;RALGDS;ZNF644;AL136531.1;AC024337.2;SYNPO;ZSWIM6;VAT1L;CSGALNACT1;ITGB8;LINC00342;NKX1-2;AL356056.2	0.00970350394161628	0.0091642441618738	0.0344799563703572	0.0514196989506272	35	200	standardized log10 mean-expression + standardized logit detection; no bins; no replacement within program	20260829	FALSE
GSE238264	RANDOM_286	C3AR1;PITPNM2;HEPH;LRRK1;LILRB4;ARHGAP26;HIVEP2;USPL1;NOC3L;NTNG2;C1QTNF6;LINC01608;TMX4;CHP1;AQP11;COL6A1;ECHDC1;ISG20;PIBF1;AGO4;TMEM45B;FCN3;GALNT10;KYNU;SERTAD1;SOX2-OT;AL355472.3;NMRAL1;PPM1K;SCD5;MYOF;ANKRD23;ANKRD26;CCDC144A;ZNF440	0.0199150689518572	0.0209562463003018	0.0344799563703572	0.0514196989506272	35	200	standardized log10 mean-expression + standardized logit detection; no bins; no replacement within program	20260829	FALSE
GSE238264	RANDOM_287	LPAR6;BASP1;TBXA2R;FGD2;ACTR3C;LDB2;ACVRL1;ALDH3B1;CAPN3;LRRN2;PPM1F;CNTN4;SEC16B;SON;TANGO2;RBP1;CAV2;SDCCAG8;TBC1D8B;MED23;AKR7A2;ABLIM3;ZSWIM6;ETV5;GDA;CFAP43;INSC;S100A14;JDP2;CDK11A;MAP3K5;ARSG;AC004889.1;PLAC8;TRIL	0.00122277833808572	0.0132282565293712	0.0344799563703572	0.0514196989506272	35	200	standardized log10 mean-expression + standardized logit detection; no bins; no replacement within program	20260829	FALSE
GSE238264	RANDOM_288	PREX1;ENPP7;FILIP1;SNED1;UPP2;SYTL1;PRDM2;TUBE1;ETV6;LCN10;CD99L2;CXCR3;TM7SF3;PTOV1;SH3TC1;TGFBI;GSTZ1;CYP39A1;EPHA3;NAIP;FAM83H;XAF1;KPNA6;GPD1;SLC25A42;DNAH2;AL359091.5;CCDC71L;CCSER2;TNFRSF14-AS1;SCD5;SLFN12;TRAF1;CEP135;DLG5-AS1	0.000156279896466059	0.0074058784225206	0.0344799563703572	0.0514196989506272	35	200	standardized log10 mean-expression + standardized logit detection; no bins; no replacement within program	20260829	FALSE
GSE238264	RANDOM_289	ITPRIP;FMOD;GPX8;LINC01151;FILIP1L;EMILIN2;SLAMF8;HMGN5;STMN3;ASPHD2;COG3;HK3;SORBS3;LPGAT1;DGLUCY;ANPEP;PLPPR1;ESF1;TBC1D8B;AC020916.1;GPAT4;PLEKHA2;MTHFR;EPHA1;EEA1;SEC14L6;UPK1A-AS1;EFEMP1;C1orf162;ZNF564;SLC22A10;PIK3C2G;TMEM99;AREG;FRS3	0.0191018589878465	0.0182704832496195	0.0344799563703572	0.0514196989506272	35	200	standardized log10 mean-expression + standardized logit detection; no bins; no replacement within program	20260829	FALSE
GSE238264	RANDOM_290	DSE;GPC6;IL4I1;TEK;GZMK;CRTC1;C5AR1;ACTR3C;RANBP10;TSPOAP1-AS1;MUL1;SPNS2;BCL7C;KPNB1;CMTR2;ERRFI1;PPP1R3B;SLC15A3;OVGP1;ADAMTS13;PBLD;DNAJC12;AKAP7;RASGEF1B;ATM;CACNA1I;AC006027.1;PLOD2;VSIG4;SLCO2A1;GIMAP8;SUCLG2-AS1;REC8;FGF7;C16orf86	0.00951194280391588	0.0117518729453251	0.0344799563703572	0.0514196989506272	35	200	standardized log10 mean-expression + standardized logit detection; no bins; no replacement within program	20260829	FALSE
GSE238264	RANDOM_291	DEF6;BTN3A3;CXCL13;MYOF;IL18BP;NUBPL;FRZB;ITM2A;PTK2B;FOXC2;TP53I11;FCGR1B;PDHB;NINJ1;AQP11;SDF2L1;PCTP;EPS8L3;CHST1;MYO18A;OIP5-AS1;SLC15A3;CLN8;TTC9;ADAM17;AC051619.5;AL353150.1;ARRDC2;PALMD;PDGFD;MNDA;Z73420.1;FER;TAGAP;DNASE1L2	-0.00619956602726793	0.00801167406438603	0.0344799563703572	0.0514196989506272	35	200	standardized log10 mean-expression + standardized logit detection; no bins; no replacement within program	20260829	FALSE
GSE238264	RANDOM_292	PTPRU;MMD;SLC13A2;RELT;FNDC1;CWC25;IRF8;NFAT5;MTHFR;ACOT11;BABAM2;SIT1;CCNC;PROS1;DHDDS;RNASE4;PHYKPL;NEDD4;APOBEC3F;PTPRB;H6PD;GBP4;SGF29;ETV5;SEPTIN1;AL137798.1;AC125494.2;PLEKHO1;ARHGAP26;ABTB2;PPP1R1C;CCR2;C12orf4;ZNF518B;C16orf86	-0.00234284324734132	0.0118627856850287	0.0344799563703572	0.0514196989506272	35	200	standardized log10 mean-expression + standardized logit detection; no bins; no replacement within program	20260829	FALSE
GSE238264	RANDOM_293	SOCS2;NPL;SVEP1;HAPLN3;HIVEP2;AKAP7;CRHBP;GLIS2;OSTF1;MYOM2;ETFRF1;MSC-AS1;ELP2;F11R;EEPD1;NDUFAF8;MYADM;TUBB6;TBXA2R;ERC1;CCL14;PIGR;CLN8;UBA7;FHL1;SLC9B1;AC011472.4;CCDC88A;MEF2C;VAT1L;ZNF117;ZNF423;LMOD1;WDFY4;MID2	0.0128200055024407	0.0227611001020499	0.0344799563703572	0.0514196989506272	35	200	standardized log10 mean-expression + standardized logit detection; no bins; no replacement within program	20260829	FALSE
GSE238264	RANDOM_294	CDK18;ELF1;P2RX5;GIMAP1;MAN1C1;TNC;EVI2B;SCNN1D;NPL;SMPD3;MUL1;CLEC4A;MAPK1;LEPR;NOL8;LRG1;GBP2;PRKCZ;RGS9;C20orf204;DGAT2;CHD1;CNTLN;SLC2A3;CBLB;AL355472.3;AC021242.3;GBP1;IL2RG;TRAF3IP3;NUGGC;CARD11;MYOF;P2RY8;CHGA	0.0095086024281472	0.0181025186871044	0.0344799563703572	0.0514196989506272	35	200	standardized log10 mean-expression + standardized logit detection; no bins; no replacement within program	20260829	FALSE
GSE238264	RANDOM_295	PALMD;HPS5;TLR2;TRAF3IP3;LRRC3;RAB8B;ANK3;IL18BP;ALPL;RYR1;PDGFA;ABCB5;FAM168B;COPA;KANSL1-AS1;LBP;SP100;TAP2;SLC6A13;IL33;WARS;CORO7;MORC4;CFHR4;HECTD3;AC026367.2;LINC00702;NEMF;IL7R;ALPK2;SYTL2;CEP128;ZNF160;GPC4;AC034236.2	-0.00465214578653596	0.0235800282611726	0.0344799563703572	0.0514196989506272	35	200	standardized log10 mean-expression + standardized logit detection; no bins; no replacement within program	20260829	FALSE
GSE238264	RANDOM_296	SERTAD3;DPYSL3;OIT3;SNED1;APOBEC3C;FRYL;NUDT12;RASA2;HK1;ASPHD2;PLBD1;TNFRSF13C;FAM83H;CCNL2;LURAP1L;DDX3X;SESN3;CORO7;ASB9;CARD16;CTDNEP1;IFFO1;TYW3;CNTNAP3B;GDA;AL359091.5;AC022784.6;TCF4;VSIG4;MAP4K1;EMB;KRT17;AC026979.2;BCL2A1;GATA2	0.030788704926135	0.025176317241203	0.0344799563703572	0.0514196989506272	35	200	standardized log10 mean-expression + standardized logit detection; no bins; no replacement within program	20260829	FALSE
GSE238264	RANDOM_297	SMAD7;C1orf162;CDH11;WNK3;NAT2;CHSY1;CKMT2-AS1;ADAMTS10;MAP4K3-DT;TNNT2;ZNF316;HOXB-AS1;TMEM220;HIF1A;FHOD1;SNHG5;LRRC32;FLYWCH1;MEF2B;LUZP1;ACADM;ERBB2;FBLN2;FBLN5;FGL2;GAS6-DT;BACH1-IT2;SERPINE2;RNF166;CPLANE1;RRAD;KCNC3;CNN1;EDN1;BEX5	0.0216438078939809	0.0406234282415294	0.0344799563703572	0.0514196989506272	35	200	standardized log10 mean-expression + standardized logit detection; no bins; no replacement within program	20260829	FALSE
GSE238264	RANDOM_298	SGMS2;ABCC9;SSC5D;SAMD9L;MIR99AHG;SERTAD3;PLEKHA4;HTRA3;CALML4;GPR171;USP40;LGI2;FKBP4;SON;KANSL1-AS1;PSMB1;MKLN1;IER5L;TM6SF2;SEMA3B;SORBS3;FAAH;SLC6A2;MSR1;ARHGAP45;AP001627.1;NOMO3;LTBP2;SPOCK1;DOK2;AL354872.2;SLC66A1L;CLIC2;GPR143;AL109615.4	0.0160653197741294	0.0117959613975939	0.0344799563703572	0.0514196989506272	35	200	standardized log10 mean-expression + standardized logit detection; no bins; no replacement within program	20260829	FALSE
GSE238264	RANDOM_299	PRDM2;APOD;TMEM159;AC132872.1;MXRA5;CMTR2;SCN1B;GPRC5B;HPS5;HMCN2;RPF1;LRFN4;TEX264;KPNB1;RNF166;RAB1A;PHYKPL;ARHGEF26;ZNF584;PWWP2A;RTCB;DMXL2;ADRA2C;MME;SAMD4A;INSC;AL136295.2;ABCB4;IL7R;SLC7A7;F8;EFS;SDCBP2;NKX1-2;AC083862.3	0.0125636696916258	0.0181441036542826	0.0344799563703572	0.0514196989506272	35	200	standardized log10 mean-expression + standardized logit detection; no bins; no replacement within program	20260829	FALSE
GSE238264	RANDOM_300	TRNP1;LFNG;NPIPB15;BICC1;RCSD1;ZNF224;SIGLEC1;MAP7D3;RAC2;AC027279.1;SHOC2;FAT4;NAA60;APH1A;SZT2;H1FX;BIN1;MIER1;CLDN23;PFKP;DDX1;CD53;LEF1;EPM2AIP1;SLC41A2;PAN3-AS1;SOX8;MAP3K12;FGF2;RHOJ;GIMAP1;COL8A2;TRMT10B;FAM149A;ZNF440	0.0160891206760578	0.0118008018445905	0.0344799563703572	0.0514196989506272	35	200	standardized log10 mean-expression + standardized logit detection; no bins; no replacement within program	20260829	FALSE
GSE238264	RANDOM_301	C20orf204;PAQR7;LINC02428;NR1I2;CD27;CCDC159;MIS18BP1;NAT2;NPL;MYOM2;UTP11;EOMES;MRPS25;FLOT1;MIR1915HG;TECR;ANGEL1;UBE2E2;NUGGC;CIPC;PKN1;FGL2;ALS2CL;PLEKHA2;MICAL1;AL158064.1;NSMCE1-DT;SOX9-AS1;ITGAL;CPLANE1;AC026979.2;PTPN13;AL121899.1;OLR1;NKX3-1	0.0145114181353635	0.0129338184387056	0.0344799563703572	0.0514196989506272	35	200	standardized log10 mean-expression + standardized logit detection; no bins; no replacement within program	20260829	FALSE
GSE238264	RANDOM_302	ABCC9;CDK18;NR4A3;CETP;EVI2B;EMILIN2;GYG2;PLCB2;RB1;RHCG;PGAP3;NAALADL2;MRPL22;CMPK1;FRMD4B;CYC1;ARRDC2;SHF;SDCBP2;DNAJC16;EGLN1;SOCS3;MECP2;NFATC3;TTC9;SOX2-OT;NRG2;WLS;SLC23A1;NINJ2;CREB5;AC018653.3;CNEP1R1;MTRNR2L8;KIAA1324L	0.000428371639897767	0.0098978453283588	0.0344799563703572	0.0514196989506272	35	200	standardized log10 mean-expression + standardized logit detection; no bins; no replacement within program	20260829	FALSE
GSE238264	RANDOM_303	PALMD;SPOCK1;ADGRG7;BCO2;SPART;ROBO2;MINDY2;RASAL3;ITGAL;AL356056.1;TBC1D23;TNFAIP8L2;GNPTG;QDPR;LMBR1L;CD46;BRWD1;PIR;CHIT1;ZNHIT6;STAT6;GCC2;ZNF224;SLC41A2;SLC7A11;AC090617.3;LINC02361;PRELP;CCDC159;ORAI2;TBC1D8B;LINC02535;LRRK1;APOBR;ICA1L	8.24122390726354e-05	0.00588722705457209	0.0344799563703572	0.0514196989506272	35	200	standardized log10 mean-expression + standardized logit detection; no bins; no replacement within program	20260829	FALSE
GSE238264	RANDOM_304	DDX60;CCL4;FAM107A;SLCO3A1;TAF3;ADAMTS13;ASPG;ANGPTL6;GASK1B;MOV10L1;CEBPZOS;CCZ1B;MCM7;POLR2J;CREBRF;PPP1CA;RAD50;SLC25A30;IL27RA;NPL;TCIRG1;ABCA6;MPZ;BCL2L10;HLX;AC021242.3;CLCNKB;CTSK;DAPL1;ARAP2;FPR1;PAXIP1-AS2;AC026979.2;AC103591.3;ZNF497	0.0417057840521368	0.017673927062522	0.0344799563703572	0.0514196989506272	35	200	standardized log10 mean-expression + standardized logit detection; no bins; no replacement within program	20260829	FALSE
GSE238264	RANDOM_305	TBXAS1;S100A1;HS3ST2;CST7;APOBEC3C;MOSMO;PLA2G4C;FAS;SLC27A1;AC005520.2;MAFK;EOMES;TMEM245;RAB13;PLXDC2;UQCRFS1;AP1G1;IER5L;ZNF136;DNASE1L1;PSMD3;COPZ2;NR1D1;TTC9;SAMD4A;AC107294.2;AP001527.2;CFD;HEG1;SNED1;GPX8;CYP11A1;AFAP1;CD19;TMEM121	0.025297346159423	0.0148228198292241	0.0344799563703572	0.0514196989506272	35	200	standardized log10 mean-expression + standardized logit detection; no bins; no replacement within program	20260829	FALSE
GSE238264	RANDOM_306	RAB8B;S100P;TLR2;BPIFB2;IGSF6;ARHGAP26;NFAT5;MAP3K6;ELF1;PLPP4;SPHK2;GFRA2;GIPC1;CCNL2;LFNG;MTDH;AKAP12;PEAK1;DLEU2;ZNF268;CTDSP2;MATN2;KAT6B;CCDC152;EEA1;AC011468.5;AC009318.3;MYADM;ROBO2;DTX1;SHD;ZNF347;ENPP3;MMP1;LINC01315	0.000100103301618918	0.0209592663187168	0.0344799563703572	0.0514196989506272	35	200	standardized log10 mean-expression + standardized logit detection; no bins; no replacement within program	20260829	FALSE
GSE238264	RANDOM_307	ETV6;MICAL2;STAG3;IRF5;ACSS1;SASH1;BCL9L;SCNN1D;RAB34;CEP126;NOP14;SCTR;SCAMP2;CAPZB;DIS3;CSTB;UPP1;SNCG;IPP;OGFRL1;RAB5B;SEPTIN1;PHF11;HLX;CLIP4;GALNT5;AL031600.3;KRT23;ENPP7;SPON1;ZNF160;MEOX1;AC026979.2;SLC2A5;PPP1R32	0.0464762833303556	0.0317162297646396	0.0344799563703572	0.0514196989506272	35	200	standardized log10 mean-expression + standardized logit detection; no bins; no replacement within program	20260829	FALSE
GSE238264	RANDOM_308	RAB26;GASK1B;CRTAC1;MFAP2;PMEL;FBXW7;ITGA3;ADAP2;EEPD1;AC018816.1;FXYD6;GATA3;TCIRG1;TNFRSF1A;CMTR2;BGN;PIM1;TMEM204;TTBK2;CTNND2;MAN2C1;ZBTB48;ADCY9;SLC41A2;NEU4;LINC00702;AC009560.1;PHIP;MOGAT3;CHRDL1;BLK;ADORA3;AC092069.1;SFRP5;ZNF280C	0.00756474696676811	0.0379517244314451	0.0344799563703572	0.0514196989506272	35	200	standardized log10 mean-expression + standardized logit detection; no bins; no replacement within program	20260829	FALSE
GSE238264	RANDOM_309	FBLN2;JDP2;STAG3;CYP4F22;CCL25;NPHP3;EHD3;SKAP1;PPM1K;CLEC1A;MBD4;AL450384.2;SLC44A1;LAMB2;DGLUCY;CD46;PID1;UBE2E2;IL3RA;MORC3;LPCAT3;TGFBR3;EMILIN2;CYLD;ME1;SMC5-AS1;INSC;AKAP12;PALMD;AL354872.2;ARHGAP24;ADRA2A;CNEP1R1;TAGAP;C11orf98	0.0130415870169841	0.0172040797374685	0.0344799563703572	0.0514196989506272	35	200	standardized log10 mean-expression + standardized logit detection; no bins; no replacement within program	20260829	FALSE
GSE238264	RANDOM_310	APOBEC3C;AP004609.3;FPR1;TRABD2A;CASP1;GIMAP5;IRF8;PLCB2;SASH1;GLI1;OTUD6B-AS1;JSRP1;LGR4;AC007952.4;ITGAX;SNHG6;CD47;PIK3IP1;ZNF653;OGFRL1;GSPT1;SEPTIN1;CNTLN;UCHL1;BIRC3;AL121845.4;AL031600.3;CREBL2;AC022613.1;PSTPIP1;AC099508.1;AP001062.1;AC004233.2;HOPX;TOLLIP-AS1	0.036198556188516	0.0190456499289799	0.0344799563703572	0.0514196989506272	35	200	standardized log10 mean-expression + standardized logit detection; no bins; no replacement within program	20260829	FALSE
GSE238264	RANDOM_311	PLAUR;FRMD4B;B4GALNT1;CEP290;ACTG2;ANKRD44;KCNQ1OT1;FCN2;GCKR;AC007535.1;RPRD2;AC027117.1;CLK2;IARS2;TMTC3;EIF6;SNX10;MICALL2;TESK2;CCDC186;PIK3R1;PFKFB3;EMILIN2;RELB;STK4;BCDIN3D-AS1;AP001330.4;SLC46A3;PLEKHG2;CXCL6;CNN1;ZFHX2-AS1;LINC01116;NPIPB11;AC106876.1	0.00232114307232846	0.0156036303275958	0.0344799563703572	0.0514196989506272	35	200	standardized log10 mean-expression + standardized logit detection; no bins; no replacement within program	20260829	FALSE
GSE238264	RANDOM_312	ROBO2;WFDC2;TBXA2R;SNED1;ACKR1;PTPRB;SLC17A4;ADAP2;FBXW7;CD300LG;HIPK1;P2RY10;NTPCR;ENTPD5;MTAP;EI24;MGLL;VSTM4;SLIT3;CCDC32;NUBP2;SEPTIN1;CSF1;KLF12;PPP3R1;AC026801.2;AC107214.1;EHD2;TIPARP;LMOD1;OLFML2B;LRRC39;ODF2L;CCDC7;CDK20	0.01946974103021	0.0108947793813938	0.0344799563703572	0.0514196989506272	35	200	standardized log10 mean-expression + standardized logit detection; no bins; no replacement within program	20260829	FALSE
GSE238264	RANDOM_313	APBB1IP;BDP1;TMEM119;KLF7;RARRES1;ARID5B;SCNN1D;CMKLR1;GABPB1-AS1;TREH;NSD1;ANKRD36B;SZRD1;CCT6A;HK1;TECR;LIN7A;MLPH;ZMYM5;PLEKHG2;DDAH2;SLC25A42;NUBPL;XAF1;ADAM17;GASAL1;AC025048.2;ECHDC1;RAB26;AC245060.5;MNDA;ST6GAL2;COL8A1;KRT222;AC034236.2	0.0144598274299426	0.0205882040728147	0.0344799563703572	0.0514196989506272	35	200	standardized log10 mean-expression + standardized logit detection; no bins; no replacement within program	20260829	FALSE
GSE238264	RANDOM_314	PLCG2;MEGF6;TTBK2;AKT3;GPRC5B;GIMAP4;APOBEC3C;BTN2A2;MTRF1L;LGI3;CLK3;FCRLA;FUNDC2;MRPS16;BTN3A3;GJB1;CYP4F2;GRAMD2B;DCXR-DT;IL33;CXADR;PLIN1;CDC42EP3;CHD1;RUNX1;STEAP1B;AC017083.1;EMP1;PAIP2B;PLA2G7;TMTC1;SPATA18;ZNF117;IL2RB;RNF227	0.0181552148072223	0.0180308572669526	0.0344799563703572	0.0514196989506272	35	200	standardized log10 mean-expression + standardized logit detection; no bins; no replacement within program	20260829	FALSE
GSE238264	RANDOM_315	GYS2;CREBRF;MAP1A;BIN2;CD8A;LEF1;LILRB4;ATG4C;PLGLB2;CD1E;GPANK1;LRFN4;FUNDC2;RAB11B;S100PBP;ACSL1;DR1;CYP39A1;TREM2;AC020916.1;ARSA;PTF1A;NFATC2;SLC22A9;ME1;AC109347.1;AC120049.1;HEPACAM;DPT;TNFRSF14-AS1;DOCK10;NOD2;LINC01116;S1PR4;AL162253.2	0.00244855778943909	0.0116954166106324	0.0344799563703572	0.0514196989506272	35	200	standardized log10 mean-expression + standardized logit detection; no bins; no replacement within program	20260829	FALSE
GSE238264	RANDOM_316	ETV6;EMILIN2;MAP1A;FBXL20;GPRC5B;ILF3-DT;CASP8;PITX1;SESN2;LDLRAD1;USP40;BMPER;UQCC3;CAPZB;PDS5B;CDO1;SH3YL1;KCNK1;MYCT1;MTF2;NPLOC4;GMFG;CDC40;CNTNAP3B;FBXO2;AL031600.3;LDLRAD2;PLA2G1B;BASP1;ST8SIA4;PRSS8;CIDEC;SLC25A36;RIN1;FAAP24	0.0235160786030519	0.0171339466399938	0.0344799563703572	0.0514196989506272	35	200	standardized log10 mean-expression + standardized logit detection; no bins; no replacement within program	20260829	FALSE
GSE238264	RANDOM_317	PLA2G4C;RAB31;GLIS3;WAS;FABP3;SPTY2D1;PARP3;FRMD6;SSH1;TREH;FMO1;CCZ1B;ILVBL;RTN3;MIR1915HG;SLIRP;LPIN1;ZNF91;WDR54;PNPLA7;ITGAV;EPM2AIP1;TDGF1;MME;RNF20;AC107952.2;KCNK9;SULT1A2;SLFN5;CD209;ALOX5;BRCA2;F8;Z93930.2;SLC22A4	0.0393093847156	0.0233906650105669	0.0344799563703572	0.0514196989506272	35	200	standardized log10 mean-expression + standardized logit detection; no bins; no replacement within program	20260829	FALSE
GSE238264	RANDOM_318	FLI1;KRT19;BHLHE41;SPDEF;DEF6;ILF3-DT;SYNPO2;TMEM107;SNAI2;GPR182;SH3KBP1;DNAAF1;HNRNPH2;SLC38A4;AQP7;AHCY;SLC17A9;VPS35L;PDE1A;TMLHE;CXADR;MUSTN1;NPHP3;MXRA8;NLRP1;AC006027.1;AC024337.2;PEG3;PLEKHG2;ZNF160;BCAS4;EBI3;SMAD6;EGR2;CDK20	0.0186463231217622	0.0212671640915978	0.0344799563703572	0.0514196989506272	35	200	standardized log10 mean-expression + standardized logit detection; no bins; no replacement within program	20260829	FALSE
GSE238264	RANDOM_319	GPRIN3;STK17A;THSD7A;MUC6;GPR183;CLN8;RILPL2;ARHGAP9;CDHR2;ANKRD35;VAC14;TTN;MPRIP;TNFRSF1A;SNAPC3;ACAT1;DUSP9;ABCG5;OIT3;NAAA;TMEM45B;CPM;NFATC2;ELN;TUBB6;RXFP1;OR51E1;SPRR2F;JAML;STAMBPL1;CA14;GAB3;UBAP1L;SIGLEC10;AL359921.2	0.0236491037225753	0.021161429167076	0.0344799563703572	0.0514196989506272	35	200	standardized log10 mean-expression + standardized logit detection; no bins; no replacement within program	20260829	FALSE
GSE238264	RANDOM_320	ABCG1;ARID5B;SGCA;ERICH1;UPP2;DOCK5;RASSF5;RUNDC1;VSIG4;IL10RB-DT;CMIP;CCZ1B;SCRIB;CTSC;ARMCX6;VDAC1;EP300;PPP1R15A;SLIT3;RAB26;PKN1;CYP4A22;SESN2;ITPKC;EIF2B3;DNAH2;SMC5-AS1;SPRR2F;KPNA6;SH2D2A;LMOD1;ZDHHC19;SVEP1;HLA-DOB;ZFP69	0.00536351238584286	0.00468860974830651	0.0344799563703572	0.0514196989506272	35	200	standardized log10 mean-expression + standardized logit detection; no bins; no replacement within program	20260829	FALSE
GSE238264	RANDOM_321	DEF6;HLA-DOA;INPP4B;AC015917.2;KDM5D;ABCA7;HIVEP1;RASSF5;ARID4A;RNF165;CLCN5;TTN;MAP1LC3B;PPP1CC;TULP4;BGN;CAV2;FES;CPNE5;TRIM22;RTCB;CCDC88B;PIGV;UNC93A;ABCG5;AC099066.2;SMC5-AS1;EPB41;MEF2C;CARMN;PPP1R1C;ANKRD1;NTS;S100B;LMLN	0.0148206214522866	0.0385712169117416	0.0344799563703572	0.0514196989506272	35	200	standardized log10 mean-expression + standardized logit detection; no bins; no replacement within program	20260829	FALSE
GSE238264	RANDOM_322	SLC23A1;S100P;NBPF26;NCF4;GLIS2;RBM15;IFITM1;VIPR1;CMTR2;CRACR2A;ZNF148;HSH2D;BUD23;CNN3;SFI1;GJB1;WBP1L;REEP4;GDPGP1;NPL;RHOT2;IGF1;RGS10;EPM2AIP1;MAP1B;AC016575.1;LINC01238.1;CST1;NABP1;BICC1;PRSS8;CYP11A1;TMPRSS3;OLR1;SAMD12	0.0249659006976481	0.0213777032387354	0.0344799563703572	0.0514196989506272	35	200	standardized log10 mean-expression + standardized logit detection; no bins; no replacement within program	20260829	FALSE
GSE238264	RANDOM_323	SLFN5;AP004609.3;PCED1B;MOGAT2;FGFR2;LEF1;LOXL1;HIVEP2;ARID4A;NTSR2;METRNL;TMEM178A;SLC43A3;CLPTM1L;ZNF292;SAT2;KMT2E;CTXND1;SRGAP1;ETV6;ARSE;SLC22A9;DOCK5;SERPINB9;KLF12;AL137798.1;AC023024.1;EFEMP1;PTGIS;LRRK2;TREM2;CD1C;TM6SF2;SNAI1;ZNF608	-0.00591089147666061	0.0306092874926736	0.0344799563703572	0.0514196989506272	35	200	standardized log10 mean-expression + standardized logit detection; no bins; no replacement within program	20260829	FALSE
GSE238264	RANDOM_324	DPYSL3;TBC1D10C;NAALADL1;CDK11A;SCN1B;ADAMTS13;ITPKB;RNF135;CCSER2;TSNAXIP1;DBT;CDK11B;C7orf50;GSDMD;ZNF395;TOMM6;MVB12A;BAZ1A;IPP;ZCCHC8;UHMK1;ANGPTL2;LFNG;JAZF1;PIP4K2A;SPEF1;CSDC2;SLC25A18;NRP2;MRVI1;RLF;ACVR1C;RNASE2;SIGLEC10;DNAJB5	0.0062460005142573	0.0100491893663803	0.0344799563703572	0.0514196989506272	35	200	standardized log10 mean-expression + standardized logit detection; no bins; no replacement within program	20260829	FALSE
GSE238264	RANDOM_325	IRF2;CDC42EP3;CEP85L;ABCA9;IKZF1;EMILIN2;TNFRSF25;DBH;RHBDF2;AC027279.1;LAMA4;HSH2D;ABCB6;NINJ1;ENTPD4;PTBP1;JOSD2;MRTFB;CLEC4M;ABCA7;TAF15;RASGEF1B;SH3PXD2B;ATM;MAP1B;CAPN8;AP001330.4;LMO4;LFNG;RRAD;SCGB1D2;GPRC5A;RNF125;TACSTD2;SCUBE2	0.00377689428932539	0.0210292536660399	0.0344799563703572	0.0514196989506272	35	200	standardized log10 mean-expression + standardized logit detection; no bins; no replacement within program	20260829	FALSE
GSE238264	RANDOM_326	PTH1R;NMI;USP30-AS1;IRF5;FILIP1L;BCL2L11;TTLL3;MXRA5;GPR137B;MED14OS;FXYD6;CD8B;EIF2AK1;RTN3;ZNF385A;BAG6;RCN3;DPYD;MITF;PHKG1;DHRS2;AGXT2;PKD2;ADAMTS4;SLC7A11;AC009560.1;ADAMTS3;DHODH;TMEM161B-AS1;AC092069.1;LILRB3;GASK1A;IGSF23;TNRC6C-AS1;AC015912.3	-0.00146062224712001	0.0133571738408414	0.0344799563703572	0.0514196989506272	35	200	standardized log10 mean-expression + standardized logit detection; no bins; no replacement within program	20260829	FALSE
GSE238264	RANDOM_327	MOSMO;ADAMTS13;AC004687.1;MYO1G;MAN1C1;FAM53B;MYO7A;ART4;RAB34;GPR182;KRR1;SIGLEC9;BUD31;TSTD1;HPS5;CYC1;CD47;CCDC28A;ATP10D;ILF3-DT;GPAT4;CFHR4;MDFIC;ZSCAN31;CD58;KCNN1;LINC01144;CCDC3;SLFN5;ODF2L;DENND4C;PATL2;PFKFB1;TSLP;TOLLIP-AS1	0.0118460172174802	0.00157991648202921	0.0344799563703572	0.0514196989506272	35	200	standardized log10 mean-expression + standardized logit detection; no bins; no replacement within program	20260829	FALSE
GSE238264	RANDOM_328	ALPL;KAT6B;TMEM159;SAMD9L;TMC8;NPHP3;MSC;MINDY2;ZEB1;AC018755.4;PGAP3;CCZ1B;ATPAF1;HNRNPA0;SVIL;H1FX;SYBU;CD58;TFPI2;MYO18A;FOXN3;RGL1;MTHFR;ERBB2;MATN2;APOBEC3A;AL365272.1;SLC25A47;ARHGAP26;KPNA5;CCDC146;ZNF521;RASA3;SLC51B;DNAH5	0.0073362946093504	0.0206878155810706	0.0344799563703572	0.0514196989506272	35	200	standardized log10 mean-expression + standardized logit detection; no bins; no replacement within program	20260829	FALSE
GSE238264	RANDOM_329	PTK2B;GIMAP4;NBPF26;LY86;MYH11;CRTC1;RILPL2;CASP8;LIMK2;SIGLEC12;APOLD1;TTN;CRYL1;PTOV1;HLTF;SCARB1;CCDC88A;UBE2E2;TNFRSF6B;PHKG1;BRD4;FBLN5;MDFIC;SFN;HAL;AL137798.1;AC010542.2;GHRH;AC083841.1;MRVI1;CNN1;SPTBN5;VMO1;HAND2-AS1;TMEM151A	0.0257876090132723	0.0245634989427348	0.0344799563703572	0.0514196989506272	35	200	standardized log10 mean-expression + standardized logit detection; no bins; no replacement within program	20260829	FALSE
GSE238264	RANDOM_330	DDX60;AKNA;PTPRN2;HSPB2;ABI3;SPTY2D1;MINDY2;ANGPTL6;STK17A;AL021155.5;KAT8;CBFA2T3;BCL7C;HNRNPAB;STRADA;UGP2;ARSD;ZC3H7A;SLC6A13;DAPL1;CRK;SLC1A2;DRAM1;APBB3;SAMD4A;AC124283.1;SEPTIN4-AS1;NEMF;CD248;BPIFB2;DOCK10;AC006480.2;ENTPD2;RAI2;HYPK	0.0163885574269583	0.0150760672092563	0.0344799563703572	0.0514196989506272	35	200	standardized log10 mean-expression + standardized logit detection; no bins; no replacement within program	20260829	FALSE
GSE238264	RANDOM_331	NCKAP1L;DIAPH2;IL4I1;ORAI2;NAT2;CDK18;LILRB2;RUNDC1;GIMAP5;FHOD3;ETFRF1;CD22;PCCB;QDPR;VASH1;ACAT1;CD47;N4BP1;SLC6A13;LOX;YY1;LMCD1;LURAP1L;TRPM8;TBC1D24;UPK1A-AS1;AL031775.2;SESN3;BDP1;LYL1;ADAP1;MZF1-AS1;PRICKLE2;GZMH;CHGA	-0.00060417351184569	0.0121093896730816	0.0344799563703572	0.0514196989506272	35	200	standardized log10 mean-expression + standardized logit detection; no bins; no replacement within program	20260829	FALSE
GSE238264	RANDOM_332	TRNP1;CDC40;FILIP1;SLCO2A1;DSE;ATG16L2;PLEK2;GBP7;ENTPD1;SLC16A6;AP1G2;TRIM63;TOMM40;YWHAH;PLXNC1;HNRNPA3;ZHX1;MIER1;ASAH2;SGF29;SZRD1;CD53;ZNF780A;RBM27;MATN2;AL583856.2;ALLC;PLEKHO1;WFDC2;SASH3;VMO1;AC023157.3;AC004889.1;NKX1-2;KLC3	0.031028291319242	0.0148921972819002	0.0344799563703572	0.0514196989506272	35	200	standardized log10 mean-expression + standardized logit detection; no bins; no replacement within program	20260829	FALSE
GSE238264	RANDOM_333	GIMAP4;HIC1;LINC01702;CSF3R;SCNN1D;SLC27A1;TRNP1;RASAL3;CDC42EP3;NTNG2;CAVIN2;ELFN1;TOMM40;VPS51;NRP2;SNHG5;AKAP12;ABCA6;HEPH;RBP7;AP1B1;LTB;BDP1;COL14A1;CORO7;ALLC;AC036214.2;SP100;FBLN2;MYOF;SMAD6;LINC01197;GUCY1B1;ETV7;AC004241.1	0.0363645529305728	0.0268091018425386	0.0344799563703572	0.0514196989506272	35	200	standardized log10 mean-expression + standardized logit detection; no bins; no replacement within program	20260829	FALSE
GSE238264	RANDOM_334	CLEC2D;AC020916.1;DES;LYRM9;RETREG1;ZNF224;CCL25;IL18BP;ARID4A;TBX10;SLC35A3;TFEC;NELFCD;RETREG2;LURAP1L;MGAT1;SPOCK2;CTBS;AL139246.5;CSF1;THOP1;CLEC11A;MAMDC4;NSRP1;CD53;CACNA2D2;C6orf163;AKAP12;SKAP2;KCNC2;OSBPL5;CLVS2;SLC6A13;CILP;RNFT1-DT	0.0309603102922253	0.0118409705527965	0.0344799563703572	0.0514196989506272	35	200	standardized log10 mean-expression + standardized logit detection; no bins; no replacement within program	20260829	FALSE
GSE238264	RANDOM_335	RARRES1;IGFALS;MEMO1;GBP7;CWF19L2;ALPL;LTC4S;FCMR;KIAA2026;CLIC5;ZNF148;LGI2;ELAVL1;C4orf48;SVIL;MORF4L1;CDKN2A;NAV2;RSPH3;CHST12;RELN;GPD1;AP004609.3;IRF7;APOL3;AL031775.2;DLEC1;GAS6;CHSY1;HAPLN3;ODF2L;CLIC6;NOSTRIN;SNHG22;AC120053.1	0.0196162681436758	0.0258738668411323	0.0344799563703572	0.0514196989506272	35	200	standardized log10 mean-expression + standardized logit detection; no bins; no replacement within program	20260829	FALSE
GSE238264	RANDOM_336	TTLL3;ELF1;CD38;LONRF1;IYD;PLGLB2;PARVG;AGO3;SESN2;MATN1-AS1;MIIP;GPR65;TOMM40;GOLT1A;RAB33B;TRAM1;F11;DENND5B;LPL;ZCCHC8;ATP2B4;SERTAD1;ZEB1;ISLR;FCGR2A;LINC00702;OR51E1;RND3;KPNA6;BICC1;ITGB2-AS1;SUCLG2-AS1;RAB37;SNAI1;DNAH5	0.0270408835122293	0.00900796175302965	0.0344799563703572	0.0514196989506272	35	200	standardized log10 mean-expression + standardized logit detection; no bins; no replacement within program	20260829	FALSE
GSE238264	RANDOM_337	SMAD7;BCL2L11;SRGAP1;LRRK1;FILIP1L;CHSY1;FMNL1;DENND3;SLC1A3;CRISPLD1;SEH1L;BTK;CD320;SUCLG2;NOL8;EIF4G1;PARVB;MTHFD2;GATA6-AS1;GALNT10;ABCD3;XPO7;GABPB1-AS1;SERPINI2;CD53;AC023813.3;LINC02340;AL031058.1;PLEKHG2;SPDEF;TLR2;PTPN13;ANKRD26;SNX20;ICA1L	0.0124731558627464	0.0114749715398588	0.0344799563703572	0.0514196989506272	35	200	standardized log10 mean-expression + standardized logit detection; no bins; no replacement within program	20260829	FALSE
GSE238264	RANDOM_338	GYS2;HPGD;ZMAT1;ID4;PLCG2;TDGF1;TMEM107;AP4B1;AMOTL1;IL10RB-DT;EXOSC10;CLEC4A;LGR4;SUCLG2;RAPGEF2;ATP5MC1;PRKD2;HIP1;MYCT1;WDR7;ABCB6;ERBB2;CRTC1;MPP1;FBXO2;AC021242.3;LDLRAD2;MBL2;ANKFN1;SLC2A4;GRAP;ZNF831;PFKFB1;EPB41L4A;CHSY3	0.00614376305421183	0.00450299898063231	0.0344799563703572	0.0514196989506272	35	200	standardized log10 mean-expression + standardized logit detection; no bins; no replacement within program	20260829	FALSE
GSE238264	RANDOM_339	DPYSL3;CNTLN;ASAH2;TNFSF13B;CCL25;NPL;MAN1C1;ARHGAP9;ADGRA2;CX3CR1;CD99L2;NMRK2;EHBP1L1;SUCLG2;ZNF292;SDHC;LCP1;AOC3;NXPE3;TMEM8B;RELN;FCGR2A;NPHP3;MACROD1;EPS8L3;NOMO3;UXT-AS1;TNXB;NABP1;DENND6B;UBAP1L;ADORA3;RMRP;CEP112;MAPK4	0.0140012328024145	0.00801103779267271	0.0344799563703572	0.0514196989506272	35	200	standardized log10 mean-expression + standardized logit detection; no bins; no replacement within program	20260829	FALSE
GSE238264	RANDOM_340	SATB1;ACMSD;SAMD11;LY86;MYO7A;MTHFR;CYTH4;ADAMTS10;DEPDC7;AC017104.1;LZIC;CNFN;TOMM70;SON;YTHDC2;C19orf53;SH3BP2;ANXA9;CLIP3;GPC6;TMEM45B;C2CD2;PTK2B;PART1;SERPINB9;C6orf163;UPK1A-AS1;TCEAL8;ENPP7;MARCH1;ABI3BP;CCL8;ARHGAP24;CALHM2;RNFT2	0.00557521254400686	0.0137615107668964	0.0344799563703572	0.0514196989506272	35	200	standardized log10 mean-expression + standardized logit detection; no bins; no replacement within program	20260829	FALSE
GSE238264	RANDOM_341	KCNAB2;MOGAT3;CPXM2;LINC-PINT;HSPB8;IL2RG;NFAT5;DBH;TIPARP;PRKCQ-AS1;PGBD5;SYTL3;AGPAT1;HEXA;RAB34;INSIG1;RBBP6;CD58;GUCY1A1;GARS-DT;ABCD3;CCND2;GPR137B;TNS2;SLC17A2;BCDIN3D-AS1;CACNA2D2;SLC46A3;TBC1D10C;LYL1;RLF;ZNF831;RNF125;SNHG18;CDH22	0.00487651018015826	0.00542947648000964	0.0344799563703572	0.0514196989506272	35	200	standardized log10 mean-expression + standardized logit detection; no bins; no replacement within program	20260829	FALSE
GSE238264	RANDOM_342	SGMS2;DIAPH2;LRRC25;PAX8-AS1;RARRES1;UBXN11;NAT2;TMC8;FRMD4B;FAR2;RPRD2;SIT1;HSD17B8;RAB11B;RSPRY1;LRP1;SPAG9;CSRNP1;PRSS8;IL33;ACADM;CPM;SGF29;ADAMTS4;RNF20;CAPN8;AC087752.3;TRIM16L;CLEC2B;NINJ2;TMEM99;TBC1D8;TM6SF2;FAM149A;LGSN	0.0207946521811234	0.010058298879094	0.0344799563703572	0.0514196989506272	35	200	standardized log10 mean-expression + standardized logit detection; no bins; no replacement within program	20260829	FALSE
GSE238264	RANDOM_343	NPL;CNTLN;POU2F2;MUC6;MYH11;LOX;AHI1;ESCO1;C3AR1;ACOT11;PDLIM3;RGS4;FBXO7;LEPR;STMN3;CYB5R3;PHIP;GALNS;GIMAP8;PTPN14;AKR7A2;TENT5A;SASH1;MPEG1;CAPN5;GASAL1;FKBP6;WIPF1;CD248;PRICKLE2;CLIC2;RASGRP1;ALOX5;DACT1;TMEM151A	0.0111759789893482	0.0297112871590006	0.0344799563703572	0.0514196989506272	35	200	standardized log10 mean-expression + standardized logit detection; no bins; no replacement within program	20260829	FALSE
GSE238264	RANDOM_344	CD40;GIMAP5;LINC02428;AVPR1A;FMNL1;CHSY1;FMNL3;SLC17A4;SPHK1;ASB2;CALCOCO1;GSPT2;ERO1B;ATP6V0D1;SNHG12;PTGR1;PITHD1;LHFPL2;ADAP1;SMAD7;CCL14;ERBB2;OSTF1;PTP4A3;SRD5A2;AC021242.3;RXFP1;SRRM1;BASP1;NEXN;SDCBP2;AC114291.1;IRF5;SNX20;AC004241.1	0.00807489122897304	0.0146779799747632	0.0344799563703572	0.0514196989506272	35	200	standardized log10 mean-expression + standardized logit detection; no bins; no replacement within program	20260829	FALSE
GSE238264	RANDOM_345	C5orf66;SPOCK1;EBF1;ABCC1;PDGFRA;HECA;CYTH4;KCNQ1OT1;MLH3;PTGES;FAM204A;TNFAIP8L3;BUD31;ACTA2;MOGAT3;CYC1;DHRS1;CHD6;IGSF9;SLC23A1;MTSS1;GDA;LATS1;MRC1;SNAPC4;AC098820.3;AC099066.2;GPLD1;ARID4A;APOBEC3G;CHRDL1;ANKRD23;IRF5;FGF21;ZNF619	0.0153329614458075	0.020102259780943	0.0344799563703572	0.0514196989506272	35	200	standardized log10 mean-expression + standardized logit detection; no bins; no replacement within program	20260829	FALSE
GSE238264	RANDOM_346	DENND2D;CREBRF;CDA;SLCO3A1;CCDC198;C3AR1;TCEAL3;TRIM52;VSIG4;AQP5;C15orf39;MEDAG;PRKACA;PTOV1;MAP4K3-DT;LRG1;SORBS1;FHL1;DSEL;AC018521.5;ZYX;IFFO1;SLC22A18AS;PPP1R9B;DNAJC12;LINC02361;AC006449.5;CCDC88A;LFNG;SLFN11;NTS;PRND;RRAD;CACNA1C;SATB2-AS1	0.00762840689249687	0.0217354318986836	0.0344799563703572	0.0514196989506272	35	200	standardized log10 mean-expression + standardized logit detection; no bins; no replacement within program	20260829	FALSE
GSE238264	RANDOM_347	SUSD2;NMI;ITGB2-AS1;BPIFB2;FNDC1;CUEDC1;TNFAIP8;JAM3;GNB4;CLEC1A;BOLA2;CBFA2T3;R3HDM4;TGM2;MED12;MAOA;SYNPO;ELL;FZD8;PTPN14;NT5DC2;COL15A1;LDB2;SFN;STK4;CLCNKB;SPEF1;MGLL;ARID4A;CDH23;NBPF14;HIF3A;SLC3A1;AMPD3;ZNF165	0.0136138309170827	0.0238989185107386	0.0344799563703572	0.0514196989506272	35	200	standardized log10 mean-expression + standardized logit detection; no bins; no replacement within program	20260829	FALSE
GSE238264	RANDOM_348	APBB1IP;RAB31;RCAN2;CD86;ACTG2;RBP7;GNG2;CFP;MARVELD1;FAM43B;HERC1;AC104083.1;ZNF593;ANXA7;RAB34;TMCO1;DLC1;CORO7;IGSF9;PIK3CA;BCL7C;FHL1;ARHGAP26;INHBE;ANXA9;AP001330.4;C21orf62-AS1;FBXO17;CEP170;ALOX5;LMOD1;CYP2S1;AC245060.5;OGN;AL080317.2	0.038386821515831	0.0128630511087556	0.0344799563703572	0.0514196989506272	35	200	standardized log10 mean-expression + standardized logit detection; no bins; no replacement within program	20260829	FALSE
GSE238264	RANDOM_349	TRNP1;FRMD4B;TUBB4A;AC021054.1;MYO7A;LPAR6;APOBEC3C;LMO2;SAP25;TPPP2;RASSF1;HSH2D;NTPCR;SUCLG2;USP6NL;RNASE4;FYTTD1;ERAP2;COX6A2;GPRIN3;PREB;KRT7;PAN3;ADAMTS1;ANTXR2;AP001462.1;TFAP2A;EHD2;BDP1;ABTB2;DOCK10;AC009093.6;DCLRE1C;CR1;CBWD3	0.0105650449307146	0.0112198745187901	0.0344799563703572	0.0514196989506272	35	200	standardized log10 mean-expression + standardized logit detection; no bins; no replacement within program	20260829	FALSE
GSE238264	RANDOM_350	CELF2;EEPD1;IL4I1;SRPX2;LAMA2;SPTY2D1;MUC1;IL1R2;MMD;FIRRE;NFATC2IP;GBGT1;MRPS11;ANP32B;JAML;TMED2;SERPINE2;MCTP1;RSPH3;CIPC;FAM234A;COPZ2;PITPNM2;MPP1;HCST;ATP8A2;TECTA;FOSL2;PRKCH;DOK2;FPR1;SCARNA9;DENND4C;PLAC8;CEP55	0.0324865085873724	0.0155423221328916	0.0344799563703572	0.0514196989506272	35	200	standardized log10 mean-expression + standardized logit detection; no bins; no replacement within program	20260829	FALSE
GSE238264	RANDOM_351	SLC27A1;TFF2;USP30-AS1;TGFB3;FRMD6;ENTPD1;DEF6;SKAP1;GCKR;NTSR2;SH3BP5;PTGS2;GAK;ARF4;AP004609.3;MTCH1;BCHE;ITSN1;PALM3;HIC1;CRK;RUNX1;NMI;DNAJC12;MMP11;C1GALT1C1L;TGM1;EHD2;FBLN2;LY86;CNEP1R1;TRABD2B;THRSP;EGFLAM;TMCC1-AS1	0.0345042832219426	0.0225425493020412	0.0344799563703572	0.0514196989506272	35	200	standardized log10 mean-expression + standardized logit detection; no bins; no replacement within program	20260829	FALSE
GSE238264	RANDOM_352	PODN;SLC23A1;MOB3B;BCO2;HIVEP2;RBKS;IFT57;ZMYM6;DAPL1;CLIC5;RPF1;NMRK2;TRIP12;CAPZB;UGT2A3;PPP1R14B;LARP7;IFFO1;BCAS4;IGSF1;PLXND1;XAF1;ENTPD1;PYCARD;GOPC;AL034374.1;MANEA-DT;CSF1R;TBXAS1;CALHM6;OSBPL5;AL139260.1;SLC19A3;ZNF518B;PDE11A	0.0249606439106917	0.0300001392380886	0.0344799563703572	0.0514196989506272	35	200	standardized log10 mean-expression + standardized logit detection; no bins; no replacement within program	20260829	FALSE
GSE238264	RANDOM_353	SOCS2;ABCC9;CPXM1;ZNF267;CASP1;SLC27A1;TCEAL3;ARHGAP9;ARID4A;CPA3;KRAS;IL21R;CHCHD5;RNH1;USP6NL;SND1;MAP3K12;HLA-DRB5;OTOA;CHIC2;ATP2B4;IGF1;DOCK5;FBXO2;FOLR2;INSC;AC132938.1;LTBP2;ZBTB20;ADSSL1;LINC01116;GRAP2;MOXD1;TAGAP;DNMT3B	0.0274265001862172	0.0134299829426776	0.0344799563703572	0.0514196989506272	35	200	standardized log10 mean-expression + standardized logit detection; no bins; no replacement within program	20260829	FALSE
GSE238264	RANDOM_354	APOD;PAQR7;CCN5;FAM99A;MYO7A;ARHGAP26;GYS1;PLCB2;CDC40;GTF2H2C;RNMT;TIMD4;FBXO7;RAB1B;SLC2A10;C9orf16;ATP2B1;PPP3R1;ADAP1;LTN1;GPAT4;IL10RA;GPR137B;GCH1;AOC3;AC004847.1;MYO15A;PRELP;CDK18;LINC02716;NDRG4;SUCLG2-AS1;AC099508.1;AC009974.1;ZNF701	0.0439622664876294	0.0220450355766518	0.0344799563703572	0.0514196989506272	35	200	standardized log10 mean-expression + standardized logit detection; no bins; no replacement within program	20260829	FALSE
GSE238264	RANDOM_355	CCDC186;DAPK2;ASAH2;PSTPIP1;MALL;ENDOD1;CD48;MYO5A;CDC42EP3;CPA3;STX7;LINC01503;SPR;PSMB2;MAP4K3-DT;CSNK2B;TEAD1;CHMP7;CSGALNACT1;SNN;DGAT2;SLC2A3;NEIL2;ABCA6;LMF1;STRC;ALLC;TRIM16L;ANKFN1;MIR193BHG;SAMSN1;AC087564.1;FAP;CD19;ZNF41	0.0265669208957811	0.0105369323079485	0.0344799563703572	0.0514196989506272	35	200	standardized log10 mean-expression + standardized logit detection; no bins; no replacement within program	20260829	FALSE
GSE238264	RANDOM_356	PTH1R;RND1;LPL;LMOD1;COLEC10;AC022613.1;DNM1;CASP1;ST6GALNAC4;TMEM71;HIPK1;BMPER;FAM83H;ALG3;NABP1;TOMM6;TNKS2;VPS9D1;SLC28A1;SAP25;DHRS2;IL10RA;SPTLC3;SRD5A2;ELP3;AC022784.6;AC006027.1;HCLS1;NRP2;RUNX3;KCNE4;ZNF430;ARHGAP10;CARD9;AC034236.2	0.00793265682185399	0.023854596147384	0.0344799563703572	0.0514196989506272	35	200	standardized log10 mean-expression + standardized logit detection; no bins; no replacement within program	20260829	FALSE
GSE238264	RANDOM_357	S100A8;OSMR;ARHGAP31;FCGR2B;MUC1;LIFR;ASPG;ALDH3B1;FGFR1OP2;LINC02388;VSNL1;GSPT2;MRPS35;ADIPOR1;CCDC159;SELENOH;TMED3;SDCCAG8;EML1;C20orf204;DHRS2;CLEC11A;ABCA7;TENT5A;XDH;AC008764.6;LINC01144;GAS6;ZEB1;IKZF3;AL354872.2;LINC01488;F8;PLAC8;TENM2	0.0368247413341942	0.0110599480311929	0.0344799563703572	0.0514196989506272	35	200	standardized log10 mean-expression + standardized logit detection; no bins; no replacement within program	20260829	FALSE
GSE238264	RANDOM_358	DEF6;PIM2;ITPR3;FCGR1A;MYO5A;KRT19;NCKAP1L;IRF8;DOCK5;AHNAK2;NPC1L1;FAM234B;CCT2;STAU1;STK10;RAMP1;STX16;TSHZ2;IPP;PIK3CA;CNN2;PPP1R12A;TBXAS1;R3HCC1;PIP4K2A;KCNN1;TFAP2A;CCKBR;AP004609.3;PDE4D;FPR1;MILR1;COL8A1;L3MBTL3;ZNF608	0.0178833305826861	0.0229509146815803	0.0344799563703572	0.0514196989506272	35	200	standardized log10 mean-expression + standardized logit detection; no bins; no replacement within program	20260829	FALSE
GSE238264	RANDOM_359	CXCL14;CCDC159;RHOH;BICC1;MMP19;CHSY1;MUC1;ATG4C;RAC2;AKAP5;FAM204A;SPRN;KEAP1;FLNA;UFSP2;GLMP;LINC00844;BAZ1A;RTN4RL1;HLA-DOA;GAA;XPNPEP2;ETV6;GCC2;PLEKHA2;ZNF578;CAPN8;SPOCK2;ABCC9;BIN2;LINC02716;ZG16B;ARHGAP10;TMCC3;ZNF497	0.0502949147662915	0.0205635132050147	0.0344799563703572	0.0514196989506272	35	200	standardized log10 mean-expression + standardized logit detection; no bins; no replacement within program	20260829	FALSE
GSE238264	RANDOM_360	SATB1;CCDC159;DES;CPED1;ACSS1;CDC42EP3;FRY;JAM3;CHSY1;HAPLN4;APOLD1;MORN1;TRIM44;DANCR;NUP93;RNF187;SMCHD1;PPP1R15A;TM6SF2;PWWP2A;GRB2;DNAJC12;VWA8;RUNX1;HLX;IFNG-AS1;AC137630.4;TNFAIP2;ENDOD1;SRPX2;UPK3A;CEP128;DDO;RAI2;PLK4	0.0247745626637052	0.0163522911635087	0.0344799563703572	0.0514196989506272	35	200	standardized log10 mean-expression + standardized logit detection; no bins; no replacement within program	20260829	FALSE
GSE238264	RANDOM_361	SYT7;COL16A1;PTPN7;LPA;DOCK8;ROBO2;EME2;IGF2BP1;CA4;BANK1;KDM4B;OSBPL10;ACSL3;RNH1;SLC17A3;CD46;IQGAP1;BAG3;ZNF653;TNRC6C;DGAT2;TSPYL2;RGS10;SHISA4;PURA;AL606970.1;AC021037.1;PLEKHO1;PRKCH;AC092069.1;GRAP;MILR1;RHOJ;SLC16A4;ICA1L	0.00602912474100646	0.0175594000716127	0.0344799563703572	0.0514196989506272	35	200	standardized log10 mean-expression + standardized logit detection; no bins; no replacement within program	20260829	FALSE
GSE238264	RANDOM_362	NCKAP1L;IL7R;LRRC8C;CLEC4G;GPR183;PITPNM2;SPART;ALG1L;BBX;DOK7;RUFY1;WFDC1;EIF2AK1;C6orf62;THBS3;UGP2;SF3A3;EPDR1;GAS7;CCDC22;MAP1LC3A;JAZF1;GPRIN3;HLX;ZCCHC2;AL732509.1;AL031775.2;TRIM16;CSF1;PRICKLE2;OASL;AL022328.3;NBPF14;SFRP5;AC106876.1	0.00345840604634064	0.0182059800902592	0.0344799563703572	0.0514196989506272	35	200	standardized log10 mean-expression + standardized logit detection; no bins; no replacement within program	20260829	FALSE
GSE238264	RANDOM_363	SLA;PPP1R12B;BATF;CCN4;ALOX5AP;TYW3;MYO7A;PLCB2;ZNF224;GLI2;EIF2AK2;TMEM178A;GAK;GCSH;LMBR1L;INSIG1;PHKB;RAMP3;RSPH3;NGEF;FAM234A;CCL18;FRMD4A;TNFRSF11B;CAPN5;UPK1A-AS1;SOX8;SESN3;RANBP10;TOR4A;TFF1;POMZP3;TM6SF2;CCDC144A;ABCB9	0.0043082157591913	0.015439351750085	0.0344799563703572	0.0514196989506272	35	200	standardized log10 mean-expression + standardized logit detection; no bins; no replacement within program	20260829	FALSE
GSE238264	RANDOM_364	THEMIS2;GABPB1-AS1;PTPRN2;LINC01151;GLIS2;SEMA3B;SLC17A4;MAP3K6;SPHK1;GPR150;MPHOSPH10;P2RY10;RHOBTB3;CXXC5;CSTF2T;COL6A1;EP300;TGFB1I1;MEMO1;CLEC2D;CADM1;ABCA8;RWDD3;CPM;TMF1;NRG2;AL732509.1;USP8;EMILIN2;ITGB7;PCED1B;LAYN;NOSTRIN;CARD9;AL109615.4	0.0265006437562247	0.0175013337567661	0.0344799563703572	0.0514196989506272	35	200	standardized log10 mean-expression + standardized logit detection; no bins; no replacement within program	20260829	FALSE
GSE238264	RANDOM_365	SULF1;LURAP1L;NUGGC;FCN1;PDGFRA;SESN2;PARP3;IGSF6;NOC3L;RHCG;MARK4;TM6SF1;PFDN6;STMN1;ZNF395;ACAA1;PPP1R18;TMEM45A;ACADL;HECA;TLCD4;XPO7;CLEC2B;HAO2;PARP6;AC105446.1;HIST1H3D;DNASE1L3;RND1;CPLANE1;CD69;DAB1;SOX6;WDFY4;NKX3-1	-0.00348047369096221	0.0121953008702089	0.0344799563703572	0.0514196989506272	35	200	standardized log10 mean-expression + standardized logit detection; no bins; no replacement within program	20260829	FALSE
GSE238264	RANDOM_366	ZBTB20;ETNPPL;PTPRN2;SPDEF;SIGLEC1;ATG16L2;PARP8;OXER1;NFATC2;TBX10;TMEM47;GZMM;PRPF6;FH;MDFIC;MTCH1;TMCC1;GPR155;GIMAP2;SNTB2;MIDN;ZBTB16;TNC;MPP1;MAP1B;AP001330.4;AL590133.1;SYBU;THBD;CTHRC1;PALM3;MEIS3;LINC02716;SLIT2;SLC35E4	0.00324133246007266	0.00607888324122675	0.0344799563703572	0.0514196989506272	35	200	standardized log10 mean-expression + standardized logit detection; no bins; no replacement within program	20260829	FALSE
GSE238264	RANDOM_367	SERTAD3;C1orf162;MNDA;CYP4F22;CST7;ACMSD;ACSS1;LILRB5;OSMR;COL9A3;PLEKHM2;ALDH1L2;GRB2;THBS1;NUP93;SDF4;PPP1R18;TAPBPL;OVGP1;CCDC22;TAF15;FLCN;CALML4;SLC7A11;GOPC;AC132938.1;AC106820.3;F11;BASP1;SRPX2;PTPN7;MEOX1;TM6SF2;SLC37A2;RNF227	0.0165616228036505	0.00839086543644813	0.0344799563703572	0.0514196989506272	35	200	standardized log10 mean-expression + standardized logit detection; no bins; no replacement within program	20260829	FALSE
GSE238264	RANDOM_368	ENPP7;DPYSL3;ITPR3;MAP4K1;SRPX;ZBTB43;APOBEC3C;IL15RA;BTN3A3;AQP5;TBC1D2B;SCTR;AGPAT1;TOMM5;C1orf52;H2AFZ;PGGHG;STK35;MOB3B;MORC3;PDK4;ZBTB16;ARHGAP26;KMT2A;HDAC7;MANEA-DT;DNAH2;LGALS2;NRP2;RMRP;SHD;MZF1-AS1;DOCK11;SIGLEC10;LINC01569	0.023086493034336	0.0193243170762253	0.0344799563703572	0.0514196989506272	35	200	standardized log10 mean-expression + standardized logit detection; no bins; no replacement within program	20260829	FALSE
GSE238264	RANDOM_369	GNB4;MDFIC;STAG3;FPR3;DOCK8;KPNA6;PODN;AP4B1;RBP7;C9orf152;NUDT14;FOXF1;DMAC1;SPTAN1;CALML4;C9orf16;MCAM;SLC15A3;LINC02428;PLEK;COPB2;DNAJC12;RANBP10;SLC1A2;MEGF9;RXFP1;UPK1A-AS1;IL1RAP;MEGF6;CPLANE1;NTS;SIRPG;ARHGAP15;CCL3L1;SNURF	0.000731699710166924	0.0213359840132276	0.0344799563703572	0.0514196989506272	35	200	standardized log10 mean-expression + standardized logit detection; no bins; no replacement within program	20260829	FALSE
GSE238264	RANDOM_370	CRHBP;SAP25;PROCR;AC068888.1;ACSS1;THEMIS2;TTLL3;ACOT4;MICAL2;ZNF215;TP53INP2;MDFI;TCIRG1;NAPA;CDK3;MAOA;SLC6A1;BCAS3;TGM3;IFI44;MXRA7;PPP1R12A;NEIL2;PCDH1;ARL4C;AC016074.2;AC105446.1;TNFAIP2;INPP5D;BICC1;SLC22A10;TRERF1;NTS;CHN1;C16orf86	0.0210738445360387	0.0216352047039231	0.0344799563703572	0.0514196989506272	35	200	standardized log10 mean-expression + standardized logit detection; no bins; no replacement within program	20260829	FALSE
GSE238264	RANDOM_371	PLCG2;ROBO2;PALM3;COL8A1;ITM2A;MAMDC4;FGD3;EXOC6B;CDC42EP3;C3orf67;CD99L2;MIR29B2CHG;DHX30;HMGN1;HPGD;PGAM1;GBP2;CYP39A1;B4GALNT1;ABR;WNK1;ZYG11B;SPHK1;MATN2;EPS8L3;AF001548.2;RXFP1;TNFAIP2;RGS10;SYDE1;ITGB2-AS1;MZF1-AS1;PPP1R1C;PCDH9;AC010894.2	0.0112081099308301	0.0116320696289359	0.0344799563703572	0.0514196989506272	35	200	standardized log10 mean-expression + standardized logit detection; no bins; no replacement within program	20260829	FALSE
GSE238264	RANDOM_372	HIC1;CNTLN;NPIPB15;HCK;DBH;LEF1;EPHA2;IKZF1;CDC42EP3;ASIC3;FAF1;MIR3936HG;PDE4DIP;HNRNPAB;SLC9A8;EMC10;KLHL21;CREB1;SPIB;FAM153CP;AP1M1;XPNPEP2;SH3PXD2B;NDN;MACROD1;ATP8A2;LDLRAD2;AKR1D1;CCDC91;FER;CA14;SGCD;OSBPL5;GFPT2;DLX6-AS1	0.0144490565402052	0.0130373603412048	0.0344799563703572	0.0514196989506272	35	200	standardized log10 mean-expression + standardized logit detection; no bins; no replacement within program	20260829	FALSE
GSE238264	RANDOM_373	PLA2G4C;DGKA;CRYBG3;MFNG;COMP;WDR7;FRMD6;ACTR3C;MTHFR;PKD2L1;CAP2;TIMD4;WNK1;TDO2;DHX37;CTSH;FLRT2;ZC3H7A;IGF2BP3;AC018521.5;CYB5B;STK4;SYTL1;CA2;ABRACL;DUSP26;SPAG8;MT1H;HPGD;MRVI1;CLEC7A;CEP128;IRF5;BCL11B;AC116913.1	0.0133170345825859	0.0164620363582334	0.0344799563703572	0.0514196989506272	35	200	standardized log10 mean-expression + standardized logit detection; no bins; no replacement within program	20260829	FALSE
GSE238264	RANDOM_374	TBC1D10C;BTN3A3;GPM6A;PPL;PIK3CD;ABCA7;GBP3;RCSD1;RHBDF2;RNF165;BOLA2;LGI2;CTDNEP1;PLXNB1;SZT2;SND1;PHKB;AC012065.3;LINC01702;NMI;GPS2;SFN;DRAM1;TNFRSF11B;SLC25A42;CFAP43;AC125494.2;TRBC1;GPSM3;IKZF3;ZG16;POMZP3;DDO;CNDP1;AC010894.2	0.0540884346819078	0.0215918589715527	0.0344799563703572	0.0514196989506272	35	200	standardized log10 mean-expression + standardized logit detection; no bins; no replacement within program	20260829	FALSE
GSE238264	RANDOM_375	RBP7;ROBO2;LINC01137;UPP2;FCN2;GIMAP5;AOAH;HIVEP2;ETNPPL;AKAP5;PHLDB2;CD8B;FBXL5;CTSL;RTN4RL2;VCP;PIM1;PDK1;ZNF500;KRCC1;ARL2;ADAMTS2;ECSCR;ISLR;UNC93A;AL022341.1;CAPN8;RBMS1;EMILIN2;PI15;RMRP;LINC01370;RSPH3;AC027682.6;PRDM16	0.0242973532602475	0.0161836776089321	0.0344799563703572	0.0514196989506272	35	200	standardized log10 mean-expression + standardized logit detection; no bins; no replacement within program	20260829	FALSE
GSE238264	RANDOM_376	RAB26;INHBA;TSPEAR-AS2;CRLF3;SIGLEC1;TBC1D10A;LTB4R;EIF4E3;KAT6B;LINC02028;C1QTNF6;AC027117.1;TIMM50;MRPS16;DHDDS;EBP;CYTOR;PIK3C3;CARF;CSGALNACT2;EMP2;SERPINB9;CDC40;AC104461.1;RSF1;KIAA0825;NOMO3;ABCB4;ARHGAP26;TMEM86A;CPNE5;TNFRSF11A;F8;ALDH1A3;TRAM1L1	-0.00750955992667119	0.00448327071958831	0.0344799563703572	0.0514196989506272	35	200	standardized log10 mean-expression + standardized logit detection; no bins; no replacement within program	20260829	FALSE
GSE238264	RANDOM_377	LOXL1;FBXW7;SLC9A1;LINC02716;SIGLEC1;GPRIN3;LXN;GLIS2;ITGAX;HBD;KAT8;CLEC1B;NUDT4;PNRC1;ZNF385A;PSMA7;MUC13;ABCG5;CA14;DPYSL3;PEX19;ZBTB4;DGLUCY;FOXO1;CGA;AC124283.1;AC016074.2;ACSM5;AC083841.1;SCLT1;GIMAP8;PAXIP1-AS2;PLA2G7;SLFN13;TOLLIP-AS1	-0.0128612948490327	0.026430272948291	0.0344799563703572	0.0514196989506272	35	200	standardized log10 mean-expression + standardized logit detection; no bins; no replacement within program	20260829	FALSE
GSE238264	RANDOM_378	LOXL1;CDHR2;LRRC25;PEX11G;FGFR2;SERTAD3;PDE4B;GPR183;RNF166;MAMDC2;SARS2;PLCH2;GTF3C6;CNN3;STRADA;CYC1;HOOK3;ERAP2;WDR54;ABR;PRPF40A;FBXO2;RAB31;ZBTB48;HDAC7;AC124283.1;MYO15A;MPHOSPH8;CCDC91;HSPB2;BLK;LINC02608;OLFML1;KAZN;KIAA1211L	0.00117135821171175	0.0127269227344276	0.0344799563703572	0.0514196989506272	35	200	standardized log10 mean-expression + standardized logit detection; no bins; no replacement within program	20260829	FALSE
GSE238264	RANDOM_379	PPIL4;MDFIC;CXCL13;EPB41L3;SEZ6;HECA;ITGA3;ERICH1;SNAI2;CYP26B1;UBALD1;HACD1;EHBP1L1;GSDMD;ZMYM4;CTSZ;TNKS2;ARHGAP45;FAM151A;LPAR6;PKN1;PFKFB3;AKAP11;EPHA1;ESF1;PRSS27;AC025048.2;TSPAN5;MICAL2;PRICKLE2;KCNE4;MIA;TLR2;MCHR1;AC008014.1	0.000697704470093187	0.0228729145039768	0.0344799563703572	0.0514196989506272	35	200	standardized log10 mean-expression + standardized logit detection; no bins; no replacement within program	20260829	FALSE
GSE238264	RANDOM_380	RAB26;SLC22A18AS;UNC13D;TRAF3IP2;RASSF5;GYS2;MAN1C1;TNFAIP8;DGLUCY;AC005520.2;KDM1A;LRCOL1;PPP6R1;PTOV1;ITGAX;SELENOH;RSRP1;HIP1;LAT2;FMO4;MIDN;RAMP3;TYW3;BOD1L1;PARP6;LINC00365;C1GALT1C1L;TNFRSF1B;THBD;TRIM35;SYTL2;KLHL29;APOA4;CILP;AC112220.2	0.0180323708070235	0.0153561331367562	0.0344799563703572	0.0514196989506272	35	200	standardized log10 mean-expression + standardized logit detection; no bins; no replacement within program	20260829	FALSE
GSE238264	RANDOM_381	CARD16;C3AR1;NR4A3;SPDEF;ALG1L;CCDC159;LTB4R;IGF2BP1;PLXDC2;AC090236.1;YIPF1;PLD4;SLC35A4;CHMP2A;FRS2;PSMB1;GSTZ1;ACOT12;TREM2;LOX;MFGE8;SLC41A2;CDK9;R3HCC1;KYNU;ACKR4;AC024337.2;UCHL1;HPGD;CYTIP;MYO1G;HRH2;RHOJ;AREG;TOLLIP-AS1	0.0180838363912172	0.0231539244758786	0.0344799563703572	0.0514196989506272	35	200	standardized log10 mean-expression + standardized logit detection; no bins; no replacement within program	20260829	FALSE
GSE238264	RANDOM_382	LOXL1;MRC2;ARHGAP31;LYVE1;ARHGAP30;ADAMTS13;IYD;HIVEP2;CREBRF;BX322234.1;NFATC2IP;CCR6;LMBRD1;NAPA;USP6NL;AURKAIP1;CAV2;YAF2;TBC1D8B;TMEM8B;EGLN1;TNFSF13;RAC2;CEPT1;BTN3A1;SOX8;AC107952.2;FSTL3;ENDOD1;TRIM35;ARAP2;SCARF2;REV3L;SYT17;B4GALT1-AS1	0.00924319845305156	0.0196611479781036	0.0344799563703572	0.0514196989506272	35	200	standardized log10 mean-expression + standardized logit detection; no bins; no replacement within program	20260829	FALSE
GSE238264	RANDOM_383	MOSMO;KRT19;SLIT3;GZMK;CASP1;SYT12;FMNL1;MUC1;DGKA;SLC5A1;SLC35A3;KLHDC7A;NTPCR;HSD17B10;CD83;TOMM6;NIPAL2;TMF1;PTPRD;MECP2;DDAH2;PLIN1;OSTF1;REG3A;TRIM47;UPK1A-AS1;APOBEC3A;CASP4;MDFIC;NTS;CDK11A;LINC01588;CTTNBP2NL;EPHB6;GMNC	0.019336077870869	0.0190899888101391	0.0344799563703572	0.0514196989506272	35	200	standardized log10 mean-expression + standardized logit detection; no bins; no replacement within program	20260829	FALSE
GSE238264	RANDOM_384	GPC6;PPIL4;CLMP;BIN2;ACSS1;NNT-AS1;BBOX1;TNFSF13B;GPR137B;FOXC2;CDC27;TNFAIP8L2;BUD31;CCT8;ITGA9;SARAF;TFE3;TAP2;CLIP3;UPF3B;ALDH5A1;AP1M2;TBC1D10A;ZBTB48;CNTNAP3B;AC132938.1;AP001627.1;SULF2;SYT7;SLC1A1;LIMCH1;LRRC39;AL354872.2;AL355816.2;MMS22L	0.0259164529750593	0.0166878783887183	0.0344799563703572	0.0514196989506272	35	200	standardized log10 mean-expression + standardized logit detection; no bins; no replacement within program	20260829	FALSE
GSE238264	RANDOM_385	MMP23B;SWAP70;SSC5D;TRANK1;ACTR3C;DAPL1;FGFR2;ZC3H12A;C1orf162;LSAMP;CREM;IL12RB1;C7orf50;FLNA;NOL8;FMO5;NRIP1;EVI5;CLEC10A;SECTM1;ZFAND6;SPOP;LOX;ADAMTS1;ABCA8;TFAP2A;AL353150.1;RND3;CDHR2;BIN2;CNEP1R1;WNT11;ODF2L;KCNN4;LRRC37A2	0.0206612854008741	0.0265968981972728	0.0344799563703572	0.0514196989506272	35	200	standardized log10 mean-expression + standardized logit detection; no bins; no replacement within program	20260829	FALSE
GSE238264	RANDOM_386	SKAP2;SLA;IGSF9;NOD1;TMC8;GASK1B;HSPB8;AP4B1;ZNF292;DRC3;COG3;ELFN1;RNF13;LPGAT1;PDS5B;ERRFI1;PRMT2;IFFO1;CHIT1;OAS2;UROS;SH2D4A;SGF29;FBXO2;KIF1A;AC016074.2;AC010280.1;WWTR1;SPHK1;FGR;BCL2;SYT15;GPATCH1;S100B;LMLN	0.0145826551059081	0.0132705611115436	0.0344799563703572	0.0514196989506272	35	200	standardized log10 mean-expression + standardized logit detection; no bins; no replacement within program	20260829	FALSE
GSE238264	RANDOM_387	ACAP1;SWAP70;CCDC170;MFNG;RASGRP2;GASK1B;LXN;ZRSR2;EEPD1;IL10RB-DT;C15orf39;P2RY10;ELP2;CHP1;HLTF;LAMTOR4;TNFRSF1B;MIER1;HEPH;CWC22;TRIM44;PAQR9;KAT6B;SOX9;TRIM47;AC087752.3;AC125494.2;TRIM16L;CDHR2;ST8SIA4;ADAP1;ZNF430;ENPP3;MEAK7;GNAZ	-0.003025100962121	0.0123499957679052	0.0344799563703572	0.0514196989506272	35	200	standardized log10 mean-expression + standardized logit detection; no bins; no replacement within program	20260829	FALSE
GSE238264	RANDOM_388	SMAD7;NMI;AL139246.5;KLF7;GPR183;GIMAP5;IFT57;SERPINB8;PITPNM2;AC004951.1;CEP350;SGMS1-AS1;SMYD2;CLPTM1L;COBL;IDH2;NT5E;TRIM38;MSANTD4;RAB26;DGAT2;PLSCR4;PPM1K;SOD3;CYP4A22;MYL4;DUSP26;UCHL1;PRKCH;DOK2;PLA2G7;RIPOR3;TRMT10B;DACT3;TRDMT1	0.00790097999481169	0.00834595014052373	0.0344799563703572	0.0514196989506272	35	200	standardized log10 mean-expression + standardized logit detection; no bins; no replacement within program	20260829	FALSE
GSE238264	RANDOM_389	CCL4;THEMIS2;PTGIR;ST8SIA4;FABP3;CUEDC1;ACVRL1;IYD;GPC6;PBX4;TP53INP2;CNTN4;GRB2;ADIPOR1;TANGO2;PGK1;TCEAL9;GRAMD2B;CLDN23;CADPS2;FAM32A;CFHR4;TTPAL;ERBB2;RAMP3;NOMO3;LINC01750;RND3;TBC1D10C;ARAP2;SLC1A1;EFS;PLA2G5;CAPN13;BEX5	0.0422165795367024	0.0238713878451315	0.0344799563703572	0.0514196989506272	35	200	standardized log10 mean-expression + standardized logit detection; no bins; no replacement within program	20260829	FALSE
GSE238264	RANDOM_390	RAB8B;NABP1;HEPH;NFASC;SLC17A4;OSTF1;CD48;ADAP2;CALML4;AL512306.2;FAM102A;KLHDC7A;ANP32A;PSMB2;RIN3;FBXW5;GNE;SLC35E2A;GUCY1A2;TNRC6C;GPR108;ZBTB16;SLC6A2;LIPG;ZYG11B;AC007389.5;AC107294.2;LRRC32;CYP1B1;VMO1;DOCK11;EBI3;PRICKLE2;AC009974.1;SPACA6	0.00547737389024916	0.0092751846547409	0.0344799563703572	0.0514196989506272	35	200	standardized log10 mean-expression + standardized logit detection; no bins; no replacement within program	20260829	FALSE
GSE238264	RANDOM_391	AC083841.1;BTN3A2;ZMAT1;VAT1L;SPART;CHSY1;SSC4D;PITX1;NFATC2;GPR171;PURB;JAKMIP2;FUCA1;LGMN;HK1;TECR;NT5E;GJA1;TTBK2;DDX60;TMEM70;CLDN18;SPHK1;SLC22A11;CORO7;NECTIN4;JAKMIP3;NPDC1;ARHGEF17;GIMAP1;PCED1B;TESPA1;AC092069.1;FITM1;CCL28	0.0200604919271601	0.0154768202634276	0.0344799563703572	0.0514196989506272	35	200	standardized log10 mean-expression + standardized logit detection; no bins; no replacement within program	20260829	FALSE
GSE238264	RANDOM_392	DDX3Y;PLXDC2;GAS7;EPSTI1;PLCB2;OAS2;KCNQ1OT1;FNDC1;ADGRF5;AC096586.1;FXYD6;BTK;DHX30;CCNI;ARID5B;EBP;NT5E;ACOT12;ITGB2-AS1;GPRIN3;PLVAP;UNC93A;LIFR;RELB;FOLR2;AC109347.1;CU639417.4;GNE;INPP5D;STAMBPL1;TFF1;C16orf54;SLC3A1;SNX20;TRAM1L1	0.00367205924526479	0.0176617681167371	0.0344799563703572	0.0514196989506272	35	200	standardized log10 mean-expression + standardized logit detection; no bins; no replacement within program	20260829	FALSE
GSE238264	RANDOM_393	MMP9;MDFIC;IL18;COL8A1;ACTG2;FAM53B;NCKAP1L;CFP;RTP3;AKAP5;TMEM47;CADM3;FAM83H;YWHAG;SNHG12;VDAC1;SBNO2;INTS6;CNEP1R1;CWC22;IQGAP2;DMXL2;RAB31;CHD9;ARL4C;AF001548.2;DNAH2;PLEKHO1;MECP2;CSF3R;MARCH1;BNC2;TRMT10B;CCDC9B;AC010894.2	0.0166399400828506	0.0202062365918843	0.0344799563703572	0.0514196989506272	35	200	standardized log10 mean-expression + standardized logit detection; no bins; no replacement within program	20260829	FALSE
GSE238264	RANDOM_394	BIN3;ZNF292;BATF;CYTIP;ABI3;STXBP3;CELF2;RETREG1;MMP9;NCR3;SH3BP5;KLHDC7A;TMEM109;MAZ;SNAI2;PUF60;TNFRSF21;CREB1;TUBB3;TMEM8B;TSPAN8;SLC15A3;PPIL4;MRC1;MIR4435-2HG;FKBP6;NOMO3;LTBP2;CALML4;SLFN11;CDA;FRMPD1;SLC10A7;LINC01419;ABCB9	0.0179512497305214	0.0229302362838122	0.0344799563703572	0.0514196989506272	35	200	standardized log10 mean-expression + standardized logit detection; no bins; no replacement within program	20260829	FALSE
GSE238264	RANDOM_395	RARRES1;C1orf162;HHIP;ABCC1;GREM1;PKD2;DBH;SCNN1D;SWAP70;FAM43B;ADGRG6;LINC02362;GAK;RAB11B;GABPB1-AS1;HNRNPA3;PKD1;SPI1;AC004233.2;CADPS2;MACF1;SLC7A11;GPR137B;GMFG;ABCA6;CD80;ZBTB44-DT;IGF2BP2;CREBRF;HGF;SHD;TSPYL5;CD69;VPREB3;ARSJ	0.0204662496978589	0.0176253782545997	0.0344799563703572	0.0514196989506272	35	200	standardized log10 mean-expression + standardized logit detection; no bins; no replacement within program	20260829	FALSE
GSE238264	RANDOM_396	CDK18;SAP25;ARHGAP31;WAS;ALOX5AP;KPNA6;CD79B;ACVRL1;TMEM173;OSM;ZNF316;OSCP1;TMEM245;MRPS18B;IGFALS;TMCO1;TGFB1;MRTFA;ZNF584;DDX3Y;DUT;ADAMTS1;MDFIC;ETV5;TGFBR3;AL161665.1;AC051619.5;TRIM16;DAPL1;MYO1G;CEP290;SCN7A;AC099508.1;CHN1;LMLN	0.0269841695724516	0.0218740317232105	0.0344799563703572	0.0514196989506272	35	200	standardized log10 mean-expression + standardized logit detection; no bins; no replacement within program	20260829	FALSE
GSE238264	RANDOM_397	OAS2;DIAPH2;CSF2RA;SASH3;AHI1;SESN2;FGFR2;CCL3;STMN3;ASB2;LAMA4;AC108134.3;ELOVL1;CXXC5;BICD2;PTBP1;NRIP1;SMC5;LINC01116;GYS2;CLDN7;TRIP11;CAPN3;XAF1;GBP4;CFAP43;AC036214.2;ODF3B;GPC6;CARMN;ITGB2-AS1;AC087564.1;PLEKHG1;L3MBTL3;ZDBF2	0.0100698307088206	0.0206117528883208	0.0344799563703572	0.0514196989506272	35	200	standardized log10 mean-expression + standardized logit detection; no bins; no replacement within program	20260829	FALSE
GSE238264	RANDOM_398	CLEC2B;RBKS;TMEM159;REV3L;FMNL1;RHBDF2;MMP7;DENND3;OSTF1;CAMK2B;MAFK;PRKG1;NDUFA9;STAU1;ELF2;ID2;CYTOR;YAF2;RTN4RL1;AC100810.1;PARP10;XPO7;ABCA7;LAMC3;BTN3A1;SLC9B1;LINC01354;PHLDA2;TBXAS1;MICU3;TMEM92;TRO;IGSF23;BCL2A1;SCUBE2	-0.00585949469621555	0.0147266519280402	0.0344799563703572	0.0514196989506272	35	200	standardized log10 mean-expression + standardized logit detection; no bins; no replacement within program	20260829	FALSE
GSE238264	RANDOM_399	MMP23B;C3AR1;SLC3A1;LINC-PINT;ALG1L;TMEM161B-AS1;ZFP90;ABI3;ADGRF5;PTX3;ETFDH;SP140;MPC1;MAZ;PKDCC;YIPF3;F11;MPP1;TBXA2R;HEXIM1;RBM5;SPOP;GPRIN3;TGFBR3;RNF20;AL034374.1;SLC9B1;USP8;ADAMTS13;DOCK2;BCO2;SIGLEC15;GIMAP7;PTGS1;CBS	0.0066977182709439	0.0131923651356845	0.0344799563703572	0.0514196989506272	35	200	standardized log10 mean-expression + standardized logit detection; no bins; no replacement within program	20260829	FALSE
GSE238264	RANDOM_400	PREX1;RAB20;MEF2B;HCK;GOLGA8A;PHF11;TTLL3;CMKLR1;FGFR1OP2;MOV10L1;NFATC2IP;ADAM12;BUD23;APH1A;BICD2;ACAA1;BNIP3L;MCTP1;NUGGC;ACCS;GSPT1;PMP22;RANBP10;ZBTB48;SH2D4A;AC107214.1;AC011472.4;SULF2;CLEC2D;CCN4;EBF1;B3GNT3;EMB;EDN1;ZNF334	0.00381132902763954	0.0141110095021671	0.0344799563703572	0.0514196989506272	35	200	standardized log10 mean-expression + standardized logit detection; no bins; no replacement within program	20260829	FALSE
GSE238264	RANDOM_401	HEXIM1;ANO1;PCLO;ADSSL1;EHD3;PLGLB2;FRZB;HCK;ETV6;AL050309.1;VSNL1;SSPN;PDE4DIP;CCT4;CTBS;C9orf16;ERP27;CCDC88B;CDA;GMIP;AP1B1;ARHGAP45;DAPK2;RBM27;HAL;NECTIN4;GALNT5;CPLX2;ARHGEF17;PI15;ARHGAP15;KCNMB1;LILRB3;SNHG18;NKX3-1	0.0453174384325341	0.0165203737363439	0.0344799563703572	0.0514196989506272	35	200	standardized log10 mean-expression + standardized logit detection; no bins; no replacement within program	20260829	FALSE
GSE238264	RANDOM_402	SKAP2;BTN3A3;ZNF584;RELT;PEAR1;MAMDC4;COMP;IPPK;BDP1;PTX3;VPS33A;FAT4;EHBP1L1;QARS;YTHDC2;NONO;CHMP4B;CLDN4;CD300A;TRIM22;PBLD;PURA;MMP9;TUBB6;BAG4;ITGB1-DT;SSTR3;PLEKHO1;CLEC2B;LYL1;PRICKLE2;AC022144.1;GRAP;YJEFN3;MID2	0.0306877405853564	0.00394109507059812	0.0344799563703572	0.0514196989506272	35	200	standardized log10 mean-expression + standardized logit detection; no bins; no replacement within program	20260829	FALSE
GSE238264	RANDOM_403	LUZP1;SLC27A1;L3MBTL4;KLF7;STAT5A;AQP7;SSC4D;ITM2A;SLC23A1;TAFA5;UTP11;TMEM178A;FUCA1;BEX3;ARID4A;SNHG8;NAGS;EPB41L1;SLC13A2;LOX;DDAH2;MAGI2-AS3;NUBPL;PPP3CA;MME;AC107294.2;SEC14L6;CYP4F2;THBD;CLEC7A;SLC9A1;ADRA2A;CNEP1R1;SRGAP2B;RANBP17	-0.00147473336923542	0.00645746843806829	0.0344799563703572	0.0514196989506272	35	200	standardized log10 mean-expression + standardized logit detection; no bins; no replacement within program	20260829	FALSE
GSE238264	RANDOM_404	RAB8B;ROBO2;SPIB;CCDC66;FILIP1L;PAN3;NAT2;SEMA4D;AKAP11;NTF3;CAVIN2;TFEC;TMX4;MMAB;C1orf52;SLC13A5;PGGHG;SLC35E2A;TBC1D8B;GMIP;NUBP2;MS4A4A;DGLUCY;AP1S2;ZCCHC2;AC021037.1;AC098820.3;TRBC1;PLEKHG2;LINC01151;CEP290;ZNF430;OLFML2B;GAS1;SPACA6	-0.00478644983576535	0.0103584564432363	0.0344799563703572	0.0514196989506272	35	200	standardized log10 mean-expression + standardized logit detection; no bins; no replacement within program	20260829	FALSE
GSE238264	RANDOM_405	APBB1IP;GPSM3;DOCK10;CDH23;ALG1L;WDR7;FCN2;KDM5D;MOGAT3;FHOD3;BOLA2;GALNT16;KPNA2;SON;TRIM5;COL6A1;ZHX1;GFRA1;PTPN7;NECAB2;DBNL;FBXO2;GALNT10;GBP4;RESF1;AL645940.1;CU639417.4;MFSD2A;ALPL;LRRK2;SAMSN1;PIK3C2G;BCO2;S1PR4;ZNF487	0.0104689555234751	0.0283923924651612	0.0344799563703572	0.0514196989506272	35	200	standardized log10 mean-expression + standardized logit detection; no bins; no replacement within program	20260829	FALSE
GSE238264	RANDOM_406	LOXL1;AC083841.1;UPK3A;CNTRL;ACKR1;LDB2;TPT1-AS1;LILRB4;ARID5B;AHSP;BCAT1;IL21R;KEAP1;SSBP1;RAB33B;RNASE4;MMP14;FLYWCH1;SYT11;GYS2;MXRA7;CD53;BTN3A3;TENT5A;ABCA6;LRRC10B;TGM1;PRKAA2;CREBRF;TRAF3IP3;ALOX5;MIA;RMRP;AC009974.1;LINC02453	0.000405986396886597	0.0123619194037083	0.0344799563703572	0.0514196989506272	35	200	standardized log10 mean-expression + standardized logit detection; no bins; no replacement within program	20260829	FALSE
GSE238264	RANDOM_407	SUSD2;TIPARP;MNDA;IKZF3;IL18BP;PITPNM2;TLR4;ITPR1;SSH1;LGI3;RIPOR1;JAKMIP2;CNIH4;CSNK1A1;TRIM5;TP53INP1;TRIM16;ERAP2;ITGB2-AS1;WDR7;NFE2L2;GDA;AKAP7;CBLB;CD53;AC125494.2;AC090617.3;GPLD1;PPP1R12B;TMEM92;CCDC24;LINC01197;PRICKLE2;CEP152;LRRC37A2	0.0162784479217213	0.00660534101831939	0.0344799563703572	0.0514196989506272	35	200	standardized log10 mean-expression + standardized logit detection; no bins; no replacement within program	20260829	FALSE
GSE238264	RANDOM_408	GNB4;PLXDC2;SLC8A1;IL15RA;ARHGAP30;ADAMTS13;APBB1IP;HIVEP2;TIPARP;KCNIP3;PANK2;LINC00861;PPP6R1;TNFRSF1A;GCKR;IDH2;ARRDC2;CD58;OTOA;LUZP1;TPR;ATM;RBKS;ST3GAL6;AOC3;AL121845.4;AL590133.1;NBL1;CCDC91;FAP;RHOJ;PKIA;PI15;SYT17;ZNF718	0.034680765794308	0.0221882861259892	0.0344799563703572	0.0514196989506272	35	200	standardized log10 mean-expression + standardized logit detection; no bins; no replacement within program	20260829	FALSE
GSE238264	RANDOM_409	MMP9;RGS10;CFTR;CYTIP;RNPC3;SPTY2D1;CCL3;GPR183;TMEM173;RHCG;GPANK1;AC008105.3;UQCC3;CCNL2;ZNF292;SSR1;STX4;RSF1;PRG2;CD40;SLC31A1;FGL2;AKAP11;IGF1;ISG20;AC137630.4;LINC01750;CELA3B;NFATC2;THRSP;MITF;MZF1-AS1;KCNE4;RIN1;AC112220.2	0.00426354601914474	0.0256073068536324	0.0344799563703572	0.0514196989506272	35	200	standardized log10 mean-expression + standardized logit detection; no bins; no replacement within program	20260829	FALSE
GSE238264	RANDOM_410	RBP7;BCL2L11;MOXD1;CEP290;TNFRSF25;RANBP10;GCGR;LXN;UROC1;MATN1-AS1;XRN1;BMPER;THRAP3;GLB1;PUM3;BAAT;HSD17B14;MIER1;TLCD2;CSGALNACT2;H6PD;GPD1;RAB31;KLF12;BCAS3;LINC00239;AC006027.1;EPB41;GALNT10;LYL1;SUSD3;BMP6;HIST1H2AE;SLC2A9;C5orf58	0.00635273555579607	0.0190820588741749	0.0344799563703572	0.0514196989506272	35	200	standardized log10 mean-expression + standardized logit detection; no bins; no replacement within program	20260829	FALSE
GSE238264	RANDOM_411	LATS2;PPIL4;SAMD11;IRF5;CD84;NPHP3;TNFRSF25;CD48;LAIR1;LRRN2;GNAI1;CCR7;NAA60;LEPR;ZNF385A;SLC25A5;SYBU;CHD6;CDH11;RFX1;CRYL1;FCGR2A;CRTC1;TNFRSF11B;DNAJC12;AP001462.1;AC021037.1;C1QTNF1;CDK18;DTX1;LAT2;ZNF423;ARHGEF6;FGF7;STRIP2	0.00984574138671319	0.0128004638213355	0.0344799563703572	0.0514196989506272	35	200	standardized log10 mean-expression + standardized logit detection; no bins; no replacement within program	20260829	FALSE
GSE238264	RANDOM_412	HOGA1;DPT;PGAM2;REPS2;GPR183;MRC2;MYO10;SKAP1;PRKCH;GTF2H2C;SH3BP5;KLRD1;NAA60;CLPTM1L;SZT2;SNRPE;SBNO2;SGMS1;BCAS4;ERC1;ABCF1;FCGR2A;PLGLB2;AGXT2;KYNU;AC109347.1;AC120049.1;DHODH;NFATC2;ODF2L;MARCH1;ZNF611;SOX5;PTN;RIMS3	0.0173653456093723	0.0100842508478985	0.0344799563703572	0.0514196989506272	35	200	standardized log10 mean-expression + standardized logit detection; no bins; no replacement within program	20260829	FALSE
GSE238264	RANDOM_413	GLIPR2;ACMSD;ENO2;EMB;SLC17A4;SYTL1;PRDM1;EIF4E3;LIMK2;CCDC171;PIAS1;GPR65;GNG10;GOLT1A;EEPD1;YIPF3;ACSM5;ISG20;MSRB3;PIK3CA;ABCC3;ABCA6;ETV6;CPM;LHFPL6;CNNM3-DT;CACNA1I;NMRAL1;ILF3-DT;PLA2G7;CPNE5;LRRC31;RHOJ;AC079466.1;PTCH2	0.0159457072396877	0.0161895640624607	0.0344799563703572	0.0514196989506272	35	200	standardized log10 mean-expression + standardized logit detection; no bins; no replacement within program	20260829	FALSE
GSE238264	RANDOM_414	ETV6;RNF166;ADGRG7;FGD2;HSPB8;CARD16;CKMT2-AS1;GEM;SPOCK1;DNM3;PLEKHO2;ADAMDEC1;TAF7;LEAP2;CHORDC1;CDO1;SH3BP2;BAZ2B;P2RY11;CIPC;WARS;CNTNAP3B;SAP25;APOL3;LMCD1;STEAP1B;MYO15A;GOLM1;KRT19;SLC25A24;EMB;ZNF677;CCDC24;SNHG18;SENP8	0.00370500602594094	0.0174325977273431	0.0344799563703572	0.0514196989506272	35	200	standardized log10 mean-expression + standardized logit detection; no bins; no replacement within program	20260829	FALSE
GSE238264	RANDOM_415	CIITA;FBXW7;ANKRD36;REPS2;DBH;ANKRD50;SSC4D;MALL;RAB31;BCL2L14;CLK3;ELFN1;PRPF40A;FGFR4;PPIH;EMC10;GNE;SERTAD2;WRN;CD40;THOP1;FHL1;TYW3;UCHL1;XDH;CAPN8;AL358852.1;CORO1A;BCL2L11;PDE4D;CD209;CIDEC;REV3L;EGR2;MID2	0.0199798646940822	0.00389950303162276	0.0344799563703572	0.0514196989506272	35	200	standardized log10 mean-expression + standardized logit detection; no bins; no replacement within program	20260829	FALSE
GSE238264	RANDOM_416	SAP25;KPNA6;ITGB2-AS1;ADCY7;RNPC3;IL33;PCED1B-AS1;AGO3;RAB34;OSM;PDGFA;SLC24A3;SNX6;APH1A;HPS5;LAMP2;NAGS;TAPBPL;LARP6;MECP2;TMEM30A;DMXL2;NNT-AS1;PLEKHA2;MICAL1;AC025754.2;FSTL4;NPDC1;CDC40;LRRK1;MRVI1;CD1C;ZG16;CCL3L1;RIMS3	0.0205984532064381	0.0192049059614248	0.0344799563703572	0.0514196989506272	35	200	standardized log10 mean-expression + standardized logit detection; no bins; no replacement within program	20260829	FALSE
GSE238264	RANDOM_417	MAPRE3;RAC2;IL4I1;BIN2;CST7;GPR137B;NCKAP1L;OAS3;TMEM173;AHSP;PPP2R2A;DLG4;OCIAD2;AFM;FRMD4B;FBP1;MGLL;RFTN1;KIF2A;PPM1K;HYI;HLX;ADGRL4;AGXT2;AC021074.3;AC021242.3;AC006064.5;SLC6A1;ENPP7;LINC02716;NTS;LINC02535;SCD5;L3MBTL3;SPATA1	0.0121457432641518	0.0196081997233606	0.0344799563703572	0.0514196989506272	35	200	standardized log10 mean-expression + standardized logit detection; no bins; no replacement within program	20260829	FALSE
GSE238264	RANDOM_418	PPARG;ALPL;VGLL3;ORAI2;FRMD6;SPHK1;TMEM107;ZNF563;WFDC2;PRKCQ-AS1;SLAIN2;GATA3;NT5DC2;STAT2;DGLUCY;PTBP1;EHD1;MLPH;MEF2B;LATS2;FBXO9;ITPKC;SLC29A3;ZYG11B;RFTN1;AL353708.1;AC016074.2;IFI16;CDC42EP3;CHRDL1;F8;MEIS3;FGD5;RERG;RGMB-AS1	0.047586476461673	0.0253186769801743	0.0344799563703572	0.0514196989506272	35	200	standardized log10 mean-expression + standardized logit detection; no bins; no replacement within program	20260829	FALSE
GSE238264	RANDOM_419	ACAP1;MMP23B;HHIP;ADCY7;ARHGAP9;VWA8;ANK3;SYNPO2;ENDOD1;AC017104.1;LZIC;GSPT2;MBOAT7;ORMDL3;BICD2;PPP1CA;MARCH2;PMEPA1;TLCD2;LOX;CXCL16;MPP1;PPIL4;TRIP11;SOD3;AC009560.1;FKBP6;CPLX2;ROBO2;COL8A1;REC8;ZNF484;PPP1R1C;PHACTR1;LINC02037	-0.000909489614691693	0.0226079502448199	0.0344799563703572	0.0514196989506272	35	200	standardized log10 mean-expression + standardized logit detection; no bins; no replacement within program	20260829	FALSE
GSE238264	RANDOM_420	VSIG4;S100A1;RIPOR2;SRPX2;ACTG2;DIPK1A;TNFSF13B;NFATC4;SASH1;SMIM10;FAM214A;GPR162;KLF9;FLNA;ZNF292;ATP5PO;PARVB;LMCD1;CLDN23;ACKR3;SHROOM1;IGF1;MECP2;SFN;ABCG5;AC011468.5;AC099066.2;IFITM10;TMOD1;ITGB7;CDK11A;LINC01943;BCO2;HKDC1;SPATA1	0.0176946732379315	0.0326325641237923	0.0344799563703572	0.0514196989506272	35	200	standardized log10 mean-expression + standardized logit detection; no bins; no replacement within program	20260829	FALSE
GSE238264	RANDOM_421	ADAMTS13;GPSM3;FCHSD1;MAP4K1;CD7;SNAI2;LOXL1;PDE7A;ADGRF5;SLC26A10;GATAD2B;PARP15;TPR;LAMB2;ZNF277;PTBP1;GBP2;DBNDD1;PLEKHM3;MOSMO;DDAH2;SLC15A3;AP004609.3;SPOP;SLC25A42;AF001548.2;AC022784.6;SDS;PPP1R12B;SCGB1D2;EBF1;ZC3H12D;DCLRE1C;IL1RL1;ZNF440	0.00495593297086338	0.0139063543076011	0.0344799563703572	0.0514196989506272	35	200	standardized log10 mean-expression + standardized logit detection; no bins; no replacement within program	20260829	FALSE
GSE238264	RANDOM_422	MAPRE3;BDP1;CD163L1;USP18;RASSF5;NNT-AS1;DSE;PIK3CD;MTHFR;MAL;KRAS;ADAMDEC1;FBXL5;CCT4;FRMD4B;PPP1R16A;CIDEB;RGL1;AC004233.2;DNAJC16;RAB5B;MYRIP;PRKCH;ELK3;KRT7;AL353150.1;AC004847.1;LRRC32;CSF1;FGD2;NOSTRIN;ARSG;RHOJ;RIN1;ZNF2	0.0128501695576701	0.0151386861033337	0.0344799563703572	0.0514196989506272	35	200	standardized log10 mean-expression + standardized logit detection; no bins; no replacement within program	20260829	FALSE
GSE238264	RANDOM_423	GNB4;CEP170;IRAK3;PLAU;ACTR3C;KIAA2026;HSPB8;MYO5A;TBC1D10C;FCGR3B;CCDC130;IL12RB1;TPRG1L;HSD17B2;NDUFA4L2;NAPRT;DIO1;POLB;AL139246.5;CHIC2;H6PD;REG3A;AMOTL1;PRSS3;AP1M2;DNAH2;APOBEC3A;LMO4;ARID4A;MRVI1;DOCK10;GPRC5A;ARHGAP15;SCIMP;C7orf31	0.00148542532420113	0.0176071145952935	0.0344799563703572	0.0514196989506272	35	200	standardized log10 mean-expression + standardized logit detection; no bins; no replacement within program	20260829	FALSE
GSE238264	RANDOM_424	ACAP1;RIN3;PALM3;CNTRL;GEM;TTPAL;ITGA3;IKZF1;FKBP15;SMPD3;TRIO;AC104083.1;LPIN2;S100A16;CHORDC1;CTSZ;LSP1;ITCH;CEMIP;NUDT7;LGALS8;MUSTN1;ARID5B;STX12;AJUBA;LINC02361;SLC24A4;LRRC32;CSF1;CD27-AS1;DOCK11;LINC02608;ZNF160;EDN1;AC009309.1	0.0265448111192904	0.0207237359679986	0.0344799563703572	0.0514196989506272	35	200	standardized log10 mean-expression + standardized logit detection; no bins; no replacement within program	20260829	FALSE
GSE238264	RANDOM_425	SLA;HLA-DOA;FCRL5;CDK11A;LMO2;RICTOR;ADAMTS10;CST7;RHBDF2;CAMK2B;G6PC3;SELP;SCYL1;FKBP8;PLXDC2;BLVRB;IQGAP1;VPS9D1;ASAH2;HHIPL2;TAF1D;PTP4A3;ABCA7;FCGR2A;HELZ;AC036214.2;AC016575.1;NBL1;GPSM3;MIR193BHG;MOXD1;CPEB1;ARAP3;USH2A;AC018638.7	0.0203033820142529	0.0319195771162421	0.0344799563703572	0.0514196989506272	35	200	standardized log10 mean-expression + standardized logit detection; no bins; no replacement within program	20260829	FALSE
GSE238264	RANDOM_426	RHBDF2;C1orf162;SYK;GZMA;SYNPO2;PTPRB;SLC17A4;FCGBP;GABPB1-AS1;PTGES;RAB35;AC073611.1;SPR;CCT4;ZNF385A;ZFP36L1;PIM1;PPP1R15A;DOCK10;ANKRD44;BRD4;EPM2AIP1;CCDC159;MPP1;TRIM47;LINC02361;TFAP2A;PLIN4;CARD16;CLEC7A;ALOX5;DNAH6;BCLAF3;WDFY4;ITGA10	0.0446120880422586	0.0166080389799684	0.0344799563703572	0.0514196989506272	35	200	standardized log10 mean-expression + standardized logit detection; no bins; no replacement within program	20260829	FALSE
GSE238264	RANDOM_427	C5AR1;RIN3;TFPI2;NCF2;FAM13A;ENDOD1;SP110;FCMR;RANBP10;GNGT2;SUGP1;P2RY13;PTK2;MZT2A;SBF2;BHMT2;TCF4;HIP1;NR4A3;ZNF226;ACSS2;TLE3;CDK9;PPARGC1A;SERPINB9;PCSK1;AC009560.1;EPB41;KMO;IRF5;MNDA;CYP11A1;LINS1;LINC00924;TMEM169	0.0295950072000526	0.0064761749826408	0.0344799563703572	0.0514196989506272	35	200	standardized log10 mean-expression + standardized logit detection; no bins; no replacement within program	20260829	FALSE
GSE238264	RANDOM_428	APOBEC3C;BTN3A3;TREM2;CCR1;NCKAP1L;LURAP1L;MIS18BP1;DENND3;DIS3;AL138826.1;PLEKHO2;TM6SF1;CAPN2;CHCHD1;ASXL2;NAPRT;ISYNA1;PPFIBP2;CHIT1;DDX3Y;MFSD1;CEPT1;GPR137B;GPD1;COL14A1;ZNF578;AC107464.3;KRT23;MMD;CYTIP;CCDC24;CASC9;MNDA;HOTAIRM1;RNFT2	0.00148404573026927	0.0143141036702338	0.0344799563703572	0.0514196989506272	35	200	standardized log10 mean-expression + standardized logit detection; no bins; no replacement within program	20260829	FALSE
GSE238264	RANDOM_429	FMNL1;TNC;ZNF117;DCUN1D3;SEZ6L2;MMP9;PTH1R;PRDM1;RHBDF2;CLDN16;PYCR1;CLEC4A;CHCHD5;PSMD2;NABP1;ATP5PO;NFKB2;ARHGAP29;P2RX1;AP003119.3;GPS2;TRPM8;HEG1;GALR2;BTN3A1;AP001462.1;AL022341.1;PALM2-AKAP2;GPSM3;PAMR1;COL4A4;HRH2;ATXN7;TNRC6C-AS1;GMNC	0.0157897986776368	0.0184423903488104	0.0344799563703572	0.0514196989506272	35	200	standardized log10 mean-expression + standardized logit detection; no bins; no replacement within program	20260829	FALSE
GSE238264	RANDOM_430	POLR2J3;SLC16A3;ITGA11;GIMAP1;IYD;SAP25;MALL;TMEM107;MDFIC;MMP28;NIPSNAP2;TNFRSF13C;LENG8;QARS;LRCH3;EIF2S3;IGF2BP2;MRTFB;ADAP1;AC018521.5;METAP2;RSF1;MRC2;AGMO;CD58;AC018553.1;LINC01144;TNFRSF21;SLC1A3;CYTIP;SAMD9L;ANKRD23;LILRB3;SNHG22;CHSY3	0.0201148246987851	0.0170650415687262	0.0344799563703572	0.0514196989506272	35	200	standardized log10 mean-expression + standardized logit detection; no bins; no replacement within program	20260829	FALSE
GSE238264	RANDOM_431	WDR60;CD2;EPHA3;REV3L;CRYBG1;PHF11;APC;CRYBB2;TTC14;SNCA;NFATC2IP;SP140;KEAP1;GOLPH3;SNAI2;EIF3G;PIM1;DBH-AS1;CSGALNACT1;CIITA;DUT;ARHGAP45;AC022613.1;CFHR4;KIF1A;DNAH2;IFNG-AS1;PRKAA2;NMI;TRABD2A;CLEC7A;LILRA4;SH2D2A;AREG;PACRG	0.0231001216508167	0.0100139312014545	0.0344799563703572	0.0514196989506272	35	200	standardized log10 mean-expression + standardized logit detection; no bins; no replacement within program	20260829	FALSE
GSE238264	RANDOM_432	CXCL14;DOCK5;PLA2G2D;WNK3;CRHBP;EXOC1;SEMA4D;ZNF337;IGFALS;AC022034.1;SPATA13;MCCD1;SCRIB;MAZ;STRADA;SULT2A1;DIO1;NFKBIZ;TUBB3;LYST;TCIRG1;PFKFB3;CUEDC1;XPNPEP2;KRT7;VAC14-AS1;RUNDC3A;EPB41;KPNA6;TRABD2A;ITGB2-AS1;SLC1A7;KCND3;LILRA6;INTS6-AS1	0.00774615839979848	0.0203280951821855	0.0344799563703572	0.0514196989506272	35	200	standardized log10 mean-expression + standardized logit detection; no bins; no replacement within program	20260829	FALSE
GSE238264	RANDOM_433	DAPK2;RBKS;CNRIP1;ST8SIA4;ALOX5AP;PRKCH;EVI2B;ZNF337;ZNF292;CHST4;NSD1;TFEC;SELENON;CTSC;SVIL;RAN;BCHE;TAPBPL;TTC22;COL16A1;FSTL1;GBP4;STXBP3;TENT5A;LMF1;SEC14L6;AC025048.2;WIPF1;GNB4;SUSD3;CD209;HCG11;BOC;LINC02499;STIM2-AS1	0.0142127986972988	0.0297899231669348	0.0344799563703572	0.0514196989506272	35	200	standardized log10 mean-expression + standardized logit detection; no bins; no replacement within program	20260829	FALSE
GSE238264	RANDOM_434	PFKP;HIC1;FNDC5;VIPR1;AHI1;SPTLC3;C5orf66;RNPC3;PAIP2B;LINC02591;RIPOR1;SMIM32;DPP9;H2AFV;SNCG;PSMA7;PPIE;MIER1;SFRP4;GIMAP5;HP1BP3;ELN;GNB4;ITPKC;CCDC152;LINC01354;AC007614.1;SERPINE2;ROBO2;NFASC;THRSP;LRRC31;ARHGAP10;AC103591.3;TMEFF1	0.0348020198627987	0.0268524654598504	0.0344799563703572	0.0514196989506272	35	200	standardized log10 mean-expression + standardized logit detection; no bins; no replacement within program	20260829	FALSE
GSE238264	RANDOM_435	NGEF;PIM2;GBP5;TRANK1;BBOX1;FAM53B;CD27;CST7;MLH3;FCGR3B;ICAM2;LINC01503;PTK2;GADD45B;ELF2;HABP2;RAD50;UBE2E2;GAS7;CSGALNACT2;TLCD4;CCDC88B;PHF11;HCST;ABCG5;LINC01238.1;CDH3;APOF;IL2RG;ST8SIA4;UPK3A;LINC02593;STAMBPL1;ARMH1;MID2	0.0231642604386011	0.0345982415782277	0.0344799563703572	0.0514196989506272	35	200	standardized log10 mean-expression + standardized logit detection; no bins; no replacement within program	20260829	FALSE
GSE238264	RANDOM_436	GYS2;CARD16;B4GALNT1;IL15RA;S100A8;ANKRD44;CELF2;CD8A;STK17A;AL138826.1;FAM214A;AL365361.1;BTBD2;COPA;ARID5B;GJB1;PHIP;PLSCR4;ENPP3;SECTM1;MFSD1;TLE3;AC022613.1;ZBTB48;ARHGAP45;AL356356.1;AC008764.6;SMIM24;KAT6B;CSF3R;SLIT3;AC018653.3;NOSTRIN;CACNA1C;AL359921.2	0.00332027555803907	0.0221332790430141	0.0344799563703572	0.0514196989506272	35	200	standardized log10 mean-expression + standardized logit detection; no bins; no replacement within program	20260829	FALSE
GSE238264	RANDOM_437	HIC1;ZBTB20;CCDC170;ANGPTL6;ITGA4;PLGLB2;PRDM2;SEMA4D;PPM1K;CYP26B1;MSRA;DEFB132;RCN2;SEPTIN2;RAB34;SULT2A1;SNX10;SLC35E2A;CPNE5;ANKRD44;CLDN7;APOL3;RBM15;ZYG11B;PTF1A;ALLC;TECTA;LGALS2;GYS2;BPIFB2;FAP;PLA2R1;AC004889.1;VSIG2;HOXD8	-0.00800164351963089	0.0102096651013208	0.0344799563703572	0.0514196989506272	35	200	standardized log10 mean-expression + standardized logit detection; no bins; no replacement within program	20260829	FALSE
GSE238264	RANDOM_438	PPARG;TRIM22;TBXA2R;CRLF3;IKZF1;CCDC186;FHL2;ART4;SZT2;HOXA13;BACH1;FZD2;NIT2;SLC4A2;ZMYM4;BAG6;EHD1;PPFIBP2;SYK;SECTM1;MAN2A1;TUBB6;GIMAP5;CYP4A22;MAP1B;AC011472.4;TFAP2A;PEG3;RBKS;NTS;ARHGEF6;LINC01370;LINS1;MRGPRF;PARTICL	0.01356594676858	0.016122365116328	0.0344799563703572	0.0514196989506272	35	200	standardized log10 mean-expression + standardized logit detection; no bins; no replacement within program	20260829	FALSE
GSE238264	RANDOM_439	FLI1;TBC1D10A;ITGA11;MRVI1;ASPG;MTRF1L;CRYBG1;CCDC198;SZT2;AC007535.1;LYNX1;KCNS3;RCN2;SCARB2;GSAP;IDH2;NTAN1;EPDR1;TFPI2;ARHGAP26;ARSE;CCDC88B;LDB2;SOX9;MS4A4A;AL583856.2;AC004847.1;ECHDC1;MOGAT3;COL8A1;TM6SF2;BACH2;MAP3K5;DZIP1;PLK4	0.0188292011366404	0.0151775120011113	0.0344799563703572	0.0514196989506272	35	200	standardized log10 mean-expression + standardized logit detection; no bins; no replacement within program	20260829	FALSE
GSE238264	RANDOM_440	CD79B;BASP1;HERC6;CLSTN2;DBH;MMD;S100A8;RASSF5;PAQR7;ASPHD2;PPP2R2A;TNFAIP8L2;ITPRID2;STMN1;EEPD1;GDI2;ACSM5;EPB41L1;TLR2;SLFN5;CSK;BCL2L10;ECSCR;UNC93A;MACROD1;AC006449.5;AC010542.2;SERPINE2;SYT7;CPLANE1;SRGAP1;SGCD;IRF5;DGKE;TRIL	0.0253026996829357	0.0219591179628684	0.0344799563703572	0.0514196989506272	35	200	standardized log10 mean-expression + standardized logit detection; no bins; no replacement within program	20260829	FALSE
GSE238264	RANDOM_441	THEMIS2;CHSY1;PCED1B;KCNQ1OT1;SRPX;RBKS;FRY;RUNDC1;STMN3;AHSP;RUFY1;HOXB-AS1;AP1B1;TMEM141;DGLUCY;DSTN;BEX2;NHLRC3;WNT4;LINC01767;KLF9;HAO2;NUBPL;ETV5;ULK4;AC116407.1;AC079781.5;CYP4F2;MAMDC4;CLEC7A;LPL;CLIC6;LACC1;GPR34;AC009309.1	0.0194888038239105	0.00118976187365411	0.0344799563703572	0.0514196989506272	35	200	standardized log10 mean-expression + standardized logit detection; no bins; no replacement within program	20260829	FALSE
GSE238264	RANDOM_442	BASP1;C1orf162;ARHGAP31;ERICH1;DOCK8;ADAMTS13;CCL25;TNFRSF4;KPNA6;ASIC3;VSNL1;P2RY10;SELENON;POLR2I;AP004609.3;NDUFB8;TCEA2;MRTFA;GIMAP2;WDR70;OCIAD2;PARP6;ZNF224;PSD3;ANTXR2;AC053503.5;AC105345.1;CCN1;EMILIN2;MIR193BHG;TLR2;GASK1A;LINS1;GPR143;FAM71F2	0.0304807036378189	0.0240852678527577	0.0344799563703572	0.0514196989506272	35	200	standardized log10 mean-expression + standardized logit detection; no bins; no replacement within program	20260829	FALSE
GSE238264	RANDOM_443	LINC01767;NFATC2;AL139246.5;ADSSL1;IL18BP;NPL;PRDM2;PLEK2;PKP2;PLPP4;MIB2;TTN;MRPL40;SRPRB;DHDDS;CYC1;VAMP2;DBH-AS1;PTPRD;DCP1A;UHMK1;FCN3;GPSM3;MAGI2-AS3;PIGR;AL365272.1;INSC;SULF2;FGF2;PRKCB;SH2D2A;CARD11;RNASE2;STAB2;LINC02037	0.0307858349158114	0.00731591285924953	0.0344799563703572	0.0514196989506272	35	200	standardized log10 mean-expression + standardized logit detection; no bins; no replacement within program	20260829	FALSE
GSE238264	RANDOM_444	DAPL1;ABCC9;PGAM2;GOLGA8A;ITGBL1;CWC25;MYO7A;ITM2A;ETNPPL;AC004585.1;TBC1D23;BBOF1;UBE2E3;RAB13;RAPGEF2;PGK1;LSM10;RECQL;CARF;AGO4;TM7SF3;TLE3;MMD;KRT7;MATN2;LINC02422;CD80;IFI16;EMILIN2;WNK3;F8;CYP2S1;SYTL2;SNHG22;DCST1-AS1	0.0257362101214624	0.0213638960430825	0.0344799563703572	0.0514196989506272	35	200	standardized log10 mean-expression + standardized logit detection; no bins; no replacement within program	20260829	FALSE
GSE238264	RANDOM_445	GIMAP5;NBPF12;SSC5D;ADAM8;MXRA5;MORC4;SP140L;FBXO6;STK17B;PODNL1;NIPBL;CDC14A;SPR;RAB13;FLYWCH2;ATP6AP1;RBBP6;MAGI2-AS3;ITGB2-AS1;GIMAP4;GAA;EPM2AIP1;MDFIC;CLDN18;ABCG5;AC010542.2;AL359091.5;ACSM5;CDHR2;LINC02716;BIN2;LILRB1;BLK;SIGLEC7;ARSJ	-0.00405529001806989	0.0105049579859635	0.0344799563703572	0.0514196989506272	35	200	standardized log10 mean-expression + standardized logit detection; no bins; no replacement within program	20260829	FALSE
GSE238264	RANDOM_446	CDC42EP3;STK17B;MTRNR2L1;GFOD1;APOBEC3C;PALMD;STAT5A;FAS;TENT4B;GPR150;EIF2AK2;P2RY6;PPP4C;GOLPH3;TIE1;SLC25A5;WWTR1;MICALL2;EML1;SGF29;NFE2L2;MS4A7;NMI;BIRC3;KYNU;DYNLRB2;AP001627.1;CD163;RANBP10;NEXN;MITF;AC090559.1;AC004233.2;CD226;GATA2	0.0289166437444373	0.0225860635911501	0.0344799563703572	0.0514196989506272	35	200	standardized log10 mean-expression + standardized logit detection; no bins; no replacement within program	20260829	FALSE
GSE238264	RANDOM_447	COL16A1;KIAA2026;EBF1;LMOD1;RASGRP2;RHBDF2;FAM229B;SKAP1;C3AR1;OSM;TRIO;MIR3936HG;METAP2;ORMDL3;STK17A;C19orf53;CHMP4B;ZC3H7A;SLC45A3;ARHGAP26;CD68;FOLR2;LDB2;PURA;FGL2;AL022341.1;BACH1-IT2;FBN1;ABCA7;PPL;GIMAP7;LINC02535;MYOF;RERGL;AC083862.3	0.00616508206288803	0.0274766039186143	0.0344799563703572	0.0514196989506272	35	200	standardized log10 mean-expression + standardized logit detection; no bins; no replacement within program	20260829	FALSE
GSE238264	RANDOM_448	PPARG;ETNPPL;GUCY1A1;WNK3;CRHBP;SLC29A3;RNF135;SKAP1;GSAP;AC093894.2;PHF3;BMPER;ERO1B;TMBIM4;RIN3;C19orf53;PRPF38B;KAT6A;UGT3A1;LUZP1;PREB;TSPYL2;NPL;HLX;CHD9;AC021037.1;AC107464.3;FAM133B;KPNA6;UBAP1L;LAT2;ZC3H12D;P3H3;TSLP;AC026471.4	-0.0109559710346202	0.00266060867182312	0.0344799563703572	0.0514196989506272	35	200	standardized log10 mean-expression + standardized logit detection; no bins; no replacement within program	20260829	FALSE
GSE238264	RANDOM_449	CIITA;SPOCK1;ZDHHC11;PEX11G;NFAT5;ROBO2;BBOX1;MAN1C1;RAB20;AC018755.4;CAMSAP2;CDK11B;SNX6;SYNGR2;NDUFA4L2;NDUFA6;MACO1;STK10;GAS7;PLK3;UBE2I;FHL1;SGF29;EPM2AIP1;MPP1;AC018553.1;CFAP43;CCKBR;BCL2L11;TOR4A;PRSS8;U91319.1;GIMAP1;LINC01558;AL359921.2	0.0237175174332341	0.00755691098321912	0.0344799563703572	0.0514196989506272	35	200	standardized log10 mean-expression + standardized logit detection; no bins; no replacement within program	20260829	FALSE
GSE238264	RANDOM_450	DAPL1;ACAP1;CLMP;PAX8-AS1;CD79B;SYTL1;SIGLEC1;ZRSR2;OSTF1;AC025171.1;PDLIM2;DLG4;TOMM40;MARCKSL1;HPGD;BHMT2;WBP1L;DDX19B;BMERB1;PLK3;NUBP2;ISG20;GIMAP5;ERBB2;GNA12;AC132938.1;LINC00365;SLC25A47;AQP7;AVPR1A;SAMSN1;PROM1;ARHGAP10;TSPAN10;TRIM59	0.031214585056746	0.0222463840278243	0.0344799563703572	0.0514196989506272	35	200	standardized log10 mean-expression + standardized logit detection; no bins; no replacement within program	20260829	FALSE
GSE238264	RANDOM_451	PPM1K;IL2RG;HERC6;SPAG16;CRHBP;SLC27A1;SSC4D;PIK3CD;MICAL2;AKAP5;ETFDH;CACNA2D4;WNK1;COX17;PLPP2;MAOA;PCTP;ZNF276;TSPYL4;BAIAP2L2;LENG8;HCST;SGF29;GMFG;ENGASE;AC005726.1;MYO15A;CPLX2;GIMAP4;BPIFB2;SLC2A4;LINC01197;RNASE2;CAPN13;ZNF608	0.000913153044938541	0.0138891001413608	0.0344799563703572	0.0514196989506272	35	200	standardized log10 mean-expression + standardized logit detection; no bins; no replacement within program	20260829	FALSE
GSE238264	RANDOM_452	SULF1;BDP1;TFPI2;ZG16;ITM2A;TBC1D10A;LILRB4;BCAR3;GALNT10;AC109439.2;PHLDB2;FAT4;FUNDC2;RNH1;DIS3;UQCRFS1;RASD1;AC012065.3;SLC28A1;IL33;SUPT6H;FHL1;CDK9;CYLD;ABRACL;AL645940.1;AC105345.1;NBL1;RIN3;SEMA3C;SYK;ADORA3;AC099508.1;HOTAIRM1;CEP55	0.00549778494973589	0.022015695726147	0.0344799563703572	0.0514196989506272	35	200	standardized log10 mean-expression + standardized logit detection; no bins; no replacement within program	20260829	FALSE
GSE238264	RANDOM_453	SSC4D;MICAL2;IRAK3;LYL1;CD8A;SLC1A3;CFP;FGFR2;TBXAS1;CLEC1A;TBC1D2B;LRCOL1;SUPT6H;ATP6V0D1;LMBR1L;NDUFB10;EPS8;DTX4;KCND3;ZNF688;TAF1D;HDAC7;SLC22A18AS;SERPINB9;MAP1B;AC125494.2;NOMO3;MFSD2A;ENPP7;OLFML2B;ARHGAP10;C14orf180;CNEP1R1;SLIT2;PACRG	-0.00184169073760025	0.00777690575084248	0.0344799563703572	0.0514196989506272	35	200	standardized log10 mean-expression + standardized logit detection; no bins; no replacement within program	20260829	FALSE
GSE238264	RANDOM_454	DSE;APOD;KLHL6;DCUN1D3;DBH;NPL;ITPKB;EXOC6B;TTC14;ADAM33;PGAP3;AC104083.1;EGLN2;KIF1C;BBIP1;H2AFZ;GSTZ1;ARHGEF26;GATA6-AS1;LTN1;PLVAP;ADAMTS1;FAM53B;SHISA4;RNF20;AC124283.1;STXBP5-AS1;NMRAL1;UROC1;FER;SMOC2;AC009093.6;DDO;ETV7;AKAP6	0.0364328661962175	0.0231617415369441	0.0344799563703572	0.0514196989506272	35	200	standardized log10 mean-expression + standardized logit detection; no bins; no replacement within program	20260829	FALSE
GSE238264	RANDOM_455	CDC42EP3;NPL;ADAMTS12;SRPX2;MYH11;FRYL;SLC16A11;BTN2A2;GIMAP5;BHLHE22;RUFY1;IDO1;LSM14A;DNAJB11;ARMCX6;C12orf57;TMCC1;PPP3R1;TUBB4A;LINC01767;THOP1;FGL2;NUBPL;ABCB11;PTF1A;SEPTIN4-AS1;SMC5-AS1;SYNPO;TBC1D10C;SPON1;IKZF3;U91319.1;P3H3;CACNA1C;AC106876.1	0.043935222343269	0.0313524437143532	0.0344799563703572	0.0514196989506272	35	200	standardized log10 mean-expression + standardized logit detection; no bins; no replacement within program	20260829	FALSE
GSE238264	RANDOM_456	RAB31;ACAP1;HHIP;TRAF3IP2;PODN;CCSER2;PLCG2;ADCY7;ARID4A;FOXC2;FXYD6;CLTRN;CDK4;SUCLG2;FRS2;SDF2L1;CHMP4B;ELL;ASB9;GMIP;CENPB;CCND2;AP004609.3;FBLN5;TRIM56;AL645940.1;LINC02422;ENO3;RIN3;MTMR9;ADAP1;TBC1D8;PCED1B;SNX20;KIAA1211L	0.013379210301755	0.0179609808577738	0.0344799563703572	0.0514196989506272	35	200	standardized log10 mean-expression + standardized logit detection; no bins; no replacement within program	20260829	FALSE
GSE238264	RANDOM_457	TTLL3;PMEPA1;UGT3A1;MRAP;KCNQ1OT1;AC022613.1;RASAL3;IRF8;RBKS;CLDN16;NIPBL;FOXF1;ACSL3;ITGA1;RANBP10;PPA1;PKD1;IFFO1;TGM3;ZCCHC8;MFSD1;CCND2;PLEKHG2;ELK3;HELZ;LINC01750;LINC00504;CDKN2A;GNB4;ZNF160;RMRP;LINC00472;SCD5;ITK;DLX6-AS1	0.0307741173010672	0.0214801178341704	0.0344799563703572	0.0514196989506272	35	200	standardized log10 mean-expression + standardized logit detection; no bins; no replacement within program	20260829	FALSE
GSE238264	RANDOM_458	RNASE6;STK17B;CNN1;NOD1;FRMD6;GIMAP5;TRNP1;KCNJ3;RNF166;DNM3;HERC1;DEFB132;MCM7;CDC37;CREBRF;FURIN;CAV2;VSTM4;PGAM2;AC083809.1;MFSD1;CCDC88B;DTX2;COL14A1;ZYG11B;CFAP43;HIST1H3D;UACA;FBLN2;HRCT1;AGPAT4;AL513550.1;F8;SLC37A2;AL356056.2	0.0245789660598563	0.0282597681552203	0.0344799563703572	0.0514196989506272	35	200	standardized log10 mean-expression + standardized logit detection; no bins; no replacement within program	20260829	FALSE
GSE238264	RANDOM_459	TBC1D10C;NBPF12;ITGA11;CHRDL1;SLC16A11;RICTOR;DSE;CD8A;RNF166;CD1E;BRD3;LONRF3;NELFCD;ERBB3;STRADA;EMC10;BCHE;ASPN;MEMO1;ARHGAP27;IRS2;ARL4C;SSH1;CHD9;STK4;AL645940.1;LRRC10B;UCHL1;UBXN11;GFOD1;CREB5;WNT11;LINC02716;PTGS1;LRRC37A2	0.00842984579604293	0.0136336510882214	0.0344799563703572	0.0514196989506272	35	200	standardized log10 mean-expression + standardized logit detection; no bins; no replacement within program	20260829	FALSE
GSE238264	RANDOM_460	TBXAS1;NABP1;SPN;SNED1;MYO10;KPNA6;RILPL2;STAT5A;RICTOR;PTX3;CREM;GBGT1;MAPK1;PTOV1;FRS2;C19orf53;TCF4;TRIM38;FXYD3;PTPRB;ITPA;GBP4;DOCK5;TNFRSF11B;CMTM3;AC026367.2;AC098820.3;PRKAA2;CD2;TMEM273;SDCBP2;AC114291.1;PDGFD;HACD4;FRS3	0.0289272270052236	0.0192139731107394	0.0344799563703572	0.0514196989506272	35	200	standardized log10 mean-expression + standardized logit detection; no bins; no replacement within program	20260829	FALSE
GSE238264	RANDOM_461	GYS2;S100P;CCN5;CPED1;MYO5A;ENDOD1;IRF8;GLIS2;FGFR1OP2;C1RL-AS1;RUFY1;PRKG1;SLC44A1;LAPTM5;ST3GAL3;EIF3G;NTAN1;LHFPL6;TGM3;NGEF;PECR;MXRA8;FAM114A2;ELOA;STK4;AC017083.1;DNAH2;EMP1;GPRIN3;SCUBE1;ITGB2-AS1;LYPD2;CD209;GRIN2A;ZNF334	0.0358884012475912	0.0185735035258894	0.0344799563703572	0.0514196989506272	35	200	standardized log10 mean-expression + standardized logit detection; no bins; no replacement within program	20260829	FALSE
GSE238264	RANDOM_462	TNRC6C;CDK18;PTGIR;KLF7;FCMR;FGFR1OP2;IFITM1;GPRC5B;MLH3;ZNF624;PXDN;CXCR6;TCIRG1;ANP32B;SCAF8;POMP;SLC6A1;TRIM69;PFKFB1;TMEM8B;IFNGR2;PMP22;PRKCH;FBLN5;LMAN2L;ITGB1-DT;AC024337.2;AL031058.1;SULF1;ADSSL1;NUGGC;AL353572.4;RHOJ;PZP;STRIP2	0.0271197278053805	0.0244392386194442	0.0344799563703572	0.0514196989506272	35	200	standardized log10 mean-expression + standardized logit detection; no bins; no replacement within program	20260829	FALSE
GSE238264	RANDOM_463	BIN3;DAPK2;FILIP1;DTX1;CD8A;CLN8;TCEAL3;MAP7D3;UBXN11;GLI1;SNX8;TTN;MRPS11;GLYCTK;TANGO2;PLD3;PHF20L1;ICE1;NXPE3;AC100810.1;CLDN7;DNAJC12;MICAL2;MAGI2-AS3;RAMP3;BCDIN3D-AS1;AC008764.6;PHLDA2;SLC1A3;MAP4K1;RMRP;CLEC12A;SLC6A13;SNX20;ZNF41	0.0013898857816749	0.00521334117429497	0.0344799563703572	0.0514196989506272	35	200	standardized log10 mean-expression + standardized logit detection; no bins; no replacement within program	20260829	FALSE
GSE238264	RANDOM_464	SUSD2;GPSM3;HMBOX1;CDH23;HSPB8;LOX;TCEAL3;RASAL3;TTC14;AC018755.4;AP1G2;PRAM1;ACTR1A;S100A16;TFPT;CSTB;CTSO;STK10;CES4A;ZBTB43;OAZ2;ABLIM3;MLH3;SERPINI2;ZYG11B;LINC00239;DIABLO;WLS;S1PR1;NEXN;STAG3;DNAH6;LINC01116;SRGAP2B;AC116913.1	0.00453076244676172	0.0198789057239131	0.0344799563703572	0.0514196989506272	35	200	standardized log10 mean-expression + standardized logit detection; no bins; no replacement within program	20260829	FALSE
GSE238264	RANDOM_465	PFKP;NFATC2;DCLK2;WNK3;FAM99A;SPHK1;SCN1B;ART4;PRKCH;BCL2L14;APOLD1;TNFAIP8L2;PDHB;MRPS18B;MIER2;EBP;NT5E;ATP11C;EML1;NUDT7;CRK;C2CD2;DAPK2;APBB3;CAPN5;ADAMTS3;AC053503.5;TTC36;ADGRF5;ZNF564;LINC02716;ZNF90;NOSTRIN;PIK3R5;LINC00863	0.00759866720410926	0.0164653129332868	0.0344799563703572	0.0514196989506272	35	200	standardized log10 mean-expression + standardized logit detection; no bins; no replacement within program	20260829	FALSE
GSE238264	RANDOM_466	PTH1R;HK1;CCN5;ARHGAP25;MYH11;TNC;FCN2;HIVEP2;GABPB1-AS1;CXCL3;CFAP20;P3H2;TPR;CSNK1A1;CREBRF;BAAT;CPVL;RECQL;OVGP1;SOCS2;IRS2;ELN;RAB34;FBXO2;CLIP4;AL606970.1;AC026367.2;LINC00963;ITGAL;PLAU;ARHGAP15;AC018653.3;RSPH3;CLDN10;AC009309.1	0.00935333214825211	0.0238280200900326	0.0344799563703572	0.0514196989506272	35	200	standardized log10 mean-expression + standardized logit detection; no bins; no replacement within program	20260829	FALSE
GSE238264	RANDOM_467	PPIL4;RND1;PCLO;ANKRD26;GCGR;RAB8B;FRZB;TMEM161B;SZT2;SOWAHD;DBT;KCNS3;MRPL22;SMIM26;BBIP1;PSMB1;CETN2;PKN2;AC004233.2;KIAA2026;DGAT2;ERBB2;NPHP3;AC104461.1;CMTM3;ITGB1-DT;AC105345.1;SLC46A3;PLGLB2;RLF;DCLRE1C;AC012409.1;PNPLA3;SLC51B;SNURF	0.0196991062452233	0.00302918396534484	0.0344799563703572	0.0514196989506272	35	200	standardized log10 mean-expression + standardized logit detection; no bins; no replacement within program	20260829	FALSE
GSE238264	RANDOM_468	LPAR6;ANO1;SVEP1;DOCK2;ARHGAP30;TYW3;TMC8;ERICH1;NOC3L;CXCL3;DAAM1;PRKG1;TARDBP;NDUFAB1;FLYWCH2;APMAP;CCDC88A;AXL;LINC02428;RAB26;TAF1D;PURA;AQP7;PTP4A3;COL15A1;AL136295.2;AL158163.1;LGALS2;FBLN2;EMB;P3H3;AP001062.1;CLEC10A;LINC01558;LRRC37A2	0.020899110339495	0.0181707641345218	0.0344799563703572	0.0514196989506272	35	200	standardized log10 mean-expression + standardized logit detection; no bins; no replacement within program	20260829	FALSE
GSE238264	RANDOM_469	SRPX;DGKA;CD300A;ACSS1;KCNQ1OT1;ARHGAP26;MYO7A;SLC17A4;CEP170;AL133243.3;GATAD2B;CCR7;TIMM50;SCARB2;SNCG;SLC25A5;TCF7;MAGI2-AS3;SNAPC1;SENP7;ABCB6;ZBTB16;ZEB1;LIPG;LMAN2L;AL031847.1;SPEF1;TCF4;C3AR1;CCN4;SYTL2;SIRPG;SPAG1;EDN1;MMS22L	-0.00357077750413919	0.0125847970868383	0.0344799563703572	0.0514196989506272	35	200	standardized log10 mean-expression + standardized logit detection; no bins; no replacement within program	20260829	FALSE
GSE238264	RANDOM_470	AC020916.1;SLC27A1;DCLK2;CMKLR1;SYNE1;MERTK;RARRES1;ITFG2;ETNPPL;TBX10;TPP2;TLR5;THRAP3;LASP1;DIS3;MDH2;ZBTB44;AC012065.3;BMERB1;LPAR6;CADM1;CMTM3;CDC42EP3;GMFG;AOC3;CNNM3-DT;GASAL1;FOSL2;SLC1A3;PLAU;IL18;SLC1A7;WNT4;DGKE;ZNF440	0.00428475856351207	0.0153500600624414	0.0344799563703572	0.0514196989506272	35	200	standardized log10 mean-expression + standardized logit detection; no bins; no replacement within program	20260829	FALSE
GSE238264	RANDOM_471	TBXAS1;SLA;MSANTD4;DOCK2;FERMT3;RAC2;SYNPO2;RASSF8;GPSM3;NTNG2;CEP350;LINC00861;TAF7;GSDMD;MOGAT3;BHMT2;PLPPR1;ANO1;B4GALNT1;DAPL1;NT5DC2;ABCA8;ARHGAP26;MME;SEPTIN1;SEC14L6;ICAM5;ODF3B;ETNPPL;SASH3;UPK3A;AP001062.1;KCND3;CEP152;AC008014.1	0.0380763912032916	0.0109526978271146	0.0344799563703572	0.0514196989506272	35	200	standardized log10 mean-expression + standardized logit detection; no bins; no replacement within program	20260829	FALSE
GSE238264	RANDOM_472	THEMIS2;CALML4;MNDA;PPL;SIGLEC1;CMTR2;HSPB8;TNFRSF25;ECSCR;GPR150;OTUD6B-AS1;DNAAF1;DPP9;TSPAN3;ZNF275;TRAM1;SP100;ERAP2;ASB9;ABCA7;FAM83H;ARL4C;RAB31;GBP4;PPP3R1;SEPTIN4-AS1;ZNF578;FOSL2;LIMK2;SCD5;GAS7;ADORA3;AGPAT4;ZFPM2;PRR11	0.0271749452206725	0.0160310729854388	0.0344799563703572	0.0514196989506272	35	200	standardized log10 mean-expression + standardized logit detection; no bins; no replacement within program	20260829	FALSE
GSE238264	RANDOM_473	WFDC2;KPNA6;CLIP3;LMOD1;RARRES1;PAN3;FLI1;ITFG2;ZNF224;GALNT15;KDM4B;SEMA4A;SYAP1;ILF2;ARHGAP29;SDF4;TCEA2;NAV2;ADAP1;BIN3;ABCC3;ANGPTL2;CFAP36;VASN;TTC9;SSTR3;DOCK3;TNFRSF21;STK17B;AFAP1;AC004233.2;GASK1A;DCLRE1C;SAMD9;ZNF718	0.0386716232876349	0.0156619114247193	0.0344799563703572	0.0514196989506272	35	200	standardized log10 mean-expression + standardized logit detection; no bins; no replacement within program	20260829	FALSE
GSE238264	RANDOM_474	CARD16;MYO1F;HEPH;MUC6;FGD3;TRIM22;USP53;ITPKB;LAIR1;BX322234.1;MARK4;CCZ1B;ANKRD10;ANP32B;ZEB1;SLC38A10;FBN1;CUX2;DCXR-DT;CLEC2D;ARL6IP5;MMP11;IPO11;CCND2;RAMP3;ATP8A2;DOCK3;PLA2G1B;DAPL1;GPAT3;CNN1;C16orf54;HIST1H2AE;L3MBTL3;B4GALT1-AS1	0.0309190541511667	0.038040201292411	0.0344799563703572	0.0514196989506272	35	200	standardized log10 mean-expression + standardized logit detection; no bins; no replacement within program	20260829	FALSE
GSE238264	RANDOM_475	C1orf162;CD248;MNDA;GZMK;FRMD6;ACMSD;TNFRSF25;ABI3;MEGF6;SCRG1;SLAIN2;AC027117.1;AGPAT1;GOLT1A;PLXNC1;RBP1;ABCB1;PRKCZ;SLC9A1;ZNF688;CCDC50;MME;PTK2B;SYNE2;ANTXR2;AC099066.2;ASCL1;ERP27;THEMIS2;NFASC;CLEC7A;SLAMF6;ME3;RERGL;AKAP6	0.0290415509629222	0.0294812390605894	0.0344799563703572	0.0514196989506272	35	200	standardized log10 mean-expression + standardized logit detection; no bins; no replacement within program	20260829	FALSE
GSE238264	RANDOM_476	ABCC9;ETV6;CRLF1;SLC31A2;AMOTL2;SPHK1;IGSF6;FBXO6;RAC2;CD300E;TMEM47;AL162458.1;UBE2E3;SUMF2;AQP7;HABP2;TGIF1;TCOF1;LINC02428;DPYSL3;DLGAP4;HAO2;MPZ;GCC2;BTN3A1;OR51E1;JAKMIP3;SERPINE2;CNTLN;IKZF3;CDK11A;AC009041.2;TMEM273;TCAF2;CHGA	0.0249312259321732	0.014263094978353	0.0344799563703572	0.0514196989506272	35	200	standardized log10 mean-expression + standardized logit detection; no bins; no replacement within program	20260829	FALSE
GSE238264	RANDOM_477	GNB4;KAT6B;LPL;CARMN;MAN1C1;SPHK1;CD48;ZFP90;ARMCX6;PTGER2;RRAGC;PAPPA;GRB2;LMAN1;MFSD14A;NAPRT;ZBTB44;USF3;PRG2;MOSMO;CXCL16;PTP4A3;GASK1B;PART1;MIER1;AL365272.1;AC107294.2;AKAP12;NABP1;COL8A1;LMOD1;KRT17;CD69;TNRC6C-AS1;LPP-AS2	0.0129000213849518	0.018236160900665	0.0344799563703572	0.0514196989506272	35	200	standardized log10 mean-expression + standardized logit detection; no bins; no replacement within program	20260829	FALSE
GSE238264	RANDOM_478	ABR;SKAP2;ITGA11;LMOD1;FNDC1;CLEC2B;FMNL3;SEZ6L2;MARVELD1;PLPP7;TBC1D2B;LRCOL1;FAM136A;UBD;MMRN2;GLMP;PKD1;ATXN2;GATA6-AS1;RBP7;IFNAR1;ELN;SLC29A3;HECTD3;CEPT1;LINC02361;AC006027.1;FABP4;MAMDC4;SEMA3C;TREM2;SLFN12;AVPR1A;ITK;AC015912.3	0.0120659316065073	0.0407120386769637	0.0344799563703572	0.0514196989506272	35	200	standardized log10 mean-expression + standardized logit detection; no bins; no replacement within program	20260829	FALSE
GSE238264	RANDOM_479	PLCG2;UBXN11;CRYBG3;UPP2;GPRC5B;FRMD4A;BCL9L;CEP120;S100P;ZNF624;CREM;BTK;TRIP12;MAGED1;CTBS;ID2;CTSO;PKN2;CCDC68;RFX1;MPRIP;TENT5A;PLEKHG2;COL15A1;ENGASE;CNNM3-DT;CAPN8;GBP2;SWAP70;AL022328.4;COL8A1;WNT11;SLIT3;LILRA6;B4GALT1-AS1	0.0195494677631355	0.0167104608006079	0.0344799563703572	0.0514196989506272	35	200	standardized log10 mean-expression + standardized logit detection; no bins; no replacement within program	20260829	FALSE
GSE238264	RANDOM_480	FGF2;RGS10;APOBEC3F;COL8A1;CD79B;PRKCH;GNG2;FILIP1L;TMOD1;TSNAXIP1;KRR1;MORN1;GORASP2;ERG28;UBXN11;TSC22D1;BOLA2B;IFFO1;FNDC5;AGO4;GPAT4;REG3A;TYW3;HAL;HLX;AC026367.2;AL645940.1;EFEMP2;KRT19;WNK3;FPR1;CCL8;AGPAT4;NAT1;RNFT2	0.0156062248999604	0.0164239353068736	0.0344799563703572	0.0514196989506272	35	200	standardized log10 mean-expression + standardized logit detection; no bins; no replacement within program	20260829	FALSE
GSE238264	RANDOM_481	RARRES1;ABCC9;PCDHB5;TRABD2A;NCKAP1L;GALNT10;EME2;LMO2;RND1;FO393401.1;FAM204A;MCCD1;NADK;TM9SF2;DHDDS;SNHG6;BMPR2;TRIM69;NEURL3;PREX1;SLC35B2;CHD1;GNB4;TRADD;CMTM3;AC080129.2;CA9;SPRR2F;ZSWIM6;LINC02716;TM6SF2;C3orf14;TOR4A;ETV7;KIAA1324L	0.0214606267160025	0.0185639188423299	0.0344799563703572	0.0514196989506272	35	200	standardized log10 mean-expression + standardized logit detection; no bins; no replacement within program	20260829	FALSE
GSE238264	RANDOM_482	RASGRP2;TTPA;PLA2G2D;PAX8-AS1;MSC;CUEDC1;CD84;CRYBG1;FBXW7;HOXA13;TBC1D23;HACD1;DMAC1;CCT6A;AQP11;CSTB;LSP1;SHF;MAML2;ITPRIP;GRB2;HAL;TBXAS1;APOL3;GRASP;PCSK1;AL121845.4;MPHOSPH8;S100A1;DOK2;DOCK11;MIA;IGSF23;EGR2;SSUH2	0.0227240541251785	0.0255520684378015	0.0344799563703572	0.0514196989506272	35	200	standardized log10 mean-expression + standardized logit detection; no bins; no replacement within program	20260829	FALSE
GSE238264	RANDOM_483	FGF2;RAB31;ITGB2-AS1;TGFB3;S100A8;ARHGEF3;GPR183;LXN;RANBP10;OSM;PDPR;OSCP1;TMEM106B;TGM2;SLC17A3;BGN;ATP2B1;MRTFB;WDR54;CSF1;TRIM44;BCL2L10;PLEKHG2;SLC22A9;CLEC11A;AC007614.1;CACNA1I;PAGE4;SPTLC3;NBPF19;OSBPL5;ZG16B;C12orf4;AC112206.2;LRRC37A2	-0.0044486996104905	0.0494776733537696	0.0344799563703572	0.0514196989506272	35	200	standardized log10 mean-expression + standardized logit detection; no bins; no replacement within program	20260829	FALSE
GSE238264	RANDOM_484	NCKAP1L;GALNT10;NPIPB15;FILIP1L;SSC4D;C3AR1;SYNPO2;COL12A1;ETNPPL;FAM27C;SMIM3;TNFAIP8L2;COPS5;SMIM14;FGFR1OP2;MDH2;MVB12A;ASPN;CLIP3;CWC22;NFIC;ZBTB48;ENDOD1;ZYG11B;UBN1;AC053503.5;AL355472.3;ETS1;MERTK;DCUN1D3;ANKRD26;ASPHD1;SLC2A4;TLR3;HOXD9	0.000142698713835199	0.0167693368565514	0.0344799563703572	0.0514196989506272	35	200	standardized log10 mean-expression + standardized logit detection; no bins; no replacement within program	20260829	FALSE
GSE238264	RANDOM_485	PPIL4;TMOD1;ABI3BP;AKT3;ITGA4;LIFR;SLC17A4;ADAMTS10;ST6GALNAC4;AL662844.4;VSNL1;LRCOL1;PPP4C;QDPR;ELF1;RAB1A;WBP1L;GPR155;NXPE3;LINC02241;EHBP1L1;OSTM1;CLEC2B;SEPTIN6;MAGI2-AS3;IL23A;LINC02606;CD5L;PPM1K;ZG16;SOX5;AC087564.1;ARHGAP24;MMRN1;MID2	0.0382642352789833	0.0175391118794908	0.0344799563703572	0.0514196989506272	35	200	standardized log10 mean-expression + standardized logit detection; no bins; no replacement within program	20260829	FALSE
GSE238264	RANDOM_486	AC020916.1;MEGF6;LINC02428;PDE2A;ACSS1;SYTL1;MAP7D3;IGF2BP1;CCDC159;CYSLTR1;CASKIN2;TNFAIP8L3;MAPK1;ENTPD5;SLC2A10;RAN;EPB41;GFRA1;CA14;SECTM1;ITPR2;AP1S2;ABCA7;CPM;DENND5B;AP000553.2;AL356356.1;HEPACAM;PPM1K;SAMD9L;P3H3;MEIS3;PNPLA3;KRT222;TRIM73	0.0125378165179966	0.0108655801768473	0.0344799563703572	0.0514196989506272	35	200	standardized log10 mean-expression + standardized logit detection; no bins; no replacement within program	20260829	FALSE
GSE238264	RANDOM_487	OAS2;SYT12;HEPH;NOD1;PLCB2;ALPL;NAT2;ACTR3C;MOGAT3;ZNF215;PARP4;MAP9;NADK;LMAN1;RNF166;NCOA4;EP300;PYROXD2;EBF1;MMP23B;F13B;KRT7;NLK;TNFRSF11B;GPATCH8;AC016575.1;CLCNKB;PHIP;CNTLN;PLEKHG1;SYK;ZNF347;CLEC7A;NPIPB11;PRDM16	0.0132715231384264	0.0101306409756492	0.0344799563703572	0.0514196989506272	35	200	standardized log10 mean-expression + standardized logit detection; no bins; no replacement within program	20260829	FALSE
GSE238264	RANDOM_488	GPSM3;ZSWIM6;PRSS8;AC084375.1;CD84;GIMAP4;CRHBP;LXN;NRP2;SLC26A10;AP1G2;PRR18;GAK;CTSF;ELF2;FKBP1A;TNXB;PLSCR4;FZD8;CHIC2;GRK2;AGXT2;NLK;PPARGC1A;EVI5;AL356356.1;BCDIN3D-AS1;DHODH;LIFR;FCN1;ARAP2;ANKRD1;MAP3K5;CCDC144A;SSUH2	0.00826952428548503	0.0228806926341733	0.0344799563703572	0.0514196989506272	35	200	standardized log10 mean-expression + standardized logit detection; no bins; no replacement within program	20260829	FALSE
GSE238264	RANDOM_489	VSIG4;GASK1B;ADAMTS12;GFOD1;MMP19;SLC22A18AS;USP53;FKBP14;ZEB1;AC006213.4;PIK3C2A;KLRD1;DRAP1;PDCD5;JAML;ASPH;RASD1;RFTN1;LRRC25;MYSM1;BRD4;BIRC3;PIEZO2;SFN;MYRIP;CDH3;SOX2-OT;WLS;CDC40;CD69;OLFML1;ZG16B;SLC22A12;MCHR1;AC120053.1	0.00383010421907746	0.0124104651160293	0.0344799563703572	0.0514196989506272	35	200	standardized log10 mean-expression + standardized logit detection; no bins; no replacement within program	20260829	FALSE
GSE238264	RANDOM_490	CCL25;ITGAL;PCED1B;KCNQ1OT1;CXCL14;IL2RG;CYTH4;FCMR;SPOCK1;PDZD2;ASB8;AL365361.1;EGLN2;LAMC1;AQP7;SULT2A1;DMD;LTBP1;ATP7A;WDR60;MAN2A1;ABLIM3;RNF208;HAO2;PAQR9;AC233263.6;AL136531.1;AKAP12;ARID5B;SLCO3A1;HAVCR2;GXYLT2;SLFN11;KRT222;MAPK4	0.0124350053467117	0.017275525964384	0.0344799563703572	0.0514196989506272	35	200	standardized log10 mean-expression + standardized logit detection; no bins; no replacement within program	20260829	FALSE
GSE238264	RANDOM_491	CXCL14;PTK2B;HHIP;PPL;HTRA3;NPHP3;GEM;RASSF8;TTPA;AC017104.1;CNOT8;BTK;SERINC5;TMEM141;ST3GAL3;UQCRFS1;ICK;TAPBPL;MMP25-AS1;ABCC9;ZFAND6;ERBB2;MLH3;COL15A1;HLX;HIST1H3D;APOBEC3A;MS4A6A;THEMIS2;GIMAP1;CLEC10A;CEP128;ODF2L;ZC2HC1C;AC008014.1	0.0128397198290987	0.00801864822205329	0.0344799563703572	0.0514196989506272	35	200	standardized log10 mean-expression + standardized logit detection; no bins; no replacement within program	20260829	FALSE
GSE238264	RANDOM_492	ZBTB43;GYS2;UPK3A;GIMAP1;HTRA3;SYTL1;CD79B;ZFP90;ARMCX6;AL360012.1;FAM214A;TMEM106A;GNPTG;ORMDL3;ASXL2;HSD17B4;BIN1;PIK3IP1;PTPRD;ITPRIP;STAT6;BIRC3;KPNA6;TRPM8;COL15A1;LINC01354;AC107214.1;ENO3;ENPP7;CD69;OLFML2B;SPTBN5;BCO2;SLC2A5;ZNF701	0.0190202940671204	0.0241242736818844	0.0344799563703572	0.0514196989506272	35	200	standardized log10 mean-expression + standardized logit detection; no bins; no replacement within program	20260829	FALSE
GSE238264	RANDOM_493	JDP2;SASH1;LINC02428;RELT;GEM;TRIM22;CASP8;IYD;NFATC2;AC087392.1;ETFRF1;CCBE1;EGLN2;SUCLG1;ZMYM4;COPS9;SYBU;CSRNP1;IL3RA;CCDC91;AKR7A2;TAOK3;MERTK;ZBTB16;NSRP1;ALLC;NSMCE1-DT;PLA2G1B;CNTLN;CD209;KDM8;FMO2;TBXA2R;GPBAR1;AC034236.2	0.00311311164414003	0.0145396358519401	0.0344799563703572	0.0514196989506272	35	200	standardized log10 mean-expression + standardized logit detection; no bins; no replacement within program	20260829	FALSE
GSE238264	RANDOM_494	AC083841.1;SLC23A1;NAALADL1;EPB41L3;PSTPIP2;CARD16;FCMR;MMP19;CA4;SLC26A10;INPP5A;CCBE1;SCAMP2;SERPINH1;ZNF385A;HSPA1A;CDKN1C;SEPTIN1;L3MBTL4;PWWP2A;SLC31A1;KIF1A;PAIP2B;HCST;ADAM17;AL590133.1;SPAG8;FAM111A;OAS2;AC015917.2;DENND4C;SCARA5;GNLY;S100B;NKX3-1	0.0276633435506729	0.0222160977553543	0.0344799563703572	0.0514196989506272	35	200	standardized log10 mean-expression + standardized logit detection; no bins; no replacement within program	20260829	FALSE
GSE238264	RANDOM_495	CD40;SULF1;MOB3B;PTPRE;CRYBG1;PKD2;LTC4S;TRPS1;FBLN2;SNCA;MPHOSPH10;CALHM5;NAA60;GLB1;ZNF277;SLIRP;NIPAL2;SGMS1;NEURL2;TRIM22;MACF1;LHFPL6;PPIL4;PMP22;ABCA8;AP001330.4;AC107214.1;PTPN6;GASK1B;PAX8-AS1;AC004233.2;RIPOR3;MARCH1;IGFN1;C7orf31	0.0214690607293408	0.0242742147211185	0.0344799563703572	0.0514196989506272	35	200	standardized log10 mean-expression + standardized logit detection; no bins; no replacement within program	20260829	FALSE
GSE238264	RANDOM_496	S100A8;CCDC159;ADAM28;TRPV2;LXN;AC020916.1;SLC17A4;FERMT3;C3AR1;AC093894.2;CNOT8;AC073611.1;TRIP12;LAPTM4B;CDK3;EI24;PCTP;UBE2E2;PTPN7;RBP7;GRK2;TMF1;ST6GALNAC4;RELB;MEGF9;AC106820.3;HIST1H3D;SP100;KMO;FPR3;TBXA2R;AC114291.1;GNLY;HOTAIRM1;HIST1H2BN	0.0191906541351844	0.00703128704798325	0.0344799563703572	0.0514196989506272	35	200	standardized log10 mean-expression + standardized logit detection; no bins; no replacement within program	20260829	FALSE
GSE238264	RANDOM_497	SLC16A11;AKNA;PALM3;PTPRE;CKMT2-AS1;AC022613.1;BBOX1;ASPG;TBC1D10C;LDLRAD1;VPS33A;ZNF462;ELAVL1;IER3;MARVELD1;HSPA1A;CAVIN3;ACOT12;P2RX7;GPC6;RHOT2;PLEKHA2;NPHP3;UBA7;EVI5;DOCK3;MYL4;CCKBR;SPOCK1;NEXN;GNLY;SLC15A2;SCGB1D2;WDPCP;AL355512.1	0.00409136727933341	0.0244357168981055	0.0344799563703572	0.0514196989506272	35	200	standardized log10 mean-expression + standardized logit detection; no bins; no replacement within program	20260829	FALSE
GSE238264	RANDOM_498	CCL25;CNTLN;BHLHE41;MOGAT2;CWF19L2;CDC42EP3;MYO7A;ADCY7;ADGRA2;PTGER2;CLCN3;PRR18;FAM83H;NDUFA7;RNF144B;COPS9;DMD;VPS35L;C3orf85;ACCS;PSMD3;ISG20;GPRIN3;MSR1;MICAL1;AP001462.1;AC026367.2;FBXO17;PPM1K;SLC22A12;GUCY1A1;AP001062.1;CEP290;FAM78A;CHGA	0.0118995543231009	0.0188107289742756	0.0344799563703572	0.0514196989506272	35	200	standardized log10 mean-expression + standardized logit detection; no bins; no replacement within program	20260829	FALSE
GSE238264	RANDOM_499	PCED1B-AS1;DAO;SLIT3;BMP2;PDGFRA;CCDC186;ITGA3;ATOH8;HCP5;LINC02388;SH3KBP1;SIGLEC9;GPS2;YWHAH;ZNF579;TXNDC17;LUC7L;TRIM38;KCND3;FMO4;PDE4DIP;MGAT4A;RNF166;APBB3;EPS8L3;ADAMTS3;NOMO3;TNFAIP2;MTHFR;LY86;SMOC2;PKIA;SVEP1;IL2RB;SLAIN1	0.0227657399685373	0.0154010470365536	0.0344799563703572	0.0514196989506272	35	200	standardized log10 mean-expression + standardized logit detection; no bins; no replacement within program	20260829	FALSE
GSE238264	RANDOM_500	CLEC2D;PLXDC2;SSC5D;EPSTI1;PLEK2;RANBP10;FAS;MYO7A;CD248;AC006213.4;CASKIN2;OLFM1;SHFL;SLC38A4;ING1;SLC25A5;LSM10;MRAS;ATP7A;MYSM1;YIPF4;RAMP3;TIPARP;PMP22;MIER1;STRC;CU639417.4;DHODH;SLC23A1;RUNX3;CPNE5;PATL2;PRSS8;CEP112;LPP-AS2	0.0130746090334128	0.00923590489461853	0.0344799563703572	0.0514196989506272	35	200	standardized log10 mean-expression + standardized logit detection; no bins; no replacement within program	20260829	FALSE
Wu_Zenodo_19123188	RANDOM_001	MRAS;OAS3;IQSEC2;HOXB4;IGF1R;OGFRL1;RARRES1;BAMBI;NEDD9;RHBDF1;VPS41;COPRS;AP2M1;ZYX;FUOM;COMT;PKD2;DDR1;PRUNE1;GFOD1;SH3D19;SMURF2;ARL15;ADAMTSL2;RASA3;GPC2;PYGO1;CYTIP;HEYL;GUCY1B1;CCL3;NAP1L5;NOSTRIN;TLE4;DNAJC27	-0.0967896921230933	0.264413406290449	0.136545734467442	0.326309322190666	35	200	standardized log10 mean-expression + standardized logit detection; no bins; no replacement within program	20260829	FALSE
Wu_Zenodo_19123188	RANDOM_002	FCGR2B;CCDC3;VDR;ITGB7;KIAA0895L;BIRC3;SOX18;ROBO4;PCYT2;OIT3;SRP72;PPP3CB;CDC5L;TPP1;HERPUD1;SOD1;KLF15;ZG16;HDAC4;PPP1R14B;CMTR1;CHMP7;CFHR4;IRAK3;HSPA6;ARHGEF4;FRMPD1;COL14A1;OLFML2B;LRRK1;FZD7;TLR6;UGT3A1;TENM1;TMEM82	-0.077223464281363	0.173843671342009	0.136545734467442	0.326309322190666	35	200	standardized log10 mean-expression + standardized logit detection; no bins; no replacement within program	20260829	FALSE
Wu_Zenodo_19123188	RANDOM_003	FPR1;PPM1M;ZG16;RNF144A;SPN;AS3MT;PRKCH;BAMBI;EPB41L4B;TNFRSF6B;REPS1;CNTRL;NET1;ZFP36L2;FAM120A;CYC1;TOM1L1;BCL6B;OPA3;GSTZ1;RAB17;ASAP2;IL17RB;CST7;PLAU;C3orf52;PYGO1;ANTXR1;SEPTIN5;SSH2;SLAMF1;SPINT1;GREB1;KNTC1;KISS1	-0.0498844915906329	0.180999745584679	0.136545734467442	0.326309322190666	35	200	standardized log10 mean-expression + standardized logit detection; no bins; no replacement within program	20260829	FALSE
Wu_Zenodo_19123188	RANDOM_004	VNN2;STX11;IL7;CD200;KLRB1;SIPA1;SPECC1;FAR1;ITGB2;NXPE3;SLC43A3;SMARCA4;SMARCD2;TGOLN2;PEPD;TP53INP1;CCDC71L;HOMER1;RASSF8;SLC25A42;SMPD4;SH3BP2;AMBRA1;FBLIM1;TAGAP;SUMO4;EML6;SCPEP1;SLC6A6;ATOH8;HHIP;INTS6L;E2F1;SACS;TMEM82	-0.0742189710920497	0.182728781339549	0.136545734467442	0.326309322190666	35	200	standardized log10 mean-expression + standardized logit detection; no bins; no replacement within program	20260829	FALSE
Wu_Zenodo_19123188	RANDOM_005	CALHM6;IL18;MYO9A;GPR4;E2F1;GPR137B;RHOF;MUC20;ARHGEF26;TMEM71;SF3B4;AGO2;BRD7;GNB1;ATN1;HERPUD1;SLC35F6;DHX57;TTC39B;AMOTL2;TMCO3;NUDT7;BRPF3;SPHK1;DBNDD2;IL10;KCNH2;VCAM1;NEXN;GZMA;S100P;TEAD4;VAMP1;MMRN1;WNK2	-0.0965163098528794	0.235069965956552	0.136545734467442	0.326309322190666	35	200	standardized log10 mean-expression + standardized logit detection; no bins; no replacement within program	20260829	FALSE
Wu_Zenodo_19123188	RANDOM_006	SEMA4D;NDUFA4L2;KNTC1;STK32C;TRPM2;EPHB4;PIK3CD;DLG4;ANGPTL4;BBOX1;SRSF11;BCAR1;PHKB;MS4A6A;SELENOH;KCTD12;HHEX;FKBP14;SENP7;SCN1B;ARPC1A;LMTK2;PCNX3;SAMSN1;TRPV2;C12orf74;PLEKHG4;TMEM106C;TNC;AMPD3;IDO1;SIGLEC8;KIAA1328;NLRP3;RSAD2	-0.0857424816159097	0.22613936257182	0.136545734467442	0.326309322190666	35	200	standardized log10 mean-expression + standardized logit detection; no bins; no replacement within program	20260829	FALSE
Wu_Zenodo_19123188	RANDOM_007	MARVELD1;DOK2;BATF3;LAT2;NCEH1;SLC22A23;GZMK;CHST7;IER5;HPSE;EPRS;NEDD4L;TRIM24;JUN;PECAM1;SDHB;CXXC5;TMCO4;BLOC1S3;TMEM63B;DNM1L;NELFB;ASB13;ADAM19;PLIN4;LRCH2;C10orf62;ATF3;SLC3A1;PTAFR;CCDC146;XYLT1;SAP25;CASTOR1;EVC2	-0.0439160651005597	0.198421161500042	0.136545734467442	0.326309322190666	35	200	standardized log10 mean-expression + standardized logit detection; no bins; no replacement within program	20260829	FALSE
Wu_Zenodo_19123188	RANDOM_008	ACSM3;ALOX5AP;FAM180A;KAZN;SEMA6B;SLC4A7;NPR2;IRF6;TTPA;LRMP;CNOT11;HIPK1;ZNF410;CTSD;CYP27A1;AHR;POLD2;LACC1;TMEM8B;GMPPB;UCKL1;NMT2;PCGF2;EVI2A;DRAM1;FXYD3;TMEM163;PLIN2;UTY;GUCY1B1;VDR;RFTN2;IGFBP6;TAF11L6;DUSP18	-0.0213100462249585	0.169035292106427	0.136545734467442	0.326309322190666	35	200	standardized log10 mean-expression + standardized logit detection; no bins; no replacement within program	20260829	FALSE
Wu_Zenodo_19123188	RANDOM_009	PPP1R3C;RELT;SSC5D;CLCF1;MARCH9;CYB5R4;MXD1;PJA1;COL5A2;CTSW;TOM1;QRICH1;NOP58;EIF3A;ARF1;SSR2;KIAA0100;DOP1B;ZC3H12C;HSD17B8;PIP5K1A;GUCY1A1;NUP188;ARHGAP9;SYTL2;KIAA0408;ANO3;GNMT;SPIRE1;ZNF83;PDZRN3;LPAR2;CD109;RHPN1;SIT1	-0.0801434687908133	0.237989995495496	0.136545734467442	0.326309322190666	35	200	standardized log10 mean-expression + standardized logit detection; no bins; no replacement within program	20260829	FALSE
Wu_Zenodo_19123188	RANDOM_010	TMED3;SLC6A6;ALPK3;PRKD1;BCL2A1;SMLR1;DCDC2;MT1A;PACS1;DENND1C;EIF3D;STAT5B;CAPRIN1;UBB;LAMTOR4;GNAQ;ARL6IP1;PIDD1;ZBED5;EXD3;NAA10;MRNIP;INPP4A;IL16;ITM2A;SPRY3;DZANK1;CAPG;SEPTIN1;SLC3A1;BNC2;SULT1B1;MAPK12;RIPOR2;MZF1	-0.0683530422758917	0.191042052811917	0.136545734467442	0.326309322190666	35	200	standardized log10 mean-expression + standardized logit detection; no bins; no replacement within program	20260829	FALSE
Wu_Zenodo_19123188	RANDOM_011	PIK3CD;PLCB2;P2RX7;TAFA5;RRM2;BIRC3;NUSAP1;PAQR9;RHOG;LAX1;DNAJA3;TSHZ2;NISCH;TRIR;SOD1;ARGLU1;DCTN3;VSTM4;ARHGEF5;NSDHL;POLR3GL;ZC3H12A;THBS3;KDM5D;STEAP4;RASL10A;ICA1L;WARS;SRPX2;PHYHD1;CACNA2D1;USP17L3;BTBD19;RIMKLB;MED27	-0.0535442090899518	0.19688478025359	0.136545734467442	0.326309322190666	35	200	standardized log10 mean-expression + standardized logit detection; no bins; no replacement within program	20260829	FALSE
Wu_Zenodo_19123188	RANDOM_012	TRAF3IP3;HAND2;IPCEF1;NRROS;LEF1;PKLR;PDE4B;SAMD9;H3F3B;TEAD4;ARSA;SF3B3;CDS2;TNFRSF1A;BAG6;SCARB2;ATP1A1;TMCO6;LIG4;SPRED1;CACUL1;KIAA1522;NUDT2;ID4;CD48;SPAAR;CD1E;CHST11;SLCO3A1;MOGAT2;OIT3;PTGER2;AMIGO2;PEAR1;HIST1H2BH	-0.0775799553331462	0.186255523795962	0.136545734467442	0.326309322190666	35	200	standardized log10 mean-expression + standardized logit detection; no bins; no replacement within program	20260829	FALSE
Wu_Zenodo_19123188	RANDOM_013	FPR1;TRPS1;FOXC1;LRRC27;TCEAL3;KCNMA1;ATOH8;FAM174B;RASSF4;CYP39A1;SEPTIN6;NCOA2;ABHD14B;WNK1;SCARB2;MACF1;STK38L;RAC3;MARK4;MTMR6;CKLF;DOCK6;SAMD4A;RELT;PIK3CD;MATN3;SUMO4;METRNL;CDH13;PLAGL1;SIGLEC8;ST6GALNAC3;EPHA3;RIPOR2;ZNF77	-0.108039787410113	0.209750196401035	0.136545734467442	0.326309322190666	35	200	standardized log10 mean-expression + standardized logit detection; no bins; no replacement within program	20260829	FALSE
Wu_Zenodo_19123188	RANDOM_014	PHACTR1;SOX18;MAP3K7CL;CD33;TLR1;ITPRIPL2;HIC1;HSPA2;IER5;TMEM159;PRDM2;SAMD4B;NET1;PDK4;TNS3;MPST;FAM50A;KPNA5;OPA3;GANC;CKLF;ARHGEF6;GFOD1;CD69;SVEP1;TMCC2;DEPDC4;NEDD9;GZMA;TTC36;CCDC40;STEAP2;GNAO1;GUCY1A2;SAXO2	-0.0746494467518	0.230998547062538	0.136545734467442	0.326309322190666	35	200	standardized log10 mean-expression + standardized logit detection; no bins; no replacement within program	20260829	FALSE
Wu_Zenodo_19123188	RANDOM_015	CCDC88C;EDIL3;PREX2;NRN1;DBN1;RCSD1;TBX2;CYP7A1;PPP1R9B;VMO1;EIF3J;MAST4;KLHDC3;ARHGDIB;UQCR10;SDHB;EPB41L4B;STK26;TBC1D7;DEPDC7;SP110;KIAA1522;SLC1A5;MCTP1;DOCK8;CNTN4;CLNK;GPX2;GZMK;GRAMD1B;TAFA5;NXPE3;UAP1L1;XKR6;KLHDC7B	-0.0555048095566879	0.193025073382015	0.136545734467442	0.326309322190666	35	200	standardized log10 mean-expression + standardized logit detection; no bins; no replacement within program	20260829	FALSE
Wu_Zenodo_19123188	RANDOM_016	TTC36;MYO5A;OIT3;TCF7;ERG;IER5L;ADCY7;CYP7A1;HINT1;RAB30;PDLIM5;CDS2;BRD7;GSTK1;ETS1;MDM4;KLF10;PCDH12;ZBED4;ZNF680;ITSN2;CSPP1;ENTPD7;GLIPR2;SLC7A6;TUB;LRP4;CAPG;MARVELD1;TANC2;COL4A4;KIF26B;BMP2;PREX2;SEMA3B	-0.0766729760711083	0.20141148006342	0.136545734467442	0.326309322190666	35	200	standardized log10 mean-expression + standardized logit detection; no bins; no replacement within program	20260829	FALSE
Wu_Zenodo_19123188	RANDOM_017	TBX2;SEMA4D;SYNM;C14orf132;AVPR1A;IQGAP1;VGLL3;DGKD;CTPS1;FAM180A;NBN;RABL6;RHOT2;CNDP2;SEC11C;SYNE2;WARS;ALYREF;HDAC4;MOB1A;CLMN;CISH;RILPL2;DRAM1;ITGA9;LRRC4;C1orf210;FST;ATOH8;ACVRL1;LRP12;TAFA5;SGTB;BEST1;NPIPB15	-0.0683650182219814	0.201383443939497	0.136545734467442	0.326309322190666	35	200	standardized log10 mean-expression + standardized logit detection; no bins; no replacement within program	20260829	FALSE
Wu_Zenodo_19123188	RANDOM_018	RELT;COL8A1;EBF1;TRIM16;ORAI2;CCDC107;FGR;SAMD5;LRP5;HDAC9;RBM14;NUP98;DDX42;RRBP1;CRYL1;PPP2R1B;HYAL1;CNNM4;SLC22A3;C1orf21;TSPAN14;PCNX3;ALDOC;IRAK3;SLC7A6;MADCAM1;LRP4;GPX2;SELPLG;ZNF267;ADORA3;HSPB2;ABCA10;RIMKLB;ZNF736	-0.0645485699405129	0.184304653262934	0.136545734467442	0.326309322190666	35	200	standardized log10 mean-expression + standardized logit detection; no bins; no replacement within program	20260829	FALSE
Wu_Zenodo_19123188	RANDOM_019	PPP1R3C;DGKA;GJC1;ZNF688;GNA15;BASP1;MSC;SAMD9;TMEM97;UHRF1;RALBP1;KHNYN;FUCA2;MYH9;TP53INP1;MYO1B;CYP51A1;RHPN1;CEP95;RECQL;ACIN1;PDGFC;ABI2;UROC1;SGCE;NTNG2;TMEM246;METTL7B;ADCY3;SNX20;ACE;GPR176;UGT3A1;TEK;WNK2	-0.0655288507125316	0.1797156057244	0.136545734467442	0.326309322190666	35	200	standardized log10 mean-expression + standardized logit detection; no bins; no replacement within program	20260829	FALSE
Wu_Zenodo_19123188	RANDOM_020	ARHGAP31;SLC3A1;AGER;ANXA13;PLA1A;CFHR3;CYP21A2;TTBK2;SEC14L2;LGALS2;ANKLE2;GRB10;NET1;FNDC3B;RAC1;TCIM;RND3;C12orf66;ARHGEF5;ARHGEF18;DNM1L;CKS1B;PNPLA6;SCARF2;S1PR3;TPBGL;LRRC39;FGFR2;SLC2A1;PYHIN1;GALNT7;ETV4;LOXL4;FABP5;CCR6	-0.0735409331608028	0.220697636763655	0.136545734467442	0.326309322190666	35	200	standardized log10 mean-expression + standardized logit detection; no bins; no replacement within program	20260829	FALSE
Wu_Zenodo_19123188	RANDOM_021	CCDC3;TANC2;STON1;ADCY4;EPHA3;MFGE8;DOCK11;SASH1;CYP4A11;GALNT7;JOSD1;RABL6;REV1;ACAA1;ATOX1;RSRP1;KLHDC3;FAM131A;SNX15;CKS1B;DHRS1;CSPP1;NPHP3;UROC1;SEMA4D;CYSLTR2;SLC23A3;FCGR3A;CYP21A2;TOP2A;VMO1;ZNF124;KLRB1;CARD11;CCDC141	-0.0894848267418847	0.197931871283891	0.136545734467442	0.326309322190666	35	200	standardized log10 mean-expression + standardized logit detection; no bins; no replacement within program	20260829	FALSE
Wu_Zenodo_19123188	RANDOM_022	KIRREL1;HAND2;KNTC1;MIER2;SAP25;FER;SYNE3;MAML2;COLEC11;ALDH1A3;TMEM134;QRICH1;FOXN2;ANAPC16;HNRNPUL2;SPTSSA;CHKA;NEURL4;EML2;PCNX3;STX10;FAM3A;ANP32E;EFEMP2;CCND2;ADCY1;SIGLEC12;MSR1;DCDC2;SLC25A36;INKA2;TCF7;CD83;PALM;ARRDC5	-0.122274926869468	0.237886832612756	0.136545734467442	0.326309322190666	35	200	standardized log10 mean-expression + standardized logit detection; no bins; no replacement within program	20260829	FALSE
Wu_Zenodo_19123188	RANDOM_023	ARHGAP24;DGKA;ADRA1B;XYLT1;LPCAT2;MICAL1;FBXO32;EZH2;CIDEB;FIBIN;POGK;MYO1C;ROCK2;SH3BGRL3;CTDSP2;MGAT4B;YKT6;CDK7;IGIP;ANGEL1;CCNYL1;SOCS5;ERBB2;ADAM19;NCF4;CCL22;SCUBE1;TTPA;IL16;MUC13;PGM2L1;MECOM;BCL6B;RHPN1;RSAD2	-0.0650305869539973	0.206044439657025	0.136545734467442	0.326309322190666	35	200	standardized log10 mean-expression + standardized logit detection; no bins; no replacement within program	20260829	FALSE
Wu_Zenodo_19123188	RANDOM_024	TANC2;ALOX5AP;VSTM4;NDST2;BMF;LAMA5;BACE2;FAM174B;EHD2;KAZN;ZNF217;SMARCA4;ZNF410;BST2;EVL;TTC3;PNRC2;IL7;PPM1L;IRF2BP1;C17orf49;RBMS3;AMBRA1;FBLN1;DOCK8;DEPDC4;OXTR;VSIG4;NR4A3;GPR88;CD226;GATA3;BBS9;TLE4;CCDC171	-0.099803553128731	0.256849831599113	0.136545734467442	0.326309322190666	35	200	standardized log10 mean-expression + standardized logit detection; no bins; no replacement within program	20260829	FALSE
Wu_Zenodo_19123188	RANDOM_025	RUNX3;CAVIN3;DCHS1;CD300LF;RTP3;NPC1;KIF12;SZT2;SCPEP1;FIBIN;PURB;PTGES2;HMGN3;RXRA;BLVRB;HIGD2A;CPED1;SACS;MEGF8;DENND4B;FADS1;MPV17L;CHPF2;SAMD9L;SLC6A6;HORMAD1;PCDHGA2;IL7R;DIPK1B;GRAMD1B;LOXL3;HOPX;BTN2A1;PCDH12;KISS1	-0.0722675335644535	0.201870703478555	0.136545734467442	0.326309322190666	35	200	standardized log10 mean-expression + standardized logit detection; no bins; no replacement within program	20260829	FALSE
Wu_Zenodo_19123188	RANDOM_026	CALHM2;CCL20;OIT3;GTSF1;CDC42EP5;WLS;ZNF83;CCDC198;OGDHL;ZNF124;MPDZ;MCM7;RBM14;ETFB;TPM2;HIST1H1C;SLC43A1;DDR1;MFSD6;TM2D2;SEH1L;PIP4K2A;ANP32E;MCTP1;IFITM10;MEOX2;DEPDC4;CD37;NR4A3;GPR65;XKR6;PRUNE2;DCHS1;PTGS1;ALDH1L2	-0.0639600185515623	0.251802760041418	0.136545734467442	0.326309322190666	35	200	standardized log10 mean-expression + standardized logit detection; no bins; no replacement within program	20260829	FALSE
Wu_Zenodo_19123188	RANDOM_027	SPECC1;GIMAP1;GLMN;RAB30;MAP3K6;DNMT1;DOCK11;GUCY1B1;NIPSNAP1;NRN1;DEDD;DEGS1;KLHDC3;ETS2;SEPHS2;HSP90AB1;ITPKC;TMEM200B;JADE2;CSTA;SH3KBP1;ZMAT3;RGP1;KDM5D;RARRES1;CTRL;SLC6A11;F10;PMEPA1;MOGAT2;FAR2;ZFPM2;SSC5D;FOXC1;HSH2D	-0.042888924459948	0.201777670368601	0.136545734467442	0.326309322190666	35	200	standardized log10 mean-expression + standardized logit detection; no bins; no replacement within program	20260829	FALSE
Wu_Zenodo_19123188	RANDOM_028	FAP;PFKP;INAFM2;LAT2;ENO3;ZNF394;GNG2;EPHA2;CPT1A;EGFL8;SECISBP2;SH3BP4;KIAA1217;TMEM176A;SAT2;DNM2;HLF;SLC30A4;NEMP1;KDM5B;VPS45;SLC7A7;NUDT7;FGR;GBP4;B3GALT2;DIO2;LTBP4;SYTL2;PHC1;CELSR1;FIBIN;SYTL1;HTRA3;ZNF169	-0.0804673853897213	0.20547503937065	0.136545734467442	0.326309322190666	35	200	standardized log10 mean-expression + standardized logit detection; no bins; no replacement within program	20260829	FALSE
Wu_Zenodo_19123188	RANDOM_029	CCDC3;NR4A2;BIRC5;KCNQ1;PDE2A;SLC19A2;CCL4;PLXDC1;ACMSD;GPR153;UBR5;GFPT1;DDX42;LGMN;MYLK;GOLPH3;CBLB;CDK7;PSIP1;KRI1;RALGPS2;ZNF680;PDCL3;FCGR2B;GBP4;PCDHB5;RPA4;FAM118A;RARRES1;LRRC8C;MMRN1;RAB30;IFT172;PTGS1;SCNN1D	-0.0811678936287936	0.203096023056935	0.136545734467442	0.326309322190666	35	200	standardized log10 mean-expression + standardized logit detection; no bins; no replacement within program	20260829	FALSE
Wu_Zenodo_19123188	RANDOM_030	TRAF5;TBC1D10C;EPPK1;ADCY4;MARCH9;NRP2;MOXD1;AIFM2;SLC39A14;MCUB;AK1;VDAC1;MTMR10;YBX1;NUCKS1;CD151;KCNAB2;DCHS1;GPSM1;MSANTD3;NPEPL1;TTC14;DEPDC7;SYTL2;TENT5C;CD1E;PLAC9;TTPA;TNFRSF11B;KIRREL1;HOPX;NAP1L5;HACE1;CROCC;TLCD5	-0.134643002684893	0.21507199399074	0.136545734467442	0.326309322190666	35	200	standardized log10 mean-expression + standardized logit detection; no bins; no replacement within program	20260829	FALSE
Wu_Zenodo_19123188	RANDOM_031	MOXD1;MYO5A;AC073111.4;MEX3B;ANKRD37;RALGDS;IL18;AIFM2;PTPRJ;VDR;GTF2H5;GALK1;EIF3H;MS4A6A;MPST;LY6E;RHOG;SCN9A;ZBED4;CSTA;VMA21;MIS18BP1;H2AFY;PIK3CD;GMFG;HIST3H2A;NTNG2;PIK3IP1;ADAMTS10;OTULINL;CEMIP;PTGER2;MILR1;SLC25A12;DSG1	-0.0522960352509653	0.153979548988038	0.136545734467442	0.326309322190666	35	200	standardized log10 mean-expression + standardized logit detection; no bins; no replacement within program	20260829	FALSE
Wu_Zenodo_19123188	RANDOM_032	SASH3;GFRA1;BTK;TLE2;CX3CL1;SMOC1;APLNR;FAT4;TP53BP2;SULT1E1;SRSF11;RAB35;POLD2;ELL2;BCL3;UQCR10;YKT6;MYO9A;ZNF496;CSPP1;LRRFIP1;PPP1R14B;RECQL;PYCARD;NAV1;FAM162B;DIO2;ADIRF;ATP2A3;EPB41L1;RRAD;TMEM243;PALM;KCNK6;FOXQ1	-0.132885527682892	0.201891634159357	0.136545734467442	0.326309322190666	35	200	standardized log10 mean-expression + standardized logit detection; no bins; no replacement within program	20260829	FALSE
Wu_Zenodo_19123188	RANDOM_033	GLT1D1;OLFML2B;LRMP;RTL6;WTIP;AGTRAP;DOK2;PRAG1;AQP1;ESM1;POLD2;NR2F6;CEMIP2;SERPINF1;ATP1B1;ANAPC11;NAGK;AC073111.4;SRD5A3;ARFIP1;YIF1B;MFSD14B;LCAT;ITPRIP;MLIP;SIGLEC12;NTNG2;CHI3L1;MARVELD1;ABI3BP;OGN;SPINT1;TNFAIP8L3;DDTL;KLHDC7B	-0.0632713264432903	0.248100371401624	0.136545734467442	0.326309322190666	35	200	standardized log10 mean-expression + standardized logit detection; no bins; no replacement within program	20260829	FALSE
Wu_Zenodo_19123188	RANDOM_034	CAVIN3;TRAF5;CFP;MAP3K12;EPHA3;CD93;IL16;KLHDC8B;PPP1R9B;HPSE;GTF2H5;TAP2;CREBRF;CREG1;COX8A;CYP27A1;NET1;NME7;PIGL;MTMR6;BMP2K;PELI1;LDB2;SYTL2;FRMD6;CLDN16;SCN4A;LTBP2;GNG2;RUNX3;P3H2;LPAR2;ZBTB46;PARM1;BMPER	-0.117226881825929	0.247181616006621	0.136545734467442	0.326309322190666	35	200	standardized log10 mean-expression + standardized logit detection; no bins; no replacement within program	20260829	FALSE
Wu_Zenodo_19123188	RANDOM_035	CAVIN3;ADCY3;RASL11A;AK9;TCEAL3;GASK1B;VNN2;PLD2;ONECUT1;CD226;PID1;PRPSAP1;TEX2;GUK1;RNASE4;LAPTM4A;CYP51A1;ZNF436;KIFC2;ASAP2;CLSTN1;ODC1;ALDOC;SGCE;UROC1;TAL1;CRTAM;HIST1H1E;SEPTIN1;GZMA;MLLT3;FGF2;WDR7;CASTOR1;LINGO1	-0.0974691164763839	0.185654707327376	0.136545734467442	0.326309322190666	35	200	standardized log10 mean-expression + standardized logit detection; no bins; no replacement within program	20260829	FALSE
Wu_Zenodo_19123188	RANDOM_036	MYO1G;ICAM2;EBF1;MCUB;ENDOD1;FETUB;AFAP1L1;MID2;CPVL;CD5;CLDND1;SH3BP4;YKT6;IFI30;MPST;ARGLU1;BCL2L11;EPB41L4A;TMOD2;MRNIP;SCO2;NUP188;KCTD10;SYTL2;GLIPR2;STAG3;MC1R;F11;IKZF3;SCRN1;TAFA5;C16orf54;FOXM1;SLC25A12;SGCD	-0.0959746188666365	0.19740161688197	0.136545734467442	0.326309322190666	35	200	standardized log10 mean-expression + standardized logit detection; no bins; no replacement within program	20260829	FALSE
Wu_Zenodo_19123188	RANDOM_037	TMED3;NUSAP1;CHST1;MIER2;FILIP1;ADAM9;SLC3A1;SSH2;CRIP2;HDAC9;ZC3HAV1;HMOX2;EIF3H;ARL6IP4;FAM120A;PALM2-AKAP2;SLC43A1;MAP3K21;KIAA0586;NPHP3;SH3KBP1;TGFBR3;LRRC14;COL16A1;ID4;SH2D3A;PLAC9;IGFBP5;CD8A;HIC1;KAZN;DPEP2;BATF;PPP1R3G;SHROOM4	-0.106284073904561	0.296079816999931	0.136545734467442	0.326309322190666	35	200	standardized log10 mean-expression + standardized logit detection; no bins; no replacement within program	20260829	FALSE
Wu_Zenodo_19123188	RANDOM_038	RHOF;SLC7A5;TRERF1;LRP12;IGF2BP3;CLEC2B;NUSAP1;UNC5B;PCYT2;ESR1;WDR43;ZBTB38;ARHGAP12;WNK1;TLN1;SCARB2;NR2F6;PALM3;PJA1;LUZP1;NPEPL1;PARVB;THADA;TBC1D10C;SLC11A1;FAM162B;CAND2;ITGAX;SLC6A6;MAPK13;TCF7;IFITM1;TBXA2R;ZG16;SH3D21	-0.0429050159710651	0.206253432182254	0.136545734467442	0.326309322190666	35	200	standardized log10 mean-expression + standardized logit detection; no bins; no replacement within program	20260829	FALSE
Wu_Zenodo_19123188	RANDOM_039	TMEM106A;NUSAP1;HELB;UBXN10;ITGA11;FCHO2;PIK3CD;ENPP4;CHST11;PARP15;SRP68;RAPGEF5;ATP6V1C1;CALR;TMED9;CTSA;MID1IP1;RAC3;RUSC1;CASP7;ZBTB7B;ARL15;NDE1;STX11;CLIP4;LRCOL1;ARHGEF4;GHR;APOBEC3G;MUC13;HACD4;CSPG4;SGTB;PDZRN3;SLFN12	-0.044287107405634	0.23017492236697	0.136545734467442	0.326309322190666	35	200	standardized log10 mean-expression + standardized logit detection; no bins; no replacement within program	20260829	FALSE
Wu_Zenodo_19123188	RANDOM_040	SEPTIN5;CD48;SIGLEC9;ZNF184;MAP3K7CL;STAP2;MYLIP;PAPOLG;CRIP2;TMEM159;HNMT;SMARCC1;ARL6IP1;FOS;ATN1;ANPEP;ZFAND2B;FAM133B;IRS1;ASB13;RNPS1;FAM49B;SLC25A37;ADAMTSL2;TMC8;KIAA0408;MADCAM1;GM2A;SYTL2;CD8A;PAMR1;GPR176;FOXC1;ANGPTL6;MORN4	-0.0703412953388279	0.238555523747659	0.136545734467442	0.326309322190666	35	200	standardized log10 mean-expression + standardized logit detection; no bins; no replacement within program	20260829	FALSE
Wu_Zenodo_19123188	RANDOM_041	ADAMTS10;NUSAP1;HOMER1;ARMCX2;DLL1;PAM;CAPN12;TIE1;LACTB2;FKBP1B;CDK13;FCHSD2;BORCS7;COX7C;GNB2;IL13RA1;DCAF12;POLA1;CAMKMT;LMO2;SF3A2;AMOTL2;TCEAL9;SLC22A10;ARHGAP9;FHAD1;TAL1;METTL7B;TNFSF13B;EDIL3;PRKD1;CD300LF;TLR1;SNCA;CYB5R2	-0.065309969933389	0.189749032634489	0.136545734467442	0.326309322190666	35	200	standardized log10 mean-expression + standardized logit detection; no bins; no replacement within program	20260829	FALSE
Wu_Zenodo_19123188	RANDOM_042	SLC2A1;SLC6A6;OLFML2A;EDNRA;CD27;GPSM3;ARHGAP24;FBF1;AMACR;SLC25A12;REPS1;HIBADH;SPATA20;PTTG1IP;CARHSP1;LAPTM4A;PEAK1;TRAF3IP2;PPM1L;IL1RN;PBX3;NUP188;KIAA1522;UROC1;NPR2;HOXB7;CCDC154;GDA;NR4A3;LMOD1;DENND1C;MYBL2;KLRB1;SYTL3;PDE11A	-0.0689850730842411	0.209654464563227	0.136545734467442	0.326309322190666	35	200	standardized log10 mean-expression + standardized logit detection; no bins; no replacement within program	20260829	FALSE
Wu_Zenodo_19123188	RANDOM_043	GSTM1;LAMA2;ENHO;GNG7;KIAA0895L;IFRD2;ARHGAP30;MOGAT2;FAT1;RTN1;NBN;RCN1;PPHLN1;ECH1;RAC1;TMCO1;EPHX2;RPH3AL;WFS1;LPAR6;HCFC1R1;FRK;SAMD4A;CYP3A4;DEF6;CCDC194;ZNF502;LMCD1;CALHM6;HCST;ANGPT1;CENPU;CLEC4A;KDM8;CCDC141	-0.0620764714318978	0.205926644104065	0.136545734467442	0.326309322190666	35	200	standardized log10 mean-expression + standardized logit detection; no bins; no replacement within program	20260829	FALSE
Wu_Zenodo_19123188	RANDOM_044	FPR1;PAPLN;INAFM2;VMO1;THEMIS;GALNS;PDE4B;DGKD;PNKD;KLF5;RGS3;MYD88;TMX4;CREG1;PHYH;PGM1;MAFK;C18orf21;LMF1;CFHR4;PRDX3;CADPS2;MIS18BP1;PMEPA1;SLC22A10;FSCN3;MADCAM1;SLC13A5;CLEC7A;PHLDA3;GDPD5;GAL3ST4;FLT3LG;CDC14A;SLFN12L	-0.021579010841325	0.186338326199178	0.136545734467442	0.326309322190666	35	200	standardized log10 mean-expression + standardized logit detection; no bins; no replacement within program	20260829	FALSE
Wu_Zenodo_19123188	RANDOM_045	PBX1;ADAM19;P2RY10;THSD7A;SLC22A18AS;IER5L;FCGR2B;PLAGL1;EPHX2;GNA14;NBN;RHOG;SRP68;CREG1;GAMT;TMCO1;SLC35F6;WDR4;PSIP1;TMEM181;CMAS;ITGAL;RIT1;SMOC2;RELT;SLC22A11;ABCB9;ASPN;NCF4;DCLK2;CREB3L1;DLG2;NOSTRIN;P2RX7;GPIHBP1	-0.0684345401893575	0.173642034939284	0.136545734467442	0.326309322190666	35	200	standardized log10 mean-expression + standardized logit detection; no bins; no replacement within program	20260829	FALSE
Wu_Zenodo_19123188	RANDOM_046	SOX18;MRAS;IL7;MEF2B;NOD1;PIGR;CALHM6;ULK4;LEPROTL1;ZNF124;UBR5;EXOC3;ELP2;ABHD2;MBNL1;RNASE4;VASH1;UGT3A1;ANXA9;ZMIZ1;NES;KMT5A;TGFBR3;EFEMP2;VGLL3;SPRY3;TCEANC2;ID1;KSR1;SAMD5;SULT1E1;PYROXD2;BATF;MYO9A;ZNF765	-0.0726864207522538	0.264211372004244	0.136545734467442	0.326309322190666	35	200	standardized log10 mean-expression + standardized logit detection; no bins; no replacement within program	20260829	FALSE
Wu_Zenodo_19123188	RANDOM_047	FGR;PTGIR;TMEM91;UBXN10;NRARP;GIMAP7;VNN2;RCBTB2;HSPG2;NOVA2;DPP9;HMOX2;ITPKC;CFLAR;TYMP;C4orf3;MAFK;LZTFL1;PHF13;ANKRD26;ATXN1;GRK5;INPP4A;ITM2A;IRAK3;CD1E;FAM161B;GPAM;COL8A1;PYHIN1;HIVEP3;TFPI2;ARHGEF25;PDE10A;ZNF765	-0.106862693567692	0.241768499756492	0.136545734467442	0.326309322190666	35	200	standardized log10 mean-expression + standardized logit detection; no bins; no replacement within program	20260829	FALSE
Wu_Zenodo_19123188	RANDOM_048	PHLDA3;TNFSF13B;SLC25A12;SEZ6L2;CXCL14;HMGCS1;SEPTIN1;SLC25A29;COL5A2;NPNT;LRP6;GIGYF1;PSMD6;CNN3;ECI2;APOL6;NR2F6;HERC5;RAD1;MTHFR;AQP3;BRPF3;FAM241A;LRRC25;TBC1D10C;NLRP2;GPR158;KLF15;CHML;IFI27L2;ARL10;XPNPEP2;ARID3B;CDC42EP2;TMEM240	-0.109259343270162	0.189276351303984	0.136545734467442	0.326309322190666	35	200	standardized log10 mean-expression + standardized logit detection; no bins; no replacement within program	20260829	FALSE
Wu_Zenodo_19123188	RANDOM_049	SP140;CD48;EPB41L4A;MIER2;SPN;FETUB;LAMA2;MT1A;ANGPTL4;HAGHL;SLC16A1;DDX21;FAM32A;KLF6;NFIL3;SOD1;ABCA6;DZIP3;APAF1;MFSD14B;CYP2J2;KIAA1522;SH3BP5L;TSPAN8;PFN2;TERC;NPAS3;EMILIN1;MSRB3;ITK;DOK3;SOX6;RRM2;ZC3H12D;GAREM2	-0.0143116751570896	0.177638795320608	0.136545734467442	0.326309322190666	35	200	standardized log10 mean-expression + standardized logit detection; no bins; no replacement within program	20260829	FALSE
Wu_Zenodo_19123188	RANDOM_050	MYORG;SEPTIN1;FABP5;RNF144A;CARD11;PREX1;MMP11;TMOD2;ADA2;OSBPL5;ZC3HAV1;RHOG;RNF40;RXRA;TMCO1;DSTN;NAGK;GPD1L;SLC25A43;PIP4P1;ZFYVE16;PIP5K1C;KRI1;HCK;IRAK3;PLLP;PCDHB7;DNAJA1;SPART;SOX9;SYT11;CD33;EPHA3;ITGA7;GCNT1	-0.0714518686487139	0.204520608232186	0.136545734467442	0.326309322190666	35	200	standardized log10 mean-expression + standardized logit detection; no bins; no replacement within program	20260829	FALSE
Wu_Zenodo_19123188	RANDOM_051	NR4A3;DCDC2;SYNM;PMAIP1;ATRNL1;LAMA4;NIBAN1;TNFRSF25;PTPRJ;SIRPB2;RBM14;VDAC1;ZNF24;EIF4EBP2;PEPD;PPP2R1B;FCHSD2;ZG16;PEX6;ARFIP1;TRAPPC10;SLC25A42;ADAM17;ANK3;ADAMTSL2;SLCO1A2;MADCAM1;HYAL1;GABBR1;ATOH8;ANGPT1;HOPX;PRICKLE2;MMRN1;DCLRE1B	-0.116454384228916	0.248199900108875	0.136545734467442	0.326309322190666	35	200	standardized log10 mean-expression + standardized logit detection; no bins; no replacement within program	20260829	FALSE
Wu_Zenodo_19123188	RANDOM_052	MRVI1;SLC2A1;ARHGEF25;PGM5;EVA1C;ZBTB18;FGR;BIN2;F10;EMCN;CLDND1;TMEM109;CAPRIN1;TM9SF2;HCLS1;IL13RA1;WSB2;HNF1B;ANO10;PLXNB1;ZNF655;AP5Z1;AMBRA1;SPHK1;PLEK;COL4A3;DEPDC1;THEMIS2;PPP1R3C;EPB41L1;SUSD2;ADGRE2;RHPN1;ADRA1B;CCBE1	-0.071854854365217	0.215430287246331	0.136545734467442	0.326309322190666	35	200	standardized log10 mean-expression + standardized logit detection; no bins; no replacement within program	20260829	FALSE
Wu_Zenodo_19123188	RANDOM_053	ARHGAP10;SLAMF8;CASTOR1;CELSR1;RASGRP1;PTPN3;LDHB;PRXL2C;EHD2;DNAJB5;PNRC2;GFPT1;SGK3;OGA;GNB2;MGAT1;NISCH;TRAF3IP2;RSBN1;IRGQ;SF3A2;MANBA;AR;CCL4;SLC11A1;CD22;C1orf210;TKT;TNFSF13B;ZNF267;FAR2;CD180;IGF2BP2;BNC2;KCNN2	-0.0892288757386624	0.174771060879376	0.136545734467442	0.326309322190666	35	200	standardized log10 mean-expression + standardized logit detection; no bins; no replacement within program	20260829	FALSE
Wu_Zenodo_19123188	RANDOM_054	DCDC2;TAGAP;P2RX7;P2RY8;SEMA3C;ZNF331;P4HA2;ZNF175;SCPEP1;CREB5;KEAP1;ARL6IP1;SZRD1;PLXND1;MDM4;CTTN;TMEM184B;ZCCHC4;FDX2;ZMIZ1;ARPC1A;ARL15;NUP188;CD8A;PTGER4;KLLN;SIGLEC12;PLVAP;KIRREL1;ATOH8;IDO1;C14orf132;TBXA2R;ITGA7;LRATD1	-0.113576893935375	0.273750756196096	0.136545734467442	0.326309322190666	35	200	standardized log10 mean-expression + standardized logit detection; no bins; no replacement within program	20260829	FALSE
Wu_Zenodo_19123188	RANDOM_055	ST14;ADCY3;RASL11A;COL8A2;ITPR3;GMNN;TRPS1;ACVRL1;DCAF11;CYP39A1;SRPK1;PEAK1;FAM32A;CNDP2;MAPKAPK2;REEP5;DDX21;ZSCAN25;AGBL5;DCK;SYNRG;LUZP1;PSKH1;NQO1;ITGA9;GPR18;SLC51B;DIO1;LMOD1;PPP1R13L;ZNF124;GPR176;IFT172;CD5;GPR146	-0.12456675655635	0.215587815816012	0.136545734467442	0.326309322190666	35	200	standardized log10 mean-expression + standardized logit detection; no bins; no replacement within program	20260829	FALSE
Wu_Zenodo_19123188	RANDOM_056	NID2;SMIM3;BTK;SLAMF7;LY86;SHROOM1;CAVIN3;NUMBL;CHST11;SLIT2;RGS3;ACSM5;EEA1;EIF3A;PIK3R1;VKORC1;MTA2;ZNF438;TTBK2;KCNJ8;TMCO3;S100PBP;SLC25A37;LAMA2;CD72;KLLN;C1orf210;HJV;OLFML2B;PAPLN;FGF2;GJA5;MAP3K6;B3GNT5;WNK2	-0.0947114724173115	0.219041365220298	0.136545734467442	0.326309322190666	35	200	standardized log10 mean-expression + standardized logit detection; no bins; no replacement within program	20260829	FALSE
Wu_Zenodo_19123188	RANDOM_057	RCAN2;SEMA4G;ITGA7;CDRT4;LY86;CYP4F11;MLIP;LRRK1;FMR1;MEF2B;IDH3G;CTIF;MGRN1;HNRNPA2B1;CHPT1;PON2;EPB41L4B;NUBPL;PFAS;MTHFR;SLC4A2;PIP4K2A;MSANTD3;SPHK1;ARHGAP9;TMSB15B;CAND2;KCNAB2;EDIL3;ACAP1;CDH6;FCHO1;FHL1;DCHS1;TNFAIP8L2	-0.0809677816306828	0.194059018736032	0.136545734467442	0.326309322190666	35	200	standardized log10 mean-expression + standardized logit detection; no bins; no replacement within program	20260829	FALSE
Wu_Zenodo_19123188	RANDOM_058	PDE4B;MLKL;BTBD19;ANXA13;ITGA11;NR1I2;LILRB2;BCHE;ARRDC2;SEC31B;YTHDC2;NFKB2;GDE1;TRIR;NDUFB10;APOL6;HIST1H1E;DDX51;FAM222B;PIK3CB;PIK3R2;LDB2;CASP7;AFAP1;FRZB;ZNF132;DIO2;ACSL4;MYLIP;NR4A3;DOK3;CD180;STON1;RRM2;DUSP18	-0.0648461114401984	0.211900799553272	0.136545734467442	0.326309322190666	35	200	standardized log10 mean-expression + standardized logit detection; no bins; no replacement within program	20260829	FALSE
Wu_Zenodo_19123188	RANDOM_059	ARHGAP30;MCTP1;FAM180A;TRABD2B;RASGRP1;IFRD2;TNFSF13B;TFEC;CITED4;RRAD;KHSRP;ITPKC;USP4;H1FX;SCARB2;PPP2R1B;PLEKHO2;PHETA1;PSIP1;MAGI1;ARHGEF40;ARL15;CASP7;DCDC2;DGKA;PRSS3;CD22;TNXB;SPIRE1;HK3;CCDC40;APOL4;E2F1;ANKRD29;AKAP5	-0.0716113230105844	0.241803682463053	0.136545734467442	0.326309322190666	35	200	standardized log10 mean-expression + standardized logit detection; no bins; no replacement within program	20260829	FALSE
Wu_Zenodo_19123188	RANDOM_060	ATP2A3;CYP21A2;XKR6;GTSF1;LEF1;PPARG;LDHB;LAD1;CA2;CD300LF;NADK;MBD6;ADAM10;HSP90AA1;NDUFB10;SUMF2;EPHX2;PHETA1;PHF13;LMO2;UCKL1;ARHGEF18;CCDC93;CD300A;HES4;NPY1R;LRCH2;GPT2;ANKRD44;MYO1G;CDHR2;CHST3;B3GNT5;ZC3H12D;TRIM34	-0.012378384979663	0.215323537182906	0.136545734467442	0.326309322190666	35	200	standardized log10 mean-expression + standardized logit detection; no bins; no replacement within program	20260829	FALSE
Wu_Zenodo_19123188	RANDOM_061	TBC1D10C;LYVE1;TMEM91;RPP25;NCS1;BIRC3;EDIL3;PPM1L;SCPEP1;EGFL8;WDR43;RETREG3;CENPB;LITAF;LAP3;ANPEP;CBLB;C22orf39;PIGL;SRC;DHRS1;KDM5B;RPA1;KRT23;DUSP5;ATP13A4;HOXD9;DNAJA1;IL16;FAT4;CD33;TMEM243;NAT2;FHL1;SEMA3B	-0.0278134143964791	0.191072316211595	0.136545734467442	0.326309322190666	35	200	standardized log10 mean-expression + standardized logit detection; no bins; no replacement within program	20260829	FALSE
Wu_Zenodo_19123188	RANDOM_062	SYNE1;HOMER3;SYTL1;GTSF1;IPCEF1;CSF2RA;LOX;SEC14L4;IER5;FGF21;CDC42BPA;FLCN;PSMA4;CHCHD2;SLC2A4RG;SLC25A39;OPLAH;HOMER1;ZSCAN18;MANBA;TSPAN6;LDB2;PIP4K2A;THRSP;ITGA9;GALNTL6;EML6;TAP2;PIK3CD;ACAP1;SLC2A5;LPL;SRPX;MPPED1;CLGN	-0.000431667339382602	0.191838741481885	0.136545734467442	0.326309322190666	35	200	standardized log10 mean-expression + standardized logit detection; no bins; no replacement within program	20260829	FALSE
Wu_Zenodo_19123188	RANDOM_063	FAP;ADAMTS10;BTK;GNPDA2;TBXA2R;GGT5;TMEM47;STAT5A;METRNL;FAM180A;CBFB;KLHDC3;CNOT11;SERPINF1;SEC11C;COMT;MASP1;GPATCH3;TSPAN12;SPRED1;YTHDF3;C2CD5;PSKH1;PTGER4;IL16;TMEM178B;NEIL3;CPVL;DIPK1B;SRD5A2;IDO2;FAR2;CDC14A;PARM1;DOK6	-0.0643870243054447	0.21569561686321	0.136545734467442	0.326309322190666	35	200	standardized log10 mean-expression + standardized logit detection; no bins; no replacement within program	20260829	FALSE
Wu_Zenodo_19123188	RANDOM_064	SLC3A1;ACSM3;P2RY10;INKA2;IGF2BP3;XDH;SLC37A2;MTFP1;C1orf198;ENO2;AIP;VCAM1;DARS;EIF5;ATN1;ANXA4;SERPINB9;C1orf112;ANKRD27;UNC93B1;CRTC3;LMTK2;AKIP1;NDUFA4L2;MAL2;LRRC39;PRDM6;ITGB2;ARHGAP10;ACVRL1;CGAS;NRN1;BTK;SPN;CACNB3	-0.0469943601402574	0.231538583626137	0.136545734467442	0.326309322190666	35	200	standardized log10 mean-expression + standardized logit detection; no bins; no replacement within program	20260829	FALSE
Wu_Zenodo_19123188	RANDOM_065	FGD3;EIF1AY;STC2;XPNPEP2;GSDME;GCKR;NCF4;SCRN1;GLMP;DOK3;POLR2K;SCAND1;GFPT1;FIS1;IGFBP3;HNRNPU;BID;TRIM3;CLDN3;CHMP7;PI4KA;TCEAL9;SAMD4A;SMOC2;VGLL3;LRRC4;CYB5D1;MDK;VEGFC;TMEM255B;GPR174;SLC22A15;FAM43A;SLIT3;CLEC3B	-0.0584935871760625	0.225713826756744	0.136545734467442	0.326309322190666	35	200	standardized log10 mean-expression + standardized logit detection; no bins; no replacement within program	20260829	FALSE
Wu_Zenodo_19123188	RANDOM_066	TNFSF13B;OAS3;ENO2;RHBDF1;EMB;ZBTB18;KIAA0513;NUMBL;GHR;HDAC9;SUN1;PDIA4;UPF1;PSME1;NFIL3;HSD17B11;STK38L;LACC1;ZMYM6;DNAJB14;BCAM;SPRED1;TFCP2;SEPTIN1;FLI1;ANKRD34A;CADM2;PLGLB2;NIBAN1;FUT4;GPC4;DLG2;STC2;CASTOR1;GALNT15	-0.0739444115851197	0.20378299499069	0.136545734467442	0.326309322190666	35	200	standardized log10 mean-expression + standardized logit detection; no bins; no replacement within program	20260829	FALSE
Wu_Zenodo_19123188	RANDOM_067	ADAM8;TBC1D10C;IPCEF1;RAB30;ZWINT;IER5L;MAPK13;MUC20;GHR;LDOC1;PITRM1;SF3B3;SEC24B;ECH1;CRYL1;ARPC1B;ZFC3H1;FCSK;CYB561;MOB1A;CHIC2;PDZK1;CWF19L2;EDIL3;SAMD9L;AMH;TMEM178B;PLIN2;PBX1;FABP4;FNDC1;PAMR1;PELI2;CROCC;RGS4	-0.0394670822935378	0.232334084182067	0.136545734467442	0.326309322190666	35	200	standardized log10 mean-expression + standardized logit detection; no bins; no replacement within program	20260829	FALSE
Wu_Zenodo_19123188	RANDOM_068	NEXN;OLFM2;BTBD19;RBL1;SLC22A18AS;ARHGAP26;CALHM2;KIFC2;PTPRJ;SYT11;PID1;TMEM109;BRD7;ETS2;HSP90AB1;MTDH;SMTN;VSTM4;SCFD2;TTLL3;MTUS1;AR;KCTD10;DGKA;MAL2;TMEM108;SH2D3A;COL14A1;CD38;BICD1;FGF21;KAZN;PCDH12;ZBTB46;ITGAD	-0.146807005871088	0.232837583222212	0.136545734467442	0.326309322190666	35	200	standardized log10 mean-expression + standardized logit detection; no bins; no replacement within program	20260829	FALSE
Wu_Zenodo_19123188	RANDOM_069	NID2;OAS3;BEST1;CENPU;TCEAL3;KCNMA1;ARHGAP9;PPP1R26;TWF2;SULT1E1;CNP;PPARA;STRN4;RRBP1;ANKHD1;ECI2;SGK3;FBXL8;GORAB;DDX49;VPS45;MFSD14B;FAM241A;DGKA;NDUFA4L2;C3orf52;FAM163B;CTHRC1;SLC2A1;PRKCB;AIF1L;CELSR1;RIMKLB;KPNA5;ARHGAP33	-0.0522225658721434	0.19767110536481	0.136545734467442	0.326309322190666	35	200	standardized log10 mean-expression + standardized logit detection; no bins; no replacement within program	20260829	FALSE
Wu_Zenodo_19123188	RANDOM_070	CHML;ID4;PTGS1;LCMT2;TSPAN18;FGD2;CYP21A2;ZNF704;HSPG2;ULK2;SRP72;ARL6IP1;IMP4;TAPBP;TMCO1;NME2;DGAT1;ZNF436;RABEP2;MFSD14B;VPS45;ANP32E;AMOTL2;LTB;NR4A2;FAM169B;ZNF287;GDA;LILRB5;SLC49A3;ITGA3;GPR4;DAAM2;ATRNL1;KCNN3	-0.120687663796195	0.25385047210298	0.136545734467442	0.326309322190666	35	200	standardized log10 mean-expression + standardized logit detection; no bins; no replacement within program	20260829	FALSE
Wu_Zenodo_19123188	RANDOM_071	FGR;FRY;NAT2;HOXB4;E2F1;ACOX2;ST14;BAMBI;OSMR;SLC2A5;NKTR;SGK3;CBR1;COL4A1;NDUFA1;S100A10;GRAMD1A;ADAT2;EED;RP2;TMCO3;OAS2;CKS1B;LMOD1;PIK3R5;PCDHB12;GALNT12;NEDD9;CYP21A2;SRPX2;FIBIN;TAFA5;EPHA3;DCHS1;TMEM178A	-0.119735448846359	0.277157153610682	0.136545734467442	0.326309322190666	35	200	standardized log10 mean-expression + standardized logit detection; no bins; no replacement within program	20260829	FALSE
Wu_Zenodo_19123188	RANDOM_072	NFASC;OLFM2;FHIT;TLE2;ITPR3;SLC30A10;LILRB2;INHBB;LRP5;P2RY8;PPP1R12A;NR5A2;TMEM127;HSPA8;CD44;DSTN;ABCD3;DZIP3;MIS12;PLXNB1;VPS45;PCGF2;SPRY2;MMP9;EFEMP2;NPY1R;KPNA7;ADAMTS2;CDH13;C5AR2;CCNA2;TNFSF8;KDM8;TMEM91;PDE6G	-0.0368367952527029	0.212976585894886	0.136545734467442	0.326309322190666	35	200	standardized log10 mean-expression + standardized logit detection; no bins; no replacement within program	20260829	FALSE
Wu_Zenodo_19123188	RANDOM_073	ITM2A;DOCK11;SPN;FCHO1;CDC42EP5;SLC4A7;SPART;GLIS3;FAT1;CXCR6;PCED1A;TRAK1;ISOC1;TUT7;ATP1B1;HADHA;SERINC2;SLC30A4;CAMKMT;C2CD5;NCK1;TBC1D16;ARSE;HCK;TGFB3;NPBWR1;CD1E;GHR;FCGR2B;MUC13;MEX3B;GFI1;SNAPC2;FOXM1;SAXO2	-0.00166641935381773	0.208242226457649	0.136545734467442	0.326309322190666	35	200	standardized log10 mean-expression + standardized logit detection; no bins; no replacement within program	20260829	FALSE
Wu_Zenodo_19123188	RANDOM_074	TMED3;RELT;FABP5;ST6GALNAC3;TAF11L6;GCGR;BACE2;EPG5;SUSD6;NPNT;MAP3K3;DMTF1;CAPRIN1;SLC40A1;GAMT;MBNL1;LAPTM4B;APH1B;ZFP41;NSDHL;RBM15;UNC93B1;NELFB;CCL19;NQO1;SLC4A5;MLF1;FGFR2;KSR1;KIAA0513;CDH6;YPEL1;MMP23B;FOXC1;RASEF	-0.132374705567968	0.207493840262068	0.136545734467442	0.326309322190666	35	200	standardized log10 mean-expression + standardized logit detection; no bins; no replacement within program	20260829	FALSE
Wu_Zenodo_19123188	RANDOM_075	ARHGAP9;SOX18;NBPF20;TRABD2B;GLT8D2;MTHFD1L;NDUFA4L2;CGREF1;EPB41L2;MCUB;SUZ12;CEMIP2;BRD7;ITGB1;SPCS1;BAG1;TSTA3;ZNF697;EML2;DMXL1;CMAS;RNASE6;CWF19L2;ITGA9;ADAM19;CX3CR1;ABCB9;PKM;PIK3CD;SOX9;FCN2;LIF;GJC1;VWA5A;PLCH2	-0.0640466453992254	0.239218679731146	0.136545734467442	0.326309322190666	35	200	standardized log10 mean-expression + standardized logit detection; no bins; no replacement within program	20260829	FALSE
Wu_Zenodo_19123188	RANDOM_076	SEPTIN5;LXN;EPHA3;IFITM1;OLFML2A;GLIPR1;ARHGAP10;SCLT1;SLC39A14;CREB3L1;KEAP1;GRB10;PITRM1;ITGB1;AURKAIP1;SLC25A39;GALK1;DDTL;DNAH1;VPS11;MOB3A;TMEM38B;TINF2;COL8A1;PLIN4;SYTL5;CCDC154;OSGIN1;VNN2;IFI27L2;FLRT2;RARB;SYTL1;SH3RF3;PRR22	-0.0561671657316075	0.213889149115966	0.136545734467442	0.326309322190666	35	200	standardized log10 mean-expression + standardized logit detection; no bins; no replacement within program	20260829	FALSE
Wu_Zenodo_19123188	RANDOM_077	CCDC3;IYD;RASL11A;INKA2;BCL11B;ITPRIPL2;CAVIN3;PLAGL1;STK17B;DNAJB5;LIMA1;MCM7;SPNS1;CFL1;HIPK3;LY6E;TRIM24;GAS2L3;TCP11L2;IRGQ;NUDCD3;UNC93B1;RECQL;CCL4;TMC8;SLC22A11;MEOX2;F11;SASH3;FNDC5;HK2;CENPU;KDM8;KLF5;SHROOM4	-0.0552968739373269	0.180828361577751	0.136545734467442	0.326309322190666	35	200	standardized log10 mean-expression + standardized logit detection; no bins; no replacement within program	20260829	FALSE
Wu_Zenodo_19123188	RANDOM_078	GZMA;CAVIN3;CES4A;IQCG;NFATC4;MYO1D;GNG2;FAT4;B4GALT5;GALNT7;TASOR;USF1;IVNS1ABP;SEC31A;MBNL1;UBC;NEDD4L;KLHL18;ARL4D;TMEM181;SYNRG;TTL;SPRY2;TNC;COL16A1;GIPR;MYCN;ADAMTS2;EDIL3;GPR88;DLL4;SH2D1A;TNFAIP8L3;CLRN3;ROR1	-0.0979879110552613	0.283531052329149	0.136545734467442	0.326309322190666	35	200	standardized log10 mean-expression + standardized logit detection; no bins; no replacement within program	20260829	FALSE
Wu_Zenodo_19123188	RANDOM_079	FUT11;SMIM3;AGPAT4;STEAP2;BCL11B;ARHGAP45;PLCB2;MYO10;FBXO9;HAGHL;AGPS;SGK3;ROCK2;CTNND1;CNN2;SLC9A3R2;NISCH;HNF1B;ASB1;MAGI1;UROS;ASAP2;DBP;GZMK;RELT;SLC4A5;SCUBE2;HYAL1;DOK2;SMAD6;HOXB3;ZNF124;TRIM3;SYTL3;TEX9	-0.115864930130116	0.238989553174311	0.136545734467442	0.326309322190666	35	200	standardized log10 mean-expression + standardized logit detection; no bins; no replacement within program	20260829	FALSE
Wu_Zenodo_19123188	RANDOM_080	COL8A1;DOK2;LGALS2;KIAA0753;RTP3;HIF1A;NDUFA4L2;EVC;CD53;ENO2;CSGALNACT2;SIGIRR;ZNF24;LASP1;GNAQ;DSTN;KLF10;ZNF503;TTI1;DUSP7;AQP3;SLC31A2;LCAT;TRAF1;CD48;GLIPR1L2;SIGLEC12;HPGD;ANKRD44;LAMC3;RAPGEF3;GPR174;KIAA0895L;PALM;PLAC8	-0.0274903911250221	0.224736693251925	0.136545734467442	0.326309322190666	35	200	standardized log10 mean-expression + standardized logit detection; no bins; no replacement within program	20260829	FALSE
Wu_Zenodo_19123188	RANDOM_081	CHML;ABI3;RIPOR2;PTGER2;BMF;LIPC;CD96;SFT2D1;COL5A2;CC2D2A;RHOQ;YY1;STAT5B;SLCO2B1;FAH;ARF1;AMPD2;CTNS;B3GALNT2;ARFIP1;ACAP2;TTLL3;CSTA;UROC1;FRZB;NSUN7;SIDT1;C1orf115;TRPS1;BIN2;P2RY8;NAP1L5;PDP1;FCGBP;ZNF169	-0.088286862265655	0.183740835066023	0.136545734467442	0.326309322190666	35	200	standardized log10 mean-expression + standardized logit detection; no bins; no replacement within program	20260829	FALSE
Wu_Zenodo_19123188	RANDOM_082	RCAN3;SEMA4D;CD109;TCP10L;PDE1A;TNFSF14;OLFM2;IL33;TP53BP2;HOPX;CLDND1;PPP3CB;ROCK2;ZFP36L1;GNAQ;EMC4;DDX21;ZNF697;ENPP4;SNHG32;ATP9B;KIAA1522;RBM38;PFKP;RASA3;OXTR;MYCN;HYAL1;CHRNA4;TFEC;MCUB;IDO1;UAP1L1;CHST1;PTGER3	-0.107775728063673	0.210582535046459	0.136545734467442	0.326309322190666	35	200	standardized log10 mean-expression + standardized logit detection; no bins; no replacement within program	20260829	FALSE
Wu_Zenodo_19123188	RANDOM_083	IL18;LILRB2;FHIT;GPR4;FEZ1;CELF2;FGR;FAR1;NEDD4L;CCL3;NEU1;QRICH1;LIMD1;ST6GAL1;PHC2;ANXA6;KLF15;SLC30A4;ZMYM6;ZADH2;ZDHHC20;ARHGEF3;MTMR1;AKR1B10;NBEAL2;NPBWR1;KRT222;CREB3L3;RHOF;MAML2;FAM180A;TNFSF8;LPAR1;HILPDA;PRDM11	-0.0118285676867379	0.189437600905326	0.136545734467442	0.326309322190666	35	200	standardized log10 mean-expression + standardized logit detection; no bins; no replacement within program	20260829	FALSE
Wu_Zenodo_19123188	RANDOM_084	UBXN11;COX7A1;NAT2;HIST1H2BG;LY9;KALRN;LYVE1;HSPBAP1;KIF1C;XPNPEP2;SLC33A1;BORCS7;PAM16;CALR;MTCH1;SLC9A3R2;CYP51A1;VWA5A;SLC39A10;GPALPP1;KIAA1671;ZBTB25;PCGF2;COL8A1;SGCE;LRRD1;LILRA2;SCPEP1;TACC3;ADAM28;RAPGEF3;CNDP1;FILIP1;KLF5;PRR22	-0.0671583331626006	0.209334856623734	0.136545734467442	0.326309322190666	35	200	standardized log10 mean-expression + standardized logit detection; no bins; no replacement within program	20260829	FALSE
Wu_Zenodo_19123188	RANDOM_085	CD8A;STX11;ZG16;MIER2;NLGN2;BIRC3;SIPA1L2;ZMYM6;CPVL;FCN2;RALBP1;TAP2;RCN1;MS4A6A;PECAM1;ATP1B1;ACOT12;HERC5;ZNF322;MTHFR;TERF2IP;C2CD5;PPP1R14B;SLC11A1;ADAMTSL2;TIMP4;SPATC1;CHI3L1;FGD3;LRRC8C;S100P;LDOC1;ATP8B4;UBASH3B;CCDC171	0.0113616806445605	0.23174930623392	0.136545734467442	0.326309322190666	35	200	standardized log10 mean-expression + standardized logit detection; no bins; no replacement within program	20260829	FALSE
Wu_Zenodo_19123188	RANDOM_086	FBXO32;CD96;PPP1R3G;TRABD2B;CLDN2;MYO1D;LMOD1;PAPOLG;FBN1;NRGN;DESI1;GRB10;APPL2;GABARAP;TLN1;ANXA6;PKN1;AP2B1;PJA1;LPAR6;PI4KB;KDM5B;SLC25A37;EDIL3;FRMD6;ZNF214;SLC5A4;MBL2;LOX;BCHE;SULT1C2;TCF7;DDR1;SEMA4A;GDPD3	-0.0858573537075794	0.297460154244794	0.136545734467442	0.326309322190666	35	200	standardized log10 mean-expression + standardized logit detection; no bins; no replacement within program	20260829	FALSE
Wu_Zenodo_19123188	RANDOM_087	IL16;LILRB2;STC2;SYDE1;WDFY4;ABCB1;MAPK13;CLEC10A;PPP1R9B;FNDC1;CLASRP;GBP1;TRPM7;FOS;CARHSP1;APMAP;FST;SMIM4;CLDN3;ZBTB25;KHDC4;CFHR4;NCAPH2;KRT23;CAVIN3;TMEM108;PDZD2;ALOX5;RHOF;PRKCB;ABCA9;TMEM71;EPHA3;CDC14A;ANKRD33B	-0.0548904654707784	0.219129122931444	0.136545734467442	0.326309322190666	35	200	standardized log10 mean-expression + standardized logit detection; no bins; no replacement within program	20260829	FALSE
Wu_Zenodo_19123188	RANDOM_088	CHRNA4;BEND7;KNTC1;NDST2;PIK3CG;GPSM3;OLFML2B;PIGL;KYNU;NPNT;HNMT;NEDD8;PITRM1;QKI;ATP5F1B;AHR;SEC16B;ADAT2;SLC39A10;KCNJ8;C17orf49;SLC7A7;NSMCE3;COL8A1;STEAP4;CCDC157;ADAM20;GPX2;MLIP;ISYNA1;TFPI2;SLC22A17;DTX3;ABCA7;ZNF564	-0.0425309129886875	0.198625793349516	0.136545734467442	0.326309322190666	35	200	standardized log10 mean-expression + standardized logit detection; no bins; no replacement within program	20260829	FALSE
Wu_Zenodo_19123188	RANDOM_089	ANKRD44;HOMER3;TOR4A;XPNPEP2;MAP3K7CL;DOCK2;SLC37A2;RAD51B;METRNL;ZGRF1;GTF2H5;SMARCA4;EIF3H;FOS;ARRB2;SMAP2;PKN1;ZNF697;SNN;SLC25A37;CREB3;MANBA;RRP7A;GMIP;MARCO;DIO2;CLNK;ALOX5;FUT8;LRRC8C;MEX3B;ZSWIM4;ELFN1;HILPDA;CDC45	0.0101067072679981	0.206236098741176	0.136545734467442	0.326309322190666	35	200	standardized log10 mean-expression + standardized logit detection; no bins; no replacement within program	20260829	FALSE
Wu_Zenodo_19123188	RANDOM_090	FPR1;PPP1R3C;SNCG;LCMT2;RPGR;F12;CCDC3;TNFAIP8;SLC25A15;ZGRF1;CHD1;ACSM5;RNF40;TOMM7;KCTD12;BAG6;SERINC2;CD1D;PTRH1;ATP6V0A2;BMP2K;LMO2;ALDOC;ITPRIP;SEPTIN1;KLF8;FXYD3;KLF15;NQO1;PRKCB;ADAM12;TLR6;FOXC1;FAM180A;SHROOM4	-0.100318419412321	0.200694268641658	0.136545734467442	0.326309322190666	35	200	standardized log10 mean-expression + standardized logit detection; no bins; no replacement within program	20260829	FALSE
Wu_Zenodo_19123188	RANDOM_091	CD209;MCTP1;PREX2;RAB30;NFKBID;RFX5;HCST;PSIP1;SLC25A15;HIST1H2BG;AK1;PLSCR4;PDIA4;TRAM1;AHR;APOL6;MSR1;C4B;GLCCI1;DDX49;SLC4A2;KIAA1522;FNBP1L;TBC1D10C;GBP4;HOXB7;OXTR;GPAM;PBX1;KIRREL1;FAM180A;RNF157;PRICKLE2;GXYLT2;INAVA	-0.11517871727187	0.171750929796252	0.136545734467442	0.326309322190666	35	200	standardized log10 mean-expression + standardized logit detection; no bins; no replacement within program	20260829	FALSE
Wu_Zenodo_19123188	RANDOM_092	LMOD1;CAPN12;OLFML2A;LAT2;LPAR1;TINAGL1;NIBAN1;C4orf48;LBH;SEMA4A;REPS1;TMEM109;MCFD2;FIS1;NDUFB10;HADHA;MASP1;DCHS1;TERF1;FAM49B;CORO7;GSTZ1;INAFM1;HSPB8;CYP1B1;MYCN;COL4A3;PDLIM7;CD38;RUNX3;STMN3;ZSWIM4;PALM;SNCG;ZNF154	-0.112544529691265	0.256652227292404	0.136545734467442	0.326309322190666	35	200	standardized log10 mean-expression + standardized logit detection; no bins; no replacement within program	20260829	FALSE
Wu_Zenodo_19123188	RANDOM_093	MOXD1;SLC12A2;FZD1;SUSD2;ACKR3;DGAT2;PPP1R3C;TMEM255B;CYP4A11;HHIP;ZNF410;USF1;CHKA;OS9;PHC2;PRDX6;SH3BGRL;KPNA5;ZBED4;SESTD1;SNX19;CHCHD7;SMARCD1;LYVE1;SPART;PAGE1;PRSS36;CEBPA;SLC7A5;CYP7A1;CXCR6;ST6GALNAC3;CD109;XKR6;C8orf58	-0.0760434383138185	0.166388277714427	0.136545734467442	0.326309322190666	35	200	standardized log10 mean-expression + standardized logit detection; no bins; no replacement within program	20260829	FALSE
Wu_Zenodo_19123188	RANDOM_094	CHRNA4;SPECC1;OBSCN;FAM110A;BCL2A1;GPCPD1;P4HA2;PRXL2C;AKAP12;CES4A;UQCC2;CXXC5;YKT6;ACTG1;PGM1;SEC11C;CTIF;ZNF343;CAMKMT;APBB3;ERAP1;DUSP7;CISH;NIBAN1;NRG1;ADRA2B;NTNG2;TM4SF5;HIC1;LAMC3;XYLT1;SH2D1A;VPS37C;HPSE;SH3D21	-0.0788920775880229	0.217343198069246	0.136545734467442	0.326309322190666	35	200	standardized log10 mean-expression + standardized logit detection; no bins; no replacement within program	20260829	FALSE
Wu_Zenodo_19123188	RANDOM_095	ATP2A3;NIBAN1;INAFM2;SUPT3H;TPPP3;GCKR;RARRES1;FAR1;ABCB4;LY75;TRIM26;MAST4;IMP4;FNDC3B;FXYD5;MACF1;MGAT4A;ATAT1;KIFC2;FRK;RALGPS2;ARHGEF6;S100PBP;FBLN1;PRKCH;TNFRSF19;SCN4A;VSIG4;NDUFA4L2;CKB;PMAIP1;SLA2;LY86;FOXC1;COL21A1	-0.12595455046949	0.237131387801908	0.136545734467442	0.326309322190666	35	200	standardized log10 mean-expression + standardized logit detection; no bins; no replacement within program	20260829	FALSE
Wu_Zenodo_19123188	RANDOM_096	RHOF;MSRB3;SLC25A12;NEURL2;GPX8;GLIPR1;ADAMTS4;CGREF1;PLXDC2;SH2D1A;KHNYN;SCAND1;IMP4;CD63;GNB2;PRDX6;OCIAD2;SACS;ABCG2;SHKBP1;COMMD5;SMARCD1;DUSP7;EIF1AY;DOCK8;GPR18;SPAAR;AQP1;EDIL3;HCST;RHBDF1;RPP25;GNAO1;FOXF1;DSG1	-0.0878789921374378	0.234675227390475	0.136545734467442	0.326309322190666	35	200	standardized log10 mean-expression + standardized logit detection; no bins; no replacement within program	20260829	FALSE
Wu_Zenodo_19123188	RANDOM_097	LRRC25;SGCE;KLRD1;HEY2;IPCEF1;PTPN3;SLC37A2;DSG2;IDS;VDR;COQ9;GIMAP4;CENPB;HNRNPA2B1;NRP1;BLVRB;ARFGEF1;RBM8A;SNN;TTLL3;TOP1MT;THADA;PIP4K2A;CD8A;RAB34;CLNK;SCUBE1;LTBP4;LAMA2;MAML2;GPR174;TNFRSF6B;REC8;BTBD19;PDE11A	-0.0700325606517194	0.229696248031317	0.136545734467442	0.326309322190666	35	200	standardized log10 mean-expression + standardized logit detection; no bins; no replacement within program	20260829	FALSE
Wu_Zenodo_19123188	RANDOM_098	GZMK;LAMA2;SIGLEC9;HEY2;CCDC9B;PLIN3;CALHM6;PAPOLG;PPP1R9B;HIVEP3;STX2;TAP2;PARP4;SLCO2B1;LAMTOR4;CALU;ARL6IP1;FBXL19;SNN;GPALPP1;SYNRG;TM2D2;FAM136A;COL16A1;S1PR3;PDZD2;EFCAB12;ATF3;MSRB3;TTC36;CCL3;PGM2L1;AVPR1A;LEF1;DCLRE1B	-0.0705962037504765	0.24663109390082	0.136545734467442	0.326309322190666	35	200	standardized log10 mean-expression + standardized logit detection; no bins; no replacement within program	20260829	FALSE
Wu_Zenodo_19123188	RANDOM_099	GLT1D1;SMOC2;THEMIS;MOK;EPHA3;EPHB4;CD72;PIK3C2B;SHB;CD226;TENT4A;HMOX2;RAPGEF2;STAU1;CNN2;GADD45B;TMEM141;SARS2;PPP2R3B;MOB1A;PMPCA;MTHFR;OAS2;MT1F;HELLS;CCR10;COL9A2;KLF15;ACSM3;FPR1;HBEGF;TEAD4;ADA;PPM1K;PDE6G	-0.0856566411771835	0.204268044343533	0.136545734467442	0.326309322190666	35	200	standardized log10 mean-expression + standardized logit detection; no bins; no replacement within program	20260829	FALSE
Wu_Zenodo_19123188	RANDOM_100	HDGFL3;SLC7A5;FAM222A;FAM110A;MPZ;FCHO2;RUNX3;CENPC;GHR;FAM180A;SIK3;MAST4;SRP68;PLXNB2;PRDX6;ASL;EHD2;DCUN1D2;SCARF1;ZNF680;TSPAN6;RILPL2;CTTNBP2NL;TGFB1I1;RELT;POU5F1B;LRGUK;DMGDH;DOCK11;PPP1R13L;RTN1;LIF;MPZL2;SPON1;TRIM31	-0.0828196423151678	0.180665954474751	0.136545734467442	0.326309322190666	35	200	standardized log10 mean-expression + standardized logit detection; no bins; no replacement within program	20260829	FALSE
Wu_Zenodo_19123188	RANDOM_101	AFAP1L1;UROC1;P2RY10;PRG2;PRRX1;RNF144B;MLKL;JADE2;LRP5;ENO2;SMARCC2;DHTKD1;MYD88;CXCL12;WSB1;DDX17;MSMO1;AFF3;KYAT3;NMT2;AQP3;ODC1;FAM49A;HMCN1;NPR2;LRRC39;TCEANC2;CYP4F3;DOCK11;C20orf194;KLF5;ANGPT1;IGF2BP3;LILRB1;PPP2R3A	-0.0529291006585589	0.22709866968803	0.136545734467442	0.326309322190666	35	200	standardized log10 mean-expression + standardized logit detection; no bins; no replacement within program	20260829	FALSE
Wu_Zenodo_19123188	RANDOM_102	DIPK1B;GFRA1;FZD1;ADCY4;CD27;LAMA5;ST14;ZNF175;SLC7A2;VMO1;ENOSF1;COPRS;TMBIM4;GRHPR;MAPKAPK2;LRPAP1;PVR;SCN9A;PIGL;ENPP2;CCDC88A;ZC3H12A;RABGEF1;PIK3CD;FGD3;LRCOL1;ABCB9;G0S2;SASH3;MOXD1;CACNA2D1;CD180;UAP1L1;CDC42EP2;DOK5	-0.0963668075667422	0.185950807178328	0.136545734467442	0.326309322190666	35	200	standardized log10 mean-expression + standardized logit detection; no bins; no replacement within program	20260829	FALSE
Wu_Zenodo_19123188	RANDOM_103	APOBR;RHOF;ENHO;GPR4;ADARB1;MVK;TMOD1;BAMBI;SLC25A15;MEX3B;POLR2K;MYO1C;HACD2;KLF9;REXO2;ARGLU1;ARFGEF1;NRTN;SPATA5;NELFB;RAB8B;PDGFB;IFT43;GLIPR2;CERCAM;CAND2;LRRC39;CD37;MLKL;APOBEC3G;HIVEP3;HOXB2;LEF1;VWA5A;TMEFF1	-0.0757615424959974	0.208760110702012	0.136545734467442	0.326309322190666	35	200	standardized log10 mean-expression + standardized logit detection; no bins; no replacement within program	20260829	FALSE
Wu_Zenodo_19123188	RANDOM_104	AMPD3;FRY;AGPAT4;ZSWIM4;CLEC4A;BIRC3;FBXO32;ZMYM6;TTPA;ZFP90;ZNF410;CNTRL;MBD6;CSRP1;HIST1H1C;TRIP12;MARCKSL1;CDC42EP2;SNN;GFOD1;NUP58;EXD3;PSKH1;PFKP;NQO1;ANO3;ZNF502;ANTXR1;PLAU;FAR1;SSPN;ST6GALNAC3;ANKRD37;TNFAIP8L3;TRPC1	-0.110160546973739	0.268130016602545	0.136545734467442	0.326309322190666	35	200	standardized log10 mean-expression + standardized logit detection; no bins; no replacement within program	20260829	FALSE
Wu_Zenodo_19123188	RANDOM_105	ADAM8;ACSM3;EGR2;NRN1;VPS37C;CRYBG1;NFASC;ULK4;AASS;ADGRD1;STK40;STAT5B;STYX;ABHD2;PHYH;LRPAP1;FKBP8;FAM131A;TEF;LRRC14;NOTCH1;NSDHL;GRK5;CCL4;SLC28A1;LRRC4;BAALC;ABCB4;ST14;FUT8;DLL4;LAX1;THEMIS;HELB;ZNF154	-0.0653144704887007	0.183631016797449	0.136545734467442	0.326309322190666	35	200	standardized log10 mean-expression + standardized logit detection; no bins; no replacement within program	20260829	FALSE
Wu_Zenodo_19123188	RANDOM_106	ARHGAP10;PTGIR;SIGLEC9;LRP12;CSF3R;THBD;CHML;BCHE;ATF3;ULK2;MED4;FAM193B;TXNDC15;PDK4;MACF1;VAMP8;OCLN;GGACT;PPP1R26;S100PBP;PBX3;FRK;SLC2A9;CCL4;EVI2A;SPRED3;OPHN1;MET;BICDL1;ATP10A;CXCL6;RARB;RRM2;ENHO;RSAD2	-0.0340809585117015	0.221226443397776	0.136545734467442	0.326309322190666	35	200	standardized log10 mean-expression + standardized logit detection; no bins; no replacement within program	20260829	FALSE
Wu_Zenodo_19123188	RANDOM_107	ITK;TACC3;B3GNT5;HOXB2;GPR132;ZNF331;P4HA2;MKI67;METRNL;ZC2HC1A;RUFY1;NUB1;KIDINS220;KLF6;HTRA1;MYO1B;AGO2;BAG4;B9D1;DUSP7;RAB17;TGFBR3;RHPN2;PTGIR;CD2;FXYD3;RAB38;ACMSD;KCNE4;SRD5A2;MAP3K12;FGF21;VPS37C;IL7;SLC22A31	-0.00525835068614708	0.202245550275853	0.136545734467442	0.326309322190666	35	200	standardized log10 mean-expression + standardized logit detection; no bins; no replacement within program	20260829	FALSE
Wu_Zenodo_19123188	RANDOM_108	FUT11;ANKRD44;PPP1R3G;THSD7A;SLC22A18AS;HK1;ARAP2;HSF4;EMILIN1;OBSCN;TMEM109;TPST2;FLCN;ADAR;TNIP1;DAP;VASH1;ALKBH4;CENPC;LUZP1;KIAA0319L;PDZK1;ASAP2;ALOX5AP;HSPA6;CNR1;CYB5D1;COL14A1;SAMD9L;PTPN7;CD33;FMO2;IFT172;SLIT2;ARRDC5	-0.114789840535286	0.284405420175683	0.136545734467442	0.326309322190666	35	200	standardized log10 mean-expression + standardized logit detection; no bins; no replacement within program	20260829	FALSE
Wu_Zenodo_19123188	RANDOM_109	SEMA4D;SGCE;NFAM1;RTN1;LFNG;ITPKB;RARRES1;ACSS1;LACTB2;GDPD5;HDAC1;PVR;HACD2;ENO1;MTCH1;SCARB2;AGMAT;GLMN;ANO10;TTLL3;DHRS1;ADGRF5;SPRY2;PDGFRA;SMIM3;CCR10;C6orf141;NEDD9;ARHGAP30;CCDC88C;RRAD;RAPGEF3;DCHS1;EPPK1;ZNF624	-0.0612824228800362	0.183744720903317	0.136545734467442	0.326309322190666	35	200	standardized log10 mean-expression + standardized logit detection; no bins; no replacement within program	20260829	FALSE
Wu_Zenodo_19123188	RANDOM_110	APOBEC3G;LMOD1;SLC2A5;CACNA2D1;NCS1;BIRC3;NEXN;CYYR1;MASP1;RERG;SLC43A3;SETD1B;PRKAB1;NUCB1;APOL6;MYO1B;METTL7B;FBXL19;SAYSD1;SH3BP5L;FN3K;B3GAT3;ITGAL;NCF4;CACNA1H;ITGA8;GPR158;CHSY1;PBX1;CYP7A1;ABCA9;SORCS2;FOXF1;ITGA2;DOK6	-0.0236206879808056	0.231385398100614	0.136545734467442	0.326309322190666	35	200	standardized log10 mean-expression + standardized logit detection; no bins; no replacement within program	20260829	FALSE
Wu_Zenodo_19123188	RANDOM_111	PIK3CD;ARHGAP9;GREB1;MIER2;LPAR1;KCNMA1;NIBAN1;MAP2;TTPA;CLEC4G;KHSRP;QRICH1;EIF3H;INSIG1;MPC1;FOXP1;EHD1;PDK3;LRRC57;ASAP2;ANKFY1;SHKBP1;THADA;ALOX5AP;HSPA6;ANO3;SLC51B;SLC10A1;PFKP;ROBO4;RAPGEF3;GPR4;ZBTB46;SYTL3;GCNT1	-0.0555158896284995	0.157796571847522	0.136545734467442	0.326309322190666	35	200	standardized log10 mean-expression + standardized logit detection; no bins; no replacement within program	20260829	FALSE
Wu_Zenodo_19123188	RANDOM_112	SEMA3F;SLAMF8;TMEM86A;MYBL2;SLCO2A1;MS4A4A;HIC1;MOGAT2;CRIM1;ALPK2;GGA1;LRCH4;UBR2;TUFM;PPP2R1B;EXT1;TRIM24;HINFP;GLCCI1;S100PBP;CACUL1;AR;RRP7A;HCK;HELLS;TUB;NEIL3;SERPINB9;TNFRSF11B;TNFRSF25;FAR2;CLIP3;FOXF1;PDE3A;INAVA	-0.0980835050424108	0.218770114373645	0.136545734467442	0.326309322190666	35	200	standardized log10 mean-expression + standardized logit detection; no bins; no replacement within program	20260829	FALSE
Wu_Zenodo_19123188	RANDOM_113	VGLL3;SLC6A6;PDZRN3;PTGER2;ADA;CD93;GIMAP1;MFSD11;HJV;SPINT1;ANKLE2;VDAC1;ISOC1;DDX5;HNRNPUL1;NUCKS1;FST;ZNF438;EZH2;PIP4P1;MAP3K5;TMEM65;IL17RB;NDUFA4L2;ECM1;ANKRD13B;PRRT1;AMDHD1;FGR;TOP2A;LAX1;PYROXD2;DTX3;TCF21;SIGLEC7	-0.0663327949394785	0.241296218113913	0.136545734467442	0.326309322190666	35	200	standardized log10 mean-expression + standardized logit detection; no bins; no replacement within program	20260829	FALSE
Wu_Zenodo_19123188	RANDOM_114	CKB;FGD3;KDM8;HSPA12B;MXRA5;BTN3A2;CD48;SLC25A43;CTPS1;EGFL8;EIF3J;HIBADH;NISCH;EIF5;EIF3B;CAPZB;CREBRF;MYRIP;SNTA1;PARVB;TERF2IP;DNAJB14;PDZK1;FMOD;PIK3R5;CCDC154;NEFH;METRNL;TMEM47;SAMD9;VDR;CACNA2D1;LOXL4;BCL6B;MORN4	-0.0776960279201164	0.200239916513178	0.136545734467442	0.326309322190666	35	200	standardized log10 mean-expression + standardized logit detection; no bins; no replacement within program	20260829	FALSE
Wu_Zenodo_19123188	RANDOM_115	ITM2A;TP53I11;P2RX7;CSPG4;LOXL4;DOCK2;SEPTIN1;GPX7;PGD;ADGRG7;COQ8A;NUB1;ZNF24;SLC40A1;RAPH1;HIPK2;FRMD4A;ZCCHC4;PRUNE1;SNX30;ARPC1A;CFHR4;GFOD1;TNFSF13B;CCND2;C8orf34;EML6;PSAT1;CAVIN3;S100A8;RHBDF1;LIF;PIP4P2;SH3RF3;PPP2R3A	-0.0148521535085241	0.172543199531285	0.136545734467442	0.326309322190666	35	200	standardized log10 mean-expression + standardized logit detection; no bins; no replacement within program	20260829	FALSE
Wu_Zenodo_19123188	RANDOM_116	CHRNA4;RENBP;OSBPL5;STEAP2;CSGALNACT1;KANK2;P4HA2;FUT4;PPP1R9B;LDOC1;UBE2Z;KMT2D;VDAC2;ITM2B;SEC11C;NRBP2;KLF10;ATAT1;ARHGEF5;FAM49B;VPS45;PDGFB;DUSP7;LRRC25;SELPLG;FOXL1;TMEM163;EPHX2;GIMAP1;HIC1;SEC31B;CRACR2A;ATP8B4;FCGBP;SAPCD2	-0.0987237844239697	0.200994417801017	0.136545734467442	0.326309322190666	35	200	standardized log10 mean-expression + standardized logit detection; no bins; no replacement within program	20260829	FALSE
Wu_Zenodo_19123188	RANDOM_117	TESC;NR4A2;CHST1;KLRG1;PGF;ZDHHC9;NPR2;MKI67;H3F3B;CRACR2A;MTIF2;PLSCR4;ZNF410;ETS2;PGM1;SMIM14;PEAK1;FOLH1;SLC19A1;SRGAP1;CBX4;LMO2;PSKH1;CD300A;RASA3;MCF2L2;SCUBE2;CYP4A11;BICDL1;PLXDC1;CD300LF;LAX1;CSGALNACT1;B3GNT5;OXCT1	-0.0608838773395945	0.189327565550959	0.136545734467442	0.326309322190666	35	200	standardized log10 mean-expression + standardized logit detection; no bins; no replacement within program	20260829	FALSE
Wu_Zenodo_19123188	RANDOM_118	NFASC;PLCB2;SACS;STEAP2;FHOD1;MICALL2;MMP11;GPSM1;AK4;SLIT3;CDK13;STK38L;MCRIP1;TGOLN2;ATN1;CALU;KLF15;ABCA10;HELQ;PDZK1;NUP58;SNHG32;TFCP2;IKZF3;SH3PXD2B;SLC4A5;DUOXA2;COLEC11;MLKL;GAS1;GNA14;YPEL1;TEK;ADGRD1;XRCC3	-0.107547314147336	0.301782204567518	0.136545734467442	0.326309322190666	35	200	standardized log10 mean-expression + standardized logit detection; no bins; no replacement within program	20260829	FALSE
Wu_Zenodo_19123188	RANDOM_119	FAP;TBC1D10C;TMEM91;CARD9;NFKBID;REPIN1;ELK3;RAD51B;TMEM97;TMEM71;UBR5;POLD2;NET1;ARRDC3;RTN4;NDUFC2;SMTN;FANCL;TYSND1;LMTK2;SIRPA;SHKBP1;KDM5B;CD72;CMTM7;EFCC1;STAG3;PMP22;KIRREL1;GPR65;NOVA2;LAX1;TBXA2R;KPNA5;ZNF423	-0.0739760366526839	0.177168030910695	0.136545734467442	0.326309322190666	35	200	standardized log10 mean-expression + standardized logit detection; no bins; no replacement within program	20260829	FALSE
Wu_Zenodo_19123188	RANDOM_120	SRPX2;TRPS1;ADPRH;LRRC27;KCNK6;TNFSF14;KRT23;LRRK1;SLA;VDR;ABCA6;SWAP70;YKT6;RHOC;LAP3;EXT1;PACSIN2;SLC26A6;IRF6;TBC1D16;APOL3;ARL15;LRRC14;CD96;ANK3;ANKRD34A;FREM2;FHL2;ZNF83;CYP7A1;CD5;CENPU;ABCA7;TMEM91;LINGO1	-0.108379377152213	0.266423503780108	0.136545734467442	0.326309322190666	35	200	standardized log10 mean-expression + standardized logit detection; no bins; no replacement within program	20260829	FALSE
Wu_Zenodo_19123188	RANDOM_121	ZNF83;SMIM3;NBPF20;PAMR1;LILRB1;ZNF394;SLC2A1;GORAB;SERINC2;KCNJ5;LRRC47;SMARCA1;CLSTN3;CFLAR;PER1;YWHAZ;DMGDH;GPD1L;ASB1;TRIM5;FADS1;ODC1;H2AFY;TAGAP;BACE2;SLCO1A2;ZNF214;ABCG5;UTY;FBF1;IDO1;ST6GALNAC3;BTK;PTGS1;DOK6	-0.00605684042888763	0.179199874221034	0.136545734467442	0.326309322190666	35	200	standardized log10 mean-expression + standardized logit detection; no bins; no replacement within program	20260829	FALSE
Wu_Zenodo_19123188	RANDOM_122	RHOF;TP53I11;NFAM1;ARMCX2;MT1M;LIPC;PAPLN;EFCAB2;TMEM147;DIPK2B;TXNDC15;KIAA0100;SUZ12;CREG1;MYLK;CTSH;PIM1;AMN1;ZNF322;IGFLR1;ACIN1;ATP6V0A2;DNAJB14;S1PR3;ADAMTS4;POU5F1B;SCN4A;SLC15A3;GPR88;CCDC3;S100P;SIRPB2;RIMKLB;CLRN3;C2orf92	-0.0606466545820784	0.182997189506182	0.136545734467442	0.326309322190666	35	200	standardized log10 mean-expression + standardized logit detection; no bins; no replacement within program	20260829	FALSE
Wu_Zenodo_19123188	RANDOM_123	FUT8;TRAF3IP3;TMEM86A;AP4S1;PLA1A;ABL2;GABBR1;MAP2;NOTCH3;HOXB3;REPS1;MTA2;PLA2G12A;GABARAP;MAPKAPK2;HERPUD1;OCLN;ADAT2;SPATA5;ATP6V0A1;NCOA3;ARL15;RBM38;HOMER3;SYK;TMEM108;SPRY3;CHSY1;NRG1;TM6SF1;HOXB2;KCNQ1;UAP1L1;CASTOR1;TMIGD3	-0.128482304414676	0.233167449055241	0.136545734467442	0.326309322190666	35	200	standardized log10 mean-expression + standardized logit detection; no bins; no replacement within program	20260829	FALSE
Wu_Zenodo_19123188	RANDOM_124	ATP10A;CD72;JAG2;ASPA;NPR1;DCAF10;GNG2;SH2D3C;ACSM2B;CSPG4;POLR2K;SWAP70;TRIM24;ADAR;MTDH;GLYCTK;MYH10;NBPF20;AIFM2;PIP4P1;MICAL2;TTC14;FAM49A;ECM1;NPR2;CCL22;CCNJ;GPT2;BCAT1;ACAP1;STMN3;STMN2;GXYLT2;FOXM1;PLCH2	-0.0939793768955123	0.179950613605356	0.136545734467442	0.326309322190666	35	200	standardized log10 mean-expression + standardized logit detection; no bins; no replacement within program	20260829	FALSE
Wu_Zenodo_19123188	RANDOM_125	SAMD9L;AFAP1;RASL11A;HMMR;LILRB1;DNASE2;FGD3;SCARF1;LGR4;HIVEP3;HNMT;PRPSAP1;STX2;TOMM7;PDIA6;ECHDC2;BID;DCUN1D2;LYNX1;UNC93B1;UBE2A;MPV17L;ADGRF5;DEF6;ALOX5AP;CTRL;HOXB7;CAVIN1;GZMA;HIC1;NRN1;USP17L3;NFAM1;ARMC9;TNFAIP8L2	-0.0902935764057736	0.177752625668374	0.136545734467442	0.326309322190666	35	200	standardized log10 mean-expression + standardized logit detection; no bins; no replacement within program	20260829	FALSE
Wu_Zenodo_19123188	RANDOM_126	TTC36;SLCO3A1;CFP;TSPOAP1;PCED1B;CSF2RA;ELK3;C5AR2;FDPS;ACE;CBFB;MYO1C;ISOC1;XBP1;STT3B;HNRNPU;MCM7;CDC42EP2;TTBK2;ATAD2B;PI4KA;BTN3A1;FAM241A;COL8A1;COL16A1;PTCRA;ERP27;CCDC80;SMIM3;SLCO1B3;MCUB;MCTP2;VPS37C;NGFR;HENMT1	-0.0779960070787517	0.264391100966328	0.136545734467442	0.326309322190666	35	200	standardized log10 mean-expression + standardized logit detection; no bins; no replacement within program	20260829	FALSE
Wu_Zenodo_19123188	RANDOM_127	KSR1;BACE2;NPNT;CSPG4;VPS37C;MICALL2;FUT8;CLEC10A;LIX1L;ASRGL1;CCDC12;MCMBP;MGRN1;PRKACA;ATOX1;LCP1;SLC25A30;TOR2A;LIG4;GMPPB;ARPC1A;IRGQ;PPP5C;CD38;RARRES1;GALNTL6;TIFAB;TMEM97;MARVELD1;TMEM51;PDZRN3;TNFRSF6B;RUBCN;STON1;CACNB3	-0.120275972587048	0.21537579093186	0.136545734467442	0.326309322190666	35	200	standardized log10 mean-expression + standardized logit detection; no bins; no replacement within program	20260829	FALSE
Wu_Zenodo_19123188	RANDOM_128	NRG1;NDUFA4L2;BTBD19;LRRC27;PFKM;MFGE8;UTY;GGT7;CHST11;LRMP;SLC16A1;ADAM10;GTPBP1;HSPA8;SLC38A10;GLYCTK;VASH1;WDR25;PLCB3;DUSP7;ARPC1A;KIAA1522;GFOD1;ITGA9;COL16A1;PLLP;ZSCAN5A;TMEM97;TRAF3IP3;MYO1G;INKA2;CGAS;PALM;ABCA10;MMS22L	-0.0761327100450649	0.223817166699337	0.136545734467442	0.326309322190666	35	200	standardized log10 mean-expression + standardized logit detection; no bins; no replacement within program	20260829	FALSE
Wu_Zenodo_19123188	RANDOM_129	PDE4B;OAS3;SYNM;KCNQ1;CCDC9B;FCHO2;SPART;VAV1;IMMP2L;CLEC4G;ZNF410;BCAR1;NQO2;PRDX2;PRDX6;HSD17B11;KIAA1217;CNNM4;TNRC6C;TM2D2;RCC1L;TBC1D16;CISH;LMOD1;RARRES1;AMH;CCDC13;DNAJA1;PLAU;PTAFR;FMO2;FKBP1B;FHL1;CD5;CD40LG	-0.0966242554157577	0.181742405301713	0.136545734467442	0.326309322190666	35	200	standardized log10 mean-expression + standardized logit detection; no bins; no replacement within program	20260829	FALSE
Wu_Zenodo_19123188	RANDOM_130	ARHGAP9;S1PR3;SCN9A;LDLRAD3;PPP1R3G;XDH;SOX18;DIXDC1;VCL;FAM167B;DNAJA3;RCN1;ARSA;ZYX;NDUFC2;SMAP2;FAM50A;CNNM4;RABEP2;FBXO31;HECA;MEF2C;TCEAL9;CD5L;HCK;VANGL2;ZMYND12;DIO1;GZMK;GLIS3;THSD7A;HSPB2;HELB;KLRD1;SCNN1D	-0.038577989121401	0.175809528846066	0.136545734467442	0.326309322190666	35	200	standardized log10 mean-expression + standardized logit detection; no bins; no replacement within program	20260829	FALSE
Wu_Zenodo_19123188	RANDOM_131	LRRC25;SEMA4G;P2RX7;DLL4;INAFM2;SLC4A7;TBX2;PAIP2B;CDC42EP1;HAGHL;USP16;ZFAND2B;RCN1;EEF1B2;TCIM;GLUD1;SGK3;LACC1;LRIG2;ARL15;TAOK2;LUZP1;CCDC93;TGFB3;SLC6A6;AMH;NEK11;PKM;SEMA4D;RCAN2;CD300LF;CC2D2A;THEMIS;OSBPL5;HMGN5	-0.0836275218403734	0.240543589961335	0.136545734467442	0.326309322190666	35	200	standardized log10 mean-expression + standardized logit detection; no bins; no replacement within program	20260829	FALSE
Wu_Zenodo_19123188	RANDOM_132	ARHGAP30;GIMAP1;ZNF438;TCF7;IGF2BP3;MICALL2;CD8A;CGREF1;AMACR;ZC2HC1A;PSMA4;AFG3L2;CLSTN3;TOMM7;MAGED2;CCDC50;TAP2;FCSK;ANXA9;ARL15;TOP1MT;CAVIN2;CEP120;COL16A1;IYD;MCF2L2;PDGFRL;IL7R;NR4A3;SP140;LDLRAD3;NEURL2;DAAM2;TAF11L6;KLHDC7B	-0.0875844788440442	0.229125909814588	0.136545734467442	0.326309322190666	35	200	standardized log10 mean-expression + standardized logit detection; no bins; no replacement within program	20260829	FALSE
Wu_Zenodo_19123188	RANDOM_133	CD38;CD48;DDTL;HAGHL;GPR132;SLC51A;UTY;TMEM51;AK4;CES4A;PNRC2;PEAK1;PRKAB1;SLC38A2;CRYL1;FBXO7;RHOG;AFF3;GORAB;TGFBR3;VMA21;HERC3;PPP1R14B;KRT23;ADAM19;NPBWR1;DBH;PMP22;DOCK11;ROBO4;TGFB2;GRAP2;KDM8;IGFBP6;TMIGD3	-0.0666384938638174	0.169821312666504	0.136545734467442	0.326309322190666	35	200	standardized log10 mean-expression + standardized logit detection; no bins; no replacement within program	20260829	FALSE
Wu_Zenodo_19123188	RANDOM_134	VNN2;MLIP;IQSEC2;NMNAT3;SPN;SNTB2;OLFML2B;HSF4;CHST11;FCHO1;TSN;VPS26B;STRN4;LASP1;CTDSP1;ARGLU1;BCL2L11;IL7;POLD3;COG7;DDX39A;NSDHL;BRD9;DOCK11;JAK3;CCR10;LRAT;EMILIN1;HEYL;FAM78A;P2RY8;IGSF21;PLA1A;SEMA4A;TRIM31	-0.0989719248652621	0.220099319828875	0.136545734467442	0.326309322190666	35	200	standardized log10 mean-expression + standardized logit detection; no bins; no replacement within program	20260829	FALSE
Wu_Zenodo_19123188	RANDOM_135	GZMK;NRG1;KNTC1;RETREG1;MNDA;ZNF394;ADAMTS10;MORC4;NPDC1;HHIP;VWA8;MLLT1;SZRD1;ANXA2;HSD17B11;CTTN;EPB41L4B;IFT122;FDX2;MRNIP;SART1;IL17RB;USE1;SEPTIN1;MYO5A;C6orf141;SLC51B;DMGDH;CYP21A2;SP140;SULT1C2;ADGRE2;LY9;CXCL14;CEP112	-0.0767831369378293	0.190823241872633	0.136545734467442	0.326309322190666	35	200	standardized log10 mean-expression + standardized logit detection; no bins; no replacement within program	20260829	FALSE
Wu_Zenodo_19123188	RANDOM_136	TESC;KIF12;SYTL3;MCUB;GBGT1;SHROOM1;LAMA2;GGT7;RCN3;CC2D2A;KHSRP;MOGS;PNRC2;CD81;RAB13;SUMF2;SMARCA1;CLRN3;SPATA5;KRI1;SYNRG;PIP5K1C;TMEM65;CCL20;CLEC7A;LAMP5;LRGUK;LTBP4;TNFRSF11B;C5AR2;HK2;LPL;PDGFD;REC8;GRIA3	-0.0580125413361927	0.259834291608546	0.136545734467442	0.326309322190666	35	200	standardized log10 mean-expression + standardized logit detection; no bins; no replacement within program	20260829	FALSE
Wu_Zenodo_19123188	RANDOM_137	TOP2A;HSPB8;ADPRH;COL8A2;MAP3K7CL;GPCPD1;SEMA4D;DDX60;AKR1C4;SIRPB2;TASOR2;MOGS;PEX13;ETFB;NDUFC2;HADHA;TRIM24;SNX11;MEGF8;TTC14;MICAL2;PPP1R14B;INAFM1;CACNA1H;LTB;GIPR;SUMO4;GNMT;TNC;SP140;ZFPM2;CENPU;UAP1L1;ELFN1;TMEM82	-0.0139217084709848	0.199096422062489	0.136545734467442	0.326309322190666	35	200	standardized log10 mean-expression + standardized logit detection; no bins; no replacement within program	20260829	FALSE
Wu_Zenodo_19123188	RANDOM_138	PPP1R3C;SLC10A3;FOXF1;MIER2;SEMA3C;KCNMA1;SELPLG;MKI67;ARHGEF26;ZNF671;MMAB;NR5A2;USP14;PTTG1IP;NDUFA1;SEC11A;SRXN1;SSBP4;GPSM1;PIP5K1C;YTHDF3;INPP5D;RPA1;FMOD;CD5L;SMIM6;PINLYP;CHSY1;FABP4;JARID2;ZNF124;UHRF1;KIAA0895L;DDTL;YJEFN3	-0.014875141260107	0.184985622091992	0.136545734467442	0.326309322190666	35	200	standardized log10 mean-expression + standardized logit detection; no bins; no replacement within program	20260829	FALSE
Wu_Zenodo_19123188	RANDOM_139	GPR88;CYP21A2;TOR4A;RAPGEF3;SLC17A1;TMEM204;NCF4;NUMBL;HINT1;RARB;EPRS;TRIM24;MTA2;LGALS3BP;ATOX1;SLC38A10;ADGRG6;HERC5;MARK4;RBM26;ERAP1;LIMK1;KMT5A;SAMSN1;SAMD9L;POU5F1B;CBLN1;GPR183;CD96;APOBEC3G;PRR5L;CD33;EPHA3;RIPOR2;MS4A4E	-0.0768923496284141	0.183049223066407	0.136545734467442	0.326309322190666	35	200	standardized log10 mean-expression + standardized logit detection; no bins; no replacement within program	20260829	FALSE
Wu_Zenodo_19123188	RANDOM_140	TAGAP;DMPK;OBSCN;PGM2L1;ELF4;RRS1;RAMP2;CEP170;TKT;UHRF1;ENOSF1;MCM7;FCHSD2;CNN3;INF2;SMIM14;HIBADH;BAG4;GGT7;WIPI1;HCFC1R1;SOCS5;HERC3;AKR1B10;TSPAN8;LHX9;TTC26;ALOX5;PPP1R3C;C5AR2;SLIT3;CEMIP;PREX2;APH1B;FOXQ1	-0.0504227713948325	0.233364297701112	0.136545734467442	0.326309322190666	35	200	standardized log10 mean-expression + standardized logit detection; no bins; no replacement within program	20260829	FALSE
Wu_Zenodo_19123188	RANDOM_141	AMPD3;PBX1;RASL11A;SLAMF7;HKDC1;GLS;OSBPL3;SCARF1;KIF1C;CCDC40;MED15;RHBDD2;TIMM23;SEC31A;FAM120A;HIPK2;ACACB;IFT122;NEMP1;PIP4P1;MICAL2;AP5Z1;MARF1;EVI2A;DRAM1;SLC6A11;C19orf38;CPVL;FBXO32;HSPA2;TEAD4;TNFRSF6B;PIP4P2;GXYLT2;ZNF549	-0.124653392929337	0.200735655604596	0.136545734467442	0.326309322190666	35	200	standardized log10 mean-expression + standardized logit detection; no bins; no replacement within program	20260829	FALSE
Wu_Zenodo_19123188	RANDOM_142	SOX18;FRZB;STC2;THSD7A;SPSB2;GCKR;PPP1R3C;SZT2;PNKD;XXYLT1;JOSD1;SMAD5;IMP4;VMP1;ETS1;SLC38A10;NQO2;TMEM91;MEGF8;NELFB;NES;TRIP10;BRPF3;NDUFA4L2;NFATC1;CCNJ;HOXD8;ACOT12;TMED3;IL33;NOVA2;AIF1L;PLA2G5;CLRN3;TMIGD3	-0.0314288432785435	0.287859439144824	0.136545734467442	0.326309322190666	35	200	standardized log10 mean-expression + standardized logit detection; no bins; no replacement within program	20260829	FALSE
Wu_Zenodo_19123188	RANDOM_143	PAPLN;OLFML2B;TMEM86A;CGAS;LOXL4;CD36;KRT23;KIAA0586;HJV;ALDH1A3;TMEM109;POLR2F;KIDINS220;H3F3A;IL1R1;EGR1;FBXW4;ZNF180;B9D1;DCK;ATXN7;TRIM5;SNX30;NR4A2;ERICH5;FAM110D;SCUBE2;G0S2;APOBEC3G;BIN2;CACNA2D1;DLG2;KNTC1;GJC1;CDC45	-0.0632332524394971	0.208267145060907	0.136545734467442	0.326309322190666	35	200	standardized log10 mean-expression + standardized logit detection; no bins; no replacement within program	20260829	FALSE
Wu_Zenodo_19123188	RANDOM_144	SASH3;CLDN14;ALPK2;FKBP1B;SKAP1;NR1I2;AFAP1L1;SEC14L4;AMACR;SIRPB2;RGS3;HMOX2;STK38L;RHOC;ACTA2;PHPT1;FKBP8;NUDT12;GPX7;MITD1;CYP2J2;KRI1;DEPDC7;SPART;VGLL3;GPR18;ANKRD55;G0S2;PFKP;RGS16;ST8SIA1;CSPG4;IFT172;PARM1;ZNF765	-0.0982266482890539	0.260989766867669	0.136545734467442	0.326309322190666	35	200	standardized log10 mean-expression + standardized logit detection; no bins; no replacement within program	20260829	FALSE
Wu_Zenodo_19123188	RANDOM_145	SEPTIN1;MSRB3;ARHGEF25;C14orf132;BTN2A1;ZBTB18;NCF4;SLC25A29;IRF8;B3GNT9;KHSRP;SMAD5;SMARCD2;SDF4;SUMF2;LUC7L3;HS6ST1;NRTN;CEP170;SHC2;KIAA1671;FRK;RPP21;SMOC2;NRG1;TAL1;DEPDC1;ALOX5;SIPA1L2;FAM78A;MLLT3;IGSF21;GXYLT2;KIF21B;FRMD3	-0.107668312541911	0.221307172274779	0.136545734467442	0.326309322190666	35	200	standardized log10 mean-expression + standardized logit detection; no bins; no replacement within program	20260829	FALSE
Wu_Zenodo_19123188	RANDOM_146	CAPN12;NR4A3;GREB1;HSPA12B;IGFBP6;CELF2;STAT4;FAR1;LACTB2;HIVEP3;TRIM14;MARCKSL1;SEC24A;XBP1;GUCD1;USP9X;CBR1;HACE1;ANXA9;KCNJ8;SLC4A2;SNHG32;CFHR4;STS;NR4A2;ANKRD13B;FAM163B;DNAJA1;TMED3;TMEM255B;FAR2;ROR2;ERG;BCL6B;ANKRD33B	-0.108267065667318	0.151298235741978	0.136545734467442	0.326309322190666	35	200	standardized log10 mean-expression + standardized logit detection; no bins; no replacement within program	20260829	FALSE
Wu_Zenodo_19123188	RANDOM_147	MSC;MFSD10;DCHS1;GDPD5;PRICKLE2;CD93;SMIM3;SAMD5;TKFC;ADGRD1;AIP;FOXN2;UPF1;ELL2;SMAP2;ACTN1;NFIX;ZNF133;BBS1;SLC31A2;ERAP1;FRK;FAM136A;AC132217.2;OAS3;CCDC13;GPR18;TNXB;PPP1R3C;LAMA2;STMN3;CC2D2A;IGF2BP3;CDC42EP2;C2orf92	-0.083981651646193	0.243451973563761	0.136545734467442	0.326309322190666	35	200	standardized log10 mean-expression + standardized logit detection; no bins; no replacement within program	20260829	FALSE
Wu_Zenodo_19123188	RANDOM_148	TMEM106A;RHOF;THEMIS;CRACR2A;DACT1;SNAI2;ADCY3;EVC;CYBB;HBEGF;HYI;PSMD1;RBM14;TUT7;CAPN2;HTRA1;NIBAN2;KIAA1328;CAMKMT;MRNIP;ZNF281;CYP4F2;SH3BP5L;PTGIS;CAVIN3;TUB;PCDHGA2;ANGPTL4;CD96;SNX20;FCHO1;ADORA3;ZC3H12D;EPHA3;CD40LG	-0.121708054022378	0.263072098928438	0.136545734467442	0.326309322190666	35	200	standardized log10 mean-expression + standardized logit detection; no bins; no replacement within program	20260829	FALSE
Wu_Zenodo_19123188	RANDOM_149	ADAMTS4;ACSM3;SAP25;ITGB7;VAMP1;ZFAND2A;TNC;MFSD11;PECR;SUSD2;ZNF410;SWAP70;MAPK6;LMNA;GLYCTK;SEPTIN9;SGK3;SLC7A6OS;NCAPD2;GPALPP1;ARHGAP18;RORC;AR;MSRB3;PTGIS;TLE6;FAM163B;G0S2;CHRNA4;NID2;ADGRG7;RAB30;MAP3K7CL;VDR;PAQR8	-0.0634147618682483	0.2123532369156	0.136545734467442	0.326309322190666	35	200	standardized log10 mean-expression + standardized logit detection; no bins; no replacement within program	20260829	FALSE
Wu_Zenodo_19123188	RANDOM_150	SP140;GZMA;ENHO;NXPE3;KLRB1;DNMT1;GABBR1;RHNO1;COLEC11;GDPD5;TXNDC15;GALK1;RHBDD2;GABARAP;HIPK3;HIPK2;DCAF12;TMEM86A;PXMP4;TCEAL9;CORO7;KLB;S100PBP;CCL21;TBC1D10C;SIGLEC12;SPACA9;WARS;PDE4B;HCST;SH2D1A;PTGER2;LY9;PDE10A;KBTBD11	-0.0953746086655265	0.195686235828773	0.136545734467442	0.326309322190666	35	200	standardized log10 mean-expression + standardized logit detection; no bins; no replacement within program	20260829	FALSE
Wu_Zenodo_19123188	RANDOM_151	MYO1G;ID4;PPM1K;CDH6;CARMIL1;IFRD2;TAGAP;AP4B1;TMEM147;PDZRN3;TRIM25;MORF4L1;DNPH1;TPP1;DECR1;NRP1;CXXC5;FBXL19;KLHL25;SOCS5;STX6;NSDHL;EEF2K;TGFB1I1;SLAMF8;HIST1H3H;PLLP;UGT1A1;GNG2;KLRK1;TFPI2;CTSW;REC8;DNAJB5;NKD1	-0.100371404800432	0.178895244331037	0.136545734467442	0.326309322190666	35	200	standardized log10 mean-expression + standardized logit detection; no bins; no replacement within program	20260829	FALSE
Wu_Zenodo_19123188	RANDOM_152	HEYL;LMOD1;CROCC;RERG;MARCH9;AGFG2;CHRNA4;ZFYVE28;ABCD3;DPEP2;TENT4A;PPHLN1;FAM32A;SELENOW;AURKAIP1;EMC4;PEAK1;TLE4;ZBTB48;CHUK;PI4KA;CHST15;ANKRD26;UROC1;LXN;ANKRD13B;ZGLP1;FYB1;TOP2A;TMEM51;CLDN11;BOC;KIAA0895L;XKR6;DYRK3	-0.124823993649304	0.222114212976356	0.136545734467442	0.326309322190666	35	200	standardized log10 mean-expression + standardized logit detection; no bins; no replacement within program	20260829	FALSE
Wu_Zenodo_19123188	RANDOM_153	RCAN2;MXD1;SKAP1;ARL6IP6;LOXL4;STK10;ATP2A3;NUDT1;GIMAP4;ARL10;GNL2;KIAA1217;ELP2;GRHPR;SLC2A4RG;EXT1;SLC16A1;DDTL;FPGT;CLN6;SP110;FAM49B;USE1;CERCAM;MTHFD2;ARMC12;SIDT1;LTBP4;RNF135;LAMC3;NRGN;SIGLEC8;DTX3;MMRN1;DUSP18	-0.0935142911533809	0.224167366352054	0.136545734467442	0.326309322190666	35	200	standardized log10 mean-expression + standardized logit detection; no bins; no replacement within program	20260829	FALSE
Wu_Zenodo_19123188	RANDOM_154	TM6SF1;CHML;ATRNL1;GNA14;LY9;STK10;GIMAP1;GLCCI1;CYP4A11;ALDH1A3;LIMA1;KIAA1217;PLA2G12A;TIMP3;FH;ABCA1;TRIM38;ATAT1;POLD3;ZDHHC17;APBB1IP;ENPP2;POFUT2;EIF1AY;SEMA4D;IL10;CYB5D1;IKZF1;OLFML2B;SIGLEC1;FGF2;KAZN;DCHS1;KLF5;ELMO3	-0.0472785343220669	0.199000432556129	0.136545734467442	0.326309322190666	35	200	standardized log10 mean-expression + standardized logit detection; no bins; no replacement within program	20260829	FALSE
Wu_Zenodo_19123188	RANDOM_155	SLC7A5;SRPX2;EPB41L4A;TNFSF8;NLGN2;ACOX2;PLCB2;PLD2;ICAM1;HOXB4;USP33;CNOT8;SGK3;MAF;SPI1;PDIA3;SH3BGRL;CYP4F12;TTC39B;BRPF3;ARHGEF40;SOCS5;NUP188;PMEPA1;CMTM7;FAM162B;PRSS3;SERINC2;STAT4;ATOH8;DLL4;CD200;FRAT1;BTBD19;GCNT1	-0.0702561275925782	0.211765181915288	0.136545734467442	0.326309322190666	35	200	standardized log10 mean-expression + standardized logit detection; no bins; no replacement within program	20260829	FALSE
Wu_Zenodo_19123188	RANDOM_156	CD8A;SLCO3A1;SCN9A;CDHR2;CFAP36;ANO1;GLIS2;BAMBI;METRNL;SLC2A5;EIF3D;OPLAH;RAPGEF2;DDT;CRYL1;CAPZB;METTL7B;SNAPC2;UIMC1;BRD9;SLC4A2;JCAD;KDM5B;CACNA1H;LXN;LRRC10B;SLC51B;ITGAX;PTGER4;GPR88;NRGN;CCR4;A4GALT;EPHA3;LRATD1	-0.0512680825401287	0.175046428748432	0.136545734467442	0.326309322190666	35	200	standardized log10 mean-expression + standardized logit detection; no bins; no replacement within program	20260829	FALSE
Wu_Zenodo_19123188	RANDOM_157	ADAM8;FGR;XKR6;RAB30;FOXC1;PXDN;SRPX2;CENPC;RBCK1;FBXO2;ZGPAT;MCM7;CEMIP2;ELL2;FAM120A;GCLC;HYAL1;NRTN;TTC39B;SPRED1;CKLF;SRGAP1;SAMD4A;SLC7A5;MCTP1;ERP27;CAND2;LTBP2;APOBEC3G;CD248;UBXN10;RRAD;CSF2RB;PCDH12;XKR9	-0.0924151622789757	0.228551840985406	0.136545734467442	0.326309322190666	35	200	standardized log10 mean-expression + standardized logit detection; no bins; no replacement within program	20260829	FALSE
Wu_Zenodo_19123188	RANDOM_158	RCAN3;PFN2;LGALS2;HOXB3;RTP3;PRKCD;NUSAP1;SOX9;F10;KAZN;DENND1A;ARL6IP1;EPC1;METTL7A;CTNNA1;MYO1B;MTA2;ZNF707;ANKRD27;GRK5;BAD;FAM160B2;RILPL2;STX11;C12orf75;BMPR1B;GPR158;RASSF4;RAMP3;CYYR1;HAGHL;LPAR2;PDP1;CLRN3;PCDHB14	-0.0743132313408659	0.212326747624824	0.136545734467442	0.326309322190666	35	200	standardized log10 mean-expression + standardized logit detection; no bins; no replacement within program	20260829	FALSE
Wu_Zenodo_19123188	RANDOM_159	ATP2A3;BEND7;CD5;CHST3;LPAR1;HK1;CST7;ENPP4;CHST11;IFITM1;CNOT11;NQO2;PCED1A;TGFBR2;MTDH;PHPT1;DDX21;FANCL;AP4B1;SESTD1;ANKFY1;ATP6V0A2;FRK;RAB34;COL16A1;C11orf45;TCEANC2;UCP2;CLEC7A;SCRN1;ADAMTSL1;PGM5;P2RY11;ALPK3;DOK6	-0.133354525086138	0.23025107072344	0.136545734467442	0.326309322190666	35	200	standardized log10 mean-expression + standardized logit detection; no bins; no replacement within program	20260829	FALSE
Wu_Zenodo_19123188	RANDOM_160	GSTM1;CD72;PTGS1;S1PR2;WTIP;PTPRM;ATOH8;PRELID2;PLIN5;CTSW;COQ9;RETREG2;ROCK2;CTSS;CAV2;SSR2;VDAC1;UGT3A1;IFT81;ZDHHC17;DUSP6;RBMS3;RBM26;LXN;IGSF6;TMEM108;TRDC;ADAMTS2;FCGR2B;SNX20;XKR6;SORCS2;BTN2A1;NT5DC2;LBX2	-0.0719929173579107	0.210273951758512	0.136545734467442	0.326309322190666	35	200	standardized log10 mean-expression + standardized logit detection; no bins; no replacement within program	20260829	FALSE
Wu_Zenodo_19123188	RANDOM_161	LAMA2;SEPTIN1;NLRP3;NRN1;CXCL14;HIF1A;SRPX2;HSF4;SLC27A2;CXCR6;NOP56;VARS;ABHD14B;OGA;LAMTOR4;VKORC1;ROCK2;C12orf65;CNTROB;PCNX3;CLMN;ARHGEF6;LPXN;KRT23;ST8SIA4;HIST3H2A;PRDM6;GPT2;EDIL3;TNFAIP8;FIBIN;CNDP1;PDE2A;SNCG;CLGN	-0.103201227893342	0.192418963021357	0.136545734467442	0.326309322190666	35	200	standardized log10 mean-expression + standardized logit detection; no bins; no replacement within program	20260829	FALSE
Wu_Zenodo_19123188	RANDOM_162	GPR88;SLC12A2;HELB;CD200;PTGS1;MYO1F;CD48;TRNP1;CYBB;BATF3;SLC33A1;MTA2;PMM1;TRAM1;SAMHD1;APMAP;NIBAN2;HACE1;MTHFD2L;GSTM3;VPS45;FAM3A;TINF2;PFKP;MYO5A;TLR10;COL9A2;RASSF4;PIK3CD;SP140;AGAP2;ZFPM2;UBASH3B;B3GNT5;LRRC17	-0.0572936501044211	0.201862145242753	0.136545734467442	0.326309322190666	35	200	standardized log10 mean-expression + standardized logit detection; no bins; no replacement within program	20260829	FALSE
Wu_Zenodo_19123188	RANDOM_163	MYO1G;SLC17A2;ADGRD1;S1PR2;PTK7;CGN;MRAS;ISYNA1;PLSCR1;OSCAR;EPC1;MRTFA;UBE2Z;TMEM176A;HIPK3;UBC;OCIAD2;KIAA1328;HDAC4;PIK3CB;TAOK2;KDM5B;CCDC97;TRAF1;C12orf75;TMSB15B;C6orf141;SLA;PFKP;DOK2;CTSW;UCHL1;DCHS1;MYO9A;FOXQ1	-0.0684970678181956	0.216590160691779	0.136545734467442	0.326309322190666	35	200	standardized log10 mean-expression + standardized logit detection; no bins; no replacement within program	20260829	FALSE
Wu_Zenodo_19123188	RANDOM_164	TMEM47;GLT1D1;SSC5D;ULK2;IGF1R;KANK2;SLC37A2;TFEC;MMP24OS;EGFL8;JOSD1;SH3BP4;KHNYN;TPP1;TP53INP1;LUC7L3;RETREG2;RHPN1;FBXO34;TCEAL9;GTF3C1;GPALPP1;SUPT20H;NR4A3;SELPLG;C6orf141;ANO3;LBH;GPR88;MSC;RAPGEF3;ZFPM2;ITGA2;CDKN2B;ZNF827	-0.115216793241834	0.248411257019285	0.136545734467442	0.326309322190666	35	200	standardized log10 mean-expression + standardized logit detection; no bins; no replacement within program	20260829	FALSE
Wu_Zenodo_19123188	RANDOM_165	FUT8;OAS3;KCNK6;CTSW;RIMKLB;REPIN1;ARHGAP30;FLT4;HLF;RAPGEF3;RND3;CDS2;RETREG3;SH3BGRL3;CYBA;HNRNPU;MARCKSL1;FBXL18;FDX2;ADAM17;ADD3;NSMAF;PCNX3;PRKCH;HES4;DEPDC4;C1orf210;SLC15A3;DOCK11;MAP2;LIF;PRKCQ;ZWINT;PEAR1;KCNN3	-0.0618858510796318	0.224138398985375	0.136545734467442	0.326309322190666	35	200	standardized log10 mean-expression + standardized logit detection; no bins; no replacement within program	20260829	FALSE
Wu_Zenodo_19123188	RANDOM_166	PHACTR1;ATP2A3;PPP1R3G;MECOM;NLGN2;OGFRL1;SIPA1L2;TFEC;FGGY;CD200;NBN;MGAT4A;PLA2G12A;COL6A1;SEPHS2;PECAM1;GPC1;C1orf112;FGD6;CHMP7;TSNAX;CHCHD7;CFHR4;KDM5D;RAB34;C3orf52;DND1;MYOF;AFAP1;KIRREL1;CEMIP;IGSF21;ADRA1B;NGFR;MMS22L	-0.140568252110578	0.278318856385635	0.136545734467442	0.326309322190666	35	200	standardized log10 mean-expression + standardized logit detection; no bins; no replacement within program	20260829	FALSE
Wu_Zenodo_19123188	RANDOM_167	P4HA2;HEYL;CSF3R;MIER2;CENPM;MFGE8;BICDL1;MEIS1;HLF;PDZRN3;USP22;ARID1A;IVNS1ABP;MAF;SELENOH;UBC;STRN4;TMEM164;GTDC1;LPAR6;CKLF;GFOD1;RILPL2;HMCN1;GMIP;DND1;PLAC9;SCPEP1;SLCO3A1;SAMD5;HIVEP3;CD33;RASL11A;MAPK12;RLIM	-0.0481561242817261	0.253194241957589	0.136545734467442	0.326309322190666	35	200	standardized log10 mean-expression + standardized logit detection; no bins; no replacement within program	20260829	FALSE
Wu_Zenodo_19123188	RANDOM_168	GZMK;CALHM6;VSTM4;ASF1B;ANKRD37;GASK1B;NFASC;ROBO4;MSRB1;PARM1;DAPK3;TSHZ2;COX17;SLC38A2;MYLK;NDUFA1;SLC16A1;ENHO;SASH1;B3GAT3;VCP;SOCS1;GRK5;RELT;CMTM7;OXTR;EML6;VSIG4;SPART;MAML2;S100P;GPC4;MPZL2;IGFBP6;USP49	-0.101296721545915	0.221120087063991	0.136545734467442	0.326309322190666	35	200	standardized log10 mean-expression + standardized logit detection; no bins; no replacement within program	20260829	FALSE
Wu_Zenodo_19123188	RANDOM_169	NXT2;ACSM3;GUCY1A2;CRACR2A;MOB3B;XDH;IL16;TTBK2;ADA2;FGF21;DDX39B;POLR2F;STK38L;CALR;DECR1;SPI1;MAOA;C1orf112;GMEB1;CADPS2;TUBB4B;TRIM5;PELI1;PIK3CD;TNC;CCDC13;HOXD4;CIITA;ARHGAP30;CKB;P2RY8;SLC22A15;PLA2G5;XKR6;SAXO2	-0.0423503738110017	0.159746566137981	0.136545734467442	0.326309322190666	35	200	standardized log10 mean-expression + standardized logit detection; no bins; no replacement within program	20260829	FALSE
Wu_Zenodo_19123188	RANDOM_170	TBC1D10C;TAGAP;NGFR;EME2;ASPM;GLIPR1;CLEC7A;DGKD;EPS8L2;P3H2;RNF44;C7orf50;MBD6;METTL7A;ARHGEF12;C4orf3;TMEM109;PCDH12;FIG4;WIPI1;MAP3K5;NUP188;MPV17L;PMEPA1;CDH11;LRRC10B;HOXD4;GM2A;CHML;CD69;FGF2;RRAD;KNTC1;AGPAT4;TMEM82	-0.0665580496388249	0.202534315040668	0.136545734467442	0.326309322190666	35	200	standardized log10 mean-expression + standardized logit detection; no bins; no replacement within program	20260829	FALSE
Wu_Zenodo_19123188	RANDOM_171	CYP21A2;DBNDD2;OIT3;DPEP2;FAM43A;GPSM3;PLAU;SEC14L4;VCAM1;TNFRSF6B;FIP1L1;DNAJC5;ARSA;SH3BGRL3;ARHGEF10L;NME2;HSD17B2;STK26;IQCE;ARFIP1;FXYD6;PDGFB;HERC3;EVI2A;ID4;NPY1R;PKNOX2;SERPINA11;CALHM2;ZSCAN18;COL8A2;C14orf132;ARID3A;MAPK12;TRIM31	-0.0615908436471493	0.188376248691482	0.136545734467442	0.326309322190666	35	200	standardized log10 mean-expression + standardized logit detection; no bins; no replacement within program	20260829	FALSE
Wu_Zenodo_19123188	RANDOM_172	CLEC14A;HMCN1;KCNK5;ARHGEF15;NOD1;MYH14;TBC1D10C;NUDT1;PIM3;HAGHL;TSN;LPCAT3;RABEP1;TM9SF3;MPST;VAMP8;SLC16A1;KPNA5;ARL4D;PPP1R14B;REST;AMOTL2;FSCN1;FCN3;LILRB2;SYTL5;MGAM;ISG20;SLC37A2;SLC2A1;THSD7A;HOXB2;UGT3A1;GXYLT2;ZNF549	-0.027395038006281	0.181319195231627	0.136545734467442	0.326309322190666	35	200	standardized log10 mean-expression + standardized logit detection; no bins; no replacement within program	20260829	FALSE
Wu_Zenodo_19123188	RANDOM_173	SYNE3;DMPK;XKR6;NMNAT3;DTX1;AKR1C8P;CHML;LIMCH1;MTTP;IQSEC2;WDR6;ADH5;TASOR2;VEGFA;TXNL4A;NME2;HYAL1;FRG1;SRD5A3;ARL15;TUBB4B;ALDOC;NSMCE3;ARHGAP25;HEYL;ADAM20;DUOXA2;GDA;ADAMTS10;TNFRSF25;CCDC40;FIBIN;PLA1A;CROCC;PAQR8	-0.0156702858517421	0.210388484019123	0.136545734467442	0.326309322190666	35	200	standardized log10 mean-expression + standardized logit detection; no bins; no replacement within program	20260829	FALSE
Wu_Zenodo_19123188	RANDOM_174	MSC;NRG1;CLRN3;ZSWIM4;ASPM;RNF144B;MMP11;EML2;HJV;JAG2;RNF44;PVR;KIAA1217;IFI30;ARF1;DPYD;TMEM109;HAUS5;TTI1;SCN1B;MICAL2;BTN3A1;TAF4;HCK;TRAF3IP3;ATP13A4;ARHGEF4;TNXB;APLNR;MAPK13;NOVA2;RAB30;B3GNT5;SRPX;ZNF569	-0.0442812292901868	0.233896401976945	0.136545734467442	0.326309322190666	35	200	standardized log10 mean-expression + standardized logit detection; no bins; no replacement within program	20260829	FALSE
Wu_Zenodo_19123188	RANDOM_175	TNC;CALHM6;CDC14A;SOX6;PDE2A;NCKAP1L;KIRREL1;TNFAIP8;C1orf198;CD5;PSD4;NISCH;ATXN7L3B;GNB1;PEPD;PECAM1;MET;FICD;TBC1D22B;NUDT2;C17orf49;POFUT2;EXD3;NR4A3;TC2N;TMEM121;SLC4A8;GDA;IL16;FAR1;HIVEP3;NLRC3;CSGALNACT1;ZG16;PTGER3	-0.154569179213507	0.2251138856996	0.136545734467442	0.326309322190666	35	200	standardized log10 mean-expression + standardized logit detection; no bins; no replacement within program	20260829	FALSE
Wu_Zenodo_19123188	RANDOM_176	CCL4;BACE2;MITF;GNG7;MMP23B;RASD1;UTY;PPP1R26;HSPG2;LAX1;RAB1A;NCOA2;ZFC3H1;B4GALT1;MGST3;NDFIP1;FBXW4;IL7;GORAB;GPALPP1;APBB1IP;DENND4B;EXD3;IRAK3;OLFML2B;TMCC2;ADGRG5;DMGDH;NCF4;IL2RB;CD200;ZNF462;ZBTB46;NT5DC2;LINGO1	-0.083355966116483	0.208312807331155	0.136545734467442	0.326309322190666	35	200	standardized log10 mean-expression + standardized logit detection; no bins; no replacement within program	20260829	FALSE
Wu_Zenodo_19123188	RANDOM_177	MRVI1;ADCY7;ABCA10;SULT1E1;ELF4;ART4;ABI3BP;KLHDC8B;PECR;KAZN;PURA;MAST4;FLCN;LAMP2;WSB1;TFPI;POGK;FZD1;PHF13;CCDC97;HPCAL1;ZBTB25;ASB13;ADCY3;TMC8;CD22;SCUBE1;COL14A1;ATP10A;CD248;TMEM71;USP17L3;MILR1;MPPED1;TMEM240	-0.0637969070735472	0.256242860266901	0.136545734467442	0.326309322190666	35	200	standardized log10 mean-expression + standardized logit detection; no bins; no replacement within program	20260829	FALSE
Wu_Zenodo_19123188	RANDOM_178	TAGAP;DMPK;TMEM159;HIST1H2BG;SPATA33;SLC38A1;MXD1;SH2D3C;AMACR;HOXB2;RNF44;TMEM109;PHKB;B4GALT1;POLDIP2;UGDH;PACSIN2;TK1;SCARF1;GSTM3;REST;NELFB;THBS3;CD38;CD300A;LYPD6B;CTRL;FOLR2;CHRNA4;PMEPA1;GALNT7;CC2D2A;GRK4;FOXC1;LONRF2	-0.099982813780075	0.20144231583734	0.136545734467442	0.326309322190666	35	200	standardized log10 mean-expression + standardized logit detection; no bins; no replacement within program	20260829	FALSE
Wu_Zenodo_19123188	RANDOM_179	RNF135;CAPN12;AGER;RAPGEF3;NLRP3;EPHB4;SEPTIN1;CEP85L;CAPN1;MLLT3;TMEM109;MCMBP;USP4;ABHD2;HERPUD1;NRBP2;MSMO1;TRMT10B;SPATA5;TELO2;MYO15B;TM2D2;PALMD;MARCO;TBC1D10C;NSUN7;CCDC154;TMEM97;GLIS2;FABP4;ITGA3;SULT1E1;THEMIS;TAF11L6;C2orf92	-0.0544842715756883	0.184856374765063	0.136545734467442	0.326309322190666	35	200	standardized log10 mean-expression + standardized logit detection; no bins; no replacement within program	20260829	FALSE
Wu_Zenodo_19123188	RANDOM_180	TAGAP;TBC1D10C;ACHE;MECOM;GLT8D2;TLCD4;CYP21A2;PHYHD1;TMEM97;HDAC9;USP22;WDR13;SLC35F6;EEF1G;SPCS1;FH;GPAM;PHLPP2;B9D1;HERC3;ATXN1;ZBTB25;DBP;CLIP4;FGR;SLC23A3;CYP17A1;OSGIN1;MXD1;PDZK1IP1;CNDP1;HOXB2;FRAT1;INAFM2;CCR6	-0.0345478447067263	0.175935459229662	0.136545734467442	0.326309322190666	35	200	standardized log10 mean-expression + standardized logit detection; no bins; no replacement within program	20260829	FALSE
Wu_Zenodo_19123188	RANDOM_181	SASH3;OLFML2B;FAM131A;CD180;IL2RA;SLC27A3;PRKCB;GUCY1B1;SLC6A1;SYTL3;CBFB;MBD6;PEX13;BST2;HIST1H1C;UQCRB;NCOA2;RHPN1;FAM222B;B3GAT3;CHKB;NSDHL;ARHGEF18;MTHFD2;RELT;ANKRD13B;NPAS3;CEBPA;SLC2A1;OLFML3;DIPK2B;ROR2;FLT3LG;BATF3;GINS3	-0.0387847022347705	0.179083232591242	0.136545734467442	0.326309322190666	35	200	standardized log10 mean-expression + standardized logit detection; no bins; no replacement within program	20260829	FALSE
Wu_Zenodo_19123188	RANDOM_182	SLC36A1;DOCK8;MPPED1;OSBPL10;NGFR;BAG3;TBX2;C5AR2;PIM3;ARMCX6;POLR2K;BCAR1;MAPK6;PDK4;NDRG2;SEC11C;MID1IP1;IRAK2;ARL4D;CSPP1;FAM111A;GABRE;PNPLA6;MT1F;AC132217.2;LRRC4;DND1;ADAMTS2;ARHGAP10;ATP2A3;CREB3L1;NLRC3;ERG;CROCC;ROR1	-0.122798295766473	0.215470912960264	0.136545734467442	0.326309322190666	35	200	standardized log10 mean-expression + standardized logit detection; no bins; no replacement within program	20260829	FALSE
Wu_Zenodo_19123188	RANDOM_183	APLNR;DOCK11;PREX2;PRKD1;ANKRD37;MFGE8;SRPX2;VCPKMT;METRNL;SIRPB2;SS18L1;POLR2F;RAPGEF2;BTG1;ATOX1;LCP1;PGGHG;MIR1915HG;ANXA9;COG7;PDE3B;MTMR6;RGP1;MLKL;PLAU;LRRC10B;GPR158;ALOX5;CD96;DISC1;CD226;HIST1H2BG;SAP25;BCL2A1;SIT1	-0.019669133799519	0.205369404700487	0.136545734467442	0.326309322190666	35	200	standardized log10 mean-expression + standardized logit detection; no bins; no replacement within program	20260829	FALSE
Wu_Zenodo_19123188	RANDOM_184	LMOD1;VNN2;OLFML2A;INTS6L;NFAM1;KLF4;TM6SF1;TRNP1;PCYT2;GDPD5;USP22;USF1;CLSTN3;FNDC3B;VPS28;TCIM;KLF10;B4GALT4;EPG5;TBC1D16;BOK;PIP5K1C;SRGAP1;NCF4;EVI2A;BMPR1B;MYCN;UGT1A1;GLIS2;SLC6A8;PDE5A;ST6GALNAC3;ZDHHC13;IGFBP6;PCDHGA7	-0.072535701818356	0.212344477876424	0.136545734467442	0.326309322190666	35	200	standardized log10 mean-expression + standardized logit detection; no bins; no replacement within program	20260829	FALSE
Wu_Zenodo_19123188	RANDOM_185	LDHB;MLKL;PPP1R3G;GPR174;VAMP1;ITPKB;SLC37A2;C4orf48;PIM3;PGM2L1;CSGALNACT2;ZBTB38;CAPRIN1;ID2;ATP1B1;IER2;RCN1;STEAP1;ZFP41;CSTA;APBB1IP;SOCS5;DENND4B;BACE2;FRZB;TMEM121;GSDMA;NEDD9;RGS16;MEIS1;LOXL3;ZNF462;HVCN1;SLC25A12;DEF8	-0.0751883853714883	0.208448820785952	0.136545734467442	0.326309322190666	35	200	standardized log10 mean-expression + standardized logit detection; no bins; no replacement within program	20260829	FALSE
Wu_Zenodo_19123188	RANDOM_186	CHML;ADCY3;KPNA5;CDH6;MAP3K7CL;F12;STS;CMKLR1;ENPP1;SEMA4A;APPL2;CAPRIN1;PATJ;FNDC3B;MAFB;PGM1;RCN1;GATB;SPATA5;RNF31;HSD3B7;KLB;KCTD10;RARRES1;CDC42EP3;GOLGA7B;TMEM163;TRAC;NQO1;LAMC3;RAB30;COX7B2;GREB1;SIGLEC9;CCBE1	-0.084929597873527	0.180436994833184	0.136545734467442	0.326309322190666	35	200	standardized log10 mean-expression + standardized logit detection; no bins; no replacement within program	20260829	FALSE
Wu_Zenodo_19123188	RANDOM_187	DGKH;HAND2;OBSCN;GTSF1;PDGFD;RGS10;ST14;KLHDC8B;B4GALT5;SIRPB2;TRIM25;MAPRE2;NIT1;ANAPC16;HTRA1;PRDX6;MPDZ;DDX51;PAIP2B;PDGFC;SLC4A2;SOCS1;TMEM38B;F3;SCARF2;CCDC136;MGAM;HJV;HCST;KLRK1;GPR4;TRABD2B;IGFBP6;CXCL14;SH3D21	-0.120617020355502	0.223571377779782	0.136545734467442	0.326309322190666	35	200	standardized log10 mean-expression + standardized logit detection; no bins; no replacement within program	20260829	FALSE
Wu_Zenodo_19123188	RANDOM_188	FPR1;MLIP;SLIT3;NEURL2;WTIP;SLC27A3;DBNDD2;TRNP1;ACMSD;ZFP90;NET1;USP4;STRN4;RRBP1;TLN1;ENG;CBFB;IFT122;ABHD11;ZDHHC17;RAB8B;SLC31A2;CADPS2;LTB;MYO5A;PMFBP1;CARNS1;SH3BGRL;HEYL;CD248;SULT1E1;PGM5;TRIM3;REC8;CCBE1	-0.0922883161272015	0.258744471702383	0.136545734467442	0.326309322190666	35	200	standardized log10 mean-expression + standardized logit detection; no bins; no replacement within program	20260829	FALSE
Wu_Zenodo_19123188	RANDOM_189	P4HA2;PFKP;SYNM;FAM122C;PPP1R3G;CD99L2;TP53I11;MFSD6;CAPN1;HSPA12B;GALM;KLHDC3;SEC24A;TGFBI;ARRB2;PON2;TRIM24;PDK3;ZBTB48;POFUT2;REST;SLC31A2;FAM49B;LRRC25;PLIN4;HECW1;SPATC1;HAO2;TRAF3IP3;CYP7A1;NRN1;SOX6;HACE1;ARHGEF25;CATSPERG	-0.102948237289494	0.193462417566783	0.136545734467442	0.326309322190666	35	200	standardized log10 mean-expression + standardized logit detection; no bins; no replacement within program	20260829	FALSE
Wu_Zenodo_19123188	RANDOM_190	TNFRSF11B;DGKA;REC8;TCP10L;FABP3;PBXIP1;CHRNA4;SYNGAP1;CAVIN1;RERG;TRAPPC4;MERTK;PLPBP;ZFP36L1;BCL3;S100A10;ACOT12;SLC30A4;TYSND1;PLXNB1;SMYD2;LRBA;MON1B;TNC;MSRB3;XCR1;HIST1H2AA;EHD1;SYTL2;LRRC8C;COL8A2;SLC16A9;DTX3;MFAP2;ZNF765	-0.130082683086763	0.262404334680834	0.136545734467442	0.326309322190666	35	200	standardized log10 mean-expression + standardized logit detection; no bins; no replacement within program	20260829	FALSE
Wu_Zenodo_19123188	RANDOM_191	CCL20;LDHB;PPP1R3G;B3GNTL1;IRF5;GIMAP7;KIF12;CCDC198;KYNU;RHBDF1;PID1;TMF1;RCN1;TMEM176A;ARF1;ARCN1;YKT6;PALM3;TTBK2;CKS1B;DHRS1;SAMD4A;THADA;ITPRIP;PYCARD;KIF5C;FAM162B;HYAL1;TNFRSF11B;CLEC10A;CDH6;DLG2;KIAA1328;SEMA4A;USP49	-0.0192456194509537	0.196003974570943	0.136545734467442	0.326309322190666	35	200	standardized log10 mean-expression + standardized logit detection; no bins; no replacement within program	20260829	FALSE
Wu_Zenodo_19123188	RANDOM_192	DIPK1B;NR4A2;MITF;TLE2;VPS37C;PRODH2;FABP4;ZMYM6;MSR1;IFITM1;RGS3;DDX21;NQO2;METTL7A;RTN4;LAP3;BID;HACE1;PPP1R26;NSMCE3;PBX3;GUCY1A1;MPPE1;MLIP;ASPG;FAM169B;PDGFRL;SPARCL1;LMOD1;PDZK1IP1;CCL3;SORCS2;ULK3;SLIT3;CACNB3	-0.0937528802330888	0.222947460283391	0.136545734467442	0.326309322190666	35	200	standardized log10 mean-expression + standardized logit detection; no bins; no replacement within program	20260829	FALSE
Wu_Zenodo_19123188	RANDOM_193	TMED3;CERCAM;FZD1;CD33;WDFY4;FPR3;MLKL;TBC1D2;ATP2B4;SOX6;CDC42BPA;CREBRF;EXOC3;METTL7A;SLC38A10;SCARB2;ABCA6;CHST13;GTDC1;YWHAB;CMTR1;SH3BP5L;CASP7;CDC42EP3;ANK3;ATP6V1FNB;TPBGL;TMEM106C;HIC1;S100A8;SIGLEC8;DLG2;MAP3K7CL;DTX3;C2orf92	-0.12035060025784	0.212032670600904	0.136545734467442	0.326309322190666	35	200	standardized log10 mean-expression + standardized logit detection; no bins; no replacement within program	20260829	FALSE
Wu_Zenodo_19123188	RANDOM_194	TBC1D10C;MYO5A;STC2;ABLIM2;MILR1;RASSF3;STAT4;ISYNA1;TPD52;FLRT2;PRDM2;PLAAT3;PARP4;SDF4;GAMT;SDHB;PGGHG;RASL11A;GHDC;SPRY2;NT5C3B;RND1;COG7;IYD;SLC25A24;C1QTNF7;GSDMA;OGDHL;MRAS;DPT;ITGA3;CARD9;LOXL4;KLRD1;SIT1	-0.0591211694128732	0.186113362298558	0.136545734467442	0.326309322190666	35	200	standardized log10 mean-expression + standardized logit detection; no bins; no replacement within program	20260829	FALSE
Wu_Zenodo_19123188	RANDOM_195	ARHGAP30;OAS3;CSF3R;ZFPM2;PRRX1;FGD2;CCL20;PLXDC1;CYBC1;PARP15;VWA8;COPRS;PRPF31;USF2;MPST;OAF;HIPK1;NCDN;FAM222B;RAB29;NT5C3B;IGFLR1;TAF4;MMP11;ITPRIP;PTCHD4;ANO3;GPT;SRPX2;AMPD3;DZIP1;KCNA3;GREB1;ARMC9;GALNT15	-0.0554979485995495	0.194918073585129	0.136545734467442	0.326309322190666	35	200	standardized log10 mean-expression + standardized logit detection; no bins; no replacement within program	20260829	FALSE
Wu_Zenodo_19123188	RANDOM_196	GIMAP2;RAB11FIP4;FOXM1;CGAS;CARD11;SLC17A4;TRPS1;PLXDC1;SLC25A15;COL4A4;APPL1;OCIAD2;PITRM1;CCNI;APOL6;CD151;SMARCA1;ZNF441;ANKRD27;SNX30;ADGRL2;ADGRF5;FKBP9;TBC1D10C;CLEC7A;STAP1;PCDHB7;RDH10;APLNR;MYO1G;FLRT2;SLC16A10;LEF1;NLRP3;CCDC171	-0.0775021222387777	0.21467708890315	0.136545734467442	0.326309322190666	35	200	standardized log10 mean-expression + standardized logit detection; no bins; no replacement within program	20260829	FALSE
Wu_Zenodo_19123188	RANDOM_197	EDIL3;ARHGAP10;PDE10A;IDO2;PFKM;CD55;SPIRE1;BAMBI;G0S2;XYLT1;ARL8B;MGAT4A;CDS2;ANAPC16;TTC39C;TRIP12;METTL7B;DCHS1;ARHGEF5;CHMP7;SMYD2;MSANTD3;THADA;ECM1;SLAMF8;TIFAB;HOXB7;LMCD1;NQO1;SAMD9;SUSD2;STMN3;CCNB1;UAP1L1;ELMO3	-0.0427987484053331	0.227172128482835	0.136545734467442	0.326309322190666	35	200	standardized log10 mean-expression + standardized logit detection; no bins; no replacement within program	20260829	FALSE
Wu_Zenodo_19123188	RANDOM_198	RBP7;SASH3;MPPED1;HAGHL;GPX8;LAMA5;IL18;IFI27L2;IL6R;NRN1;MAP3K3;PLAAT3;ANKRD28;ADAR;CYP27A1;UQCR10;CBLB;TMCO6;ANKRD27;LMTK2;RRP36;GFOD1;PALMD;SLC22A10;OLFML2B;LRCOL1;OXTR;LHFPL2;UTY;PRKCB;SEMA4A;CRACR2A;UGT3A1;NPNT;SLFN12L	-0.0528244722709745	0.162737345838587	0.136545734467442	0.326309322190666	35	200	standardized log10 mean-expression + standardized logit detection; no bins; no replacement within program	20260829	FALSE
Wu_Zenodo_19123188	RANDOM_199	CD38;MCTP1;EMB;UHRF1;ASPM;ITPKB;PTGER4;IRF6;IER5;OSCAR;CCDC12;AFG3L2;CDS2;PRKAR1A;TCIM;SPTSSA;DCAF12;SLC30A4;NUDT1;OBSL1;LRRFIP1;SAMD4A;POFUT2;SASH3;GLIPR2;NPY1R;BSN;TKT;FGD3;MT1A;CLEC4G;TNFRSF6B;GPX8;ZBTB46;PCDHGA7	-0.0619546440934496	0.218186661236827	0.136545734467442	0.326309322190666	35	200	standardized log10 mean-expression + standardized logit detection; no bins; no replacement within program	20260829	FALSE
Wu_Zenodo_19123188	RANDOM_200	CHML;PYCARD;ACHE;HSPA12B;SLC7A1;ITPRIPL2;CYP21A2;TMEM51;RUNX1;OSCAR;TASOR;HIBADH;SMAD5;BGN;NDUFV1;RTN4;HLF;ZNF345;FPGT;TBC1D16;FGD4;BRPF3;TCEAL9;CLEC7A;ITGA9;CCDC194;ATXN7L2;INHBA;APLNR;VEGFC;MEX3B;KLRG1;KIAA0895L;PDZRN3;ZNF549	-0.118255843006959	0.312183994568086	0.136545734467442	0.326309322190666	35	200	standardized log10 mean-expression + standardized logit detection; no bins; no replacement within program	20260829	FALSE
Wu_Zenodo_19123188	RANDOM_201	ITM2A;VGLL3;SRPX;GPR174;CHST9;WWTR1;CALHM2;GPSM1;B4GALT5;ADGRE2;DENND1A;USF1;MAPRE2;ELL2;DAP;SEPTIN9;CPED1;DDR1;PXMP4;GMPPB;YTHDF3;ADGRF5;LUZP1;PBX1;NAV1;PCDH20;OXTR;CYP4A11;CD5L;MME;FIBIN;HACD4;ZC3H12D;PTGS1;SLC22A31	-0.0702012240230159	0.202335472187107	0.136545734467442	0.326309322190666	35	200	standardized log10 mean-expression + standardized logit detection; no bins; no replacement within program	20260829	FALSE
Wu_Zenodo_19123188	RANDOM_202	VGLL3;CD38;MMP23B;DLL4;FADS3;IER5L;DOCK11;SPINDOC;COL5A2;KCNJ5;NOP56;ADAM10;BID;CIRBP;MPC2;EMC4;SLC25A30;CUL9;CBL;MED6;AAK1;SH3BP2;SLC25A37;TESC;CACNA1H;TUB;CAMK2B;F10;APOBEC3G;MYO1G;BBOX1;SLC16A10;NT5DC2;BCL2A1;WNK2	-0.0933321355555158	0.218283791272119	0.136545734467442	0.326309322190666	35	200	standardized log10 mean-expression + standardized logit detection; no bins; no replacement within program	20260829	FALSE
Wu_Zenodo_19123188	RANDOM_203	HCST;TACC3;ZG16;CELSR1;TSPAN18;PODXL;TNFSF13B;GHDC;SYNPO;RAPGEF3;RHOQ;GPI;VPS26A;MS4A7;ECI2;OPTN;USP14;C18orf21;TMEM160;ERBB2;PTPN23;CHMP7;DEPDC7;KRT23;TYMS;STK32B;TNFRSF19;TRBC2;NXT2;FBXO32;FLRT2;HSPB2;SRPX;PPP1R3G;C7orf31	-0.0958935520973751	0.2246369552223	0.136545734467442	0.326309322190666	35	200	standardized log10 mean-expression + standardized logit detection; no bins; no replacement within program	20260829	FALSE
Wu_Zenodo_19123188	RANDOM_204	APOBEC3G;GABBR1;AGPAT4;RBL1;ANKRD29;GASK1B;FUT8;HSPBAP1;DCAF11;PCDHGB7;LRP6;ENPEP;SEC24B;CNN3;ATP5F1B;CDC37;MSR1;ALKBH1;ZNF496;MANBA;VCP;MOB1A;SCN1B;ATP2A3;PLIN4;TMSB15B;ADCY1;FAM118A;CYP21A2;SAMD9;ALDH1A3;HDAC9;HKDC1;SHBG;LONRF2	-0.106560112499649	0.192621114504878	0.136545734467442	0.326309322190666	35	200	standardized log10 mean-expression + standardized logit detection; no bins; no replacement within program	20260829	FALSE
Wu_Zenodo_19123188	RANDOM_205	MRAS;AFAP1L1;SSC5D;C14orf132;CCDC9B;CYP7B1;KIRREL1;MFSD6;NOTCH3;HSPA12B;EPC1;BRD1;GIT2;COX7C;INF2;NFE2L1;ERBB3;AP2B1;SGMS2;ZADH2;MAPK14;KCNJ8;THADA;MLIP;HOMER3;IGSF9B;CLNK;ALOX5;ARHGAP9;PLAGL1;TNFSF8;SLC16A9;AVPR1A;MMP23B;HENMT1	-0.075307029047874	0.243473965576204	0.136545734467442	0.326309322190666	35	200	standardized log10 mean-expression + standardized logit detection; no bins; no replacement within program	20260829	FALSE
Wu_Zenodo_19123188	RANDOM_206	BEND7;DOK2;RIPOR2;CLIP3;IFI44L;GASK1B;STX11;NCAPD2;NPDC1;SH3RF3;SLC44A2;PEAK1;PLA2G12A;GSTK1;SLC38A10;ANPEP;GRAMD1A;C4B;PPP1R26;B3GAT3;RALGPS2;MOB1A;ARHGEF18;HELLS;TMEM45B;PAGE1;SYT9;CRIP1;APOBEC3G;TMEM51;RAB30;UHRF1;SACS;TNFAIP8L3;PTGDR	-0.0850148963202425	0.227129487797321	0.136545734467442	0.326309322190666	35	200	standardized log10 mean-expression + standardized logit detection; no bins; no replacement within program	20260829	FALSE
Wu_Zenodo_19123188	RANDOM_207	HCST;HMCN1;CDC42EP2;ADGRE2;CHST9;PDE4D;NFASC;SNN;SMG5;DAPP1;FAM120AOS;ZBED1;FAM193B;SLC40A1;GNAI2;DPYD;FKBP8;ZNF25;PIGL;TBC1D16;RCC1L;BRPF3;MON1B;GMFG;EFNB2;GLIPR1L2;PRSS3;UGT1A1;GPR88;PDZK1IP1;ARL10;FOXD4L5;CCDC9B;IGFBP6;CD40LG	-0.0464241430794587	0.206785766127854	0.136545734467442	0.326309322190666	35	200	standardized log10 mean-expression + standardized logit detection; no bins; no replacement within program	20260829	FALSE
Wu_Zenodo_19123188	RANDOM_208	ADAMTS4;GLT1D1;VDR;HOXB2;RIMKLB;UBALD2;ST14;PTPN14;ADA2;MEX3B;TIMM10B;RAPGEF5;DMTF1;ANXA5;GNB2;POLDIP2;DNAJA1;GATB;FPGT;MTHFR;RAI14;DENND6A;ITGAL;TC2N;SH3PXD2B;ANKRD34A;CHST10;FGGY;ZNF83;LRRC8C;EGFL8;UHRF1;IKBIP;SLC2A5;LONRF2	-0.136023930754498	0.224905828060135	0.136545734467442	0.326309322190666	35	200	standardized log10 mean-expression + standardized logit detection; no bins; no replacement within program	20260829	FALSE
Wu_Zenodo_19123188	RANDOM_209	OSBPL3;GLT1D1;LRMP;HMMR;FEZ1;ARHGAP26;NPR2;ZSCAN18;SREBF2;DENND1C;SLC16A1;SH3BP4;CNOT11;CD63;NDRG2;MGST3;POGK;AC073111.4;PRUNE1;MIS18BP1;ACTR2;C1orf21;SLC1A5;CCDC102B;CST7;STAP1;SLC23A3;SRXN1;CNRIP1;BTN2A2;CHST3;SLAMF7;EPB41L4A;NPNT;PRR22	-0.11205441552372	0.205001698896277	0.136545734467442	0.326309322190666	35	200	standardized log10 mean-expression + standardized logit detection; no bins; no replacement within program	20260829	FALSE
Wu_Zenodo_19123188	RANDOM_210	TRAF5;PLAU;NBPF20;OSBPL10;SPATA33;GLIPR1;GZMK;MAP2;ABLIM3;HOXB3;PURA;OCIAD2;REV1;CREG1;HNRNPUL2;MPST;LPCAT3;PALM3;KYAT3;CLASP2;NCK1;LDB2;ABI2;STX11;APOLD1;LRRC10B;ZNF502;NOTCH3;GSTM1;HGF;GPR174;NRCAM;HILPDA;ADRA1B;FGF13	-0.0793034965342615	0.210855996715777	0.136545734467442	0.326309322190666	35	200	standardized log10 mean-expression + standardized logit detection; no bins; no replacement within program	20260829	FALSE
Wu_Zenodo_19123188	RANDOM_211	ABI3BP;PAPLN;PPM1K;TCP10L;GJC1;SPTLC2;ACSM3;KIFC2;LRP5;KAZN;AIP;MRTFA;PSENEN;ARHGDIB;PHYH;AHR;MET;KPNA5;TMEM8B;IRGQ;KHDC4;TRIM5;TUBB2A;SGCE;IRAK3;IGSF9B;C10orf62;IER3;SRPX2;STAT4;VDR;PDE5A;KIAA1328;ABCA10;CA5B	-0.0875549000165118	0.210738537368872	0.136545734467442	0.326309322190666	35	200	standardized log10 mean-expression + standardized logit detection; no bins; no replacement within program	20260829	FALSE
Wu_Zenodo_19123188	RANDOM_212	TM6SF1;AFAP1L1;PPP1R3E;CD300LF;KCNK6;ENTPD1;APLNR;FLVCR1;ATF3;OSCAR;EPC1;MGAT4A;UGGT1;PLD3;TTC39C;CD151;RELL1;EPB41L4A;CNTROB;ANGEL1;FGD4;ARHGEF18;ZNF680;LOXL1;SVEP1;PDZD2;PCDHGA9;F13A1;ARHGAP30;SPECC1;CGAS;KCNQ1;SYTL1;SAP25;NKD1	-0.135534322729685	0.266072859894954	0.136545734467442	0.326309322190666	35	200	standardized log10 mean-expression + standardized logit detection; no bins; no replacement within program	20260829	FALSE
Wu_Zenodo_19123188	RANDOM_213	SEPTIN1;COL8A1;FKBP14;GTSF1;CBX8;RASD1;ADGRG1;CCDC198;CHSY1;FBXO2;REPS1;KLHDC3;EPC1;TPP1;MAGED2;CARHSP1;GNB4;FOLH1;FAM110B;LCAT;CALCRL;CAVIN2;NUP188;CCL4;NEURL1B;NPAS3;DZANK1;HIST1H1E;TMED3;TIE1;PDE5A;MCTP2;ITGA2;EPPK1;FAM53A	-0.0356396143598694	0.276242296303807	0.136545734467442	0.326309322190666	35	200	standardized log10 mean-expression + standardized logit detection; no bins; no replacement within program	20260829	FALSE
Wu_Zenodo_19123188	RANDOM_214	CNRIP1;VGLL3;FAM222A;EMID1;KCNK6;STAP2;TANC2;CNTROB;COL5A2;CCDC146;NFIX;GBA2;PLPBP;CFLAR;UGDH;NCOA4;DR1;GLOD4;DHX32;APBB3;MTMR4;FAM49B;SPRY2;KDM5D;CD72;SLC51B;CCDC154;ADIRF;CCL21;PLXDC1;FGF2;SULT1B1;EPHA3;GJC1;KCNN2	-0.138946046237206	0.257010280985675	0.136545734467442	0.326309322190666	35	200	standardized log10 mean-expression + standardized logit detection; no bins; no replacement within program	20260829	FALSE
Wu_Zenodo_19123188	RANDOM_215	PLBD1;ERICH5;FZD1;KLHL26;EPHA3;KANK2;CNRIP1;MAP2;OSGIN1;SPINT1;PCED1A;ELMSAN1;ZMPSTE24;METTL7A;RAC1;ATP5F1D;MCM7;RPH3AL;SLC25A43;ASB13;STX6;ASAP2;KIAA1522;SGCE;SH3PXD2B;WNT2B;ZNF287;INHBA;ARHGAP9;CCDC3;CACNA2D1;LDOC1;A4GALT;LPAR1;SGCD	-0.102596353834098	0.237831026504259	0.136545734467442	0.326309322190666	35	200	standardized log10 mean-expression + standardized logit detection; no bins; no replacement within program	20260829	FALSE
Wu_Zenodo_19123188	RANDOM_216	CD48;PDE7A;ARMC9;TNFSF8;TSPAN18;PPARG;SAMD9L;PAFAH1B3;STK17B;PCDHGA12;NADK;ATP2B4;USP14;KLF9;REXO2;NUCKS1;PLIN2;FBXL8;BLOC1S3;VPS11;SSH1;TTC14;CCDC93;CD300A;BICC1;TBC1D3B;INKA1;COL14A1;KIAA0513;CD6;XYLT1;CDH6;FLT3LG;FHL1;LRATD1	-0.114399579605587	0.250265253645186	0.136545734467442	0.326309322190666	35	200	standardized log10 mean-expression + standardized logit detection; no bins; no replacement within program	20260829	FALSE
Wu_Zenodo_19123188	RANDOM_217	ANKRD44;SYTL2;TRERF1;KCNQ1;TSPAN18;GRASP;PRKCB;JADE2;RGS2;BNC2;ZNF217;SWAP70;LEMD2;NUCB1;TTC39C;SCARB2;SLC25A30;MANSC1;CEP170;AKTIP;MAPK8IP3;SHC2;IL1RN;STX11;CLEC7A;DND1;KRT222;C1orf115;EDIL3;MOGAT2;SULT1E1;ZNF124;DAAM2;LILRB1;PRELID3A	-0.0470008671547754	0.187812382422586	0.136545734467442	0.326309322190666	35	200	standardized log10 mean-expression + standardized logit detection; no bins; no replacement within program	20260829	FALSE
Wu_Zenodo_19123188	RANDOM_218	AMPD3;LOX;NAT2;ZNF688;SAP25;PIGR;NPR2;LRRC8C;SERPINA11;PCDH7;SMARCC2;BCL7B;MAPK6;JUN;RNASE4;BAG6;NEDD4L;NRTN;WFS1;LMTK2;CCDC88A;SOGA1;SUPT20H;MTHFD2;FGD3;C8orf34;CAND2;SLC27A2;GSTM1;HCST;STMN3;ZNF124;LPAR1;IGFALS;CLEC3B	-0.019180447367983	0.198195694083423	0.136545734467442	0.326309322190666	35	200	standardized log10 mean-expression + standardized logit detection; no bins; no replacement within program	20260829	FALSE
Wu_Zenodo_19123188	RANDOM_219	MYO1G;AFAP1L1;MMP23B;SLAMF1;CXCL14;MYO1F;SLC7A6;CECR2;HACD3;SLIT2;SS18L1;DDX21;VPS26A;RAB5C;CHPT1;ANAPC11;RHBDD2;TMCO6;ZSCAN2;TELO2;PIP5K1A;GPALPP1;RBM26;NIBAN1;SEMA4D;DZANK1;PMFBP1;ADIRF;SLCO3A1;GZMA;IDO1;HOXB3;CBX8;SNCG;KLHDC7B	-0.143006567876139	0.202863276162275	0.136545734467442	0.326309322190666	35	200	standardized log10 mean-expression + standardized logit detection; no bins; no replacement within program	20260829	FALSE
Wu_Zenodo_19123188	RANDOM_220	MXD1;ERICH5;TMEM91;NRGN;EMB;SLC30A10;RBP7;GUCY1B1;NEDD9;CD33;GGA1;PATJ;TMEM109;PLXND1;NDUFV1;BAG1;CLSTN3;CDK3;UHRF1BP1;PIK3CB;TMEM9;FAM160B2;CYP2C18;DBNDD2;PLP2;NCR3LG1;SLC35F2;HYAL1;GLIS2;LMOD1;SEMA4A;FMO2;CDC14A;BTK;GOLGA8O	-0.0739550916123463	0.213864366082667	0.136545734467442	0.326309322190666	35	200	standardized log10 mean-expression + standardized logit detection; no bins; no replacement within program	20260829	FALSE
Wu_Zenodo_19123188	RANDOM_221	ADAMTS4;NXT2;ALPK3;VMO1;ZBTB46;SLC19A2;LMOD1;JADE2;SLC25A15;LDOC1;EHD4;PATJ;MCRIP1;SLC40A1;KCTD12;NRP1;DCTN3;CTNS;DGKD;MOB1A;UCKL1;ALDOC;COP1;HSPB8;SASH3;MYCN;DEPDC1;ADIRF;SLC2A1;HDGFL3;CCR1;IDO1;TRIM3;PARM1;NKD1	-0.127509348888248	0.234253784725425	0.136545734467442	0.326309322190666	35	200	standardized log10 mean-expression + standardized logit detection; no bins; no replacement within program	20260829	FALSE
Wu_Zenodo_19123188	RANDOM_222	SASH3;HEYL;ATP8A1;ADORA3;RHOH;MTHFD1L;ADCY7;MKI67;PLIN5;SH3RF3;REPS1;ATP6V1C1;HMGN3;ACAA1;VPS28;APMAP;OPLAH;PFKFB2;TRIM11;COG7;PIP5K1A;AP5Z1;LMO2;PDGFRA;SAMSN1;RET;CYP17A1;GPT2;KSR1;SRD5A2;UHRF1;CLDN11;ENDOD1;PDE10A;LINGO1	-0.0525012146344493	0.170351032468359	0.136545734467442	0.326309322190666	35	200	standardized log10 mean-expression + standardized logit detection; no bins; no replacement within program	20260829	FALSE
Wu_Zenodo_19123188	RANDOM_223	CKB;SLC7A6;FLRT2;CEP135;BEST1;PLIN3;PIK3CD;VCPKMT;CTPS1;SLC25A12;SEPTIN6;TOX4;CLSTN3;SLC38A2;BAG6;TYMP;RAP2A;TRMT10B;IL15RA;TELO2;TSC22D4;ODC1;TBC1D16;STX11;SLC28A1;CNR1;CCDC154;HLF;SEPTIN5;LMOD1;LYL1;UBXN10;P2RY11;SKAP1;LRRC17	-0.109057727972225	0.221573058616997	0.136545734467442	0.326309322190666	35	200	standardized log10 mean-expression + standardized logit detection; no bins; no replacement within program	20260829	FALSE
Wu_Zenodo_19123188	RANDOM_224	HDGFL3;SLC17A2;CD109;TLE2;ZC3H12D;CCDC107;HIC1;SOX9;SEC14L2;ZC2HC1A;AGPS;ROCK2;DDI2;ZFP36L2;CRYL1;SUMF2;PLEKHO2;AMN1;TSPAN12;ZMAT3;FN3K;GPALPP1;SLC25A42;TAGAP;EVI2A;STAP1;CD22;PTK2B;TP53I11;SAMD9;CCNA2;CC2D2A;IGF2BP3;BATF;SLFN12L	-0.0921991795534549	0.182920434773472	0.136545734467442	0.326309322190666	35	200	standardized log10 mean-expression + standardized logit detection; no bins; no replacement within program	20260829	FALSE
Wu_Zenodo_19123188	RANDOM_225	IYD;PFN2;CHST1;B3GNTL1;CDC42EP5;SRPK2;ARHGAP24;RASSF8;CAV1;NRN1;PELO;BCL7B;AKAP8L;SERP1;SAMHD1;ENG;SLC43A1;KLHL18;AP4B1;THADA;AKT3;CKS1B;ERBB2;COX7A1;CD48;TNFRSF19;DND1;F10;HCST;KIRREL1;SUSD2;FGF21;ANKRD29;SNCA;CEP112	-0.0606912430176591	0.251728759098557	0.136545734467442	0.326309322190666	35	200	standardized log10 mean-expression + standardized logit detection; no bins; no replacement within program	20260829	FALSE
Wu_Zenodo_19123188	RANDOM_226	IL16;ADCY3;NLRP3;IQCG;TRPM2;RASD1;MOXD1;IL33;ANGPTL4;FNDC1;DAPK3;PRPSAP1;SRP68;COL4A1;EIF3B;EGR1;ACOT12;SLC26A6;FDX2;FRK;CIC;SOCS1;FNBP1L;HMCN1;KDM5D;RASL10A;SYT9;ONECUT1;NRG1;ZNF83;SLIT3;CRACR2A;SPN;ENHO;RIC3	-0.147532767640554	0.285121181488728	0.136545734467442	0.326309322190666	35	200	standardized log10 mean-expression + standardized logit detection; no bins; no replacement within program	20260829	FALSE
Wu_Zenodo_19123188	RANDOM_227	AFAP1L1;SLC2A1;PDE3A;EMID1;ELF4;DCAF10;CLEC7A;KIAA0586;TTPA;HOXB3;TRAPPC4;SLC25A30;RELL1;ANXA11;RNASE4;GCLC;YKT6;PALM3;MID2;TGFBR3;VCP;POFUT2;IL1RN;JAK3;FBLN1;SIGLEC12;SPATC1;ISG20;TMED3;FAP;FGF2;NRROS;KCTD15;SLC25A12;ZNF765	-0.12022805701138	0.159490645113709	0.136545734467442	0.326309322190666	35	200	standardized log10 mean-expression + standardized logit detection; no bins; no replacement within program	20260829	FALSE
Wu_Zenodo_19123188	RANDOM_228	SVEP1;GIMAP1;SLC25A12;ZKSCAN4;IRF5;ABL2;KIF12;FUT4;SERPINA11;MLLT3;POMP;MBD6;STAT5B;P4HB;PCBD1;CTSH;STRN4;APH1B;CBL;RP2;AGMO;IDUA;H2AFY;COX7A1;CDH11;GALNTL6;DZANK1;PDLIM7;PBX1;DPT;RUNX2;ST6GALNAC3;PPL;HK2;TMEM82	-0.0711738896750763	0.184721210570182	0.136545734467442	0.326309322190666	35	200	standardized log10 mean-expression + standardized logit detection; no bins; no replacement within program	20260829	FALSE
Wu_Zenodo_19123188	RANDOM_229	COL8A1;MXD1;BATF3;GTSF1;EBF1;GCKR;ST14;PAPOLG;EHD2;COL4A4;COQ9;TPST2;ZNF24;SELENOW;NDUFV1;NDFIP1;RETREG2;FRG1;PEX6;NUDT2;ERAP1;LUZP1;CNOT6;NR4A2;CDC42EP3;ZCWPW2;COL9A2;LAPTM4B;UBXN11;ZFYVE28;CD200;PDE5A;SPATA33;CDC42EP2;ZNF232	-0.124331491991014	0.221978092603154	0.136545734467442	0.326309322190666	35	200	standardized log10 mean-expression + standardized logit detection; no bins; no replacement within program	20260829	FALSE
Wu_Zenodo_19123188	RANDOM_230	LYVE1;ARHGAP9;GREB1;KIAA0753;FOXM1;ECHDC3;CAVIN3;ERI1;CIDEB;CCR1;SRPK1;C7orf50;TNKS2;TGOLN2;SAMHD1;SMAP2;LPCAT3;ZG16;CAMKMT;CADPS2;LYPLAL1;MMD;LMBR1L;JAK3;CLEC7A;VTCN1;PLAG1;AKR1C2;TNFRSF11B;PAPLN;KCNJ5;KCNA3;IKBKE;IGFBP6;KCNN3	-0.010930110068879	0.186541790642621	0.136545734467442	0.326309322190666	35	200	standardized log10 mean-expression + standardized logit detection; no bins; no replacement within program	20260829	FALSE
Wu_Zenodo_19123188	RANDOM_231	PRKCB;OAS3;HOMER1;SULT1B1;WDFY4;SHROOM1;CALHM2;FAR1;SREBF2;CCDC146;GTF2H5;DNPH1;GTPBP1;ITM2B;SPI1;LY6E;MID1IP1;FRG1;UHRF1BP1;MIS18BP1;HPCAL1;KRI1;RPP21;ID4;TENT5C;NSUN7;MLF1;PLIN5;MSC;AMN;CCL3;BMP6;GRK4;KCNK5;FIGNL2	-0.0543018955568149	0.168420295596577	0.136545734467442	0.326309322190666	35	200	standardized log10 mean-expression + standardized logit detection; no bins; no replacement within program	20260829	FALSE
Wu_Zenodo_19123188	RANDOM_232	CHML;RASGRP2;FOXM1;MECOM;SLF1;CD55;VNN2;CENPC;RUNX1;ESM1;GTF2H5;MGAT4A;GFPT1;TOMM7;OAF;NRP1;IVNS1ABP;BCL6B;ZBED4;ANP32E;SP110;TM2D2;RECQL;UROC1;VGLL3;SPRY3;PMFBP1;CHI3L1;CD96;STAT4;DPEP2;NXPE3;ZG16;CROCC;CLGN	-0.0865347386737597	0.19418029951726	0.136545734467442	0.326309322190666	35	200	standardized log10 mean-expression + standardized logit detection; no bins; no replacement within program	20260829	FALSE
Wu_Zenodo_19123188	RANDOM_233	LILRB5;FGD3;TLE4;UBXN10;PDE2A;DHCR7;SOX18;PIGL;LGR4;XPNPEP2;LSM7;AFG3L2;DMTF1;ETFB;TMEM59;CTDSP1;PCED1A;BTBD10;POLD3;RAB29;SMPD4;KCNJ8;FAM49A;UPP2;FGR;GLIPR1L2;NTNG2;COL14A1;SMIM3;BICD1;OGN;ANK2;ZG16;DNAJB5;CDC45	-0.0576586399507883	0.195016420750494	0.136545734467442	0.326309322190666	35	200	standardized log10 mean-expression + standardized logit detection; no bins; no replacement within program	20260829	FALSE
Wu_Zenodo_19123188	RANDOM_234	LAMA2;NDUFA4L2;NRTN;CD180;RHOJ;QSOX1;ARHGAP10;ULK4;ADA2;ASRGL1;BCL6;CREBRF;FCHSD2;ZYX;SUMF2;HNRNPA0;CCT3;STK26;ZBTB22;RAB29;BAD;GSTZ1;C2CD5;CACNA1H;CCDC102B;CNTN4;INKA1;PMP22;AFAP1;CD6;MEF2B;FMO2;EMB;THEMIS;NPIPB15	-0.131724618407196	0.250680107356292	0.136545734467442	0.326309322190666	35	200	standardized log10 mean-expression + standardized logit detection; no bins; no replacement within program	20260829	FALSE
Wu_Zenodo_19123188	RANDOM_235	PLBD1;PRKCH;FAM131A;TAFA5;FLT3LG;LAMA4;CD96;C6orf47;ADAM15;GDPD5;TASOR2;TSHZ2;SMAD5;FKBP5;SLC38A10;S100A10;DCTN3;RBM8A;MTFP1;SH3BP5L;SMPD4;FAM53B;DNAJB14;CCDC102B;RAB34;HORMAD1;CFAP54;EHD2;ANKRD44;FAP;ABCA9;GRAP2;ENDOD1;PDZRN3;MN1	-0.10603778201186	0.299854771003123	0.136545734467442	0.326309322190666	35	200	standardized log10 mean-expression + standardized logit detection; no bins; no replacement within program	20260829	FALSE
Wu_Zenodo_19123188	RANDOM_236	SRPX2;SLC6A6;THEMIS;TSPOAP1;CXCL14;BTN3A2;PTGER4;GJA4;THEMIS2;CD226;ZC3HAV1;LRCH4;PARP4;C1QA;CYP27A1;ATN1;SMTN;PDK3;CAPRIN2;TM2D2;BIN1;DNAJB14;OBSL1;ALOX5AP;TBC1D10C;TRGC1;PLAC9;CYP4F3;TBX2;FPR1;TNFSF8;RPP25;ANKRD37;DNAJB5;KCNJ3	-0.0420230595717946	0.203344859718689	0.136545734467442	0.326309322190666	35	200	standardized log10 mean-expression + standardized logit detection; no bins; no replacement within program	20260829	FALSE
Wu_Zenodo_19123188	RANDOM_237	MMRN2;NR4A3;PDZRN3;ABLIM2;IKBKE;GALNS;GSTM1;SLC25A43;AKR1C4;AIF1L;PPP4R1;WSB2;GFPT1;RRBP1;ARHGEF12;OAF;EHD1;ITGB3;TEPSIN;LMO2;NOTCH1;APBB3;ARHGEF3;MT1F;MAL2;CAND2;MGAM;CORO1A;HAND2;MME;SULT1E1;KCNA3;BTN2A1;ESM1;MZF1	-0.0566462286351655	0.222176499460761	0.136545734467442	0.326309322190666	35	200	standardized log10 mean-expression + standardized logit detection; no bins; no replacement within program	20260829	FALSE
Wu_Zenodo_19123188	RANDOM_238	RFLNB;SLC2A1;TMEM91;FCHO1;PRRX1;GCKR;LILRB5;SCLT1;HJV;SLAMF1;PACSIN2;NAGK;MTA2;GRN;PEPD;TMED9;PEAK1;TMEM200B;GLCCI1;CKS1B;MTFR1L;DUSP7;TBC1D16;NR4A2;PLK3;CTF1;SCN4A;FYB1;FBXO32;HIC1;GPR174;ST8SIA1;NT5DC2;XKR6;CHIC1	-0.0542334082923991	0.151770862674917	0.136545734467442	0.326309322190666	35	200	standardized log10 mean-expression + standardized logit detection; no bins; no replacement within program	20260829	FALSE
Wu_Zenodo_19123188	RANDOM_239	ADGRG1;VGLL3;DNAJB5;TLR6;ADAMTS13;RNF144B;TRAF5;ACSS1;ABCB4;PRR5L;IRF9;CREBRF;ZFAND2B;SGK1;ATN1;MYO1B;COQ8A;WDR25;NDUFAF2;RECQL;VAV2;SOGA1;CSPP1;PTGER4;GPLD1;SLC22A11;ERP27;LTBP4;UROC1;SP140;GATA3;FAR2;NT5DC2;TPPP3;ZNF154	-0.0618753910234668	0.248156434004481	0.136545734467442	0.326309322190666	35	200	standardized log10 mean-expression + standardized logit detection; no bins; no replacement within program	20260829	FALSE
Wu_Zenodo_19123188	RANDOM_240	TNFSF13B;DBNDD2;RASL11A;NXPE3;BEST1;GCKR;SLC3A1;PLAGL1;RASSF4;HIST1H2BG;PELO;YKT6;CDK13;SLC38A2;SLC2A4RG;HSD17B11;PNRC2;ANKRD49;TTC8;LCAT;CHKB;MOB1A;PSKH1;DIPK1B;TMEM45B;GHRL;MC1R;HPGD;CCL21;CKB;DAPP1;ADAM12;SPATA33;KLRD1;MMS22L	-0.063624454247461	0.188771162217088	0.136545734467442	0.326309322190666	35	200	standardized log10 mean-expression + standardized logit detection; no bins; no replacement within program	20260829	FALSE
Wu_Zenodo_19123188	RANDOM_241	SEMA4D;PLAU;IGFALS;RAB30;IGFBP6;ETNPPL;P4HA2;BBS1;NR1H3;MYBL2;HDAC1;ENPEP;KHNYN;EEF1B2;PDIA3;CAPZB;STK38L;FBXL18;TMEM160;FAM160B2;SMC4;PDZK1;NUP188;CERCAM;HELLS;TLE6;FREM2;CAVIN1;LYVE1;CD209;CRACR2A;SH2D1A;UAP1L1;BTK;FAM124A	-0.0767014748317606	0.202931064996705	0.136545734467442	0.326309322190666	35	200	standardized log10 mean-expression + standardized logit detection; no bins; no replacement within program	20260829	FALSE
Wu_Zenodo_19123188	RANDOM_242	NXT2;SPART;OBSCN;SEC31B;DTX1;PRKCD;FGD3;SLC25A43;STBD1;FMO2;NBN;USP14;TRIM24;GRHPR;MYLK;MGAT4B;F11;DZIP3;TCP11L2;NSDHL;UROS;SLC25A37;SHKBP1;CLIP4;EVI2A;PRSS3;FAM162B;AKR1C3;HIC1;GZMA;CD5;PLIN1;ABRAXAS1;TOR4A;GPR141	-0.0379775797484164	0.170869318422563	0.136545734467442	0.326309322190666	35	200	standardized log10 mean-expression + standardized logit detection; no bins; no replacement within program	20260829	FALSE
Wu_Zenodo_19123188	RANDOM_243	IYD;TNFSF13B;SPN;RARB;PDP1;FETUB;SPECC1;RAD51B;FTCD;PCDHGB7;GGA1;ITPKC;USP14;SGK1;CARHSP1;PHPT1;NET1;TFB1M;CEP85L;ATP6V0A2;PTPN23;MOB1A;INAFM1;RASA3;PRKCH;ANKRD13B;TRDC;METRNL;CCDC88C;MOXD1;DPEP2;ETV4;DTX1;TNFAIP8L3;DEF8	-0.0547229983837206	0.174389054516979	0.136545734467442	0.326309322190666	35	200	standardized log10 mean-expression + standardized logit detection; no bins; no replacement within program	20260829	FALSE
Wu_Zenodo_19123188	RANDOM_244	SLC37A2;MSRB3;PDE3A;XPNPEP2;CBX8;MICALL2;MYO1G;CLEC10A;STK17B;MCUB;VPS26A;PTGES2;LIMD1;IDH2;SURF4;UQCRQ;TMEM109;ACHE;LRRC8C;NELFB;PRKD2;PIP4K2A;TTC14;CST7;COL16A1;TNFRSF19;PCDHB7;UGT1A1;SGCE;CYYR1;SLC2A5;MT1H;DDR1;CXCL14;DCLRE1B	-0.119781165215132	0.204383398329407	0.136545734467442	0.326309322190666	35	200	standardized log10 mean-expression + standardized logit detection; no bins; no replacement within program	20260829	FALSE
Wu_Zenodo_19123188	RANDOM_245	KSR1;CCL4;BTBD19;FAM110A;LY9;ITPRIPL2;LOX;GTDC1;NEDD9;HAGHL;RUFY1;PMM1;BRD7;EIF4EBP2;MAPKAPK2;ASL;PKD2;EPB41L4A;CPNE2;PLA2G4C;HCFC1R1;SH3BP2;MSANTD3;CYP1B1;UGT1A9;CADM2;AMH;KLKB1;ADGRG1;MAP2;MYBL2;CD180;BTN2A1;ENHO;KIF27	-0.0595507179130813	0.216021864537638	0.136545734467442	0.326309322190666	35	200	standardized log10 mean-expression + standardized logit detection; no bins; no replacement within program	20260829	FALSE
Wu_Zenodo_19123188	RANDOM_246	MSRB3;PBX1;KIF21B;SULT1E1;ACKR3;FCHO2;PTGIR;DDR2;FAT1;GALNT7;USP22;GBA2;NIT1;ETS2;SURF4;CTSH;SLC35F6;ALYREF;PLCB3;ATAD2B;MTMR4;RORC;SPRY2;TNFSF13B;ADAMTSL2;ZNF132;EME1;SEC16B;NIBAN1;S100A8;MEX3B;GPR4;GPX8;CD109;MN1	-0.0689048424974725	0.21930861491709	0.136545734467442	0.326309322190666	35	200	standardized log10 mean-expression + standardized logit detection; no bins; no replacement within program	20260829	FALSE
Wu_Zenodo_19123188	RANDOM_247	SLC2A1;ID4;LRMP;SULT1E1;TPPP3;CSRNP1;PLCB2;PAIP2B;SWAP70;SPINT1;EPRS;SMARCC1;EWSR1;SLC38A2;ACTA2;VAMP8;LIMD1;PIGB;TSPAN12;SNX30;PAG1;PCGF2;THBS3;EVI2A;PIK3R5;SPATA31A1;MGAM;WARS;SYTL2;ATP2A3;MEF2B;FZD8;ELFN1;INAFM2;KRBA1	-0.106903209507145	0.28031251070587	0.136545734467442	0.326309322190666	35	200	standardized log10 mean-expression + standardized logit detection; no bins; no replacement within program	20260829	FALSE
Wu_Zenodo_19123188	RANDOM_248	SEPTIN5;ARHGAP10;ADGRD1;GATA3;BHLHE41;KLF4;PPP1R3C;JADE2;CHST11;FBXO2;ZNF410;PATJ;USP33;RRBP1;EDEM1;RAPH1;HIPK1;PCDH12;CCDC198;S100PBP;BOK;IFI44;PDCL3;IGSF6;CD5L;KLF8;PKNOX2;ERBB3;COL8A1;SLCO1B3;THSD7A;UBXN10;KCTD15;OBSCN;COL4A5	-0.0725279464558757	0.225709386365814	0.136545734467442	0.326309322190666	35	200	standardized log10 mean-expression + standardized logit detection; no bins; no replacement within program	20260829	FALSE
Wu_Zenodo_19123188	RANDOM_249	NR4A3;COX7A1;TOR4A;MAPK11;RHOH;KCNMA1;UBXN11;SYNGAP1;LGR4;LRP12;PITRM1;PLAAT3;ABHD14B;ECH1;NDUFS2;CAV2;PNRC2;RPH3AL;DHX32;PLXNB1;TAOK2;NUDT7;PDPR;JAK3;FBLN1;TPBGL;FANCB;CD53;MMRN2;FABP4;INKA2;TGFB2;SACS;HVCN1;AKAP5	-0.112351604313548	0.19012182258676	0.136545734467442	0.326309322190666	35	200	standardized log10 mean-expression + standardized logit detection; no bins; no replacement within program	20260829	FALSE
Wu_Zenodo_19123188	RANDOM_250	NFASC;TRAF3IP3;CRHBP;MLLT3;GPX8;MTHFD1L;FUT8;ACSS1;PACS1;CD5;APPL2;DMTF1;ARID1A;CCNL2;PPP2R1B;CTDSP1;TMEM109;TRIM3;AIFM2;PRRC2A;RALGAPA2;ABTB1;IL17RB;PDGFRA;BICC1;CCDC136;BTBD11;SERINC2;CD96;OTULINL;SLAMF1;CELSR1;ZG16;FHL1;TMEFF1	-0.142491987348892	0.275428195242537	0.136545734467442	0.326309322190666	35	200	standardized log10 mean-expression + standardized logit detection; no bins; no replacement within program	20260829	FALSE
Wu_Zenodo_19123188	RANDOM_251	HDGFL3;SLAMF8;PREX2;TMEM71;SPATA33;SIPA1;ATP2A3;OTULINL;GBP2;TMEM159;DNAJA3;MORF4L1;GFPT1;ECH1;COX6A1;CTSH;EPB41L4B;AC073111.4;LTN1;SLC25A37;AQP3;AR;FRK;CCL4;KDM5D;GALNT8;TNFRSF19;DMGDH;MLKL;FUT8;ADAMTSL1;ADGRE2;GREB1;ENO2;KLHDC7B	-0.0263349682395325	0.151000710259128	0.136545734467442	0.326309322190666	35	200	standardized log10 mean-expression + standardized logit detection; no bins; no replacement within program	20260829	FALSE
Wu_Zenodo_19123188	RANDOM_252	CLEC14A;NFASC;VWA5A;GTSF1;TNFAIP8L3;FER;CD96;SAMD5;IER5;ARMCX6;CDC42BPA;POLR2F;RABEP1;ACTG1;EIF1;SLC38A10;USP14;FKBP14;SNTA1;GPALPP1;CHD4;CSPP1;IRF2BP1;ATP2A3;CDC42EP3;HOXB7;AOC2;CCDC80;TACC3;MSC;ZSWIM4;SULT1B1;ADRA1B;ENO2;TRIM31	-0.126762871364668	0.263651333764247	0.136545734467442	0.326309322190666	35	200	standardized log10 mean-expression + standardized logit detection; no bins; no replacement within program	20260829	FALSE
Wu_Zenodo_19123188	RANDOM_253	TTC36;MRAS;FHL1;PAMR1;DTX1;RALGDS;NCF4;CNTROB;SLC6A1;DPEP2;ATP5MC1;DMTF1;PURA;CD14;TNS3;SMIM14;PLIN2;DZIP3;PRXL2C;TTL;SLC4A2;GNPTAB;APBB3;HCK;GBP4;PKNOX2;CYP17A1;IKZF1;LAMA2;CNN1;GALNT7;TLR6;EBF1;NT5DC2;LZTS1	-0.0986753231893188	0.174143332456483	0.136545734467442	0.326309322190666	35	200	standardized log10 mean-expression + standardized logit detection; no bins; no replacement within program	20260829	FALSE
Wu_Zenodo_19123188	RANDOM_254	PDE4B;RARRES1;ITGA7;HACD4;MILR1;FETUB;TMED3;BICD1;AKR1C2;BNC2;ATG13;DDX21;SMARCD2;APP;CRYL1;MARCKS;POGK;BTBD10;TERF1;KCTD10;AGMO;NDE1;MARF1;RASA3;NQO1;STRA6;CCNJ;NR5A2;STAT4;PPP1R13L;PLN;SSPN;CDC42EP2;ITGB3;CRABP2	-0.140350398633737	0.217749434888822	0.136545734467442	0.326309322190666	35	200	standardized log10 mean-expression + standardized logit detection; no bins; no replacement within program	20260829	FALSE
Wu_Zenodo_19123188	RANDOM_255	APOBR;HEYL;GXYLT2;CD180;SNCA;CD99L2;GNG2;LYNX1;PACS1;GALNT7;EHD4;GPI;DENND4A;MS4A6A;ACAA2;REEP5;NISCH;ZNF441;TEF;GSTZ1;UBE2A;LCAT;FAM49A;PRKCH;ARHGAP25;NTNG2;TTC26;ANGPTL4;GLIS2;PPP1R13L;PGM2L1;CD300LF;MMP23B;CASTOR1;TMC5	-0.0383598637679519	0.198491375240489	0.136545734467442	0.326309322190666	35	200	standardized log10 mean-expression + standardized logit detection; no bins; no replacement within program	20260829	FALSE
Wu_Zenodo_19123188	RANDOM_256	SPECC1;PLCB2;FOXF1;CRACR2A;NLGN2;GGT5;OLFML2B;SAMD5;PGPEP1;HOXB2;CALCOCO1;SAMD4B;FOXN2;GNB1;MTCH1;SEPHS2;CCT3;PHETA1;ZNF322;SNHG32;PI4KB;SAMD4A;DOCK6;SPINT2;HELLS;EFCC1;ZNF287;GOLM1;PMEPA1;LAMC3;LDOC1;OSBPL10;BCL6B;FAM180A;WNK2	-0.0726553039635239	0.293888392065207	0.136545734467442	0.326309322190666	35	200	standardized log10 mean-expression + standardized logit detection; no bins; no replacement within program	20260829	FALSE
Wu_Zenodo_19123188	RANDOM_257	VGLL3;SLC12A2;IPCEF1;VMO1;KLRB1;WLS;CAPN12;IRF6;DCAF11;SUSD2;GPC1;MAN2A2;YKT6;ADAR;MPC2;HSPD1;CCT3;TBKBP1;ZBTB48;NSDHL;GTPBP2;SLC25A42;GRK5;CLIP4;RASGRP2;DND1;EFCC1;UGT1A1;RHOF;EFHD1;OSCAR;MT1H;VPS37C;CD109;SLFN12L	0.00521011742221919	0.226563858023833	0.136545734467442	0.326309322190666	35	200	standardized log10 mean-expression + standardized logit detection; no bins; no replacement within program	20260829	FALSE
Wu_Zenodo_19123188	RANDOM_258	SLC37A2;TNFRSF11B;LY9;FAM122C;CBX8;THBD;ID4;MORC4;FGGY;XYLT1;MIEN1;TMEM184B;USP14;ITPR2;FAH;USP9X;ARL6IP1;SSBP4;ZSCAN2;NUP188;CMTR1;GSTM3;GRK5;IYD;PLP2;RASL10A;NPY1R;VSIG4;EIF1AY;PRKCB;HBEGF;CREB3L1;NGFR;SYTL1;RSAD2	-0.0789273197870049	0.176209493986096	0.136545734467442	0.326309322190666	35	200	standardized log10 mean-expression + standardized logit detection; no bins; no replacement within program	20260829	FALSE
Wu_Zenodo_19123188	RANDOM_259	GIMAP1;TRAF3IP3;SRPX;ARHGEF15;MAPK12;GCGR;SPART;FAR1;EMP1;SYTL3;ZC3HAV1;GIGYF1;EPC1;MSN;MGST2;CALM2;SGK3;PCDH12;APAF1;KIAA1522;BAD;LRRC14;ENPP2;NDUFA4L2;LOX;TRGC1;CD22;GNB4;SEPTIN1;TMEM255B;OSCAR;PRKCQ;GJC1;FLRT2;GPR35	-0.112454488256803	0.248793187195526	0.136545734467442	0.326309322190666	35	200	standardized log10 mean-expression + standardized logit detection; no bins; no replacement within program	20260829	FALSE
Wu_Zenodo_19123188	RANDOM_260	SEMA3F;SEMA4D;PDE3A;ULK2;LPCAT2;ZNF394;DBNDD2;OAT;CPT1A;NRN1;LEMD2;BCL7B;TMEM127;ADAR;BLVRB;RAPH1;NCOA2;SATB2;AIFM2;PDZK1;PBX3;GSTM3;RIT1;FGD3;ADAMTSL2;BTBD11;PLAC9;UGT1A1;ADCY3;TTC36;FGF21;SPNS2;IKBIP;CRHBP;KLHDC7B	-0.0945657365343461	0.18963204234554	0.136545734467442	0.326309322190666	35	200	standardized log10 mean-expression + standardized logit detection; no bins; no replacement within program	20260829	FALSE
Wu_Zenodo_19123188	RANDOM_261	CALHM2;TACC3;DCHS1;EME2;KLRB1;IER5L;IKZF3;EPHA2;SLC39A14;BNC2;KHNYN;RCN1;CEMIP2;NDUFA4;CLPTM1;ACAA2;KLF15;FZD1;AGBL5;RORC;MTMR4;GPALPP1;RILPL2;SLC2A1;TRPV2;PCDHGA2;B3GNT8;EPB41L4B;ADGRG1;CD209;VMO1;CCR4;C4B;IPCEF1;TMEM178A	-0.010242850924379	0.157633461548291	0.136545734467442	0.326309322190666	35	200	standardized log10 mean-expression + standardized logit detection; no bins; no replacement within program	20260829	FALSE
Wu_Zenodo_19123188	RANDOM_262	SYNE3;CYP21A2;P2RY10;CELSR1;SSBP2;GMNN;LDHB;HSPBAP1;AMACR;CD300LF;CCDC12;TCEAL4;CBR1;SDC4;TFPI;COX6A1;CCT3;IFT122;DHX32;POFUT2;ADGRL2;MOB1A;PCNX3;CCL20;SELPLG;GHRL;BTBD11;G0S2;TM6SF1;SELL;HACD4;CCDC146;APH1B;FHL1;MND1	-0.00226971319292532	0.231376875780569	0.136545734467442	0.326309322190666	35	200	standardized log10 mean-expression + standardized logit detection; no bins; no replacement within program	20260829	FALSE
Wu_Zenodo_19123188	RANDOM_263	PBX1;HSPB8;ALPK2;NEURL2;MAP3K6;CDH5;LILRB2;PSIP1;CAV1;ZFP90;AIP;PATJ;DNPH1;KLF6;COMT;SMIM14;RANGAP1;C18orf21;AP4B1;ATP6V0A2;FAM111A;AR;ZMIZ1;PYCARD;CLIP4;SPRY3;ADAM20;GNMT;TP53I11;BCAT1;BNC2;THSD7A;MYO9A;BEST1;TRPC1	-0.10847084959891	0.196659976398031	0.136545734467442	0.326309322190666	35	200	standardized log10 mean-expression + standardized logit detection; no bins; no replacement within program	20260829	FALSE
Wu_Zenodo_19123188	RANDOM_264	LRRK2;TNFRSF11B;REC8;KLHL26;ANKRD37;MVK;FGR;ZSCAN18;FGFR2;ULK2;NET1;RHOT2;SMAD5;H3F3A;HSP90AB1;SLC25A39;ELMSAN1;YDJC;SZT2;SAMD4A;SH3KBP1;GUCY1A1;ERBB2;LAMA2;DOCK11;CCDC13;MLF1;SLC15A3;MRAS;CYYR1;GRAP2;CNDP1;CDK18;CLRN3;GPR141	-0.0636656635294531	0.223641407369658	0.136545734467442	0.326309322190666	35	200	standardized log10 mean-expression + standardized logit detection; no bins; no replacement within program	20260829	FALSE
Wu_Zenodo_19123188	RANDOM_265	SAMD9L;PRKCB;PDE3A;GATA3;BCL2A1;SPTLC2;RAMP2;GLCCI1;ARHGEF26;CCDC146;SUN1;STAT5B;MAPRE2;FCGRT;NRBP2;HADHA;CBR1;ABCA10;TSPAN12;ATP6V0A2;KIAA0319L;NUDT7;RPA1;ADAM19;PTGER4;TERC;FREM2;EHD1;CCL20;LMOD1;LIF;TEAD4;MMP23B;EPHA3;HCN3	-0.056908365258989	0.222552624491435	0.136545734467442	0.326309322190666	35	200	standardized log10 mean-expression + standardized logit detection; no bins; no replacement within program	20260829	FALSE
Wu_Zenodo_19123188	RANDOM_266	GLT1D1;TP53I11;BEST1;MAP3K12;MT1M;XDH;P4HA2;ZBED4;MYO9B;ADGRD1;PACSIN2;KLHDC3;ANKRD28;MAN1A1;RAB13;MACF1;RHOQ;TRAF3IP2;KLHL28;COP1;NES;AKAP10;LDB2;RAB34;CYP1B1;C11orf21;TTC26;SH3BGRL;MLIP;CD248;RERG;MCTP2;FKRP;SLC2A5;GJD3	-0.0940655022454111	0.241572332744626	0.136545734467442	0.326309322190666	35	200	standardized log10 mean-expression + standardized logit detection; no bins; no replacement within program	20260829	FALSE
Wu_Zenodo_19123188	RANDOM_267	TMEM47;GFRA1;FOXM1;ASF1B;BCL2A1;GCKR;TBX2;TNFAIP8;FMR1;CRACR2A;CLASRP;CNTRL;TMEM214;CYB5A;CYBA;ATP1B1;PIM1;CDC42EP2;DGKD;AP5Z1;POLR3GL;ODC1;SLC46A3;FRZB;APOLD1;HIST3H2A;GPR150;CPVL;UBXN11;MOGAT2;LRP12;NLRC3;MPZ;CPXM2;PTGDR	-0.0735788157375549	0.154207568010621	0.136545734467442	0.326309322190666	35	200	standardized log10 mean-expression + standardized logit detection; no bins; no replacement within program	20260829	FALSE
Wu_Zenodo_19123188	RANDOM_268	RARRES1;DEF6;LGALS2;LTO1;TEK;RASSF3;MRAS;PRELID2;CYP4A11;CD200;WDR43;GRB10;VPS26A;POLR2L;SPCS1;TP53INP1;PLEKHO2;C15orf41;SGMS2;AKTIP;TRIM56;GPALPP1;SHKBP1;HSPA6;SMOC2;TMEM232;KRT222;FGFR2;MOXD1;SNX20;VDR;CNDP1;GREB1;SHBG;DSG1	-0.0822039740000662	0.163680739159742	0.136545734467442	0.326309322190666	35	200	standardized log10 mean-expression + standardized logit detection; no bins; no replacement within program	20260829	FALSE
Wu_Zenodo_19123188	RANDOM_269	SMIM3;SASH3;PDZRN3;SULT1E1;PIK3CG;IL18BP;SOX18;BBS1;METRNL;RHBDF1;ATIC;VCAM1;KIDINS220;PLD3;CAV2;MBNL1;MAPRE2;ZNF438;PRXL2C;SOGA1;CLSTN1;IDUA;SATB1;LMOD1;STX11;TMEM108;NEBL;LMCD1;SELPLG;SLC25A36;TFPI2;XPNPEP2;FHL1;REC8;TRPC1	-0.121434984344123	0.238351194888989	0.136545734467442	0.326309322190666	35	200	standardized log10 mean-expression + standardized logit detection; no bins; no replacement within program	20260829	FALSE
Wu_Zenodo_19123188	RANDOM_270	PHACTR1;SLC17A2;SYNM;SORCS2;ENDOD1;PLIN3;SAMD9L;DCAF15;KLF15;FAM180A;APPL2;NAXE;SPNS1;ARL6IP4;ANKHD1;MGST3;OPLAH;C11orf80;DNAH1;POLR1A;SAP30L;CHMP7;TRIP10;ALOX5AP;CYP3A4;SPATA31A1;CPLANE2;AKR1C4;MLKL;EPB41L1;ZFPM2;SYDE1;MPZ;ADRA1B;CLEC3B	-0.0415740909631515	0.206478972586086	0.136545734467442	0.326309322190666	35	200	standardized log10 mean-expression + standardized logit detection; no bins; no replacement within program	20260829	FALSE
Wu_Zenodo_19123188	RANDOM_271	GIMAP1;ANKRD44;SLC25A12;MIER2;NRARP;IL18BP;CD96;GLDC;NEDD4L;CDRT4;MAP3K3;PLA2G12A;EEA1;CTSS;ARF1;SSR2;CHKA;GPD1L;ARL4D;MEF2C;SLC12A4;PCNX3;HERC3;SMIM3;RENBP;SLCO5A1;KCNH2;ID1;KSR1;LRRK1;GNLY;IGSF21;PDE3A;ZG16;NLRP6	-0.0896181713622533	0.208349475695752	0.136545734467442	0.326309322190666	35	200	standardized log10 mean-expression + standardized logit detection; no bins; no replacement within program	20260829	FALSE
Wu_Zenodo_19123188	RANDOM_272	TAGAP;ALOX5AP;OSBPL5;PARP15;MMP23B;MICALL2;EIF1AY;KIAA0040;KLF15;KCNK5;JOSD1;ARL2BP;TMBIM4;USF2;TMCO1;SLC9A3R2;F11;TRAF3IP2;FPGT;DOCK6;PRR14;RORC;MPV17L;SH3PXD2B;HSPB8;PCDH20;NPY1R;PKM;KIRREL1;MYO1G;SLC16A10;STMN2;PREX2;HK2;ROR1	-0.0505917733151202	0.226591342515695	0.136545734467442	0.326309322190666	35	200	standardized log10 mean-expression + standardized logit detection; no bins; no replacement within program	20260829	FALSE
Wu_Zenodo_19123188	RANDOM_273	APOBR;ADAMTS10;CES4A;ITGA3;GPR171;RCSD1;IL18;FLT4;PLEKHM2;ADGRD1;PVR;BID;PSMD6;PLPP3;HSPD1;SPI1;LPCAT3;CENPP;ABCG2;IGFLR1;TMEM9;PLA2G4C;ABI2;CD300A;PTGER4;FHDC1;DEPDC4;IL7R;KSR1;ZNF83;ENO2;NEURL2;CHST1;GREB1;C8orf58	-0.04882000932824	0.207477615645038	0.136545734467442	0.326309322190666	35	200	standardized log10 mean-expression + standardized logit detection; no bins; no replacement within program	20260829	FALSE
Wu_Zenodo_19123188	RANDOM_274	FBXO32;PRKCH;EGR2;CD200;FADS3;PODXL;CHML;MORC4;FTCD;HSPA12B;AKT1S1;DDX23;CXXC5;USF2;SEPHS2;OPTN;COPRS;HINFP;CAPRIN2;CASP7;PRKAB2;GSTZ1;FKBP9;NR4A3;CACNA1H;HIST1H3H;NPAS3;GOLM1;FGR;SRPX2;FAR2;IL3RA;DTX1;ENO2;BMPER	0.0252345158917633	0.220268876773416	0.136545734467442	0.326309322190666	35	200	standardized log10 mean-expression + standardized logit detection; no bins; no replacement within program	20260829	FALSE
Wu_Zenodo_19123188	RANDOM_275	GPR88;CLDN14;SEMA4A;HACD4;ITGA2;LY96;SRPX2;MEIS1;EMP1;LOXL3;SRP72;CAPRIN1;DDX1;CD99;MFSD1;MARCKS;PGGHG;LACC1;KIAA0586;ARMC1;SMC4;NSMAF;SLC1A5;FRZB;CD72;OXTR;NCR3LG1;HYAL1;CDH13;FAT4;CC2D2A;MLLT3;PDP1;OBSCN;B3GNT10	-0.107760882188258	0.240095608387146	0.136545734467442	0.326309322190666	35	200	standardized log10 mean-expression + standardized logit detection; no bins; no replacement within program	20260829	FALSE
Wu_Zenodo_19123188	RANDOM_276	APOBEC3G;STS;PTGS1;GRAP2;FHOD1;FAM199X;ARHGAP24;CLEC10A;ARRDC2;RTN1;NKTR;YKT6;KIDINS220;TM9SF2;INF2;MGAT4B;POGK;CHST13;ZC3H12C;KMT5A;CREB3L2;ARSE;PIP4K2A;THRSP;HCK;SDK1;DZANK1;FMNL2;SVEP1;CMKLR1;TGFB2;TAFA5;ENHO;SYNM;RIC3	-0.0746519530041642	0.183273160516259	0.136545734467442	0.326309322190666	35	200	standardized log10 mean-expression + standardized logit detection; no bins; no replacement within program	20260829	FALSE
Wu_Zenodo_19123188	RANDOM_277	HAND2;SEMA4G;TMEM91;LDLRAD3;MPZ;ADHFE1;ID4;MID2;RIN3;CCDC146;GTPBP1;RHOG;DARS;MIF;SUMF2;FOXP1;SF3B4;MANSC1;CLDN3;CAVIN2;HSD3B7;FSCN1;SLC46A3;PFKP;CD300A;CD1E;B3GNT8;SEL1L3;CD72;SLC3A1;KLF5;NLRC3;TRIM3;PDE3A;PCDHB14	-0.0512940649805004	0.208608136916604	0.136545734467442	0.326309322190666	35	200	standardized log10 mean-expression + standardized logit detection; no bins; no replacement within program	20260829	FALSE
Wu_Zenodo_19123188	RANDOM_278	PRKCB;CD48;NPNT;PTGER2;PCED1B;TM7SF2;ABI3BP;JARID2;SHB;HSPA12B;NSUN2;RAP2A;PSMA2;ELL2;TCIM;WDR26;GPAM;CD1D;CAMKMT;PRRC2A;DUSP6;SESTD1;CYP2C18;CD8A;UGT1A9;TAF4B;TIFAB;COL5A2;LILRB5;VEGFC;LAX1;RRAD;UAP1L1;PPM1K;RIPOR3	-0.0816619147530982	0.172320470596003	0.136545734467442	0.326309322190666	35	200	standardized log10 mean-expression + standardized logit detection; no bins; no replacement within program	20260829	FALSE
Wu_Zenodo_19123188	RANDOM_279	NFASC;ALOX5AP;FAM222A;GNA14;HILPDA;CSF2RA;MOXD1;SEC14L4;IRF8;MLLT3;HTT;NEDD4L;SP1;RHOA;SCARB2;CYC1;POGK;GATB;FGFRL1;DEPDC7;CACUL1;NCK2;PCGF2;PTGIR;TRAF3IP3;RASL10A;PRSS3;GOLM1;SELPLG;CD6;EGFL8;XPNPEP2;SPSB2;FOXF1;HRH1	-0.0655160309269708	0.22601200426899	0.136545734467442	0.326309322190666	35	200	standardized log10 mean-expression + standardized logit detection; no bins; no replacement within program	20260829	FALSE
Wu_Zenodo_19123188	RANDOM_280	RELT;FBLIM1;EMB;BMT2;SEMA3C;PLIN3;TOP2A;TYSND1;ADAM15;MLLT3;GPC1;POLR2F;CDC5L;TAPBP;MGST3;PPP2R1B;NIBAN2;DOP1B;LRIG2;MIS18BP1;TFE3;SLC31A2;MANBA;RENBP;MMP11;SMIM6;COL13A1;F11;AFAP1;NPW;TMEM159;PRKD1;ENDOD1;CPXM2;MND1	-0.0557685700110653	0.290406577743806	0.136545734467442	0.326309322190666	35	200	standardized log10 mean-expression + standardized logit detection; no bins; no replacement within program	20260829	FALSE
Wu_Zenodo_19123188	RANDOM_281	DGKH;GFRA1;PPP1R3E;MAP3K12;SSC5D;FER;PAPLN;PAPOLG;WARS;BATF3;WWP1;ITPKC;ZNF22;CCNI;COX6A1;HNRNPA0;FKBP8;ZNF707;SCARF1;SRGAP1;AGMO;NUP188;ENPP2;TENT5C;PLIN4;SCUBE1;KRT222;CD53;TBX2;EHD3;SLC2A5;KAZN;HKDC1;KCNK6;ZNF549	-0.0703526862445738	0.168805097850976	0.136545734467442	0.326309322190666	35	200	standardized log10 mean-expression + standardized logit detection; no bins; no replacement within program	20260829	FALSE
Wu_Zenodo_19123188	RANDOM_282	MXD1;HSPB8;SKAP1;HOXB4;PFKM;CD36;GIMAP2;ROBO4;F13B;RAB30;NSUN2;NQO2;TASOR2;CRTAP;TMCO1;CHPT1;MSR1;FAM133B;JADE2;NDE1;SMPD4;GFOD1;CYP2C18;AFAP1;FHL3;LGR5;DZANK1;CYP51A1;BCAT1;ZFYVE28;BBOX1;TFPI2;SLC17A1;GPX8;TMEM82	-0.0916807750627792	0.190455181162885	0.136545734467442	0.326309322190666	35	200	standardized log10 mean-expression + standardized logit detection; no bins; no replacement within program	20260829	FALSE
Wu_Zenodo_19123188	RANDOM_283	FGR;KIRREL1;GXYLT2;SLC16A10;STC1;ARHGEF2;SMIM3;MUC20;COLEC11;FAM167B;MED15;AFG3L2;ZNF24;CCNI;COX8A;ARHGEF10L;FAM118A;CUL9;GLCCI1;SNX30;GPR107;TAF4;ADAM17;ADAM19;FCGR2B;DIO2;ATXN7L2;EHD1;LYVE1;DNAJA4;FZD7;ZNF462;GPX8;LEF1;COL21A1	-0.057526704839845	0.233042241386523	0.136545734467442	0.326309322190666	35	200	standardized log10 mean-expression + standardized logit detection; no bins; no replacement within program	20260829	FALSE
Wu_Zenodo_19123188	RANDOM_284	SLC17A2;ERICH5;KDM8;CDRT4;NFKBID;CSF2RA;CCL20;SFT2D1;CEBPA;NXPE3;VWA8;OPLAH;ABHD14B;BGN;MPC1;ATOX1;ABCG5;CYP4F12;ZBTB22;C1orf21;HECA;CHMP7;PNPLA6;UPP2;LRRC25;ADRA2B;SIDT1;ISG20;CHRNA4;PLAGL1;PLN;TEDC1;CDK18;HBEGF;CLEC1A	-0.0422284557350703	0.173768386998023	0.136545734467442	0.326309322190666	35	200	standardized log10 mean-expression + standardized logit detection; no bins; no replacement within program	20260829	FALSE
Wu_Zenodo_19123188	RANDOM_285	SP140;LXN;KIAA1328;SULT1B1;SLCO2A1;RIN2;HEYL;CMKLR1;KYNU;NXPE3;SECISBP2;YY1;DENND4A;CD81;ATOX1;MGST3;MPDZ;SYNGR1;ABHD11;IDUA;ADGRL2;DENND6A;IFT43;GZMK;NCF4;MEOX2;IL12RB2;FMNL2;SIPA1L2;PLXDC1;SUSD2;PMAIP1;GUCY1A2;FOXC1;CFAP221	-0.0433580534067446	0.256613773103414	0.136545734467442	0.326309322190666	35	200	standardized log10 mean-expression + standardized logit detection; no bins; no replacement within program	20260829	FALSE
Wu_Zenodo_19123188	RANDOM_286	ADAMTS10;PIK3CD;REC8;CHST3;WDFY4;PDK1;SLC7A5;DDR2;TP53BP2;LOXL3;USP16;SMARCA1;DDX42;PLPP3;SLC25A39;ARGLU1;SH3BGRL;ZNF708;THRA;CAVIN2;SNX19;PTPRS;ZMIZ1;NQO1;CYP1B1;AMH;SYTL5;FHL2;HEYL;STAT4;FMO2;IGSF21;CSF3R;HK2;CA5B	-0.125869484215072	0.263085892414197	0.136545734467442	0.326309322190666	35	200	standardized log10 mean-expression + standardized logit detection; no bins; no replacement within program	20260829	FALSE
Wu_Zenodo_19123188	RANDOM_287	ABCC4;S1PR3;XKR6;NDST2;NPR1;KIF13B;SLC7A6;SYNGAP1;PNKD;GDPD5;HTT;MARCKSL1;RAPGEF2;GSTK1;RAPH1;DECR1;GALK1;ZNF697;HDAC4;SLC25A42;TRAPPC9;FAM3A;FAM241A;SGCE;ID4;SCUBE1;OXTR;RGS2;FCGR2B;SLC3A1;RAPGEF3;TLR6;TCF21;HBEGF;TNFAIP8L2	-0.0444996296969643	0.168761880992344	0.136545734467442	0.326309322190666	35	200	standardized log10 mean-expression + standardized logit detection; no bins; no replacement within program	20260829	FALSE
Wu_Zenodo_19123188	RANDOM_288	STAT4;MMP11;NBPF20;FKBP1B;TPPP3;SLC38A1;FGR;SASH1;COLEC11;ALDH1A3;CHD1;WDR13;FCHSD2;ITM2B;ANXA4;LRPAP1;FBXW4;SNAPC2;TSPAN12;MITD1;CCDC88A;ALDOC;SRGAP1;TRAF3IP3;FLI1;CCNJ;GALNT12;PSAT1;PMEPA1;RGS16;HHIP;RRAD;GNAO1;CREB5;KCNN2	-0.0527698248808103	0.245715965665183	0.136545734467442	0.326309322190666	35	200	standardized log10 mean-expression + standardized logit detection; no bins; no replacement within program	20260829	FALSE
Wu_Zenodo_19123188	RANDOM_289	ANGPTL8;PPM1M;BCL6B;MIER2;STC1;C1orf162;TANC2;MTFP1;RUNX1;KCNK5;JOSD1;RHOT2;ATXN7L3B;VEGFA;RAB13;CTSH;HYAL1;ADAT2;UHRF1BP1;TMEM38B;CRTC3;RP2;PCNX3;ADCY3;CLEC7A;SPTB;HIST1H2AA;RDH10;CD96;LMOD1;GALNT7;ETV4;PIP4P2;EPB41L4A;GALNT15	0.0516392248244618	0.244298415734322	0.136545734467442	0.326309322190666	35	200	standardized log10 mean-expression + standardized logit detection; no bins; no replacement within program	20260829	FALSE
Wu_Zenodo_19123188	RANDOM_290	MRVI1;TRPS1;LY9;SEMA6A;BTN2A1;QSOX1;ARHGAP10;SZT2;SLC47A1;HOXB4;STX2;SCAF1;CDS2;TPP1;SURF4;CAV2;TMEM141;LYSMD4;IFT81;ZMIZ1;FGD4;LIMK1;PPP1R14B;FBLN1;ADAM19;CCDC136;CLNK;ITGAX;EDIL3;NR4A3;CREB3L1;SLAMF7;CD109;ZBTB46;PCDHGA7	-0.131434211729212	0.280100169833423	0.136545734467442	0.326309322190666	35	200	standardized log10 mean-expression + standardized logit detection; no bins; no replacement within program	20260829	FALSE
Wu_Zenodo_19123188	RANDOM_291	TNFSF13B;CD69;PARM1;KAZN;ADAMTSL3;PIGR;IYD;RAD51B;SHARPIN;LRP12;TSN;FLT1;SLC35F6;COL4A1;APOL6;MGST3;SC5D;MYCL;EML2;TELO2;TFE3;FRK;MPV17L;HSPB8;STS;NAALAD2;CHST10;C1orf115;TRAF5;SLC3A1;PMAIP1;CDHR2;CHST1;PDE10A;TMEM82	0.00204845498465808	0.235263655685268	0.136545734467442	0.326309322190666	35	200	standardized log10 mean-expression + standardized logit detection; no bins; no replacement within program	20260829	FALSE
Wu_Zenodo_19123188	RANDOM_292	CCL4;SLC17A2;BCL6B;SUPT3H;LPCAT2;SFMBT2;FABP4;MX2;FGGY;ALPK2;EPRS;MAST4;PHKB;PTTG1IP;EIF3B;FAM120A;KHNYN;TFB1M;NRF1;SHC2;CSF1;TGFB1;MPPE1;TAGAP;C12orf75;GHRL;C6orf141;MDK;MOXD1;HGF;XYLT1;FMO2;MT1M;VWA5A;PRELID3A	-0.116553454156133	0.247610564317419	0.136545734467442	0.326309322190666	35	200	standardized log10 mean-expression + standardized logit detection; no bins; no replacement within program	20260829	FALSE
Wu_Zenodo_19123188	RANDOM_293	SLC2A1;IYD;ADPRH;RPP25;HVCN1;KCNMA1;SYNE3;RHNO1;GPT2;XKR6;COQ9;CLSTN3;NEDD8;SPATS2L;PRDX6;LAP3;DCAF12;ZNF708;IRS1;SESTD1;RRP36;PDZK1;MARF1;TMC8;RGS19;CNTN4;HOXD4;LMCD1;IKZF3;SMAD6;ZSWIM4;UBXN10;ATP8B4;ENHO;TRIM36	-0.0556576161012868	0.169267016760999	0.136545734467442	0.326309322190666	35	200	standardized log10 mean-expression + standardized logit detection; no bins; no replacement within program	20260829	FALSE
Wu_Zenodo_19123188	RANDOM_294	TESC;SRPX2;ABCA10;ARHGEF15;PRICKLE2;IFRD2;DOK2;SMC2;CDC42EP1;RAPGEF3;AEBP2;CDS2;NEDD8;RHOA;NRP1;COX8A;ACSM5;FANCC;ZNF414;FRK;CRTC3;NPHP3;MARF1;FMOD;ASPG;CCR10;SLC6A11;UGT1A1;GPR88;SNX20;OSCAR;TMEM243;GREB1;UBASH3B;PCDHB14	-0.0399406346243631	0.20503731328674	0.136545734467442	0.326309322190666	35	200	standardized log10 mean-expression + standardized logit detection; no bins; no replacement within program	20260829	FALSE
Wu_Zenodo_19123188	RANDOM_295	KIAA0513;OLFML2B;ALPK3;TEAD4;SLC17A1;FPR3;GIMAP1;C5AR2;CHSY1;CACNA2D1;IDH3G;ZFC3H1;HIPK1;TAPBP;DHRS3;ARHGEF10L;MGAT4A;VWA5A;TRIM21;FAM136A;CYP2J2;MTMR1;NPHP3;ANK3;FLI1;ZNF287;CFAP54;EMP3;SLC7A5;FBF1;USP17L3;KCNQ1;PLA1A;ALPK2;DTHD1	-0.0930145676311414	0.187229822737373	0.136545734467442	0.326309322190666	35	200	standardized log10 mean-expression + standardized logit detection; no bins; no replacement within program	20260829	FALSE
Wu_Zenodo_19123188	RANDOM_296	MSC;PRKCB;SSC5D;GPR174;MMP23B;CSRNP1;PLCB2;ARL4D;G0S2;ESM1;FAM50A;WSB2;SMARCD2;CFLAR;LY6E;SPI1;NET1;CDK7;CEP85L;CWF19L2;MOB3A;TGFB1;SMURF2;ITPRIP;PRKCH;EFCC1;CPLANE2;PKM;SRPX2;CCDC88B;TNFSF8;HIST1H2BG;RHPN1;KCNK6;RASL12	-0.0156104164199328	0.22441176640953	0.136545734467442	0.326309322190666	35	200	standardized log10 mean-expression + standardized logit detection; no bins; no replacement within program	20260829	FALSE
Wu_Zenodo_19123188	RANDOM_297	RNF135;NIBAN1;GREB1;RETREG1;FLT3LG;SLC4A7;CD48;CYP7A1;SLC25A15;RRAD;LRRC47;GIGYF1;CHKA;KLF9;SLC9A3R1;TXNL4A;EHD1;APH1B;FGD6;AKIP1;NAA10;MSANTD3;DUSP11;HCK;NFATC1;NTNG2;SIDT1;ID1;PAPLN;TNFRSF25;CCNA2;PRKD1;CDK18;IPCEF1;RNF165	-0.0817835114862731	0.215195014327612	0.136545734467442	0.326309322190666	35	200	standardized log10 mean-expression + standardized logit detection; no bins; no replacement within program	20260829	FALSE
Wu_Zenodo_19123188	RANDOM_298	RHOF;VNN2;B3GNT5;GNG7;MXRA5;ITPR1;TM6SF1;RSBN1;AKR1C4;CACNA2D1;PVR;TMEM184B;BID;COL6A1;ATN1;S100A10;ERBB3;SPIRE2;KIAA0586;IL17RB;RASGEF1B;MEF2C;FSCN1;TNFSF13B;CAVIN3;NLRP2;FREM2;FYB1;ADAM8;TFEC;SLIT3;SLC22A17;MAPK12;SHBG;COL4A5	-0.0829620170639796	0.185164247214604	0.136545734467442	0.326309322190666	35	200	standardized log10 mean-expression + standardized logit detection; no bins; no replacement within program	20260829	FALSE
Wu_Zenodo_19123188	RANDOM_299	GIMAP2;RHOF;CD5;GNA14;PIK3CG;RASSF3;TBC1D10C;RHNO1;PSAT1;CYP2A6;NEU1;DMTF1;REV1;DDX5;NDUFB10;CTSL;SERINC2;C4B;DPY19L3;YWHAB;PIK3R2;KCTD10;NUDT7;SAMD9L;TRPS1;SCUBE1;B4GALNT1;GOLM1;EDIL3;MAP2;ACE;COX7B2;TPPP3;KNTC1;SHROOM4	-0.0225266445797856	0.234338517658431	0.136545734467442	0.326309322190666	35	200	standardized log10 mean-expression + standardized logit detection; no bins; no replacement within program	20260829	FALSE
Wu_Zenodo_19123188	RANDOM_300	ADAM8;NR4A2;NBPF20;FAM110A;MT1M;SLC51A;CALHM6;FAR1;CAVIN1;CYP3A43;NSUN2;BCAR1;RAPGEF2;GSTK1;CLPTM1;HSD17B11;ENPEP;SACS;MTFP1;CCDC97;NUP58;OBSL1;CADPS2;SEMA4D;NFATC1;CLDN16;LRGUK;TNXB;CCL20;SLC2A1;FAM180A;STMN3;TCF21;FABP5;C2orf92	-0.0425405203382845	0.219381367277179	0.136545734467442	0.326309322190666	35	200	standardized log10 mean-expression + standardized logit detection; no bins; no replacement within program	20260829	FALSE
Wu_Zenodo_19123188	RANDOM_301	APOBEC3G;TBC1D10C;CROCC;NRN1;ASPM;ARHGAP26;AFAP1L1;CMKLR1;SERINC2;PARM1;SIK3;TRIM38;MTA2;KLF9;DNM2;NFE2L1;LIMD1;PFKFB2;NCAPD2;AGA;TMEM189;LRBA;TRIM5;CD2;RARRES1;TNFRSF19;NPBWR1;AKR1D1;CAVIN3;ARHGAP30;ADORA3;FMO2;ERG;FCGBP;PTGDR	-0.0725329390370763	0.195192902911359	0.136545734467442	0.326309322190666	35	200	standardized log10 mean-expression + standardized logit detection; no bins; no replacement within program	20260829	FALSE
Wu_Zenodo_19123188	RANDOM_302	MRAS;CALHM6;EPPK1;MAP3K12;LOXL4;DOCK2;PBX1;RABEP2;TP53BP2;PAMR1;EMC3;ATP6V1C1;LEMD2;PLXNB2;EVL;SMAP2;CSGALNACT2;LZTFL1;POLH;PPP5C;BAD;MANBA;CAVIN2;SLC7A6;ITM2A;MCF2L2;LHX9;CD37;PFKP;TFEC;VMO1;SIGLEC8;ENHO;TNFAIP8L3;ZFP3	-0.0837525494745783	0.172546456540498	0.136545734467442	0.326309322190666	35	200	standardized log10 mean-expression + standardized logit detection; no bins; no replacement within program	20260829	FALSE
Wu_Zenodo_19123188	RANDOM_303	VNN2;ADAMTS10;CROCC;RERG;CCDC9B;SLC25A18;TP53I11;PLD2;DCAF11;MYBL2;IDH3G;FLCN;PSMD6;NDUFA4;RNASE4;FAM120A;DMTF1;TMEM86A;PRUNE1;TMEM181;ATL2;COP1;SLC25A42;NPR2;RAB34;SPRY3;GPR150;TMEM97;SPIRE1;CA5A;MAP3K12;ADGRE2;MT1M;VWA5A;CD40LG	-0.0307691123897555	0.184493900301537	0.136545734467442	0.326309322190666	35	200	standardized log10 mean-expression + standardized logit detection; no bins; no replacement within program	20260829	FALSE
Wu_Zenodo_19123188	RANDOM_304	SLCO3A1;ANKRD44;NGFR;CTSW;CBX8;ADHFE1;SEPTIN5;TSPAN15;TP53BP2;IDO2;CCDC12;USF1;RELL1;HSP90AA1;SAMHD1;GLYCTK;MAPRE2;ANKRD49;SHE;SH3BP5L;CREB3L2;TMEM65;ITGAL;ALOX5AP;TC2N;TMEM232;CADM2;KLF15;IKZF3;MX2;ENO2;THSD7A;ORAI2;ZBTB46;ANKRD33B	-0.0874485010940026	0.212633261584736	0.136545734467442	0.326309322190666	35	200	standardized log10 mean-expression + standardized logit detection; no bins; no replacement within program	20260829	FALSE
Wu_Zenodo_19123188	RANDOM_305	RHOF;OLFML2B;ARHGEF25;FAM122C;MOB3B;PPARG;ATP2A3;ISYNA1;IMMP2L;CCR1;USP33;ARL2BP;PAM16;CXCL12;RAC1;NFIC;SERPINB9;KTI12;FIG4;SNX30;SRSF1;ENPP2;POFUT2;PDGFRA;CD72;TLE6;HOXB7;ANTXR1;RBP7;HGF;CREB3L1;SUPT3H;DLL1;GUCY1A2;C8orf58	-0.124720684521342	0.290775591398843	0.136545734467442	0.326309322190666	35	200	standardized log10 mean-expression + standardized logit detection; no bins; no replacement within program	20260829	FALSE
Wu_Zenodo_19123188	RANDOM_306	TMED3;BACE2;NGFR;NRGN;LEF1;GPR137B;KIAA0513;EHD3;ABCB4;ESM1;ARL6IP1;VARS;BID;HNRNPF;TNS3;DAZAP2;ERBB3;NAIF1;TMEM8B;NPHP3;SNX19;PDGFB;CADPS2;CDC42EP3;PYCARD;SDK1;ANO3;F10;ADGRG1;EGLN3;LDOC1;THSD7A;LY86;KIF21B;GPIHBP1	-0.027738573092243	0.196938354111184	0.136545734467442	0.326309322190666	35	200	standardized log10 mean-expression + standardized logit detection; no bins; no replacement within program	20260829	FALSE
Wu_Zenodo_19123188	RANDOM_307	CD48;CD69;CFP;CC2D2A;MAP3K7CL;IL18BP;NEXN;EPG5;SYNPO;OSBPL5;HNMT;DENND4A;SUZ12;C1QC;DAP;USP9X;FLT1;ZNF503;SFT2D1;NSMAF;TFE3;RILPL2;FAM241A;COL16A1;STX11;PCDHB12;MLF1;SEC16B;ALOX5AP;ZNF83;GALNT7;TGFB2;TCF21;CREB5;XRCC3	-0.0473256622556999	0.243912187888702	0.136545734467442	0.326309322190666	35	200	standardized log10 mean-expression + standardized logit detection; no bins; no replacement within program	20260829	FALSE
Wu_Zenodo_19123188	RANDOM_308	MYORG;ACSM3;CDC14A;HSPA12B;EBF1;DMXL2;VGLL3;NUMBL;ADA2;XXYLT1;POLD2;ATP1A1;ATP6V1G1;LGMN;NCL;MBD2;GALK1;LRRC45;IL15RA;KDM4C;PDE3B;SMURF2;PDCL3;EIF1AY;SCARF2;NPBWR1;BAALC;CCDC80;TM6SF1;CA5A;ALDH1A3;RERG;PELI2;STON1;C2orf92	-0.0296085572159753	0.217287558552665	0.136545734467442	0.326309322190666	35	200	standardized log10 mean-expression + standardized logit detection; no bins; no replacement within program	20260829	FALSE
Wu_Zenodo_19123188	RANDOM_309	NPR2;SYTL2;KCNK6;XPNPEP2;ZWINT;UBALD2;BACE2;DGKD;NPDC1;SLIT3;ATP5MC1;CNTRL;SEC24B;TM9SF3;NCOR2;DAP;F11;VWA5A;GHDC;LMO2;DUSP6;SMARCD1;PDZK1;IL16;SCARF2;CADM2;PCDHGA9;FBN1;CCL4;SYNE1;FNDC1;COX7B2;FCGBP;BTK;SPACA6	-0.0926263827149455	0.279085782129454	0.136545734467442	0.326309322190666	35	200	standardized log10 mean-expression + standardized logit detection; no bins; no replacement within program	20260829	FALSE
Wu_Zenodo_19123188	RANDOM_310	AMPD3;IYD;B3GNT5;TLE2;ADAMTS13;ACADS;ATP10A;NCAPD2;AQP1;MAPK10;LIMD1;PTGES2;GPAT4;ANXA2;NDUFC2;CALCOCO2;ELMSAN1;TBCCD1;KLHL28;SH3BP5L;ATP9B;GNPTAB;FAM241A;COX7A1;ADAM19;CYSLTR2;BSN;CCDC80;MYLIP;HDGFL3;CELSR1;LIF;KIF21B;TCF21;PDE11A	-0.187178025899932	0.252298696178568	0.136545734467442	0.326309322190666	35	200	standardized log10 mean-expression + standardized logit detection; no bins; no replacement within program	20260829	FALSE
Wu_Zenodo_19123188	RANDOM_311	CD69;ID4;REC8;NAF1;TSPAN18;FERMT3;FABP4;ZBED4;CAPN1;ALPK2;DPP9;FAM193B;EWSR1;SDF4;CARHSP1;ECHDC2;CBFB;DDR1;TTBK2;C2CD5;VAV2;FAM160B2;RBM26;DBNDD2;CYP1B1;PAGE1;MYCN;OGDHL;MARVELD1;MAP2;LAX1;SLC22A17;MYO9A;LY86;PSRC1	-0.107411536557241	0.223224444179058	0.136545734467442	0.326309322190666	35	200	standardized log10 mean-expression + standardized logit detection; no bins; no replacement within program	20260829	FALSE
Wu_Zenodo_19123188	RANDOM_312	HDGFL3;NCF4;CSF3R;CD200;ZWINT;PRODH2;UROC1;MAP2;HINT1;SEMA4A;SECISBP2;VARS;DMTF1;ELL2;GNB2;CALU;RHOG;STEAP1;ZNF322;PIP5K1C;UCKL1;KCNJ8;H2AFY;CD72;CDC42EP3;C19orf38;DEPDC1;TRBC2;TMOD1;C5AR2;RAB30;PARP15;LILRB1;P2RY11;COL4A5	-0.0589834377209284	0.160824662709076	0.136545734467442	0.326309322190666	35	200	standardized log10 mean-expression + standardized logit detection; no bins; no replacement within program	20260829	FALSE
Wu_Zenodo_19123188	RANDOM_313	HIC1;TNFSF13B;ZG16;CC2D2A;E2F1;BAG3;ATP2A3;KIFC2;SMG5;MCUB;NFIX;ZBTB38;GPAT4;CD99;SLC2A4RG;CTTN;PKN1;C22orf39;PPM1L;DUSP7;SF3A2;NMT2;LMTK2;ECM1;SMIM3;CACNB4;ZMYND12;CEBPA;IKZF3;KLRK1;DAPP1;HOXB3;NLRP3;ELFN1;CCR6	-0.0775813327342272	0.196592291935001	0.136545734467442	0.326309322190666	35	200	standardized log10 mean-expression + standardized logit detection; no bins; no replacement within program	20260829	FALSE
Wu_Zenodo_19123188	RANDOM_314	SLC2A1;HELLS;SNCG;CACNA2D1;TRPM2;PKLR;MOXD1;AIFM2;H3F3B;PCDHGA12;USP33;CXXC5;RAPGEF2;SDC4;PCBD1;TYMP;ADGRG6;FAM133B;TEPSIN;RPP21;KLHDC10;IL17RB;SCN1B;MSRB3;ID4;HORMAD1;NPBWR1;UCP2;AFAP1L1;PPM1L;MEX3B;MECOM;SLC7A1;PDE10A;SEMA3B	-0.0436143481486796	0.179530671063474	0.136545734467442	0.326309322190666	35	200	standardized log10 mean-expression + standardized logit detection; no bins; no replacement within program	20260829	FALSE
Wu_Zenodo_19123188	RANDOM_315	TM6SF1;ACSM3;AC073111.4;AP4S1;RHOH;SNTB2;CCL4;ACSS1;CTPS1;ATP8A1;SUN1;DENND4A;STAT5B;LAMP2;SURF4;NFE2L1;PVR;TMEM91;OPA3;CCDC97;FGD4;MRNIP;UNC93B1;TRPS1;RELT;CCDC13;DEPDC4;EPB41L4B;IKZF3;CCDC88B;ZFPM2;ROR2;ARID3B;ZDHHC13;ROR1	-0.104962614483865	0.168185783813852	0.136545734467442	0.326309322190666	35	200	standardized log10 mean-expression + standardized logit detection; no bins; no replacement within program	20260829	FALSE
Wu_Zenodo_19123188	RANDOM_316	CNRIP1;VNN2;KCNK6;SLAMF1;KLRB1;MTFR1;TESC;MORC4;FGFR2;SEC31B;VPS41;DGAT1;MAPRE2;LITAF;ACTA2;GNAQ;FKBP8;DDX51;DCAF15;NUP188;SIRPA;ANP32E;KIAA1522;CCL4;SLC28A1;IL12RB2;FANCB;ACSL4;SOX18;C5AR2;CSPG4;LIF;MPPED1;HBEGF;PRELID3A	-0.144287211428053	0.265280124763242	0.136545734467442	0.326309322190666	35	200	standardized log10 mean-expression + standardized logit detection; no bins; no replacement within program	20260829	FALSE
Wu_Zenodo_19123188	RANDOM_317	CHML;SCARF2;IGFALS;MOK;KCNK6;BIRC3;PDE4B;ULK4;MAP7D1;P3H2;ISOC1;CCDC71L;PITRM1;ADAR;CTDSP1;LY6E;KLHDC3;ZNF133;CAPRIN2;NDE1;ZNF106;TMEM65;THADA;SVEP1;FBLN1;TSPAN11;DZANK1;HLF;DBNDD2;FUT8;CDH6;CSPG4;ULK3;NOSTRIN;CYB5R2	-0.0941143559789092	0.252610133192629	0.136545734467442	0.326309322190666	35	200	standardized log10 mean-expression + standardized logit detection; no bins; no replacement within program	20260829	FALSE
Wu_Zenodo_19123188	RANDOM_318	SPIRE1;LRRC25;ESM1;MAPK11;MAPK12;UBALD2;MSC;FUT4;FAT1;GPR153;KLF10;OPLAH;ZMPSTE24;ELL2;MYDGF;VAMP8;SMTN;AMN1;PXMP4;ENPP2;SEH1L;INPP5D;WIPI1;ADCY3;SVEP1;TMEM178B;SYTL5;CYBRD1;SYTL2;COLEC10;OLFM1;HDAC9;ORAI2;SSC5D;SPACA6	-0.0898055792490392	0.221762341903271	0.136545734467442	0.326309322190666	35	200	standardized log10 mean-expression + standardized logit detection; no bins; no replacement within program	20260829	FALSE
Wu_Zenodo_19123188	RANDOM_319	STAT4;MCTP1;TMEM86A;ADCY4;HKDC1;ABCB1;SLC17A2;ENPP4;AKR1C4;OLFM1;POMP;TPST2;USP33;EID1;FXYD5;RTN4;GPC1;RAC3;CYB561;THADA;PDE3B;TGFBR3;SLC25A37;LILRB2;MMP11;ADAM20;PMFBP1;TMEM106C;SLC7A6;DOK2;HOXB2;NRN1;CES3;PDE3A;DEF8	-0.041247540565736	0.193863420878598	0.136545734467442	0.326309322190666	35	200	standardized log10 mean-expression + standardized logit detection; no bins; no replacement within program	20260829	FALSE
Wu_Zenodo_19123188	RANDOM_320	KSR1;ARHGAP10;NFAM1;KLHL26;LPAR1;SPTLC2;GLIS2;FLT4;LRP5;SYTL3;DUSP22;POLD2;RHOT2;PSME1;RAC1;AURKAIP1;CXXC5;NEURL4;DHX32;CISH;NOTCH1;APBB3;KCTD10;SPINT2;SLC28A1;STAG3;CCDC13;CHSY1;SLC17A2;PRKCB;PCDH17;FGF21;SRPX;ZDHHC13;SEMA3G	-0.0892822021114925	0.228073212290706	0.136545734467442	0.326309322190666	35	200	standardized log10 mean-expression + standardized logit detection; no bins; no replacement within program	20260829	FALSE
Wu_Zenodo_19123188	RANDOM_321	AFAP1;PBX1;IPCEF1;ST6GALNAC3;KIAA0895L;LURAP1L;CD38;PTPN14;WARS;ENO2;ZGPAT;YKT6;BRD1;TGOLN2;BLVRB;SMIM14;PCED1A;HACE1;LTN1;SLC25A37;LYPLAL1;ADGRF5;ASB13;NPR2;ASPG;CCDC157;CPLANE2;PERP;TMEM47;NPW;XKR6;CD226;FILIP1;RGL3;FAM53A	-0.0513456971471953	0.218694277940424	0.136545734467442	0.326309322190666	35	200	standardized log10 mean-expression + standardized logit detection; no bins; no replacement within program	20260829	FALSE
Wu_Zenodo_19123188	RANDOM_322	P4HA2;SLCO3A1;ITGA7;LRRC27;ARHGEF25;TLCD4;APLNR;TMOD2;CYBC1;FKBP1B;KLF10;STAT5B;ZMPSTE24;MAT2A;MGST2;ARCN1;AMPD2;CDK7;TNRC6C;WIPI1;PI4KB;ZMAT3;TMEM38B;PMEPA1;SMOC2;STRA6;PRSS3;LAPTM4B;MSC;USP17L15;CACNA1C;ZSWIM4;PLA2G5;GREB1;ZNF564	-0.138007058335343	0.245582456914877	0.136545734467442	0.326309322190666	35	200	standardized log10 mean-expression + standardized logit detection; no bins; no replacement within program	20260829	FALSE
Wu_Zenodo_19123188	RANDOM_323	TMED3;ERICH5;ZG16;FCHO1;MPZ;SLFN5;RELT;HSPA2;YES1;HOPX;GPC1;SH3BGRL;ROCK2;VEGFA;ATP5F1B;CDC37;NIBAN2;SLC26A6;ZFP41;KDM5B;CMAS;IDUA;GSTM3;RASGRP2;CD96;CCR10;ZNF502;GLYAT;CD72;TM6SF1;RRAD;HOXB4;RUBCN;TRERF1;TRIM31	-0.0874265668975739	0.21490617135132	0.136545734467442	0.326309322190666	35	200	standardized log10 mean-expression + standardized logit detection; no bins; no replacement within program	20260829	FALSE
Wu_Zenodo_19123188	RANDOM_324	RUNX3;RHOF;FLRT2;ZNF688;INAFM2;MVK;KIRREL1;DDX60;ANGPTL4;ULK2;GPAT4;QRICH1;SGK3;QKI;VKORC1;SCARB2;ACSM5;FANCC;RASSF8;IRF2BP1;COMMD5;IFI44;TGFBR3;LMOD1;IFITM10;LRRD1;CAMK2B;GLYAT;PPP1R3C;RCAN2;RTN1;SIRPB2;CARD11;TMEM86A;LRRC17	0.00931782485796362	0.211510395274041	0.136545734467442	0.326309322190666	35	200	standardized log10 mean-expression + standardized logit detection; no bins; no replacement within program	20260829	FALSE
Wu_Zenodo_19123188	RANDOM_325	IL16;PRKCH;ZDHHC13;GPC4;NLRP3;RASAL2;ALOX5AP;VCPKMT;SEC14L2;RTN1;PKD2;GALK1;EIF3D;TRAM1;GUCD1;RTN4;YKT6;SSBP4;POLH;NUP188;NT5C3B;CSPP1;RGP1;LOXL1;RNF166;CUBN;ANO3;CD37;GPR88;NPW;SLAMF1;LPAR2;ZBTB46;HILPDA;ZNF169	-0.0366966362648047	0.16165748755702	0.136545734467442	0.326309322190666	35	200	standardized log10 mean-expression + standardized logit detection; no bins; no replacement within program	20260829	FALSE
Wu_Zenodo_19123188	RANDOM_326	SLC17A2;TGFB3;ARMC9;SOX6;BTBD19;NR1I2;SLC6A6;IRF6;IMMP2L;NRN1;ARMC6;PPP3CB;DDX21;PLPP3;ARF1;AURKAIP1;EHD2;C4B;CNTROB;ATP6V0A1;CALCRL;LMTK2;ASB13;SMIM3;EFNB2;PRDM6;RPA4;TNXB;LAMA2;PILRA;DZIP1;HEY2;ZC3H12D;THEMIS;AFAP1L2	-0.0830558474552833	0.248707845970869	0.136545734467442	0.326309322190666	35	200	standardized log10 mean-expression + standardized logit detection; no bins; no replacement within program	20260829	FALSE
Wu_Zenodo_19123188	RANDOM_327	LYVE1;RAMP2;FAM180A;RAB30;ARID3A;WWTR1;APLNR;GLIS3;EMP1;FGF2;GPAT4;REV1;PMM1;POLR2L;PRDX6;ARGLU1;NR2F6;FANCL;IFT81;RNF31;CHD4;ANP32E;RIT1;RASA3;SPART;SUMO4;COL9A2;FTCD;FGD3;PHLDA3;DENND1C;ETV4;PDE2A;FHL1;CYSLTR1	-0.0807588600898083	0.23101965791574	0.136545734467442	0.326309322190666	35	200	standardized log10 mean-expression + standardized logit detection; no bins; no replacement within program	20260829	FALSE
Wu_Zenodo_19123188	RANDOM_328	PTGIR;GLIS2;STC2;ITGA3;DAAM2;MYO1F;TBC1D10C;CENPC;TTPA;HOXB4;PITRM1;VARS;TCEAL4;SCP2;MPC2;LCP1;SH3BGRL;MANSC1;RSBN1;DROSHA;EFTUD2;PLXNC1;TTC14;MTHFD2;ITM2A;RASL10A;ZSCAN5A;GEM;PMEPA1;GZMA;XYLT1;CD200;ERG;ZBTB46;CA5B	-0.0687400820574831	0.211032349149363	0.136545734467442	0.326309322190666	35	200	standardized log10 mean-expression + standardized logit detection; no bins; no replacement within program	20260829	FALSE
Wu_Zenodo_19123188	RANDOM_329	TOP2A;SLC37A2;CDC14A;ITGB7;NFAM1;SLC51A;BICDL1;ULK4;EHD2;HK2;TASOR;ADAM10;SPATA20;HNRNPA2B1;MYDGF;DAZAP2;AGMAT;HELB;LIG4;GSTZ1;MTFR1L;PIK3C2G;CKS1B;SMIM3;ERICH5;SUMO4;SCUBE1;ASPN;MLKL;CNN1;CDH6;SORCS2;FZD1;LY9;CACNB3	-0.0865596266060923	0.20414648750238	0.136545734467442	0.326309322190666	35	200	standardized log10 mean-expression + standardized logit detection; no bins; no replacement within program	20260829	FALSE
Wu_Zenodo_19123188	RANDOM_330	MRVI1;RAMP2;LILRB1;MAPK11;FADS3;RASSF3;SGCE;FLT4;NPDC1;HSPA12B;THOC7;SCAF1;DENND4A;RBM33;CLPTM1;RAPH1;ARFGEF1;MPHOSPH6;GORAB;MIS18BP1;SART1;IRGQ;ENTPD7;CACNA1H;UGT1A9;NPBWR1;KCNH2;VSIG4;SLC2A1;KIAA0513;FNDC1;KCNQ1;ANKRD37;HILPDA;LBX2	-0.0206067332201902	0.229723567791358	0.136545734467442	0.326309322190666	35	200	standardized log10 mean-expression + standardized logit detection; no bins; no replacement within program	20260829	FALSE
Wu_Zenodo_19123188	RANDOM_331	CLEC14A;SLAMF8;FHIT;HIST1H2BG;AMIGO2;MCF2L;IYD;PLD2;VCAM1;TGFB2;TRIM26;SC5D;THOC7;B4GALT1;PEA15;DSTN;CYP51A1;AMN1;SNX15;IGFLR1;PIK3R2;SLC7A7;TLR4;HAND2;TRPV2;FAM163B;MEOX2;NOTCH3;SEMA4D;MYO1G;RRAD;SLC16A10;SGTB;MFAP2;GINS3	-0.122998790243968	0.23404759559305	0.136545734467442	0.326309322190666	35	200	standardized log10 mean-expression + standardized logit detection; no bins; no replacement within program	20260829	FALSE
Wu_Zenodo_19123188	RANDOM_332	DOK2;MCTP1;OSBPL5;IQCG;RHOJ;PLIN3;NR4A3;CDKN2A;RCN3;DPEP2;HDAC1;FUCA2;UBE2Z;H3F3A;CYP27A1;SEPHS2;MAOA;IFT122;CEP170;MED6;RAB8B;TTL;PDZK1;CACNA1H;MTHFD2;CADM2;NAT8L;LHFPL2;ADAM8;DISC1;TNFSF8;PMAIP1;SSBP2;BCL6B;LBX2	0.0186915956986927	0.192040559539845	0.136545734467442	0.326309322190666	35	200	standardized log10 mean-expression + standardized logit detection; no bins; no replacement within program	20260829	FALSE
Wu_Zenodo_19123188	RANDOM_333	ATP10A;FRY;KIF21B;CD226;SLC22A18AS;SRPK2;MLIP;CBL;PECR;KLRD1;KHNYN;PCYT2;DICER1;RBM33;GNAI2;ARF1;CXXC5;CDC42EP2;SAYSD1;MAGI1;SLC50A1;NPHP3;ABI2;GZMK;CD48;NPTX2;ABCB9;METTL7B;SYTL2;UNC5B;PRR5L;CACNA2D1;SKAP1;CXCR6;KCNN3	-0.0867005977602037	0.193996418224379	0.136545734467442	0.326309322190666	35	200	standardized log10 mean-expression + standardized logit detection; no bins; no replacement within program	20260829	FALSE
Wu_Zenodo_19123188	RANDOM_334	LMOD1;ARHGAP9;FOXF1;NAALADL2;NT5DC2;MVK;MSC;SZT2;SCPEP1;FBXO2;SF3B4;NME1;PAM16;CD68;SLC38A10;ATP5F1D;EHD1;HNF1B;SLC26A11;TELO2;FXYD6;SRC;SLC46A3;STS;LXN;C6orf141;CRTAM;F13B;NDUFA4L2;PTAFR;PGM5;RETREG1;KLRB1;TCF21;DUSP18	-0.0609477405887122	0.195456077340891	0.136545734467442	0.326309322190666	35	200	standardized log10 mean-expression + standardized logit detection; no bins; no replacement within program	20260829	FALSE
Wu_Zenodo_19123188	RANDOM_335	NFASC;PLCB2;ZNF438;CDHR2;CARMIL1;SNTB2;ATP10A;PRAG1;AMACR;ADGRE2;AGPS;TRIM24;USP33;DDX5;MTCH1;SSR2;FLT1;MIR1915HG;CEP85L;SHC2;KIAA1671;SHKBP1;MARF1;SASH3;GLIPR2;FOXL1;AIFM3;PTK2B;TNFRSF11B;TTC36;AIF1L;SIGLEC8;DTX3;HBEGF;SLFN12L	-0.0858585157524691	0.221855545405068	0.136545734467442	0.326309322190666	35	200	standardized log10 mean-expression + standardized logit detection; no bins; no replacement within program	20260829	FALSE
Wu_Zenodo_19123188	RANDOM_336	CCDC88C;DOCK11;HELB;ATP7A;IPCEF1;NCKAP1L;TMOD1;RHNO1;ABCD3;FGF2;DCTN3;SH3BP4;MGRN1;TPP1;SP100;SELENOH;TOM1L1;HAUS5;ANKRD27;TBC1D16;TOP1MT;ZNF276;MIS18BP1;PTGIS;FMOD;HOXB7;EFCAB12;DNAJA1;KIRREL1;CKB;SH2D1A;CARMIL2;INAFM2;FOXF1;SEMA3B	-0.0912150122022513	0.209883639571508	0.136545734467442	0.326309322190666	35	200	standardized log10 mean-expression + standardized logit detection; no bins; no replacement within program	20260829	FALSE
Wu_Zenodo_19123188	RANDOM_337	P4HA2;CCDC3;ADGRD1;ANXA13;FILIP1;RNF144B;MMRN2;LYNX1;FGGY;SUSD2;RNF40;TOX4;NOP58;SGK1;OPTN;UQCRQ;SERPINB9;ZNF697;SGMS2;DMXL1;TDP2;BRPF3;FAM136A;HSPB8;GPLD1;CCNJ;CYP17A1;CCDC80;NDUFA4L2;GPR65;CRACR2A;XPNPEP2;FOXF1;KDM8;WNK2	-0.150683364076729	0.261027715244101	0.136545734467442	0.326309322190666	35	200	standardized log10 mean-expression + standardized logit detection; no bins; no replacement within program	20260829	FALSE
Wu_Zenodo_19123188	RANDOM_338	CNRIP1;PFN2;FAM131A;INTS6L;CXCL14;GCGR;ARHGAP30;OAT;EPB41L2;SH2D1A;HDAC1;LPCAT3;SP1;MS4A7;HSPD1;USP9X;DMTF1;POLA1;TRIM21;ENOPH1;CASP8;GALNT10;KRI1;LXN;APOLD1;PLLP;NEBL;OSGIN1;SPART;AMN;BBOX1;FOXP3;MPZ;CRHBP;KRBA1	-0.0538668031627798	0.179640237348365	0.136545734467442	0.326309322190666	35	200	standardized log10 mean-expression + standardized logit detection; no bins; no replacement within program	20260829	FALSE
Wu_Zenodo_19123188	RANDOM_339	UBXN11;TP53I11;ANKRD29;OSBPL10;BBS9;CFHR3;ANKRD44;SAMD9;SEC14L2;CLEC4G;RND3;PPP3CB;MAPK6;BST2;BAG6;HNRNPA0;MMAB;KNTC1;PLCB3;IPO5;CHIC2;NUP188;PCNX3;GZMK;SLC28A1;SUMO4;FAM162B;CAVIN1;CDH13;NID2;SH2D1A;PDE5A;OLFML2A;HTRA3;RNF165	-0.0692086347682276	0.217238392924754	0.136545734467442	0.326309322190666	35	200	standardized log10 mean-expression + standardized logit detection; no bins; no replacement within program	20260829	FALSE
Wu_Zenodo_19123188	RANDOM_340	RUNX3;SPECC1;SSC5D;IDO2;LFNG;EPHB4;SEMA4D;RCBTB2;CAV1;TAFA5;ARL8B;RELL1;NKTR;CCNL2;MPC1;LRPAP1;FAM50A;TOR2A;TSPAN12;TTLL3;NOTCH1;ANP32E;RHPN2;IGSF6;FBLIM1;ADRA2B;PLEKHG4;TMEM97;MOXD1;PLAT;IFITM1;TGFB2;ITGB3;UAP1L1;TNFAIP8L2	-0.126225123368938	0.257722423107307	0.136545734467442	0.326309322190666	35	200	standardized log10 mean-expression + standardized logit detection; no bins; no replacement within program	20260829	FALSE
Wu_Zenodo_19123188	RANDOM_341	PRKCB;ARHGAP9;NBPF20;FAM110A;ENO3;SLFN5;GIMAP1;PJA1;PLIN5;RHBDF1;COQ8A;GFPT1;BRD7;SRGN;EVL;SCARB2;EHD1;HACE1;THRA;ZMIZ1;NT5C3B;SCN1B;HNF1A;DCDC2;ADAP2;LAMP5;COL9A2;ITGAX;TMEM47;PDE4B;MLLT3;MT1H;UGT3A1;ALPK3;SLFN12L	-0.0501261831215438	0.194170112796401	0.136545734467442	0.326309322190666	35	200	standardized log10 mean-expression + standardized logit detection; no bins; no replacement within program	20260829	FALSE
Wu_Zenodo_19123188	RANDOM_342	RHOF;SLC28A1;PTGS1;CGAS;LOXL4;ENTPD1;ARHGAP10;SNN;IRF8;COL4A4;APPL2;PATJ;LEMD2;MYH9;IRS2;CYC1;NCOA2;MYCL;FAM110B;AKIP1;CRTC3;CYP4F2;RECQL;PLAU;DUSP5;SH2D3A;BAALC;SEC16B;DCDC2;PPP1R16B;IDO2;DYNC2H1;P2RY11;CCL3;CLGN	-0.0331095500274481	0.234624339255465	0.136545734467442	0.326309322190666	35	200	standardized log10 mean-expression + standardized logit detection; no bins; no replacement within program	20260829	FALSE
Wu_Zenodo_19123188	RANDOM_343	BCAT1;LAMA2;NGFR;IQCG;CX3CL1;HSD17B14;PIK3CD;GTDC1;EPB41L2;EDNRA;NET1;GALK1;CBR1;SH3BGRL3;MDM4;MBD2;SH3BGRL;PCDH12;CEP95;TTL;NOTCH1;TAF4;ALDOC;EVI2A;CCL20;TIFAB;IL12RB2;ANTXR1;SIGLEC1;PRKCB;CC2D2A;CHST3;SNCG;LILRB1;ZNF154	-0.134446689802639	0.230543650335884	0.136545734467442	0.326309322190666	35	200	standardized log10 mean-expression + standardized logit detection; no bins; no replacement within program	20260829	FALSE
Wu_Zenodo_19123188	RANDOM_344	CALHM2;NUSAP1;UAP1L1;MAPK11;TRIM55;AGFG2;LILRB2;FLT4;FMR1;CRACR2A;PELO;MGAT4A;RNF40;GUK1;VPS28;SELENOH;HIST1H1E;DGKE;SGMS2;NUDT7;TFE3;ZMAT3;TRIP10;CD8A;LXN;SYTL5;TUB;F11;KCNE4;DPT;INKA2;GPR4;RGL3;VWA5A;INAVA	-0.10551727744651	0.212161979436961	0.136545734467442	0.326309322190666	35	200	standardized log10 mean-expression + standardized logit detection; no bins; no replacement within program	20260829	FALSE
Wu_Zenodo_19123188	RANDOM_345	FCGR2B;ADAM19;PTGS1;TEAD4;RPGR;GASK1B;HEYL;OAT;SLC39A14;CLEC4G;TENT4A;EEA1;BORCS7;FCGRT;TMED9;DPYD;GNB4;IL7;LRRC57;MRNIP;PDE3B;PLXNB1;S100PBP;DOCK8;CD2;CLDN16;GPR158;FBN1;SGCE;FAM78A;DAPP1;TRABD2B;SRPX;MPPED1;MORN4	-0.0783581781222344	0.221096347335605	0.136545734467442	0.326309322190666	35	200	standardized log10 mean-expression + standardized logit detection; no bins; no replacement within program	20260829	FALSE
Wu_Zenodo_19123188	RANDOM_346	RFLNB;PTGIR;TMEM91;THSD7A;FABP3;AKR1C8P;SIPA1L2;FLVCR1;AKR1C4;SLAMF7;VPS41;ELMSAN1;ARID1A;POLR2L;REXO2;ANXA4;SLC43A1;C15orf41;ZBED5;RAB29;LRRFIP1;ARL15;COP1;SEMA4D;HEYL;HECW1;PCDHB12;CTH;LILRB5;FBXO32;USP17L3;CLIP3;ABCA7;KIAA1328;RASL12	-0.0894955957142572	0.193688326327251	0.136545734467442	0.326309322190666	35	200	standardized log10 mean-expression + standardized logit detection; no bins; no replacement within program	20260829	FALSE
Wu_Zenodo_19123188	RANDOM_347	SRPX2;HSPB8;LY9;ANXA13;SLC22A18AS;CLEC2B;SOX18;NUMBL;KLF15;TMEM54;ATIC;GIGYF1;GFPT1;CFL1;CLTA;ASL;FBXW4;CD1D;RUSC1;ANP32E;PIK3R2;PIP4K2A;FRK;CCDC102B;SASH3;WNT2B;ZNF419;VSIG4;SVEP1;LRRK1;MEF2B;COL8A2;NRARP;ITGA7;PDE6G	-0.132096681129306	0.23223655069623	0.136545734467442	0.326309322190666	35	200	standardized log10 mean-expression + standardized logit detection; no bins; no replacement within program	20260829	FALSE
Wu_Zenodo_19123188	RANDOM_348	RAMP3;CCL4;ABCA10;ABLIM2;GPR171;TM7SF2;TBX2;MFSD11;STK17B;HAGHL;CLDND1;PPP1R9B;RHBDD2;RHOC;IL1R1;HIGD2A;RCN1;LACC1;TRIM11;KRI1;RRP36;AP5Z1;ERBB2;NRG1;BCL2;FSCN3;FAM124B;PLGLB2;CALHM6;ZNF83;CGAS;GATA3;SGTB;HILPDA;TIMD4	-0.106683508050574	0.224605903557435	0.136545734467442	0.326309322190666	35	200	standardized log10 mean-expression + standardized logit detection; no bins; no replacement within program	20260829	FALSE
Wu_Zenodo_19123188	RANDOM_349	HGF;NBEAL2;SRPX;AK9;IFI44L;MFGE8;CALHM2;LYNX1;STK17B;IFITM1;SLC43A3;EEA1;ZFAND2B;PRDX2;EIF1;RNASE4;TRIM24;HELB;CCDC198;TTLL3;SART1;CYP2C18;SHKBP1;CAVIN3;MAL2;DEPDC4;DEPDC1;TMEM97;ADCY3;CR1;CLDN11;APOL4;BTBD19;SEMA4A;PRDM11	-0.039845096136942	0.190594570825621	0.136545734467442	0.326309322190666	35	200	standardized log10 mean-expression + standardized logit detection; no bins; no replacement within program	20260829	FALSE
Wu_Zenodo_19123188	RANDOM_350	FUT8;ID4;LPAR1;GDPD5;LY9;XDH;OLFM2;ZSCAN18;MYO9B;OLFM1;RALBP1;RELL1;USP33;SPATS2L;TYMP;CCDC50;NEDD4L;GPD1L;EFL1;RPP21;KDM3B;CKS1B;PCGF2;IYD;HEYL;FHAD1;DZANK1;FOLR2;CYP21A2;RNF135;ALDH1A3;CRACR2A;SLC7A1;RASL11A;ITGAD	-0.15317377587063	0.226917761050775	0.136545734467442	0.326309322190666	35	200	standardized log10 mean-expression + standardized logit detection; no bins; no replacement within program	20260829	FALSE
Wu_Zenodo_19123188	RANDOM_351	ARHGAP31;MSRB3;TNFAIP8L3;PTGER2;NFATC4;ITPR1;SLC6A6;LRRC8C;OTC;SULT1E1;HDAC1;SH3BGRL;ATP6V1G1;ETFB;TPM2;PCBD1;SMTN;HNF1B;TRIM11;CSTA;TRIO;ZBTB25;NECAB3;IKZF3;RARRES1;CNTN4;EFCC1;KCNAB2;MYO1G;PHYHD1;CEMIP;CSPG4;ATRNL1;TAF11L6;HSH2D	-0.0774782897242945	0.223039655201347	0.136545734467442	0.326309322190666	35	200	standardized log10 mean-expression + standardized logit detection; no bins; no replacement within program	20260829	FALSE
Wu_Zenodo_19123188	RANDOM_352	AMPD3;NPR2;NLRP3;ZFPM2;DTX1;PRODH2;SP140;CNTROB;GPT2;HSPA12B;ISOC1;ZFC3H1;ARSA;C12orf57;CXCL2;AHR;SF3B4;KTI12;ANXA9;KCTD10;CRTC3;FAM49B;LMO2;NIBAN1;STS;PRSS3;NPAS3;WARS;CDH13;CD6;LDLRAD3;TLR6;MPPED1;PEAR1;TRIM36	-0.0629602967279155	0.167787563635352	0.136545734467442	0.326309322190666	35	200	standardized log10 mean-expression + standardized logit detection; no bins; no replacement within program	20260829	FALSE
Wu_Zenodo_19123188	RANDOM_353	FPR1;SLAMF8;BEST1;NXPE3;PLA1A;SMLR1;TMEM47;SMAD6;RGS2;OIT3;STK40;MERTK;MTA2;RHOA;ACAA2;NDUFC2;ABCG5;TLE4;GTDC1;MRNIP;PDE3B;RBMS3;IRF2BP1;AKR1B10;SLC7A6;PCDHB12;LYG1;MSR1;CYP21A2;PDZK1IP1;IFITM1;ZSWIM4;MT1M;FOXM1;RIC3	-0.0350875011752018	0.168402200546977	0.136545734467442	0.326309322190666	35	200	standardized log10 mean-expression + standardized logit detection; no bins; no replacement within program	20260829	FALSE
Wu_Zenodo_19123188	RANDOM_354	KIRREL1;SLC2A1;SHBG;MAPK11;TAF11L6;CSRNP1;TMED3;MID2;CRIP2;ZFP90;SF3B4;RCN1;STAT5B;TUFM;IL1R1;HNRNPUL1;NR5A2;C11orf80;LMF1;PIP4P1;RRAS;CADPS2;POFUT2;TRAF3IP3;TMEM45B;LAMP5;MLF1;GNB4;ARHGAP30;EVC;LDLRAD3;CLIP3;RAB3D;ABCA7;TMEFF1	-0.134082746903049	0.219382502749413	0.136545734467442	0.326309322190666	35	200	standardized log10 mean-expression + standardized logit detection; no bins; no replacement within program	20260829	FALSE
Wu_Zenodo_19123188	RANDOM_355	HEYL;DMPK;RIPOR2;ZNF462;LOXL4;C1orf162;MOXD1;MAML2;NPDC1;ADGRG7;IDH3G;ENPEP;DNPH1;WNK1;ATN1;TNIP1;CHKA;TDP1;NDUFAF2;DUSP7;SYNRG;OBSL1;ALDOC;PMEPA1;NIBAN1;PRSS3;CATSPERB;EHD2;GNG2;FLT4;PCDH17;SPNS2;HILPDA;CHST1;TNFRSF11A	-0.123740173701799	0.293011347521746	0.136545734467442	0.326309322190666	35	200	standardized log10 mean-expression + standardized logit detection; no bins; no replacement within program	20260829	FALSE
Wu_Zenodo_19123188	RANDOM_356	MRVI1;CD96;SYTL3;EMID1;CX3CL1;PODXL;CD72;AIFM2;MTTP;MEF2B;NOP56;FLCN;DR1;CAT;ATP5PD;COPG1;OCLN;HELB;IQCB1;FRK;TOP1MT;ZNF680;PNPLA6;AC132217.2;RASA3;PCDHB5;NAT8L;SLC27A2;MARVELD1;SYNE1;DAPP1;CARMIL2;GUCY1A2;BTK;OXCT1	-0.0968011174684965	0.172078264927554	0.136545734467442	0.326309322190666	35	200	standardized log10 mean-expression + standardized logit detection; no bins; no replacement within program	20260829	FALSE
Wu_Zenodo_19123188	RANDOM_357	PIK3CD;TRAF5;KIF21B;GNG7;MT1M;WLS;HIC1;CMKLR1;TTPA;BBOX1;WDR43;VARS;CAPRIN1;ASPH;NDUFA1;NDUFB11;BCL2L11;ANO8;UHRF1BP1;RBM26;TRIO;IL1RN;RECQL;PFKP;SAMSN1;CCDC136;TRDC;MID1IP1;CNRIP1;TFEC;TAFA5;GPR174;IPCEF1;DNAJB5;RIPOR3	0.00535564483499407	0.185823540116866	0.136545734467442	0.326309322190666	35	200	standardized log10 mean-expression + standardized logit detection; no bins; no replacement within program	20260829	FALSE
Wu_Zenodo_19123188	RANDOM_358	PLBD1;CST7;ADPRH;HMMR;DTX3;PRODH2;HIC1;CMKLR1;CHSY1;PRKD1;JOSD1;NEDD8;SEC24A;PLD3;NDUFV1;GLYCTK;DNAJC5;TMEM86A;FIG4;SCN1B;CASP8;KCNJ8;MPPE1;TGFB3;TSPAN8;BMPR1B;ERP27;CHI3L1;RUNX3;LAMC3;CD200;IL3RA;RIMKLB;UBASH3B;SLC22A31	-0.062945898122073	0.196544473656258	0.136545734467442	0.326309322190666	35	200	standardized log10 mean-expression + standardized logit detection; no bins; no replacement within program	20260829	FALSE
Wu_Zenodo_19123188	RANDOM_359	PBX1;FBLIM1;FZD1;LRP12;SPATA33;PTPRM;CD69;PLAGL1;RUNX1;P2RY8;SRP68;TOX4;MCRIP1;TBC1D9B;MACF1;CTTN;CBLB;MIR1915HG;SGMS2;POFUT2;SLC4A2;IL17RB;ANKRD26;FBLN1;IGSF6;RET;COL4A3;ABCG5;SP140;CYP7A1;GNLY;ST6GALNAC3;SNAPC2;BNC2;FGF13	-0.138652957818253	0.242062839494247	0.136545734467442	0.326309322190666	35	200	standardized log10 mean-expression + standardized logit detection; no bins; no replacement within program	20260829	FALSE
Wu_Zenodo_19123188	RANDOM_360	ARHGAP30;IL18;AGER;SH2D1A;ERG;FER;CAPN12;COL5A3;ODF3B;CD226;FAM50A;BRD1;ELP2;TM9SF2;NRP1;MGAT1;CCDC85B;HOMER1;FLVCR2;SPRED1;SIRPA;OBSL1;LMBR1L;SYK;MLKL;GPC2;ANKRD34A;GPT2;NID2;ADSSL1;TRERF1;SLC16A9;BCL6B;CD109;GDF2	-0.0670422126868846	0.203513788187429	0.136545734467442	0.326309322190666	35	200	standardized log10 mean-expression + standardized logit detection; no bins; no replacement within program	20260829	FALSE
Wu_Zenodo_19123188	RANDOM_361	TAGAP;FBLIM1;A4GALT;IDO2;HVCN1;SRPK2;NCF4;IFI27L2;G0S2;SUSD2;PID1;CXXC5;PHKB;PLXND1;SEC11C;COPG1;DR1;TRAF3IP2;SFT2D1;ATP6V0A2;RASGEF1B;MOB1A;DCK;PLK3;SAMSN1;CLNK;CARNS1;PLVAP;GSTM1;FAM78A;LYL1;NAP1L5;BCL6B;BNC2;ALDH1L2	-0.0888753420352963	0.210815253797243	0.136545734467442	0.326309322190666	35	200	standardized log10 mean-expression + standardized logit detection; no bins; no replacement within program	20260829	FALSE
Wu_Zenodo_19123188	RANDOM_362	FBXO32;CALHM2;GUCY1A2;TGFB2;FAM43A;TINAGL1;TOP2A;KCNE3;OTC;FMO2;FAM120AOS;PPHLN1;MTA2;B4GALT1;MGAT1;MTDH;MCM7;LYSMD4;FAM222B;ENPP2;CALCRL;ASAP2;BRPF3;TNFSF13B;TBC1D10C;NAALAD2;NCR3LG1;ACSL4;RNF135;FCMR;PGM2L1;CREB3L1;IKBKE;OBSCN;B3GNT10	-0.141461056016657	0.24801820940771	0.136545734467442	0.326309322190666	35	200	standardized log10 mean-expression + standardized logit detection; no bins; no replacement within program	20260829	FALSE
Wu_Zenodo_19123188	RANDOM_363	PPP1R3C;KIRREL1;TNFAIP8L3;CTSW;IFI44L;NPC1;CD8A;SPINDOC;F10;NOVA2;POGK;DNPH1;STAT5B;PSME1;MYLK;TCIM;TOM1L1;NBPF20;IRS1;DENND4B;LYPLAL1;ZNF532;FKBP9;ALOX5AP;SLC12A2;MEOX2;CCDC154;AQP1;SOX18;CD248;SEC31B;NRCAM;UBASH3B;BCL2A1;PRR22	-0.0938811888971559	0.274152676633647	0.136545734467442	0.326309322190666	35	200	standardized log10 mean-expression + standardized logit detection; no bins; no replacement within program	20260829	FALSE
Wu_Zenodo_19123188	RANDOM_364	MMRN2;SLC12A2;C4B;AIF1L;FAM43A;PPARG;ADAMTS10;BLOC1S3;H3F3B;OLFM1;DPP9;BCL7B;COX17;ANXA11;GNAI2;NME2;PCED1A;CDK7;RASSF8;ZMAT3;PMPCA;MPV17L;ADAM17;RENBP;FMOD;PCDH20;SPAAR;SERPINB9;MAPK13;SPECC1;TNFSF8;DLG2;GNAO1;VWA5A;CFAP221	-0.149928234707143	0.241753421516223	0.136545734467442	0.326309322190666	35	200	standardized log10 mean-expression + standardized logit detection; no bins; no replacement within program	20260829	FALSE
Wu_Zenodo_19123188	RANDOM_365	GZMA;MRAS;CROCC;AP4S1;CENPM;SLC22A23;SGCE;NCAPD2;SLC25A15;OSBPL5;ARMC6;ARHGAP12;USP4;CREG1;SPCS1;CSDE1;MCM7;FANCC;ZBED5;PLXNB1;TSC22D4;MANBA;BRD9;CD38;SMIM3;TLR10;B3GALT2;MYOF;LRRC25;DDR2;CD300LF;ABLIM2;IKBIP;KIAA1328;ZNF70	-0.0718591426756288	0.17801024786964	0.136545734467442	0.326309322190666	35	200	standardized log10 mean-expression + standardized logit detection; no bins; no replacement within program	20260829	FALSE
Wu_Zenodo_19123188	RANDOM_366	PDE4B;CD69;PPM1K;STMN3;LFNG;ZNF394;BICDL1;HSPBAP1;NEDD9;SYTL3;RHOQ;SLC25A30;FUCA2;PLPP3;PIK3R1;DDX17;SEL1L3;ANKRD49;IQCE;TTC14;ZNF106;SLC31A2;CWF19L2;EVI2A;SLC6A6;PTCHD4;NEIL3;SRXN1;NR4A3;MSC;PGM5;GATA3;LY9;P2RX7;SH3D21	-0.0956037105760018	0.172464921493432	0.136545734467442	0.326309322190666	35	200	standardized log10 mean-expression + standardized logit detection; no bins; no replacement within program	20260829	FALSE
Wu_Zenodo_19123188	RANDOM_367	LDHB;ADAMTS4;CLRN3;IL3RA;ITPR3;GLIPR1;DIPK1B;FUT4;TNFAIP2;ZGRF1;EPC1;DEGS1;BORCS7;CFLAR;CNN2;SMIM14;MAFK;ZNF438;BLOC1S3;FAM160B2;TSPAN14;IRGQ;SCN1B;CD72;SLC22A10;SIDT1;CARNS1;IER3;CD8A;BIN2;CEP128;IDO2;FOXM1;IGFALS;AKAP5	-0.0925463211476991	0.203862078427948	0.136545734467442	0.326309322190666	35	200	standardized log10 mean-expression + standardized logit detection; no bins; no replacement within program	20260829	FALSE
Wu_Zenodo_19123188	RANDOM_368	ARHGAP31;RHOF;ENHO;COL4A4;SNCG;ZDHHC9;GZMK;CDKN2A;EPHX2;XXYLT1;NBN;CNST;TXNDC15;SELENOW;ETS1;EGR1;AGMAT;ZNF708;HDAC4;FN3KRP;N4BP2L1;ADGRF5;RGP1;DBNDD2;PLP2;ARPP21;ADAM20;ITGB2;DIPK1B;GZMA;COL8A2;FCHO1;PDGFD;GPR153;COL4A5	-0.0414559432892688	0.195763154402579	0.136545734467442	0.326309322190666	35	200	standardized log10 mean-expression + standardized logit detection; no bins; no replacement within program	20260829	FALSE
Wu_Zenodo_19123188	RANDOM_369	COL8A1;PNMA1;SLC2A5;SULT1E1;ENDOD1;SHROOM1;PDE4B;LRRC8C;RGS2;DNAJB5;MIEN1;TOX4;SSU72;ACAA1;TTC39C;PGM1;VASH1;RPH3AL;NEMP1;ENOPH1;CHIC2;RND1;UTP25;OLFML2B;SEMA4D;IL12RB2;ADAM20;OSGIN1;SLCO3A1;TMEM51;DIPK2B;KCNA3;ERG;ABCA7;NOTUM	-0.074346527242696	0.167892192140341	0.136545734467442	0.326309322190666	35	200	standardized log10 mean-expression + standardized logit detection; no bins; no replacement within program	20260829	FALSE
Wu_Zenodo_19123188	RANDOM_370	DOK2;CD300A;ELFN1;SYDE1;BCL11B;KLF4;ADCY3;FAR1;RAB20;MEX3B;VPS41;USF1;TIMM23;POLR2L;PDIA3;EXT1;ROCK2;SNX11;GPSM1;SLC25A37;SLC12A4;FAM49B;FAM241A;S1PR3;RHOBTB1;CUBN;CLNK;GBP1;BCAT1;TBX2;ESM1;RNF157;RASL11A;GUCY1A2;DEF8	-0.0453853903579324	0.224990313788146	0.136545734467442	0.326309322190666	35	200	standardized log10 mean-expression + standardized logit detection; no bins; no replacement within program	20260829	FALSE
Wu_Zenodo_19123188	RANDOM_371	ITM2A;TESC;ATRNL1;VMO1;SLC7A1;DGAT2;ZNF83;LRRC8C;CA2;OSCAR;TASOR2;ZBTB38;ZFC3H1;GRHPR;RTN4;DPYD;CHKA;DDTL;CHAMP1;DNAJB14;SYNRG;APBB3;TFCP2;DBNDD2;TRPS1;RAB38;PLAC9;MT1E;SLCO3A1;ATP2A3;TRERF1;FKBP1B;UAP1L1;SLC25A12;GPR146	-0.0824666396402274	0.183652881361492	0.136545734467442	0.326309322190666	35	200	standardized log10 mean-expression + standardized logit detection; no bins; no replacement within program	20260829	FALSE
Wu_Zenodo_19123188	RANDOM_372	SASH3;IL18;SYNGR1;EME2;STC1;C1QTNF1;SGCE;NFKBIE;MDFIC;TEAD4;SLC33A1;KMT2D;TIMM23;EPAS1;NRBP2;OGT;TOM1L1;HINFP;ARL4D;DUSP7;DHRS1;ASAP2;NUDT2;ANK3;HAND2;GLIPR1L2;ZNF502;HYAL1;BACE2;SP140;P2RY8;LDLRAD3;IGFBP6;HELB;GREM2	-0.0762721425052813	0.227348038257442	0.136545734467442	0.326309322190666	35	200	standardized log10 mean-expression + standardized logit detection; no bins; no replacement within program	20260829	FALSE
Wu_Zenodo_19123188	RANDOM_373	SEMA4D;FGD3;CXCR6;ADCY4;FILIP1;GGT5;BICDL1;PIGL;OSGIN1;PAMR1;DPP9;STAT5B;USP4;ZFP36L2;GAMT;OPTN;ENPEP;PDK3;B9D1;ITGAL;TRA2B;ATP6V0A2;TRIB2;DUSP5;MYO5A;PCDHGA2;SLC5A4;CEBPA;TACC3;GAS1;DENND1C;MT1H;PALM;SIGLEC9;TIMD4	-0.0351389785760559	0.192830034090859	0.136545734467442	0.326309322190666	35	200	standardized log10 mean-expression + standardized logit detection; no bins; no replacement within program	20260829	FALSE
Wu_Zenodo_19123188	RANDOM_374	RUNX3;PLCB2;VSTM4;RAB30;BTK;RNF144B;GABBR1;C5AR2;CMTM3;SLIT3;PACSIN2;BID;TMEM127;H1FX;SAMHD1;CTSH;POLD2;CLRN3;PIGL;ARSE;ADD3;BRPF3;ADAM17;CLIP4;LOX;C11orf45;GPR18;GEM;PTGIR;ZFYVE28;IDO1;TMEM243;GREB1;MAP3K7CL;KCNN2	-0.0960636243529155	0.194710281256593	0.136545734467442	0.326309322190666	35	200	standardized log10 mean-expression + standardized logit detection; no bins; no replacement within program	20260829	FALSE
Wu_Zenodo_19123188	RANDOM_375	AFAP1L1;PIK3CD;ELFN1;LDLRAD3;TPPP3;ARHGEF2;MARVELD1;STAMBPL1;TGFBR1;XYLT1;HYI;NCOA2;SUZ12;COL6A2;GNAQ;ATP1B1;FCHSD2;TMEM86A;AP4B1;ENOPH1;KLHDC10;SPRED1;LMO2;NFATC1;ID4;TERC;PCDHGA9;PLEKHO2;TRAF5;PTPN7;CLDN11;IDO2;RIMKLB;APH1B;ZNF423	-0.138170900251638	0.286848679908182	0.136545734467442	0.326309322190666	35	200	standardized log10 mean-expression + standardized logit detection; no bins; no replacement within program	20260829	FALSE
Wu_Zenodo_19123188	RANDOM_376	HGF;BEND7;PARM1;LDLRAD3;SRPX;PAM;SOX18;SOX9;SLC7A2;PRKD1;SMARCD2;VPS26B;FCHSD2;DDT;SEPHS2;NCOA4;GTPBP1;FBXL8;RASSF8;SMURF2;TOP1MT;SMARCD1;MTMR1;TRPS1;TRAF1;CCL22;SUMO4;CCDC80;RUNX3;IL2RB;INKA2;MYBL2;CDC42EP2;NFAM1;CALHM5	-0.104268433730706	0.219208279673688	0.136545734467442	0.326309322190666	35	200	standardized log10 mean-expression + standardized logit detection; no bins; no replacement within program	20260829	FALSE
Wu_Zenodo_19123188	RANDOM_377	ACSM3;LYVE1;MITF;PGM2L1;WDFY4;FMN1;NUSAP1;SLC25A43;RAB20;HIVEP3;SLC43A3;VARS;IMP4;HNRNPA2B1;NRBP2;MPST;SEL1L3;SNX11;DCAF15;ZMIZ1;ADPGK;NSMCE3;ASAP2;S1PR3;DUSP5;NCR3LG1;TMEM178B;HGFAC;RGS16;SEPTIN5;PARP15;KLRG1;SKAP1;BNC2;ALDH1L2	-0.096316869034062	0.153496416685595	0.136545734467442	0.326309322190666	35	200	standardized log10 mean-expression + standardized logit detection; no bins; no replacement within program	20260829	FALSE
Wu_Zenodo_19123188	RANDOM_378	CALHM2;MFSD10;INAFM2;IL3RA;SNCA;COL15A1;SPART;HSPA2;ARRDC2;UHRF1;POLD2;CLSTN3;STX2;KLF9;ANKHD1;UBC;KIAA1217;ENHO;CEP95;MRNIP;PTPN23;CYP4F2;CWF19L2;SLC11A1;SLC7A5;POU5F1B;CAMK2B;VSIG4;GLIS2;PHLDA3;CACNA2D1;NRROS;PPP1R3G;BNC2;PKHD1	-0.127190336404824	0.226979138736509	0.136545734467442	0.326309322190666	35	200	standardized log10 mean-expression + standardized logit detection; no bins; no replacement within program	20260829	FALSE
Wu_Zenodo_19123188	RANDOM_379	NXT2;PMEPA1;SHBG;RHBDF1;BTK;BASP1;TMEM47;LAD1;ACSM2B;GNLY;FAM120AOS;HMOX2;SMAD5;C1QA;RAB13;ARPC1B;CBR1;LRRC45;TMOD2;KDM4C;FXYD6;ZNF532;SPRY2;SLC11A1;HAND2;GPR150;FAM161B;UGT1A1;ATP2A3;AMPD3;COL8A2;DLG2;ADRA1B;KLF5;RIC3	-0.0475923073847227	0.159209278919426	0.136545734467442	0.326309322190666	35	200	standardized log10 mean-expression + standardized logit detection; no bins; no replacement within program	20260829	FALSE
Wu_Zenodo_19123188	RANDOM_380	SOX18;ERICH5;CROCC;CSPG4;RIMKLB;CD99L2;ID4;LRRC8C;AMACR;CYP2A6;SS18L1;PATJ;GRB10;INSIG1;ASL;DECR1;MTA2;SATB2;LRRC57;KIAA1522;GPR107;MRNIP;ARHGEF18;LXN;TYMS;TMCC2;SCUBE2;FGGY;ATP2A3;EGLN3;PAMR1;TGFB2;MYO9A;OLFML2A;SLFN12L	-0.0925070028161857	0.24927364548392	0.136545734467442	0.326309322190666	35	200	standardized log10 mean-expression + standardized logit detection; no bins; no replacement within program	20260829	FALSE
Wu_Zenodo_19123188	RANDOM_381	LRRC25;DDX60L;XKR6;LAT2;ITGA11;DOCK2;CST7;ENPP4;FBN1;PLN;CCDC12;KLHDC3;PHC3;TRAM1;NDUFB10;HADHA;CTIF;ZSCAN25;PLCB3;NSMCE3;ARHGEF40;UNC93B1;TTC14;GLIPR2;SYTL2;XCR1;HOXD8;WARS;STAT4;PHYHD1;P3H3;HOPX;CCDC9B;ATRNL1;C2orf92	-0.093953659363301	0.246821649664146	0.136545734467442	0.326309322190666	35	200	standardized log10 mean-expression + standardized logit detection; no bins; no replacement within program	20260829	FALSE
Wu_Zenodo_19123188	RANDOM_382	ITM2A;NXT2;CXCR6;UHRF1;SPN;TINAGL1;CD38;SNN;GPRC5C;BATF3;DNAJA3;NAGK;KHNYN;TIMP3;PEA15;POLDIP2;PKN1;TMEM200B;RABEP2;RAB29;NUP58;SMARCD1;TTC14;GMFG;MMP11;MCF2L2;CAMK2B;S100A9;COL8A1;TESC;COL4A4;SIGLEC8;KIAA0895L;SLIT2;FGF13	-0.133690224686063	0.281009567915544	0.136545734467442	0.326309322190666	35	200	standardized log10 mean-expression + standardized logit detection; no bins; no replacement within program	20260829	FALSE
Wu_Zenodo_19123188	RANDOM_383	ITM2A;RENBP;KCNK5;FGF2;ENO3;DOCK2;PBX1;MT1A;DCAF11;RARB;SS18L1;FUCA2;DDI2;CXCL12;TMED9;PPP2R1B;MASP1;ZNF441;ZC3H12C;DEPDC7;PLEKHA1;RORC;CISH;CDH11;IGSF6;CCDC157;ZGLP1;ACMSD;GLT1D1;ANGPTL8;RAB30;INTS6L;TPPP3;ADGRD1;KCNJ3	-0.0413633381904591	0.218859017345949	0.136545734467442	0.326309322190666	35	200	standardized log10 mean-expression + standardized logit detection; no bins; no replacement within program	20260829	FALSE
Wu_Zenodo_19123188	RANDOM_384	ARHGAP10;SYTL2;MPPED1;RAB30;RRM2;ARHGEF2;ADCY3;FAR1;VCL;GDPD5;RNF44;KIAA1217;TMBIM4;LMNA;KCTD12;CALU;MPDZ;YDJC;SLC39A10;IRF2BP1;SEH1L;DUSP7;PLA2G4C;MYO5A;EVI2A;FAM110D;LRAT;FOLR2;RGS16;SEPTIN5;SULT1E1;LPL;LY9;FOXM1;TRIM31	-0.111667365364993	0.259396012168545	0.136545734467442	0.326309322190666	35	200	standardized log10 mean-expression + standardized logit detection; no bins; no replacement within program	20260829	FALSE
Wu_Zenodo_19123188	RANDOM_385	TRAF5;NXT2;CARD11;GPR4;RPGR;C1QTNF1;ID4;SLC25A43;OGDHL;RAB30;STK40;CAPRIN1;FUCA2;KLF9;ANXA4;PALM2-AKAP2;NQO2;RTL8A;GHDC;ASB13;CHIC2;ESRP2;PRRC2A;PFKP;RUNX3;PCDHGA2;ZNF419;TMEM97;KIAA0513;CCL4;MT1H;ROR2;BBS9;HK2;SIT1	-0.0127075029707256	0.220067530216419	0.136545734467442	0.326309322190666	35	200	standardized log10 mean-expression + standardized logit detection; no bins; no replacement within program	20260829	FALSE
Wu_Zenodo_19123188	RANDOM_386	CD5L;PLAU;OIT3;CARD9;ADARB1;GLIPR1;UROC1;MTFP1;SELENON;BBOX1;GPAT4;AFG3L2;USP4;PSME1;CTDSP2;ARPC1B;MET;NME7;PSIP1;ANGEL1;ITSN2;ARHGEF6;CASP7;COX7A1;NR4A2;ANKRD13B;MEOX2;ABCB4;CAVIN3;SNX20;IDO2;GPR176;GPX8;MPPED1;SIGLEC7	-0.095405227295655	0.194257380874867	0.136545734467442	0.326309322190666	35	200	standardized log10 mean-expression + standardized logit detection; no bins; no replacement within program	20260829	FALSE
Wu_Zenodo_19123188	RANDOM_387	RNF135;SEPTIN1;SYT11;ZNF548;ZC3H12D;ERO1B;LYVE1;TNFRSF25;OSGIN1;CCR1;LRRC47;DDX21;MBD6;CYB5R3;EVL;UGDH;DR1;P2RY11;FGD6;B4GALT2;SH2B3;PLA2G4C;RRP7A;ATP10A;CLIP4;PTCRA;SLC5A4;ADAMTS2;MOXD1;VAV1;CD5;PYROXD2;SGTB;BTK;SHROOM4	-0.0620672663710798	0.172326573529376	0.136545734467442	0.326309322190666	35	200	standardized log10 mean-expression + standardized logit detection; no bins; no replacement within program	20260829	FALSE
Wu_Zenodo_19123188	RANDOM_388	FBXO32;ARHGAP24;BNC2;AP4S1;CX3CL1;PDE4D;APLNR;PLAGL1;TGFBR1;NPNT;UQCC2;ATPAF1;CDC5L;ZFP36L2;TTC39C;LCP1;STRN4;DCHS1;PIGL;DENND4B;CORO7;SLC1A5;CEP120;ADAMTSL2;NRG1;ANKRD34A;CCDC13;CAPG;SEMA4D;FAR1;FGF21;PLIN1;FOXM1;UBASH3B;ZNF232	-0.0738737741123552	0.19339017105728	0.136545734467442	0.326309322190666	35	200	standardized log10 mean-expression + standardized logit detection; no bins; no replacement within program	20260829	FALSE
Wu_Zenodo_19123188	RANDOM_389	RCAN2;RUNX3;SNCG;ZKSCAN4;MT1M;ZFAND2A;LILRB5;GGT7;ATF3;CCR1;NET1;MTA2;HACD2;SDF4;C4orf3;SPI1;RND3;RASL11A;NRF1;HSD17B8;MTFR1L;ERBB2;ASB13;LMOD1;SAMSN1;MYCN;PLAC9;GIMAP4;CHML;PAPLN;SLIT2;FIBIN;BTN2A1;CSF3R;TRIM36	-0.0695941157336459	0.199704339115075	0.136545734467442	0.326309322190666	35	200	standardized log10 mean-expression + standardized logit detection; no bins; no replacement within program	20260829	FALSE
Wu_Zenodo_19123188	RANDOM_390	FCGR2B;GLT1D1;PDE3A;AIF1L;TSPAN18;EIF4E3;CD8A;PRXL2C;CYBB;FIBIN;ABCA6;STRN4;FAM193B;TRAM1;CXCL2;NDUFA3;GRAMD1A;ANKRD49;RASSF8;MTHFR;ATXN1;CHST15;CHPF2;CCL19;COL8A1;ZCWPW2;ANKRD13B;VCAM1;LILRB2;PPP1R13L;SLAMF1;CEMIP;RAB3D;PTGS1;TRIM36	-0.10964050435172	0.212516943627647	0.136545734467442	0.326309322190666	35	200	standardized log10 mean-expression + standardized logit detection; no bins; no replacement within program	20260829	FALSE
Wu_Zenodo_19123188	RANDOM_391	UTY;FCGR2B;GJC1;TNFSF8;AGPAT4;IL18BP;TOP2A;ARHGEF5;CAVIN1;DOK3;ENOSF1;DEGS1;GTPBP1;C2;FXYD5;PGM1;SLC35F6;RAB3D;SAYSD1;DROSHA;MTMR4;RECQL;PCGF2;TAGAP;GMFG;TIFAB;RAB39B;C2orf72;GIMAP1;LAMC3;DIPK2B;NRN1;LY86;CRHBP;CYB5R2	-0.0388080733787433	0.165736632941393	0.136545734467442	0.326309322190666	35	200	standardized log10 mean-expression + standardized logit detection; no bins; no replacement within program	20260829	FALSE
Wu_Zenodo_19123188	RANDOM_392	CLEC14A;EFNB2;ABCA7;IQCG;PIK3CG;SLC51A;GIMAP1;C4orf48;ABCB4;OBSCN;NOP56;TMX4;FAM32A;ST6GAL1;IER2;DBI;MID1IP1;ZNF438;FLVCR1;NSMAF;RAB8B;ERBB2;EXOC6B;HEYL;SAMSN1;FAM162B;KLF8;PSAT1;CAVIN3;COLEC10;HDAC9;DPEP2;DCHS1;ANGPTL6;ZNF232	-0.0569616307912002	0.213124609256959	0.136545734467442	0.326309322190666	35	200	standardized log10 mean-expression + standardized logit detection; no bins; no replacement within program	20260829	FALSE
Wu_Zenodo_19123188	RANDOM_393	UBXN11;RARRES1;EPB41L4A;CC2D2A;CXCL14;SLC25A18;TBX2;PRXL2C;TMEM14A;CXCR6;LIMD1;C7orf50;APPL1;ITPR2;PEA15;SLC38A10;F11;FRG1;TCP11L2;UTP25;CALCRL;CTBP2;ALDOC;ATP10A;BCL2;HORMAD1;GSDMA;EPHX2;ADAM8;UNC5B;RHBDF1;PGM5;PLA2G5;PDE10A;USP49	-0.0710355362379796	0.207351385746516	0.136545734467442	0.326309322190666	35	200	standardized log10 mean-expression + standardized logit detection; no bins; no replacement within program	20260829	FALSE
Wu_Zenodo_19123188	RANDOM_394	CCDC88C;TMEM47;CROCC;TSPOAP1;CSF2RB;FER;ARHGAP24;GPSM1;MDFIC;SOX6;RHOQ;TSHZ2;VCPIP1;PTTG1IP;IGFBP3;HSP90AB1;PLIN2;RPH3AL;TERF1;TMEM70;TSPAN6;MSANTD3;CAVIN2;CCDC102B;SAMSN1;COL4A3;FXYD3;CAPG;ARHGAP30;DISC1;HOXB4;BMP6;MAPK12;IGF2BP3;TMIGD3	-0.0451087996764727	0.237258766902695	0.136545734467442	0.326309322190666	35	200	standardized log10 mean-expression + standardized logit detection; no bins; no replacement within program	20260829	FALSE
Wu_Zenodo_19123188	RANDOM_395	SIGLEC1;PIK3CD;SLIT2;ZFPM2;BEST1;IFRD2;MYLIP;LRRC8C;PERP;NOVA2;THOC7;BRD1;TEX2;CD14;SAMHD1;ABCA1;NISCH;PCDH12;CEP95;ARHGEF18;YTHDF3;GRK5;RPA1;SAMD9L;FLI1;CNR1;C11orf21;HJV;FCGR2B;SLC25A36;DENND1C;SIRPB2;CX3CL1;PTGS1;GDF2	-0.0610565374714432	0.175180137923377	0.136545734467442	0.326309322190666	35	200	standardized log10 mean-expression + standardized logit detection; no bins; no replacement within program	20260829	FALSE
Wu_Zenodo_19123188	RANDOM_396	SLC3A1;SVEP1;SLIT3;RBL1;TLR1;FMN1;SLC6A6;LIMCH1;PLGLB2;ADGRD1;ZCCHC24;TMX4;DMTF1;ADAR;DBI;TRIP12;NFIX;ZNF605;PAK1IP1;MTMR1;HNRNPLL;SPRY2;PDGFC;PLK3;TYMS;SLCO1A2;ZCWPW2;CYP4A11;IL18;ANGPTL8;MEF2B;SLC22A15;ABCA10;OSBPL5;TMEM178A	-0.0971357225620043	0.194331303542398	0.136545734467442	0.326309322190666	35	200	standardized log10 mean-expression + standardized logit detection; no bins; no replacement within program	20260829	FALSE
Wu_Zenodo_19123188	RANDOM_397	ID4;ARHGAP24;EPHA3;GPR4;CXCL14;GPSM3;OLFML2B;EPHA2;CMTM3;SLIT3;BCL2L11;YKT6;TNKS2;BTG1;POLDIP2;NDFIP1;CBFB;SLC26A6;INO80C;B4GALT2;ACOT13;TTL;SLC25A42;LOXL1;TRAF3IP3;FHDC1;CATSPERB;INHBA;GLIS2;PDZK1IP1;GDPD5;MCTP2;PLA1A;SYTL3;TBX15	-0.0828725120802657	0.252168070500896	0.136545734467442	0.326309322190666	35	200	standardized log10 mean-expression + standardized logit detection; no bins; no replacement within program	20260829	FALSE
Wu_Zenodo_19123188	RANDOM_398	AFAP1L1;LOX;MAPK10;ITGB7;SPSB2;UPP1;SLCO3A1;HSPA2;STBD1;CYP39A1;GATD1;PARP4;CLSTN3;ANXA2;SEPHS2;NDUFA3;WSB2;FRG1;FAM110B;NSMAF;CHIC2;NMT2;RPP21;DCDC2;TMC8;LRRD1;DND1;WARS;KIAA0513;SNX20;CCR1;COL8A2;ENHO;XKR6;TMEFF1	-0.0342866217247416	0.218494808999869	0.136545734467442	0.326309322190666	35	200	standardized log10 mean-expression + standardized logit detection; no bins; no replacement within program	20260829	FALSE
Wu_Zenodo_19123188	RANDOM_399	FCGR2B;SLCO3A1;DDTL;PAMR1;GLT8D2;KANK2;SPECC1;SPINDOC;PSAT1;GNLY;IRF9;VPS26B;GTPBP1;TBC1D9B;RAB13;SEC11A;GPC1;LYSMD4;TTBK2;ATP6V0A2;CYP2J2;ITGAL;CTTNBP2NL;HOMER3;EIF1AY;MEOX2;DUOXA2;FOSB;CAVIN3;BCAT1;CDHR2;EMID1;ERG;GJC1;GOLGA8O	-0.0484406773551574	0.190511996431615	0.136545734467442	0.326309322190666	35	200	standardized log10 mean-expression + standardized logit detection; no bins; no replacement within program	20260829	FALSE
Wu_Zenodo_19123188	RANDOM_400	STAT4;ALOX5AP;ARHGEF25;UBXN10;KCNK6;RIN2;NIBAN1;DISC1;MDFIC;SLC25A12;TMEM64;SLC35D1;RBM42;HSP90AA1;ECHDC2;EMC4;NCOA2;FZD1;PJA1;AKIP1;SRSF1;PIP5K1C;FNBP1L;SH3PXD2B;ITGA9;TMCC2;RPA4;IER5;SEPTIN5;TNFRSF25;HOXB4;USP17L3;FLT3LG;ITGA2;GPIHBP1	-0.0901919567598725	0.231390785499288	0.136545734467442	0.326309322190666	35	200	standardized log10 mean-expression + standardized logit detection; no bins; no replacement within program	20260829	FALSE
Wu_Zenodo_19123188	RANDOM_401	TRAF5;DIPK1B;NLRP3;CELSR1;ARID3A;BASP1;RBP7;UNC5B;FMR1;HAGHL;BCL2L11;QRICH1;ENPEP;CHCHD2;CALM2;PIK3R1;MTA2;TRMT10B;NUDT1;LMTK2;NUDCD3;GALNT10;PDZK1;HES4;SH3PXD2B;SCN4A;CAMK2B;GDA;SPECC1;CD8A;HIST1H2BG;DZIP1;NOSTRIN;RRM2;GAREM2	-0.109347606685088	0.23418372043631	0.136545734467442	0.326309322190666	35	200	standardized log10 mean-expression + standardized logit detection; no bins; no replacement within program	20260829	FALSE
Wu_Zenodo_19123188	RANDOM_402	BEND7;GFRA1;KIAA1328;PRG2;WDFY4;FPR3;ARHGAP10;PLD2;PC;ULK2;LRRC47;TMEM109;PRKAB1;SCP2;COMT;MGAT4B;KLF15;CLRN3;SNN;ARMC1;SH3D19;TM2D2;NSMCE3;STS;ADAMTSL2;TIFAB;PIK3R6;AGMAT;ANKRD44;IL33;P2RY8;BOC;GPX8;SNCG;SH3D21	-0.0632167489104195	0.189122490118355	0.136545734467442	0.326309322190666	35	200	standardized log10 mean-expression + standardized logit detection; no bins; no replacement within program	20260829	FALSE
Wu_Zenodo_19123188	RANDOM_403	DGKH;EIF1AY;KCNK6;NRN1;NRARP;TENT5A;TNC;PAPOLG;CDC42EP1;ALDH1A3;APPL2;VARS;ADAM10;GNB1;CAPN2;GLYCTK;DR1;SLC30A4;GTDC1;LMBR1L;SART1;CHMP7;ERBB2;CDC42EP3;OAS3;TSPAN11;TMCC2;NEDD9;SPECC1;ZSCAN18;FAR2;MCTP2;CCDC9B;MAPK10;PPP2R3A	-0.0535304948750793	0.232709996502238	0.136545734467442	0.326309322190666	35	200	standardized log10 mean-expression + standardized logit detection; no bins; no replacement within program	20260829	FALSE
Wu_Zenodo_19123188	RANDOM_404	TRAF5;IYD;EPB41L4A;TRABD2B;CDC42EP5;MVK;ADAMTS4;STAT5A;CIDEB;IDO2;ENPEP;SLC35D1;THOC7;RHOA;CHPT1;C4orf3;NFKB2;AMN1;FAM89A;LUZP1;ACOT13;TTLL3;ASB13;DIPK1B;GJA1;ANO3;NTNG2;F10;SEMA4D;PILRA;TAFA5;LDOC1;NLRP3;CREB5;ZNF549	-0.0918291152727486	0.165755282396921	0.136545734467442	0.326309322190666	35	200	standardized log10 mean-expression + standardized logit detection; no bins; no replacement within program	20260829	FALSE
Wu_Zenodo_19123188	RANDOM_405	SASH3;ID4;SIGLEC9;COL4A4;THEMIS;LAMA5;CCL4;TFEC;COL5A2;ADGRD1;PACSIN2;SF3B3;OTULIN;LGALS3BP;MPC2;PHPT1;NQO2;TMEM116;FAM110B;HSD17B8;SLC22A18;LIMK1;SLC25A42;PIK3R5;PFN2;DIO2;KLRC4;AKR1C3;SYTL2;ADAM28;USP17L3;CNDP1;MPZL2;HTRA3;MED27	-0.0859147377192313	0.230095871690183	0.136545734467442	0.326309322190666	35	200	standardized log10 mean-expression + standardized logit detection; no bins; no replacement within program	20260829	FALSE
Wu_Zenodo_19123188	RANDOM_406	SIGLEC1;PLCB2;ARMC9;VMO1;FADS3;FAM199X;DIPK1B;RASSF8;CYBC1;RTN1;PIKFYVE;GALK1;UBE2Z;MAT2A;PDIA3;MYO1B;CCDC85B;TMEM116;TMEM8B;NMT2;DNM1L;SOCS1;PPP1R14B;CD8A;SPHK1;PKNOX2;AMH;PDLIM7;TMED3;EGLN3;HBEGF;MT1H;ELFN1;MMP23B;SHROOM4	-0.0550725993709595	0.230423772041639	0.136545734467442	0.326309322190666	35	200	standardized log10 mean-expression + standardized logit detection; no bins; no replacement within program	20260829	FALSE
Wu_Zenodo_19123188	RANDOM_407	RNF135;HEYL;ZG16;XYLT1;SLC17A1;MYH14;NCF4;RHNO1;NEDD9;PLN;R3HDM4;USP4;PMM1;NUCB1;NRBP2;APMAP;ISG20;GPD1L;ARHGEF5;GANC;DDX39A;FRK;FSCN1;PIK3R5;SEMA4D;XCR1;DIO2;ABCG5;GIMAP1;KLRK1;FLRT2;MCTP2;PALM;GPR153;WNK2	-0.147084472630743	0.211768386782051	0.136545734467442	0.326309322190666	35	200	standardized log10 mean-expression + standardized logit detection; no bins; no replacement within program	20260829	FALSE
Wu_Zenodo_19123188	RANDOM_408	LMOD1;RASGRP2;CLRN3;DZIP1;TPPP3;OGFRL1;GLIS2;HSPBAP1;MSRB1;UHRF1;ANKLE2;BID;RETREG3;CERS2;COPA;MTDH;RCN3;HERC5;FAM222B;SNHG32;ATXN7;SMARCD1;IL1RN;MMP19;SEMA4D;CCDC154;PLAG1;CHI3L1;LRRC25;RGS16;TNFRSF6B;LDOC1;FZD1;BEST1;C2orf92	-0.0811575312114366	0.239031937708859	0.136545734467442	0.326309322190666	35	200	standardized log10 mean-expression + standardized logit detection; no bins; no replacement within program	20260829	FALSE
Wu_Zenodo_19123188	RANDOM_409	SYNE1;CAPN12;MAP3K7CL;MYBL2;GJC1;LAMA4;RUNX3;ISYNA1;TSKU;SLC25A12;GGA1;PDIA4;PSMA2;HNRNPA2B1;COX8A;NRBP2;NFIX;SSBP4;NEMP1;TTLL3;RRAS;CCDC97;MTHFR;PTGIS;PLIN4;SYTL5;PDZD2;SLC13A5;GLT1D1;GPR88;OGN;KCNA3;CBX8;FOXF1;PXYLP1	-0.0933450599556314	0.229368520959865	0.136545734467442	0.326309322190666	35	200	standardized log10 mean-expression + standardized logit detection; no bins; no replacement within program	20260829	FALSE
Wu_Zenodo_19123188	RANDOM_410	SAMD9L;SOX18;CLRN3;PRKD1;CX3CL1;LIMK2;EIF1AY;LRRK1;FGFR2;IQSEC2;USP33;MORF4L1;GRB10;EEF1B2;SPI1;MPST;MET;CDK7;DPY19L3;FBXO31;CALCRL;SLC25A37;TCEAL9;IRAK3;FGD3;C3orf52;SIDT1;HJV;NID2;PAPLN;CLEC4G;SLA2;EPHA3;PPP1R3G;RASL12	-0.039265403964713	0.182195724756609	0.136545734467442	0.326309322190666	35	200	standardized log10 mean-expression + standardized logit detection; no bins; no replacement within program	20260829	FALSE
Wu_Zenodo_19123188	RANDOM_411	SIGLEC1;HEYL;LRMP;NAALADL2;LEF1;F12;MRAS;EZH2;AGRN;CPXM2;RALBP1;CNTRL;VPS26B;CD68;MGAT4B;HNRNPA0;MTA2;POLA1;KLHL28;LMBR1L;CCNYL1;SLC7A7;CSTA;NCF4;TNC;SLC6A11;SLC51B;C1orf115;KSR1;AMPD3;CLDN11;FZD7;BBS9;TMEM91;PKHD1	-0.0490442564569126	0.19936964715171	0.136545734467442	0.326309322190666	35	200	standardized log10 mean-expression + standardized logit detection; no bins; no replacement within program	20260829	FALSE
Wu_Zenodo_19123188	RANDOM_412	RHOF;DGKA;GJC1;LRP12;NRARP;ARHGAP26;ARHGAP24;TMEM8B;GYPC;CYP3A43;UQCC2;TRAK1;CHKA;QKI;CLPTM1;AURKAIP1;TAP2;TMEM116;PAQR9;NSMAF;SH3KBP1;TBC1D16;NSDHL;TBC1D10C;NPR2;CACNA2D4;ZNF296;TM4SF5;CD8A;EPB41L1;TAFA5;IDO1;ABCA7;MMRN1;HIST1H2BH	-0.0662905148459066	0.221929844533203	0.136545734467442	0.326309322190666	35	200	standardized log10 mean-expression + standardized logit detection; no bins; no replacement within program	20260829	FALSE
Wu_Zenodo_19123188	RANDOM_413	VGLL3;DBNDD2;P2RX7;ARMCX2;FLT3LG;DNASE2;ZNF83;MAML2;ITGAX;STMN3;EPRS;RETREG2;NET1;PRDX2;NRP1;NDUFB11;PNRC2;ZNF343;MID2;KRI1;C17orf49;ZNF532;TRAPPC11;CCL4;MLIP;ZCWPW2;PDZD2;ERBB3;TNFSF13B;LRRK2;ZSWIM4;RARB;NFAM1;ALPK2;CLGN	-0.0683034188379403	0.20059679230845	0.136545734467442	0.326309322190666	35	200	standardized log10 mean-expression + standardized logit detection; no bins; no replacement within program	20260829	FALSE
Wu_Zenodo_19123188	RANDOM_414	ZNF83;OLFML2B;ALDH1A3;TSPOAP1;PCED1B;NPC1;OSBPL3;PHC1;SLC6A1;IDO2;DDX39B;MRTFA;ABHD14B;DDX5;MTCH1;HNRNPA0;GPC1;PDK3;TBC1D22B;NSMAF;N4BP2L1;NDE1;TBC1D16;CCDC102B;FRMD6;SLCO1A2;TCEANC2;FBN1;MYO1G;USP17L15;ZFPM2;APOL4;AVPR1A;NGFR;TMEM178A	-0.129276184233644	0.281532554407579	0.136545734467442	0.326309322190666	35	200	standardized log10 mean-expression + standardized logit detection; no bins; no replacement within program	20260829	FALSE
Wu_Zenodo_19123188	RANDOM_415	BICDL1;NIBAN1;SSC5D;MIER2;FADS3;CDH1;NR4A3;FLVCR1;TKFC;DOK3;ARFGEF1;HACD2;IVNS1ABP;ANXA5;ARHGEF10L;COPG1;RELL1;FOLH1;BBS1;SH3BP5L;FAM111A;TTLL3;TLR4;DCDC2;LTB;CACNA2D4;C5orf30;IER3;CAPN12;ADSSL1;XYLT1;GFI1;LILRB1;PEAR1;SCNN1D	-0.0357006289771429	0.234461990016231	0.136545734467442	0.326309322190666	35	200	standardized log10 mean-expression + standardized logit detection; no bins; no replacement within program	20260829	FALSE
Wu_Zenodo_19123188	RANDOM_416	ANGPTL8;ST14;SLIT3;EME2;CENPM;IER5L;NID2;CLEC10A;B4GALT5;RAB30;PNRC2;RAB35;PRPSAP1;NDUFA4;UGDH;LCP1;EHD2;SNAPC2;GCAT;CASP7;FADS1;ZC3H12A;CADPS2;COX7A1;HAND2;CCNJ;PLAG1;HGFAC;TMOD1;PYHIN1;SSPN;ZFPM2;LOXL4;SPON1;CEP112	-0.0941861326054113	0.216289849222064	0.136545734467442	0.326309322190666	35	200	standardized log10 mean-expression + standardized logit detection; no bins; no replacement within program	20260829	FALSE
Wu_Zenodo_19123188	RANDOM_417	NRG1;TNC;CDC14A;TSPOAP1;IL2RA;GCKR;SYNE3;KIAA0040;SELENON;XYLT1;LRP6;SC5D;PRPF31;GSN;ANKHD1;DST;VCAM1;ACHE;VMAC;YWHAB;TNRC18;IL1RN;MTHFR;JAK3;OLFML2B;SLC51B;LRCH2;CORO1A;TANC2;TTC36;CDHR2;IDO1;ARID3A;RASL11A;SLFN12L	-0.0501021647689421	0.228932294872958	0.136545734467442	0.326309322190666	35	200	standardized log10 mean-expression + standardized logit detection; no bins; no replacement within program	20260829	FALSE
Wu_Zenodo_19123188	RANDOM_418	EIF1AY;TRAF5;CDC42EP2;ITGA3;IGF1R;ITPR1;RELT;SLC25A36;GLMP;PLN;GET3;PLSCR4;AMPD2;PLD3;NCOR2;RSRP1;F10;WDR4;B3GALNT2;ADAM17;KANSL1;RNF31;CTTNBP2NL;HCK;DOCK8;SLC22A11;TMEM163;CYP4F3;APOBEC3G;ATP2A3;TMEM71;SPNS2;DAAM2;P2RY10;EPHA4	-0.0771882504372207	0.220860066599656	0.136545734467442	0.326309322190666	35	200	standardized log10 mean-expression + standardized logit detection; no bins; no replacement within program	20260829	FALSE
Wu_Zenodo_19123188	RANDOM_419	ADCY7;FBLIM1;FKBP14;GNPDA2;SKAP1;TMEM204;CCDC3;GLDC;SERINC2;GPR176;TXNDC15;RETREG3;IMP4;CSRP1;YWHAZ;HSPD1;ZFAND2B;YEATS4;TERF1;ANP32E;LRRFIP1;COP1;ZMAT3;SLAMF8;EFNB2;KLF8;ANO3;GNB4;ST14;IL33;GPR4;GNG7;PELI2;STC2;SEMA3G	-0.0847408400665672	0.261716172137056	0.136545734467442	0.326309322190666	35	200	standardized log10 mean-expression + standardized logit detection; no bins; no replacement within program	20260829	FALSE
Wu_Zenodo_19123188	RANDOM_420	UBXN11;CCDC3;MITF;EME2;LPCAT2;KALRN;SLC17A2;TTBK2;COLEC11;PTGER2;PITRM1;VPS26B;HNMT;MIF;NRP1;FAM120A;CYP51A1;SNX11;GGT7;AKAP10;ITSN2;TTC14;LMTK2;FBLN1;EFNB2;FAM24B;STX1B;SH3BGRL;ARHGAP9;CMKLR1;DLL4;STEAP2;PPL;BATF;AFAP1L2	-0.0510411474743361	0.248103105115506	0.136545734467442	0.326309322190666	35	200	standardized log10 mean-expression + standardized logit detection; no bins; no replacement within program	20260829	FALSE
Wu_Zenodo_19123188	RANDOM_421	RAMP3;TMEM47;CES4A;S1PR2;ORAI2;DNASE2;HSPB8;LYNX1;AKR1C4;ZSWIM4;PCED1A;PMM1;PHC3;TGFBI;IL1R1;GLUD1;EPB41L4B;EPB41L4A;DPY19L3;CCDC97;TRIO;GRK5;ARMC1;ECM1;DBNDD2;NLRP2;PCDHGA9;RNF128;PTGER4;PDZK1IP1;FNDC1;ST6GALNAC3;AMIGO2;INAFM2;TRDMT1	-0.118246289941405	0.253029283142053	0.136545734467442	0.326309322190666	35	200	standardized log10 mean-expression + standardized logit detection; no bins; no replacement within program	20260829	FALSE
Wu_Zenodo_19123188	RANDOM_422	NID2;NUSAP1;CROCC;CELSR1;RRM2;SLC22A23;VGLL3;TMEM8B;PIM3;OBSCN;COQ9;LPCAT3;VDAC2;CD14;DHRS3;NDUFA3;GRAMD1A;BAG4;BAMBI;TCEAL9;TNRC18;ALDOC;LMO2;HES4;AFAP1;FOXD2;MADCAM1;CORO1A;TBX2;SMIM24;PAMR1;TFPI2;FCGBP;TRERF1;GAREM2	-0.0618024348909404	0.227519094334763	0.136545734467442	0.326309322190666	35	200	standardized log10 mean-expression + standardized logit detection; no bins; no replacement within program	20260829	FALSE
Wu_Zenodo_19123188	RANDOM_423	PHLDA3;HAND2;ADGRD1;INTS6L;CLDN2;CGN;FGD3;IL33;COTL1;HOXB3;ZNF217;MAST4;RAB35;CNDP2;CXCL2;HIST1H1C;ENPEP;ELFN1;B9D1;DCK;BIN1;CCDC97;SUCO;F3;HSPB8;VTCN1;CLNK;GOLM1;PTGER4;CNN1;MCUB;ANGPT1;KCTD15;ANKRD29;VLDLR	-0.094821312620632	0.25852855036686	0.136545734467442	0.326309322190666	35	200	standardized log10 mean-expression + standardized logit detection; no bins; no replacement within program	20260829	FALSE
Wu_Zenodo_19123188	RANDOM_424	SLC36A1;EDIL3;DDR1;ARL10;PRRX1;SMOC1;SMIM3;ULK4;HSD17B2;OSBPL5;FAM120AOS;ADH5;MBD6;PLXNB2;CHPT1;DRAP1;ABCA6;NAIF1;FGD6;CLN6;CYP2J2;EXD3;NECAB3;PLAU;IFITM10;PLLP;DIO2;ITGAX;DIPK1B;MOGAT2;BBOX1;IGSF21;P2RY11;IPCEF1;MSS51	-0.00435030293366204	0.184721478544961	0.136545734467442	0.326309322190666	35	200	standardized log10 mean-expression + standardized logit detection; no bins; no replacement within program	20260829	FALSE
Wu_Zenodo_19123188	RANDOM_425	LAMA2;MFSD10;ITGB3;LYL1;ANKRD29;EPHB4;RHOF;TTC39B;ITGB2;IDO2;FKBP8;YKT6;ABHD14B;FNDC3B;PHYH;NDUFS2;LIMA1;TRMT10B;KYAT3;CKS1B;FGD4;SNHG32;SRGAP1;GZMK;IGSF6;DZANK1;KRT222;SLC15A3;DOK2;STAT4;HOXB2;MLLT3;HIST2H2BE;NT5DC2;ZNF232	-0.102286693385718	0.185848289483001	0.136545734467442	0.326309322190666	35	200	standardized log10 mean-expression + standardized logit detection; no bins; no replacement within program	20260829	FALSE
Wu_Zenodo_19123188	RANDOM_426	ARHGAP31;SYTL2;CPXM2;PMAIP1;GJC1;SLC17A4;CDH13;SSH2;IMMP2L;DPEP2;GET3;REV1;USP4;LGMN;PECAM1;AURKAIP1;CNTRL;MYCL;C6orf47;PELI1;MAPK14;SH3BP2;PNPLA6;F3;PRKCH;SIGLEC12;CYSLTR2;ITGAX;STS;SMAD6;COL8A2;ANGPT1;UAP1L1;LY9;PAQR8	-0.0869765928858013	0.232899155424182	0.136545734467442	0.326309322190666	35	200	standardized log10 mean-expression + standardized logit detection; no bins; no replacement within program	20260829	FALSE
Wu_Zenodo_19123188	RANDOM_427	AFAP1;EDIL3;SEMA4A;IDO2;SSBP2;NRP2;FABP4;STAT5A;PLGLB2;PCDH17;ATG13;PRPSAP1;DR1;NDUFV2;VKORC1;NDUFB11;SRXN1;AMN1;FLVCR1;CKS1B;MICAL2;RP2;NPHP3;ECM1;FBLIM1;RAB38;PLLP;EMILIN1;SPECC1;AMN;P2RY8;ST8SIA1;ZWINT;OIT3;YJEFN3	-0.0483050735578403	0.233742524322159	0.136545734467442	0.326309322190666	35	200	standardized log10 mean-expression + standardized logit detection; no bins; no replacement within program	20260829	FALSE
Wu_Zenodo_19123188	RANDOM_428	ABI3BP;ACSM3;RIPOR2;EDA;ADA;RASD1;GZMK;PHYHD1;KIF1C;ARMC9;SIK3;MOGS;USP14;JUNB;PHYH;TTC3;FAM118A;LZTFL1;SENP7;IL17RB;DDX39A;RND1;SNX30;SH3PXD2B;HELLS;LRGUK;C11orf21;IGFBP5;PMEPA1;SYNE1;KLF5;KCNA3;PTGS1;SLIT2;PPP2R3A	-0.083306477760071	0.24221151317666	0.136545734467442	0.326309322190666	35	200	standardized log10 mean-expression + standardized logit detection; no bins; no replacement within program	20260829	FALSE
Wu_Zenodo_19123188	RANDOM_429	PAPLN;MMP11;PDE10A;TEAD4;FHOD1;RNF144B;ARHGAP10;AP4B1;RAB20;PEAR1;SLC33A1;PDIA4;PMM1;HNRNPA2B1;ORMDL3;NDUFC2;RHOQ;CDC42EP2;HDAC8;FNBP1L;TSPAN14;S100PBP;FAM241A;NR4A2;TMC8;COL4A3;NPBWR1;UGT1A1;KIAA0513;PPP1R13L;TMEM71;CHST3;HELB;TAF11L6;HMGN5	-0.0744784969912682	0.182423335616533	0.136545734467442	0.326309322190666	35	200	standardized log10 mean-expression + standardized logit detection; no bins; no replacement within program	20260829	FALSE
Wu_Zenodo_19123188	RANDOM_430	MXD1;TNFSF13B;NRTN;PMAIP1;PELI2;CD99L2;SGCE;EVC;FCGR3A;IFITM1;JOSD1;NCOA2;USP33;ACSL1;NCL;DST;SH3BGRL;ANKRD49;TMEM242;UTP25;ADGRL2;RILPL2;LPAR6;PLEK;CAVIN3;NLRP2;RAB39B;ONECUT1;TM6SF1;COLEC10;RERG;GFI1;SYTL1;KCNK6;FAM124A	-0.0474005967734089	0.178502140130594	0.136545734467442	0.326309322190666	35	200	standardized log10 mean-expression + standardized logit detection; no bins; no replacement within program	20260829	FALSE
Wu_Zenodo_19123188	RANDOM_431	GZMA;SEPTIN1;NPNT;ETV1;GPR132;ZNF394;ADGRG1;SOX9;LDLR;FNDC1;WWP1;STAT5B;ZNF410;IDH2;SMIM14;BAG6;TMEM109;DHX57;TBC1D22B;LPAR6;MTFR1L;CSPP1;LUZP1;CD2;LXN;WNT2B;PCDHB7;MCAM;ALOX5AP;CCDC88B;ZNF124;ANK2;SYTL1;TAF11L6;PTGER3	-0.113653820483493	0.234297063674643	0.136545734467442	0.326309322190666	35	200	standardized log10 mean-expression + standardized logit detection; no bins; no replacement within program	20260829	FALSE
Wu_Zenodo_19123188	RANDOM_432	VEGFC;ERICH5;AGPAT4;P2RY8;DBN1;SLC25A18;TNC;LRRK1;FADS2;CD300LF;GTF2H5;MRTFA;RC3H1;EIF3A;TAF10;TFPI;ABCA6;ZNF441;KIFC2;CCDC97;N4BP2L1;NSDHL;EXOC6B;FMOD;C12orf75;IL12RB2;CADM2;ACOT12;IL18;CA5A;MEF2B;FGF21;EMB;PCDH12;EPHA4	-0.0562599785701801	0.197493239585135	0.136545734467442	0.326309322190666	35	200	standardized log10 mean-expression + standardized logit detection; no bins; no replacement within program	20260829	FALSE
Wu_Zenodo_19123188	RANDOM_433	SEPTIN1;PRKCB;MMP23B;IL18R1;CD109;IQGAP1;TP53I11;C5AR2;NPDC1;FIBIN;TRAPPC4;ATP2B4;TRIM24;PLPP3;ANXA4;TFPI;ERBB3;WDR4;RSBN1;ASB13;SH2B3;CCDC97;CSPP1;ARHGAP9;EVI2A;PLEKHG4;CBLN1;IL7R;SOX18;C20orf194;SLAMF7;USP17L3;OLFML2A;BCL2A1;CRABP2	-0.126113373278364	0.24234923287652	0.136545734467442	0.326309322190666	35	200	standardized log10 mean-expression + standardized logit detection; no bins; no replacement within program	20260829	FALSE
Wu_Zenodo_19123188	RANDOM_434	ZNF83;ACSM3;XKR6;LYL1;IL2RA;PIGR;LILRB5;FAR1;HINT1;SEMA4A;SMARCC2;CDS2;SUZ12;GPX3;MGST2;CAV2;KHNYN;DCUN1D2;ZBED4;SPRY2;PI4KB;NELFB;KCTD10;SMOC2;GJA1;XCR1;SLC6A11;CYBRD1;RNF135;IL2RB;PCDH7;TNFSF8;KIAA1328;OBSCN;C8orf58	-0.156038608852675	0.252741769388214	0.136545734467442	0.326309322190666	35	200	standardized log10 mean-expression + standardized logit detection; no bins; no replacement within program	20260829	FALSE
Wu_Zenodo_19123188	RANDOM_435	RELT;PBX1;TLR3;EDA;TLR1;RIN2;SVEP1;SNED1;CAVIN1;CCDC146;HYI;MTA2;CBR1;LIPA;LAMTOR4;NCOR2;NCOA2;PIGV;TTC8;CSPP1;PIP5K1A;ARHGEF6;PDPR;SEPTIN1;CLIP4;SPATC1;AHRR;HIST1H1E;BICDL1;SPECC1;MEF2B;TNFRSF6B;WDR47;TMEM91;COL4A5	-0.0831871596471271	0.213035222871754	0.136545734467442	0.326309322190666	35	200	standardized log10 mean-expression + standardized logit detection; no bins; no replacement within program	20260829	FALSE
Wu_Zenodo_19123188	RANDOM_436	SVEP1;ARHGAP10;SLIT3;HOXB4;DACT1;AS3MT;PPP1R3C;PHC1;NEDD4L;HOXB3;CCT3;SMAD5;UBE2Z;TM9SF2;GNAQ;UGDH;F11;PIGB;GPSM1;SUCO;ITSN2;RILPL2;SLC25A37;PYCARD;BCL2;IGSF9B;DZANK1;CYBRD1;CAVIN3;DNAJA4;FMO2;LIF;RUBCN;EGR2;EVC2	-0.114821365102536	0.230907674877813	0.136545734467442	0.326309322190666	35	200	standardized log10 mean-expression + standardized logit detection; no bins; no replacement within program	20260829	FALSE
Wu_Zenodo_19123188	RANDOM_437	SLC17A2;ANKRD44;DIPK2B;SUPT3H;ITPR3;SNTB2;TGFB3;EFHD1;STBD1;CREB3L1;KEAP1;AMPD2;MBD6;C2;ANXA4;UBXN4;SGK3;BTBD10;SAYSD1;DENND4B;FGD4;GUCY1A1;SPRY2;IYD;PLP2;SIGLEC12;KRT222;ITGAX;KSR1;SAMD9;P3H3;PLIN1;BTN2A1;EPB41L4A;GPR161	-0.0872551400457411	0.230312968226623	0.136545734467442	0.326309322190666	35	200	standardized log10 mean-expression + standardized logit detection; no bins; no replacement within program	20260829	FALSE
Wu_Zenodo_19123188	RANDOM_438	CD48;MXD1;GPR153;CSPG4;ZBTB46;SLC51A;ZNF83;PHYHD1;ENPP1;CACNA2D1;ARSA;HIPK1;GPAT4;PTMS;MGAT1;UBXN4;KLF15;ACHE;BBS1;WIPI1;SYNRG;ALDOC;NCAPH2;HSPA6;LOX;PCDHB12;CHAC1;SH3BGRL;CHRNA4;HSPA2;CD5;KIF26B;ERG;ARMC9;ZNF169	-0.0858675595855979	0.221306369485853	0.136545734467442	0.326309322190666	35	200	standardized log10 mean-expression + standardized logit detection; no bins; no replacement within program	20260829	FALSE
Wu_Zenodo_19123188	RANDOM_439	CD38;SLC3A1;JAG2;ASPA;KIAA0895L;AGFG2;ARHGAP10;LRRC8C;COTL1;HDAC9;EPRS;AGO2;PSMA2;AKR1A1;CAPN2;TTC3;RGS3;TMCO6;FAM110B;SNX30;RAB17;NR2F1;CSTA;SMOC2;SLC25A24;LRRC39;PCDHB7;GNMT;LRRC25;CCDC88B;LDLRAD3;AIF1L;NCEH1;FOXF1;GREM2	-0.0646244958138978	0.196170116088687	0.136545734467442	0.326309322190666	35	200	standardized log10 mean-expression + standardized logit detection; no bins; no replacement within program	20260829	FALSE
Wu_Zenodo_19123188	RANDOM_440	LYVE1;ATP2A3;TCF21;NRN1;BCL2A1;KLF4;OLFM2;ROBO4;SLC47A1;LY75;ABCA6;ARL2BP;TMX4;WNK1;CLPTM1;FH;RHOG;PHLPP2;EZH2;ASB13;APBB1IP;SHC2;CTDP1;CCL4;EPSTI1;TMEM178B;PLAC9;DSE;MYLIP;LIMCH1;OLFM1;RRAD;SPSB2;MPPED1;CATSPERG	-0.0146259308649084	0.175100224934531	0.136545734467442	0.326309322190666	35	200	standardized log10 mean-expression + standardized logit detection; no bins; no replacement within program	20260829	FALSE
Wu_Zenodo_19123188	RANDOM_441	MMRN2;GFRA1;ADPRH;CRACR2A;SLC22A18AS;THBD;TMEM47;OTULINL;ACMSD;CSPG4;MIEN1;PMM1;MCFD2;EIF4EBP2;LAP3;NRP1;NET1;RPH3AL;DPY19L3;DNAJB14;SLC4A2;RP2;NELFB;TRAF3IP3;SPINT2;CUBN;NPBWR1;AKR1D1;DIPK1B;APOBR;CHST3;CEMIP;CHST1;CRHBP;LRRC17	-0.0964457726912771	0.229579577603706	0.136545734467442	0.326309322190666	35	200	standardized log10 mean-expression + standardized logit detection; no bins; no replacement within program	20260829	FALSE
Wu_Zenodo_19123188	RANDOM_442	CD48;DDX60L;CES4A;DPEP2;HILPDA;PTP4A3;KSR1;IFT81;NIPSNAP1;OSBPL5;YY1AP1;BCAR1;ABHD14B;TM9SF3;VKORC1;GADD45B;NFIX;IRAK2;PEX6;PIP4P1;PLEKHA1;DUSP7;MSANTD3;GZMK;FHL3;XCR1;NEIL3;CYTIP;KRT23;LRRC8C;TCF7;PGM5;IPCEF1;NFAM1;B3GNT10	-0.0726686523232571	0.196211573560312	0.136545734467442	0.326309322190666	35	200	standardized log10 mean-expression + standardized logit detection; no bins; no replacement within program	20260829	FALSE
Wu_Zenodo_19123188	RANDOM_443	TRAF5;ACSM3;MFAP2;ARL10;AVPR1A;PDE4D;SMIM3;MEIS1;HJV;CCR1;YTHDC2;TAP2;ATP6V1C1;SRGN;SOD1;ANPEP;PACSIN2;TMEM116;TSPAN12;ARFIP1;MTUS1;RND1;SMARCD1;LMOD1;OAS3;TLE6;RAB39B;MDK;SIPA1L2;MOXD1;NRGN;MCTP2;KNTC1;DNAJB5;PRELID3A	-0.0109841280155402	0.227555804616881	0.136545734467442	0.326309322190666	35	200	standardized log10 mean-expression + standardized logit detection; no bins; no replacement within program	20260829	FALSE
Wu_Zenodo_19123188	RANDOM_444	ANGPTL8;SOX18;EPB41L4A;MLLT3;GJC1;BAG3;OSBPL3;TNRC6C;NOTCH3;RTN1;DNAJA3;WDR13;RAB35;TIMP2;CALM2;NDUFS2;MPDZ;STEAP1;ASB3;IRGQ;RALGPS2;TTL;ERBB2;CD96;SCARF2;SLC51B;DIO2;WARS;LRRC25;PHYHD1;THSD7A;STEAP2;BEST1;XKR6;PDE11A	-0.137808993959699	0.254971147830524	0.136545734467442	0.326309322190666	35	200	standardized log10 mean-expression + standardized logit detection; no bins; no replacement within program	20260829	FALSE
Wu_Zenodo_19123188	RANDOM_445	ADCY7;SLC3A1;CES3;SH2D1A;CARD11;MTHFD1L;FUT8;IRF6;PLSCR1;SOX6;POMP;BCAR1;UBE2Z;SGK1;TPM2;HNRNPUL1;VASH1;RAC3;SNN;TGFBR3;ZDHHC20;DOCK6;NUDT2;SVEP1;CD2;DUOXA2;ANKRD13B;ASPN;TBX2;NEXN;CNDP1;COX7B2;MAP3K7CL;IL7;AKAP5	-0.123997821984021	0.319527748310405	0.136545734467442	0.326309322190666	35	200	standardized log10 mean-expression + standardized logit detection; no bins; no replacement within program	20260829	FALSE
Wu_Zenodo_19123188	RANDOM_446	RCAN3;GIMAP1;VWA5A;KLHL26;ENO3;GIMAP7;PLAU;SMC2;NR1H3;ASRGL1;MOV10;IVNS1ABP;DDI2;RBM33;CCND1;TAF10;NR5A2;FZD1;DCAF15;ANGEL1;PDE3B;LRBA;EXOC6B;RUNX3;BACE2;C3orf52;FAM24B;AQP1;GZMA;CKB;KAZN;TLR6;ALPK3;IGF2BP3;VLDLR	-0.114861272899589	0.219169937373247	0.136545734467442	0.326309322190666	35	200	standardized log10 mean-expression + standardized logit detection; no bins; no replacement within program	20260829	FALSE
Wu_Zenodo_19123188	RANDOM_447	CD38;PNMA1;ARMC9;RARB;ACKR3;SLPI;CD48;GUCY1B1;TWF2;ESR1;PDLIM5;SMARCC1;RETREG3;LGMN;NCL;GLUD1;SMTN;VSTM4;SCARF1;NELFB;TSPAN6;CYP4F2;CFHR4;SLC2A1;STS;CCDC154;STX1B;AKR1C4;VEGFC;KIAA0513;ACE;ITGA3;CSF3R;SKAP1;GALNT15	-0.0615647169586987	0.162039697537868	0.136545734467442	0.326309322190666	35	200	standardized log10 mean-expression + standardized logit detection; no bins; no replacement within program	20260829	FALSE
Wu_Zenodo_19123188	RANDOM_448	GLT1D1;LRRC25;ANKRD29;LTO1;ACKR3;LIMK2;FGR;KIAA0586;CITED4;EGFL8;CHD1;PARP4;ZNF22;OGA;LAP3;VKORC1;AGMAT;YDJC;HELQ;GSTZ1;CBX4;MOB1A;FKBP9;MMP19;RAB34;PKNOX2;NEFH;GM2A;EIF1AY;PMEPA1;OIT3;ROR2;CES3;IGFALS;CRABP2	-0.0437472307722331	0.182922681046463	0.136545734467442	0.326309322190666	35	200	standardized log10 mean-expression + standardized logit detection; no bins; no replacement within program	20260829	FALSE
Wu_Zenodo_19123188	RANDOM_449	SMIM3;SRPX2;STC2;NRGN;KLRB1;ENC1;RNF135;TMEM8B;NEDD4L;ZGRF1;GPC1;CHKA;ZMPSTE24;B4GALT1;NDUFS2;WDR26;LIMD1;CHST13;SCARF1;MTHFR;MAPK14;LMTK2;RBM38;LILRB2;STEAP4;ATP6V1FNB;BAALC;RDH10;ATOH8;GUCY1B1;CRACR2A;HOXB2;ULK3;BEST1;SAXO2	-0.0672365277718848	0.17931764678137	0.136545734467442	0.326309322190666	35	200	standardized log10 mean-expression + standardized logit detection; no bins; no replacement within program	20260829	FALSE
Wu_Zenodo_19123188	RANDOM_450	SPECC1;CD96;KLRD1;TAFA5;ACKR3;LIMK2;SLC37A2;PIGL;KLF15;ALDH1A3;CDK13;FAM193B;ARHGAP12;HNRNPA2B1;ANXA4;GOLPH3;CBLB;ZNF503;PXMP4;ATP6V0A2;SNX19;NELFB;TRIP10;BCL2;COL16A1;NAALAD2;SCN4A;GPT2;RBP7;RUNX3;IDO2;FOXP3;EPHA3;ATP8A1;XRCC3	-0.147878915575508	0.241104839051623	0.136545734467442	0.326309322190666	35	200	standardized log10 mean-expression + standardized logit detection; no bins; no replacement within program	20260829	FALSE
Wu_Zenodo_19123188	RANDOM_451	EDIL3;OLFML2B;DNAJB5;PARP15;AMIGO2;SOAT1;ARAP2;CNTROB;RGS2;FOXD4L5;ATP5MC1;SH3BP4;CBR1;RAB5C;MTCH1;ATP1B1;HIBADH;PALM3;THRA;ARFIP1;POLR3GL;MPV17L;FNBP1L;MSRB3;BACE2;ADAM20;B4GALNT1;PLVAP;KIRREL1;PLBD1;TRERF1;PMAIP1;MAPK12;FABP5;ARMCX4	-0.0769777084940035	0.255087507204424	0.136545734467442	0.326309322190666	35	200	standardized log10 mean-expression + standardized logit detection; no bins; no replacement within program	20260829	FALSE
Wu_Zenodo_19123188	RANDOM_452	RCAN2;ARHGAP10;UBASH3B;GPR176;NLGN2;NPC1;SLC2A1;GJA4;CHSY1;SPINT1;NADK;RHOT2;RAB35;RAB14;NDUFS2;TYMP;ZFAND2B;MPHOSPH6;TRIM11;MFSD14B;RALGPS2;BTN3A1;MRNIP;EVI2A;RGS19;C1QTNF7;GPR150;GPT;LILRB2;SLC25A36;CD33;KIF26B;CHST1;OBSCN;FGF13	-0.0953079134446961	0.204922288501542	0.136545734467442	0.326309322190666	35	200	standardized log10 mean-expression + standardized logit detection; no bins; no replacement within program	20260829	FALSE
Wu_Zenodo_19123188	RANDOM_453	RCAN2;PPM1M;NFAM1;GPR176;SNCG;HIF1A;ARAP2;BICD1;RIN3;CACNA1C;THOC7;NR5A2;RAPGEF2;C12orf57;PPP2R1B;GLYCTK;SH3BGRL;MANSC1;GMEB1;IL1RN;SCO2;S100PBP;RGP1;FCGR2B;SLC28A1;KLLN;EFCC1;CIITA;TRAF3IP3;ARHGAP30;HOXB4;ITGA3;GJC1;IGF2BP3;RNF165	-0.0554999300658986	0.205881548698104	0.136545734467442	0.326309322190666	35	200	standardized log10 mean-expression + standardized logit detection; no bins; no replacement within program	20260829	FALSE
Wu_Zenodo_19123188	RANDOM_454	FBXO32;LDHB;RASL11A;CHST3;TRPM2;ZNF331;GLIS2;HSF4;SYNPO;CTSW;MAP3K3;PATJ;CENPB;DDIT4;NDRG2;ARCN1;HSD17B2;IL7;GMEB1;RBM26;FXYD6;DOCK6;TTL;NIBAN1;SMOC2;STAG3;SCN4A;PC;NFASC;CHRNA4;ADAMTSL1;SUPT3H;CDK18;CROCC;TIMD4	-0.106296900257002	0.249310357021738	0.136545734467442	0.326309322190666	35	200	standardized log10 mean-expression + standardized logit detection; no bins; no replacement within program	20260829	FALSE
Wu_Zenodo_19123188	RANDOM_455	TNC;NCF4;EPB41L4A;SEC31B;SSBP2;ERO1B;SLC17A2;C6orf47;IKZF1;OLFM1;EIF3D;MTA2;SPNS1;SLC38A2;TP53INP1;BLVRB;ARL6IP1;ZNF343;CAMKMT;MEF2C;UBE2A;BRPF3;FRK;CLEC7A;CD72;SPRY3;KCNH2;FYB1;CCL4;CCDC3;CNDP1;PARP15;ARHGEF25;IL7;PCDHGC3	-0.109781414085454	0.185038361108497	0.136545734467442	0.326309322190666	35	200	standardized log10 mean-expression + standardized logit detection; no bins; no replacement within program	20260829	FALSE
Wu_Zenodo_19123188	RANDOM_456	RBP7;PMEPA1;FAM131A;IQCG;GSDME;ITPR1;SLC2A1;RSBN1;PLGLB2;TMEM71;RAB1A;ATPAF1;ZNF410;NUCB1;HSP90AB1;ANXA6;FLT1;HACE1;MEGF8;SAMD4A;TRIO;TMEM65;COP1;CCL4;SASH3;DZANK1;CLDN16;CCDC80;SEPTIN5;FABP4;CDHR2;KAZN;IKBKE;ALPK3;CCR2	-0.115933587531721	0.224258371808041	0.136545734467442	0.326309322190666	35	200	standardized log10 mean-expression + standardized logit detection; no bins; no replacement within program	20260829	FALSE
Wu_Zenodo_19123188	RANDOM_457	GZMA;ALOX5AP;KIF21B;FAM122C;BCL2A1;PREX1;PTGER4;KLHDC8B;RASSF4;P3H2;PSD4;CNOT8;RABEP1;METTL7A;NDUFA1;TAF10;CCDC71L;CUL9;ARL4D;ASAP2;ADD3;NSMAF;NUDT2;LOXL1;CYP1B1;CNR1;ADGRG5;ITGB2;RARRES1;SELL;PMAIP1;SYDE1;IKBIP;CRHBP;SLFN12	-0.0510560210527933	0.185827704296143	0.136545734467442	0.326309322190666	35	200	standardized log10 mean-expression + standardized logit detection; no bins; no replacement within program	20260829	FALSE
Wu_Zenodo_19123188	RANDOM_458	TNC;LILRB2;ADGRD1;PRG2;ARID3A;PTPRM;BEND7;TNRC6C;PGPEP1;NRN1;AGPS;TSTA3;PLPBP;MS4A6A;MBNL1;HIPK2;PACSIN2;FCSK;ARHGEF5;TTLL3;AGMO;ADGRF5;SCN1B;CD300A;PLK3;TLE6;TTC26;ADIRF;CCL4;MSC;VDR;UCHL1;CD109;CSF3R;MS4A4E	-0.0826977408210421	0.212773135916456	0.136545734467442	0.326309322190666	35	200	standardized log10 mean-expression + standardized logit detection; no bins; no replacement within program	20260829	FALSE
Wu_Zenodo_19123188	RANDOM_459	MARVELD1;ADCY3;RASL11A;CHST3;PDE2A;OGFRL1;P4HA2;OAT;EPB41L4B;VMO1;DCTN3;VARS;PRKAB1;LMNA;IRS2;DRAP1;ITPKC;WDR25;ZBTB22;FBXO31;TUBB4B;C2CD5;FSCN1;TGFB3;SLC6A6;FAM162B;SLC23A3;PDLIM7;CNRIP1;TFEC;CCR1;CD180;LILRB1;OIT3;RGS4	-0.0992681828898031	0.247119583304843	0.136545734467442	0.326309322190666	35	200	standardized log10 mean-expression + standardized logit detection; no bins; no replacement within program	20260829	FALSE
Wu_Zenodo_19123188	RANDOM_460	MYLIP;ARHGAP9;BEST1;LRRC27;MMP23B;VOPP1;COL8A1;GPSM1;CDC42SE2;CYP39A1;PNRC2;ACSM5;SP1;HNRNPF;ATN1;BAG1;RETREG2;NUBPL;THRA;GSTZ1;TFE3;LUZP1;FSCN1;LILRB2;LRRC25;MYCN;ANKRD34A;ITGB2;HEYL;APOBR;IDO2;FGF2;BATF;TOR4A;ARMCX4	-0.0954994131627994	0.200341163092368	0.136545734467442	0.326309322190666	35	200	standardized log10 mean-expression + standardized logit detection; no bins; no replacement within program	20260829	FALSE
Wu_Zenodo_19123188	RANDOM_461	GIMAP1;ACSM3;GREB1;ZNF184;GPX8;DNMT1;CCDC3;AIFM2;COL5A2;JAG2;CEP350;CHKA;ZFAND2B;ETS2;MGST2;TTC3;HSD17B2;RHPN1;POLD3;ZADH2;RAB17;UNC93B1;DUSP11;MARCO;LOXL1;C11orf45;LRAT;OSGIN1;ATP2A3;LRRK1;CACNA1C;TEAD4;BTBD19;BATF3;TLCD5	-0.0913590781920353	0.206502418096223	0.136545734467442	0.326309322190666	35	200	standardized log10 mean-expression + standardized logit detection; no bins; no replacement within program	20260829	FALSE
Wu_Zenodo_19123188	RANDOM_462	NRG1;LOX;MAPK10;FAM110A;E2F1;CDH5;MOXD1;FAT4;ENPP1;CCL3;SLC44A2;SCAND1;FOXN2;TRIR;CYBA;PEA15;HIPK1;TBKBP1;PJA1;FAM49B;ZDHHC20;PLA2G4C;IL17RB;CCDC102B;CDC42EP3;CYSLTR2;CATSPERB;PKM;SASH3;ADAM28;CD300LF;SUPT3H;PDE10A;IL7;MORN4	-0.114237449957594	0.245538138098347	0.136545734467442	0.326309322190666	35	200	standardized log10 mean-expression + standardized logit detection; no bins; no replacement within program	20260829	FALSE
Wu_Zenodo_19123188	RANDOM_463	GIMAP2;NFASC;TOR4A;P2RY8;RTP3;STAP2;GNG2;EPG5;EPHX2;ALDH1A3;MOV10;TSHZ2;USP14;GSN;DHRS3;OGT;NR5A2;TBCCD1;INHBB;EXD3;NAA10;PIP5K1C;LCAT;SYTL2;AFAP1;TAF4B;COL4A3;SEC16B;FABP4;HSPA2;THSD7A;COL8A2;KCNK6;SEMA4A;KCNN2	-0.0939274992738121	0.220665355016939	0.136545734467442	0.326309322190666	35	200	standardized log10 mean-expression + standardized logit detection; no bins; no replacement within program	20260829	FALSE
Wu_Zenodo_19123188	RANDOM_464	HAND2;HSPB8;CD109;ZSWIM4;MAP3K6;LIFR;MLKL;SEC14L4;B4GALT5;OLFM1;STX2;PTGES2;PDIA4;SH3BGRL3;TLN1;MBD2;CLSTN3;RAC3;CYB561;TAF4;HECA;LMTK2;AR;TESC;PLIN4;XCR1;SUMO4;CAPG;CHML;PLAT;HOPX;CRACR2A;MILR1;ESM1;PRELID3A	-0.126676547023275	0.220417437266599	0.136545734467442	0.326309322190666	35	200	standardized log10 mean-expression + standardized logit detection; no bins; no replacement within program	20260829	FALSE
Wu_Zenodo_19123188	RANDOM_465	TRAF3IP3;VNN2;HPSE;P2RY8;CHST9;PRODH2;GLT1D1;DISC1;CMTM3;ALDH1A3;CDK13;TAP2;HIPK1;SH3BGRL3;TYMP;SDHB;RAP2A;NEURL4;MFSD6;RECQL;SF3A2;SLC25A42;CFHR4;PIK3CD;FRMD6;GALNT8;SCN4A;EPHX2;FABP4;DCLK2;CLDN11;NRROS;OLFML2A;UBASH3B;ANKRD33B	-0.0546810088385002	0.173618962001312	0.136545734467442	0.326309322190666	35	200	standardized log10 mean-expression + standardized logit detection; no bins; no replacement within program	20260829	FALSE
Wu_Zenodo_19123188	RANDOM_466	DCDC2;COL8A1;APH1B;CD180;LPCAT2;ZFAND2A;MXD1;SMAD6;CGNL1;TAFA5;POLR2K;GFPT1;TXNDC15;ARRDC3;CSNK1D;NDUFB7;CHKA;CHST13;UHRF1BP1;MTMR6;ZNF106;CTTNBP2NL;GANC;EDIL3;NFATC1;OXTR;SLC4A8;ASPN;BICDL1;GPR65;MLLT3;P2RY8;GUCY1A2;PLA2G5;PXYLP1	-0.081372204311964	0.253420351497248	0.136545734467442	0.326309322190666	35	200	standardized log10 mean-expression + standardized logit detection; no bins; no replacement within program	20260829	FALSE
Wu_Zenodo_19123188	RANDOM_467	VGLL3;SLC37A2;TLE4;CCDC146;ITPR3;ABCB1;SELPLG;FAM174B;CAV1;DPEP2;PKD2;TMF1;NIT1;B4GALT1;ANAPC11;MBNL1;RHBDD2;ZNF441;UHRF1BP1;ENOPH1;N4BP2L1;KDM5B;B4GALT2;PTGER4;SYTL2;CPLX2;ZGLP1;GEM;NR4A3;CCDC88C;CSPG4;ZNF462;SAP25;TENM1;ARHGAP33	-0.0941995860610302	0.236498978735119	0.136545734467442	0.326309322190666	35	200	standardized log10 mean-expression + standardized logit detection; no bins; no replacement within program	20260829	FALSE
Wu_Zenodo_19123188	RANDOM_468	VNN2;TRAF3IP3;NGFR;STK32C;VPS37C;PTP4A3;BICDL1;SNED1;OTC;EGFL8;DOT1L;KHNYN;AP2M1;OS9;RNASE4;SCARB2;HS6ST1;SARS2;SLC22A3;KIAA1522;CCDC14;ENPP2;TTL;HEYL;NDUFA4L2;LRRC4;ICA1L;COL5A2;ST14;JARID2;CLDN11;THSD7A;FAM43A;SYNM;CCBE1	-0.103278285758699	0.221211948072551	0.136545734467442	0.326309322190666	35	200	standardized log10 mean-expression + standardized logit detection; no bins; no replacement within program	20260829	FALSE
Wu_Zenodo_19123188	RANDOM_469	CKB;VNN2;DDR1;GATA3;MXRA5;ACADS;HCST;PLXDC1;RCN3;XYLT1;TIMM10B;GALK1;UBR2;GUK1;PHYH;ATP1B1;SOX5;FAM133B;IFT81;PSKH1;ACAP2;ADGRF5;WIPI1;TNFSF13B;DCDC2;C3orf52;C5orf30;SERPINA11;GSTM1;UNC5B;CACNA1C;RRAD;HVCN1;CSGALNACT1;GAREM2	-0.00887578101886222	0.257135122005212	0.136545734467442	0.326309322190666	35	200	standardized log10 mean-expression + standardized logit detection; no bins; no replacement within program	20260829	FALSE
Wu_Zenodo_19123188	RANDOM_470	CAVIN3;AFAP1;CHST1;ATP7A;LILRB1;GIMAP7;TRAF5;FBF1;SMG5;LY75;TMEM134;GIGYF1;PMM1;LITAF;SLC9A3R1;HNRNPA0;WARS;TMEM164;ZSCAN18;WIPI1;NOTCH1;HERC3;NUDT7;TGFB1I1;LRRC25;SCUBE1;ADGRG5;TM4SF5;GABBR1;SIGLEC1;LDOC1;FKBP1B;SYNM;FOXC1;COL21A1	-0.129033141369522	0.229932299487419	0.136545734467442	0.326309322190666	35	200	standardized log10 mean-expression + standardized logit detection; no bins; no replacement within program	20260829	FALSE
Wu_Zenodo_19123188	RANDOM_471	CHML;STS;ITGB3;ZNF548;GSDME;NFATC2;NRG1;EZH2;ADA2;PEAR1;AGPS;CXXC5;TRIM24;CIRBP;SPCS1;CSDE1;PGGHG;SNX11;PPP2R3B;MFSD14B;SART1;IRGQ;RIT1;PTGIS;COX7A1;ARPP21;AOC2;LHFPL2;SEPTIN1;SOX9;CD33;SLC16A9;FOXF1;BCL2A1;MMS22L	-0.11912081546509	0.210152758677127	0.136545734467442	0.326309322190666	35	200	standardized log10 mean-expression + standardized logit detection; no bins; no replacement within program	20260829	FALSE
Wu_Zenodo_19123188	RANDOM_472	ATOH8;NPR2;REC8;STEAP2;MXRA5;CELF2;NEXN;ZNF704;TGFBR1;LY75;DCTN3;PPP3CB;RHBDD2;PDK4;SUMO3;CHPT1;FBXW4;STK26;ZSCAN18;TAF4;TOP1MT;NMT2;CADPS2;ERICH5;SLC22A10;RET;SPAAR;C1orf115;ADGRG1;HGF;CXCR6;GTSF1;ABCA10;SYTL3;LRATD1	-0.0520678159951981	0.187736038058182	0.136545734467442	0.326309322190666	35	200	standardized log10 mean-expression + standardized logit detection; no bins; no replacement within program	20260829	FALSE
Wu_Zenodo_19123188	RANDOM_473	DGKH;SLAMF8;SYNM;ZNF688;PRICKLE2;MVK;PTGER4;ZFYVE28;METRNL;COL4A4;USP33;SH3BGRL;ATP6V1C1;AKR1A1;SLC38A10;TMED9;STRN4;PIGV;FGD6;MFSD14B;PI4KB;OAS2;PSKH1;DIPK1B;EFEMP2;GHRL;ARSK;FGGY;RBP7;SLC3A1;CHST3;GJA5;FILIP1;EPB41L4A;ZNF169	-0.0770472391227928	0.199999086837013	0.136545734467442	0.326309322190666	35	200	standardized log10 mean-expression + standardized logit detection; no bins; no replacement within program	20260829	FALSE
Wu_Zenodo_19123188	RANDOM_474	STAT4;SLC37A2;TMEM159;THSD7A;MPZ;BAG3;LAMA2;NFKBIE;CHSY1;LY75;DCTN3;ADH5;PITRM1;PLXND1;COX8A;REEP5;GTPBP1;HACE1;INO80C;LPAR6;PAG1;NUP188;RBM38;CCDC102B;CDH11;LYPD6B;GPR158;MID1IP1;RELT;TMEM255B;PTGER2;TLR7;TLR1;CSGALNACT1;TNFAIP8L2	-0.0528007054052602	0.240622129061299	0.136545734467442	0.326309322190666	35	200	standardized log10 mean-expression + standardized logit detection; no bins; no replacement within program	20260829	FALSE
Wu_Zenodo_19123188	RANDOM_475	HDGFL3;TMEM47;APH1B;TGFB2;CSF2RB;SNTB2;HCST;SLC25A36;PCYT2;LOXL3;WDR43;PPHLN1;PRKAB1;C1QC;COX8A;SEC11C;NIBAN2;SYNGR1;RUSC1;NSMCE3;ZNF281;SMURF2;KRI1;MT1F;GMFG;IL12RB2;CYSLTR2;AQP1;CD8A;LAMC3;IDO1;SIGLEC8;GPX8;TEK;KCNN2	-0.0867308039298498	0.223369950757704	0.136545734467442	0.326309322190666	35	200	standardized log10 mean-expression + standardized logit detection; no bins; no replacement within program	20260829	FALSE
Wu_Zenodo_19123188	RANDOM_476	CCL20;RAB11FIP4;KCNK6;ADGRE2;TCEAL3;PTPN3;KRT23;BCHE;MMP24OS;HOXB2;ARSA;BID;SSU72;KLF6;ARHGEF12;RSRP1;MERTK;KTI12;CEP95;NELFB;VMA21;AMOTL2;THADA;HAND2;MYO5A;TBC1D3B;RPA4;MID1IP1;VGLL3;TFEC;OIT3;KAZN;SNAPC2;ENHO;ANKRD33B	-0.0178853029543196	0.207533243625421	0.136545734467442	0.326309322190666	35	200	standardized log10 mean-expression + standardized logit detection; no bins; no replacement within program	20260829	FALSE
Wu_Zenodo_19123188	RANDOM_477	TM6SF1;DOCK8;SLC2A5;SEMA6A;SLC17A1;KLF4;FCGR2B;ACVR2A;EPB41L4B;ALPK2;YTHDC2;MAST4;UGGT1;GSN;BCL3;ATN1;ROCK2;TMCO4;ZC3H12C;MPV17L;C16orf70;ARHGEF6;LMO2;IRAK3;SLC11A1;MGAM;C11orf21;PDLIM7;ARHGAP30;RUNX3;EDNRA;ZNF124;SRPX;THEMIS;GJD3	-0.0322932397219427	0.24694188715173	0.136545734467442	0.326309322190666	35	200	standardized log10 mean-expression + standardized logit detection; no bins; no replacement within program	20260829	FALSE
Wu_Zenodo_19123188	RANDOM_478	PAPLN;DIPK1B;TMEM86A;COL8A2;PIK3CG;TMPRSS6;CALHM6;TTC39B;CA2;SEC31B;CLASRP;TRAK1;USP14;EID1;BAG6;HNRNPU;GRAMD1A;ALYREF;FLVCR1;FNBP1L;TRIO;SMURF2;CISH;CD5L;ID4;TMEM108;TCEANC2;FBLN5;AFAP1L1;GRAMD1B;IFITM1;CGAS;UAP1L1;KCNK6;COL21A1	-0.0753606286156978	0.229835432547632	0.136545734467442	0.326309322190666	35	200	standardized log10 mean-expression + standardized logit detection; no bins; no replacement within program	20260829	FALSE
Wu_Zenodo_19123188	RANDOM_479	ARHGAP30;ADCY3;MAP3K7CL;ADGRE2;ADARB1;SNTB2;CD38;RCBTB2;SLA;ATP8A1;PURA;USF1;REV1;CSRP1;MGAT1;ARF1;MGAT4A;MPHOSPH6;SNED1;IL1RN;CACUL1;MMD;FKBP9;ITGA9;DGKA;ANO3;CYSLTR2;HGFAC;GABBR1;FGF7;HACD4;CASS4;FOXC1;RHPN1;CATSPERG	-0.105229583458825	0.234844463122792	0.136545734467442	0.326309322190666	35	200	standardized log10 mean-expression + standardized logit detection; no bins; no replacement within program	20260829	FALSE
Wu_Zenodo_19123188	RANDOM_480	SLC17A2;CALHM2;EMB;IDO2;IL2RA;REPIN1;NEXN;EPG5;F10;AGAP2;ATG13;SGK3;NKTR;RNF130;HERPUD1;PDIA3;GALK1;NAIF1;EFCAB2;DCK;TMEM120A;ZBTB25;AKIP1;TSPAN8;HMCN1;SPATA31A1;NEK11;AKR1D1;TMOD1;PDZK1IP1;USP17L3;CTSW;MT1M;GUCY1A2;CCR2	-0.0745241331300208	0.165074153248077	0.136545734467442	0.326309322190666	35	200	standardized log10 mean-expression + standardized logit detection; no bins; no replacement within program	20260829	FALSE
Wu_Zenodo_19123188	RANDOM_481	ANGPTL8;MCTP1;REC8;SORCS2;CD83;MCF2L;EIF1AY;PLD2;B4GALT5;EDNRA;LIMD1;VCAM1;GTPBP1;ITGB1;MYLK;SUMO3;COQ8A;ZNF438;MID2;KDM5B;CLMN;RORC;KRI1;CAVIN3;PFN2;SUMO4;SYTL5;ASPN;MYLIP;COL12A1;MCUB;GPR4;FZD1;RIPOR2;RIC3	-0.0857141152350102	0.257361297168942	0.136545734467442	0.326309322190666	35	200	standardized log10 mean-expression + standardized logit detection; no bins; no replacement within program	20260829	FALSE
Wu_Zenodo_19123188	RANDOM_482	HEYL;ATP2A3;KPNA5;PDE5A;GBGT1;RFX5;ATP10A;DDX60;RIN3;ABCA9;NFIX;RETREG2;SMARCD2;KLF6;TNS3;TYMP;CSGALNACT2;ITGB3;NDUFAF2;IGFLR1;DNM1L;PIP4K2A;RILPL2;FGD3;RELT;GPR150;MGAM;C2orf72;LRRC25;TIE1;SH2D1A;FZD8;KLRB1;SLIT2;GPIHBP1	-0.111810248396521	0.217593434842877	0.136545734467442	0.326309322190666	35	200	standardized log10 mean-expression + standardized logit detection; no bins; no replacement within program	20260829	FALSE
Wu_Zenodo_19123188	RANDOM_483	RNF135;TESC;CASTOR1;HAGHL;VPS37C;MYO1D;FGD3;IL33;ABCD3;B3GNT9;TXNDC15;RHOT2;PSMA4;SCP2;SEC11C;HTRA1;SLC35F6;WDR25;ANXA9;CSPP1;SSH1;ARHGEF6;TRAPPC11;SPINT2;SLC22A10;ZNF132;DEPDC1;GNB4;CALHM2;SLCO1B3;RARB;GPR174;NRARP;LY9;PTGER3	-0.112501557591299	0.214936028851535	0.136545734467442	0.326309322190666	35	200	standardized log10 mean-expression + standardized logit detection; no bins; no replacement within program	20260829	FALSE
Wu_Zenodo_19123188	RANDOM_484	KIAA0513;HIC1;BTBD19;ETV1;MAPK12;SLC38A1;TGFB3;ULK4;VCAM1;PAMR1;KEAP1;ZBED1;SPNS1;PDK4;ATP1B1;MYO1B;RCN1;PHETA1;SNN;PCNX3;CKLF;GFOD1;MON1B;TRAF3IP3;ANK3;TIFAB;FAM24B;S100A9;MYO1G;ITK;PDZRN3;ST6GALNAC3;ADA;KNTC1;KBTBD11	-0.0403738493693191	0.231632841726674	0.136545734467442	0.326309322190666	35	200	standardized log10 mean-expression + standardized logit detection; no bins; no replacement within program	20260829	FALSE
Wu_Zenodo_19123188	RANDOM_485	PBX1;SVEP1;HOMER1;MAPK11;BMF;ZDHHC9;KIF12;GLCCI1;PIM3;FIBIN;HDAC1;USF1;TCEAL4;PTTG1IP;ECI2;HSPD1;CCT3;ZNF343;CAPRIN2;SLC25A42;ARPC1A;GABRE;NSDHL;TRPS1;SEMA4D;SCUBE1;MLF1;PLGLB2;NR4A3;TTC36;RTN1;GTSF1;RASL11A;INAFM2;RIC3	-0.0130243512618908	0.192469236796529	0.136545734467442	0.326309322190666	35	200	standardized log10 mean-expression + standardized logit detection; no bins; no replacement within program	20260829	FALSE
Wu_Zenodo_19123188	RANDOM_486	DCDC2;CLEC7A;TENM1;HOXB3;FOXC1;STAP2;RELT;MYO10;SERINC2;HOPX;KHNYN;PEAK1;PHC3;PTMS;SMAP2;PDIA3;CCDC85B;RAB3D;PJA1;IL1RN;FXYD6;GPALPP1;SPRY2;MYO5A;FLI1;ANKRD34A;B3GALT2;PGGHG;OLFML2B;PDZK1IP1;SLIT2;ETV4;PRICKLE2;LY9;HIST1H2BH	-0.105907924344785	0.23600775699894	0.136545734467442	0.326309322190666	35	200	standardized log10 mean-expression + standardized logit detection; no bins; no replacement within program	20260829	FALSE
Wu_Zenodo_19123188	RANDOM_487	DGKH;HSPB8;GPX8;ETV1;PRICKLE2;BIRC3;HEYL;GUCY1B1;GYPC;TGFB2;CCNK;PARP4;HMGN3;COL4A2;HNRNPUL2;UQCRB;PGGHG;P2RY11;DCAF15;SOGA1;NCK1;KCTD10;KDM5B;IKZF3;MMP11;TMEM121;BAALC;MSR1;ADGRG1;FUT4;CELSR1;RETREG1;GREB1;ATP8A1;KIF27	-0.124537594189632	0.323164118882791	0.136545734467442	0.326309322190666	35	200	standardized log10 mean-expression + standardized logit detection; no bins; no replacement within program	20260829	FALSE
Wu_Zenodo_19123188	RANDOM_488	APOBR;CAVIN3;HELB;LAT2;FOXM1;CYP4F11;SELPLG;OAT;MASP1;ZNF124;EIF2AK2;ATPAF1;APPL1;KLF9;VPS28;CHPT1;FRMD4A;NME7;KIFC2;MEF2C;PTPN23;TTLL3;OBSL1;MMP19;PLEK;FAM110D;CYB5D1;SCPEP1;ADAMTS4;PLAGL1;FGF2;LPL;ULK3;NLRP3;TMEM82	-0.0770120118680332	0.170470965064891	0.136545734467442	0.326309322190666	35	200	standardized log10 mean-expression + standardized logit detection; no bins; no replacement within program	20260829	FALSE
Wu_Zenodo_19123188	RANDOM_489	CDH13;IL16;EPPK1;SEC31B;ANGPTL1;MVK;SMIM3;PPP1R16B;RGS2;SLIT2;POLD2;EXOC3;PAM16;RAB5C;PEA15;CALU;DCTN3;DCHS1;MOCOS;FAM160B2;CACUL1;ANP32E;PSKH1;LMOD1;PLIN4;CPLX2;SPAAR;AKR1C3;SLC6A6;MEIS1;CD5;DPEP2;UAP1L1;MMP23B;MN1	-0.113143646731801	0.228461749298615	0.136545734467442	0.326309322190666	35	200	standardized log10 mean-expression + standardized logit detection; no bins; no replacement within program	20260829	FALSE
Wu_Zenodo_19123188	RANDOM_490	DOK2;SLC6A6;VWA5A;ZSWIM4;GNAO1;NABP1;MXD1;MYO10;PLIN5;SLC2A5;SLC33A1;PLA2G12A;TMBIM4;CIRBP;SAT2;KCTD12;MGAT4A;SCN9A;GMEB1;IL1RN;AQP3;ESRP2;SMURF2;MARVELD1;FCGR2B;TUB;CLNK;F10;CDH13;OTULINL;MAP3K12;SIRPB2;HILPDA;TMEM91;TRIM31	-0.115265552361985	0.203934872958382	0.136545734467442	0.326309322190666	35	200	standardized log10 mean-expression + standardized logit detection; no bins; no replacement within program	20260829	FALSE
Wu_Zenodo_19123188	RANDOM_491	APOBR;HEYL;A4GALT;ARMCX2;NGFR;GCKR;PAPLN;SMAD6;C1orf198;EMCN;MMAB;EEA1;IVNS1ABP;TMEM176A;EIF3B;ORMDL3;ACOT12;ZNF438;MOCOS;IL1RN;UBE2A;SLC31A2;DBP;HSPB8;TRPV2;PCDHB12;SPACA9;F10;CCDC88C;HSPA2;SLC16A10;STMN2;CARD11;MAPK10;EVC2	-0.0926710952233975	0.229202118693862	0.136545734467442	0.326309322190666	35	200	standardized log10 mean-expression + standardized logit detection; no bins; no replacement within program	20260829	FALSE
Wu_Zenodo_19123188	RANDOM_492	MAPK13;HCK;JAG2;ITGB7;MILR1;ADHFE1;ALOX5AP;MAP2;AK4;SPINT1;TRIM25;DMTF1;UPF1;WNK1;NDUFV1;AURKAIP1;ZFC3H1;ZNF605;ASB3;CSTA;RBM15;B3GAT3;TUBB2A;NUSAP1;EFEMP2;RAB38;PYGO1;GOLM1;LDHB;LRRC8C;GNLY;LYL1;OLFML2A;P2RX7;TRDMT1	-0.0596011164464692	0.211430367976225	0.136545734467442	0.326309322190666	35	200	standardized log10 mean-expression + standardized logit detection; no bins; no replacement within program	20260829	FALSE
Wu_Zenodo_19123188	RANDOM_493	MXD1;FGR;PDE3A;SOX6;INAFM2;PTP4A3;LILRB5;OTULINL;PSAT1;FMO2;FRMD4A;FLCN;CDK13;CALR;DAP;CRYL1;CREBRF;NAIF1;SAYSD1;FRK;PDE3B;CTTNBP2NL;PNPLA6;ECM1;KDM5D;SMIM6;ANO3;COL5A2;TNFSF13B;MSC;COL8A2;NRGN;SLC7A1;UAP1L1;SAPCD2	-0.08976893003661	0.192710948290305	0.136545734467442	0.326309322190666	35	200	standardized log10 mean-expression + standardized logit detection; no bins; no replacement within program	20260829	FALSE
Wu_Zenodo_19123188	RANDOM_494	TP53I11;TNFSF13B;MAPK10;NAP1L5;ADARB1;PREX1;RBP7;PHYHD1;TNFRSF1B;SLC25A12;SLC44A2;PABPC1L;IMP4;MS4A7;NFIL3;APOL6;PLIN2;SYNGR1;SLC26A11;LMTK2;REST;RBMS3;CADPS2;KRT23;MCTP1;GALNT8;TMEM163;KCNAB2;GIMAP1;VEGFC;ARL10;DPEP2;SPATA33;TRERF1;HRH1	-0.0502565315682424	0.217932282001408	0.136545734467442	0.326309322190666	35	200	standardized log10 mean-expression + standardized logit detection; no bins; no replacement within program	20260829	FALSE
Wu_Zenodo_19123188	RANDOM_495	VNN2;NXT2;CHST9;GTSF1;LOXL4;PXDN;DIPK1B;TSPAN15;MTTP;ZSWIM4;THOC7;SF3B3;BRD1;PSME1;TNS3;SSR2;PLEKHO2;FANCL;NRF1;S100PBP;CSF1;NSMAF;FAM136A;AKR1B10;CD5L;ITGA8;SPAAR;ACMSD;DOCK11;SOX9;MAP3K12;KIF26B;OLFML2A;LILRB1;FAM124A	-0.0558381846383341	0.18357224605785	0.136545734467442	0.326309322190666	35	200	standardized log10 mean-expression + standardized logit detection; no bins; no replacement within program	20260829	FALSE
Wu_Zenodo_19123188	RANDOM_496	PDE4B;FRZB;SYTL3;OSBPL10;HAPLN3;EDNRB;CD96;B9D1;TGFBR1;AIF1L;ATIC;USP4;SP1;BGN;PIK3R1;TYMP;ZFAND2B;ABCA10;JADE2;DNAJB14;TDP2;RECQL;SMARCD1;HES4;ID4;PTCRA;ZNF709;CHSY1;KIAA0513;ZNF267;LRP12;HDAC9;SKAP1;HTRA3;CEP112	-0.0992337768877229	0.297895641849434	0.136545734467442	0.326309322190666	35	200	standardized log10 mean-expression + standardized logit detection; no bins; no replacement within program	20260829	FALSE
Wu_Zenodo_19123188	RANDOM_497	ATP10A;MARVELD1;BTK;CCDC146;ENDOD1;RFX5;KRT23;POLD3;LACTB2;EGFL8;PPP1R12A;SH3BP4;SPATA20;B4GALT1;RNASE4;SDHB;GBP1;DDX51;ZBED5;MAGI1;TRAPPC10;LDB2;CCL15;PBX1;EPSTI1;TPBGL;NEBL;PTK2B;GIMAP1;MRVI1;SSPN;COX7B2;BCL6B;STON1;ROR1	-0.0663942511658773	0.235101881810655	0.136545734467442	0.326309322190666	35	200	standardized log10 mean-expression + standardized logit detection; no bins; no replacement within program	20260829	FALSE
Wu_Zenodo_19123188	RANDOM_498	GLT1D1;CD72;STC2;CD226;MPZ;ARHGEF2;MAPK13;EZH2;OTC;MAPK10;WWP1;IVNS1ABP;CDC5L;CTNND1;FXYD5;VKORC1;AGO2;B4GALT4;PAFAH1B3;IDUA;DDX39A;CSPP1;PALMD;PLAU;OAS3;PTCRA;TREH;KCNAB2;SP140;EFHD1;GDPD5;RAB30;PDGFD;NPNT;RASL12	-0.0914480549873155	0.212026066745623	0.136545734467442	0.326309322190666	35	200	standardized log10 mean-expression + standardized logit detection; no bins; no replacement within program	20260829	FALSE
Wu_Zenodo_19123188	RANDOM_499	LOX;HEYL;SRPX;RNF144A;LOXL4;PRKCD;CD5L;DIXDC1;CGNL1;FKBP1B;GALM;VPS26B;CDC5L;ACSL1;GCLC;ORMDL3;PCED1A;YEATS4;RAD1;NMT2;TSPAN6;CASP7;CTBP2;MT1F;FRZB;KLF8;PIK3R6;FYB1;VGLL3;BCHE;OGN;MEX3B;A4GALT;LY9;PAQR8	-0.0737419129546578	0.202834405394663	0.136545734467442	0.326309322190666	35	200	standardized log10 mean-expression + standardized logit detection; no bins; no replacement within program	20260829	FALSE
Wu_Zenodo_19123188	RANDOM_500	ADAM8;MLKL;FOXM1;ITGB7;HKDC1;GCKR;IL18;PALD1;TNFAIP2;GALNT7;EMC3;AGO2;MGRN1;SDF4;IER2;ENG;TMEM141;ADAL;FAM222B;ZADH2;CRTC3;GRK5;MTHFR;ANK3;FCN3;SIDT1;ZNF419;GNB4;ARHGAP30;SPECC1;SPINT1;RRAD;EMB;APH1B;FIGNL2	-0.0276451034685576	0.229950362048696	0.136545734467442	0.326309322190666	35	200	standardized log10 mean-expression + standardized logit detection; no bins; no replacement within program	20260829	FALSE
