program_id	g_ERP	g_GSE	mean_g	min_g	both_positive	both_ge_corresponding_AF35
AF35	0.869215645771505	0.751586410140703	0.810401027956104	0.751586410140703	True	True
RANDOM_0001	0.212087627449604	0.215686438747523	0.2138870330985635	0.212087627449604	True	False
RANDOM_0002	0.444736721961738	0.0185107959979566	0.2316237589798473	0.0185107959979566	True	False
RANDOM_0003	0.083539887272866	-0.0672436810210227	0.008148103125921652	-0.0672436810210227	False	False
RANDOM_0004	-0.052391907249859	0.102743954190136	0.0251760234701385	-0.052391907249859	False	False
RANDOM_0005	0.155940288530783	-0.0447675091390129	0.05558638969588506	-0.0447675091390129	False	False
RANDOM_0006	0.445210798688886	0.400145784784518	0.422678291736702	0.400145784784518	True	False
RANDOM_0007	0.364016255537372	0.361497945136689	0.36275710033703046	0.361497945136689	True	False
RANDOM_0008	0.201259289833106	0.0234430637526622	0.1123511767928841	0.0234430637526622	True	False
RANDOM_0009	0.439799690681301	0.218479625698898	0.3291396581900995	0.218479625698898	True	False
RANDOM_0010	-0.0020346057541396	0.19011184379812	0.09403861902199019	-0.0020346057541396	False	False
RANDOM_0011	-0.231298025484731	0.165396641951166	-0.0329506917667825	-0.231298025484731	False	False
RANDOM_0012	0.223984261730662	0.23667629344666	0.23033027758866098	0.223984261730662	True	False
RANDOM_0013	0.549792834559749	0.099397855065665	0.324595344812707	0.099397855065665	True	False
RANDOM_0014	0.112791612030102	0.120931564761315	0.11686158839570851	0.112791612030102	True	False
RANDOM_0015	0.0418800334572979	0.0957016369557964	0.06879083520654715	0.0418800334572979	True	False
RANDOM_0016	0.380367059027862	0.0409678924882027	0.21066747575803235	0.0409678924882027	True	False
RANDOM_0017	-0.204767101936968	-0.0548998944189263	-0.12983349817794715	-0.204767101936968	False	False
RANDOM_0018	-0.0771312576984214	-0.100729921809531	-0.08893058975397619	-0.100729921809531	False	False
RANDOM_0019	-0.0082359557380568	-0.0414915964167238	-0.0248637760773903	-0.0414915964167238	False	False
RANDOM_0020	-0.347421923435079	0.398638565556631	0.025608321060776013	-0.347421923435079	False	False
RANDOM_0021	-0.022027339101523	0.160536712099479	0.06925468649897801	-0.022027339101523	False	False
RANDOM_0022	0.550537275611766	0.158178332272367	0.3543578039420665	0.158178332272367	True	False
RANDOM_0023	-0.0708333358459466	0.0516570781013164	-0.0095881288723151	-0.0708333358459466	False	False
RANDOM_0024	0.0545940015956529	0.0833351805363728	0.06896459106601285	0.0545940015956529	True	False
RANDOM_0025	0.139381469270104	0.327195335680351	0.23328840247522747	0.139381469270104	True	False
RANDOM_0026	0.294440820294339	0.0449086585158857	0.16967473940511235	0.0449086585158857	True	False
RANDOM_0027	0.130130518206724	-0.0230649373162749	0.05353279044522455	-0.0230649373162749	False	False
RANDOM_0028	0.322410197420659	0.0388809948571307	0.18064559613889486	0.0388809948571307	True	False
RANDOM_0029	0.264000132460179	0.192906150693373	0.228453141576776	0.192906150693373	True	False
RANDOM_0030	0.306970307992622	0.239547882753789	0.2732590953732055	0.239547882753789	True	False
RANDOM_0031	0.288654615667087	0.0741084344117153	0.18138152503940114	0.0741084344117153	True	False
RANDOM_0032	0.136531343356412	0.310640445301599	0.2235858943290055	0.136531343356412	True	False
RANDOM_0033	-0.125290708073943	0.421405266612893	0.148057279269475	-0.125290708073943	False	False
RANDOM_0034	0.58185470958272	0.301952246769117	0.4419034781759185	0.301952246769117	True	False
RANDOM_0035	0.107455057324764	0.205245068882108	0.156350063103436	0.107455057324764	True	False
RANDOM_0036	0.258061673926032	0.268376643417403	0.2632191586717175	0.258061673926032	True	False
RANDOM_0037	0.463039713636368	0.359607308687262	0.411323511161815	0.359607308687262	True	False
RANDOM_0038	0.23584706988077	0.101588745829421	0.1687179078550955	0.101588745829421	True	False
RANDOM_0039	0.322469584980718	0.0970818436857057	0.20977571433321185	0.0970818436857057	True	False
RANDOM_0040	0.272921336063412	0.0845839484774047	0.17875264227040835	0.0845839484774047	True	False
RANDOM_0041	0.341418629486377	0.064071914189834	0.2027452718381055	0.064071914189834	True	False
RANDOM_0042	0.366956251215235	0.005286487027266	0.1861213691212505	0.005286487027266	True	False
RANDOM_0043	0.420137952103919	0.148044690957188	0.2840913215305535	0.148044690957188	True	False
RANDOM_0044	0.199596762132954	-0.189085179122502	0.005255791505225996	-0.189085179122502	False	False
RANDOM_0045	0.209628838652929	-0.177631595307585	0.015998621672672006	-0.177631595307585	False	False
RANDOM_0046	0.245462235960604	0.186374906593692	0.215918571277148	0.186374906593692	True	False
RANDOM_0047	0.430697307087132	0.0451196769875071	0.23790849203731956	0.0451196769875071	True	False
RANDOM_0048	0.283360709865151	0.187782076868784	0.2355713933669675	0.187782076868784	True	False
RANDOM_0049	0.214781815163427	-0.0249037188569551	0.09493904815323595	-0.0249037188569551	False	False
RANDOM_0050	-0.256914697126136	0.143120111855062	-0.056897292635537014	-0.256914697126136	False	False
RANDOM_0051	0.481254522321614	0.211049617297505	0.3461520698095595	0.211049617297505	True	False
RANDOM_0052	0.553638431465067	-0.214822402292008	0.1694080145865295	-0.214822402292008	False	False
RANDOM_0053	0.0123338960182081	0.0410368155284277	0.0266853557733179	0.0123338960182081	True	False
RANDOM_0054	0.26851639249333	0.149477554695091	0.2089969735942105	0.149477554695091	True	False
RANDOM_0055	-0.0342135232362011	0.135515381643208	0.05065092920350345	-0.0342135232362011	False	False
RANDOM_0056	0.163989960103211	-0.0325576365897008	0.0657161617567551	-0.0325576365897008	False	False
RANDOM_0057	0.405352163085637	0.185736352612756	0.29554425784919647	0.185736352612756	True	False
RANDOM_0058	-0.0347754522382134	0.557122828986032	0.2611736883739093	-0.0347754522382134	False	False
RANDOM_0059	0.421509049009547	0.216082562658363	0.318795805833955	0.216082562658363	True	False
RANDOM_0060	0.0634598997646182	-0.01309303333097	0.025183433216824102	-0.01309303333097	False	False
RANDOM_0061	0.0619378873769041	-0.231907332374501	-0.08498472249879846	-0.231907332374501	False	False
RANDOM_0062	0.114958828923205	0.0989769623196224	0.1069678956214137	0.0989769623196224	True	False
RANDOM_0063	-0.141401750466763	0.0144637937030473	-0.06346897838185786	-0.141401750466763	False	False
RANDOM_0064	0.605471862785583	0.120969462421014	0.3632206626032985	0.120969462421014	True	False
RANDOM_0065	0.330875525663315	0.262502619935778	0.2966890727995465	0.262502619935778	True	False
RANDOM_0066	0.138006046223505	0.225038902282923	0.181522474253214	0.138006046223505	True	False
RANDOM_0067	-0.221302019433868	0.192604574022589	-0.014348722705639513	-0.221302019433868	False	False
RANDOM_0068	0.27833019614185	0.0177404913669677	0.14803534375440885	0.0177404913669677	True	False
RANDOM_0069	-0.287591766993127	0.0835606693867041	-0.10201554880321145	-0.287591766993127	False	False
RANDOM_0070	0.570802749894554	0.0821437472506355	0.32647324857259474	0.0821437472506355	True	False
RANDOM_0071	0.419437350509517	0.137189232636304	0.2783132915729105	0.137189232636304	True	False
RANDOM_0072	0.260641166410331	-0.0251756833289704	0.11773274154068031	-0.0251756833289704	False	False
RANDOM_0073	0.256448667037501	0.165993917668189	0.211221292352845	0.165993917668189	True	False
RANDOM_0074	0.768312896193633	0.0477495443897958	0.4080312202917144	0.0477495443897958	True	False
RANDOM_0075	0.51531562283572	0.177267095232483	0.34629135903410146	0.177267095232483	True	False
RANDOM_0076	0.312736086768519	0.175219557615883	0.243977822192201	0.175219557615883	True	False
RANDOM_0077	0.0973997291933756	-0.0937998814116738	0.0017999238908509019	-0.0937998814116738	False	False
RANDOM_0078	0.374255210395012	-0.239263034941704	0.06749608772665398	-0.239263034941704	False	False
RANDOM_0079	0.0640069944632509	-0.137998659783583	-0.03699583266016605	-0.137998659783583	False	False
RANDOM_0080	-0.561207632130597	-0.216680010250705	-0.38894382119065096	-0.561207632130597	False	False
RANDOM_0081	-0.934829724258615	0.0960421504738151	-0.4193937868923999	-0.934829724258615	False	False
RANDOM_0082	0.374147944400638	0.26848550211642	0.321316723258529	0.26848550211642	True	False
RANDOM_0083	0.441688829783132	-0.193969578115814	0.123859625833659	-0.193969578115814	False	False
RANDOM_0084	0.245433965866118	0.301819607293337	0.2736267865797275	0.245433965866118	True	False
RANDOM_0085	0.446432029734302	0.1855202024143	0.315976116074301	0.1855202024143	True	False
RANDOM_0086	0.417278992034678	0.0253940805570844	0.2213365362958812	0.0253940805570844	True	False
RANDOM_0087	0.238950172266466	0.212152166512265	0.2255511693893655	0.212152166512265	True	False
RANDOM_0088	-0.0149396434878591	0.026501054761662	0.0057807056369014505	-0.0149396434878591	False	False
RANDOM_0089	0.15244091249362	0.0071590783209775	0.07979999540729875	0.0071590783209775	True	False
RANDOM_0090	0.197042560149465	0.199917530988234	0.19848004556884952	0.197042560149465	True	False
RANDOM_0091	-0.231820173922907	0.265373330611052	0.016776578344072507	-0.231820173922907	False	False
RANDOM_0092	0.490269418672616	0.129163724934104	0.30971657180336	0.129163724934104	True	False
RANDOM_0093	-0.343761870730417	0.167576187309734	-0.08809284171034149	-0.343761870730417	False	False
RANDOM_0094	0.263975686866606	-0.128714015005658	0.067630835930474	-0.128714015005658	False	False
RANDOM_0095	0.634907154538757	0.248288173376514	0.4415976639576355	0.248288173376514	True	False
RANDOM_0096	0.192148641774229	0.177441146927641	0.184794894350935	0.177441146927641	True	False
RANDOM_0097	-0.111790577067348	-0.243146657383835	-0.1774686172255915	-0.243146657383835	False	False
RANDOM_0098	0.0322616005301828	-0.010693938415747	0.010783831057217901	-0.010693938415747	False	False
RANDOM_0099	0.350443155178356	0.292536065387003	0.3214896102826795	0.292536065387003	True	False
RANDOM_0100	0.417598711382928	0.0534681158351829	0.23553341360905544	0.0534681158351829	True	False
RANDOM_0101	0.454351379316719	0.137749821163664	0.2960506002401915	0.137749821163664	True	False
RANDOM_0102	0.490108367042113	-0.0312875058346901	0.22941043060371147	-0.0312875058346901	False	False
RANDOM_0103	0.293924846733833	0.169988342597156	0.2319565946654945	0.169988342597156	True	False
RANDOM_0104	0.243472834105485	-0.0374856168038927	0.10299360865079615	-0.0374856168038927	False	False
RANDOM_0105	0.282388300587023	0.201979786192352	0.24218404338968752	0.201979786192352	True	False
RANDOM_0106	-0.202164520595165	0.233744117050069	0.01578979822745201	-0.202164520595165	False	False
RANDOM_0107	0.451920255675744	0.30021287641128	0.376066566043512	0.30021287641128	True	False
RANDOM_0108	0.649300589775451	0.197067060423511	0.423183825099481	0.197067060423511	True	False
RANDOM_0109	0.621782407719366	0.183915862955061	0.4028491353372135	0.183915862955061	True	False
RANDOM_0110	0.500769860065108	0.471776301839019	0.4862730809520635	0.471776301839019	True	False
RANDOM_0111	0.118231310011943	0.315567365990986	0.2168993380014645	0.118231310011943	True	False
RANDOM_0112	0.180020820672223	0.121400287253297	0.15071055396276	0.121400287253297	True	False
RANDOM_0113	0.514467296570453	0.17377602217582	0.3441216593731365	0.17377602217582	True	False
RANDOM_0114	0.487310769833794	0.0550864120490926	0.27119859094144333	0.0550864120490926	True	False
RANDOM_0115	0.402152579838223	0.0900562450416349	0.24610441243992895	0.0900562450416349	True	False
RANDOM_0116	-0.0919833050910471	0.378796918381879	0.14340680664541594	-0.0919833050910471	False	False
RANDOM_0117	-0.0275247813839978	0.197008268968543	0.0847417437922726	-0.0275247813839978	False	False
RANDOM_0118	0.456019555503341	0.0134066766895391	0.23471311609644005	0.0134066766895391	True	False
RANDOM_0119	0.397648112487017	0.102697570848472	0.2501728416677445	0.102697570848472	True	False
RANDOM_0120	0.127067176175465	-0.191802800344734	-0.03236781208463449	-0.191802800344734	False	False
RANDOM_0121	0.0412245969096619	0.422686911055804	0.23195575398273297	0.0412245969096619	True	False
RANDOM_0122	0.317005982927983	0.0574092715365355	0.18720762723225925	0.0574092715365355	True	False
RANDOM_0123	0.116207012177811	0.115382348215787	0.115794680196799	0.115382348215787	True	False
RANDOM_0124	-0.439845658095977	-0.272437800365059	-0.356141729230518	-0.439845658095977	False	False
RANDOM_0125	0.151687407819973	0.0454450038469445	0.09856620583345875	0.0454450038469445	True	False
RANDOM_0126	0.23370555718439	0.297425986602813	0.26556577189360153	0.23370555718439	True	False
RANDOM_0127	0.328839017362858	0.177528332702964	0.253183675032911	0.177528332702964	True	False
RANDOM_0128	0.700079646712598	0.146789904618742	0.42343477566567	0.146789904618742	True	False
RANDOM_0129	0.170177577145661	0.238949329960222	0.2045634535529415	0.170177577145661	True	False
RANDOM_0130	-0.179087367701326	0.0821233494260572	-0.048482009137634396	-0.179087367701326	False	False
RANDOM_0131	0.167640608486731	0.32628551780006	0.2469630631433955	0.167640608486731	True	False
RANDOM_0132	0.666164637426336	0.190883387668616	0.428524012547476	0.190883387668616	True	False
RANDOM_0133	0.382177845058463	-0.106164612116102	0.13800661647118048	-0.106164612116102	False	False
RANDOM_0134	0.722858588011335	0.195574319123684	0.4592164535675095	0.195574319123684	True	False
RANDOM_0135	0.418763984142009	0.191799926025321	0.305281955083665	0.191799926025321	True	False
RANDOM_0136	0.360667513018203	0.0238765002242666	0.19227200662123478	0.0238765002242666	True	False
RANDOM_0137	0.321081988133375	-0.0919199509627972	0.11458101858528891	-0.0919199509627972	False	False
RANDOM_0138	0.188976646137797	0.178953592509154	0.18396511932347548	0.178953592509154	True	False
RANDOM_0139	0.295169809261768	0.155672791443274	0.225421300352521	0.155672791443274	True	False
RANDOM_0140	0.22439614681397	0.0844958411845641	0.15444599399926706	0.0844958411845641	True	False
RANDOM_0141	-0.23083454053543	0.323114300920176	0.046139880192373	-0.23083454053543	False	False
RANDOM_0142	0.347818910517304	-0.005669517818563	0.1710746963493705	-0.005669517818563	False	False
RANDOM_0143	0.119140570796492	0.134089772238037	0.1266151715172645	0.119140570796492	True	False
RANDOM_0144	0.306109850399792	0.204808164352975	0.2554590073763835	0.204808164352975	True	False
RANDOM_0145	-0.0100323977685859	-0.0431277540331199	-0.0265800759008529	-0.0431277540331199	False	False
RANDOM_0146	-0.0075980151832002	0.140774858885618	0.0665884218512089	-0.0075980151832002	False	False
RANDOM_0147	0.704190357806385	0.14869204804375	0.4264412029250675	0.14869204804375	True	False
RANDOM_0148	0.345045684062818	0.0893667122540923	0.21720619815845515	0.0893667122540923	True	False
RANDOM_0149	-0.322118979781007	0.219574114039353	-0.051272432870827	-0.322118979781007	False	False
RANDOM_0150	0.356127532570092	0.0288626624620789	0.19249509751608546	0.0288626624620789	True	False
RANDOM_0151	-0.0123748625926136	0.0551084271898364	0.0213667822986114	-0.0123748625926136	False	False
RANDOM_0152	0.354691087310848	-0.11438093148072	0.120155077915064	-0.11438093148072	False	False
RANDOM_0153	-0.203397850132158	-0.0996412990529283	-0.15151957459254314	-0.203397850132158	False	False
RANDOM_0154	-0.0964282471494776	0.117318967753444	0.010445360301983196	-0.0964282471494776	False	False
RANDOM_0155	-0.31779778972595	0.0079744397078883	-0.15491167500903086	-0.31779778972595	False	False
RANDOM_0156	0.665476611836584	0.0609303604638353	0.36320348615020964	0.0609303604638353	True	False
RANDOM_0157	0.224786530643529	0.180853780291663	0.202820155467596	0.180853780291663	True	False
RANDOM_0158	0.59048257028717	0.360429178573017	0.4754558744300935	0.360429178573017	True	False
RANDOM_0159	-0.0311457585379036	0.0006495568030391	-0.01524810086743225	-0.0311457585379036	False	False
RANDOM_0160	0.214115483214143	-0.0686088454350895	0.07275331888952676	-0.0686088454350895	False	False
RANDOM_0161	0.409488909097185	0.116366156514709	0.262927532805947	0.116366156514709	True	False
RANDOM_0162	0.40744690560308	-0.0359627094023702	0.1857420981003549	-0.0359627094023702	False	False
RANDOM_0163	0.0610866943762991	0.155652612729094	0.10836965355269655	0.0610866943762991	True	False
RANDOM_0164	0.354848302198251	0.278125121067973	0.316486711633112	0.278125121067973	True	False
RANDOM_0165	0.617792257457749	-0.0028339450208517	0.3074791562184487	-0.0028339450208517	False	False
RANDOM_0166	-0.328325250031827	0.0587817324417394	-0.1347717587950438	-0.328325250031827	False	False
RANDOM_0167	0.0651168307809763	0.303285048273073	0.18420093952702465	0.0651168307809763	True	False
RANDOM_0168	-0.0812985491765191	-0.109700572881943	-0.09549956102923104	-0.109700572881943	False	False
RANDOM_0169	0.152915053900924	0.256153995260572	0.204534524580748	0.152915053900924	True	False
RANDOM_0170	0.243297402578443	0.464538312012267	0.35391785729535497	0.243297402578443	True	False
RANDOM_0171	0.243317744140323	0.212811532338486	0.22806463823940448	0.212811532338486	True	False
RANDOM_0172	-0.575771118150371	-0.0023992971117328	-0.2890852076310519	-0.575771118150371	False	False
RANDOM_0173	0.545101885790075	0.0791436511765726	0.3121227684833238	0.0791436511765726	True	False
RANDOM_0174	0.158047751599588	0.395050682861277	0.27654921723043246	0.158047751599588	True	False
RANDOM_0175	-0.0437036527431096	0.187662642691061	0.07197949497397571	-0.0437036527431096	False	False
RANDOM_0176	-0.0794101226559691	0.0110513348228814	-0.03417939391654385	-0.0794101226559691	False	False
RANDOM_0177	-0.0150915587484011	0.152127725009507	0.06851808313055295	-0.0150915587484011	False	False
RANDOM_0178	0.297585201172964	0.0206042977878828	0.1590947494804234	0.0206042977878828	True	False
RANDOM_0179	-0.255368714299521	-0.005057283995526	-0.13021299914752352	-0.255368714299521	False	False
RANDOM_0180	0.637746219062619	-0.0783710898809476	0.27968756459083566	-0.0783710898809476	False	False
RANDOM_0181	-0.0185313869089619	0.0637442014662655	0.022606407278651798	-0.0185313869089619	False	False
RANDOM_0182	0.706022716893846	0.0006601659231805	0.35334144140851326	0.0006601659231805	True	False
RANDOM_0183	-0.539609272546634	0.0259145997844195	-0.2568473363811073	-0.539609272546634	False	False
RANDOM_0184	0.281867644475095	0.0355617875255806	0.1587147160003378	0.0355617875255806	True	False
RANDOM_0185	0.66981070776169	0.230589469519306	0.45020008864049804	0.230589469519306	True	False
RANDOM_0186	-0.196941849231495	0.0306513153479558	-0.0831452669417696	-0.196941849231495	False	False
RANDOM_0187	-0.101819853484367	-0.0688088144674919	-0.08531433397592945	-0.101819853484367	False	False
RANDOM_0188	0.374756390704919	0.250761489692721	0.31275894019882	0.250761489692721	True	False
RANDOM_0189	-0.058801723804471	0.26626036524008	0.10372932071780451	-0.058801723804471	False	False
RANDOM_0190	0.37473783539923	0.0913190196389615	0.23302842751909575	0.0913190196389615	True	False
RANDOM_0191	0.450803120064033	-0.120284062222778	0.1652595289206275	-0.120284062222778	False	False
RANDOM_0192	-0.353855878484515	0.0844853219744549	-0.13468527825503004	-0.353855878484515	False	False
RANDOM_0193	0.468790375762058	0.170555381275631	0.3196728785188445	0.170555381275631	True	False
RANDOM_0194	0.226445009825919	0.194922599315367	0.210683804570643	0.194922599315367	True	False
RANDOM_0195	0.094944638210868	-0.0744026645400742	0.0102709868353969	-0.0744026645400742	False	False
RANDOM_0196	-0.430294477737634	0.165748312377788	-0.132273082679923	-0.430294477737634	False	False
RANDOM_0197	0.108509797557221	0.308172915357604	0.2083413564574125	0.108509797557221	True	False
RANDOM_0198	0.756173115590017	-0.013515998206749	0.371328558691634	-0.013515998206749	False	False
RANDOM_0199	0.259976377876033	0.125387613970709	0.19268199592337099	0.125387613970709	True	False
RANDOM_0200	0.117240696477383	0.52546753492511	0.3213541157012465	0.117240696477383	True	False
RANDOM_0201	0.31764901467139	-0.102200130957501	0.1077244418569445	-0.102200130957501	False	False
RANDOM_0202	0.127090055488333	0.009932641127861	0.06851134830809699	0.009932641127861	True	False
RANDOM_0203	-0.112213955888501	0.038004160494513	-0.037104897696994	-0.112213955888501	False	False
RANDOM_0204	0.283834368269733	0.364399189634625	0.324116778952179	0.283834368269733	True	False
RANDOM_0205	0.336702899281942	0.0452114229522137	0.19095716111707786	0.0452114229522137	True	False
RANDOM_0206	-0.0743195670594294	0.223338395054816	0.07450941399769331	-0.0743195670594294	False	False
RANDOM_0207	-0.182334639767309	0.104260675132996	-0.03903698231715649	-0.182334639767309	False	False
RANDOM_0208	0.195812116302401	-0.0924406467958251	0.05168573475328795	-0.0924406467958251	False	False
RANDOM_0209	0.142028087302143	0.0654427460426587	0.10373541667240085	0.0654427460426587	True	False
RANDOM_0210	0.101337000317567	0.0569730204059305	0.07915501036174874	0.0569730204059305	True	False
RANDOM_0211	0.240611563049102	-0.0535657687687951	0.09352289714015345	-0.0535657687687951	False	False
RANDOM_0212	0.136543605861441	0.0730282765980332	0.10478594122973708	0.0730282765980332	True	False
RANDOM_0213	0.399120356461031	0.0513991504797626	0.2252597534703968	0.0513991504797626	True	False
RANDOM_0214	0.0796656954389057	0.21167618311587	0.14567093927738783	0.0796656954389057	True	False
RANDOM_0215	0.0606202997667128	-0.196857131424755	-0.0681184158290211	-0.196857131424755	False	False
RANDOM_0216	0.445218932269938	0.0890065454070299	0.26711273883848397	0.0890065454070299	True	False
RANDOM_0217	-0.0185030315657164	0.240511719889889	0.11100434416208631	-0.0185030315657164	False	False
RANDOM_0218	0.190091381424841	0.257285361480816	0.2236883714528285	0.190091381424841	True	False
RANDOM_0219	0.596454553447231	-0.0438803787985182	0.27628708732435636	-0.0438803787985182	False	False
RANDOM_0220	-0.0463024244047669	0.250586124518001	0.10214185005661705	-0.0463024244047669	False	False
RANDOM_0221	0.432728192890504	0.155513179047309	0.2941206859689065	0.155513179047309	True	False
RANDOM_0222	0.198983547562701	0.135432499862221	0.16720802371246102	0.135432499862221	True	False
RANDOM_0223	0.236934548050243	-0.0786657000522696	0.07913442399898671	-0.0786657000522696	False	False
RANDOM_0224	0.137698155885666	-0.0216067340273726	0.058045710929146704	-0.0216067340273726	False	False
RANDOM_0225	0.117022650485295	-0.134852670124579	-0.008915009819641995	-0.134852670124579	False	False
RANDOM_0226	0.617202546809766	0.283342231305262	0.450272389057514	0.283342231305262	True	False
RANDOM_0227	-0.185653980970672	0.16493559739022	-0.010359191790226	-0.185653980970672	False	False
RANDOM_0228	-0.0186634061321681	0.0770353189076233	0.0291859563877276	-0.0186634061321681	False	False
RANDOM_0229	0.18168862544007	-0.105683007753247	0.0380028088434115	-0.105683007753247	False	False
RANDOM_0230	0.272766102715372	0.263681365743097	0.2682237342292345	0.263681365743097	True	False
RANDOM_0231	0.110838999061848	0.462917018341672	0.28687800870176	0.110838999061848	True	False
RANDOM_0232	-0.540204756369055	0.0128686328268386	-0.2636680617711082	-0.540204756369055	False	False
RANDOM_0233	-0.0455604192808896	0.115429695181828	0.034934637950469194	-0.0455604192808896	False	False
RANDOM_0234	0.271026448845251	0.155366030061759	0.21319623945350502	0.155366030061759	True	False
RANDOM_0235	-0.16112801672478	0.371382242674586	0.10512711297490301	-0.16112801672478	False	False
RANDOM_0236	0.201541899918119	0.22114114080906	0.2113415203635895	0.201541899918119	True	False
RANDOM_0237	0.0119436084348866	0.175033652033651	0.0934886302342688	0.0119436084348866	True	False
RANDOM_0238	0.714555116302114	-0.0613015738041393	0.32662677124898737	-0.0613015738041393	False	False
RANDOM_0239	0.164348427121879	0.027393877667671	0.095871152394775	0.027393877667671	True	False
RANDOM_0240	0.36221631940653	0.221327698388628	0.291772008897579	0.221327698388628	True	False
RANDOM_0241	-0.132754213319122	0.502589568818323	0.1849176777496005	-0.132754213319122	False	False
RANDOM_0242	0.361583570277013	-0.173044213417895	0.094269678429559	-0.173044213417895	False	False
RANDOM_0243	-0.163488722370439	0.308375810235247	0.07244354393240401	-0.163488722370439	False	False
RANDOM_0244	-0.57614755091204	0.106709372670635	-0.23471908912070247	-0.57614755091204	False	False
RANDOM_0245	-0.0775210760323792	0.259882714022935	0.0911808189952779	-0.0775210760323792	False	False
RANDOM_0246	0.646862957034461	0.415933578787828	0.5313982679111444	0.415933578787828	True	False
RANDOM_0247	-0.143567194585506	0.310815712430661	0.08362425892257748	-0.143567194585506	False	False
RANDOM_0248	0.289141097641036	0.182007882651523	0.2355744901462795	0.182007882651523	True	False
RANDOM_0249	0.350765362757512	0.295856320911599	0.3233108418345555	0.295856320911599	True	False
RANDOM_0250	0.0138405747960053	-0.0566713611007523	-0.0214153931523735	-0.0566713611007523	False	False
RANDOM_0251	0.0137807137241645	-0.259656741010819	-0.12293801364332724	-0.259656741010819	False	False
RANDOM_0252	0.250887397112556	0.0672945000447772	0.1590909485786666	0.0672945000447772	True	False
RANDOM_0253	0.644294904471021	0.435290699186001	0.539792801828511	0.435290699186001	True	False
RANDOM_0254	0.0908125347500579	0.276105453871967	0.18345899431101245	0.0908125347500579	True	False
RANDOM_0255	-0.0082409062315805	0.14329078248497	0.06752493812669474	-0.0082409062315805	False	False
RANDOM_0256	0.442929251048703	-0.0162741110146936	0.2133275700170047	-0.0162741110146936	False	False
RANDOM_0257	-0.217996705251276	0.316286550065726	0.049144922407224984	-0.217996705251276	False	False
RANDOM_0258	0.120910617520163	-0.219050859551307	-0.049070121015571996	-0.219050859551307	False	False
RANDOM_0259	0.165897857895867	0.357733232026407	0.261815544961137	0.165897857895867	True	False
RANDOM_0260	-0.0504920967713597	0.154203944353673	0.051855923791156645	-0.0504920967713597	False	False
RANDOM_0261	0.207828068286724	0.073496364310317	0.1406622162985205	0.073496364310317	True	False
RANDOM_0262	0.424106265364887	0.273020401355626	0.34856333336025647	0.273020401355626	True	False
RANDOM_0263	-0.060206003472051	0.166635055686381	0.053214526107165004	-0.060206003472051	False	False
RANDOM_0264	-0.278296836524998	0.0402604011949471	-0.11901821766502543	-0.278296836524998	False	False
RANDOM_0265	0.0826398272007361	0.0807359242520045	0.08168787572637029	0.0807359242520045	True	False
RANDOM_0266	0.0492777286809492	0.105792287525838	0.0775350081033936	0.0492777286809492	True	False
RANDOM_0267	0.332878510189784	0.128751039633646	0.23081477491171498	0.128751039633646	True	False
RANDOM_0268	-0.114204766625522	-0.179454600387822	-0.146829683506672	-0.179454600387822	False	False
RANDOM_0269	-0.0786034908802519	0.238794512789974	0.08009551095486105	-0.0786034908802519	False	False
RANDOM_0270	0.191491646291365	0.107386646663461	0.149439146477413	0.107386646663461	True	False
RANDOM_0271	0.423006772992449	0.0602665904371732	0.2416366817148111	0.0602665904371732	True	False
RANDOM_0272	0.0296516363204858	0.253957919543229	0.1418047779318574	0.0296516363204858	True	False
RANDOM_0273	0.328504411635228	0.359016906732034	0.34376065918363097	0.328504411635228	True	False
RANDOM_0274	-0.0166775930893412	0.0544501548513646	0.0188862808810117	-0.0166775930893412	False	False
RANDOM_0275	-0.144220027821489	-0.105104367501484	-0.12466219766148649	-0.144220027821489	False	False
RANDOM_0276	0.452729446445133	0.303602238476741	0.378165842460937	0.303602238476741	True	False
RANDOM_0277	0.363392909381028	0.159045499655871	0.2612192045184495	0.159045499655871	True	False
RANDOM_0278	0.164781117472495	0.02158703960101	0.0931840785367525	0.02158703960101	True	False
RANDOM_0279	0.140637770452631	-0.126270718129028	0.007183526161801512	-0.126270718129028	False	False
RANDOM_0280	0.311034029484435	0.158044502956794	0.2345392662206145	0.158044502956794	True	False
RANDOM_0281	-0.14502340465709	0.010932538736637	-0.0670454329602265	-0.14502340465709	False	False
RANDOM_0282	0.357206573912921	0.11453399553632	0.2358702847246205	0.11453399553632	True	False
RANDOM_0283	0.2676810562545	-0.197012618155005	0.0353342190497475	-0.197012618155005	False	False
RANDOM_0284	-0.11891864827981	-0.0972270203561703	-0.10807283431799014	-0.11891864827981	False	False
RANDOM_0285	0.40292616631123	0.195608820223595	0.29926749326741253	0.195608820223595	True	False
RANDOM_0286	0.0230513007945988	0.0522387947170997	0.037645047755849245	0.0230513007945988	True	False
RANDOM_0287	-0.0219435076009123	0.0570977397198109	0.0175771160594493	-0.0219435076009123	False	False
RANDOM_0288	0.0512043322931655	0.105406962549493	0.07830564742132926	0.0512043322931655	True	False
RANDOM_0289	0.201392803712727	0.728092474950341	0.46474263933153404	0.201392803712727	True	False
RANDOM_0290	-0.162711054726446	0.0998619748172159	-0.031424539954615055	-0.162711054726446	False	False
RANDOM_0291	0.351596999194558	0.0513603752563672	0.2014786872254626	0.0513603752563672	True	False
RANDOM_0292	0.437365507174239	0.203633423100257	0.32049946513724803	0.203633423100257	True	False
RANDOM_0293	0.0175838391329375	-0.0383621584479118	-0.010389159657487148	-0.0383621584479118	False	False
RANDOM_0294	0.324768483145442	0.0523555880736638	0.1885620356095529	0.0523555880736638	True	False
RANDOM_0295	-0.255277688751423	-0.0907517239078562	-0.17301470632963958	-0.255277688751423	False	False
RANDOM_0296	0.0083344087718041	0.221724594946002	0.11502950185890305	0.0083344087718041	True	False
RANDOM_0297	-0.397378325741113	-0.253063653003911	-0.325220989372512	-0.397378325741113	False	False
RANDOM_0298	0.408420231536133	0.207435996053373	0.307928113794753	0.207435996053373	True	False
RANDOM_0299	-0.200877650071302	0.260722421391463	0.0299223856600805	-0.200877650071302	False	False
RANDOM_0300	0.528571140619969	-0.13813651777499	0.1952173114224895	-0.13813651777499	False	False
RANDOM_0301	0.250276011573776	0.229776233462503	0.24002612251813948	0.229776233462503	True	False
RANDOM_0302	0.420240609983313	-0.0800476197089485	0.17009649513718222	-0.0800476197089485	False	False
RANDOM_0303	0.223832549939714	-0.149929693929969	0.0369514280048725	-0.149929693929969	False	False
RANDOM_0304	0.294591971443059	-0.185684524067729	0.05445372368766499	-0.185684524067729	False	False
RANDOM_0305	0.308601082702157	0.146979668987608	0.22779037584488251	0.146979668987608	True	False
RANDOM_0306	-0.0875041848020487	0.16650815105418	0.03950198312606564	-0.0875041848020487	False	False
RANDOM_0307	-0.252665693429042	0.0415254392378559	-0.10557012709559305	-0.252665693429042	False	False
RANDOM_0308	-0.031869729628212	0.349346065784866	0.158738168078327	-0.031869729628212	False	False
RANDOM_0309	-0.0506661251752847	0.369746972934521	0.15954042387961817	-0.0506661251752847	False	False
RANDOM_0310	0.519861456415793	0.167276880081792	0.34356916824879247	0.167276880081792	True	False
RANDOM_0311	0.464274313174309	-0.042181739422489	0.21104628687591	-0.042181739422489	False	False
RANDOM_0312	0.0050172147264191	0.268375733713419	0.13669647421991904	0.0050172147264191	True	False
RANDOM_0313	0.513661475602092	0.0292388121660678	0.2714501438840799	0.0292388121660678	True	False
RANDOM_0314	-0.0656635840091212	-0.250754179353494	-0.1582088816813076	-0.250754179353494	False	False
RANDOM_0315	0.110910744341363	-0.16102471156307	-0.025056983610853498	-0.16102471156307	False	False
RANDOM_0316	0.100203722255965	0.30872467158561	0.2044641969207875	0.100203722255965	True	False
RANDOM_0317	0.266708668380955	0.29206016884095	0.27938441861095253	0.266708668380955	True	False
RANDOM_0318	0.0519730921719578	-0.0914902588320274	-0.019758583330034798	-0.0914902588320274	False	False
RANDOM_0319	0.139041763346131	0.0990811838274407	0.11906147358678584	0.0990811838274407	True	False
RANDOM_0320	0.356995907038909	-0.0746153616113629	0.14119027271377305	-0.0746153616113629	False	False
RANDOM_0321	0.313714489557105	0.0813816491708835	0.19754806936399427	0.0813816491708835	True	False
RANDOM_0322	-0.0320575321248357	0.270163036621173	0.11905275224816866	-0.0320575321248357	False	False
RANDOM_0323	0.51330519106938	0.0601792716406802	0.2867422313550301	0.0601792716406802	True	False
RANDOM_0324	-0.0183479504622144	0.290015990062153	0.1358340197999693	-0.0183479504622144	False	False
RANDOM_0325	0.478805297091175	0.0548474535854435	0.2668263753383092	0.0548474535854435	True	False
RANDOM_0326	0.0956711727258114	0.462323402867576	0.2789972877966937	0.0956711727258114	True	False
RANDOM_0327	0.271875770327173	0.19205808641242	0.23196692836979652	0.19205808641242	True	False
RANDOM_0328	-0.0337997324988285	0.174257100126061	0.07022868381361624	-0.0337997324988285	False	False
RANDOM_0329	0.160721118122662	0.111250129132186	0.135985623627424	0.111250129132186	True	False
RANDOM_0330	0.434897814979611	0.0843520336428597	0.25962492431123535	0.0843520336428597	True	False
RANDOM_0331	0.400825728978121	-0.0378536216340414	0.18148605367203982	-0.0378536216340414	False	False
RANDOM_0332	0.902141818819993	0.102818321884955	0.502480070352474	0.102818321884955	True	False
RANDOM_0333	0.383377442243275	0.147254873309281	0.26531615777627804	0.147254873309281	True	False
RANDOM_0334	0.0854754372864066	-0.153234699986984	-0.0338796313502887	-0.153234699986984	False	False
RANDOM_0335	-0.415715055663737	-0.0259798245219245	-0.22084744009283075	-0.415715055663737	False	False
RANDOM_0336	0.467839353705041	0.212107860436622	0.33997360707083146	0.212107860436622	True	False
RANDOM_0337	0.450895163869583	0.009400419833325	0.230147791851454	0.009400419833325	True	False
RANDOM_0338	-0.0686997544769233	0.196752348192785	0.06402629685793085	-0.0686997544769233	False	False
RANDOM_0339	0.0605537439195538	0.163750690380015	0.1121522171497844	0.0605537439195538	True	False
RANDOM_0340	-0.0725544356151872	-0.0279846095854171	-0.050269522600302145	-0.0725544356151872	False	False
RANDOM_0341	0.324258023902001	0.0260328895613106	0.1751454567316558	0.0260328895613106	True	False
RANDOM_0342	0.274845582213363	0.157074336225685	0.21595995921952402	0.157074336225685	True	False
RANDOM_0343	-0.0132306937342136	-0.0314391769644691	-0.02233493534934135	-0.0314391769644691	False	False
RANDOM_0344	0.447936238719508	0.0650639979535273	0.25650011833651765	0.0650639979535273	True	False
RANDOM_0345	0.231385201436372	0.372314496954098	0.301849849195235	0.231385201436372	True	False
RANDOM_0346	0.25651871903982	0.15445146847018	0.205485093755	0.15445146847018	True	False
RANDOM_0347	-0.215418801142885	0.183901808406168	-0.015758496368358507	-0.215418801142885	False	False
RANDOM_0348	0.615326603565731	0.302294628638232	0.4588106161019815	0.302294628638232	True	False
RANDOM_0349	0.3208411023138	0.12029830837901	0.220569705346405	0.12029830837901	True	False
RANDOM_0350	-0.0955682830439056	-0.10097029681942	-0.09826928993166281	-0.10097029681942	False	False
RANDOM_0351	0.0755934851853305	0.260760224503983	0.16817685484465675	0.0755934851853305	True	False
RANDOM_0352	-0.345437938298042	-0.0145169635369374	-0.17997745091748968	-0.345437938298042	False	False
RANDOM_0353	-0.0234910623572533	-0.124141452120833	-0.07381625723904314	-0.124141452120833	False	False
RANDOM_0354	0.738554354849251	0.466351820912781	0.602453087881016	0.466351820912781	True	False
RANDOM_0355	0.0841337558005286	-0.10666314425528	-0.0112646942273757	-0.10666314425528	False	False
RANDOM_0356	-0.098532282833282	-0.240256221668115	-0.16939425225069848	-0.240256221668115	False	False
RANDOM_0357	0.381593800096313	0.0696175243028961	0.22560566219960454	0.0696175243028961	True	False
RANDOM_0358	0.515990088050185	0.192361498166382	0.3541757931082835	0.192361498166382	True	False
RANDOM_0359	0.162871753387009	0.197557528060321	0.180214640723665	0.162871753387009	True	False
RANDOM_0360	0.140128661509162	0.0290457185854522	0.08458719004730711	0.0290457185854522	True	False
RANDOM_0361	0.410849598711868	-0.318372361413756	0.046238618649055985	-0.318372361413756	False	False
RANDOM_0362	-0.0962010795073549	-0.188575344134183	-0.14238821182076894	-0.188575344134183	False	False
RANDOM_0363	0.209817611098575	0.0044589490569455	0.10713828007776025	0.0044589490569455	True	False
RANDOM_0364	-0.232067355645022	0.316335799339094	0.042134221847035996	-0.232067355645022	False	False
RANDOM_0365	0.54947717535831	-0.089557587365107	0.2299597939966015	-0.089557587365107	False	False
RANDOM_0366	0.187869206510135	0.238653445948067	0.213261326229101	0.187869206510135	True	False
RANDOM_0367	-0.009961331868342	0.0255205205531175	0.007779594342387751	-0.009961331868342	False	False
RANDOM_0368	0.294781503798734	-0.0806888877514869	0.10704630802362355	-0.0806888877514869	False	False
RANDOM_0369	-0.32031840401261	0.0906083032827486	-0.11485505036493071	-0.32031840401261	False	False
RANDOM_0370	0.0055477854033097	0.144525252017896	0.07503651871060285	0.0055477854033097	True	False
RANDOM_0371	0.201687731117846	0.0434809182250248	0.1225843246714354	0.0434809182250248	True	False
RANDOM_0372	0.326482672768434	0.109988244926407	0.21823545884742052	0.109988244926407	True	False
RANDOM_0373	0.0832821817482689	0.0895994870357439	0.0864408343920064	0.0832821817482689	True	False
RANDOM_0374	-0.297533287258672	-0.0597056633963422	-0.1786194753275071	-0.297533287258672	False	False
RANDOM_0375	0.468834200639894	0.434311622924488	0.451572911782191	0.434311622924488	True	False
RANDOM_0376	0.442964217322054	-0.0174086586677509	0.21277777932715156	-0.0174086586677509	False	False
RANDOM_0377	0.226961830704326	0.242985585350022	0.234973708027174	0.226961830704326	True	False
RANDOM_0378	-0.173846063542616	0.0055588497484371	-0.08414360689708945	-0.173846063542616	False	False
RANDOM_0379	0.0115776474822565	0.456728378944233	0.23415301321324475	0.0115776474822565	True	False
RANDOM_0380	0.104899661541001	0.186977945590408	0.1459388035657045	0.104899661541001	True	False
RANDOM_0381	-0.15094721775884	0.127106164826913	-0.011920526465963505	-0.15094721775884	False	False
RANDOM_0382	0.577646868079686	-0.102695546524744	0.237475660777471	-0.102695546524744	False	False
RANDOM_0383	-0.037853544963685	0.19637355850397	0.0792600067701425	-0.037853544963685	False	False
RANDOM_0384	0.121136985432192	-0.105689778207536	0.007723603612327996	-0.105689778207536	False	False
RANDOM_0385	0.0339926007848589	0.177188945844594	0.10559077331472644	0.0339926007848589	True	False
RANDOM_0386	-0.0039006869461521	0.190523065014983	0.09331118903441546	-0.0039006869461521	False	False
RANDOM_0387	0.389541796768091	0.118130221988672	0.25383600937838147	0.118130221988672	True	False
RANDOM_0388	0.420966626992528	0.306083765092794	0.363525196042661	0.306083765092794	True	False
RANDOM_0389	-0.152584044186037	-0.0438399738503604	-0.0982120090181987	-0.152584044186037	False	False
RANDOM_0390	0.11495477826622	0.0393559249696781	0.07715535161794905	0.0393559249696781	True	False
RANDOM_0391	0.285520192906527	-0.0561933024113589	0.11466344524758407	-0.0561933024113589	False	False
RANDOM_0392	-0.0624861571195662	0.239456205288001	0.08848502408421739	-0.0624861571195662	False	False
RANDOM_0393	0.328875859982536	0.0680912364957082	0.1984835482391221	0.0680912364957082	True	False
RANDOM_0394	-0.116568279397229	0.140886795783125	0.012159258192947997	-0.116568279397229	False	False
RANDOM_0395	0.127080050584628	0.188080418743084	0.157580234663856	0.127080050584628	True	False
RANDOM_0396	0.140879485833032	0.236379545152683	0.1886295154928575	0.140879485833032	True	False
RANDOM_0397	0.437159249054262	0.120695747513436	0.278927498283849	0.120695747513436	True	False
RANDOM_0398	0.115662969811535	0.0337776580448003	0.07472031392816765	0.0337776580448003	True	False
RANDOM_0399	0.0308357574236497	0.4148129513562	0.22282435438992484	0.0308357574236497	True	False
RANDOM_0400	0.422154442039456	-0.0047997861162785	0.20867732796158875	-0.0047997861162785	False	False
RANDOM_0401	0.216132765609736	0.22876345689151	0.222448111250623	0.216132765609736	True	False
RANDOM_0402	0.183635053868764	0.144387115452819	0.1640110846607915	0.144387115452819	True	False
RANDOM_0403	0.102408464660389	-0.268462728755778	-0.08302713204769449	-0.268462728755778	False	False
RANDOM_0404	0.606220793603499	-0.0735120726547953	0.26635436047435185	-0.0735120726547953	False	False
RANDOM_0405	0.176548659959686	0.0174862930029824	0.0970174764813342	0.0174862930029824	True	False
RANDOM_0406	0.0468807033222537	0.248368932666549	0.14762481799440136	0.0468807033222537	True	False
RANDOM_0407	-0.121616998703104	-0.0763081838773878	-0.0989625912902459	-0.121616998703104	False	False
RANDOM_0408	0.141261450789862	0.192578631980291	0.1669200413850765	0.141261450789862	True	False
RANDOM_0409	-0.142272301641042	-0.122100230630658	-0.13218626613585	-0.142272301641042	False	False
RANDOM_0410	-0.0821465468349246	0.0067625884507159	-0.037691979192104354	-0.0821465468349246	False	False
RANDOM_0411	0.482685098854253	0.163598469311037	0.323141784082645	0.163598469311037	True	False
RANDOM_0412	0.0462360394346669	-0.0416901766978983	0.002272931368384301	-0.0416901766978983	False	False
RANDOM_0413	0.22857242181386	0.0528928713231905	0.14073264656852524	0.0528928713231905	True	False
RANDOM_0414	0.399219133087016	-0.0718932568844471	0.16366293810128446	-0.0718932568844471	False	False
RANDOM_0415	0.216999785331038	0.0419751794169939	0.12948748237401594	0.0419751794169939	True	False
RANDOM_0416	0.350727645762014	-0.0180001736621993	0.16636373604990734	-0.0180001736621993	False	False
RANDOM_0417	0.371414716030535	0.270130938615739	0.320772827323137	0.270130938615739	True	False
RANDOM_0418	-0.0086746858023625	0.0807057767297169	0.036015545463677204	-0.0086746858023625	False	False
RANDOM_0419	-0.055410135820212	0.381219419117965	0.1629046416488765	-0.055410135820212	False	False
RANDOM_0420	0.389495940816376	0.111169424713391	0.2503326827648835	0.111169424713391	True	False
RANDOM_0421	-0.0276948698870385	0.116487678341194	0.04439640422707775	-0.0276948698870385	False	False
RANDOM_0422	0.783288087998859	0.05331170629529	0.4182998971470745	0.05331170629529	True	False
RANDOM_0423	-0.144192241197584	-0.127874495870562	-0.136033368534073	-0.144192241197584	False	False
RANDOM_0424	0.795455307193168	0.22434709111613	0.509901199154649	0.22434709111613	True	False
RANDOM_0425	0.366622439872859	-0.0101328977454095	0.17824477106372474	-0.0101328977454095	False	False
RANDOM_0426	0.196545387370812	0.0611728690405667	0.12885912820568934	0.0611728690405667	True	False
RANDOM_0427	0.602060642928484	0.277576880980155	0.4398187619543195	0.277576880980155	True	False
RANDOM_0428	-0.127989671547171	0.259778066608688	0.06589419753075851	-0.127989671547171	False	False
RANDOM_0429	0.451208473711799	-0.0283358371828176	0.2114363182644907	-0.0283358371828176	False	False
RANDOM_0430	0.188080288897926	0.395991253009348	0.292035770953637	0.188080288897926	True	False
RANDOM_0431	-0.283506662421116	-0.213623465835206	-0.24856506412816098	-0.283506662421116	False	False
RANDOM_0432	0.479974805871074	0.167090094299072	0.32353245008507303	0.167090094299072	True	False
RANDOM_0433	-0.100977093243446	0.0306456737729444	-0.0351657097352508	-0.100977093243446	False	False
RANDOM_0434	-1.01755317511313	0.0183334691940281	-0.4996098529595509	-1.01755317511313	False	False
RANDOM_0435	-0.186453587418158	0.11726713025653	-0.034593228580814005	-0.186453587418158	False	False
RANDOM_0436	0.28346386446088	-0.0023614324585601	0.14055121600115997	-0.0023614324585601	False	False
RANDOM_0437	-0.50144367092449	0.297182634137443	-0.10213051839352352	-0.50144367092449	False	False
RANDOM_0438	0.295581467941422	0.159854315038953	0.2277178914901875	0.159854315038953	True	False
RANDOM_0439	0.536049890562158	0.201699423297641	0.3688746569298995	0.201699423297641	True	False
RANDOM_0440	-0.0505749741604617	0.033859230424846	-0.00835787186780785	-0.0505749741604617	False	False
RANDOM_0441	0.498957724549821	0.273166604305013	0.38606216442741703	0.273166604305013	True	False
RANDOM_0442	0.130916587113203	0.0912701342788821	0.11109336069604256	0.0912701342788821	True	False
RANDOM_0443	-0.0865625622347528	0.443206932990907	0.17832218537807712	-0.0865625622347528	False	False
RANDOM_0444	0.145443597020779	0.267022117030471	0.206232857025625	0.145443597020779	True	False
RANDOM_0445	0.228315371229248	0.34218149176527	0.285248431497259	0.228315371229248	True	False
RANDOM_0446	0.0184055244523902	-0.0767700099273964	-0.029182242737503097	-0.0767700099273964	False	False
RANDOM_0447	0.387029778308257	-0.0080952260192057	0.18946727614452566	-0.0080952260192057	False	False
RANDOM_0448	-0.341255488903085	0.113486045647155	-0.113884721627965	-0.341255488903085	False	False
RANDOM_0449	-0.147755773013629	0.133704695376772	-0.007025538818428503	-0.147755773013629	False	False
RANDOM_0450	0.244223069333963	-0.0348304818909803	0.10469629372149136	-0.0348304818909803	False	False
RANDOM_0451	-0.056756794561061	-0.106944742099065	-0.081850768330063	-0.106944742099065	False	False
RANDOM_0452	0.393288998739166	0.17840085067756	0.285844924708363	0.17840085067756	True	False
RANDOM_0453	-0.106723219919	0.0403880921194976	-0.0331675638997512	-0.106723219919	False	False
RANDOM_0454	-0.381048461049618	-0.195685661066606	-0.288367061058112	-0.381048461049618	False	False
RANDOM_0455	0.0554560387550464	-0.211656594111659	-0.0781002776783063	-0.211656594111659	False	False
RANDOM_0456	-0.230076138436674	-0.11568952819942	-0.172882833318047	-0.230076138436674	False	False
RANDOM_0457	0.216766379658983	0.289798853522691	0.253282616590837	0.216766379658983	True	False
RANDOM_0458	0.220580873261582	0.167407680808629	0.1939942770351055	0.167407680808629	True	False
RANDOM_0459	-0.060142694649366	-0.563103145451136	-0.31162292005025105	-0.563103145451136	False	False
RANDOM_0460	0.201058415108799	0.11508864477211	0.15807352994045448	0.11508864477211	True	False
RANDOM_0461	0.686037676610641	0.177730115480927	0.431883896045784	0.177730115480927	True	False
RANDOM_0462	-0.42293234442692	-0.0451595273453887	-0.23404593588615435	-0.42293234442692	False	False
RANDOM_0463	0.191837078570679	0.169895150238941	0.18086611440480999	0.169895150238941	True	False
RANDOM_0464	0.788672723601917	0.24817499143391	0.5184238575179135	0.24817499143391	True	False
RANDOM_0465	-0.0794928640307377	0.117312222212549	0.01890967909090565	-0.0794928640307377	False	False
RANDOM_0466	0.381958761117631	-0.057746882458023	0.162105939329804	-0.057746882458023	False	False
RANDOM_0467	-0.159435583780428	-0.128134243881323	-0.1437849138308755	-0.159435583780428	False	False
RANDOM_0468	-0.70400835977891	-0.0764638019930286	-0.3902360808859693	-0.70400835977891	False	False
RANDOM_0469	0.292941895659708	0.382918609248231	0.3379302524539695	0.292941895659708	True	False
RANDOM_0470	0.299618397200925	-0.0475756748777559	0.12602136116158455	-0.0475756748777559	False	False
RANDOM_0471	0.376414189470891	0.062314952929997	0.219364571200444	0.062314952929997	True	False
RANDOM_0472	0.642264952151492	0.278048836085757	0.4601568941186245	0.278048836085757	True	False
RANDOM_0473	-0.114003734319923	0.30052805305105	0.09326215936556351	-0.114003734319923	False	False
RANDOM_0474	0.382439604033193	0.100825836783655	0.24163272040842398	0.100825836783655	True	False
RANDOM_0475	0.268246559513518	0.0494345568334091	0.15884055817346354	0.0494345568334091	True	False
RANDOM_0476	-0.0530466130101381	0.370170798920834	0.15856209295534796	-0.0530466130101381	False	False
RANDOM_0477	-0.291484991658481	0.196853898773659	-0.04731554644241101	-0.291484991658481	False	False
RANDOM_0478	0.451065131420427	0.309595970743971	0.380330551082199	0.309595970743971	True	False
RANDOM_0479	0.491056183030785	0.161382912124546	0.3262195475776655	0.161382912124546	True	False
RANDOM_0480	0.521136239070417	0.354092199201115	0.437614219135766	0.354092199201115	True	False
RANDOM_0481	-0.197332088049105	0.354905722412061	0.078786817181478	-0.197332088049105	False	False
RANDOM_0482	0.284779956065103	0.0305890937609479	0.15768452491302543	0.0305890937609479	True	False
RANDOM_0483	-0.287943866542745	-0.132543089870423	-0.210243478206584	-0.287943866542745	False	False
RANDOM_0484	0.41182502408676	0.373776574238971	0.3928007991628655	0.373776574238971	True	False
RANDOM_0485	0.358458351904147	0.0985309486075404	0.2284946502558437	0.0985309486075404	True	False
RANDOM_0486	0.124729180916533	0.0525417004193024	0.0886354406679177	0.0525417004193024	True	False
RANDOM_0487	0.684339379403491	0.222916403890954	0.4536278916472225	0.222916403890954	True	False
RANDOM_0488	0.149601382842847	0.240273515061526	0.1949374489521865	0.149601382842847	True	False
RANDOM_0489	0.454027707589313	0.0142739845438058	0.2341508460665594	0.0142739845438058	True	False
RANDOM_0490	0.0670789489840766	0.129699436263822	0.0983891926239493	0.0670789489840766	True	False
RANDOM_0491	0.248209552062458	0.332977730258955	0.2905936411607065	0.248209552062458	True	False
RANDOM_0492	0.327923110768703	0.0969964553080782	0.2124597830383906	0.0969964553080782	True	False
RANDOM_0493	-0.169100408888326	0.151062294980704	-0.009019056953811	-0.169100408888326	False	False
RANDOM_0494	-0.10818269303375	-0.120304553169281	-0.1142436231015155	-0.120304553169281	False	False
RANDOM_0495	0.128712194359148	0.184869501488525	0.1567908479238365	0.128712194359148	True	False
RANDOM_0496	0.0601588250734651	0.421100961844694	0.24062989345907954	0.0601588250734651	True	False
RANDOM_0497	-0.120043187614998	0.0536613505576144	-0.0331909185286918	-0.120043187614998	False	False
RANDOM_0498	-0.156982516223947	-0.0876001312588513	-0.12229132374139914	-0.156982516223947	False	False
RANDOM_0499	0.614136349710599	0.318113281784501	0.46612481574755005	0.318113281784501	True	False
RANDOM_0500	0.0821685823891369	0.147066826963672	0.11461770467640445	0.0821685823891369	True	False
RANDOM_0501	0.456815255831228	-0.221124856846289	0.11784519949246951	-0.221124856846289	False	False
RANDOM_0502	-0.27458734306454	0.109823880917199	-0.08238173107367051	-0.27458734306454	False	False
RANDOM_0503	-0.105142979512106	0.350178112098386	0.12251756629314	-0.105142979512106	False	False
RANDOM_0504	-0.0357501075989335	0.148836974177703	0.05654343328938475	-0.0357501075989335	False	False
RANDOM_0505	0.349733402968326	0.43741306564232	0.393573234305323	0.349733402968326	True	False
RANDOM_0506	0.0245382691695305	0.30292903444544	0.16373365180748525	0.0245382691695305	True	False
RANDOM_0507	0.197209963450445	0.156225176217498	0.17671756983397152	0.156225176217498	True	False
RANDOM_0508	0.0267997740284943	0.302982500012527	0.16489113702051067	0.0267997740284943	True	False
RANDOM_0509	0.388795817397294	0.125251634945806	0.25702372617155	0.125251634945806	True	False
RANDOM_0510	-0.0314610816457342	0.135357611745419	0.0519482650498424	-0.0314610816457342	False	False
RANDOM_0511	-0.245914863985688	0.223683031257702	-0.011115916363992992	-0.245914863985688	False	False
RANDOM_0512	0.527214543430898	0.212776160898873	0.3699953521648855	0.212776160898873	True	False
RANDOM_0513	-0.302780178808721	-0.0542763477547467	-0.17852826328173385	-0.302780178808721	False	False
RANDOM_0514	0.441099973171515	0.116233571881998	0.2786667725267565	0.116233571881998	True	False
RANDOM_0515	-0.140118300602488	-0.119382954172802	-0.129750627387645	-0.140118300602488	False	False
RANDOM_0516	0.0074556961253308	0.133792739394597	0.0706242177599639	0.0074556961253308	True	False
RANDOM_0517	-0.144833889805501	0.144161825658947	-0.0003360320732769956	-0.144833889805501	False	False
RANDOM_0518	-0.380306624848617	0.186994011632127	-0.096656306608245	-0.380306624848617	False	False
RANDOM_0519	0.0123819637583388	-0.0107594829859209	0.0008112403862089506	-0.0107594829859209	False	False
RANDOM_0520	0.39233507652649	0.108804884425182	0.250569980475836	0.108804884425182	True	False
RANDOM_0521	0.213024632998617	0.0543168179103054	0.13367072545446118	0.0543168179103054	True	False
RANDOM_0522	0.502232304232491	0.136853025048056	0.3195426646402735	0.136853025048056	True	False
RANDOM_0523	0.0486914870153739	0.29433550759521	0.17151349730529195	0.0486914870153739	True	False
RANDOM_0524	0.348069426754669	0.355682729643831	0.35187607819925004	0.348069426754669	True	False
RANDOM_0525	0.141951075002797	0.316052322450218	0.2290016987265075	0.141951075002797	True	False
RANDOM_0526	0.263080840928566	0.141069765062211	0.2020753029953885	0.141069765062211	True	False
RANDOM_0527	0.593139478616031	0.0853548590146636	0.3392471688153473	0.0853548590146636	True	False
RANDOM_0528	-0.17390898416342	0.168002484795841	-0.0029532496837894884	-0.17390898416342	False	False
RANDOM_0529	0.562528597696895	0.255237560748939	0.408883079222917	0.255237560748939	True	False
RANDOM_0530	0.443373148752792	0.110305270417392	0.276839209585092	0.110305270417392	True	False
RANDOM_0531	-0.108934297810981	0.311418697974801	0.10124220008190998	-0.108934297810981	False	False
RANDOM_0532	0.485319977191419	-0.0698399930277261	0.20773999208184646	-0.0698399930277261	False	False
RANDOM_0533	0.0584686286732974	0.327861874177117	0.19316525142520719	0.0584686286732974	True	False
RANDOM_0534	0.636880088653496	0.305657888663444	0.47126898865847	0.305657888663444	True	False
RANDOM_0535	-0.12475038462987	0.122510821288976	-0.0011197816704469968	-0.12475038462987	False	False
RANDOM_0536	0.0120174505652211	0.0409358766182573	0.0264766635917392	0.0120174505652211	True	False
RANDOM_0537	-0.438168751379043	-0.002670590538772	-0.2204196709589075	-0.438168751379043	False	False
RANDOM_0538	0.192958013134717	0.11425068631333	0.1536043497240235	0.11425068631333	True	False
RANDOM_0539	-2.48147522251478e-05	-0.0849767339645181	-0.04250077435837162	-0.0849767339645181	False	False
RANDOM_0540	0.237220913201427	-0.0193910029099747	0.10891495514572615	-0.0193910029099747	False	False
RANDOM_0541	-0.38398868579407	0.0439048155827444	-0.1700419351056628	-0.38398868579407	False	False
RANDOM_0542	-0.354137049637308	0.0470489914821923	-0.15354402907755788	-0.354137049637308	False	False
RANDOM_0543	-0.116004793610332	0.266145054148501	0.07507013026908449	-0.116004793610332	False	False
RANDOM_0544	0.320956642040377	0.129271708714747	0.225114175377562	0.129271708714747	True	False
RANDOM_0545	0.131549018593513	0.191518905448482	0.1615339620209975	0.131549018593513	True	False
RANDOM_0546	0.0162161897891367	0.156877338297474	0.08654676404330534	0.0162161897891367	True	False
RANDOM_0547	0.219547207905722	-0.22240384217538	-0.0014283171348290075	-0.22240384217538	False	False
RANDOM_0548	0.347111795591895	0.192222369066393	0.269667082329144	0.192222369066393	True	False
RANDOM_0549	-0.128193472875528	0.33385655479841	0.102831540961441	-0.128193472875528	False	False
RANDOM_0550	0.135115179311396	0.0882040193568184	0.1116595993341072	0.0882040193568184	True	False
RANDOM_0551	0.379132987879292	0.336514745108105	0.35782386649369846	0.336514745108105	True	False
RANDOM_0552	0.581311286722701	0.123659058861178	0.3524851727919395	0.123659058861178	True	False
RANDOM_0553	0.0743017674322451	0.38269340609646	0.22849758676435256	0.0743017674322451	True	False
RANDOM_0554	-0.172250984546191	-0.0205056282336256	-0.0963783063899083	-0.172250984546191	False	False
RANDOM_0555	0.267057907072661	0.277686739293147	0.27237232318290405	0.267057907072661	True	False
RANDOM_0556	0.699516720113248	0.395374826292944	0.547445773203096	0.395374826292944	True	False
RANDOM_0557	0.314839735583316	-0.0302828760286264	0.1422784297773448	-0.0302828760286264	False	False
RANDOM_0558	0.309647893394692	0.0794951551808352	0.19457152428776361	0.0794951551808352	True	False
RANDOM_0559	0.238787205496279	-0.0446749041885136	0.09705615065388269	-0.0446749041885136	False	False
RANDOM_0560	0.0015020854212434	0.147950365456541	0.0747262254388922	0.0015020854212434	True	False
RANDOM_0561	-0.0340473839098459	0.120065320406692	0.043008968248423055	-0.0340473839098459	False	False
RANDOM_0562	0.147687946343314	0.0489678918395617	0.09832791909143784	0.0489678918395617	True	False
RANDOM_0563	0.263702062361516	0.261790625757411	0.2627463440594635	0.261790625757411	True	False
RANDOM_0564	-0.311981822721951	0.310673944897521	-0.0006539389122150185	-0.311981822721951	False	False
RANDOM_0565	0.21112970381219	0.27230366102164	0.24171668241691502	0.21112970381219	True	False
RANDOM_0566	0.617789666316403	-0.116870742392974	0.2504594619617145	-0.116870742392974	False	False
RANDOM_0567	-0.110830113355063	-0.121937954751803	-0.116384034053433	-0.121937954751803	False	False
RANDOM_0568	-0.127388913983283	-0.143618969379386	-0.1355039416813345	-0.143618969379386	False	False
RANDOM_0569	-0.112473099103888	-0.0099273251009221	-0.061200212102405054	-0.112473099103888	False	False
RANDOM_0570	0.360203898840901	0.272338455919463	0.31627117738018196	0.272338455919463	True	False
RANDOM_0571	0.062654735736874	-0.0693532511753893	-0.0033492577192576548	-0.0693532511753893	False	False
RANDOM_0572	0.18139883764815	0.141521990101644	0.161460413874897	0.141521990101644	True	False
RANDOM_0573	0.416218000487056	0.0286275573552443	0.22242277892115014	0.0286275573552443	True	False
RANDOM_0574	-0.0933051501876427	0.325071265581555	0.11588305769695617	-0.0933051501876427	False	False
RANDOM_0575	-0.0290516356391932	-0.065041914675466	-0.0470467751573296	-0.065041914675466	False	False
RANDOM_0576	-0.0152315066616649	0.0350075429907328	0.009888018164533947	-0.0152315066616649	False	False
RANDOM_0577	-0.0332498427900979	0.270435570121532	0.11859286366571706	-0.0332498427900979	False	False
RANDOM_0578	0.518641902810968	0.0862453722638845	0.30244363753742626	0.0862453722638845	True	False
RANDOM_0579	0.4068762782012	0.181040676533429	0.2939584773673145	0.181040676533429	True	False
RANDOM_0580	0.147592746791987	-0.146560051218787	0.0005163477865999938	-0.146560051218787	False	False
RANDOM_0581	0.317043371109381	-0.0689586032992756	0.1240423839050527	-0.0689586032992756	False	False
RANDOM_0582	0.718610189643203	0.286964790493667	0.502787490068435	0.286964790493667	True	False
RANDOM_0583	0.375946527797534	0.0299905997120255	0.20296856375477976	0.0299905997120255	True	False
RANDOM_0584	0.144740766619045	0.363605512727694	0.2541731396733695	0.144740766619045	True	False
RANDOM_0585	0.548239043497049	-0.185655049542399	0.181291996977325	-0.185655049542399	False	False
RANDOM_0586	0.0335416359318389	0.55455906268929	0.29405034931056445	0.0335416359318389	True	False
RANDOM_0587	0.16921491307935	0.114340152726524	0.141777532902937	0.114340152726524	True	False
RANDOM_0588	-0.0223332757935888	-0.372927449287185	-0.1976303625403869	-0.372927449287185	False	False
RANDOM_0589	0.322011479438214	0.0175095398551983	0.16976050964670616	0.0175095398551983	True	False
RANDOM_0590	0.226416701618335	0.0591174704023752	0.1427670860103551	0.0591174704023752	True	False
RANDOM_0591	0.46681533028286	-0.102429534720783	0.18219289778103848	-0.102429534720783	False	False
RANDOM_0592	0.34252023095004	0.258440966064831	0.3004805985074355	0.258440966064831	True	False
RANDOM_0593	0.151643026028127	0.0139916205007959	0.08281732326446144	0.0139916205007959	True	False
RANDOM_0594	0.424287862952047	-0.179614775350754	0.1223365438006465	-0.179614775350754	False	False
RANDOM_0595	0.326638135452003	-0.0932676744130247	0.11668523051948915	-0.0932676744130247	False	False
RANDOM_0596	-0.159727238558105	-0.143832778703528	-0.1517800086308165	-0.159727238558105	False	False
RANDOM_0597	0.295365720269173	0.100850959609359	0.19810833993926602	0.100850959609359	True	False
RANDOM_0598	0.0690848989133907	0.157626499284763	0.11335569909907685	0.0690848989133907	True	False
RANDOM_0599	0.72532634966062	0.176394890399528	0.450860620030074	0.176394890399528	True	False
RANDOM_0600	0.392759868248521	0.303007540086497	0.347883704167509	0.303007540086497	True	False
RANDOM_0601	0.67350247174036	0.169552327114606	0.421527399427483	0.169552327114606	True	False
RANDOM_0602	0.334885828368982	-0.0150252294177701	0.15993029947560594	-0.0150252294177701	False	False
RANDOM_0603	0.161747996608089	0.150314040681477	0.156031018644783	0.150314040681477	True	False
RANDOM_0604	0.464422715533043	0.152245412018728	0.30833406377588546	0.152245412018728	True	False
RANDOM_0605	-0.130907278394583	0.560846533406112	0.2149696275057645	-0.130907278394583	False	False
RANDOM_0606	0.0476941425533115	0.0709169786660397	0.0593055606096756	0.0476941425533115	True	False
RANDOM_0607	-0.104304909632587	0.0635898441300595	-0.02035753275126375	-0.104304909632587	False	False
RANDOM_0608	0.27491917366407	0.0941227171922471	0.18452094542815856	0.0941227171922471	True	False
RANDOM_0609	0.442208015903317	0.128719249991308	0.2854636329473125	0.128719249991308	True	False
RANDOM_0610	0.348991479413042	-0.0326763159489265	0.15815758173205774	-0.0326763159489265	False	False
RANDOM_0611	0.765046290098041	0.1857595532142	0.4754029216561205	0.1857595532142	True	False
RANDOM_0612	0.131905748690467	-0.0139597131862061	0.05897301775213045	-0.0139597131862061	False	False
RANDOM_0613	-0.0980230571786302	0.377005179524712	0.13949106117304091	-0.0980230571786302	False	False
RANDOM_0614	0.0367947488009032	0.41787518782873	0.22733496831481662	0.0367947488009032	True	False
RANDOM_0615	0.291616986476669	0.229627796661647	0.260622391569158	0.229627796661647	True	False
RANDOM_0616	-0.210620777061151	0.0705865349385753	-0.07001712106128785	-0.210620777061151	False	False
RANDOM_0617	-0.230544092454324	0.223672771606503	-0.003435660423910497	-0.230544092454324	False	False
RANDOM_0618	0.227608805376622	0.136191603733428	0.181900204555025	0.136191603733428	True	False
RANDOM_0619	0.642343704982865	0.0873186823740896	0.3648311936784773	0.0873186823740896	True	False
RANDOM_0620	0.463673354983898	0.0265984323789057	0.24513589368140185	0.0265984323789057	True	False
RANDOM_0621	-0.043719273121944	0.0814443054330821	0.018862516155569053	-0.043719273121944	False	False
RANDOM_0622	0.314496487577458	-0.0603993620845063	0.12704856274647586	-0.0603993620845063	False	False
RANDOM_0623	-0.123718362121048	0.0660455784965962	-0.0288363918122259	-0.123718362121048	False	False
RANDOM_0624	0.242264366806432	0.182406028642211	0.21233519772432152	0.182406028642211	True	False
RANDOM_0625	0.0960324021756574	-0.014706823646585	0.040662789264536196	-0.014706823646585	False	False
RANDOM_0626	-0.0438325584993109	0.0198551746266144	-0.01198869193634825	-0.0438325584993109	False	False
RANDOM_0627	0.254002271302576	-0.0217893761081923	0.11610644759719185	-0.0217893761081923	False	False
RANDOM_0628	0.11416038516398	0.182026207187925	0.14809329617595252	0.11416038516398	True	False
RANDOM_0629	-0.254207313769909	0.100366048208494	-0.07692063278070752	-0.254207313769909	False	False
RANDOM_0630	0.225830044067057	0.36181773415814	0.2938238891125985	0.225830044067057	True	False
RANDOM_0631	-0.186303319884965	0.280459370571776	0.047078025343405494	-0.186303319884965	False	False
RANDOM_0632	-0.0292718079012055	0.0863379957230597	0.0285330939109271	-0.0292718079012055	False	False
RANDOM_0633	-0.127157408356644	0.35720947994884	0.115026035796098	-0.127157408356644	False	False
RANDOM_0634	0.271197830798668	0.363186485601007	0.3171921581998375	0.271197830798668	True	False
RANDOM_0635	0.301907196611273	0.123343582819194	0.2126253897152335	0.123343582819194	True	False
RANDOM_0636	0.109953070589074	0.289168186522303	0.19956062855568849	0.109953070589074	True	False
RANDOM_0637	0.443600435189268	0.160860350034099	0.3022303926116835	0.160860350034099	True	False
RANDOM_0638	-0.196198774574927	0.0813072537895237	-0.05744576039270164	-0.196198774574927	False	False
RANDOM_0639	0.397708934944672	0.429999353371484	0.413854144158078	0.397708934944672	True	False
RANDOM_0640	0.294434013645761	0.0029043146416505	0.14866916414370573	0.0029043146416505	True	False
RANDOM_0641	0.0560495135516914	0.241081544831545	0.1485655291916182	0.0560495135516914	True	False
RANDOM_0642	-0.20338111682267	0.0017618469393127	-0.10080963494167865	-0.20338111682267	False	False
RANDOM_0643	0.0562595437022661	0.196633735198548	0.12644663945040704	0.0562595437022661	True	False
RANDOM_0644	-0.353392642538717	0.196445160499785	-0.078473741019466	-0.353392642538717	False	False
RANDOM_0645	0.498991448538906	-0.0657286626143667	0.21663139296226963	-0.0657286626143667	False	False
RANDOM_0646	0.0097053210129317	0.0097531089192347	0.0097292149660832	0.0097053210129317	True	False
RANDOM_0647	0.251459819111001	0.0065152763128131	0.12898754771190707	0.0065152763128131	True	False
RANDOM_0648	0.537830440577976	0.0124376051392358	0.2751340228586059	0.0124376051392358	True	False
RANDOM_0649	0.18361397274387	0.109776726158279	0.1466953494510745	0.109776726158279	True	False
RANDOM_0650	0.2475044221032	-0.0868185102200466	0.0803429559415767	-0.0868185102200466	False	False
RANDOM_0651	0.347133921864645	-0.0596526123467451	0.14374065475894993	-0.0596526123467451	False	False
RANDOM_0652	0.360782532321095	0.282877034981615	0.32182978365135495	0.282877034981615	True	False
RANDOM_0653	0.224996901796614	-0.0498360103996786	0.0875804456984677	-0.0498360103996786	False	False
RANDOM_0654	0.142852800544661	0.351759338698816	0.2473060696217385	0.142852800544661	True	False
RANDOM_0655	0.0814085184592928	0.280987243965606	0.1811978812124494	0.0814085184592928	True	False
RANDOM_0656	0.371370058798351	0.0286252731330283	0.19999766596568966	0.0286252731330283	True	False
RANDOM_0657	-0.148375332206003	-0.0920973849986143	-0.12023635860230865	-0.148375332206003	False	False
RANDOM_0658	0.0545269759775711	0.264449095678986	0.15948803582827856	0.0545269759775711	True	False
RANDOM_0659	-0.274839072495024	0.402904392484943	0.0640326599949595	-0.274839072495024	False	False
RANDOM_0660	0.156239503391869	0.165962887926536	0.1611011956592025	0.156239503391869	True	False
RANDOM_0661	-0.222263047769993	0.164256703890984	-0.029003171939504496	-0.222263047769993	False	False
RANDOM_0662	0.435931401014853	0.0813428231420084	0.2586371120784307	0.0813428231420084	True	False
RANDOM_0663	-0.0549284682185165	-0.0848618756032204	-0.06989517191086844	-0.0848618756032204	False	False
RANDOM_0664	0.425826662976209	0.174045967044528	0.2999363150103685	0.174045967044528	True	False
RANDOM_0665	-0.415335454485448	-0.174297217186524	-0.294816335835986	-0.415335454485448	False	False
RANDOM_0666	0.0433554781584309	0.133667650030358	0.08851156409439445	0.0433554781584309	True	False
RANDOM_0667	0.137529366705422	0.100720926318426	0.119125146511924	0.100720926318426	True	False
RANDOM_0668	0.399974931145612	0.0667538507619182	0.2333643909537651	0.0667538507619182	True	False
RANDOM_0669	0.117960566265395	0.205234916199113	0.161597741232254	0.117960566265395	True	False
RANDOM_0670	0.129565396618987	-0.145607492521878	-0.008021047951445495	-0.145607492521878	False	False
RANDOM_0671	0.422377690799826	0.0473257355440728	0.23485171317194942	0.0473257355440728	True	False
RANDOM_0672	-0.255324072927196	-0.0442877988097611	-0.14980593586847854	-0.255324072927196	False	False
RANDOM_0673	0.557240481792854	-0.0718737011917479	0.24268339030055305	-0.0718737011917479	False	False
RANDOM_0674	0.24142924184416	0.0897040035816365	0.16556662271289824	0.0897040035816365	True	False
RANDOM_0675	0.564341868257296	-0.0530002015256235	0.2556708333658363	-0.0530002015256235	False	False
RANDOM_0676	0.859883351533703	0.14179895122214	0.5008411513779215	0.14179895122214	True	False
RANDOM_0677	0.562922128456768	0.158914578149444	0.360918353303106	0.158914578149444	True	False
RANDOM_0678	0.277175101574808	0.0122368628209736	0.1447059821978908	0.0122368628209736	True	False
RANDOM_0679	-0.0526807506536216	0.0289499323681565	-0.01186540914273255	-0.0526807506536216	False	False
RANDOM_0680	0.137652785047637	-0.0028197438107844	0.0674165206184263	-0.0028197438107844	False	False
RANDOM_0681	0.050249072859872	-0.321659187729816	-0.135705057434972	-0.321659187729816	False	False
RANDOM_0682	0.179825750696495	0.188318444664602	0.1840720976805485	0.179825750696495	True	False
RANDOM_0683	0.723240102634316	-0.126891235904475	0.2981744333649205	-0.126891235904475	False	False
RANDOM_0684	0.103590959531642	0.218415086421117	0.1610030229763795	0.103590959531642	True	False
RANDOM_0685	0.12321290633535	0.259639493574654	0.19142619995500199	0.12321290633535	True	False
RANDOM_0686	0.56222586789653	0.422693023704601	0.49245944580056544	0.422693023704601	True	False
RANDOM_0687	0.320801588786611	0.0378224924930202	0.17931204063981562	0.0378224924930202	True	False
RANDOM_0688	0.267055850572394	-0.0789571732044025	0.09404933868399576	-0.0789571732044025	False	False
RANDOM_0689	0.492407820774096	0.220682108606088	0.356544964690092	0.220682108606088	True	False
RANDOM_0690	0.0018886050457013	0.538311521797505	0.27010006342160314	0.0018886050457013	True	False
RANDOM_0691	0.337085800677694	0.169123221559747	0.2531045111187205	0.169123221559747	True	False
RANDOM_0692	-0.203287218943205	-0.114718572923157	-0.159002895933181	-0.203287218943205	False	False
RANDOM_0693	0.143264236566381	-0.0938353954774932	0.024714420544443894	-0.0938353954774932	False	False
RANDOM_0694	0.597583811092127	0.27214183119132	0.4348628211417235	0.27214183119132	True	False
RANDOM_0695	-0.352568075058705	0.124394079378434	-0.11408699784013551	-0.352568075058705	False	False
RANDOM_0696	0.481289684303919	0.0077131732344185	0.24450142876916875	0.0077131732344185	True	False
RANDOM_0697	0.297974462597823	-0.132013062245394	0.0829807001762145	-0.132013062245394	False	False
RANDOM_0698	0.322154847897312	0.214657312901078	0.268406080399195	0.214657312901078	True	False
RANDOM_0699	-0.0541881962796009	0.15679078669678	0.05130129520858956	-0.0541881962796009	False	False
RANDOM_0700	0.279058327475762	0.267205293618414	0.273131810547088	0.267205293618414	True	False
RANDOM_0701	-0.0317411113839814	0.30504719436813	0.1366530414920743	-0.0317411113839814	False	False
RANDOM_0702	0.083319284071672	0.329044844963545	0.2061820645176085	0.083319284071672	True	False
RANDOM_0703	0.0642404139427546	0.0524988287523159	0.058369621347535254	0.0524988287523159	True	False
RANDOM_0704	-0.0294682321391891	0.195008153409921	0.08276996063536596	-0.0294682321391891	False	False
RANDOM_0705	0.575989580545818	0.354083461595038	0.465036521070428	0.354083461595038	True	False
RANDOM_0706	0.199177594874036	0.0992394103325917	0.14920850260331386	0.0992394103325917	True	False
RANDOM_0707	0.150022466591574	-0.0585962035049315	0.04571313154332125	-0.0585962035049315	False	False
RANDOM_0708	0.216410494959128	0.0557288285165807	0.13606966173785434	0.0557288285165807	True	False
RANDOM_0709	0.0528555953249414	0.0597959800107133	0.05632578766782735	0.0528555953249414	True	False
RANDOM_0710	-0.129430850519843	0.369702995529688	0.1201360725049225	-0.129430850519843	False	False
RANDOM_0711	0.268388596601018	0.382507963772922	0.32544828018697003	0.268388596601018	True	False
RANDOM_0712	-0.091113719753227	0.0947752224925403	0.001830751369656651	-0.091113719753227	False	False
RANDOM_0713	0.298575782915934	0.227710713302455	0.2631432481091945	0.227710713302455	True	False
RANDOM_0714	0.219147193361167	0.0935182860457174	0.1563327397034422	0.0935182860457174	True	False
RANDOM_0715	-0.0063186434250266	0.433654045317831	0.21366770094640222	-0.0063186434250266	False	False
RANDOM_0716	-0.0381422672843475	0.190070021783652	0.07596387724965226	-0.0381422672843475	False	False
RANDOM_0717	0.290145820189388	0.268542565491789	0.27934419284058853	0.268542565491789	True	False
RANDOM_0718	0.258165403951831	0.0008181556750207	0.12949177981342586	0.0008181556750207	True	False
RANDOM_0719	0.231544800912949	0.174827002730763	0.20318590182185597	0.174827002730763	True	False
RANDOM_0720	-0.0319664448443693	-0.0451867165521508	-0.038576580698260046	-0.0451867165521508	False	False
RANDOM_0721	0.730102853686589	0.15801621334658	0.4440595335165845	0.15801621334658	True	False
RANDOM_0722	0.108856953234999	0.0619311409661534	0.0853940471005762	0.0619311409661534	True	False
RANDOM_0723	0.216547786720226	0.237649036491149	0.2270984116056875	0.216547786720226	True	False
RANDOM_0724	-0.0324516938337614	0.342583467330706	0.1550658867484723	-0.0324516938337614	False	False
RANDOM_0725	0.524287834618304	0.0380248767245853	0.28115635567144465	0.0380248767245853	True	False
RANDOM_0726	-0.432723038653085	0.232799235901932	-0.09996190137557649	-0.432723038653085	False	False
RANDOM_0727	0.581577913287922	0.193803348418425	0.38769063085317346	0.193803348418425	True	False
RANDOM_0728	0.178810237298645	-0.0355395563009405	0.07163534049885226	-0.0355395563009405	False	False
RANDOM_0729	0.296359091191102	-0.339880116404275	-0.021760512606586513	-0.339880116404275	False	False
RANDOM_0730	0.106973405915722	-0.169012387403237	-0.031019490743757504	-0.169012387403237	False	False
RANDOM_0731	0.367862603816845	0.308266654860786	0.33806462933881554	0.308266654860786	True	False
RANDOM_0732	0.213355936158368	0.0804331725122858	0.1468945543353269	0.0804331725122858	True	False
RANDOM_0733	-0.196117054312711	0.306584293938669	0.05523361981297899	-0.196117054312711	False	False
RANDOM_0734	0.0483102791168217	0.154202012288048	0.10125614570243485	0.0483102791168217	True	False
RANDOM_0735	0.351158820179784	0.292900605940079	0.3220297130599315	0.292900605940079	True	False
RANDOM_0736	-0.0197740247184149	-0.0497121426392582	-0.03474308367883655	-0.0497121426392582	False	False
RANDOM_0737	0.324544208849938	0.156382216810808	0.240463212830373	0.156382216810808	True	False
RANDOM_0738	-0.249788560486147	0.170901117056849	-0.03944372171464901	-0.249788560486147	False	False
RANDOM_0739	0.188712868585529	0.243760634213692	0.21623675139961052	0.188712868585529	True	False
RANDOM_0740	0.112034476742401	0.33817568420855	0.2251050804754755	0.112034476742401	True	False
RANDOM_0741	0.345016322067349	0.31214429454854	0.3285803083079445	0.31214429454854	True	False
RANDOM_0742	0.211627630340942	0.168287644437538	0.18995763738923999	0.168287644437538	True	False
RANDOM_0743	0.210192449786742	0.100905540950095	0.1555489953684185	0.100905540950095	True	False
RANDOM_0744	0.0856189179816247	0.241787401189055	0.16370315958533985	0.0856189179816247	True	False
RANDOM_0745	-0.0363343251360753	0.251996022509326	0.10783084868662536	-0.0363343251360753	False	False
RANDOM_0746	0.337985925654699	0.250696233153078	0.2943410794038885	0.250696233153078	True	False
RANDOM_0747	0.375629233445778	-0.0210346143485895	0.17729730954859424	-0.0210346143485895	False	False
RANDOM_0748	-0.0712992377043461	0.150953773858332	0.03982726807699295	-0.0712992377043461	False	False
RANDOM_0749	0.270663983555061	0.0591010299380403	0.16488250674655064	0.0591010299380403	True	False
RANDOM_0750	-0.2081035230887	-0.0058773164225917	-0.10699041975564585	-0.2081035230887	False	False
RANDOM_0751	0.171697861453845	0.0014019180610538	0.0865498897574494	0.0014019180610538	True	False
RANDOM_0752	0.559936360310422	0.313405234522588	0.43667079741650505	0.313405234522588	True	False
RANDOM_0753	0.439098209677521	0.0442230612144996	0.2416606354460103	0.0442230612144996	True	False
RANDOM_0754	0.235340861191964	-0.148263357324244	0.043538751933860004	-0.148263357324244	False	False
RANDOM_0755	-0.0916474037745972	0.224259071099615	0.06630583366250889	-0.0916474037745972	False	False
RANDOM_0756	0.426802764656738	-0.0949644014687211	0.16591918159400845	-0.0949644014687211	False	False
RANDOM_0757	0.37183712733193	0.24989064726823	0.31086388730007997	0.24989064726823	True	False
RANDOM_0758	0.533522494332321	-0.150577187545429	0.191472653393446	-0.150577187545429	False	False
RANDOM_0759	0.0776606881563658	0.0174512711208869	0.04755597963862635	0.0174512711208869	True	False
RANDOM_0760	0.0755276180251989	0.118204666783035	0.09686614240411695	0.0755276180251989	True	False
RANDOM_0761	0.0869234915749611	0.414536008306595	0.250729749940778	0.0869234915749611	True	False
RANDOM_0762	0.469676990313049	0.201560734322665	0.335618862317857	0.201560734322665	True	False
RANDOM_0763	0.0835434300369811	0.153315210568761	0.11842932030287104	0.0835434300369811	True	False
RANDOM_0764	0.407664655789737	0.10964603474786	0.2586553452687985	0.10964603474786	True	False
RANDOM_0765	0.237376027118568	-0.116216785411862	0.060579620853353	-0.116216785411862	False	False
RANDOM_0766	0.35788491716413	-0.264135853543322	0.04687453181040402	-0.264135853543322	False	False
RANDOM_0767	0.077068251791481	-0.0264617504894317	0.02530325065102465	-0.0264617504894317	False	False
RANDOM_0768	0.0274592426878404	-0.144428534746902	-0.0584846460295308	-0.144428534746902	False	False
RANDOM_0769	0.607176515152527	0.345071587533683	0.476124051343105	0.345071587533683	True	False
RANDOM_0770	0.302062713794013	-0.0289110224848936	0.1365758456545597	-0.0289110224848936	False	False
RANDOM_0771	-0.618756374797441	-0.0379368747052643	-0.3283466247513526	-0.618756374797441	False	False
RANDOM_0772	-0.0855604082448693	0.254374748357391	0.08440717005626085	-0.0855604082448693	False	False
RANDOM_0773	-0.0474876704212504	0.301260071598453	0.1268862005886013	-0.0474876704212504	False	False
RANDOM_0774	0.103018941714286	-0.0355504334393368	0.03373425413747459	-0.0355504334393368	False	False
RANDOM_0775	0.240734029963417	0.340162464851677	0.290448247407547	0.240734029963417	True	False
RANDOM_0776	0.520185290541348	0.0284514084296253	0.27431834948548667	0.0284514084296253	True	False
RANDOM_0777	0.538843526945996	0.237929002916372	0.388386264931184	0.237929002916372	True	False
RANDOM_0778	-0.126139027636853	0.208842787651503	0.041351880007324995	-0.126139027636853	False	False
RANDOM_0779	0.444527335310684	0.392523501503037	0.4185254184068605	0.392523501503037	True	False
RANDOM_0780	0.33328329489682	-0.0513849744169895	0.14094916023991527	-0.0513849744169895	False	False
RANDOM_0781	0.35387049202378	-0.004361003299868	0.174754744361956	-0.004361003299868	False	False
RANDOM_0782	0.330850591681921	0.210212742774859	0.27053166722839	0.210212742774859	True	False
RANDOM_0783	0.348067732753374	0.0790085220903242	0.2135381274218491	0.0790085220903242	True	False
RANDOM_0784	0.309511292541617	0.186004066325628	0.2477576794336225	0.186004066325628	True	False
RANDOM_0785	0.0288505082615281	0.150087197634373	0.08946885294795055	0.0288505082615281	True	False
RANDOM_0786	0.208743004816997	0.255581521046235	0.23216226293161601	0.208743004816997	True	False
RANDOM_0787	-0.0037680137966193	0.100587325128802	0.04840965566609135	-0.0037680137966193	False	False
RANDOM_0788	0.467644774955054	0.141413574676814	0.304529174815934	0.141413574676814	True	False
RANDOM_0789	0.071653309150478	0.273714956702894	0.172684132926686	0.071653309150478	True	False
RANDOM_0790	0.189240707528114	0.421139788819902	0.30519024817400797	0.189240707528114	True	False
RANDOM_0791	0.565668691395632	-0.166437145568784	0.19961577291342403	-0.166437145568784	False	False
RANDOM_0792	0.366479578342438	0.227133872372534	0.296806725357486	0.227133872372534	True	False
RANDOM_0793	0.0511115519832492	-0.156692727537308	-0.0527905877770294	-0.156692727537308	False	False
RANDOM_0794	0.749345775266815	0.0761211789669232	0.4127334771168691	0.0761211789669232	True	False
RANDOM_0795	-0.415829509289376	0.224478206392338	-0.095675651448519	-0.415829509289376	False	False
RANDOM_0796	0.569006345759076	0.0464590235629164	0.30773268466099624	0.0464590235629164	True	False
RANDOM_0797	0.136352342317503	0.0763726611342774	0.10636250172589021	0.0763726611342774	True	False
RANDOM_0798	-0.125439314509957	0.220909255951945	0.047734970720994	-0.125439314509957	False	False
RANDOM_0799	0.0265193247090691	0.0889074696363089	0.057713397172689	0.0265193247090691	True	False
RANDOM_0800	0.727793466780999	0.216532712986839	0.472163089883919	0.216532712986839	True	False
RANDOM_0801	0.086103788658731	0.251063849454974	0.1685838190568525	0.086103788658731	True	False
RANDOM_0802	0.534993804000457	0.236719901332362	0.3858568526664095	0.236719901332362	True	False
RANDOM_0803	-0.102398401568536	0.0456271346237704	-0.028385633472382796	-0.102398401568536	False	False
RANDOM_0804	-0.0212323888948723	0.0421671389885529	0.0104673750468403	-0.0212323888948723	False	False
RANDOM_0805	-0.122160055263167	0.0929617942300645	-0.014599130516551255	-0.122160055263167	False	False
RANDOM_0806	-0.140368828442977	-0.0163121000093384	-0.0783404642261577	-0.140368828442977	False	False
RANDOM_0807	0.603137307230102	-0.115368559008751	0.24388437411067548	-0.115368559008751	False	False
RANDOM_0808	0.676175650118933	0.0406571328757712	0.3584163914973521	0.0406571328757712	True	False
RANDOM_0809	0.393443396151516	0.245310026877245	0.3193767115143805	0.245310026877245	True	False
RANDOM_0810	-0.152312294168241	0.200400202573857	0.024043954202808	-0.152312294168241	False	False
RANDOM_0811	-0.0464227056526974	0.223141002057649	0.0883591482024758	-0.0464227056526974	False	False
RANDOM_0812	0.30852383190939	-0.306183409261302	0.0011702113240439904	-0.306183409261302	False	False
RANDOM_0813	0.0625251188340509	0.228609927547193	0.14556752319062194	0.0625251188340509	True	False
RANDOM_0814	0.144803250072119	-0.19787460499275	-0.0265356774603155	-0.19787460499275	False	False
RANDOM_0815	0.695761256734634	0.0738969498843874	0.3848291033095107	0.0738969498843874	True	False
RANDOM_0816	-0.114854799622256	0.252394983743754	0.06877009206074901	-0.114854799622256	False	False
RANDOM_0817	0.219004623547445	-0.0920761864502155	0.06346421854861475	-0.0920761864502155	False	False
RANDOM_0818	0.611224997662805	0.13390787667585	0.3725664371693275	0.13390787667585	True	False
RANDOM_0819	0.237890947567274	0.230153428473547	0.2340221880204105	0.230153428473547	True	False
RANDOM_0820	0.384002674445999	0.207758478411534	0.29588057642876653	0.207758478411534	True	False
RANDOM_0821	0.786265180397875	-0.0969353642516599	0.3446649080731075	-0.0969353642516599	False	False
RANDOM_0822	-0.292051878011878	0.297022043123052	0.0024850825555870204	-0.292051878011878	False	False
RANDOM_0823	0.222230542913789	0.203927230485034	0.2130788866994115	0.203927230485034	True	False
RANDOM_0824	-0.110735238844854	0.472415164432251	0.18083996279369852	-0.110735238844854	False	False
RANDOM_0825	0.123008441688531	-0.149635427029787	-0.013313492670627994	-0.149635427029787	False	False
RANDOM_0826	0.137291908649992	0.223467755416956	0.180379832033474	0.137291908649992	True	False
RANDOM_0827	0.185369764348564	0.0798640496403512	0.1326169069944576	0.0798640496403512	True	False
RANDOM_0828	0.225757713785143	0.0080664462333955	0.11691208000926925	0.0080664462333955	True	False
RANDOM_0829	0.286195862378481	0.282059280556203	0.284127571467342	0.282059280556203	True	False
RANDOM_0830	0.0148200744372588	-0.170375673980818	-0.0777777997717796	-0.170375673980818	False	False
RANDOM_0831	0.522347482325973	-0.228003095844837	0.14717219324056796	-0.228003095844837	False	False
RANDOM_0832	0.0795143971362922	0.0227845869230041	0.05114949202964815	0.0227845869230041	True	False
RANDOM_0833	0.429847246114881	0.125902372221038	0.2778748091679595	0.125902372221038	True	False
RANDOM_0834	0.703225164310431	0.188029948179119	0.445627556244775	0.188029948179119	True	False
RANDOM_0835	0.359267340862559	0.113711568041861	0.23648945445221	0.113711568041861	True	False
RANDOM_0836	0.483933610011782	0.215047954786275	0.3494907823990285	0.215047954786275	True	False
RANDOM_0837	0.421535202438043	0.183711694976283	0.302623448707163	0.183711694976283	True	False
RANDOM_0838	-0.0308679818757599	0.230922497620661	0.10002725787245055	-0.0308679818757599	False	False
RANDOM_0839	0.367939226466322	0.0926206821164712	0.23027995429139658	0.0926206821164712	True	False
RANDOM_0840	0.145787650755053	0.395405383014417	0.270596516884735	0.145787650755053	True	False
RANDOM_0841	0.0777741332743823	0.236702243310511	0.15723818829244665	0.0777741332743823	True	False
RANDOM_0842	0.264245638183491	0.0107401637955685	0.13749290098952976	0.0107401637955685	True	False
RANDOM_0843	0.603661986484983	0.0173015892471533	0.31048178786606817	0.0173015892471533	True	False
RANDOM_0844	0.316263317128638	0.219890979484223	0.2680771483064305	0.219890979484223	True	False
RANDOM_0845	0.0628997635728659	0.26323358093302	0.16306667225294297	0.0628997635728659	True	False
RANDOM_0846	-0.39649841943633	0.31872834072347	-0.03888503935643001	-0.39649841943633	False	False
RANDOM_0847	0.533967853941775	-0.142319006006795	0.19582442396749	-0.142319006006795	False	False
RANDOM_0848	0.42732986814692	-0.0071779432695659	0.21007596243867704	-0.0071779432695659	False	False
RANDOM_0849	0.109878437257892	0.0198129137746616	0.06484567551627679	0.0198129137746616	True	False
RANDOM_0850	0.336655829548957	0.292819631639317	0.314737730594137	0.292819631639317	True	False
RANDOM_0851	0.143161911589118	-0.13024948372929	0.006456213929914009	-0.13024948372929	False	False
RANDOM_0852	-0.570149204093197	0.0867545209530166	-0.2416973415700902	-0.570149204093197	False	False
RANDOM_0853	0.173975559740747	0.217651092590818	0.1958133261657825	0.173975559740747	True	False
RANDOM_0854	-0.0474585757197571	0.177266225650817	0.06490382496552996	-0.0474585757197571	False	False
RANDOM_0855	0.351353665014942	0.293816923701332	0.322585294358137	0.293816923701332	True	False
RANDOM_0856	0.291779156084498	-0.248986370394769	0.021396392844864498	-0.248986370394769	False	False
RANDOM_0857	0.714556015251069	0.307209402167218	0.5108827087091435	0.307209402167218	True	False
RANDOM_0858	-0.314885454463817	0.173973183081432	-0.0704561356911925	-0.314885454463817	False	False
RANDOM_0859	-0.30691785157573	-0.0405327192958537	-0.17372528543579185	-0.30691785157573	False	False
RANDOM_0860	0.261782230606711	-0.041934558254657	0.10992383617602701	-0.041934558254657	False	False
RANDOM_0861	0.300273539383007	0.0267745963671743	0.16352406787509063	0.0267745963671743	True	False
RANDOM_0862	0.361246180026088	0.14634889141289	0.253797535719489	0.14634889141289	True	False
RANDOM_0863	0.549935765589044	0.366136741719549	0.4580362536542965	0.366136741719549	True	False
RANDOM_0864	0.236860980950743	-0.132002409208727	0.05242928587100801	-0.132002409208727	False	False
RANDOM_0865	-0.0302571803082897	0.4081865512445	0.18896468546810513	-0.0302571803082897	False	False
RANDOM_0866	0.0333513201013104	0.311813456032307	0.1725823880668087	0.0333513201013104	True	False
RANDOM_0867	-0.0790587817708377	0.169796934832071	0.045369076530616656	-0.0790587817708377	False	False
RANDOM_0868	0.310434019525885	0.268559906824813	0.289496963175349	0.268559906824813	True	False
RANDOM_0869	-0.124959096335002	0.0523241104469867	-0.03631749294400766	-0.124959096335002	False	False
RANDOM_0870	0.193595076952439	-0.0668907023473328	0.0633521873025531	-0.0668907023473328	False	False
RANDOM_0871	0.117141489247127	0.111474355952171	0.114307922599649	0.111474355952171	True	False
RANDOM_0872	-0.0960076831862396	0.156277728570773	0.030135022692266693	-0.0960076831862396	False	False
RANDOM_0873	-0.193070952055112	-0.0634233576396582	-0.12824715484738508	-0.193070952055112	False	False
RANDOM_0874	-0.261075263024411	0.305813653667807	0.02236919532169801	-0.261075263024411	False	False
RANDOM_0875	0.319032963041804	0.567543329581964	0.44328814631188396	0.319032963041804	True	False
RANDOM_0876	-0.267571798953813	0.0719283380657794	-0.09782173044401679	-0.267571798953813	False	False
RANDOM_0877	0.117857996033178	0.155171054898703	0.1365145254659405	0.117857996033178	True	False
RANDOM_0878	0.771144594917561	0.0449306751001731	0.4080376350088671	0.0449306751001731	True	False
RANDOM_0879	0.225316261292006	-0.156141231499268	0.03458751489636899	-0.156141231499268	False	False
RANDOM_0880	0.276118793214253	0.0873940220929986	0.18175640765362577	0.0873940220929986	True	False
RANDOM_0881	0.247202675104622	0.165309609280227	0.2062561421924245	0.165309609280227	True	False
RANDOM_0882	0.545995926666132	0.0590943063348	0.30254511650046595	0.0590943063348	True	False
RANDOM_0883	-0.126507281910104	-0.0664343393519977	-0.09647081063105084	-0.126507281910104	False	False
RANDOM_0884	0.229331690021303	0.13419712014849	0.1817644050848965	0.13419712014849	True	False
RANDOM_0885	0.537821064360506	0.158494976006482	0.348158020183494	0.158494976006482	True	False
RANDOM_0886	0.361607433990416	0.270877541585137	0.3162424877877765	0.270877541585137	True	False
RANDOM_0887	0.0040170456007635	0.208697054168171	0.10635704988446724	0.0040170456007635	True	False
RANDOM_0888	0.163804274313357	0.174673564345133	0.169238919329245	0.163804274313357	True	False
RANDOM_0889	0.148328517997236	0.0224427180698497	0.08538561803354286	0.0224427180698497	True	False
RANDOM_0890	-0.105274554962158	0.242662038252758	0.06869374164530001	-0.105274554962158	False	False
RANDOM_0891	-0.299109610304876	0.329461407618657	0.015175898656890507	-0.299109610304876	False	False
RANDOM_0892	-0.0076578380331887	-0.152853011595606	-0.08025542481439735	-0.152853011595606	False	False
RANDOM_0893	0.081276327518472	-0.206226990374218	-0.062475331427872996	-0.206226990374218	False	False
RANDOM_0894	0.11324269050424	0.242702298722536	0.177972494613388	0.11324269050424	True	False
RANDOM_0895	-0.644832149987746	-0.0854257289559351	-0.36512893947184055	-0.644832149987746	False	False
RANDOM_0896	0.0258675665862925	0.138830805603474	0.08234918609488324	0.0258675665862925	True	False
RANDOM_0897	0.43083845808156	0.272469379761697	0.3516539189216285	0.272469379761697	True	False
RANDOM_0898	0.638747987724481	0.127045105892972	0.38289654680872653	0.127045105892972	True	False
RANDOM_0899	0.452227705616134	-0.039139696706551	0.2065440044547915	-0.039139696706551	False	False
RANDOM_0900	0.325109039892858	0.0904785736739135	0.20779380678338574	0.0904785736739135	True	False
RANDOM_0901	0.203301955988388	0.256575049549697	0.22993850276904249	0.203301955988388	True	False
RANDOM_0902	0.0528232086880659	0.0743014852441782	0.06356234696612205	0.0528232086880659	True	False
RANDOM_0903	0.259958662650706	0.18816336250927	0.224061012579988	0.18816336250927	True	False
RANDOM_0904	0.0492491890409502	0.121611705907584	0.08543044747426709	0.0492491890409502	True	False
RANDOM_0905	0.64642964998765	0.0635141589593796	0.3549719044735148	0.0635141589593796	True	False
RANDOM_0906	0.595350328111549	0.0218762211965685	0.30861327465405874	0.0218762211965685	True	False
RANDOM_0907	0.0082029715159832	0.0968028966436998	0.0525029340798415	0.0082029715159832	True	False
RANDOM_0908	-0.189480228237697	0.415940247028157	0.11323000939523001	-0.189480228237697	False	False
RANDOM_0909	0.448949421477077	-0.0726226177331304	0.1881634018719733	-0.0726226177331304	False	False
RANDOM_0910	-0.224721194312403	0.462559614974105	0.11891921033085101	-0.224721194312403	False	False
RANDOM_0911	0.259459381714243	0.290539188491311	0.274999285102777	0.259459381714243	True	False
RANDOM_0912	0.262455546000855	0.121401202713898	0.1919283743573765	0.121401202713898	True	False
RANDOM_0913	0.809368181909779	0.256239369879671	0.532803775894725	0.256239369879671	True	False
RANDOM_0914	-0.338517041471788	0.293631161680765	-0.02244293989551152	-0.338517041471788	False	False
RANDOM_0915	0.507366703517898	-0.157289421644423	0.17503864093673752	-0.157289421644423	False	False
RANDOM_0916	0.589329681985852	-0.0982340620027028	0.2455478099915746	-0.0982340620027028	False	False
RANDOM_0917	0.286722985902248	0.134362637937309	0.21054281191977847	0.134362637937309	True	False
RANDOM_0918	0.36077658379049	0.104284581898463	0.2325305828444765	0.104284581898463	True	False
RANDOM_0919	0.547521919462285	-0.108679019312155	0.219421450075065	-0.108679019312155	False	False
RANDOM_0920	0.237035520298065	0.318328081096796	0.2776818006974305	0.237035520298065	True	False
RANDOM_0921	0.163711889347955	0.332763644797886	0.2482377670729205	0.163711889347955	True	False
RANDOM_0922	0.325151353583115	0.0226453445246977	0.17389834905390633	0.0226453445246977	True	False
RANDOM_0923	0.385936554829185	0.124634168976271	0.255285361902728	0.124634168976271	True	False
RANDOM_0924	0.417684923833894	0.37933193501442	0.398508429424157	0.37933193501442	True	False
RANDOM_0925	0.407196458307495	0.265522129083398	0.3363592936954465	0.265522129083398	True	False
RANDOM_0926	0.0538615257417788	0.0141413608742508	0.0340014433080148	0.0141413608742508	True	False
RANDOM_0927	0.14691079866809	0.213450038601101	0.1801804186345955	0.14691079866809	True	False
RANDOM_0928	1.09804956721003	0.156027649194166	0.627038608202098	0.156027649194166	True	False
RANDOM_0929	-0.309038805809813	0.239509725786052	-0.03476454001188051	-0.309038805809813	False	False
RANDOM_0930	0.0410726542148542	0.150115087160336	0.0955938706875951	0.0410726542148542	True	False
RANDOM_0931	0.129965872826232	0.117778885251328	0.12387237903878001	0.117778885251328	True	False
RANDOM_0932	0.0829150153922679	0.210860730415181	0.14688787290372446	0.0829150153922679	True	False
RANDOM_0933	-0.0376009627643891	0.202430242566256	0.08241463990093345	-0.0376009627643891	False	False
RANDOM_0934	0.0545604764188771	0.204333622429757	0.12944704942431706	0.0545604764188771	True	False
RANDOM_0935	0.0784030923730942	-0.0644078477915421	0.006997622290776051	-0.0644078477915421	False	False
RANDOM_0936	0.283266903694907	0.0329752354923037	0.15812106959360533	0.0329752354923037	True	False
RANDOM_0937	-0.0062787532046972	0.256413216010119	0.12506723140271092	-0.0062787532046972	False	False
RANDOM_0938	-0.434252750942516	-0.0748732484766179	-0.2545629997095669	-0.434252750942516	False	False
RANDOM_0939	0.109238559068253	0.376546345736537	0.242892452402395	0.109238559068253	True	False
RANDOM_0940	0.13823780814222	0.280538080099331	0.2093879441207755	0.13823780814222	True	False
RANDOM_0941	0.716159945787712	0.0475696704109007	0.38186480809930634	0.0475696704109007	True	False
RANDOM_0942	0.279247092523629	0.179335929609376	0.2292915110665025	0.179335929609376	True	False
RANDOM_0943	0.340332670818561	0.0239949573569779	0.18216381408776944	0.0239949573569779	True	False
RANDOM_0944	0.0634709440503924	0.112269209268303	0.0878700766593477	0.0634709440503924	True	False
RANDOM_0945	0.443953638882446	0.171323957192275	0.3076387980373605	0.171323957192275	True	False
RANDOM_0946	-0.250656253799969	0.0329271789106818	-0.10886453744464358	-0.250656253799969	False	False
RANDOM_0947	-0.0640002561844323	0.406655037736546	0.17132739077605685	-0.0640002561844323	False	False
RANDOM_0948	0.260221040796071	-0.0821020617281567	0.08905948953395715	-0.0821020617281567	False	False
RANDOM_0949	-0.0589811213772549	0.107421214835371	0.02422004672905805	-0.0589811213772549	False	False
RANDOM_0950	0.0121263262872356	-0.0087566884850571	0.0016848189010892495	-0.0087566884850571	False	False
RANDOM_0951	-0.112708986999269	-0.130078437761749	-0.121393712380509	-0.130078437761749	False	False
RANDOM_0952	0.167237246158197	0.0963435845481963	0.13179041535319663	0.0963435845481963	True	False
RANDOM_0953	0.450742340095328	0.0377476081641115	0.24424497412971974	0.0377476081641115	True	False
RANDOM_0954	0.796258273186423	0.121088479364771	0.45867337627559696	0.121088479364771	True	False
RANDOM_0955	0.156425235499544	0.108017697790226	0.13222146664488502	0.108017697790226	True	False
RANDOM_0956	-0.357721296985358	-0.0968904808021235	-0.22730588889374073	-0.357721296985358	False	False
RANDOM_0957	0.0926957767613369	0.0043994905715877	0.0485476336664623	0.0043994905715877	True	False
RANDOM_0958	-0.071943340793702	0.137718534253324	0.032887596729811	-0.071943340793702	False	False
RANDOM_0959	0.363696503829951	0.231836972122409	0.29776673797618003	0.231836972122409	True	False
RANDOM_0960	0.0392782580940216	0.142592819764028	0.0909355389290248	0.0392782580940216	True	False
RANDOM_0961	0.155004348692564	0.487379306643246	0.321191827667905	0.155004348692564	True	False
RANDOM_0962	0.50007245134247	0.291987555327492	0.396030003334981	0.291987555327492	True	False
RANDOM_0963	0.0756142437516721	0.143147927130126	0.10938108544089906	0.0756142437516721	True	False
RANDOM_0964	0.0946123709390538	0.149802200335854	0.1222072856374539	0.0946123709390538	True	False
RANDOM_0965	0.310666266261891	-0.17773403944282	0.06646611340953548	-0.17773403944282	False	False
RANDOM_0966	0.455373449135996	-0.0012067664327788	0.2270833413516086	-0.0012067664327788	False	False
RANDOM_0967	0.361714658161062	0.0957746645336377	0.22874466134734986	0.0957746645336377	True	False
RANDOM_0968	0.15428928597024	-0.117896811585521	0.0181962371923595	-0.117896811585521	False	False
RANDOM_0969	0.385211436158044	0.273941024610791	0.3295762303844175	0.273941024610791	True	False
RANDOM_0970	0.350586924294049	0.0601360960889842	0.20536151019151658	0.0601360960889842	True	False
RANDOM_0971	0.208563494044027	0.226302372735532	0.21743293338977948	0.208563494044027	True	False
RANDOM_0972	0.199993205124315	0.220218289234992	0.21010574717965352	0.199993205124315	True	False
RANDOM_0973	0.218330838329926	0.243106128477171	0.2307184834035485	0.218330838329926	True	False
RANDOM_0974	0.0784011395512125	-0.0583446375604493	0.010028250995381599	-0.0583446375604493	False	False
RANDOM_0975	0.111977707484078	-0.200959227342771	-0.0444907599293465	-0.200959227342771	False	False
RANDOM_0976	0.412519606153459	0.16981291411867	0.2911662601360645	0.16981291411867	True	False
RANDOM_0977	-0.088152700304789	0.456218581758479	0.184032940726845	-0.088152700304789	False	False
RANDOM_0978	0.558675112577425	-0.0104558589070406	0.2741096268351922	-0.0104558589070406	False	False
RANDOM_0979	0.616017342435758	-0.0408596546113135	0.28757884391222227	-0.0408596546113135	False	False
RANDOM_0980	0.263741571591722	0.221954214078274	0.24284789283499802	0.221954214078274	True	False
RANDOM_0981	-0.344835011489161	0.230356844444994	-0.05723908352208351	-0.344835011489161	False	False
RANDOM_0982	0.337980549592988	0.185851336506036	0.261915943049512	0.185851336506036	True	False
RANDOM_0983	-0.269129065160447	-0.0506515642264695	-0.15989031469345824	-0.269129065160447	False	False
RANDOM_0984	0.226366167153498	0.207662142020667	0.2170141545870825	0.207662142020667	True	False
RANDOM_0985	-0.0736244040926051	0.0267052725803094	-0.023459565756147847	-0.0736244040926051	False	False
RANDOM_0986	0.157470829704935	0.131284943029263	0.144377886367099	0.131284943029263	True	False
RANDOM_0987	-0.0982315600530983	0.0544097706777595	-0.0219108946876694	-0.0982315600530983	False	False
RANDOM_0988	0.388348163281822	0.108541468017772	0.24844481564979698	0.108541468017772	True	False
RANDOM_0989	0.186045829179273	0.0578069211274946	0.12192637515338381	0.0578069211274946	True	False
RANDOM_0990	0.320287167094427	0.0926273023056193	0.20645723470002314	0.0926273023056193	True	False
RANDOM_0991	0.325242248870217	-0.296361024615482	0.014440612127367497	-0.296361024615482	False	False
RANDOM_0992	0.34493198257226	-0.0108470296329414	0.1670424764696593	-0.0108470296329414	False	False
RANDOM_0993	-0.351903577001432	0.233411799081045	-0.05924588896019349	-0.351903577001432	False	False
RANDOM_0994	0.369774087971759	0.424339281965409	0.397056684968584	0.369774087971759	True	False
RANDOM_0995	-0.410410120638446	0.0950393521672718	-0.1576853842355871	-0.410410120638446	False	False
RANDOM_0996	0.0906217538360305	0.070653569013856	0.08063766142494325	0.070653569013856	True	False
RANDOM_0997	0.506363864554513	-0.0828213612930677	0.21177125163072263	-0.0828213612930677	False	False
RANDOM_0998	0.557491439798282	0.224425473611402	0.390958456704842	0.224425473611402	True	False
RANDOM_0999	0.506572753303949	0.106124837561564	0.3063487954327565	0.106124837561564	True	False
RANDOM_1000	0.182299243883245	-0.229988271536237	-0.023844513826495994	-0.229988271536237	False	False
RANDOM_1001	0.168049514197072	0.27075565509157	0.219402584644321	0.168049514197072	True	False
RANDOM_1002	-0.0228108331368403	0.0804759494042946	0.028832558133727152	-0.0228108331368403	False	False
RANDOM_1003	-0.0568712014640709	0.0102720027228343	-0.0232995993706183	-0.0568712014640709	False	False
RANDOM_1004	0.0902307719780672	0.370031400310575	0.2301310861443211	0.0902307719780672	True	False
RANDOM_1005	0.409721442115044	0.0185714808595496	0.21414646148729682	0.0185714808595496	True	False
RANDOM_1006	0.282359918226322	0.508551219519543	0.3954555688729325	0.282359918226322	True	False
RANDOM_1007	0.135787345420347	-0.0480017584319502	0.043892793494198404	-0.0480017584319502	False	False
RANDOM_1008	0.53982018186133	-0.0810184223315778	0.22940087976487608	-0.0810184223315778	False	False
RANDOM_1009	0.108394885980775	-0.0698262352444382	0.019284325368168397	-0.0698262352444382	False	False
RANDOM_1010	0.324085855303526	0.0318598130974546	0.17797283420049032	0.0318598130974546	True	False
RANDOM_1011	-0.146518215173425	0.285443789488997	0.069462787157786	-0.146518215173425	False	False
RANDOM_1012	-0.334795923259263	-0.0500559635658534	-0.1924259434125582	-0.334795923259263	False	False
RANDOM_1013	0.459138696437425	0.0734790528006419	0.26630887461903346	0.0734790528006419	True	False
RANDOM_1014	-0.441760949478929	-0.105441825877549	-0.273601387678239	-0.441760949478929	False	False
RANDOM_1015	-0.197314290733806	-0.0753819187425709	-0.13634810473818845	-0.197314290733806	False	False
RANDOM_1016	0.539718178260995	-0.160680263088195	0.1895189575864	-0.160680263088195	False	False
RANDOM_1017	0.444460483430255	0.285634631673026	0.36504755755164053	0.285634631673026	True	False
RANDOM_1018	0.253723299141902	-0.164339042206006	0.044692128467948	-0.164339042206006	False	False
RANDOM_1019	0.237373316883952	-0.0268952759672579	0.10523902045834704	-0.0268952759672579	False	False
RANDOM_1020	0.297059888322827	0.143625372076189	0.220342630199508	0.143625372076189	True	False
RANDOM_1021	0.43074843260796	0.346210343663771	0.38847938813586547	0.346210343663771	True	False
RANDOM_1022	-0.0485284120453968	-0.126624166810708	-0.0875762894280524	-0.126624166810708	False	False
RANDOM_1023	0.558933176397494	-0.14850997912276	0.205211598637367	-0.14850997912276	False	False
RANDOM_1024	0.0544472238032891	-0.0825855775740131	-0.014069176885361998	-0.0825855775740131	False	False
RANDOM_1025	0.527534148959127	0.155878395791217	0.341706272375172	0.155878395791217	True	False
RANDOM_1026	0.016350995147951	0.324323037004122	0.17033701607603652	0.016350995147951	True	False
RANDOM_1027	0.654287995739048	-0.0665340680298224	0.29387696385461276	-0.0665340680298224	False	False
RANDOM_1028	0.4779495383454	0.128111809522126	0.303030673933763	0.128111809522126	True	False
RANDOM_1029	0.0489129858579077	0.2371512887684	0.14303213731315384	0.0489129858579077	True	False
RANDOM_1030	0.467430064815514	-0.0102867168521768	0.2285716739816686	-0.0102867168521768	False	False
RANDOM_1031	0.134798874053434	-0.0456339732655358	0.04458245039394909	-0.0456339732655358	False	False
RANDOM_1032	0.411591049695877	0.401316759760802	0.40645390472833953	0.401316759760802	True	False
RANDOM_1033	0.316264208395932	0.445606400089894	0.380935304242913	0.316264208395932	True	False
RANDOM_1034	0.108945624242312	-0.161285609085279	-0.026169992421483504	-0.161285609085279	False	False
RANDOM_1035	0.665827503739311	0.101140687723065	0.383484095731188	0.101140687723065	True	False
RANDOM_1036	0.309595062519813	0.421492346165106	0.36554370434245953	0.309595062519813	True	False
RANDOM_1037	0.310327596896584	0.0684064220437097	0.18936700947014684	0.0684064220437097	True	False
RANDOM_1038	0.115599356170684	0.0604049605552334	0.0880021583629587	0.0604049605552334	True	False
RANDOM_1039	0.889762253073327	0.175930587488254	0.5328464202807905	0.175930587488254	True	False
RANDOM_1040	0.391272391609479	0.156080034121965	0.273676212865722	0.156080034121965	True	False
RANDOM_1041	0.0581148935753764	0.258262320398551	0.15818860698696371	0.0581148935753764	True	False
RANDOM_1042	0.0998580473439359	0.161228571487007	0.13054330941547146	0.0998580473439359	True	False
RANDOM_1043	0.0407004675990855	-0.117732231476926	-0.03851588193892025	-0.117732231476926	False	False
RANDOM_1044	0.29052942105055	0.0976911806500915	0.19411030085032077	0.0976911806500915	True	False
RANDOM_1045	0.243954114414096	0.232889371026806	0.23842174272045102	0.232889371026806	True	False
RANDOM_1046	0.297400001046776	0.216134252683923	0.2567671268653495	0.216134252683923	True	False
RANDOM_1047	0.225566571624343	0.26305247257245	0.24430952209839651	0.225566571624343	True	False
RANDOM_1048	-0.115705096781887	0.0466722350255715	-0.034516430878157756	-0.115705096781887	False	False
RANDOM_1049	0.176093591160222	-0.0136556828890046	0.0812189541356087	-0.0136556828890046	False	False
RANDOM_1050	0.329294915056915	0.405253832212901	0.367274373634908	0.329294915056915	True	False
RANDOM_1051	0.212362827709124	-0.245394504609636	-0.01651583845025599	-0.245394504609636	False	False
RANDOM_1052	0.265591080695763	0.143799571834296	0.2046953262650295	0.143799571834296	True	False
RANDOM_1053	-0.363308667483566	0.0953846306532069	-0.13396201841517955	-0.363308667483566	False	False
RANDOM_1054	0.201212780986129	-0.0407347069388299	0.08023903702364954	-0.0407347069388299	False	False
RANDOM_1055	0.0520094989230689	0.201396097823357	0.12670279837321294	0.0520094989230689	True	False
RANDOM_1056	-0.0320932387862721	-0.0340982896805725	-0.033095764233422295	-0.0340982896805725	False	False
RANDOM_1057	0.604230673349053	0.0631279157016682	0.3336792945253606	0.0631279157016682	True	False
RANDOM_1058	-0.323606631827306	0.221880855066507	-0.050862888380399485	-0.323606631827306	False	False
RANDOM_1059	0.0378928218522316	0.326194168513061	0.1820434951826463	0.0378928218522316	True	False
RANDOM_1060	0.560253647036709	0.124243727159766	0.3422486870982375	0.124243727159766	True	False
RANDOM_1061	0.914497073427834	0.241580662417635	0.5780388679227345	0.241580662417635	True	False
RANDOM_1062	-0.366094290587503	-0.157265779940295	-0.261680035263899	-0.366094290587503	False	False
RANDOM_1063	0.197311185600071	0.180554229819178	0.1889327077096245	0.180554229819178	True	False
RANDOM_1064	0.379352490441793	0.0618579910054437	0.22060524072361834	0.0618579910054437	True	False
RANDOM_1065	-0.0885562571040997	0.160116470079954	0.03578010648792715	-0.0885562571040997	False	False
RANDOM_1066	0.422879328156397	0.0246295961472693	0.22375446215183314	0.0246295961472693	True	False
RANDOM_1067	0.298759273922555	0.18937412625618	0.2440667000893675	0.18937412625618	True	False
RANDOM_1068	0.0678667741581865	0.29443099781157	0.18114888598487824	0.0678667741581865	True	False
RANDOM_1069	0.529668362995121	-0.003016817799423	0.263325772597849	-0.003016817799423	False	False
RANDOM_1070	0.056697828484522	0.384747953232915	0.2207228908587185	0.056697828484522	True	False
RANDOM_1071	0.675026196380138	0.0314676821778983	0.3532469392790182	0.0314676821778983	True	False
RANDOM_1072	0.209846724200464	0.260768410989094	0.235307567594779	0.209846724200464	True	False
RANDOM_1073	0.362425126900751	0.0665009279721799	0.21446302743646545	0.0665009279721799	True	False
RANDOM_1074	-0.211696266276684	0.149475542302051	-0.031110361987316495	-0.211696266276684	False	False
RANDOM_1075	0.362304437043597	0.122129261332241	0.242216849187919	0.122129261332241	True	False
RANDOM_1076	0.694940807719205	0.0024755826783399	0.34870819519877244	0.0024755826783399	True	False
RANDOM_1077	0.283676523491286	0.173045148910639	0.2283608362009625	0.173045148910639	True	False
RANDOM_1078	0.430253461940558	-0.302730289300173	0.06376158632019252	-0.302730289300173	False	False
RANDOM_1079	0.335216606959754	0.180030139798968	0.25762337337936103	0.180030139798968	True	False
RANDOM_1080	0.195652748137664	0.0240698586740127	0.10986130340583836	0.0240698586740127	True	False
RANDOM_1081	-0.380673403787653	0.246637979269068	-0.06701771225929251	-0.380673403787653	False	False
RANDOM_1082	0.85353794254225	0.245727620524811	0.5496327815335305	0.245727620524811	True	False
RANDOM_1083	0.0251413047440835	0.0486184282150682	0.03687986647957585	0.0251413047440835	True	False
RANDOM_1084	0.401067820803678	-0.0090555685646513	0.19600612611951335	-0.0090555685646513	False	False
RANDOM_1085	0.429180461087881	0.0177346654861457	0.22345756328701336	0.0177346654861457	True	False
RANDOM_1086	0.170831767760622	-0.0965256925931573	0.037153037583732354	-0.0965256925931573	False	False
RANDOM_1087	0.435289284995895	0.0892818676588487	0.2622855763273718	0.0892818676588487	True	False
RANDOM_1088	0.550425136073368	0.210899826524106	0.380662481298737	0.210899826524106	True	False
RANDOM_1089	0.274969419809025	0.0943715560059404	0.1846704879074827	0.0943715560059404	True	False
RANDOM_1090	0.186065006097458	0.0286623582873685	0.10736368219241324	0.0286623582873685	True	False
RANDOM_1091	-0.142699457447747	0.0287481917696114	-0.0569756328390678	-0.142699457447747	False	False
RANDOM_1092	0.365780253925689	-0.0435247377233903	0.16112775810114938	-0.0435247377233903	False	False
RANDOM_1093	0.147125293553118	0.410594780917671	0.2788600372353945	0.147125293553118	True	False
RANDOM_1094	0.158123713911589	0.049642486749808	0.1038831003306985	0.049642486749808	True	False
RANDOM_1095	0.355323721553519	0.179232220769081	0.2672779711613	0.179232220769081	True	False
RANDOM_1096	0.539597829612626	-0.0884207339551593	0.22558854782873336	-0.0884207339551593	False	False
RANDOM_1097	-0.4291159247438	0.15567791371236	-0.13671900551572	-0.4291159247438	False	False
RANDOM_1098	0.333477621804966	-0.027211814568322	0.153132903618322	-0.027211814568322	False	False
RANDOM_1099	-0.118179870471697	0.142709316334134	0.012264722931218504	-0.118179870471697	False	False
RANDOM_1100	0.628633733263679	0.0046140685283263	0.3166239008960027	0.0046140685283263	True	False
RANDOM_1101	-0.183355441426483	0.0963900758094387	-0.04348268280852215	-0.183355441426483	False	False
RANDOM_1102	0.178259385272428	0.172524257002212	0.17539182113732	0.172524257002212	True	False
RANDOM_1103	-0.0460458124749234	0.173823187350954	0.0638886874380153	-0.0460458124749234	False	False
RANDOM_1104	0.358517832627634	0.261336516030938	0.30992717432928596	0.261336516030938	True	False
RANDOM_1105	0.29623849890787	0.250992496270478	0.27361549758917403	0.250992496270478	True	False
RANDOM_1106	0.157366771949042	0.17969623774691	0.168531504847976	0.157366771949042	True	False
RANDOM_1107	0.163520356123791	0.0854400435899066	0.1244801998568488	0.0854400435899066	True	False
RANDOM_1108	-0.0051823811037722	0.076891029521748	0.0358543242089879	-0.0051823811037722	False	False
RANDOM_1109	0.377220221340129	0.108066227760545	0.242643224550337	0.108066227760545	True	False
RANDOM_1110	0.0813766399142246	0.0292009265332515	0.05528878322373805	0.0292009265332515	True	False
RANDOM_1111	-0.06913590636625	0.0175160235152142	-0.0258099414255179	-0.06913590636625	False	False
RANDOM_1112	0.208264802625031	0.0593005668115596	0.1337826847182953	0.0593005668115596	True	False
RANDOM_1113	0.279553542965814	-0.0044899107639362	0.1375318161009389	-0.0044899107639362	False	False
RANDOM_1114	0.0332216660613244	-0.102511885031155	-0.0346451094849153	-0.102511885031155	False	False
RANDOM_1115	-0.0689206249632619	0.063779717080668	-0.0025704539412969504	-0.0689206249632619	False	False
RANDOM_1116	0.580054815257742	0.115525486191678	0.34779015072471003	0.115525486191678	True	False
RANDOM_1117	0.339804841926524	0.0628546792552334	0.2013297605908787	0.0628546792552334	True	False
RANDOM_1118	0.0678272896697904	0.167198218780628	0.1175127542252092	0.0678272896697904	True	False
RANDOM_1119	0.344489522509589	-0.0947823753411261	0.12485357358423144	-0.0947823753411261	False	False
RANDOM_1120	0.0147445064276701	0.146063163443174	0.08040383493542205	0.0147445064276701	True	False
RANDOM_1121	-0.253748231535898	0.192207858871949	-0.030770186331974494	-0.253748231535898	False	False
RANDOM_1122	0.326430137782437	-0.251119030247687	0.037655553767375005	-0.251119030247687	False	False
RANDOM_1123	0.0871434192167603	0.183912845207579	0.13552813221216964	0.0871434192167603	True	False
RANDOM_1124	0.358343511729834	-0.0016127435721436	0.1783653840788452	-0.0016127435721436	False	False
RANDOM_1125	0.0046163734881797	0.134996306302708	0.06980633989544385	0.0046163734881797	True	False
RANDOM_1126	0.301934451735774	0.0915041706006279	0.19671931116820096	0.0915041706006279	True	False
RANDOM_1127	0.113548126730604	0.217949060335067	0.1657485935328355	0.113548126730604	True	False
RANDOM_1128	0.377285343651831	-0.0340459552403434	0.1716196942057438	-0.0340459552403434	False	False
RANDOM_1129	0.134412058292144	0.352076491379826	0.24324427483598499	0.134412058292144	True	False
RANDOM_1130	-0.0448828895152797	0.145147293888663	0.05013220218669164	-0.0448828895152797	False	False
RANDOM_1131	0.347600009178781	0.0603946216267517	0.20399731540276633	0.0603946216267517	True	False
RANDOM_1132	-0.142390157135681	0.192321941749552	0.024965892306935494	-0.142390157135681	False	False
RANDOM_1133	-0.0181682165144149	-0.0611006086954554	-0.03963441260493515	-0.0611006086954554	False	False
RANDOM_1134	0.1478250108023	0.0705611118251663	0.10919306131373316	0.0705611118251663	True	False
RANDOM_1135	-0.299603000175058	0.185057747374273	-0.05727262640039249	-0.299603000175058	False	False
RANDOM_1136	0.161119936406806	-0.110798833812299	0.025160551297253496	-0.110798833812299	False	False
RANDOM_1137	0.51564087848716	0.0583039767918341	0.28697242763949704	0.0583039767918341	True	False
RANDOM_1138	0.365322346620701	0.147305478367482	0.2563139124940915	0.147305478367482	True	False
RANDOM_1139	0.411272003351127	0.0755042213018559	0.24338811232649146	0.0755042213018559	True	False
RANDOM_1140	0.0446298874248456	0.278053409874576	0.1613416486497108	0.0446298874248456	True	False
RANDOM_1141	-0.174436692209264	-0.0056547995268756	-0.0900457458680698	-0.174436692209264	False	False
RANDOM_1142	-0.250141364923387	-0.149090579969645	-0.19961597244651602	-0.250141364923387	False	False
RANDOM_1143	0.0895599409247234	0.283633061203573	0.1865965010641482	0.0895599409247234	True	False
RANDOM_1144	0.228570158950179	0.0416998391834534	0.1351349990668162	0.0416998391834534	True	False
RANDOM_1145	0.0268358592601415	0.233572533482881	0.13020419637151126	0.0268358592601415	True	False
RANDOM_1146	0.147408366725603	-0.0330298056833991	0.057189280521101955	-0.0330298056833991	False	False
RANDOM_1147	0.36116524906466	-0.0639406365325383	0.14861230626606087	-0.0639406365325383	False	False
RANDOM_1148	0.158180519318072	0.398539849948481	0.2783601846332765	0.158180519318072	True	False
RANDOM_1149	0.430050242249969	0.0405523110916687	0.23530127667081885	0.0405523110916687	True	False
RANDOM_1150	0.22122550017936	0.33803319497825	0.279629347578805	0.22122550017936	True	False
RANDOM_1151	0.443630266659082	0.262417761271797	0.3530240139654395	0.262417761271797	True	False
RANDOM_1152	0.0670039967449206	0.510111251472423	0.2885576241086718	0.0670039967449206	True	False
RANDOM_1153	0.357766992351113	0.4707011079518	0.4142340501514565	0.357766992351113	True	False
RANDOM_1154	0.386701854396916	-0.108629808621799	0.1390360228875585	-0.108629808621799	False	False
RANDOM_1155	0.0285972644057282	0.0627969400183988	0.0456971022120635	0.0285972644057282	True	False
RANDOM_1156	-0.180710661747111	-0.0370404291782017	-0.10887554546265635	-0.180710661747111	False	False
RANDOM_1157	0.418759808764041	-0.0225479001550488	0.1981059543044961	-0.0225479001550488	False	False
RANDOM_1158	-0.176681407000534	0.302408053294284	0.062863323146875	-0.176681407000534	False	False
RANDOM_1159	0.433936908044858	0.0997695585931379	0.26685323331899796	0.0997695585931379	True	False
RANDOM_1160	0.150971062723245	0.112597022213095	0.13178404246817	0.112597022213095	True	False
RANDOM_1161	0.37675391640876	-0.0411025318557798	0.1678256922764901	-0.0411025318557798	False	False
RANDOM_1162	-0.0971655157323532	-0.1182160198125	-0.1076907677724266	-0.1182160198125	False	False
RANDOM_1163	0.414735565992163	0.167948321315677	0.29134194365391997	0.167948321315677	True	False
RANDOM_1164	0.0865499263738465	0.0769161531927363	0.0817330397832914	0.0769161531927363	True	False
RANDOM_1165	0.204678830844464	-0.0344601803359022	0.0851093252542809	-0.0344601803359022	False	False
RANDOM_1166	0.234903806912301	-0.147674115539324	0.043614845686488504	-0.147674115539324	False	False
RANDOM_1167	0.187321196912972	0.234037442747651	0.21067931983031152	0.187321196912972	True	False
RANDOM_1168	0.174007729264997	0.0669669129446054	0.1204873211048012	0.0669669129446054	True	False
RANDOM_1169	-0.103137516159467	0.257203343252408	0.07703291354647052	-0.103137516159467	False	False
RANDOM_1170	-0.212224783447032	0.234280964381338	0.011028090467153001	-0.212224783447032	False	False
RANDOM_1171	0.764174424431124	-0.142412497469153	0.31088096348098554	-0.142412497469153	False	False
RANDOM_1172	0.0948830447420473	0.140163142259482	0.11752309350076465	0.0948830447420473	True	False
RANDOM_1173	0.447515625291311	0.226700770106892	0.3371081976991015	0.226700770106892	True	False
RANDOM_1174	0.234616234001748	0.0195350013305142	0.1270756176661311	0.0195350013305142	True	False
RANDOM_1175	0.803232230638106	0.170414346090835	0.48682328836447053	0.170414346090835	True	False
RANDOM_1176	-0.104233073255412	-0.265711044745328	-0.18497205900037	-0.265711044745328	False	False
RANDOM_1177	0.292611366907179	0.07272399012106	0.1826676785141195	0.07272399012106	True	False
RANDOM_1178	0.0524702766216411	0.126284380703902	0.08937732866277155	0.0524702766216411	True	False
RANDOM_1179	-0.0036909186483024	-0.070323121917495	-0.0370070202828987	-0.070323121917495	False	False
RANDOM_1180	0.413194574278289	0.123865450500715	0.26853001238950197	0.123865450500715	True	False
RANDOM_1181	0.244148651183099	0.199542217785782	0.2218454344844405	0.199542217785782	True	False
RANDOM_1182	0.0834440305377321	0.267744579291502	0.17559430491461706	0.0834440305377321	True	False
RANDOM_1183	0.0593654173470407	0.397896878989549	0.22863114816829486	0.0593654173470407	True	False
RANDOM_1184	-0.0188626057942292	0.316118449176507	0.1486279216911389	-0.0188626057942292	False	False
RANDOM_1185	0.576156733277378	-0.146393887614592	0.21488142283139303	-0.146393887614592	False	False
RANDOM_1186	0.013959428455663	0.570855599227324	0.2924075138414935	0.013959428455663	True	False
RANDOM_1187	0.589296864567506	0.18068634114943	0.384991602858468	0.18068634114943	True	False
RANDOM_1188	-0.062290191145454	0.258261610079527	0.09798570946703651	-0.062290191145454	False	False
RANDOM_1189	0.207458039229905	-0.0486827559965788	0.07938764161666309	-0.0486827559965788	False	False
RANDOM_1190	-0.331243565540685	-0.051044424910924	-0.1911439952258045	-0.331243565540685	False	False
RANDOM_1191	0.368893754035081	0.12698815586732	0.2479409549512005	0.12698815586732	True	False
RANDOM_1192	0.168551773895726	-0.237640064481985	-0.03454414529312949	-0.237640064481985	False	False
RANDOM_1193	0.44695056825682	0.114795592863087	0.2808730805599535	0.114795592863087	True	False
RANDOM_1194	0.220142656746436	0.136635467397709	0.1783890620720725	0.136635467397709	True	False
RANDOM_1195	0.160554368418037	0.0428388581693616	0.1016966132936993	0.0428388581693616	True	False
RANDOM_1196	0.0128239170993118	-0.192163695518161	-0.0896698892094246	-0.192163695518161	False	False
RANDOM_1197	0.209990509442204	0.101668874131273	0.1558296917867385	0.101668874131273	True	False
RANDOM_1198	0.146558007711804	0.124667804912824	0.13561290631231399	0.124667804912824	True	False
RANDOM_1199	0.177106531387462	-0.0642134806532523	0.056446525367104844	-0.0642134806532523	False	False
RANDOM_1200	-0.0810459853660625	0.167466791542467	0.043210403088202246	-0.0810459853660625	False	False
RANDOM_1201	0.0014637772197129	-0.018259724690738	-0.00839797373551255	-0.018259724690738	False	False
RANDOM_1202	0.276111312861438	0.410942853183208	0.343527083022323	0.276111312861438	True	False
RANDOM_1203	-0.0078033310714742	0.287364431266655	0.1397805500975904	-0.0078033310714742	False	False
RANDOM_1204	0.237699305754861	0.218721403034478	0.22821035439466952	0.218721403034478	True	False
RANDOM_1205	0.23577146683713	0.178814147371867	0.2072928071044985	0.178814147371867	True	False
RANDOM_1206	0.190512297882461	0.313540171130244	0.25202623450635253	0.190512297882461	True	False
RANDOM_1207	-0.281182420567832	0.0833788786584838	-0.09890177095467409	-0.281182420567832	False	False
RANDOM_1208	0.434281242523634	-0.128046058680172	0.153117591921731	-0.128046058680172	False	False
RANDOM_1209	0.140107475943313	0.381480387630474	0.2607939317868935	0.140107475943313	True	False
RANDOM_1210	0.0706537191243147	0.48005364151636	0.27535368032033736	0.0706537191243147	True	False
RANDOM_1211	0.465667712859024	-0.0906281443562676	0.1875197842513782	-0.0906281443562676	False	False
RANDOM_1212	0.107260566504231	0.418706860072052	0.2629837132881415	0.107260566504231	True	False
RANDOM_1213	0.116414765301898	0.418126130788961	0.2672704480454295	0.116414765301898	True	False
RANDOM_1214	0.421758408405593	-0.121894468252684	0.14993197007645448	-0.121894468252684	False	False
RANDOM_1215	-0.13109842052481	0.178546272178943	0.023723925827066505	-0.13109842052481	False	False
RANDOM_1216	0.144596866009605	0.441436329833007	0.293016597921306	0.144596866009605	True	False
RANDOM_1217	0.0421816226695782	0.0255225060595605	0.03385206436456935	0.0255225060595605	True	False
RANDOM_1218	0.0522739282701538	0.0185675613217766	0.0354207447959652	0.0185675613217766	True	False
RANDOM_1219	-0.0509467541205124	0.101433091162919	0.0252431685212033	-0.0509467541205124	False	False
RANDOM_1220	0.520017461903541	0.119681492744841	0.319849477324191	0.119681492744841	True	False
RANDOM_1221	-0.417410440200518	-0.129505576151504	-0.27345800817601096	-0.417410440200518	False	False
RANDOM_1222	0.0398802264532587	0.360604195843784	0.20024221114852137	0.0398802264532587	True	False
RANDOM_1223	0.398194478950823	-0.0052533803604411	0.19647054929519095	-0.0052533803604411	False	False
RANDOM_1224	0.464664274885866	0.229742440699991	0.3472033577929285	0.229742440699991	True	False
RANDOM_1225	-0.163338583969892	-0.10645745185463	-0.134898017912261	-0.163338583969892	False	False
RANDOM_1226	0.202431463210062	0.0787453702876391	0.14058841674885056	0.0787453702876391	True	False
RANDOM_1227	0.120018868064107	0.133441305632996	0.1267300868485515	0.120018868064107	True	False
RANDOM_1228	-0.0450321824804012	-0.0972751262894567	-0.07115365438492895	-0.0972751262894567	False	False
RANDOM_1229	0.124224472696808	-0.169187792986501	-0.022481660144846496	-0.169187792986501	False	False
RANDOM_1230	0.225576097677876	-0.0345524651206468	0.0955118162786146	-0.0345524651206468	False	False
RANDOM_1231	0.398379956642882	0.0302782295697579	0.21432909310631995	0.0302782295697579	True	False
RANDOM_1232	-0.0314239360467556	0.275763670562204	0.12216986725772422	-0.0314239360467556	False	False
RANDOM_1233	0.132127522014301	0.155149792687478	0.1436386573508895	0.132127522014301	True	False
RANDOM_1234	0.241811365287904	-0.0325310419777341	0.10464016165508495	-0.0325310419777341	False	False
RANDOM_1235	0.534983078135676	0.0320644091855931	0.28352374366063454	0.0320644091855931	True	False
RANDOM_1236	0.580061936051664	-0.0400787752564914	0.2699915803975863	-0.0400787752564914	False	False
RANDOM_1237	0.214315316373957	0.148773433784435	0.18154437507919602	0.148773433784435	True	False
RANDOM_1238	-0.208437020895139	0.192156702056124	-0.008140159419507492	-0.208437020895139	False	False
RANDOM_1239	-0.263611672038991	-0.166233730505343	-0.214922701272167	-0.263611672038991	False	False
RANDOM_1240	0.0571268769968328	0.344216163640644	0.2006715203187384	0.0571268769968328	True	False
RANDOM_1241	0.636098379764509	-0.0125447127082378	0.3117768335281356	-0.0125447127082378	False	False
RANDOM_1242	0.394236722392885	0.0856577345403372	0.2399472284666111	0.0856577345403372	True	False
RANDOM_1243	0.485407019795134	0.0334399421792984	0.2594234809872162	0.0334399421792984	True	False
RANDOM_1244	0.326369109417838	0.276814802858811	0.30159195613832446	0.276814802858811	True	False
RANDOM_1245	-0.0387976808275692	-0.0163120666290537	-0.027554873728311453	-0.0387976808275692	False	False
RANDOM_1246	-0.204411346557346	-0.0580970269542188	-0.1312541867557824	-0.204411346557346	False	False
RANDOM_1247	-0.163523177861253	-0.185745042111766	-0.17463410998650952	-0.185745042111766	False	False
RANDOM_1248	0.559941943246325	0.0493354748135501	0.3046387090299375	0.0493354748135501	True	False
RANDOM_1249	0.0713802230457307	-0.142989947056589	-0.03580486200542914	-0.142989947056589	False	False
RANDOM_1250	0.229497108530608	-0.11597748991829	0.056759809306159	-0.11597748991829	False	False
RANDOM_1251	-0.0021371240620938	0.059442958418013	0.028652917177959602	-0.0021371240620938	False	False
RANDOM_1252	0.345213861601998	0.414463982629221	0.37983892211560955	0.345213861601998	True	False
RANDOM_1253	0.297828857737576	-0.0488838656692664	0.1244724960341548	-0.0488838656692664	False	False
RANDOM_1254	-0.0605855109030601	0.0657517734440037	0.0025831312704717967	-0.0605855109030601	False	False
RANDOM_1255	0.0475134218123141	0.31325812059718	0.18038577120474705	0.0475134218123141	True	False
RANDOM_1256	-0.212120720560053	0.26323259984008	0.025555939640013514	-0.212120720560053	False	False
RANDOM_1257	0.212997968291715	0.113387796500854	0.1631928823962845	0.113387796500854	True	False
RANDOM_1258	-0.33405287721031	0.112550225368881	-0.11075132592071452	-0.33405287721031	False	False
RANDOM_1259	0.14120937262055	0.295317429669534	0.218263401145042	0.14120937262055	True	False
RANDOM_1260	0.0358217305475797	0.174987974493495	0.10540485252053736	0.0358217305475797	True	False
RANDOM_1261	0.656697615714563	0.0262356075049126	0.3414666116097378	0.0262356075049126	True	False
RANDOM_1262	0.182307073888362	0.258873589705327	0.2205903317968445	0.182307073888362	True	False
RANDOM_1263	0.10458798602423	-0.136725801343441	-0.016068907659605502	-0.136725801343441	False	False
RANDOM_1264	0.523887393897576	-0.115134204377835	0.2043765947598705	-0.115134204377835	False	False
RANDOM_1265	0.191606056574263	-0.058541291390589	0.066532382591837	-0.058541291390589	False	False
RANDOM_1266	-0.350237709476664	0.203492504266698	-0.073372602604983	-0.350237709476664	False	False
RANDOM_1267	0.242342599939577	-0.0499594618818592	0.09619156902885889	-0.0499594618818592	False	False
RANDOM_1268	0.0328418493770331	0.166945137108984	0.09989349324300856	0.0328418493770331	True	False
RANDOM_1269	0.427086005816725	0.106789544615387	0.266937775216056	0.106789544615387	True	False
RANDOM_1270	-0.136264986113164	0.151590874435394	0.007662944161115001	-0.136264986113164	False	False
RANDOM_1271	0.465429822283577	-0.172746332831639	0.146341744725969	-0.172746332831639	False	False
RANDOM_1272	-0.0784610439338357	0.0248526356567669	-0.026804204138534397	-0.0784610439338357	False	False
RANDOM_1273	0.31947816856778	0.362116142276023	0.3407971554219015	0.31947816856778	True	False
RANDOM_1274	0.431549749902722	0.1794834573381	0.305516603620411	0.1794834573381	True	False
RANDOM_1275	0.273189882741496	-0.233021713264648	0.02008408473842402	-0.233021713264648	False	False
RANDOM_1276	0.0319530216575031	0.369111236896438	0.20053212927697053	0.0319530216575031	True	False
RANDOM_1277	0.343156114449276	-0.0061719344365684	0.16849209000635382	-0.0061719344365684	False	False
RANDOM_1278	0.505658565463491	-0.0372841178414487	0.23418722381102114	-0.0372841178414487	False	False
RANDOM_1279	0.233460602783368	-0.021015014304124	0.106222794239622	-0.021015014304124	False	False
RANDOM_1280	0.507269145946517	-0.215326459638297	0.14597134315410998	-0.215326459638297	False	False
RANDOM_1281	0.0641302395230161	-0.0322645803128241	0.015932829605095997	-0.0322645803128241	False	False
RANDOM_1282	0.0589783949186021	0.0665409994536674	0.06275969718613475	0.0589783949186021	True	False
RANDOM_1283	0.330902894964599	0.0259420314137601	0.17842246318917956	0.0259420314137601	True	False
RANDOM_1284	-0.425007386355615	-0.0042156214232229	-0.21461150388941896	-0.425007386355615	False	False
RANDOM_1285	0.327219351930093	0.0477977205970553	0.18750853626357414	0.0477977205970553	True	False
RANDOM_1286	0.116577901560767	0.138485058304122	0.1275314799324445	0.116577901560767	True	False
RANDOM_1287	0.0047184073645771	0.218533476533279	0.11162594194892805	0.0047184073645771	True	False
RANDOM_1288	0.336850302449347	-0.146952357667067	0.09494897239114	-0.146952357667067	False	False
RANDOM_1289	0.414915513507167	0.123150952475674	0.2690332329914205	0.123150952475674	True	False
RANDOM_1290	0.0920997160645526	0.0676592370251178	0.0798794765448352	0.0676592370251178	True	False
RANDOM_1291	0.0026690679709494	-0.215462233846196	-0.1063965829376233	-0.215462233846196	False	False
RANDOM_1292	-0.314412858225726	0.182225776699041	-0.0660935407633425	-0.314412858225726	False	False
RANDOM_1293	0.178820687217724	0.340452187769542	0.259636437493633	0.178820687217724	True	False
RANDOM_1294	0.117104549326732	0.307045261279904	0.21207490530331802	0.117104549326732	True	False
RANDOM_1295	-0.0962746926364094	0.0286682307340912	-0.0338032309511591	-0.0962746926364094	False	False
RANDOM_1296	0.672102642083346	-0.0794492288458635	0.2963267066187413	-0.0794492288458635	False	False
RANDOM_1297	0.405826759867211	0.226515403197097	0.316171081532154	0.226515403197097	True	False
RANDOM_1298	-0.239883678012548	-0.0531969830728342	-0.1465403305426911	-0.239883678012548	False	False
RANDOM_1299	0.07231030044596	-0.0376062890384979	0.01735200570373105	-0.0376062890384979	False	False
RANDOM_1300	-0.0039238530921429	0.177490717318982	0.08678343211341955	-0.0039238530921429	False	False
RANDOM_1301	0.0315732087274463	0.0826295470000512	0.057101377863748755	0.0315732087274463	True	False
RANDOM_1302	0.354673647788564	0.119406935415515	0.2370402916020395	0.119406935415515	True	False
RANDOM_1303	-0.0192509227625688	0.542142775424784	0.2614459263311076	-0.0192509227625688	False	False
RANDOM_1304	0.415504130855149	-0.0025285649929009	0.20648778293112405	-0.0025285649929009	False	False
RANDOM_1305	-0.123309770534786	0.0011381642804778	-0.0610858031271541	-0.123309770534786	False	False
RANDOM_1306	0.249054847551354	0.0054789875933712	0.1272669175723626	0.0054789875933712	True	False
RANDOM_1307	-0.0685103774407306	0.198472935510254	0.0649812790347617	-0.0685103774407306	False	False
RANDOM_1308	0.417364808259964	0.469994989055879	0.4436798986579215	0.417364808259964	True	False
RANDOM_1309	-0.087557575022176	0.112250537432592	0.012346481205208003	-0.087557575022176	False	False
RANDOM_1310	0.409657455962536	0.218365245720795	0.3140113508416655	0.218365245720795	True	False
RANDOM_1311	0.0794528211300625	0.137148587851275	0.10830070449066875	0.0794528211300625	True	False
RANDOM_1312	0.502432070499502	-0.0615487852328686	0.2204416426333167	-0.0615487852328686	False	False
RANDOM_1313	-0.254912462089996	-0.17503215760561	-0.21497230984780302	-0.254912462089996	False	False
RANDOM_1314	-0.107745451148691	0.0906630124920091	-0.008541219328340947	-0.107745451148691	False	False
RANDOM_1315	0.204066894391456	0.139135352084163	0.17160112323780952	0.139135352084163	True	False
RANDOM_1316	0.441934971680327	0.0060613748181755	0.22399817324925125	0.0060613748181755	True	False
RANDOM_1317	0.40495941143542	-0.152294055031336	0.12633267820204203	-0.152294055031336	False	False
RANDOM_1318	0.168972126901033	0.142543673471809	0.155757900186421	0.142543673471809	True	False
RANDOM_1319	0.131398809048365	0.130231320146074	0.1308150645972195	0.130231320146074	True	False
RANDOM_1320	0.129101267602077	-0.100837949682705	0.014131658959685996	-0.100837949682705	False	False
RANDOM_1321	0.354003103758245	0.216646362117944	0.2853247329380945	0.216646362117944	True	False
RANDOM_1322	0.370233957300818	0.0624408333124005	0.21633739530660925	0.0624408333124005	True	False
RANDOM_1323	0.415946727918201	0.168418125132856	0.2921824265255285	0.168418125132856	True	False
RANDOM_1324	-0.121603699890337	-0.0103026906589634	-0.0659531952746502	-0.121603699890337	False	False
RANDOM_1325	0.226898640265006	0.166405071213598	0.196651855739302	0.166405071213598	True	False
RANDOM_1326	-0.430727415046661	0.147207064907584	-0.1417601750695385	-0.430727415046661	False	False
RANDOM_1327	0.107010338014532	0.0722295037588628	0.0896199208866974	0.0722295037588628	True	False
RANDOM_1328	0.233177219274878	0.0334656604236472	0.1333214398492626	0.0334656604236472	True	False
RANDOM_1329	0.420554037699153	0.102714402313153	0.261634220006153	0.102714402313153	True	False
RANDOM_1330	-0.288917366828832	0.205776366550658	-0.041570500139087	-0.288917366828832	False	False
RANDOM_1331	0.704522518061311	0.316463464885677	0.510492991473494	0.316463464885677	True	False
RANDOM_1332	0.331507304822078	0.0493164945896043	0.19041189970584116	0.0493164945896043	True	False
RANDOM_1333	0.0987403956417915	0.270347965301052	0.18454418047142174	0.0987403956417915	True	False
RANDOM_1334	0.228022745847253	0.0417269596534319	0.13487485275034244	0.0417269596534319	True	False
RANDOM_1335	-0.0957360300489024	0.179243655905295	0.041753812928196306	-0.0957360300489024	False	False
RANDOM_1336	0.434948690771273	0.311476867321599	0.373212779046436	0.311476867321599	True	False
RANDOM_1337	0.443339467619944	-0.209575646660433	0.11688191047975552	-0.209575646660433	False	False
RANDOM_1338	0.295019857215237	0.156725367317863	0.22587261226654998	0.156725367317863	True	False
RANDOM_1339	0.0191994311351727	0.187680178205355	0.10343980467026385	0.0191994311351727	True	False
RANDOM_1340	0.466304273759684	0.108302302989785	0.2873032883747345	0.108302302989785	True	False
RANDOM_1341	0.458234927947274	0.378456125234296	0.418345526590785	0.378456125234296	True	False
RANDOM_1342	0.121365803137201	-0.0193349858605482	0.0510154086383264	-0.0193349858605482	False	False
RANDOM_1343	-0.101656160964108	-0.145024746653456	-0.123340453808782	-0.145024746653456	False	False
RANDOM_1344	0.0242071935199155	0.339755971865783	0.18198158269284925	0.0242071935199155	True	False
RANDOM_1345	-0.193560967885912	0.0799728007666676	-0.056794083559622205	-0.193560967885912	False	False
RANDOM_1346	-0.0398968992254596	0.211797118610094	0.0859501096923172	-0.0398968992254596	False	False
RANDOM_1347	0.326533737999859	0.320975291872819	0.323754514936339	0.320975291872819	True	False
RANDOM_1348	0.264886041980536	0.0049666430328104	0.1349263425066732	0.0049666430328104	True	False
RANDOM_1349	0.782241222858978	0.248231626648805	0.5152364247538915	0.248231626648805	True	False
RANDOM_1350	-0.191716584072698	-0.152747940146327	-0.1722322621095125	-0.191716584072698	False	False
RANDOM_1351	-0.425339007972829	0.0357876499205499	-0.19477567902613954	-0.425339007972829	False	False
RANDOM_1352	0.178354971975703	0.385112479730854	0.2817337258532785	0.178354971975703	True	False
RANDOM_1353	0.2889235690636	0.037976664584434	0.163450116824017	0.037976664584434	True	False
RANDOM_1354	-0.110140376202091	-0.0457501959408885	-0.07794528607148975	-0.110140376202091	False	False
RANDOM_1355	0.409435928587214	0.0145589361662991	0.21199743237675656	0.0145589361662991	True	False
RANDOM_1356	0.191867470704677	-0.0206890883782319	0.08558919116322256	-0.0206890883782319	False	False
RANDOM_1357	-0.167186018609285	0.150231303006669	-0.008477357801307997	-0.167186018609285	False	False
RANDOM_1358	0.483336278746931	0.29978105742702	0.3915586680869755	0.29978105742702	True	False
RANDOM_1359	0.373943804881216	0.0987527350244905	0.23634826995285324	0.0987527350244905	True	False
RANDOM_1360	0.192668415681116	0.193560376735449	0.19311439620828252	0.192668415681116	True	False
RANDOM_1361	0.269973815798869	-0.224178666189301	0.022897574804783993	-0.224178666189301	False	False
RANDOM_1362	0.855388153581401	0.217370488947969	0.536379321264685	0.217370488947969	True	False
RANDOM_1363	0.596883103932419	-0.0330045640633216	0.28193926993454865	-0.0330045640633216	False	False
RANDOM_1364	0.181872769804672	0.299830634843199	0.2408517023239355	0.181872769804672	True	False
RANDOM_1365	0.409573453737255	0.330767691433515	0.370170572585385	0.330767691433515	True	False
RANDOM_1366	0.039718264680362	-0.214242534800467	-0.08726213506005251	-0.214242534800467	False	False
RANDOM_1367	0.415697046969344	0.666566942147115	0.5411319945582295	0.415697046969344	True	False
RANDOM_1368	0.29564212260017	0.203606384835685	0.24962425371792749	0.203606384835685	True	False
RANDOM_1369	0.0786119063952647	-0.090022643539818	-0.005705368572276645	-0.090022643539818	False	False
RANDOM_1370	0.203764302440663	-0.0991030074044443	0.05233064751810934	-0.0991030074044443	False	False
RANDOM_1371	-0.149094816061483	0.289924432950659	0.070414808444588	-0.149094816061483	False	False
RANDOM_1372	0.509504506728489	0.187077438306514	0.3482909725175015	0.187077438306514	True	False
RANDOM_1373	0.177336688361881	0.19484853592434	0.18609261214311051	0.177336688361881	True	False
RANDOM_1374	0.0269483787565616	0.0958739450490869	0.06141116190282425	0.0269483787565616	True	False
RANDOM_1375	0.362557403966847	0.212686664334998	0.28762203415092247	0.212686664334998	True	False
RANDOM_1376	0.0758445241853541	-0.078857411831776	-0.001506443823210947	-0.078857411831776	False	False
RANDOM_1377	0.115076096970151	-0.127692785150706	-0.006308344090277501	-0.127692785150706	False	False
RANDOM_1378	0.393717129190196	0.118907530763556	0.25631232997687603	0.118907530763556	True	False
RANDOM_1379	0.129739858990698	0.218435137812108	0.174087498401403	0.129739858990698	True	False
RANDOM_1380	0.160370317674341	0.250700627719408	0.2055354726968745	0.160370317674341	True	False
RANDOM_1381	0.0246817599872051	0.230536659900863	0.12760920994403405	0.0246817599872051	True	False
RANDOM_1382	0.352137921323133	0.0166576348727357	0.18439777809793434	0.0166576348727357	True	False
RANDOM_1383	0.176198187544278	0.0063117228805715	0.09125495521242474	0.0063117228805715	True	False
RANDOM_1384	-0.362583539839959	-0.0048850201931611	-0.18373428001656006	-0.362583539839959	False	False
RANDOM_1385	0.244334533804218	0.0219400747240216	0.1331373042641198	0.0219400747240216	True	False
RANDOM_1386	0.591236940669711	-0.190591034098745	0.200322953285483	-0.190591034098745	False	False
RANDOM_1387	0.0661379748980705	-0.0150108767901338	0.02556354905396835	-0.0150108767901338	False	False
RANDOM_1388	-0.107927620292321	0.158090130633815	0.025081255170746997	-0.107927620292321	False	False
RANDOM_1389	-0.525834831110905	0.194775616670341	-0.165529607220282	-0.525834831110905	False	False
RANDOM_1390	-0.124966495257609	0.0789983133133857	-0.022984090972111647	-0.124966495257609	False	False
RANDOM_1391	0.063324864112559	0.236229625210981	0.14977724466177	0.063324864112559	True	False
RANDOM_1392	0.37641074076189	0.0014861267037781	0.18894843373283407	0.0014861267037781	True	False
RANDOM_1393	-0.12223685189657	0.0551564016958077	-0.033540225100381155	-0.12223685189657	False	False
RANDOM_1394	0.164320488483901	-0.439499920480682	-0.13758971599839048	-0.439499920480682	False	False
RANDOM_1395	0.335953578923132	0.336568781666065	0.3362611802945985	0.335953578923132	True	False
RANDOM_1396	-0.0493048918677038	-0.21562266181637	-0.1324637768420369	-0.21562266181637	False	False
RANDOM_1397	-0.135886211229847	0.0772186666746979	-0.029333772277574555	-0.135886211229847	False	False
RANDOM_1398	0.269958243779801	-0.0987970569604395	0.08558059340968074	-0.0987970569604395	False	False
RANDOM_1399	0.0467601849676723	0.304799771795824	0.17577997838174816	0.0467601849676723	True	False
RANDOM_1400	-0.199736716964214	-0.106289940262176	-0.153013328613195	-0.199736716964214	False	False
RANDOM_1401	0.353445291768351	0.425563979892933	0.389504635830642	0.353445291768351	True	False
RANDOM_1402	0.0794715787077772	0.185867818589165	0.1326696986484711	0.0794715787077772	True	False
RANDOM_1403	-0.322739624769036	0.352222247916073	0.01474131157351849	-0.322739624769036	False	False
RANDOM_1404	0.329340358640916	0.119827352518776	0.224583855579846	0.119827352518776	True	False
RANDOM_1405	0.220010186974074	0.181354318525024	0.200682252749549	0.181354318525024	True	False
RANDOM_1406	0.265272831739934	-0.158976196985143	0.05314831737739549	-0.158976196985143	False	False
RANDOM_1407	0.281712610162751	0.285743911520245	0.283728260841498	0.281712610162751	True	False
RANDOM_1408	0.475632139362557	-0.0333865736847999	0.22112278283887854	-0.0333865736847999	False	False
RANDOM_1409	0.48510600083752	0.150810439714557	0.3179582202760385	0.150810439714557	True	False
RANDOM_1410	-0.499859019377828	0.268336964551407	-0.11576102741321051	-0.499859019377828	False	False
RANDOM_1411	-0.0730763120390715	0.326802762020174	0.12686322499055125	-0.0730763120390715	False	False
RANDOM_1412	0.490432764028671	0.0018000254026069	0.24611639471563893	0.0018000254026069	True	False
RANDOM_1413	-0.0163771717064895	0.0053984210032982	-0.005489375351595651	-0.0163771717064895	False	False
RANDOM_1414	0.74027247352607	-0.113698163746248	0.313287154889911	-0.113698163746248	False	False
RANDOM_1415	0.511498219620453	-0.0414983596914126	0.23499992996452024	-0.0414983596914126	False	False
RANDOM_1416	0.126700727409006	0.466103221744807	0.29640197457690654	0.126700727409006	True	False
RANDOM_1417	-0.215148390998289	-0.265293123585669	-0.240220757291979	-0.265293123585669	False	False
RANDOM_1418	0.304041504430046	0.0717583446509751	0.18789992454051055	0.0717583446509751	True	False
RANDOM_1419	0.534574449401484	0.0808568889777618	0.3077156691896229	0.0808568889777618	True	False
RANDOM_1420	0.274903793699059	0.265905304965212	0.2704045493321355	0.265905304965212	True	False
RANDOM_1421	0.276430605567567	0.0547759205130623	0.16560326304031464	0.0547759205130623	True	False
RANDOM_1422	-0.0867720390239667	0.239327816664121	0.07627788882007716	-0.0867720390239667	False	False
RANDOM_1423	0.522205728029211	0.329076660921309	0.42564119447525994	0.329076660921309	True	False
RANDOM_1424	0.365288705194726	-0.174469784939756	0.095409460127485	-0.174469784939756	False	False
RANDOM_1425	0.267817559346258	0.156862859127693	0.2123402092369755	0.156862859127693	True	False
RANDOM_1426	0.106830660609853	0.160429176206543	0.133629918408198	0.106830660609853	True	False
RANDOM_1427	0.7218819052773	0.403664277117538	0.562773091197419	0.403664277117538	True	False
RANDOM_1428	0.209602639503484	-0.0904182791609727	0.05959218017125566	-0.0904182791609727	False	False
RANDOM_1429	0.514947651439439	0.167926032552014	0.3414368419957265	0.167926032552014	True	False
RANDOM_1430	-0.0699605298913431	-0.189655968229689	-0.12980824906051605	-0.189655968229689	False	False
RANDOM_1431	0.256777747642578	0.251940599089007	0.2543591733657925	0.251940599089007	True	False
RANDOM_1432	-0.0361383472762127	0.236903555906746	0.10038260431526665	-0.0361383472762127	False	False
RANDOM_1433	0.0777494201322934	0.190155191790513	0.1339523059614032	0.0777494201322934	True	False
RANDOM_1434	0.0031419833658731	0.0984840610689646	0.050813022217418846	0.0031419833658731	True	False
RANDOM_1435	0.395493847491092	0.112595677144705	0.2540447623178985	0.112595677144705	True	False
RANDOM_1436	0.0305033364222753	0.0538749706995066	0.04218915356089095	0.0305033364222753	True	False
RANDOM_1437	0.380711259975268	0.165335374759898	0.273023317367583	0.165335374759898	True	False
RANDOM_1438	0.314318429231901	0.0919555932681574	0.2031370112500292	0.0919555932681574	True	False
RANDOM_1439	-0.111569884029046	0.0007275371951434	-0.0554211734169513	-0.111569884029046	False	False
RANDOM_1440	0.0004300765522867	-0.0613041769609647	-0.030437050204339	-0.0613041769609647	False	False
RANDOM_1441	0.237222196539179	-0.0152306807636488	0.1109957578877651	-0.0152306807636488	False	False
RANDOM_1442	0.260901113068944	0.230800909519933	0.24585101129443848	0.230800909519933	True	False
RANDOM_1443	0.0951641391940597	-0.44187694657918	-0.17335640369256014	-0.44187694657918	False	False
RANDOM_1444	-0.396247611816334	-0.0208238142494761	-0.20853571303290505	-0.396247611816334	False	False
RANDOM_1445	0.631251647001156	0.0337696844260353	0.33251066571359567	0.0337696844260353	True	False
RANDOM_1446	0.353656907089607	0.0528363643123579	0.20324663570098245	0.0528363643123579	True	False
RANDOM_1447	0.104709079415893	0.276352462066191	0.19053077074104202	0.104709079415893	True	False
RANDOM_1448	0.268477054419494	0.120362497968365	0.1944197761939295	0.120362497968365	True	False
RANDOM_1449	0.180324443064674	-0.32243294648947	-0.07105425171239801	-0.32243294648947	False	False
RANDOM_1450	0.160110085206011	0.220348951003242	0.19022951810462652	0.160110085206011	True	False
RANDOM_1451	0.315489508921745	0.0425462134997823	0.17901786121076363	0.0425462134997823	True	False
RANDOM_1452	0.186107513885546	-0.251805120004601	-0.03284880305952749	-0.251805120004601	False	False
RANDOM_1453	0.332326467638352	-0.032910486677689	0.1497079904803315	-0.032910486677689	False	False
RANDOM_1454	0.484377738764934	0.12798749844532	0.306182618605127	0.12798749844532	True	False
RANDOM_1455	0.078525482158133	-0.225720985139757	-0.07359775149081199	-0.225720985139757	False	False
RANDOM_1456	0.398898880988935	0.237443763189943	0.318171322089439	0.237443763189943	True	False
RANDOM_1457	-0.159390767564559	-0.0088557454086439	-0.08412325648660145	-0.159390767564559	False	False
RANDOM_1458	0.548558275108396	0.0023149100516686	0.27543659258003234	0.0023149100516686	True	False
RANDOM_1459	-0.367064154489116	-0.0441050081741649	-0.20558458133164045	-0.367064154489116	False	False
RANDOM_1460	-0.0119636024981884	-0.111951208125631	-0.0619574053119097	-0.111951208125631	False	False
RANDOM_1461	0.675431016004734	0.253349287860006	0.46439015193237	0.253349287860006	True	False
RANDOM_1462	0.0732003395279111	-0.100799726000383	-0.01379969323623595	-0.100799726000383	False	False
RANDOM_1463	-0.0006055338739012	-0.0219778946052226	-0.0112917142395619	-0.0219778946052226	False	False
RANDOM_1464	0.452407273203086	0.0306077492396935	0.24150751122138975	0.0306077492396935	True	False
RANDOM_1465	-0.152019884593923	0.117036094973853	-0.01749189481003499	-0.152019884593923	False	False
RANDOM_1466	0.412233602649774	0.0963053947822261	0.254269498716	0.0963053947822261	True	False
RANDOM_1467	0.688662827449666	0.120554037077384	0.404608432263525	0.120554037077384	True	False
RANDOM_1468	0.573334063311502	0.122129970805974	0.347732017058738	0.122129970805974	True	False
RANDOM_1469	0.186431825733607	0.375464439581742	0.2809481326576745	0.186431825733607	True	False
RANDOM_1470	0.76483504683615	0.315021661646057	0.5399283542411035	0.315021661646057	True	False
RANDOM_1471	0.185694471348357	0.0345479566811509	0.11012121401475396	0.0345479566811509	True	False
RANDOM_1472	0.2499814584719	0.0246932361089038	0.1373373472904019	0.0246932361089038	True	False
RANDOM_1473	0.587237338546679	0.149124521317338	0.3681809299320085	0.149124521317338	True	False
RANDOM_1474	-0.718781382255056	0.231986627086182	-0.24339737758443697	-0.718781382255056	False	False
RANDOM_1475	0.365634024875438	0.0456054316274164	0.20561972825142721	0.0456054316274164	True	False
RANDOM_1476	-0.397144318930709	0.146810191622492	-0.1251670636541085	-0.397144318930709	False	False
RANDOM_1477	0.59771353957613	0.366584964168125	0.48214925187212754	0.366584964168125	True	False
RANDOM_1478	-0.390010288719147	-0.127508087733435	-0.258759188226291	-0.390010288719147	False	False
RANDOM_1479	0.0387995101920447	-0.0959552585690493	-0.028577874188502297	-0.0959552585690493	False	False
RANDOM_1480	-0.101403424889671	0.306258606715107	0.10242759091271801	-0.101403424889671	False	False
RANDOM_1481	0.183689633631435	-0.102783611921886	0.040453010854774506	-0.102783611921886	False	False
RANDOM_1482	0.118783479551787	0.16992918644896	0.14435633300037348	0.118783479551787	True	False
RANDOM_1483	0.202621113616724	-0.0967524012794316	0.052934356168646196	-0.0967524012794316	False	False
RANDOM_1484	0.223994672410114	0.286833344146911	0.25541400827851246	0.223994672410114	True	False
RANDOM_1485	0.260797505764986	-0.166265428696164	0.047266038534411	-0.166265428696164	False	False
RANDOM_1486	0.325452721897037	0.0855637725832702	0.2055082472401536	0.0855637725832702	True	False
RANDOM_1487	0.158266755079468	0.03248141639437	0.095374085736919	0.03248141639437	True	False
RANDOM_1488	0.232881081303743	0.636502923750561	0.43469200252715195	0.232881081303743	True	False
RANDOM_1489	-0.0899922447297307	0.0048216582789432	-0.042585293225393756	-0.0899922447297307	False	False
RANDOM_1490	-0.0596466849446809	0.31941924780333	0.12988628142932454	-0.0596466849446809	False	False
RANDOM_1491	0.0255443460815933	-0.0096600054007262	0.007942170340433551	-0.0096600054007262	False	False
RANDOM_1492	0.148575745887988	0.117740078269531	0.1331579120787595	0.117740078269531	True	False
RANDOM_1493	-0.162235066244677	0.266579525577364	0.05217222966634348	-0.162235066244677	False	False
RANDOM_1494	0.58096112753534	0.165091624830034	0.373026376182687	0.165091624830034	True	False
RANDOM_1495	0.132665088319547	-0.107135540530865	0.01276477389434099	-0.107135540530865	False	False
RANDOM_1496	-0.246410243603185	-0.0398393204376135	-0.14312478202039924	-0.246410243603185	False	False
RANDOM_1497	0.211200174301093	-0.0083675276469335	0.10141632332707975	-0.0083675276469335	False	False
RANDOM_1498	0.32930915691559	0.190195847814527	0.2597525023650585	0.190195847814527	True	False
RANDOM_1499	0.0113954758100642	0.144313965810338	0.0778547208102011	0.0113954758100642	True	False
RANDOM_1500	0.295739778998607	0.0123194557969971	0.15402961739780205	0.0123194557969971	True	False
RANDOM_1501	0.206156848662921	0.123466268031556	0.16481155834723848	0.123466268031556	True	False
RANDOM_1502	0.464258596136419	-0.0464412809694148	0.2089086575835021	-0.0464412809694148	False	False
RANDOM_1503	0.313131704533167	0.318869818654325	0.316000761593746	0.313131704533167	True	False
RANDOM_1504	0.67119725820867	0.42264756966929	0.54692241393898	0.42264756966929	True	False
RANDOM_1505	0.337116377821401	0.162453052810827	0.24978471531611401	0.162453052810827	True	False
RANDOM_1506	-0.172741631039441	0.0856019139522228	-0.043569858543609105	-0.172741631039441	False	False
RANDOM_1507	0.664173647828746	0.315555010481693	0.4898643291552195	0.315555010481693	True	False
RANDOM_1508	0.719424259745207	0.144001959973091	0.431713109859149	0.144001959973091	True	False
RANDOM_1509	-0.0436022253132707	0.155467662757122	0.05593271872192565	-0.0436022253132707	False	False
RANDOM_1510	0.102475970862408	0.237495928472115	0.1699859496672615	0.102475970862408	True	False
RANDOM_1511	0.232790564778786	0.290301047634155	0.2615458062064705	0.232790564778786	True	False
RANDOM_1512	0.0723654269052993	0.219591061218267	0.14597824406178314	0.0723654269052993	True	False
RANDOM_1513	0.239743543986006	-0.127014711274471	0.0563644163557675	-0.127014711274471	False	False
RANDOM_1514	0.630376667230297	0.16009923832911	0.39523795277970347	0.16009923832911	True	False
RANDOM_1515	0.259323455011748	0.320485468811078	0.289904461911413	0.259323455011748	True	False
RANDOM_1516	-0.430671907883577	-0.0987271235925984	-0.2646995157380877	-0.430671907883577	False	False
RANDOM_1517	-0.0103807583660909	-0.0497764846122841	-0.0300786214891875	-0.0497764846122841	False	False
RANDOM_1518	0.422341999957393	0.274334387438652	0.34833819369802255	0.274334387438652	True	False
RANDOM_1519	0.0894233919651945	0.179894516772294	0.13465895436874425	0.0894233919651945	True	False
RANDOM_1520	0.160397906219675	0.142903047123741	0.151650476671708	0.142903047123741	True	False
RANDOM_1521	0.317808613836513	0.0514060945565211	0.18460735419651705	0.0514060945565211	True	False
RANDOM_1522	0.100177586122297	0.1133333026984	0.10675544441034851	0.100177586122297	True	False
RANDOM_1523	0.0526506853871494	-0.0761076671796796	-0.011728490896265098	-0.0761076671796796	False	False
RANDOM_1524	-0.118323754472619	0.027567532107611	-0.045378111182504004	-0.118323754472619	False	False
RANDOM_1525	-0.24361573228028	0.0681137730188437	-0.08775097963071815	-0.24361573228028	False	False
RANDOM_1526	0.0904136961534905	0.0094925790386823	0.0499531375960864	0.0094925790386823	True	False
RANDOM_1527	-0.196309520078308	0.23096880810844	0.01732964401506601	-0.196309520078308	False	False
RANDOM_1528	-0.258933745424367	0.267697216071486	0.00438173532355951	-0.258933745424367	False	False
RANDOM_1529	-0.284127942300779	-0.155828000883788	-0.2199779715922835	-0.284127942300779	False	False
RANDOM_1530	0.377769741660229	0.192115810965555	0.284942776312892	0.192115810965555	True	False
RANDOM_1531	0.452093257452009	0.165386268160458	0.3087397628062335	0.165386268160458	True	False
RANDOM_1532	-0.361121561024156	0.15474967319918	-0.10318594391248799	-0.361121561024156	False	False
RANDOM_1533	0.428072780461009	0.158002151280933	0.293037465870971	0.158002151280933	True	False
RANDOM_1534	-0.0199253523154425	0.204088659538435	0.09208165361149626	-0.0199253523154425	False	False
RANDOM_1535	0.392476726542088	0.121957258302858	0.257216992422473	0.121957258302858	True	False
RANDOM_1536	0.226268990608619	-0.074095568510762	0.0760867110489285	-0.074095568510762	False	False
RANDOM_1537	0.325490714288828	0.389286223021253	0.3573884686550405	0.325490714288828	True	False
RANDOM_1538	-0.0336479127885033	0.305241993767413	0.13579704048945485	-0.0336479127885033	False	False
RANDOM_1539	0.273530499079801	0.185988393164271	0.22975944612203597	0.185988393164271	True	False
RANDOM_1540	0.505438001166109	0.356230454305958	0.4308342277360335	0.356230454305958	True	False
RANDOM_1541	0.106445400916233	0.0906279441913831	0.09853667255380805	0.0906279441913831	True	False
RANDOM_1542	0.453886114843149	0.181112104635687	0.317499109739418	0.181112104635687	True	False
RANDOM_1543	0.0348111609088369	0.497185538013556	0.2659983494611965	0.0348111609088369	True	False
RANDOM_1544	0.61316960545963	-0.0305873688674795	0.29129111829607524	-0.0305873688674795	False	False
RANDOM_1545	0.404299651919715	0.315435648960393	0.359867650440054	0.315435648960393	True	False
RANDOM_1546	-0.0060860874835282	-0.0721766671018051	-0.03913137729266665	-0.0721766671018051	False	False
RANDOM_1547	0.289301148335812	-0.0190724787332299	0.13511433480129104	-0.0190724787332299	False	False
RANDOM_1548	0.0610583054572586	-0.26309927535522	-0.1010204849489807	-0.26309927535522	False	False
RANDOM_1549	-0.263119488016593	0.111825871501745	-0.07564680825742401	-0.263119488016593	False	False
RANDOM_1550	0.3647816527657	0.248738268409404	0.306759960587552	0.248738268409404	True	False
RANDOM_1551	0.052493775755252	0.19625540447428	0.124374590114766	0.052493775755252	True	False
RANDOM_1552	0.312716486392232	0.142049594962861	0.2273830406775465	0.142049594962861	True	False
RANDOM_1553	-0.310866396644782	0.0328311167716891	-0.13901763993654645	-0.310866396644782	False	False
RANDOM_1554	0.136874939363968	0.534053615060125	0.3354642772120465	0.136874939363968	True	False
RANDOM_1555	0.553293527345214	0.156193190120509	0.3547433587328615	0.156193190120509	True	False
RANDOM_1556	-0.268920696503895	0.211545483268383	-0.028687606617756004	-0.268920696503895	False	False
RANDOM_1557	0.553573779491499	0.21926232940487	0.3864180544481845	0.21926232940487	True	False
RANDOM_1558	0.410426753684944	0.154255862899914	0.282341308292429	0.154255862899914	True	False
RANDOM_1559	-0.0181778592713665	-0.177567831905696	-0.09787284558853125	-0.177567831905696	False	False
RANDOM_1560	0.197482572801674	0.0152613795081819	0.10637197615492795	0.0152613795081819	True	False
RANDOM_1561	0.0487448516140714	-0.0691059575133843	-0.010180552949656453	-0.0691059575133843	False	False
RANDOM_1562	0.443054378588779	0.0714835937649672	0.2572689861768731	0.0714835937649672	True	False
RANDOM_1563	-0.0505003650723068	0.22698744696379	0.0882435409457416	-0.0505003650723068	False	False
RANDOM_1564	-0.0842795034459756	0.271524359652958	0.09362242810349121	-0.0842795034459756	False	False
RANDOM_1565	-0.212375427935837	-0.223986287423929	-0.218180857679883	-0.223986287423929	False	False
RANDOM_1566	0.236310240079817	0.0142212577397942	0.1252657489098056	0.0142212577397942	True	False
RANDOM_1567	0.697655176461365	0.0590979697600413	0.37837657311070316	0.0590979697600413	True	False
RANDOM_1568	0.676476849009661	0.229416242542544	0.4529465457761025	0.229416242542544	True	False
RANDOM_1569	0.0895697436113743	-0.191734613723253	-0.05108243505593935	-0.191734613723253	False	False
RANDOM_1570	0.187143054905556	0.189729127869434	0.188436091387495	0.187143054905556	True	False
RANDOM_1571	0.0122644863119994	-0.0141135971687046	-0.0009245554283525996	-0.0141135971687046	False	False
RANDOM_1572	0.0843333291701073	0.156958604393054	0.12064596678158065	0.0843333291701073	True	False
RANDOM_1573	0.33215563728199	-0.110143231269073	0.1110062030064585	-0.110143231269073	False	False
RANDOM_1574	0.276120402308566	0.105143609873812	0.190632006091189	0.105143609873812	True	False
RANDOM_1575	-0.616637061306809	-0.104209041643003	-0.360423051474906	-0.616637061306809	False	False
RANDOM_1576	0.189316277874581	-0.0444287493216411	0.07244376427646995	-0.0444287493216411	False	False
RANDOM_1577	-0.108635202614418	-0.0190596264601126	-0.0638474145372653	-0.108635202614418	False	False
RANDOM_1578	0.156064562756426	0.0391996637987949	0.09763211327761045	0.0391996637987949	True	False
RANDOM_1579	0.266560379990941	0.346142375710824	0.3063513778508825	0.266560379990941	True	False
RANDOM_1580	0.547806009971509	0.195354611758647	0.371580310865078	0.195354611758647	True	False
RANDOM_1581	-0.0438626038868203	-0.0679489425772962	-0.055905773232058247	-0.0679489425772962	False	False
RANDOM_1582	0.130023561880295	0.309883131272946	0.2199533465766205	0.130023561880295	True	False
RANDOM_1583	0.441067199193828	0.0499638124543622	0.2455155058240951	0.0499638124543622	True	False
RANDOM_1584	0.172331750024182	0.296860687458077	0.2345962187411295	0.172331750024182	True	False
RANDOM_1585	0.358269356490304	-0.112694884711055	0.12278723588962451	-0.112694884711055	False	False
RANDOM_1586	0.463871114758094	0.297381764166698	0.380626439462396	0.297381764166698	True	False
RANDOM_1587	0.40050575642707	-0.0952478288278623	0.15262896379960383	-0.0952478288278623	False	False
RANDOM_1588	0.249766770370876	-0.125465288412833	0.0621507409790215	-0.125465288412833	False	False
RANDOM_1589	0.312368741559051	0.13634477356196	0.2243567575605055	0.13634477356196	True	False
RANDOM_1590	0.210064123080396	0.0241831345637112	0.1171236288220536	0.0241831345637112	True	False
RANDOM_1591	0.170353382071129	0.0281816153042087	0.09926749868766885	0.0281816153042087	True	False
RANDOM_1592	0.764045371649358	0.129886184143342	0.44696577789635	0.129886184143342	True	False
RANDOM_1593	0.249907755534946	-0.257331462791082	-0.0037118536280679876	-0.257331462791082	False	False
RANDOM_1594	0.447692415537073	0.278215156068864	0.3629537858029685	0.278215156068864	True	False
RANDOM_1595	0.0973191540096704	0.0634433936280177	0.08038127381884405	0.0634433936280177	True	False
RANDOM_1596	0.390995220141159	0.163538974275734	0.2772670972084465	0.163538974275734	True	False
RANDOM_1597	-0.0171886983052023	0.211338370760449	0.09707483622762335	-0.0171886983052023	False	False
RANDOM_1598	0.0255241503288728	0.0253621173045049	0.025443133816688848	0.0253621173045049	True	False
RANDOM_1599	0.677301625950038	0.129910960708992	0.403606293329515	0.129910960708992	True	False
RANDOM_1600	0.434711840302686	0.207191163070752	0.320951501686719	0.207191163070752	True	False
RANDOM_1601	0.245055842567994	0.369207986230919	0.30713191439945653	0.245055842567994	True	False
RANDOM_1602	0.11924272156181	0.131462468685579	0.1253525951236945	0.11924272156181	True	False
RANDOM_1603	0.263230730730224	-0.180677042109681	0.04127684431027151	-0.180677042109681	False	False
RANDOM_1604	0.212189296934313	0.0909085408588805	0.15154891889659675	0.0909085408588805	True	False
RANDOM_1605	0.476218142540082	0.0229295163769984	0.2495738294585402	0.0229295163769984	True	False
RANDOM_1606	-0.501720466408292	0.217844363568835	-0.14193805141972854	-0.501720466408292	False	False
RANDOM_1607	0.0876275751218386	0.0099245843815653	0.04877607975170195	0.0099245843815653	True	False
RANDOM_1608	0.200005499008931	0.262372608723351	0.231189053866141	0.200005499008931	True	False
RANDOM_1609	0.371349684942524	0.120661963474779	0.24600582420865152	0.120661963474779	True	False
RANDOM_1610	0.244325394135364	0.0698233618021785	0.15707437796877124	0.0698233618021785	True	False
RANDOM_1611	0.234386691481135	0.0673631109158677	0.15087490119850136	0.0673631109158677	True	False
RANDOM_1612	0.264236254719821	0.051110875716825	0.157673565218323	0.051110875716825	True	False
RANDOM_1613	0.202084687987877	0.128275136937541	0.165179912462709	0.128275136937541	True	False
RANDOM_1614	-0.0642700494368263	0.117902355220515	0.02681615289184435	-0.0642700494368263	False	False
RANDOM_1615	0.363306492226801	0.18529023837023	0.2742983652985155	0.18529023837023	True	False
RANDOM_1616	0.149977302810705	-0.036027285686778	0.056975008561963504	-0.036027285686778	False	False
RANDOM_1617	-0.0240577573277924	0.0468456409349414	0.011393941803574502	-0.0240577573277924	False	False
RANDOM_1618	-0.135424394870328	-0.0786920137312243	-0.10705820430077614	-0.135424394870328	False	False
RANDOM_1619	-0.0820936135970366	0.0766667921134539	-0.00271341074179135	-0.0820936135970366	False	False
RANDOM_1620	-0.573587426288258	0.123156152581897	-0.2252156368531805	-0.573587426288258	False	False
RANDOM_1621	0.509459906304162	-0.0024668068258025	0.2534965497391798	-0.0024668068258025	False	False
RANDOM_1622	0.310599174955687	-0.129316388985113	0.090641392985287	-0.129316388985113	False	False
RANDOM_1623	0.579977750387783	0.122212746088694	0.3510952482382385	0.122212746088694	True	False
RANDOM_1624	0.108745143585915	-0.28849952913112	-0.08987719277260249	-0.28849952913112	False	False
RANDOM_1625	0.0527876358882766	0.213232175511598	0.13300990569993731	0.0527876358882766	True	False
RANDOM_1626	-0.0917180073168355	-0.0533488694120807	-0.07253343836445811	-0.0917180073168355	False	False
RANDOM_1627	-0.119948570940501	-0.162545427002271	-0.141246998971386	-0.162545427002271	False	False
RANDOM_1628	-0.554925807460855	0.013162311536646	-0.27088174796210446	-0.554925807460855	False	False
RANDOM_1629	-0.433523572862022	-0.108655272204768	-0.27108942253339496	-0.433523572862022	False	False
RANDOM_1630	0.277302076302492	0.080901656131912	0.17910186621720198	0.080901656131912	True	False
RANDOM_1631	0.261869980027397	0.168158540123382	0.21501426007538949	0.168158540123382	True	False
RANDOM_1632	0.304919740498049	0.14592591594953	0.2254228282237895	0.14592591594953	True	False
RANDOM_1633	0.064366505463116	-0.18503379492649	-0.060333644731687	-0.18503379492649	False	False
RANDOM_1634	0.466069280871711	0.104245253388185	0.285157267129948	0.104245253388185	True	False
RANDOM_1635	0.0094907034636196	0.082415550949071	0.045953127206345305	0.0094907034636196	True	False
RANDOM_1636	-0.0964464479553234	-0.219401274730286	-0.1579238613428047	-0.219401274730286	False	False
RANDOM_1637	0.221521550836034	0.0268536001176263	0.12418757547683015	0.0268536001176263	True	False
RANDOM_1638	-0.0363530472328255	0.189317736891187	0.07648234482918075	-0.0363530472328255	False	False
RANDOM_1639	0.0325674957201376	-0.0346138785607601	-0.0010231914203112508	-0.0346138785607601	False	False
RANDOM_1640	0.416517056316349	0.0843384827685985	0.25042776954247375	0.0843384827685985	True	False
RANDOM_1641	-0.0300403112851476	0.127367960986025	0.04866382485043869	-0.0300403112851476	False	False
RANDOM_1642	0.458329871396061	0.212594734599603	0.33546230299783203	0.212594734599603	True	False
RANDOM_1643	0.30162962291103	0.140584070648831	0.2211068467799305	0.140584070648831	True	False
RANDOM_1644	0.346931228936049	0.035014040173041	0.190972634554545	0.035014040173041	True	False
RANDOM_1645	0.396340002525342	-0.0073395889153087	0.19450020680501665	-0.0073395889153087	False	False
RANDOM_1646	-0.0730305143072062	0.0944364994183544	0.010702992555574102	-0.0730305143072062	False	False
RANDOM_1647	0.510063662029439	0.362303445940128	0.4361835539847835	0.362303445940128	True	False
RANDOM_1648	0.0893403181958117	0.240207960727782	0.16477413946179686	0.0893403181958117	True	False
RANDOM_1649	0.0340126281259753	0.43596129085852	0.23498695949224763	0.0340126281259753	True	False
RANDOM_1650	-0.186674556063854	0.142204070305163	-0.0222352428793455	-0.186674556063854	False	False
RANDOM_1651	0.202438807616585	-0.0622373550128887	0.07010072630184816	-0.0622373550128887	False	False
RANDOM_1652	-0.0099418096368175	0.0335642556768438	0.01181122302001315	-0.0099418096368175	False	False
RANDOM_1653	0.595584796771129	0.345873288885195	0.47072904282816197	0.345873288885195	True	False
RANDOM_1654	-0.0176342430366052	0.127980658971966	0.0551732079676804	-0.0176342430366052	False	False
RANDOM_1655	0.0602235644501612	0.244507210607719	0.1523653875289401	0.0602235644501612	True	False
RANDOM_1656	0.723176830542437	-0.009657449045993	0.356759690748222	-0.009657449045993	False	False
RANDOM_1657	0.417650070802581	0.514127704126642	0.4658888874646115	0.417650070802581	True	False
RANDOM_1658	0.141047923670157	0.0397450861883636	0.0903965049292603	0.0397450861883636	True	False
RANDOM_1659	-0.153440242221857	0.245587025867549	0.04607339182284599	-0.153440242221857	False	False
RANDOM_1660	0.29862167432531	0.252689084849232	0.27565537958727104	0.252689084849232	True	False
RANDOM_1661	0.373118992842856	-0.170048009979281	0.1015354914317875	-0.170048009979281	False	False
RANDOM_1662	0.0681444157628915	0.0864382713223723	0.0772913435426319	0.0681444157628915	True	False
RANDOM_1663	0.437967849691116	-0.199170994516307	0.11939842758740452	-0.199170994516307	False	False
RANDOM_1664	0.140695753788082	0.291658151693571	0.2161769527408265	0.140695753788082	True	False
RANDOM_1665	0.104982226126663	-0.123655688236474	-0.009336731054905505	-0.123655688236474	False	False
RANDOM_1666	0.306430999338819	0.112329416367353	0.209380207853086	0.112329416367353	True	False
RANDOM_1667	-0.564616199265314	0.262826714331789	-0.15089474246676252	-0.564616199265314	False	False
RANDOM_1668	0.277982299652529	0.226439359310012	0.2522108294812705	0.226439359310012	True	False
RANDOM_1669	0.247405176532336	0.0824564458909736	0.16493081121165482	0.0824564458909736	True	False
RANDOM_1670	0.0910524072210216	0.226895811838049	0.1589741095295353	0.0910524072210216	True	False
RANDOM_1671	0.0444161887695901	-0.0122671178514031	0.0160745354590935	-0.0122671178514031	False	False
RANDOM_1672	0.568468211376985	0.132803122535414	0.3506356669561995	0.132803122535414	True	False
RANDOM_1673	-0.125427570806187	0.254286093062452	0.06442926112813249	-0.125427570806187	False	False
RANDOM_1674	0.0549099222636796	0.18712360660047	0.1210167644320748	0.0549099222636796	True	False
RANDOM_1675	-0.171323938799659	0.0274974080678447	-0.07191326536590714	-0.171323938799659	False	False
RANDOM_1676	0.0206235067026669	0.045636010852878	0.03312975877777245	0.0206235067026669	True	False
RANDOM_1677	0.299386681509968	-0.122727533136817	0.0883295741865755	-0.122727533136817	False	False
RANDOM_1678	0.492022608837313	0.312160941700815	0.40209177526906403	0.312160941700815	True	False
RANDOM_1679	0.345535675938275	0.228208240337442	0.2868719581378585	0.228208240337442	True	False
RANDOM_1680	0.236608267572026	0.359416767397911	0.2980125174849685	0.236608267572026	True	False
RANDOM_1681	-0.104658067191838	0.0411574859256295	-0.03175029063310425	-0.104658067191838	False	False
RANDOM_1682	-0.231651529766215	0.200063250314328	-0.0157941397259435	-0.231651529766215	False	False
RANDOM_1683	0.216467276653546	0.0985363585009219	0.15750181757723397	0.0985363585009219	True	False
RANDOM_1684	0.474762759084902	0.133955854175021	0.3043593066299615	0.133955854175021	True	False
RANDOM_1685	0.59793811680682	0.220095259321391	0.4090166880641055	0.220095259321391	True	False
RANDOM_1686	0.0065031688566717	0.195556572279659	0.10102987056816536	0.0065031688566717	True	False
RANDOM_1687	0.335073922912506	0.241671919889642	0.288372921401074	0.241671919889642	True	False
RANDOM_1688	0.603149008048949	0.226840043943103	0.414994525996026	0.226840043943103	True	False
RANDOM_1689	-0.170429417390952	-0.237786327443736	-0.20410787241734402	-0.237786327443736	False	False
RANDOM_1690	-0.0607326272885541	0.205426688416343	0.07234703056389445	-0.0607326272885541	False	False
RANDOM_1691	0.393839856424397	0.100970742590983	0.24740529950769	0.100970742590983	True	False
RANDOM_1692	0.3401576912302	0.382967296865619	0.3615624940479095	0.3401576912302	True	False
RANDOM_1693	-0.136438000164409	0.0089604836602968	-0.06373875825205609	-0.136438000164409	False	False
RANDOM_1694	-0.0666969882985088	0.0005184676998793	-0.03308926029931475	-0.0666969882985088	False	False
RANDOM_1695	0.126169631528654	-0.0545014658662264	0.03583408283121381	-0.0545014658662264	False	False
RANDOM_1696	0.474842350973718	-0.0089710400867585	0.23293565544347977	-0.0089710400867585	False	False
RANDOM_1697	0.0211440667708503	0.154366275663968	0.08775517121740914	0.0211440667708503	True	False
RANDOM_1698	0.296547472580877	0.160152305767398	0.2283498891741375	0.160152305767398	True	False
RANDOM_1699	0.181214686006747	-0.14754175367405	0.0168364661663485	-0.14754175367405	False	False
RANDOM_1700	0.0810086930250592	0.23452415818524	0.15776642560514959	0.0810086930250592	True	False
RANDOM_1701	0.152195499302384	0.31370478285624	0.232950141079312	0.152195499302384	True	False
RANDOM_1702	0.0690889909543503	0.203024401986188	0.13605669647026916	0.0690889909543503	True	False
RANDOM_1703	-0.339630352966917	0.122406119036576	-0.10861211696517051	-0.339630352966917	False	False
RANDOM_1704	0.29996664588542	0.168136068125702	0.234051357005561	0.168136068125702	True	False
RANDOM_1705	-0.059188337147742	0.0199741188978892	-0.0196071091249264	-0.059188337147742	False	False
RANDOM_1706	0.219212100695383	-0.0085698025611413	0.10532114906712085	-0.0085698025611413	False	False
RANDOM_1707	-0.0670758242294757	-0.032082915447516	-0.04957936983849585	-0.0670758242294757	False	False
RANDOM_1708	0.254636107170524	-0.113238720587694	0.07069869329141498	-0.113238720587694	False	False
RANDOM_1709	-0.0862096618019398	-0.247875184480574	-0.1670424231412569	-0.247875184480574	False	False
RANDOM_1710	0.413056826100898	0.211373733331014	0.312215279715956	0.211373733331014	True	False
RANDOM_1711	0.422776446764066	0.111401761461715	0.2670891041128905	0.111401761461715	True	False
RANDOM_1712	0.278234418724827	0.245695772043923	0.261965095384375	0.245695772043923	True	False
RANDOM_1713	0.081126406869075	-0.102341800320228	-0.010607696725576495	-0.102341800320228	False	False
RANDOM_1714	0.340409740264227	-0.0854465391579811	0.12748160055312294	-0.0854465391579811	False	False
RANDOM_1715	-0.155333023927129	-0.453742243781805	-0.30453763385446697	-0.453742243781805	False	False
RANDOM_1716	0.249548296326441	0.159473242991447	0.204510769658944	0.159473242991447	True	False
RANDOM_1717	0.437969810054566	-0.0454119246739373	0.19627894269031435	-0.0454119246739373	False	False
RANDOM_1718	0.527433688445279	0.0927879174153544	0.31011080293031673	0.0927879174153544	True	False
RANDOM_1719	0.527043848597912	0.361836662330392	0.444440255464152	0.361836662330392	True	False
RANDOM_1720	0.480458397712532	0.107961238177417	0.2942098179449745	0.107961238177417	True	False
RANDOM_1721	-0.101101533245546	-0.0197123699587206	-0.060406951602133295	-0.101101533245546	False	False
RANDOM_1722	-0.210774871197035	0.216190142413122	0.0027076356080435043	-0.210774871197035	False	False
RANDOM_1723	0.200690002773428	0.270592338780282	0.23564117077685498	0.200690002773428	True	False
RANDOM_1724	-0.691457485262573	-0.0958041154294396	-0.3936308003460063	-0.691457485262573	False	False
RANDOM_1725	0.353433784505959	0.0006147139002096	0.17702424920308432	0.0006147139002096	True	False
RANDOM_1726	-0.310687694414005	-0.0302084727417102	-0.1704480835778576	-0.310687694414005	False	False
RANDOM_1727	0.191443694617095	0.004884186935815	0.098163940776455	0.004884186935815	True	False
RANDOM_1728	0.0983492218936775	0.201221285844152	0.14978525386891475	0.0983492218936775	True	False
RANDOM_1729	0.307833954551498	-0.153390849279867	0.0772215526358155	-0.153390849279867	False	False
RANDOM_1730	0.391831653599704	0.146987201981696	0.2694094277907	0.146987201981696	True	False
RANDOM_1731	0.566659461645834	0.0828009210400586	0.32473019134294634	0.0828009210400586	True	False
RANDOM_1732	0.214336056096052	-0.275825296140724	-0.030744620022335994	-0.275825296140724	False	False
RANDOM_1733	-0.220309568528281	-0.0767104366247659	-0.14851000257652347	-0.220309568528281	False	False
RANDOM_1734	0.608707657768521	0.0540884082815279	0.33139803302502446	0.0540884082815279	True	False
RANDOM_1735	0.350918583775874	-0.184119759116122	0.083399412329876	-0.184119759116122	False	False
RANDOM_1736	-0.12318636967385	0.192142112305129	0.03447787131563951	-0.12318636967385	False	False
RANDOM_1737	0.356100523114283	0.247131639643627	0.301616081378955	0.247131639643627	True	False
RANDOM_1738	0.392950526702824	0.208676473311676	0.30081350000725	0.208676473311676	True	False
RANDOM_1739	0.0759956354938848	0.207834434018541	0.1419150347562129	0.0759956354938848	True	False
RANDOM_1740	0.318770815041938	0.151254138350087	0.2350124766960125	0.151254138350087	True	False
RANDOM_1741	0.383619501917544	-0.0186876766625166	0.18246591262751372	-0.0186876766625166	False	False
RANDOM_1742	-0.0297513427932609	0.401647472422675	0.18594806481470705	-0.0297513427932609	False	False
RANDOM_1743	-0.217633908840621	0.250730246223855	0.016548168691616988	-0.217633908840621	False	False
RANDOM_1744	0.508550209139826	0.0328165116054724	0.2706833603726492	0.0328165116054724	True	False
RANDOM_1745	-0.0787629558799226	0.327906750006904	0.1245718970634907	-0.0787629558799226	False	False
RANDOM_1746	-0.345420154618181	-0.0904671556334426	-0.2179436551258118	-0.345420154618181	False	False
RANDOM_1747	-0.148349683708248	0.0814010599095537	-0.03347431189934715	-0.148349683708248	False	False
RANDOM_1748	0.291799649897804	-0.0464050000629261	0.12269732491743895	-0.0464050000629261	False	False
RANDOM_1749	-0.287595233853552	0.141235245273403	-0.0731799942900745	-0.287595233853552	False	False
RANDOM_1750	0.0777493488774843	0.271813305911649	0.17478132739456664	0.0777493488774843	True	False
RANDOM_1751	-0.196185125059328	0.169057719208527	-0.013563702925400503	-0.196185125059328	False	False
RANDOM_1752	0.208935635620546	0.408240687728399	0.3085881616744725	0.208935635620546	True	False
RANDOM_1753	0.392862493750652	0.116425780541251	0.2546441371459515	0.116425780541251	True	False
RANDOM_1754	0.447741675586476	0.318737926180868	0.383239800883672	0.318737926180868	True	False
RANDOM_1755	-0.0428193054769852	0.322011680819135	0.1395961876710749	-0.0428193054769852	False	False
RANDOM_1756	0.224515161863428	0.0768969448653875	0.15070605336440773	0.0768969448653875	True	False
RANDOM_1757	0.520688706184056	0.0667180181657375	0.2937033621748968	0.0667180181657375	True	False
RANDOM_1758	0.395113020133262	0.0676258156057185	0.23136941786949025	0.0676258156057185	True	False
RANDOM_1759	0.610368291736573	0.076221649126246	0.3432949704314095	0.076221649126246	True	False
RANDOM_1760	0.482369586919658	0.0536663520143788	0.2680179694670184	0.0536663520143788	True	False
RANDOM_1761	0.103019111135285	-0.141625278400459	-0.019303083632586995	-0.141625278400459	False	False
RANDOM_1762	0.0861454973482441	0.387978669444024	0.23706208339613405	0.0861454973482441	True	False
RANDOM_1763	0.247533057282336	-0.186776087741739	0.03037848477029849	-0.186776087741739	False	False
RANDOM_1764	0.0642357953966065	0.386126929051163	0.22518136222388477	0.0642357953966065	True	False
RANDOM_1765	0.78504215445248	0.387289679367041	0.5861659169097605	0.387289679367041	True	False
RANDOM_1766	-0.377313139834428	0.10684051684157	-0.135236311496429	-0.377313139834428	False	False
RANDOM_1767	0.149794683023127	0.122001622819397	0.135898152921262	0.122001622819397	True	False
RANDOM_1768	0.522439601261443	0.0464895142925656	0.2844645577770043	0.0464895142925656	True	False
RANDOM_1769	0.114465232082535	0.0028756035700505	0.05867041782629275	0.0028756035700505	True	False
RANDOM_1770	0.240041103779395	0.145560316420191	0.192800710099793	0.145560316420191	True	False
RANDOM_1771	0.451052778256502	0.191213698057781	0.32113323815714145	0.191213698057781	True	False
RANDOM_1772	0.140667565929522	0.267405180254441	0.2040363730919815	0.140667565929522	True	False
RANDOM_1773	0.21848558557178	0.0146895469239018	0.11658756624784089	0.0146895469239018	True	False
RANDOM_1774	0.371069686615207	-0.0483151871473668	0.1613772497339201	-0.0483151871473668	False	False
RANDOM_1775	0.273083332703225	0.167723094465834	0.2204032135845295	0.167723094465834	True	False
RANDOM_1776	-0.123767501383238	0.0691321370342259	-0.02731768217450605	-0.123767501383238	False	False
RANDOM_1777	-0.123920941517258	0.289742632512056	0.08291084549739901	-0.123920941517258	False	False
RANDOM_1778	-0.134339853228408	0.26582089833507	0.065740522553331	-0.134339853228408	False	False
RANDOM_1779	-0.398313656260934	0.390827135755678	-0.003743260252628	-0.398313656260934	False	False
RANDOM_1780	0.180712601562388	0.209388302067255	0.1950504518148215	0.180712601562388	True	False
RANDOM_1781	0.103752257794193	-0.121921385672511	-0.009084563939158997	-0.121921385672511	False	False
RANDOM_1782	0.491602254337142	0.464658568945647	0.47813041164139447	0.464658568945647	True	False
RANDOM_1783	0.495867791938486	-0.142171687521915	0.1768480522082855	-0.142171687521915	False	False
RANDOM_1784	0.190293172922229	0.228996438944148	0.20964480593318852	0.190293172922229	True	False
RANDOM_1785	0.0862120993756933	0.408561811684614	0.24738695553015363	0.0862120993756933	True	False
RANDOM_1786	0.388843560423048	0.349154061834909	0.3689988111289785	0.349154061834909	True	False
RANDOM_1787	-0.0325896167138544	0.0721887475440716	0.019799565415108602	-0.0325896167138544	False	False
RANDOM_1788	0.838911068265596	0.211278560072734	0.525094814169165	0.211278560072734	True	False
RANDOM_1789	0.45443485407133	0.065163024190645	0.2597989391309875	0.065163024190645	True	False
RANDOM_1790	0.194267127816811	-0.239918543002136	-0.022825707592662503	-0.239918543002136	False	False
RANDOM_1791	0.398037827999821	0.0977245118843648	0.24788116994209292	0.0977245118843648	True	False
RANDOM_1792	0.396217255109401	0.132625672890935	0.26442146400016797	0.132625672890935	True	False
RANDOM_1793	0.186137154353222	0.317488115171409	0.2518126347623155	0.186137154353222	True	False
RANDOM_1794	0.33627459772182	0.0920003241752589	0.21413746094853944	0.0920003241752589	True	False
RANDOM_1795	0.0779809752006644	-0.0002347065671012	0.0388731343167816	-0.0002347065671012	False	False
RANDOM_1796	0.480524250885203	0.0594735532403854	0.2699989020627942	0.0594735532403854	True	False
RANDOM_1797	0.586425439946737	0.370220784175159	0.478323112060948	0.370220784175159	True	False
RANDOM_1798	0.389093226563909	0.254195704456849	0.321644465510379	0.254195704456849	True	False
RANDOM_1799	-0.0495717608846052	-0.0145431638259751	-0.03205746235529015	-0.0495717608846052	False	False
RANDOM_1800	0.155846220661811	0.296971702958572	0.2264089618101915	0.155846220661811	True	False
RANDOM_1801	0.308117087897932	0.285414729437135	0.2967659086675335	0.285414729437135	True	False
RANDOM_1802	0.596059796092026	0.468096891316417	0.5320783437042215	0.468096891316417	True	False
RANDOM_1803	-0.0087617220633599	-0.154087891753402	-0.08142480690838096	-0.154087891753402	False	False
RANDOM_1804	-0.2480950690284	0.0863124551767209	-0.08089130692583955	-0.2480950690284	False	False
RANDOM_1805	0.227772419232979	0.266132536395012	0.24695247781399549	0.227772419232979	True	False
RANDOM_1806	-0.0245775130550168	-0.01439293877779	-0.0194852259164034	-0.0245775130550168	False	False
RANDOM_1807	0.322678698017806	0.169177024526231	0.24592786127201852	0.169177024526231	True	False
RANDOM_1808	0.395391722934318	0.134474856142716	0.264933289538517	0.134474856142716	True	False
RANDOM_1809	-0.0839717788351568	0.156569535267154	0.0362988782159986	-0.0839717788351568	False	False
RANDOM_1810	0.0005138788418303	-0.037977528670813	-0.01873182491449135	-0.037977528670813	False	False
RANDOM_1811	0.555718384280188	-0.0891376576972622	0.2332903632914629	-0.0891376576972622	False	False
RANDOM_1812	0.353191259602417	0.206141583387367	0.27966642149489196	0.206141583387367	True	False
RANDOM_1813	0.0453806673290476	0.0828642710795558	0.0641224692043017	0.0453806673290476	True	False
RANDOM_1814	0.246761234764534	0.300577459869354	0.27366934731694403	0.246761234764534	True	False
RANDOM_1815	0.142336968221425	0.0309200111453808	0.08662848968340289	0.0309200111453808	True	False
RANDOM_1816	0.484982097731445	0.272381528857557	0.378681813294501	0.272381528857557	True	False
RANDOM_1817	0.198348794695635	0.248603600229289	0.223476197462462	0.198348794695635	True	False
RANDOM_1818	0.25342128880196	0.0569211972202292	0.1551712430110946	0.0569211972202292	True	False
RANDOM_1819	0.1955265127095	0.0871900757194092	0.14135829421445462	0.0871900757194092	True	False
RANDOM_1820	0.281685695723963	0.345597465112157	0.31364158041806	0.281685695723963	True	False
RANDOM_1821	0.0741992438349605	0.317855422889765	0.19602733336236275	0.0741992438349605	True	False
RANDOM_1822	0.782424264496091	-0.0966507799260569	0.3428867422850171	-0.0966507799260569	False	False
RANDOM_1823	-0.0921477982414252	-0.0416610137071259	-0.06690440597427555	-0.0921477982414252	False	False
RANDOM_1824	0.0337269198918147	0.297104494298753	0.16541570709528386	0.0337269198918147	True	False
RANDOM_1825	0.185630299062487	-0.107838712611605	0.03889579322544099	-0.107838712611605	False	False
RANDOM_1826	0.673177221168095	0.0904373973915193	0.38180730927980716	0.0904373973915193	True	False
RANDOM_1827	0.454642846474008	0.115578645370199	0.2851107459221035	0.115578645370199	True	False
RANDOM_1828	0.324833459297752	0.030545059278518	0.177689259288135	0.030545059278518	True	False
RANDOM_1829	0.157067246411387	0.0900479083600412	0.1235575773857141	0.0900479083600412	True	False
RANDOM_1830	0.331482960732697	0.0453568662437656	0.1884199134882313	0.0453568662437656	True	False
RANDOM_1831	0.341446586707352	0.166859958777036	0.254153272742194	0.166859958777036	True	False
RANDOM_1832	-0.0174250930742837	0.445446459315049	0.21401068312038266	-0.0174250930742837	False	False
RANDOM_1833	0.130480881236027	0.298000608856102	0.2142407450460645	0.130480881236027	True	False
RANDOM_1834	0.0645083392447809	0.0557242678768505	0.0601163035608157	0.0557242678768505	True	False
RANDOM_1835	-0.0506245633380324	-0.145853175506928	-0.0982388694224802	-0.145853175506928	False	False
RANDOM_1836	0.0877825026767564	-0.0846186501919591	0.0015819262423986472	-0.0846186501919591	False	False
RANDOM_1837	0.357289176802026	-0.110751133943285	0.12326902142937049	-0.110751133943285	False	False
RANDOM_1838	0.0368735102528289	0.546671013984766	0.2917722621187975	0.0368735102528289	True	False
RANDOM_1839	0.393190056515715	0.0675267101808538	0.2303583833482844	0.0675267101808538	True	False
RANDOM_1840	0.157410941918501	0.249175100012639	0.20329302096557	0.157410941918501	True	False
RANDOM_1841	0.222851849674409	0.235760974514437	0.22930641209442298	0.222851849674409	True	False
RANDOM_1842	-0.0723947677335653	0.0242979105230609	-0.024048428605252203	-0.0723947677335653	False	False
RANDOM_1843	0.175260692235006	0.0563272786343776	0.1157939854346918	0.0563272786343776	True	False
RANDOM_1844	0.562122324618255	0.0197205283283582	0.2909214264733066	0.0197205283283582	True	False
RANDOM_1845	0.269589873928587	-0.136315366003013	0.06663725396278701	-0.136315366003013	False	False
RANDOM_1846	-0.27978933508463	-0.138021380753702	-0.20890535791916598	-0.27978933508463	False	False
RANDOM_1847	0.168554782908857	0.119036558017393	0.143795670463125	0.119036558017393	True	False
RANDOM_1848	-0.167236720020513	0.196880685831455	0.014821982905470987	-0.167236720020513	False	False
RANDOM_1849	0.0900763353411894	-0.0838986918071535	0.0030888217670179546	-0.0838986918071535	False	False
RANDOM_1850	0.232245682527237	0.143496404154921	0.187871043341079	0.143496404154921	True	False
RANDOM_1851	0.20090066075461	0.23512815008872	0.218014405421665	0.20090066075461	True	False
RANDOM_1852	0.739831170329343	0.124741971720251	0.432286571024797	0.124741971720251	True	False
RANDOM_1853	0.289467378445796	0.35178837959716	0.320627879021478	0.289467378445796	True	False
RANDOM_1854	0.227773128373464	0.181314487970888	0.204543808172176	0.181314487970888	True	False
RANDOM_1855	0.315555114076411	0.290811371079415	0.303183242577913	0.290811371079415	True	False
RANDOM_1856	0.917391762835659	0.252563363280076	0.5849775630578675	0.252563363280076	True	False
RANDOM_1857	0.239240890895044	0.0704701834364868	0.1548555371657654	0.0704701834364868	True	False
RANDOM_1858	0.609370895918917	0.144830498772655	0.377100697345786	0.144830498772655	True	False
RANDOM_1859	0.306455429814348	0.0964000505090463	0.20142774016169715	0.0964000505090463	True	False
RANDOM_1860	0.333754724946124	0.0557131934496657	0.19473395919789485	0.0557131934496657	True	False
RANDOM_1861	0.4397172464752	0.0181717496363775	0.22894449805578876	0.0181717496363775	True	False
RANDOM_1862	0.0984427899683844	0.169965426620455	0.1342041082944197	0.0984427899683844	True	False
RANDOM_1863	0.39431974940785	0.248266890432401	0.3212933199201255	0.248266890432401	True	False
RANDOM_1864	0.0677357009137098	0.008820973450189	0.038278337181949396	0.008820973450189	True	False
RANDOM_1865	-0.261134381983403	-0.0551649749506778	-0.1581496784670404	-0.261134381983403	False	False
RANDOM_1866	-0.355096711240593	0.047732138033894	-0.1536822866033495	-0.355096711240593	False	False
RANDOM_1867	0.0985253453054471	0.331998291180481	0.21526181824296406	0.0985253453054471	True	False
RANDOM_1868	0.0141165480143804	-0.180887601941305	-0.0833855269634623	-0.180887601941305	False	False
RANDOM_1869	0.264398000640461	0.0303054540454473	0.14735172734295415	0.0303054540454473	True	False
RANDOM_1870	0.0454099633407111	-0.0536919862273935	-0.004141011443341197	-0.0536919862273935	False	False
RANDOM_1871	0.403659154540791	-0.145940152649824	0.12885950094548348	-0.145940152649824	False	False
RANDOM_1872	0.337487373128726	-0.0428313469796562	0.1473280130745349	-0.0428313469796562	False	False
RANDOM_1873	0.496147512105418	0.27647511695306	0.386311314529239	0.27647511695306	True	False
RANDOM_1874	-0.0184564226020631	0.325489367253081	0.15351647232550894	-0.0184564226020631	False	False
RANDOM_1875	0.043325114153796	0.331131344394198	0.18722822927399702	0.043325114153796	True	False
RANDOM_1876	0.301039512460741	0.0126968773411574	0.1568681949009492	0.0126968773411574	True	False
RANDOM_1877	0.169387803692489	0.174552602062246	0.17197020287736747	0.169387803692489	True	False
RANDOM_1878	0.058390873658845	-0.169808464679579	-0.055708795510367	-0.169808464679579	False	False
RANDOM_1879	0.326003896237227	0.313500106302323	0.319752001269775	0.313500106302323	True	False
RANDOM_1880	-0.201234750150951	0.106902741571497	-0.047166004289727	-0.201234750150951	False	False
RANDOM_1881	0.293622155035565	-0.0145690216516817	0.13952656669194163	-0.0145690216516817	False	False
RANDOM_1882	-0.0007491630918411	0.348777428166936	0.17401413253754747	-0.0007491630918411	False	False
RANDOM_1883	0.325029132411744	0.161707589035202	0.243368360723473	0.161707589035202	True	False
RANDOM_1884	0.100278735591668	0.0343403414536589	0.06730953852266344	0.0343403414536589	True	False
RANDOM_1885	0.120084208307769	-0.0494176791926958	0.0353332645575366	-0.0494176791926958	False	False
RANDOM_1886	-0.0639366293434019	0.22434657098413	0.08020497082036404	-0.0639366293434019	False	False
RANDOM_1887	0.0562191103497102	-0.0881162089547746	-0.015948549302532197	-0.0881162089547746	False	False
RANDOM_1888	0.367272873028186	0.0477341125208777	0.20750349277453184	0.0477341125208777	True	False
RANDOM_1889	0.356557468208395	-0.1677424352991	0.09440751645464751	-0.1677424352991	False	False
RANDOM_1890	0.0871917796952948	0.0504836410526234	0.06883771037395911	0.0504836410526234	True	False
RANDOM_1891	0.559079643272405	0.065675894168226	0.31237776872031553	0.065675894168226	True	False
RANDOM_1892	0.59017086175069	0.381178840577825	0.48567485116425746	0.381178840577825	True	False
RANDOM_1893	0.0417107640355317	0.265295785319801	0.15350327467766636	0.0417107640355317	True	False
RANDOM_1894	0.441590276192375	-0.0048958672948666	0.21834720444875422	-0.0048958672948666	False	False
RANDOM_1895	0.348930940245081	0.166001839119606	0.2574663896823435	0.166001839119606	True	False
RANDOM_1896	-0.1602342075382	0.488339023053769	0.16405240775778449	-0.1602342075382	False	False
RANDOM_1897	0.063588892482283	0.121115418388552	0.0923521554354175	0.063588892482283	True	False
RANDOM_1898	0.0540757713933669	0.362378939649407	0.20822735552138694	0.0540757713933669	True	False
RANDOM_1899	-0.128922253496363	0.465978333272397	0.168528039888017	-0.128922253496363	False	False
RANDOM_1900	0.3034728541539	0.181718411524196	0.242595632839048	0.181718411524196	True	False
RANDOM_1901	0.0262613593380963	0.401555487617304	0.21390842347770014	0.0262613593380963	True	False
RANDOM_1902	0.315245569606096	0.248810073730995	0.2820278216685455	0.248810073730995	True	False
RANDOM_1903	0.0636206282771671	0.0908617376524712	0.07724118296481915	0.0636206282771671	True	False
RANDOM_1904	0.188268605572668	-0.10777098783909	0.040248808866789	-0.10777098783909	False	False
RANDOM_1905	0.330987961775986	0.234530538649986	0.282759250212986	0.234530538649986	True	False
RANDOM_1906	0.0737726766379984	0.096696229796239	0.0852344532171187	0.0737726766379984	True	False
RANDOM_1907	0.477719434230753	0.0352573171114575	0.2564883756711053	0.0352573171114575	True	False
RANDOM_1908	0.577867091993287	0.123729084175499	0.350798088084393	0.123729084175499	True	False
RANDOM_1909	0.0133550434110942	0.320970714649741	0.1671628790304176	0.0133550434110942	True	False
RANDOM_1910	0.0824266560983801	-0.0772752535729596	0.002575701262710249	-0.0772752535729596	False	False
RANDOM_1911	0.218836146045489	0.238635606983002	0.2287358765142455	0.218836146045489	True	False
RANDOM_1912	0.384510607732053	0.431329067973265	0.40791983785265895	0.384510607732053	True	False
RANDOM_1913	0.218288811048875	0.243334170573319	0.23081149081109698	0.218288811048875	True	False
RANDOM_1914	-0.0005428476192547	-0.0627821417082682	-0.03166249466376145	-0.0627821417082682	False	False
RANDOM_1915	0.096859090634785	0.0773887052119579	0.08712389792337144	0.0773887052119579	True	False
RANDOM_1916	0.0970233277084015	-0.0741326468578294	0.011445340425286048	-0.0741326468578294	False	False
RANDOM_1917	-0.170032762847873	0.0630718004144602	-0.0534804812167064	-0.170032762847873	False	False
RANDOM_1918	0.310292115835555	0.0088092301371392	0.1595506729863471	0.0088092301371392	True	False
RANDOM_1919	-0.0313766019264856	-0.0240433729443059	-0.027709987435395753	-0.0313766019264856	False	False
RANDOM_1920	0.261968204296146	0.29136927586639	0.27666874008126796	0.261968204296146	True	False
RANDOM_1921	0.0098098551408393	0.138062567488833	0.07393621131483614	0.0098098551408393	True	False
RANDOM_1922	-0.0622561389233241	-0.077074234293513	-0.06966518660841856	-0.077074234293513	False	False
RANDOM_1923	0.464116549243601	0.0708832098402363	0.2674998795419187	0.0708832098402363	True	False
RANDOM_1924	0.130813272752842	0.186117128172905	0.1584652004628735	0.130813272752842	True	False
RANDOM_1925	0.104457607563067	0.265467603636674	0.1849626055998705	0.104457607563067	True	False
RANDOM_1926	0.275908571495652	-0.12212223914832	0.07689316617366601	-0.12212223914832	False	False
RANDOM_1927	0.61503183560911	0.366745890779563	0.4908888631943365	0.366745890779563	True	False
RANDOM_1928	0.144609249853698	0.0684856517687741	0.10654745081123604	0.0684856517687741	True	False
RANDOM_1929	0.36503318552461	0.0856436724074361	0.22533842896602305	0.0856436724074361	True	False
RANDOM_1930	0.41564272169969	-0.0373690608796886	0.1891368304100007	-0.0373690608796886	False	False
RANDOM_1931	-0.0270645499717043	0.165693087143003	0.06931426858564935	-0.0270645499717043	False	False
RANDOM_1932	0.525790891564209	0.359871754199381	0.442831322881795	0.359871754199381	True	False
RANDOM_1933	0.242968040520695	-0.0765381916586432	0.0832149244310259	-0.0765381916586432	False	False
RANDOM_1934	0.148537905573275	0.186930377669135	0.167734141621205	0.148537905573275	True	False
RANDOM_1935	-0.420475028618299	0.327825990778266	-0.04632451892001649	-0.420475028618299	False	False
RANDOM_1936	0.0679418233742824	-0.0670895929018196	0.00042611523623140024	-0.0670895929018196	False	False
RANDOM_1937	-0.0138506949808402	0.145679770047992	0.0659145375335759	-0.0138506949808402	False	False
RANDOM_1938	0.55041385886172	0.391496858627597	0.4709553587446585	0.391496858627597	True	False
RANDOM_1939	0.449226955486938	0.090511229538965	0.2698690925129515	0.090511229538965	True	False
RANDOM_1940	0.568160946116603	-0.0378339242250228	0.26516351094579005	-0.0378339242250228	False	False
RANDOM_1941	0.554977536978493	0.158115769101439	0.35654665303996597	0.158115769101439	True	False
RANDOM_1942	0.624089243667832	0.294715411987646	0.45940232782773904	0.294715411987646	True	False
RANDOM_1943	-0.141843575051824	-0.181106588818731	-0.1614750819352775	-0.181106588818731	False	False
RANDOM_1944	-0.173827075625488	0.261254950802472	0.04371393758849201	-0.173827075625488	False	False
RANDOM_1945	0.281364386244111	0.287087673177768	0.28422602971093947	0.281364386244111	True	False
RANDOM_1946	0.606106412699674	0.145480425744882	0.37579341922227805	0.145480425744882	True	False
RANDOM_1947	-0.267549093694871	0.131270921495563	-0.06813908609965401	-0.267549093694871	False	False
RANDOM_1948	0.0084815699855867	0.307667883754381	0.15807472686998383	0.0084815699855867	True	False
RANDOM_1949	-0.0083236610578826	-0.000947359490686	-0.0046355102742843	-0.0083236610578826	False	False
RANDOM_1950	0.181274427089829	0.0805537081521696	0.1309140676209993	0.0805537081521696	True	False
RANDOM_1951	-0.151511937199439	-0.373918213979084	-0.2627150755892615	-0.373918213979084	False	False
RANDOM_1952	0.281546211037126	0.0836376065250214	0.1825919087810737	0.0836376065250214	True	False
RANDOM_1953	-0.143981125875723	0.0002023060171231	-0.07188940992929996	-0.143981125875723	False	False
RANDOM_1954	-0.181748899619984	0.4366331785745	0.12744213947725802	-0.181748899619984	False	False
RANDOM_1955	0.364168080675014	0.21773250342791	0.290950292051462	0.21773250342791	True	False
RANDOM_1956	0.113881061644731	0.393474691325436	0.2536778764850835	0.113881061644731	True	False
RANDOM_1957	-0.270065324123888	0.181144667915395	-0.04446032810424651	-0.270065324123888	False	False
RANDOM_1958	-0.129480068976127	0.279284405656995	0.07490216834043402	-0.129480068976127	False	False
RANDOM_1959	-0.264047249238226	0.253392145266926	-0.005327551985649992	-0.264047249238226	False	False
RANDOM_1960	0.321066393661897	0.134357731882899	0.227712062772398	0.134357731882899	True	False
RANDOM_1961	0.162018261461174	0.18723608762364	0.174627174542407	0.162018261461174	True	False
RANDOM_1962	0.148025243001366	0.222161173243606	0.185093208122486	0.148025243001366	True	False
RANDOM_1963	0.03536654835425	0.219586593205146	0.127476570779698	0.03536654835425	True	False
RANDOM_1964	-0.0995591914665762	0.0475020627715606	-0.0260285643475078	-0.0995591914665762	False	False
RANDOM_1965	0.287517577040057	-0.0834043254882082	0.10205662577592439	-0.0834043254882082	False	False
RANDOM_1966	0.233353378896585	-0.0676876743942235	0.08283285225118076	-0.0676876743942235	False	False
RANDOM_1967	-0.0104004829592954	0.151274215665315	0.07043686635300979	-0.0104004829592954	False	False
RANDOM_1968	0.587892020159217	-0.0376566896665932	0.2751176652463119	-0.0376566896665932	False	False
RANDOM_1969	0.162896824000015	0.403022479541389	0.282959651770702	0.162896824000015	True	False
RANDOM_1970	-0.273205016504284	0.0488643524169737	-0.11217033204365516	-0.273205016504284	False	False
RANDOM_1971	0.0736035406881119	0.0979177097556756	0.08576062522189375	0.0736035406881119	True	False
RANDOM_1972	0.17356315959386	0.274357257428786	0.22396020851132303	0.17356315959386	True	False
RANDOM_1973	0.272305053565538	0.208648749830454	0.24047690169799602	0.208648749830454	True	False
RANDOM_1974	0.279861951816844	0.313401305975493	0.29663162889616845	0.279861951816844	True	False
RANDOM_1975	0.563773257318191	0.0709106257534549	0.3173419415358229	0.0709106257534549	True	False
RANDOM_1976	0.299557325018774	0.069843282551725	0.18470030378524951	0.069843282551725	True	False
RANDOM_1977	0.381707325267275	-0.0820866312862657	0.14981034699050466	-0.0820866312862657	False	False
RANDOM_1978	0.329613285326897	-0.0543529919021989	0.13763014671234905	-0.0543529919021989	False	False
RANDOM_1979	-0.133693845929956	0.221479694667963	0.043892924369003494	-0.133693845929956	False	False
RANDOM_1980	0.19871808326072	0.423532199251982	0.311125141256351	0.19871808326072	True	False
RANDOM_1981	0.177623884711253	0.121196715230826	0.1494102999710395	0.121196715230826	True	False
RANDOM_1982	0.37136836840624	0.295088333272662	0.333228350839451	0.295088333272662	True	False
RANDOM_1983	0.100876141882942	0.291549128943434	0.196212635413188	0.100876141882942	True	False
RANDOM_1984	0.209351337419576	0.231292076306844	0.22032170686321	0.209351337419576	True	False
RANDOM_1985	0.248850274284778	-0.0809026838776068	0.0839737952035856	-0.0809026838776068	False	False
RANDOM_1986	-0.174655664293002	0.313182349759925	0.06926334273346149	-0.174655664293002	False	False
RANDOM_1987	0.427669381173225	0.154847119325681	0.291258250249453	0.154847119325681	True	False
RANDOM_1988	0.448468114394315	-0.100146459926379	0.174160827233968	-0.100146459926379	False	False
RANDOM_1989	0.354810007398796	0.361992638927524	0.35840132316316	0.354810007398796	True	False
RANDOM_1990	0.534888348504111	0.312993137054713	0.423940742779412	0.312993137054713	True	False
RANDOM_1991	0.102597698376836	0.419942615681138	0.261270157028987	0.102597698376836	True	False
RANDOM_1992	0.201812510145781	0.172650535201831	0.187231522673806	0.172650535201831	True	False
RANDOM_1993	0.311124642200341	0.0044729698564225	0.15779880602838173	0.0044729698564225	True	False
RANDOM_1994	0.510952009421974	0.116887854642853	0.31391993203241353	0.116887854642853	True	False
RANDOM_1995	0.204610774016418	0.0719330771200518	0.1382719255682349	0.0719330771200518	True	False
RANDOM_1996	-0.0613327173581802	0.21099334708991	0.07483031486586489	-0.0613327173581802	False	False
RANDOM_1997	0.13900477300081	0.116316960316704	0.12766086665875698	0.116316960316704	True	False
RANDOM_1998	0.459626126686963	0.129962284954234	0.2947942058205985	0.129962284954234	True	False
RANDOM_1999	0.0715697047392536	0.108113263426627	0.08984148408294029	0.0715697047392536	True	False
RANDOM_2000	0.0403688782051597	-0.0631191019357306	-0.011375111865285451	-0.0631191019357306	False	False
