cohort	program_id	n	n_R	n_NR	hedges_g	direction
ERP117672	AF35	35	6	29	0.869215645771505	POSITIVE
ERP117672	RANDOM_0001	35	6	29	0.212087627449604	POSITIVE
ERP117672	RANDOM_0002	35	6	29	0.444736721961738	POSITIVE
ERP117672	RANDOM_0003	35	6	29	0.083539887272866	POSITIVE
ERP117672	RANDOM_0004	35	6	29	-0.052391907249859	NEGATIVE
ERP117672	RANDOM_0005	35	6	29	0.155940288530783	POSITIVE
ERP117672	RANDOM_0006	35	6	29	0.445210798688886	POSITIVE
ERP117672	RANDOM_0007	35	6	29	0.364016255537372	POSITIVE
ERP117672	RANDOM_0008	35	6	29	0.201259289833106	POSITIVE
ERP117672	RANDOM_0009	35	6	29	0.439799690681301	POSITIVE
ERP117672	RANDOM_0010	35	6	29	-0.00203460575413966	NEGATIVE
ERP117672	RANDOM_0011	35	6	29	-0.231298025484731	NEGATIVE
ERP117672	RANDOM_0012	35	6	29	0.223984261730662	POSITIVE
ERP117672	RANDOM_0013	35	6	29	0.549792834559749	POSITIVE
ERP117672	RANDOM_0014	35	6	29	0.112791612030102	POSITIVE
ERP117672	RANDOM_0015	35	6	29	0.0418800334572979	POSITIVE
ERP117672	RANDOM_0016	35	6	29	0.380367059027862	POSITIVE
ERP117672	RANDOM_0017	35	6	29	-0.204767101936968	NEGATIVE
ERP117672	RANDOM_0018	35	6	29	-0.0771312576984214	NEGATIVE
ERP117672	RANDOM_0019	35	6	29	-0.00823595573805687	NEGATIVE
ERP117672	RANDOM_0020	35	6	29	-0.347421923435079	NEGATIVE
ERP117672	RANDOM_0021	35	6	29	-0.022027339101523	NEGATIVE
ERP117672	RANDOM_0022	35	6	29	0.550537275611766	POSITIVE
ERP117672	RANDOM_0023	35	6	29	-0.0708333358459466	NEGATIVE
ERP117672	RANDOM_0024	35	6	29	0.0545940015956529	POSITIVE
ERP117672	RANDOM_0025	35	6	29	0.139381469270104	POSITIVE
ERP117672	RANDOM_0026	35	6	29	0.294440820294339	POSITIVE
ERP117672	RANDOM_0027	35	6	29	0.130130518206724	POSITIVE
ERP117672	RANDOM_0028	35	6	29	0.322410197420659	POSITIVE
ERP117672	RANDOM_0029	35	6	29	0.264000132460179	POSITIVE
ERP117672	RANDOM_0030	35	6	29	0.306970307992622	POSITIVE
ERP117672	RANDOM_0031	35	6	29	0.288654615667087	POSITIVE
ERP117672	RANDOM_0032	35	6	29	0.136531343356412	POSITIVE
ERP117672	RANDOM_0033	35	6	29	-0.125290708073943	NEGATIVE
ERP117672	RANDOM_0034	35	6	29	0.58185470958272	POSITIVE
ERP117672	RANDOM_0035	35	6	29	0.107455057324764	POSITIVE
ERP117672	RANDOM_0036	35	6	29	0.258061673926032	POSITIVE
ERP117672	RANDOM_0037	35	6	29	0.463039713636368	POSITIVE
ERP117672	RANDOM_0038	35	6	29	0.23584706988077	POSITIVE
ERP117672	RANDOM_0039	35	6	29	0.322469584980718	POSITIVE
ERP117672	RANDOM_0040	35	6	29	0.272921336063412	POSITIVE
ERP117672	RANDOM_0041	35	6	29	0.341418629486377	POSITIVE
ERP117672	RANDOM_0042	35	6	29	0.366956251215235	POSITIVE
ERP117672	RANDOM_0043	35	6	29	0.420137952103919	POSITIVE
ERP117672	RANDOM_0044	35	6	29	0.199596762132954	POSITIVE
ERP117672	RANDOM_0045	35	6	29	0.209628838652929	POSITIVE
ERP117672	RANDOM_0046	35	6	29	0.245462235960604	POSITIVE
ERP117672	RANDOM_0047	35	6	29	0.430697307087132	POSITIVE
ERP117672	RANDOM_0048	35	6	29	0.283360709865151	POSITIVE
ERP117672	RANDOM_0049	35	6	29	0.214781815163427	POSITIVE
ERP117672	RANDOM_0050	35	6	29	-0.256914697126136	NEGATIVE
ERP117672	RANDOM_0051	35	6	29	0.481254522321614	POSITIVE
ERP117672	RANDOM_0052	35	6	29	0.553638431465067	POSITIVE
ERP117672	RANDOM_0053	35	6	29	0.0123338960182081	POSITIVE
ERP117672	RANDOM_0054	35	6	29	0.26851639249333	POSITIVE
ERP117672	RANDOM_0055	35	6	29	-0.0342135232362011	NEGATIVE
ERP117672	RANDOM_0056	35	6	29	0.163989960103211	POSITIVE
ERP117672	RANDOM_0057	35	6	29	0.405352163085637	POSITIVE
ERP117672	RANDOM_0058	35	6	29	-0.0347754522382134	NEGATIVE
ERP117672	RANDOM_0059	35	6	29	0.421509049009547	POSITIVE
ERP117672	RANDOM_0060	35	6	29	0.0634598997646182	POSITIVE
ERP117672	RANDOM_0061	35	6	29	0.0619378873769041	POSITIVE
ERP117672	RANDOM_0062	35	6	29	0.114958828923205	POSITIVE
ERP117672	RANDOM_0063	35	6	29	-0.141401750466763	NEGATIVE
ERP117672	RANDOM_0064	35	6	29	0.605471862785583	POSITIVE
ERP117672	RANDOM_0065	35	6	29	0.330875525663315	POSITIVE
ERP117672	RANDOM_0066	35	6	29	0.138006046223505	POSITIVE
ERP117672	RANDOM_0067	35	6	29	-0.221302019433868	NEGATIVE
ERP117672	RANDOM_0068	35	6	29	0.27833019614185	POSITIVE
ERP117672	RANDOM_0069	35	6	29	-0.287591766993127	NEGATIVE
ERP117672	RANDOM_0070	35	6	29	0.570802749894554	POSITIVE
ERP117672	RANDOM_0071	35	6	29	0.419437350509517	POSITIVE
ERP117672	RANDOM_0072	35	6	29	0.260641166410331	POSITIVE
ERP117672	RANDOM_0073	35	6	29	0.256448667037501	POSITIVE
ERP117672	RANDOM_0074	35	6	29	0.768312896193633	POSITIVE
ERP117672	RANDOM_0075	35	6	29	0.51531562283572	POSITIVE
ERP117672	RANDOM_0076	35	6	29	0.312736086768519	POSITIVE
ERP117672	RANDOM_0077	35	6	29	0.0973997291933756	POSITIVE
ERP117672	RANDOM_0078	35	6	29	0.374255210395012	POSITIVE
ERP117672	RANDOM_0079	35	6	29	0.0640069944632509	POSITIVE
ERP117672	RANDOM_0080	35	6	29	-0.561207632130597	NEGATIVE
ERP117672	RANDOM_0081	35	6	29	-0.934829724258615	NEGATIVE
ERP117672	RANDOM_0082	35	6	29	0.374147944400638	POSITIVE
ERP117672	RANDOM_0083	35	6	29	0.441688829783132	POSITIVE
ERP117672	RANDOM_0084	35	6	29	0.245433965866118	POSITIVE
ERP117672	RANDOM_0085	35	6	29	0.446432029734302	POSITIVE
ERP117672	RANDOM_0086	35	6	29	0.417278992034678	POSITIVE
ERP117672	RANDOM_0087	35	6	29	0.238950172266466	POSITIVE
ERP117672	RANDOM_0088	35	6	29	-0.0149396434878591	NEGATIVE
ERP117672	RANDOM_0089	35	6	29	0.15244091249362	POSITIVE
ERP117672	RANDOM_0090	35	6	29	0.197042560149465	POSITIVE
ERP117672	RANDOM_0091	35	6	29	-0.231820173922907	NEGATIVE
ERP117672	RANDOM_0092	35	6	29	0.490269418672616	POSITIVE
ERP117672	RANDOM_0093	35	6	29	-0.343761870730417	NEGATIVE
ERP117672	RANDOM_0094	35	6	29	0.263975686866606	POSITIVE
ERP117672	RANDOM_0095	35	6	29	0.634907154538757	POSITIVE
ERP117672	RANDOM_0096	35	6	29	0.192148641774229	POSITIVE
ERP117672	RANDOM_0097	35	6	29	-0.111790577067348	NEGATIVE
ERP117672	RANDOM_0098	35	6	29	0.0322616005301828	POSITIVE
ERP117672	RANDOM_0099	35	6	29	0.350443155178356	POSITIVE
ERP117672	RANDOM_0100	35	6	29	0.417598711382928	POSITIVE
ERP117672	RANDOM_0101	35	6	29	0.454351379316719	POSITIVE
ERP117672	RANDOM_0102	35	6	29	0.490108367042113	POSITIVE
ERP117672	RANDOM_0103	35	6	29	0.293924846733833	POSITIVE
ERP117672	RANDOM_0104	35	6	29	0.243472834105485	POSITIVE
ERP117672	RANDOM_0105	35	6	29	0.282388300587023	POSITIVE
ERP117672	RANDOM_0106	35	6	29	-0.202164520595165	NEGATIVE
ERP117672	RANDOM_0107	35	6	29	0.451920255675744	POSITIVE
ERP117672	RANDOM_0108	35	6	29	0.649300589775451	POSITIVE
ERP117672	RANDOM_0109	35	6	29	0.621782407719366	POSITIVE
ERP117672	RANDOM_0110	35	6	29	0.500769860065108	POSITIVE
ERP117672	RANDOM_0111	35	6	29	0.118231310011943	POSITIVE
ERP117672	RANDOM_0112	35	6	29	0.180020820672223	POSITIVE
ERP117672	RANDOM_0113	35	6	29	0.514467296570453	POSITIVE
ERP117672	RANDOM_0114	35	6	29	0.487310769833794	POSITIVE
ERP117672	RANDOM_0115	35	6	29	0.402152579838223	POSITIVE
ERP117672	RANDOM_0116	35	6	29	-0.0919833050910471	NEGATIVE
ERP117672	RANDOM_0117	35	6	29	-0.0275247813839978	NEGATIVE
ERP117672	RANDOM_0118	35	6	29	0.456019555503341	POSITIVE
ERP117672	RANDOM_0119	35	6	29	0.397648112487017	POSITIVE
ERP117672	RANDOM_0120	35	6	29	0.127067176175465	POSITIVE
ERP117672	RANDOM_0121	35	6	29	0.0412245969096619	POSITIVE
ERP117672	RANDOM_0122	35	6	29	0.317005982927983	POSITIVE
ERP117672	RANDOM_0123	35	6	29	0.116207012177811	POSITIVE
ERP117672	RANDOM_0124	35	6	29	-0.439845658095977	NEGATIVE
ERP117672	RANDOM_0125	35	6	29	0.151687407819973	POSITIVE
ERP117672	RANDOM_0126	35	6	29	0.23370555718439	POSITIVE
ERP117672	RANDOM_0127	35	6	29	0.328839017362858	POSITIVE
ERP117672	RANDOM_0128	35	6	29	0.700079646712598	POSITIVE
ERP117672	RANDOM_0129	35	6	29	0.170177577145661	POSITIVE
ERP117672	RANDOM_0130	35	6	29	-0.179087367701326	NEGATIVE
ERP117672	RANDOM_0131	35	6	29	0.167640608486731	POSITIVE
ERP117672	RANDOM_0132	35	6	29	0.666164637426336	POSITIVE
ERP117672	RANDOM_0133	35	6	29	0.382177845058463	POSITIVE
ERP117672	RANDOM_0134	35	6	29	0.722858588011335	POSITIVE
ERP117672	RANDOM_0135	35	6	29	0.418763984142009	POSITIVE
ERP117672	RANDOM_0136	35	6	29	0.360667513018203	POSITIVE
ERP117672	RANDOM_0137	35	6	29	0.321081988133375	POSITIVE
ERP117672	RANDOM_0138	35	6	29	0.188976646137797	POSITIVE
ERP117672	RANDOM_0139	35	6	29	0.295169809261768	POSITIVE
ERP117672	RANDOM_0140	35	6	29	0.22439614681397	POSITIVE
ERP117672	RANDOM_0141	35	6	29	-0.23083454053543	NEGATIVE
ERP117672	RANDOM_0142	35	6	29	0.347818910517304	POSITIVE
ERP117672	RANDOM_0143	35	6	29	0.119140570796492	POSITIVE
ERP117672	RANDOM_0144	35	6	29	0.306109850399792	POSITIVE
ERP117672	RANDOM_0145	35	6	29	-0.0100323977685859	NEGATIVE
ERP117672	RANDOM_0146	35	6	29	-0.00759801518320027	NEGATIVE
ERP117672	RANDOM_0147	35	6	29	0.704190357806385	POSITIVE
ERP117672	RANDOM_0148	35	6	29	0.345045684062818	POSITIVE
ERP117672	RANDOM_0149	35	6	29	-0.322118979781007	NEGATIVE
ERP117672	RANDOM_0150	35	6	29	0.356127532570092	POSITIVE
ERP117672	RANDOM_0151	35	6	29	-0.0123748625926136	NEGATIVE
ERP117672	RANDOM_0152	35	6	29	0.354691087310848	POSITIVE
ERP117672	RANDOM_0153	35	6	29	-0.203397850132158	NEGATIVE
ERP117672	RANDOM_0154	35	6	29	-0.0964282471494776	NEGATIVE
ERP117672	RANDOM_0155	35	6	29	-0.31779778972595	NEGATIVE
ERP117672	RANDOM_0156	35	6	29	0.665476611836584	POSITIVE
ERP117672	RANDOM_0157	35	6	29	0.224786530643529	POSITIVE
ERP117672	RANDOM_0158	35	6	29	0.59048257028717	POSITIVE
ERP117672	RANDOM_0159	35	6	29	-0.0311457585379036	NEGATIVE
ERP117672	RANDOM_0160	35	6	29	0.214115483214143	POSITIVE
ERP117672	RANDOM_0161	35	6	29	0.409488909097185	POSITIVE
ERP117672	RANDOM_0162	35	6	29	0.40744690560308	POSITIVE
ERP117672	RANDOM_0163	35	6	29	0.0610866943762991	POSITIVE
ERP117672	RANDOM_0164	35	6	29	0.354848302198251	POSITIVE
ERP117672	RANDOM_0165	35	6	29	0.617792257457749	POSITIVE
ERP117672	RANDOM_0166	35	6	29	-0.328325250031827	NEGATIVE
ERP117672	RANDOM_0167	35	6	29	0.0651168307809763	POSITIVE
ERP117672	RANDOM_0168	35	6	29	-0.0812985491765191	NEGATIVE
ERP117672	RANDOM_0169	35	6	29	0.152915053900924	POSITIVE
ERP117672	RANDOM_0170	35	6	29	0.243297402578443	POSITIVE
ERP117672	RANDOM_0171	35	6	29	0.243317744140323	POSITIVE
ERP117672	RANDOM_0172	35	6	29	-0.575771118150371	NEGATIVE
ERP117672	RANDOM_0173	35	6	29	0.545101885790075	POSITIVE
ERP117672	RANDOM_0174	35	6	29	0.158047751599588	POSITIVE
ERP117672	RANDOM_0175	35	6	29	-0.0437036527431096	NEGATIVE
ERP117672	RANDOM_0176	35	6	29	-0.0794101226559691	NEGATIVE
ERP117672	RANDOM_0177	35	6	29	-0.0150915587484011	NEGATIVE
ERP117672	RANDOM_0178	35	6	29	0.297585201172964	POSITIVE
ERP117672	RANDOM_0179	35	6	29	-0.255368714299521	NEGATIVE
ERP117672	RANDOM_0180	35	6	29	0.637746219062619	POSITIVE
ERP117672	RANDOM_0181	35	6	29	-0.0185313869089619	NEGATIVE
ERP117672	RANDOM_0182	35	6	29	0.706022716893846	POSITIVE
ERP117672	RANDOM_0183	35	6	29	-0.539609272546634	NEGATIVE
ERP117672	RANDOM_0184	35	6	29	0.281867644475095	POSITIVE
ERP117672	RANDOM_0185	35	6	29	0.66981070776169	POSITIVE
ERP117672	RANDOM_0186	35	6	29	-0.196941849231495	NEGATIVE
ERP117672	RANDOM_0187	35	6	29	-0.101819853484367	NEGATIVE
ERP117672	RANDOM_0188	35	6	29	0.374756390704919	POSITIVE
ERP117672	RANDOM_0189	35	6	29	-0.058801723804471	NEGATIVE
ERP117672	RANDOM_0190	35	6	29	0.37473783539923	POSITIVE
ERP117672	RANDOM_0191	35	6	29	0.450803120064033	POSITIVE
ERP117672	RANDOM_0192	35	6	29	-0.353855878484515	NEGATIVE
ERP117672	RANDOM_0193	35	6	29	0.468790375762058	POSITIVE
ERP117672	RANDOM_0194	35	6	29	0.226445009825919	POSITIVE
ERP117672	RANDOM_0195	35	6	29	0.094944638210868	POSITIVE
ERP117672	RANDOM_0196	35	6	29	-0.430294477737634	NEGATIVE
ERP117672	RANDOM_0197	35	6	29	0.108509797557221	POSITIVE
ERP117672	RANDOM_0198	35	6	29	0.756173115590017	POSITIVE
ERP117672	RANDOM_0199	35	6	29	0.259976377876033	POSITIVE
ERP117672	RANDOM_0200	35	6	29	0.117240696477383	POSITIVE
ERP117672	RANDOM_0201	35	6	29	0.31764901467139	POSITIVE
ERP117672	RANDOM_0202	35	6	29	0.127090055488333	POSITIVE
ERP117672	RANDOM_0203	35	6	29	-0.112213955888501	NEGATIVE
ERP117672	RANDOM_0204	35	6	29	0.283834368269733	POSITIVE
ERP117672	RANDOM_0205	35	6	29	0.336702899281942	POSITIVE
ERP117672	RANDOM_0206	35	6	29	-0.0743195670594294	NEGATIVE
ERP117672	RANDOM_0207	35	6	29	-0.182334639767309	NEGATIVE
ERP117672	RANDOM_0208	35	6	29	0.195812116302401	POSITIVE
ERP117672	RANDOM_0209	35	6	29	0.142028087302143	POSITIVE
ERP117672	RANDOM_0210	35	6	29	0.101337000317567	POSITIVE
ERP117672	RANDOM_0211	35	6	29	0.240611563049102	POSITIVE
ERP117672	RANDOM_0212	35	6	29	0.136543605861441	POSITIVE
ERP117672	RANDOM_0213	35	6	29	0.399120356461031	POSITIVE
ERP117672	RANDOM_0214	35	6	29	0.0796656954389057	POSITIVE
ERP117672	RANDOM_0215	35	6	29	0.0606202997667128	POSITIVE
ERP117672	RANDOM_0216	35	6	29	0.445218932269938	POSITIVE
ERP117672	RANDOM_0217	35	6	29	-0.0185030315657164	NEGATIVE
ERP117672	RANDOM_0218	35	6	29	0.190091381424841	POSITIVE
ERP117672	RANDOM_0219	35	6	29	0.596454553447231	POSITIVE
ERP117672	RANDOM_0220	35	6	29	-0.0463024244047669	NEGATIVE
ERP117672	RANDOM_0221	35	6	29	0.432728192890504	POSITIVE
ERP117672	RANDOM_0222	35	6	29	0.198983547562701	POSITIVE
ERP117672	RANDOM_0223	35	6	29	0.236934548050243	POSITIVE
ERP117672	RANDOM_0224	35	6	29	0.137698155885666	POSITIVE
ERP117672	RANDOM_0225	35	6	29	0.117022650485295	POSITIVE
ERP117672	RANDOM_0226	35	6	29	0.617202546809766	POSITIVE
ERP117672	RANDOM_0227	35	6	29	-0.185653980970672	NEGATIVE
ERP117672	RANDOM_0228	35	6	29	-0.0186634061321681	NEGATIVE
ERP117672	RANDOM_0229	35	6	29	0.18168862544007	POSITIVE
ERP117672	RANDOM_0230	35	6	29	0.272766102715372	POSITIVE
ERP117672	RANDOM_0231	35	6	29	0.110838999061848	POSITIVE
ERP117672	RANDOM_0232	35	6	29	-0.540204756369055	NEGATIVE
ERP117672	RANDOM_0233	35	6	29	-0.0455604192808896	NEGATIVE
ERP117672	RANDOM_0234	35	6	29	0.271026448845251	POSITIVE
ERP117672	RANDOM_0235	35	6	29	-0.16112801672478	NEGATIVE
ERP117672	RANDOM_0236	35	6	29	0.201541899918119	POSITIVE
ERP117672	RANDOM_0237	35	6	29	0.0119436084348866	POSITIVE
ERP117672	RANDOM_0238	35	6	29	0.714555116302114	POSITIVE
ERP117672	RANDOM_0239	35	6	29	0.164348427121879	POSITIVE
ERP117672	RANDOM_0240	35	6	29	0.36221631940653	POSITIVE
ERP117672	RANDOM_0241	35	6	29	-0.132754213319122	NEGATIVE
ERP117672	RANDOM_0242	35	6	29	0.361583570277013	POSITIVE
ERP117672	RANDOM_0243	35	6	29	-0.163488722370439	NEGATIVE
ERP117672	RANDOM_0244	35	6	29	-0.57614755091204	NEGATIVE
ERP117672	RANDOM_0245	35	6	29	-0.0775210760323792	NEGATIVE
ERP117672	RANDOM_0246	35	6	29	0.646862957034461	POSITIVE
ERP117672	RANDOM_0247	35	6	29	-0.143567194585506	NEGATIVE
ERP117672	RANDOM_0248	35	6	29	0.289141097641036	POSITIVE
ERP117672	RANDOM_0249	35	6	29	0.350765362757512	POSITIVE
ERP117672	RANDOM_0250	35	6	29	0.0138405747960053	POSITIVE
ERP117672	RANDOM_0251	35	6	29	0.0137807137241645	POSITIVE
ERP117672	RANDOM_0252	35	6	29	0.250887397112556	POSITIVE
ERP117672	RANDOM_0253	35	6	29	0.644294904471021	POSITIVE
ERP117672	RANDOM_0254	35	6	29	0.0908125347500579	POSITIVE
ERP117672	RANDOM_0255	35	6	29	-0.00824090623158055	NEGATIVE
ERP117672	RANDOM_0256	35	6	29	0.442929251048703	POSITIVE
ERP117672	RANDOM_0257	35	6	29	-0.217996705251276	NEGATIVE
ERP117672	RANDOM_0258	35	6	29	0.120910617520163	POSITIVE
ERP117672	RANDOM_0259	35	6	29	0.165897857895867	POSITIVE
ERP117672	RANDOM_0260	35	6	29	-0.0504920967713597	NEGATIVE
ERP117672	RANDOM_0261	35	6	29	0.207828068286724	POSITIVE
ERP117672	RANDOM_0262	35	6	29	0.424106265364887	POSITIVE
ERP117672	RANDOM_0263	35	6	29	-0.060206003472051	NEGATIVE
ERP117672	RANDOM_0264	35	6	29	-0.278296836524998	NEGATIVE
ERP117672	RANDOM_0265	35	6	29	0.0826398272007361	POSITIVE
ERP117672	RANDOM_0266	35	6	29	0.0492777286809492	POSITIVE
ERP117672	RANDOM_0267	35	6	29	0.332878510189784	POSITIVE
ERP117672	RANDOM_0268	35	6	29	-0.114204766625522	NEGATIVE
ERP117672	RANDOM_0269	35	6	29	-0.0786034908802519	NEGATIVE
ERP117672	RANDOM_0270	35	6	29	0.191491646291365	POSITIVE
ERP117672	RANDOM_0271	35	6	29	0.423006772992449	POSITIVE
ERP117672	RANDOM_0272	35	6	29	0.0296516363204858	POSITIVE
ERP117672	RANDOM_0273	35	6	29	0.328504411635228	POSITIVE
ERP117672	RANDOM_0274	35	6	29	-0.0166775930893412	NEGATIVE
ERP117672	RANDOM_0275	35	6	29	-0.144220027821489	NEGATIVE
ERP117672	RANDOM_0276	35	6	29	0.452729446445133	POSITIVE
ERP117672	RANDOM_0277	35	6	29	0.363392909381028	POSITIVE
ERP117672	RANDOM_0278	35	6	29	0.164781117472495	POSITIVE
ERP117672	RANDOM_0279	35	6	29	0.140637770452631	POSITIVE
ERP117672	RANDOM_0280	35	6	29	0.311034029484435	POSITIVE
ERP117672	RANDOM_0281	35	6	29	-0.14502340465709	NEGATIVE
ERP117672	RANDOM_0282	35	6	29	0.357206573912921	POSITIVE
ERP117672	RANDOM_0283	35	6	29	0.2676810562545	POSITIVE
ERP117672	RANDOM_0284	35	6	29	-0.11891864827981	NEGATIVE
ERP117672	RANDOM_0285	35	6	29	0.40292616631123	POSITIVE
ERP117672	RANDOM_0286	35	6	29	0.0230513007945988	POSITIVE
ERP117672	RANDOM_0287	35	6	29	-0.0219435076009123	NEGATIVE
ERP117672	RANDOM_0288	35	6	29	0.0512043322931655	POSITIVE
ERP117672	RANDOM_0289	35	6	29	0.201392803712727	POSITIVE
ERP117672	RANDOM_0290	35	6	29	-0.162711054726446	NEGATIVE
ERP117672	RANDOM_0291	35	6	29	0.351596999194558	POSITIVE
ERP117672	RANDOM_0292	35	6	29	0.437365507174239	POSITIVE
ERP117672	RANDOM_0293	35	6	29	0.0175838391329375	POSITIVE
ERP117672	RANDOM_0294	35	6	29	0.324768483145442	POSITIVE
ERP117672	RANDOM_0295	35	6	29	-0.255277688751423	NEGATIVE
ERP117672	RANDOM_0296	35	6	29	0.00833440877180417	POSITIVE
ERP117672	RANDOM_0297	35	6	29	-0.397378325741113	NEGATIVE
ERP117672	RANDOM_0298	35	6	29	0.408420231536133	POSITIVE
ERP117672	RANDOM_0299	35	6	29	-0.200877650071302	NEGATIVE
ERP117672	RANDOM_0300	35	6	29	0.528571140619969	POSITIVE
ERP117672	RANDOM_0301	35	6	29	0.250276011573776	POSITIVE
ERP117672	RANDOM_0302	35	6	29	0.420240609983313	POSITIVE
ERP117672	RANDOM_0303	35	6	29	0.223832549939714	POSITIVE
ERP117672	RANDOM_0304	35	6	29	0.294591971443059	POSITIVE
ERP117672	RANDOM_0305	35	6	29	0.308601082702157	POSITIVE
ERP117672	RANDOM_0306	35	6	29	-0.0875041848020487	NEGATIVE
ERP117672	RANDOM_0307	35	6	29	-0.252665693429042	NEGATIVE
ERP117672	RANDOM_0308	35	6	29	-0.031869729628212	NEGATIVE
ERP117672	RANDOM_0309	35	6	29	-0.0506661251752847	NEGATIVE
ERP117672	RANDOM_0310	35	6	29	0.519861456415793	POSITIVE
ERP117672	RANDOM_0311	35	6	29	0.464274313174309	POSITIVE
ERP117672	RANDOM_0312	35	6	29	0.00501721472641915	POSITIVE
ERP117672	RANDOM_0313	35	6	29	0.513661475602092	POSITIVE
ERP117672	RANDOM_0314	35	6	29	-0.0656635840091212	NEGATIVE
ERP117672	RANDOM_0315	35	6	29	0.110910744341363	POSITIVE
ERP117672	RANDOM_0316	35	6	29	0.100203722255965	POSITIVE
ERP117672	RANDOM_0317	35	6	29	0.266708668380955	POSITIVE
ERP117672	RANDOM_0318	35	6	29	0.0519730921719578	POSITIVE
ERP117672	RANDOM_0319	35	6	29	0.139041763346131	POSITIVE
ERP117672	RANDOM_0320	35	6	29	0.356995907038909	POSITIVE
ERP117672	RANDOM_0321	35	6	29	0.313714489557105	POSITIVE
ERP117672	RANDOM_0322	35	6	29	-0.0320575321248357	NEGATIVE
ERP117672	RANDOM_0323	35	6	29	0.51330519106938	POSITIVE
ERP117672	RANDOM_0324	35	6	29	-0.0183479504622144	NEGATIVE
ERP117672	RANDOM_0325	35	6	29	0.478805297091175	POSITIVE
ERP117672	RANDOM_0326	35	6	29	0.0956711727258114	POSITIVE
ERP117672	RANDOM_0327	35	6	29	0.271875770327173	POSITIVE
ERP117672	RANDOM_0328	35	6	29	-0.0337997324988285	NEGATIVE
ERP117672	RANDOM_0329	35	6	29	0.160721118122662	POSITIVE
ERP117672	RANDOM_0330	35	6	29	0.434897814979611	POSITIVE
ERP117672	RANDOM_0331	35	6	29	0.400825728978121	POSITIVE
ERP117672	RANDOM_0332	35	6	29	0.902141818819993	POSITIVE
ERP117672	RANDOM_0333	35	6	29	0.383377442243275	POSITIVE
ERP117672	RANDOM_0334	35	6	29	0.0854754372864066	POSITIVE
ERP117672	RANDOM_0335	35	6	29	-0.415715055663737	NEGATIVE
ERP117672	RANDOM_0336	35	6	29	0.467839353705041	POSITIVE
ERP117672	RANDOM_0337	35	6	29	0.450895163869583	POSITIVE
ERP117672	RANDOM_0338	35	6	29	-0.0686997544769233	NEGATIVE
ERP117672	RANDOM_0339	35	6	29	0.0605537439195538	POSITIVE
ERP117672	RANDOM_0340	35	6	29	-0.0725544356151872	NEGATIVE
ERP117672	RANDOM_0341	35	6	29	0.324258023902001	POSITIVE
ERP117672	RANDOM_0342	35	6	29	0.274845582213363	POSITIVE
ERP117672	RANDOM_0343	35	6	29	-0.0132306937342136	NEGATIVE
ERP117672	RANDOM_0344	35	6	29	0.447936238719508	POSITIVE
ERP117672	RANDOM_0345	35	6	29	0.231385201436372	POSITIVE
ERP117672	RANDOM_0346	35	6	29	0.25651871903982	POSITIVE
ERP117672	RANDOM_0347	35	6	29	-0.215418801142885	NEGATIVE
ERP117672	RANDOM_0348	35	6	29	0.615326603565731	POSITIVE
ERP117672	RANDOM_0349	35	6	29	0.3208411023138	POSITIVE
ERP117672	RANDOM_0350	35	6	29	-0.0955682830439056	NEGATIVE
ERP117672	RANDOM_0351	35	6	29	0.0755934851853305	POSITIVE
ERP117672	RANDOM_0352	35	6	29	-0.345437938298042	NEGATIVE
ERP117672	RANDOM_0353	35	6	29	-0.0234910623572533	NEGATIVE
ERP117672	RANDOM_0354	35	6	29	0.738554354849251	POSITIVE
ERP117672	RANDOM_0355	35	6	29	0.0841337558005286	POSITIVE
ERP117672	RANDOM_0356	35	6	29	-0.098532282833282	NEGATIVE
ERP117672	RANDOM_0357	35	6	29	0.381593800096313	POSITIVE
ERP117672	RANDOM_0358	35	6	29	0.515990088050185	POSITIVE
ERP117672	RANDOM_0359	35	6	29	0.162871753387009	POSITIVE
ERP117672	RANDOM_0360	35	6	29	0.140128661509162	POSITIVE
ERP117672	RANDOM_0361	35	6	29	0.410849598711868	POSITIVE
ERP117672	RANDOM_0362	35	6	29	-0.0962010795073549	NEGATIVE
ERP117672	RANDOM_0363	35	6	29	0.209817611098575	POSITIVE
ERP117672	RANDOM_0364	35	6	29	-0.232067355645022	NEGATIVE
ERP117672	RANDOM_0365	35	6	29	0.54947717535831	POSITIVE
ERP117672	RANDOM_0366	35	6	29	0.187869206510135	POSITIVE
ERP117672	RANDOM_0367	35	6	29	-0.00996133186834205	NEGATIVE
ERP117672	RANDOM_0368	35	6	29	0.294781503798734	POSITIVE
ERP117672	RANDOM_0369	35	6	29	-0.32031840401261	NEGATIVE
ERP117672	RANDOM_0370	35	6	29	0.00554778540330971	POSITIVE
ERP117672	RANDOM_0371	35	6	29	0.201687731117846	POSITIVE
ERP117672	RANDOM_0372	35	6	29	0.326482672768434	POSITIVE
ERP117672	RANDOM_0373	35	6	29	0.0832821817482689	POSITIVE
ERP117672	RANDOM_0374	35	6	29	-0.297533287258672	NEGATIVE
ERP117672	RANDOM_0375	35	6	29	0.468834200639894	POSITIVE
ERP117672	RANDOM_0376	35	6	29	0.442964217322054	POSITIVE
ERP117672	RANDOM_0377	35	6	29	0.226961830704326	POSITIVE
ERP117672	RANDOM_0378	35	6	29	-0.173846063542616	NEGATIVE
ERP117672	RANDOM_0379	35	6	29	0.0115776474822565	POSITIVE
ERP117672	RANDOM_0380	35	6	29	0.104899661541001	POSITIVE
ERP117672	RANDOM_0381	35	6	29	-0.15094721775884	NEGATIVE
ERP117672	RANDOM_0382	35	6	29	0.577646868079686	POSITIVE
ERP117672	RANDOM_0383	35	6	29	-0.037853544963685	NEGATIVE
ERP117672	RANDOM_0384	35	6	29	0.121136985432192	POSITIVE
ERP117672	RANDOM_0385	35	6	29	0.0339926007848589	POSITIVE
ERP117672	RANDOM_0386	35	6	29	-0.00390068694615217	NEGATIVE
ERP117672	RANDOM_0387	35	6	29	0.389541796768091	POSITIVE
ERP117672	RANDOM_0388	35	6	29	0.420966626992528	POSITIVE
ERP117672	RANDOM_0389	35	6	29	-0.152584044186037	NEGATIVE
ERP117672	RANDOM_0390	35	6	29	0.11495477826622	POSITIVE
ERP117672	RANDOM_0391	35	6	29	0.285520192906527	POSITIVE
ERP117672	RANDOM_0392	35	6	29	-0.0624861571195662	NEGATIVE
ERP117672	RANDOM_0393	35	6	29	0.328875859982536	POSITIVE
ERP117672	RANDOM_0394	35	6	29	-0.116568279397229	NEGATIVE
ERP117672	RANDOM_0395	35	6	29	0.127080050584628	POSITIVE
ERP117672	RANDOM_0396	35	6	29	0.140879485833032	POSITIVE
ERP117672	RANDOM_0397	35	6	29	0.437159249054262	POSITIVE
ERP117672	RANDOM_0398	35	6	29	0.115662969811535	POSITIVE
ERP117672	RANDOM_0399	35	6	29	0.0308357574236497	POSITIVE
ERP117672	RANDOM_0400	35	6	29	0.422154442039456	POSITIVE
ERP117672	RANDOM_0401	35	6	29	0.216132765609736	POSITIVE
ERP117672	RANDOM_0402	35	6	29	0.183635053868764	POSITIVE
ERP117672	RANDOM_0403	35	6	29	0.102408464660389	POSITIVE
ERP117672	RANDOM_0404	35	6	29	0.606220793603499	POSITIVE
ERP117672	RANDOM_0405	35	6	29	0.176548659959686	POSITIVE
ERP117672	RANDOM_0406	35	6	29	0.0468807033222537	POSITIVE
ERP117672	RANDOM_0407	35	6	29	-0.121616998703104	NEGATIVE
ERP117672	RANDOM_0408	35	6	29	0.141261450789862	POSITIVE
ERP117672	RANDOM_0409	35	6	29	-0.142272301641042	NEGATIVE
ERP117672	RANDOM_0410	35	6	29	-0.0821465468349246	NEGATIVE
ERP117672	RANDOM_0411	35	6	29	0.482685098854253	POSITIVE
ERP117672	RANDOM_0412	35	6	29	0.0462360394346669	POSITIVE
ERP117672	RANDOM_0413	35	6	29	0.22857242181386	POSITIVE
ERP117672	RANDOM_0414	35	6	29	0.399219133087016	POSITIVE
ERP117672	RANDOM_0415	35	6	29	0.216999785331038	POSITIVE
ERP117672	RANDOM_0416	35	6	29	0.350727645762014	POSITIVE
ERP117672	RANDOM_0417	35	6	29	0.371414716030535	POSITIVE
ERP117672	RANDOM_0418	35	6	29	-0.00867468580236255	NEGATIVE
ERP117672	RANDOM_0419	35	6	29	-0.055410135820212	NEGATIVE
ERP117672	RANDOM_0420	35	6	29	0.389495940816376	POSITIVE
ERP117672	RANDOM_0421	35	6	29	-0.0276948698870385	NEGATIVE
ERP117672	RANDOM_0422	35	6	29	0.783288087998859	POSITIVE
ERP117672	RANDOM_0423	35	6	29	-0.144192241197584	NEGATIVE
ERP117672	RANDOM_0424	35	6	29	0.795455307193168	POSITIVE
ERP117672	RANDOM_0425	35	6	29	0.366622439872859	POSITIVE
ERP117672	RANDOM_0426	35	6	29	0.196545387370812	POSITIVE
ERP117672	RANDOM_0427	35	6	29	0.602060642928484	POSITIVE
ERP117672	RANDOM_0428	35	6	29	-0.127989671547171	NEGATIVE
ERP117672	RANDOM_0429	35	6	29	0.451208473711799	POSITIVE
ERP117672	RANDOM_0430	35	6	29	0.188080288897926	POSITIVE
ERP117672	RANDOM_0431	35	6	29	-0.283506662421116	NEGATIVE
ERP117672	RANDOM_0432	35	6	29	0.479974805871074	POSITIVE
ERP117672	RANDOM_0433	35	6	29	-0.100977093243446	NEGATIVE
ERP117672	RANDOM_0434	35	6	29	-1.01755317511313	NEGATIVE
ERP117672	RANDOM_0435	35	6	29	-0.186453587418158	NEGATIVE
ERP117672	RANDOM_0436	35	6	29	0.28346386446088	POSITIVE
ERP117672	RANDOM_0437	35	6	29	-0.50144367092449	NEGATIVE
ERP117672	RANDOM_0438	35	6	29	0.295581467941422	POSITIVE
ERP117672	RANDOM_0439	35	6	29	0.536049890562158	POSITIVE
ERP117672	RANDOM_0440	35	6	29	-0.0505749741604617	NEGATIVE
ERP117672	RANDOM_0441	35	6	29	0.498957724549821	POSITIVE
ERP117672	RANDOM_0442	35	6	29	0.130916587113203	POSITIVE
ERP117672	RANDOM_0443	35	6	29	-0.0865625622347528	NEGATIVE
ERP117672	RANDOM_0444	35	6	29	0.145443597020779	POSITIVE
ERP117672	RANDOM_0445	35	6	29	0.228315371229248	POSITIVE
ERP117672	RANDOM_0446	35	6	29	0.0184055244523902	POSITIVE
ERP117672	RANDOM_0447	35	6	29	0.387029778308257	POSITIVE
ERP117672	RANDOM_0448	35	6	29	-0.341255488903085	NEGATIVE
ERP117672	RANDOM_0449	35	6	29	-0.147755773013629	NEGATIVE
ERP117672	RANDOM_0450	35	6	29	0.244223069333963	POSITIVE
ERP117672	RANDOM_0451	35	6	29	-0.056756794561061	NEGATIVE
ERP117672	RANDOM_0452	35	6	29	0.393288998739166	POSITIVE
ERP117672	RANDOM_0453	35	6	29	-0.106723219919	NEGATIVE
ERP117672	RANDOM_0454	35	6	29	-0.381048461049618	NEGATIVE
ERP117672	RANDOM_0455	35	6	29	0.0554560387550464	POSITIVE
ERP117672	RANDOM_0456	35	6	29	-0.230076138436674	NEGATIVE
ERP117672	RANDOM_0457	35	6	29	0.216766379658983	POSITIVE
ERP117672	RANDOM_0458	35	6	29	0.220580873261582	POSITIVE
ERP117672	RANDOM_0459	35	6	29	-0.060142694649366	NEGATIVE
ERP117672	RANDOM_0460	35	6	29	0.201058415108799	POSITIVE
ERP117672	RANDOM_0461	35	6	29	0.686037676610641	POSITIVE
ERP117672	RANDOM_0462	35	6	29	-0.42293234442692	NEGATIVE
ERP117672	RANDOM_0463	35	6	29	0.191837078570679	POSITIVE
ERP117672	RANDOM_0464	35	6	29	0.788672723601917	POSITIVE
ERP117672	RANDOM_0465	35	6	29	-0.0794928640307377	NEGATIVE
ERP117672	RANDOM_0466	35	6	29	0.381958761117631	POSITIVE
ERP117672	RANDOM_0467	35	6	29	-0.159435583780428	NEGATIVE
ERP117672	RANDOM_0468	35	6	29	-0.70400835977891	NEGATIVE
ERP117672	RANDOM_0469	35	6	29	0.292941895659708	POSITIVE
ERP117672	RANDOM_0470	35	6	29	0.299618397200925	POSITIVE
ERP117672	RANDOM_0471	35	6	29	0.376414189470891	POSITIVE
ERP117672	RANDOM_0472	35	6	29	0.642264952151492	POSITIVE
ERP117672	RANDOM_0473	35	6	29	-0.114003734319923	NEGATIVE
ERP117672	RANDOM_0474	35	6	29	0.382439604033193	POSITIVE
ERP117672	RANDOM_0475	35	6	29	0.268246559513518	POSITIVE
ERP117672	RANDOM_0476	35	6	29	-0.0530466130101381	NEGATIVE
ERP117672	RANDOM_0477	35	6	29	-0.291484991658481	NEGATIVE
ERP117672	RANDOM_0478	35	6	29	0.451065131420427	POSITIVE
ERP117672	RANDOM_0479	35	6	29	0.491056183030785	POSITIVE
ERP117672	RANDOM_0480	35	6	29	0.521136239070417	POSITIVE
ERP117672	RANDOM_0481	35	6	29	-0.197332088049105	NEGATIVE
ERP117672	RANDOM_0482	35	6	29	0.284779956065103	POSITIVE
ERP117672	RANDOM_0483	35	6	29	-0.287943866542745	NEGATIVE
ERP117672	RANDOM_0484	35	6	29	0.41182502408676	POSITIVE
ERP117672	RANDOM_0485	35	6	29	0.358458351904147	POSITIVE
ERP117672	RANDOM_0486	35	6	29	0.124729180916533	POSITIVE
ERP117672	RANDOM_0487	35	6	29	0.684339379403491	POSITIVE
ERP117672	RANDOM_0488	35	6	29	0.149601382842847	POSITIVE
ERP117672	RANDOM_0489	35	6	29	0.454027707589313	POSITIVE
ERP117672	RANDOM_0490	35	6	29	0.0670789489840766	POSITIVE
ERP117672	RANDOM_0491	35	6	29	0.248209552062458	POSITIVE
ERP117672	RANDOM_0492	35	6	29	0.327923110768703	POSITIVE
ERP117672	RANDOM_0493	35	6	29	-0.169100408888326	NEGATIVE
ERP117672	RANDOM_0494	35	6	29	-0.10818269303375	NEGATIVE
ERP117672	RANDOM_0495	35	6	29	0.128712194359148	POSITIVE
ERP117672	RANDOM_0496	35	6	29	0.0601588250734651	POSITIVE
ERP117672	RANDOM_0497	35	6	29	-0.120043187614998	NEGATIVE
ERP117672	RANDOM_0498	35	6	29	-0.156982516223947	NEGATIVE
ERP117672	RANDOM_0499	35	6	29	0.614136349710599	POSITIVE
ERP117672	RANDOM_0500	35	6	29	0.0821685823891369	POSITIVE
ERP117672	RANDOM_0501	35	6	29	0.456815255831228	POSITIVE
ERP117672	RANDOM_0502	35	6	29	-0.27458734306454	NEGATIVE
ERP117672	RANDOM_0503	35	6	29	-0.105142979512106	NEGATIVE
ERP117672	RANDOM_0504	35	6	29	-0.0357501075989335	NEGATIVE
ERP117672	RANDOM_0505	35	6	29	0.349733402968326	POSITIVE
ERP117672	RANDOM_0506	35	6	29	0.0245382691695305	POSITIVE
ERP117672	RANDOM_0507	35	6	29	0.197209963450445	POSITIVE
ERP117672	RANDOM_0508	35	6	29	0.0267997740284943	POSITIVE
ERP117672	RANDOM_0509	35	6	29	0.388795817397294	POSITIVE
ERP117672	RANDOM_0510	35	6	29	-0.0314610816457342	NEGATIVE
ERP117672	RANDOM_0511	35	6	29	-0.245914863985688	NEGATIVE
ERP117672	RANDOM_0512	35	6	29	0.527214543430898	POSITIVE
ERP117672	RANDOM_0513	35	6	29	-0.302780178808721	NEGATIVE
ERP117672	RANDOM_0514	35	6	29	0.441099973171515	POSITIVE
ERP117672	RANDOM_0515	35	6	29	-0.140118300602488	NEGATIVE
ERP117672	RANDOM_0516	35	6	29	0.00745569612533087	POSITIVE
ERP117672	RANDOM_0517	35	6	29	-0.144833889805501	NEGATIVE
ERP117672	RANDOM_0518	35	6	29	-0.380306624848617	NEGATIVE
ERP117672	RANDOM_0519	35	6	29	0.0123819637583388	POSITIVE
ERP117672	RANDOM_0520	35	6	29	0.39233507652649	POSITIVE
ERP117672	RANDOM_0521	35	6	29	0.213024632998617	POSITIVE
ERP117672	RANDOM_0522	35	6	29	0.502232304232491	POSITIVE
ERP117672	RANDOM_0523	35	6	29	0.0486914870153739	POSITIVE
ERP117672	RANDOM_0524	35	6	29	0.348069426754669	POSITIVE
ERP117672	RANDOM_0525	35	6	29	0.141951075002797	POSITIVE
ERP117672	RANDOM_0526	35	6	29	0.263080840928566	POSITIVE
ERP117672	RANDOM_0527	35	6	29	0.593139478616031	POSITIVE
ERP117672	RANDOM_0528	35	6	29	-0.17390898416342	NEGATIVE
ERP117672	RANDOM_0529	35	6	29	0.562528597696895	POSITIVE
ERP117672	RANDOM_0530	35	6	29	0.443373148752792	POSITIVE
ERP117672	RANDOM_0531	35	6	29	-0.108934297810981	NEGATIVE
ERP117672	RANDOM_0532	35	6	29	0.485319977191419	POSITIVE
ERP117672	RANDOM_0533	35	6	29	0.0584686286732974	POSITIVE
ERP117672	RANDOM_0534	35	6	29	0.636880088653496	POSITIVE
ERP117672	RANDOM_0535	35	6	29	-0.12475038462987	NEGATIVE
ERP117672	RANDOM_0536	35	6	29	0.0120174505652211	POSITIVE
ERP117672	RANDOM_0537	35	6	29	-0.438168751379043	NEGATIVE
ERP117672	RANDOM_0538	35	6	29	0.192958013134717	POSITIVE
ERP117672	RANDOM_0539	35	6	29	-2.48147522251478e-05	NEGATIVE
ERP117672	RANDOM_0540	35	6	29	0.237220913201427	POSITIVE
ERP117672	RANDOM_0541	35	6	29	-0.38398868579407	NEGATIVE
ERP117672	RANDOM_0542	35	6	29	-0.354137049637308	NEGATIVE
ERP117672	RANDOM_0543	35	6	29	-0.116004793610332	NEGATIVE
ERP117672	RANDOM_0544	35	6	29	0.320956642040377	POSITIVE
ERP117672	RANDOM_0545	35	6	29	0.131549018593513	POSITIVE
ERP117672	RANDOM_0546	35	6	29	0.0162161897891367	POSITIVE
ERP117672	RANDOM_0547	35	6	29	0.219547207905722	POSITIVE
ERP117672	RANDOM_0548	35	6	29	0.347111795591895	POSITIVE
ERP117672	RANDOM_0549	35	6	29	-0.128193472875528	NEGATIVE
ERP117672	RANDOM_0550	35	6	29	0.135115179311396	POSITIVE
ERP117672	RANDOM_0551	35	6	29	0.379132987879292	POSITIVE
ERP117672	RANDOM_0552	35	6	29	0.581311286722701	POSITIVE
ERP117672	RANDOM_0553	35	6	29	0.0743017674322451	POSITIVE
ERP117672	RANDOM_0554	35	6	29	-0.172250984546191	NEGATIVE
ERP117672	RANDOM_0555	35	6	29	0.267057907072661	POSITIVE
ERP117672	RANDOM_0556	35	6	29	0.699516720113248	POSITIVE
ERP117672	RANDOM_0557	35	6	29	0.314839735583316	POSITIVE
ERP117672	RANDOM_0558	35	6	29	0.309647893394692	POSITIVE
ERP117672	RANDOM_0559	35	6	29	0.238787205496279	POSITIVE
ERP117672	RANDOM_0560	35	6	29	0.00150208542124344	POSITIVE
ERP117672	RANDOM_0561	35	6	29	-0.0340473839098459	NEGATIVE
ERP117672	RANDOM_0562	35	6	29	0.147687946343314	POSITIVE
ERP117672	RANDOM_0563	35	6	29	0.263702062361516	POSITIVE
ERP117672	RANDOM_0564	35	6	29	-0.311981822721951	NEGATIVE
ERP117672	RANDOM_0565	35	6	29	0.21112970381219	POSITIVE
ERP117672	RANDOM_0566	35	6	29	0.617789666316403	POSITIVE
ERP117672	RANDOM_0567	35	6	29	-0.110830113355063	NEGATIVE
ERP117672	RANDOM_0568	35	6	29	-0.127388913983283	NEGATIVE
ERP117672	RANDOM_0569	35	6	29	-0.112473099103888	NEGATIVE
ERP117672	RANDOM_0570	35	6	29	0.360203898840901	POSITIVE
ERP117672	RANDOM_0571	35	6	29	0.062654735736874	POSITIVE
ERP117672	RANDOM_0572	35	6	29	0.18139883764815	POSITIVE
ERP117672	RANDOM_0573	35	6	29	0.416218000487056	POSITIVE
ERP117672	RANDOM_0574	35	6	29	-0.0933051501876427	NEGATIVE
ERP117672	RANDOM_0575	35	6	29	-0.0290516356391932	NEGATIVE
ERP117672	RANDOM_0576	35	6	29	-0.0152315066616649	NEGATIVE
ERP117672	RANDOM_0577	35	6	29	-0.0332498427900979	NEGATIVE
ERP117672	RANDOM_0578	35	6	29	0.518641902810968	POSITIVE
ERP117672	RANDOM_0579	35	6	29	0.4068762782012	POSITIVE
ERP117672	RANDOM_0580	35	6	29	0.147592746791987	POSITIVE
ERP117672	RANDOM_0581	35	6	29	0.317043371109381	POSITIVE
ERP117672	RANDOM_0582	35	6	29	0.718610189643203	POSITIVE
ERP117672	RANDOM_0583	35	6	29	0.375946527797534	POSITIVE
ERP117672	RANDOM_0584	35	6	29	0.144740766619045	POSITIVE
ERP117672	RANDOM_0585	35	6	29	0.548239043497049	POSITIVE
ERP117672	RANDOM_0586	35	6	29	0.0335416359318389	POSITIVE
ERP117672	RANDOM_0587	35	6	29	0.16921491307935	POSITIVE
ERP117672	RANDOM_0588	35	6	29	-0.0223332757935888	NEGATIVE
ERP117672	RANDOM_0589	35	6	29	0.322011479438214	POSITIVE
ERP117672	RANDOM_0590	35	6	29	0.226416701618335	POSITIVE
ERP117672	RANDOM_0591	35	6	29	0.46681533028286	POSITIVE
ERP117672	RANDOM_0592	35	6	29	0.34252023095004	POSITIVE
ERP117672	RANDOM_0593	35	6	29	0.151643026028127	POSITIVE
ERP117672	RANDOM_0594	35	6	29	0.424287862952047	POSITIVE
ERP117672	RANDOM_0595	35	6	29	0.326638135452003	POSITIVE
ERP117672	RANDOM_0596	35	6	29	-0.159727238558105	NEGATIVE
ERP117672	RANDOM_0597	35	6	29	0.295365720269173	POSITIVE
ERP117672	RANDOM_0598	35	6	29	0.0690848989133907	POSITIVE
ERP117672	RANDOM_0599	35	6	29	0.72532634966062	POSITIVE
ERP117672	RANDOM_0600	35	6	29	0.392759868248521	POSITIVE
ERP117672	RANDOM_0601	35	6	29	0.67350247174036	POSITIVE
ERP117672	RANDOM_0602	35	6	29	0.334885828368982	POSITIVE
ERP117672	RANDOM_0603	35	6	29	0.161747996608089	POSITIVE
ERP117672	RANDOM_0604	35	6	29	0.464422715533043	POSITIVE
ERP117672	RANDOM_0605	35	6	29	-0.130907278394583	NEGATIVE
ERP117672	RANDOM_0606	35	6	29	0.0476941425533115	POSITIVE
ERP117672	RANDOM_0607	35	6	29	-0.104304909632587	NEGATIVE
ERP117672	RANDOM_0608	35	6	29	0.27491917366407	POSITIVE
ERP117672	RANDOM_0609	35	6	29	0.442208015903317	POSITIVE
ERP117672	RANDOM_0610	35	6	29	0.348991479413042	POSITIVE
ERP117672	RANDOM_0611	35	6	29	0.765046290098041	POSITIVE
ERP117672	RANDOM_0612	35	6	29	0.131905748690467	POSITIVE
ERP117672	RANDOM_0613	35	6	29	-0.0980230571786302	NEGATIVE
ERP117672	RANDOM_0614	35	6	29	0.0367947488009032	POSITIVE
ERP117672	RANDOM_0615	35	6	29	0.291616986476669	POSITIVE
ERP117672	RANDOM_0616	35	6	29	-0.210620777061151	NEGATIVE
ERP117672	RANDOM_0617	35	6	29	-0.230544092454324	NEGATIVE
ERP117672	RANDOM_0618	35	6	29	0.227608805376622	POSITIVE
ERP117672	RANDOM_0619	35	6	29	0.642343704982865	POSITIVE
ERP117672	RANDOM_0620	35	6	29	0.463673354983898	POSITIVE
ERP117672	RANDOM_0621	35	6	29	-0.043719273121944	NEGATIVE
ERP117672	RANDOM_0622	35	6	29	0.314496487577458	POSITIVE
ERP117672	RANDOM_0623	35	6	29	-0.123718362121048	NEGATIVE
ERP117672	RANDOM_0624	35	6	29	0.242264366806432	POSITIVE
ERP117672	RANDOM_0625	35	6	29	0.0960324021756574	POSITIVE
ERP117672	RANDOM_0626	35	6	29	-0.0438325584993109	NEGATIVE
ERP117672	RANDOM_0627	35	6	29	0.254002271302576	POSITIVE
ERP117672	RANDOM_0628	35	6	29	0.11416038516398	POSITIVE
ERP117672	RANDOM_0629	35	6	29	-0.254207313769909	NEGATIVE
ERP117672	RANDOM_0630	35	6	29	0.225830044067057	POSITIVE
ERP117672	RANDOM_0631	35	6	29	-0.186303319884965	NEGATIVE
ERP117672	RANDOM_0632	35	6	29	-0.0292718079012055	NEGATIVE
ERP117672	RANDOM_0633	35	6	29	-0.127157408356644	NEGATIVE
ERP117672	RANDOM_0634	35	6	29	0.271197830798668	POSITIVE
ERP117672	RANDOM_0635	35	6	29	0.301907196611273	POSITIVE
ERP117672	RANDOM_0636	35	6	29	0.109953070589074	POSITIVE
ERP117672	RANDOM_0637	35	6	29	0.443600435189268	POSITIVE
ERP117672	RANDOM_0638	35	6	29	-0.196198774574927	NEGATIVE
ERP117672	RANDOM_0639	35	6	29	0.397708934944672	POSITIVE
ERP117672	RANDOM_0640	35	6	29	0.294434013645761	POSITIVE
ERP117672	RANDOM_0641	35	6	29	0.0560495135516914	POSITIVE
ERP117672	RANDOM_0642	35	6	29	-0.20338111682267	NEGATIVE
ERP117672	RANDOM_0643	35	6	29	0.0562595437022661	POSITIVE
ERP117672	RANDOM_0644	35	6	29	-0.353392642538717	NEGATIVE
ERP117672	RANDOM_0645	35	6	29	0.498991448538906	POSITIVE
ERP117672	RANDOM_0646	35	6	29	0.00970532101293174	POSITIVE
ERP117672	RANDOM_0647	35	6	29	0.251459819111001	POSITIVE
ERP117672	RANDOM_0648	35	6	29	0.537830440577976	POSITIVE
ERP117672	RANDOM_0649	35	6	29	0.18361397274387	POSITIVE
ERP117672	RANDOM_0650	35	6	29	0.2475044221032	POSITIVE
ERP117672	RANDOM_0651	35	6	29	0.347133921864645	POSITIVE
ERP117672	RANDOM_0652	35	6	29	0.360782532321095	POSITIVE
ERP117672	RANDOM_0653	35	6	29	0.224996901796614	POSITIVE
ERP117672	RANDOM_0654	35	6	29	0.142852800544661	POSITIVE
ERP117672	RANDOM_0655	35	6	29	0.0814085184592928	POSITIVE
ERP117672	RANDOM_0656	35	6	29	0.371370058798351	POSITIVE
ERP117672	RANDOM_0657	35	6	29	-0.148375332206003	NEGATIVE
ERP117672	RANDOM_0658	35	6	29	0.0545269759775711	POSITIVE
ERP117672	RANDOM_0659	35	6	29	-0.274839072495024	NEGATIVE
ERP117672	RANDOM_0660	35	6	29	0.156239503391869	POSITIVE
ERP117672	RANDOM_0661	35	6	29	-0.222263047769993	NEGATIVE
ERP117672	RANDOM_0662	35	6	29	0.435931401014853	POSITIVE
ERP117672	RANDOM_0663	35	6	29	-0.0549284682185165	NEGATIVE
ERP117672	RANDOM_0664	35	6	29	0.425826662976209	POSITIVE
ERP117672	RANDOM_0665	35	6	29	-0.415335454485448	NEGATIVE
ERP117672	RANDOM_0666	35	6	29	0.0433554781584309	POSITIVE
ERP117672	RANDOM_0667	35	6	29	0.137529366705422	POSITIVE
ERP117672	RANDOM_0668	35	6	29	0.399974931145612	POSITIVE
ERP117672	RANDOM_0669	35	6	29	0.117960566265395	POSITIVE
ERP117672	RANDOM_0670	35	6	29	0.129565396618987	POSITIVE
ERP117672	RANDOM_0671	35	6	29	0.422377690799826	POSITIVE
ERP117672	RANDOM_0672	35	6	29	-0.255324072927196	NEGATIVE
ERP117672	RANDOM_0673	35	6	29	0.557240481792854	POSITIVE
ERP117672	RANDOM_0674	35	6	29	0.24142924184416	POSITIVE
ERP117672	RANDOM_0675	35	6	29	0.564341868257296	POSITIVE
ERP117672	RANDOM_0676	35	6	29	0.859883351533703	POSITIVE
ERP117672	RANDOM_0677	35	6	29	0.562922128456768	POSITIVE
ERP117672	RANDOM_0678	35	6	29	0.277175101574808	POSITIVE
ERP117672	RANDOM_0679	35	6	29	-0.0526807506536216	NEGATIVE
ERP117672	RANDOM_0680	35	6	29	0.137652785047637	POSITIVE
ERP117672	RANDOM_0681	35	6	29	0.050249072859872	POSITIVE
ERP117672	RANDOM_0682	35	6	29	0.179825750696495	POSITIVE
ERP117672	RANDOM_0683	35	6	29	0.723240102634316	POSITIVE
ERP117672	RANDOM_0684	35	6	29	0.103590959531642	POSITIVE
ERP117672	RANDOM_0685	35	6	29	0.12321290633535	POSITIVE
ERP117672	RANDOM_0686	35	6	29	0.56222586789653	POSITIVE
ERP117672	RANDOM_0687	35	6	29	0.320801588786611	POSITIVE
ERP117672	RANDOM_0688	35	6	29	0.267055850572394	POSITIVE
ERP117672	RANDOM_0689	35	6	29	0.492407820774096	POSITIVE
ERP117672	RANDOM_0690	35	6	29	0.00188860504570135	POSITIVE
ERP117672	RANDOM_0691	35	6	29	0.337085800677694	POSITIVE
ERP117672	RANDOM_0692	35	6	29	-0.203287218943205	NEGATIVE
ERP117672	RANDOM_0693	35	6	29	0.143264236566381	POSITIVE
ERP117672	RANDOM_0694	35	6	29	0.597583811092127	POSITIVE
ERP117672	RANDOM_0695	35	6	29	-0.352568075058705	NEGATIVE
ERP117672	RANDOM_0696	35	6	29	0.481289684303919	POSITIVE
ERP117672	RANDOM_0697	35	6	29	0.297974462597823	POSITIVE
ERP117672	RANDOM_0698	35	6	29	0.322154847897312	POSITIVE
ERP117672	RANDOM_0699	35	6	29	-0.0541881962796009	NEGATIVE
ERP117672	RANDOM_0700	35	6	29	0.279058327475762	POSITIVE
ERP117672	RANDOM_0701	35	6	29	-0.0317411113839814	NEGATIVE
ERP117672	RANDOM_0702	35	6	29	0.083319284071672	POSITIVE
ERP117672	RANDOM_0703	35	6	29	0.0642404139427546	POSITIVE
ERP117672	RANDOM_0704	35	6	29	-0.0294682321391891	NEGATIVE
ERP117672	RANDOM_0705	35	6	29	0.575989580545818	POSITIVE
ERP117672	RANDOM_0706	35	6	29	0.199177594874036	POSITIVE
ERP117672	RANDOM_0707	35	6	29	0.150022466591574	POSITIVE
ERP117672	RANDOM_0708	35	6	29	0.216410494959128	POSITIVE
ERP117672	RANDOM_0709	35	6	29	0.0528555953249414	POSITIVE
ERP117672	RANDOM_0710	35	6	29	-0.129430850519843	NEGATIVE
ERP117672	RANDOM_0711	35	6	29	0.268388596601018	POSITIVE
ERP117672	RANDOM_0712	35	6	29	-0.091113719753227	NEGATIVE
ERP117672	RANDOM_0713	35	6	29	0.298575782915934	POSITIVE
ERP117672	RANDOM_0714	35	6	29	0.219147193361167	POSITIVE
ERP117672	RANDOM_0715	35	6	29	-0.00631864342502662	NEGATIVE
ERP117672	RANDOM_0716	35	6	29	-0.0381422672843475	NEGATIVE
ERP117672	RANDOM_0717	35	6	29	0.290145820189388	POSITIVE
ERP117672	RANDOM_0718	35	6	29	0.258165403951831	POSITIVE
ERP117672	RANDOM_0719	35	6	29	0.231544800912949	POSITIVE
ERP117672	RANDOM_0720	35	6	29	-0.0319664448443693	NEGATIVE
ERP117672	RANDOM_0721	35	6	29	0.730102853686589	POSITIVE
ERP117672	RANDOM_0722	35	6	29	0.108856953234999	POSITIVE
ERP117672	RANDOM_0723	35	6	29	0.216547786720226	POSITIVE
ERP117672	RANDOM_0724	35	6	29	-0.0324516938337614	NEGATIVE
ERP117672	RANDOM_0725	35	6	29	0.524287834618304	POSITIVE
ERP117672	RANDOM_0726	35	6	29	-0.432723038653085	NEGATIVE
ERP117672	RANDOM_0727	35	6	29	0.581577913287922	POSITIVE
ERP117672	RANDOM_0728	35	6	29	0.178810237298645	POSITIVE
ERP117672	RANDOM_0729	35	6	29	0.296359091191102	POSITIVE
ERP117672	RANDOM_0730	35	6	29	0.106973405915722	POSITIVE
ERP117672	RANDOM_0731	35	6	29	0.367862603816845	POSITIVE
ERP117672	RANDOM_0732	35	6	29	0.213355936158368	POSITIVE
ERP117672	RANDOM_0733	35	6	29	-0.196117054312711	NEGATIVE
ERP117672	RANDOM_0734	35	6	29	0.0483102791168217	POSITIVE
ERP117672	RANDOM_0735	35	6	29	0.351158820179784	POSITIVE
ERP117672	RANDOM_0736	35	6	29	-0.0197740247184149	NEGATIVE
ERP117672	RANDOM_0737	35	6	29	0.324544208849938	POSITIVE
ERP117672	RANDOM_0738	35	6	29	-0.249788560486147	NEGATIVE
ERP117672	RANDOM_0739	35	6	29	0.188712868585529	POSITIVE
ERP117672	RANDOM_0740	35	6	29	0.112034476742401	POSITIVE
ERP117672	RANDOM_0741	35	6	29	0.345016322067349	POSITIVE
ERP117672	RANDOM_0742	35	6	29	0.211627630340942	POSITIVE
ERP117672	RANDOM_0743	35	6	29	0.210192449786742	POSITIVE
ERP117672	RANDOM_0744	35	6	29	0.0856189179816247	POSITIVE
ERP117672	RANDOM_0745	35	6	29	-0.0363343251360753	NEGATIVE
ERP117672	RANDOM_0746	35	6	29	0.337985925654699	POSITIVE
ERP117672	RANDOM_0747	35	6	29	0.375629233445778	POSITIVE
ERP117672	RANDOM_0748	35	6	29	-0.0712992377043461	NEGATIVE
ERP117672	RANDOM_0749	35	6	29	0.270663983555061	POSITIVE
ERP117672	RANDOM_0750	35	6	29	-0.2081035230887	NEGATIVE
ERP117672	RANDOM_0751	35	6	29	0.171697861453845	POSITIVE
ERP117672	RANDOM_0752	35	6	29	0.559936360310422	POSITIVE
ERP117672	RANDOM_0753	35	6	29	0.439098209677521	POSITIVE
ERP117672	RANDOM_0754	35	6	29	0.235340861191964	POSITIVE
ERP117672	RANDOM_0755	35	6	29	-0.0916474037745972	NEGATIVE
ERP117672	RANDOM_0756	35	6	29	0.426802764656738	POSITIVE
ERP117672	RANDOM_0757	35	6	29	0.37183712733193	POSITIVE
ERP117672	RANDOM_0758	35	6	29	0.533522494332321	POSITIVE
ERP117672	RANDOM_0759	35	6	29	0.0776606881563658	POSITIVE
ERP117672	RANDOM_0760	35	6	29	0.0755276180251989	POSITIVE
ERP117672	RANDOM_0761	35	6	29	0.0869234915749611	POSITIVE
ERP117672	RANDOM_0762	35	6	29	0.469676990313049	POSITIVE
ERP117672	RANDOM_0763	35	6	29	0.0835434300369811	POSITIVE
ERP117672	RANDOM_0764	35	6	29	0.407664655789737	POSITIVE
ERP117672	RANDOM_0765	35	6	29	0.237376027118568	POSITIVE
ERP117672	RANDOM_0766	35	6	29	0.35788491716413	POSITIVE
ERP117672	RANDOM_0767	35	6	29	0.077068251791481	POSITIVE
ERP117672	RANDOM_0768	35	6	29	0.0274592426878404	POSITIVE
ERP117672	RANDOM_0769	35	6	29	0.607176515152527	POSITIVE
ERP117672	RANDOM_0770	35	6	29	0.302062713794013	POSITIVE
ERP117672	RANDOM_0771	35	6	29	-0.618756374797441	NEGATIVE
ERP117672	RANDOM_0772	35	6	29	-0.0855604082448693	NEGATIVE
ERP117672	RANDOM_0773	35	6	29	-0.0474876704212504	NEGATIVE
ERP117672	RANDOM_0774	35	6	29	0.103018941714286	POSITIVE
ERP117672	RANDOM_0775	35	6	29	0.240734029963417	POSITIVE
ERP117672	RANDOM_0776	35	6	29	0.520185290541348	POSITIVE
ERP117672	RANDOM_0777	35	6	29	0.538843526945996	POSITIVE
ERP117672	RANDOM_0778	35	6	29	-0.126139027636853	NEGATIVE
ERP117672	RANDOM_0779	35	6	29	0.444527335310684	POSITIVE
ERP117672	RANDOM_0780	35	6	29	0.33328329489682	POSITIVE
ERP117672	RANDOM_0781	35	6	29	0.35387049202378	POSITIVE
ERP117672	RANDOM_0782	35	6	29	0.330850591681921	POSITIVE
ERP117672	RANDOM_0783	35	6	29	0.348067732753374	POSITIVE
ERP117672	RANDOM_0784	35	6	29	0.309511292541617	POSITIVE
ERP117672	RANDOM_0785	35	6	29	0.0288505082615281	POSITIVE
ERP117672	RANDOM_0786	35	6	29	0.208743004816997	POSITIVE
ERP117672	RANDOM_0787	35	6	29	-0.0037680137966193	NEGATIVE
ERP117672	RANDOM_0788	35	6	29	0.467644774955054	POSITIVE
ERP117672	RANDOM_0789	35	6	29	0.071653309150478	POSITIVE
ERP117672	RANDOM_0790	35	6	29	0.189240707528114	POSITIVE
ERP117672	RANDOM_0791	35	6	29	0.565668691395632	POSITIVE
ERP117672	RANDOM_0792	35	6	29	0.366479578342438	POSITIVE
ERP117672	RANDOM_0793	35	6	29	0.0511115519832492	POSITIVE
ERP117672	RANDOM_0794	35	6	29	0.749345775266815	POSITIVE
ERP117672	RANDOM_0795	35	6	29	-0.415829509289376	NEGATIVE
ERP117672	RANDOM_0796	35	6	29	0.569006345759076	POSITIVE
ERP117672	RANDOM_0797	35	6	29	0.136352342317503	POSITIVE
ERP117672	RANDOM_0798	35	6	29	-0.125439314509957	NEGATIVE
ERP117672	RANDOM_0799	35	6	29	0.0265193247090691	POSITIVE
ERP117672	RANDOM_0800	35	6	29	0.727793466780999	POSITIVE
ERP117672	RANDOM_0801	35	6	29	0.086103788658731	POSITIVE
ERP117672	RANDOM_0802	35	6	29	0.534993804000457	POSITIVE
ERP117672	RANDOM_0803	35	6	29	-0.102398401568536	NEGATIVE
ERP117672	RANDOM_0804	35	6	29	-0.0212323888948723	NEGATIVE
ERP117672	RANDOM_0805	35	6	29	-0.122160055263167	NEGATIVE
ERP117672	RANDOM_0806	35	6	29	-0.140368828442977	NEGATIVE
ERP117672	RANDOM_0807	35	6	29	0.603137307230102	POSITIVE
ERP117672	RANDOM_0808	35	6	29	0.676175650118933	POSITIVE
ERP117672	RANDOM_0809	35	6	29	0.393443396151516	POSITIVE
ERP117672	RANDOM_0810	35	6	29	-0.152312294168241	NEGATIVE
ERP117672	RANDOM_0811	35	6	29	-0.0464227056526974	NEGATIVE
ERP117672	RANDOM_0812	35	6	29	0.30852383190939	POSITIVE
ERP117672	RANDOM_0813	35	6	29	0.0625251188340509	POSITIVE
ERP117672	RANDOM_0814	35	6	29	0.144803250072119	POSITIVE
ERP117672	RANDOM_0815	35	6	29	0.695761256734634	POSITIVE
ERP117672	RANDOM_0816	35	6	29	-0.114854799622256	NEGATIVE
ERP117672	RANDOM_0817	35	6	29	0.219004623547445	POSITIVE
ERP117672	RANDOM_0818	35	6	29	0.611224997662805	POSITIVE
ERP117672	RANDOM_0819	35	6	29	0.237890947567274	POSITIVE
ERP117672	RANDOM_0820	35	6	29	0.384002674445999	POSITIVE
ERP117672	RANDOM_0821	35	6	29	0.786265180397875	POSITIVE
ERP117672	RANDOM_0822	35	6	29	-0.292051878011878	NEGATIVE
ERP117672	RANDOM_0823	35	6	29	0.222230542913789	POSITIVE
ERP117672	RANDOM_0824	35	6	29	-0.110735238844854	NEGATIVE
ERP117672	RANDOM_0825	35	6	29	0.123008441688531	POSITIVE
ERP117672	RANDOM_0826	35	6	29	0.137291908649992	POSITIVE
ERP117672	RANDOM_0827	35	6	29	0.185369764348564	POSITIVE
ERP117672	RANDOM_0828	35	6	29	0.225757713785143	POSITIVE
ERP117672	RANDOM_0829	35	6	29	0.286195862378481	POSITIVE
ERP117672	RANDOM_0830	35	6	29	0.0148200744372588	POSITIVE
ERP117672	RANDOM_0831	35	6	29	0.522347482325973	POSITIVE
ERP117672	RANDOM_0832	35	6	29	0.0795143971362922	POSITIVE
ERP117672	RANDOM_0833	35	6	29	0.429847246114881	POSITIVE
ERP117672	RANDOM_0834	35	6	29	0.703225164310431	POSITIVE
ERP117672	RANDOM_0835	35	6	29	0.359267340862559	POSITIVE
ERP117672	RANDOM_0836	35	6	29	0.483933610011782	POSITIVE
ERP117672	RANDOM_0837	35	6	29	0.421535202438043	POSITIVE
ERP117672	RANDOM_0838	35	6	29	-0.0308679818757599	NEGATIVE
ERP117672	RANDOM_0839	35	6	29	0.367939226466322	POSITIVE
ERP117672	RANDOM_0840	35	6	29	0.145787650755053	POSITIVE
ERP117672	RANDOM_0841	35	6	29	0.0777741332743823	POSITIVE
ERP117672	RANDOM_0842	35	6	29	0.264245638183491	POSITIVE
ERP117672	RANDOM_0843	35	6	29	0.603661986484983	POSITIVE
ERP117672	RANDOM_0844	35	6	29	0.316263317128638	POSITIVE
ERP117672	RANDOM_0845	35	6	29	0.0628997635728659	POSITIVE
ERP117672	RANDOM_0846	35	6	29	-0.39649841943633	NEGATIVE
ERP117672	RANDOM_0847	35	6	29	0.533967853941775	POSITIVE
ERP117672	RANDOM_0848	35	6	29	0.42732986814692	POSITIVE
ERP117672	RANDOM_0849	35	6	29	0.109878437257892	POSITIVE
ERP117672	RANDOM_0850	35	6	29	0.336655829548957	POSITIVE
ERP117672	RANDOM_0851	35	6	29	0.143161911589118	POSITIVE
ERP117672	RANDOM_0852	35	6	29	-0.570149204093197	NEGATIVE
ERP117672	RANDOM_0853	35	6	29	0.173975559740747	POSITIVE
ERP117672	RANDOM_0854	35	6	29	-0.0474585757197571	NEGATIVE
ERP117672	RANDOM_0855	35	6	29	0.351353665014942	POSITIVE
ERP117672	RANDOM_0856	35	6	29	0.291779156084498	POSITIVE
ERP117672	RANDOM_0857	35	6	29	0.714556015251069	POSITIVE
ERP117672	RANDOM_0858	35	6	29	-0.314885454463817	NEGATIVE
ERP117672	RANDOM_0859	35	6	29	-0.30691785157573	NEGATIVE
ERP117672	RANDOM_0860	35	6	29	0.261782230606711	POSITIVE
ERP117672	RANDOM_0861	35	6	29	0.300273539383007	POSITIVE
ERP117672	RANDOM_0862	35	6	29	0.361246180026088	POSITIVE
ERP117672	RANDOM_0863	35	6	29	0.549935765589044	POSITIVE
ERP117672	RANDOM_0864	35	6	29	0.236860980950743	POSITIVE
ERP117672	RANDOM_0865	35	6	29	-0.0302571803082897	NEGATIVE
ERP117672	RANDOM_0866	35	6	29	0.0333513201013104	POSITIVE
ERP117672	RANDOM_0867	35	6	29	-0.0790587817708377	NEGATIVE
ERP117672	RANDOM_0868	35	6	29	0.310434019525885	POSITIVE
ERP117672	RANDOM_0869	35	6	29	-0.124959096335002	NEGATIVE
ERP117672	RANDOM_0870	35	6	29	0.193595076952439	POSITIVE
ERP117672	RANDOM_0871	35	6	29	0.117141489247127	POSITIVE
ERP117672	RANDOM_0872	35	6	29	-0.0960076831862396	NEGATIVE
ERP117672	RANDOM_0873	35	6	29	-0.193070952055112	NEGATIVE
ERP117672	RANDOM_0874	35	6	29	-0.261075263024411	NEGATIVE
ERP117672	RANDOM_0875	35	6	29	0.319032963041804	POSITIVE
ERP117672	RANDOM_0876	35	6	29	-0.267571798953813	NEGATIVE
ERP117672	RANDOM_0877	35	6	29	0.117857996033178	POSITIVE
ERP117672	RANDOM_0878	35	6	29	0.771144594917561	POSITIVE
ERP117672	RANDOM_0879	35	6	29	0.225316261292006	POSITIVE
ERP117672	RANDOM_0880	35	6	29	0.276118793214253	POSITIVE
ERP117672	RANDOM_0881	35	6	29	0.247202675104622	POSITIVE
ERP117672	RANDOM_0882	35	6	29	0.545995926666132	POSITIVE
ERP117672	RANDOM_0883	35	6	29	-0.126507281910104	NEGATIVE
ERP117672	RANDOM_0884	35	6	29	0.229331690021303	POSITIVE
ERP117672	RANDOM_0885	35	6	29	0.537821064360506	POSITIVE
ERP117672	RANDOM_0886	35	6	29	0.361607433990416	POSITIVE
ERP117672	RANDOM_0887	35	6	29	0.00401704560076352	POSITIVE
ERP117672	RANDOM_0888	35	6	29	0.163804274313357	POSITIVE
ERP117672	RANDOM_0889	35	6	29	0.148328517997236	POSITIVE
ERP117672	RANDOM_0890	35	6	29	-0.105274554962158	NEGATIVE
ERP117672	RANDOM_0891	35	6	29	-0.299109610304876	NEGATIVE
ERP117672	RANDOM_0892	35	6	29	-0.00765783803318878	NEGATIVE
ERP117672	RANDOM_0893	35	6	29	0.081276327518472	POSITIVE
ERP117672	RANDOM_0894	35	6	29	0.11324269050424	POSITIVE
ERP117672	RANDOM_0895	35	6	29	-0.644832149987746	NEGATIVE
ERP117672	RANDOM_0896	35	6	29	0.0258675665862925	POSITIVE
ERP117672	RANDOM_0897	35	6	29	0.43083845808156	POSITIVE
ERP117672	RANDOM_0898	35	6	29	0.638747987724481	POSITIVE
ERP117672	RANDOM_0899	35	6	29	0.452227705616134	POSITIVE
ERP117672	RANDOM_0900	35	6	29	0.325109039892858	POSITIVE
ERP117672	RANDOM_0901	35	6	29	0.203301955988388	POSITIVE
ERP117672	RANDOM_0902	35	6	29	0.0528232086880659	POSITIVE
ERP117672	RANDOM_0903	35	6	29	0.259958662650706	POSITIVE
ERP117672	RANDOM_0904	35	6	29	0.0492491890409502	POSITIVE
ERP117672	RANDOM_0905	35	6	29	0.64642964998765	POSITIVE
ERP117672	RANDOM_0906	35	6	29	0.595350328111549	POSITIVE
ERP117672	RANDOM_0907	35	6	29	0.00820297151598322	POSITIVE
ERP117672	RANDOM_0908	35	6	29	-0.189480228237697	NEGATIVE
ERP117672	RANDOM_0909	35	6	29	0.448949421477077	POSITIVE
ERP117672	RANDOM_0910	35	6	29	-0.224721194312403	NEGATIVE
ERP117672	RANDOM_0911	35	6	29	0.259459381714243	POSITIVE
ERP117672	RANDOM_0912	35	6	29	0.262455546000855	POSITIVE
ERP117672	RANDOM_0913	35	6	29	0.809368181909779	POSITIVE
ERP117672	RANDOM_0914	35	6	29	-0.338517041471788	NEGATIVE
ERP117672	RANDOM_0915	35	6	29	0.507366703517898	POSITIVE
ERP117672	RANDOM_0916	35	6	29	0.589329681985852	POSITIVE
ERP117672	RANDOM_0917	35	6	29	0.286722985902248	POSITIVE
ERP117672	RANDOM_0918	35	6	29	0.36077658379049	POSITIVE
ERP117672	RANDOM_0919	35	6	29	0.547521919462285	POSITIVE
ERP117672	RANDOM_0920	35	6	29	0.237035520298065	POSITIVE
ERP117672	RANDOM_0921	35	6	29	0.163711889347955	POSITIVE
ERP117672	RANDOM_0922	35	6	29	0.325151353583115	POSITIVE
ERP117672	RANDOM_0923	35	6	29	0.385936554829185	POSITIVE
ERP117672	RANDOM_0924	35	6	29	0.417684923833894	POSITIVE
ERP117672	RANDOM_0925	35	6	29	0.407196458307495	POSITIVE
ERP117672	RANDOM_0926	35	6	29	0.0538615257417788	POSITIVE
ERP117672	RANDOM_0927	35	6	29	0.14691079866809	POSITIVE
ERP117672	RANDOM_0928	35	6	29	1.09804956721003	POSITIVE
ERP117672	RANDOM_0929	35	6	29	-0.309038805809813	NEGATIVE
ERP117672	RANDOM_0930	35	6	29	0.0410726542148542	POSITIVE
ERP117672	RANDOM_0931	35	6	29	0.129965872826232	POSITIVE
ERP117672	RANDOM_0932	35	6	29	0.0829150153922679	POSITIVE
ERP117672	RANDOM_0933	35	6	29	-0.0376009627643891	NEGATIVE
ERP117672	RANDOM_0934	35	6	29	0.0545604764188771	POSITIVE
ERP117672	RANDOM_0935	35	6	29	0.0784030923730942	POSITIVE
ERP117672	RANDOM_0936	35	6	29	0.283266903694907	POSITIVE
ERP117672	RANDOM_0937	35	6	29	-0.00627875320469721	NEGATIVE
ERP117672	RANDOM_0938	35	6	29	-0.434252750942516	NEGATIVE
ERP117672	RANDOM_0939	35	6	29	0.109238559068253	POSITIVE
ERP117672	RANDOM_0940	35	6	29	0.13823780814222	POSITIVE
ERP117672	RANDOM_0941	35	6	29	0.716159945787712	POSITIVE
ERP117672	RANDOM_0942	35	6	29	0.279247092523629	POSITIVE
ERP117672	RANDOM_0943	35	6	29	0.340332670818561	POSITIVE
ERP117672	RANDOM_0944	35	6	29	0.0634709440503924	POSITIVE
ERP117672	RANDOM_0945	35	6	29	0.443953638882446	POSITIVE
ERP117672	RANDOM_0946	35	6	29	-0.250656253799969	NEGATIVE
ERP117672	RANDOM_0947	35	6	29	-0.0640002561844323	NEGATIVE
ERP117672	RANDOM_0948	35	6	29	0.260221040796071	POSITIVE
ERP117672	RANDOM_0949	35	6	29	-0.0589811213772549	NEGATIVE
ERP117672	RANDOM_0950	35	6	29	0.0121263262872356	POSITIVE
ERP117672	RANDOM_0951	35	6	29	-0.112708986999269	NEGATIVE
ERP117672	RANDOM_0952	35	6	29	0.167237246158197	POSITIVE
ERP117672	RANDOM_0953	35	6	29	0.450742340095328	POSITIVE
ERP117672	RANDOM_0954	35	6	29	0.796258273186423	POSITIVE
ERP117672	RANDOM_0955	35	6	29	0.156425235499544	POSITIVE
ERP117672	RANDOM_0956	35	6	29	-0.357721296985358	NEGATIVE
ERP117672	RANDOM_0957	35	6	29	0.0926957767613369	POSITIVE
ERP117672	RANDOM_0958	35	6	29	-0.071943340793702	NEGATIVE
ERP117672	RANDOM_0959	35	6	29	0.363696503829951	POSITIVE
ERP117672	RANDOM_0960	35	6	29	0.0392782580940216	POSITIVE
ERP117672	RANDOM_0961	35	6	29	0.155004348692564	POSITIVE
ERP117672	RANDOM_0962	35	6	29	0.50007245134247	POSITIVE
ERP117672	RANDOM_0963	35	6	29	0.0756142437516721	POSITIVE
ERP117672	RANDOM_0964	35	6	29	0.0946123709390538	POSITIVE
ERP117672	RANDOM_0965	35	6	29	0.310666266261891	POSITIVE
ERP117672	RANDOM_0966	35	6	29	0.455373449135996	POSITIVE
ERP117672	RANDOM_0967	35	6	29	0.361714658161062	POSITIVE
ERP117672	RANDOM_0968	35	6	29	0.15428928597024	POSITIVE
ERP117672	RANDOM_0969	35	6	29	0.385211436158044	POSITIVE
ERP117672	RANDOM_0970	35	6	29	0.350586924294049	POSITIVE
ERP117672	RANDOM_0971	35	6	29	0.208563494044027	POSITIVE
ERP117672	RANDOM_0972	35	6	29	0.199993205124315	POSITIVE
ERP117672	RANDOM_0973	35	6	29	0.218330838329926	POSITIVE
ERP117672	RANDOM_0974	35	6	29	0.0784011395512125	POSITIVE
ERP117672	RANDOM_0975	35	6	29	0.111977707484078	POSITIVE
ERP117672	RANDOM_0976	35	6	29	0.412519606153459	POSITIVE
ERP117672	RANDOM_0977	35	6	29	-0.088152700304789	NEGATIVE
ERP117672	RANDOM_0978	35	6	29	0.558675112577425	POSITIVE
ERP117672	RANDOM_0979	35	6	29	0.616017342435758	POSITIVE
ERP117672	RANDOM_0980	35	6	29	0.263741571591722	POSITIVE
ERP117672	RANDOM_0981	35	6	29	-0.344835011489161	NEGATIVE
ERP117672	RANDOM_0982	35	6	29	0.337980549592988	POSITIVE
ERP117672	RANDOM_0983	35	6	29	-0.269129065160447	NEGATIVE
ERP117672	RANDOM_0984	35	6	29	0.226366167153498	POSITIVE
ERP117672	RANDOM_0985	35	6	29	-0.0736244040926051	NEGATIVE
ERP117672	RANDOM_0986	35	6	29	0.157470829704935	POSITIVE
ERP117672	RANDOM_0987	35	6	29	-0.0982315600530983	NEGATIVE
ERP117672	RANDOM_0988	35	6	29	0.388348163281822	POSITIVE
ERP117672	RANDOM_0989	35	6	29	0.186045829179273	POSITIVE
ERP117672	RANDOM_0990	35	6	29	0.320287167094427	POSITIVE
ERP117672	RANDOM_0991	35	6	29	0.325242248870217	POSITIVE
ERP117672	RANDOM_0992	35	6	29	0.34493198257226	POSITIVE
ERP117672	RANDOM_0993	35	6	29	-0.351903577001432	NEGATIVE
ERP117672	RANDOM_0994	35	6	29	0.369774087971759	POSITIVE
ERP117672	RANDOM_0995	35	6	29	-0.410410120638446	NEGATIVE
ERP117672	RANDOM_0996	35	6	29	0.0906217538360305	POSITIVE
ERP117672	RANDOM_0997	35	6	29	0.506363864554513	POSITIVE
ERP117672	RANDOM_0998	35	6	29	0.557491439798282	POSITIVE
ERP117672	RANDOM_0999	35	6	29	0.506572753303949	POSITIVE
ERP117672	RANDOM_1000	35	6	29	0.182299243883245	POSITIVE
ERP117672	RANDOM_1001	35	6	29	0.168049514197072	POSITIVE
ERP117672	RANDOM_1002	35	6	29	-0.0228108331368403	NEGATIVE
ERP117672	RANDOM_1003	35	6	29	-0.0568712014640709	NEGATIVE
ERP117672	RANDOM_1004	35	6	29	0.0902307719780672	POSITIVE
ERP117672	RANDOM_1005	35	6	29	0.409721442115044	POSITIVE
ERP117672	RANDOM_1006	35	6	29	0.282359918226322	POSITIVE
ERP117672	RANDOM_1007	35	6	29	0.135787345420347	POSITIVE
ERP117672	RANDOM_1008	35	6	29	0.53982018186133	POSITIVE
ERP117672	RANDOM_1009	35	6	29	0.108394885980775	POSITIVE
ERP117672	RANDOM_1010	35	6	29	0.324085855303526	POSITIVE
ERP117672	RANDOM_1011	35	6	29	-0.146518215173425	NEGATIVE
ERP117672	RANDOM_1012	35	6	29	-0.334795923259263	NEGATIVE
ERP117672	RANDOM_1013	35	6	29	0.459138696437425	POSITIVE
ERP117672	RANDOM_1014	35	6	29	-0.441760949478929	NEGATIVE
ERP117672	RANDOM_1015	35	6	29	-0.197314290733806	NEGATIVE
ERP117672	RANDOM_1016	35	6	29	0.539718178260995	POSITIVE
ERP117672	RANDOM_1017	35	6	29	0.444460483430255	POSITIVE
ERP117672	RANDOM_1018	35	6	29	0.253723299141902	POSITIVE
ERP117672	RANDOM_1019	35	6	29	0.237373316883952	POSITIVE
ERP117672	RANDOM_1020	35	6	29	0.297059888322827	POSITIVE
ERP117672	RANDOM_1021	35	6	29	0.43074843260796	POSITIVE
ERP117672	RANDOM_1022	35	6	29	-0.0485284120453968	NEGATIVE
ERP117672	RANDOM_1023	35	6	29	0.558933176397494	POSITIVE
ERP117672	RANDOM_1024	35	6	29	0.0544472238032891	POSITIVE
ERP117672	RANDOM_1025	35	6	29	0.527534148959127	POSITIVE
ERP117672	RANDOM_1026	35	6	29	0.016350995147951	POSITIVE
ERP117672	RANDOM_1027	35	6	29	0.654287995739048	POSITIVE
ERP117672	RANDOM_1028	35	6	29	0.4779495383454	POSITIVE
ERP117672	RANDOM_1029	35	6	29	0.0489129858579077	POSITIVE
ERP117672	RANDOM_1030	35	6	29	0.467430064815514	POSITIVE
ERP117672	RANDOM_1031	35	6	29	0.134798874053434	POSITIVE
ERP117672	RANDOM_1032	35	6	29	0.411591049695877	POSITIVE
ERP117672	RANDOM_1033	35	6	29	0.316264208395932	POSITIVE
ERP117672	RANDOM_1034	35	6	29	0.108945624242312	POSITIVE
ERP117672	RANDOM_1035	35	6	29	0.665827503739311	POSITIVE
ERP117672	RANDOM_1036	35	6	29	0.309595062519813	POSITIVE
ERP117672	RANDOM_1037	35	6	29	0.310327596896584	POSITIVE
ERP117672	RANDOM_1038	35	6	29	0.115599356170684	POSITIVE
ERP117672	RANDOM_1039	35	6	29	0.889762253073327	POSITIVE
ERP117672	RANDOM_1040	35	6	29	0.391272391609479	POSITIVE
ERP117672	RANDOM_1041	35	6	29	0.0581148935753764	POSITIVE
ERP117672	RANDOM_1042	35	6	29	0.0998580473439359	POSITIVE
ERP117672	RANDOM_1043	35	6	29	0.0407004675990855	POSITIVE
ERP117672	RANDOM_1044	35	6	29	0.29052942105055	POSITIVE
ERP117672	RANDOM_1045	35	6	29	0.243954114414096	POSITIVE
ERP117672	RANDOM_1046	35	6	29	0.297400001046776	POSITIVE
ERP117672	RANDOM_1047	35	6	29	0.225566571624343	POSITIVE
ERP117672	RANDOM_1048	35	6	29	-0.115705096781887	NEGATIVE
ERP117672	RANDOM_1049	35	6	29	0.176093591160222	POSITIVE
ERP117672	RANDOM_1050	35	6	29	0.329294915056915	POSITIVE
ERP117672	RANDOM_1051	35	6	29	0.212362827709124	POSITIVE
ERP117672	RANDOM_1052	35	6	29	0.265591080695763	POSITIVE
ERP117672	RANDOM_1053	35	6	29	-0.363308667483566	NEGATIVE
ERP117672	RANDOM_1054	35	6	29	0.201212780986129	POSITIVE
ERP117672	RANDOM_1055	35	6	29	0.0520094989230689	POSITIVE
ERP117672	RANDOM_1056	35	6	29	-0.0320932387862721	NEGATIVE
ERP117672	RANDOM_1057	35	6	29	0.604230673349053	POSITIVE
ERP117672	RANDOM_1058	35	6	29	-0.323606631827306	NEGATIVE
ERP117672	RANDOM_1059	35	6	29	0.0378928218522316	POSITIVE
ERP117672	RANDOM_1060	35	6	29	0.560253647036709	POSITIVE
ERP117672	RANDOM_1061	35	6	29	0.914497073427834	POSITIVE
ERP117672	RANDOM_1062	35	6	29	-0.366094290587503	NEGATIVE
ERP117672	RANDOM_1063	35	6	29	0.197311185600071	POSITIVE
ERP117672	RANDOM_1064	35	6	29	0.379352490441793	POSITIVE
ERP117672	RANDOM_1065	35	6	29	-0.0885562571040997	NEGATIVE
ERP117672	RANDOM_1066	35	6	29	0.422879328156397	POSITIVE
ERP117672	RANDOM_1067	35	6	29	0.298759273922555	POSITIVE
ERP117672	RANDOM_1068	35	6	29	0.0678667741581865	POSITIVE
ERP117672	RANDOM_1069	35	6	29	0.529668362995121	POSITIVE
ERP117672	RANDOM_1070	35	6	29	0.056697828484522	POSITIVE
ERP117672	RANDOM_1071	35	6	29	0.675026196380138	POSITIVE
ERP117672	RANDOM_1072	35	6	29	0.209846724200464	POSITIVE
ERP117672	RANDOM_1073	35	6	29	0.362425126900751	POSITIVE
ERP117672	RANDOM_1074	35	6	29	-0.211696266276684	NEGATIVE
ERP117672	RANDOM_1075	35	6	29	0.362304437043597	POSITIVE
ERP117672	RANDOM_1076	35	6	29	0.694940807719205	POSITIVE
ERP117672	RANDOM_1077	35	6	29	0.283676523491286	POSITIVE
ERP117672	RANDOM_1078	35	6	29	0.430253461940558	POSITIVE
ERP117672	RANDOM_1079	35	6	29	0.335216606959754	POSITIVE
ERP117672	RANDOM_1080	35	6	29	0.195652748137664	POSITIVE
ERP117672	RANDOM_1081	35	6	29	-0.380673403787653	NEGATIVE
ERP117672	RANDOM_1082	35	6	29	0.85353794254225	POSITIVE
ERP117672	RANDOM_1083	35	6	29	0.0251413047440835	POSITIVE
ERP117672	RANDOM_1084	35	6	29	0.401067820803678	POSITIVE
ERP117672	RANDOM_1085	35	6	29	0.429180461087881	POSITIVE
ERP117672	RANDOM_1086	35	6	29	0.170831767760622	POSITIVE
ERP117672	RANDOM_1087	35	6	29	0.435289284995895	POSITIVE
ERP117672	RANDOM_1088	35	6	29	0.550425136073368	POSITIVE
ERP117672	RANDOM_1089	35	6	29	0.274969419809025	POSITIVE
ERP117672	RANDOM_1090	35	6	29	0.186065006097458	POSITIVE
ERP117672	RANDOM_1091	35	6	29	-0.142699457447747	NEGATIVE
ERP117672	RANDOM_1092	35	6	29	0.365780253925689	POSITIVE
ERP117672	RANDOM_1093	35	6	29	0.147125293553118	POSITIVE
ERP117672	RANDOM_1094	35	6	29	0.158123713911589	POSITIVE
ERP117672	RANDOM_1095	35	6	29	0.355323721553519	POSITIVE
ERP117672	RANDOM_1096	35	6	29	0.539597829612626	POSITIVE
ERP117672	RANDOM_1097	35	6	29	-0.4291159247438	NEGATIVE
ERP117672	RANDOM_1098	35	6	29	0.333477621804966	POSITIVE
ERP117672	RANDOM_1099	35	6	29	-0.118179870471697	NEGATIVE
ERP117672	RANDOM_1100	35	6	29	0.628633733263679	POSITIVE
ERP117672	RANDOM_1101	35	6	29	-0.183355441426483	NEGATIVE
ERP117672	RANDOM_1102	35	6	29	0.178259385272428	POSITIVE
ERP117672	RANDOM_1103	35	6	29	-0.0460458124749234	NEGATIVE
ERP117672	RANDOM_1104	35	6	29	0.358517832627634	POSITIVE
ERP117672	RANDOM_1105	35	6	29	0.29623849890787	POSITIVE
ERP117672	RANDOM_1106	35	6	29	0.157366771949042	POSITIVE
ERP117672	RANDOM_1107	35	6	29	0.163520356123791	POSITIVE
ERP117672	RANDOM_1108	35	6	29	-0.00518238110377224	NEGATIVE
ERP117672	RANDOM_1109	35	6	29	0.377220221340129	POSITIVE
ERP117672	RANDOM_1110	35	6	29	0.0813766399142246	POSITIVE
ERP117672	RANDOM_1111	35	6	29	-0.06913590636625	NEGATIVE
ERP117672	RANDOM_1112	35	6	29	0.208264802625031	POSITIVE
ERP117672	RANDOM_1113	35	6	29	0.279553542965814	POSITIVE
ERP117672	RANDOM_1114	35	6	29	0.0332216660613244	POSITIVE
ERP117672	RANDOM_1115	35	6	29	-0.0689206249632619	NEGATIVE
ERP117672	RANDOM_1116	35	6	29	0.580054815257742	POSITIVE
ERP117672	RANDOM_1117	35	6	29	0.339804841926524	POSITIVE
ERP117672	RANDOM_1118	35	6	29	0.0678272896697904	POSITIVE
ERP117672	RANDOM_1119	35	6	29	0.344489522509589	POSITIVE
ERP117672	RANDOM_1120	35	6	29	0.0147445064276701	POSITIVE
ERP117672	RANDOM_1121	35	6	29	-0.253748231535898	NEGATIVE
ERP117672	RANDOM_1122	35	6	29	0.326430137782437	POSITIVE
ERP117672	RANDOM_1123	35	6	29	0.0871434192167603	POSITIVE
ERP117672	RANDOM_1124	35	6	29	0.358343511729834	POSITIVE
ERP117672	RANDOM_1125	35	6	29	0.00461637348817979	POSITIVE
ERP117672	RANDOM_1126	35	6	29	0.301934451735774	POSITIVE
ERP117672	RANDOM_1127	35	6	29	0.113548126730604	POSITIVE
ERP117672	RANDOM_1128	35	6	29	0.377285343651831	POSITIVE
ERP117672	RANDOM_1129	35	6	29	0.134412058292144	POSITIVE
ERP117672	RANDOM_1130	35	6	29	-0.0448828895152797	NEGATIVE
ERP117672	RANDOM_1131	35	6	29	0.347600009178781	POSITIVE
ERP117672	RANDOM_1132	35	6	29	-0.142390157135681	NEGATIVE
ERP117672	RANDOM_1133	35	6	29	-0.0181682165144149	NEGATIVE
ERP117672	RANDOM_1134	35	6	29	0.1478250108023	POSITIVE
ERP117672	RANDOM_1135	35	6	29	-0.299603000175058	NEGATIVE
ERP117672	RANDOM_1136	35	6	29	0.161119936406806	POSITIVE
ERP117672	RANDOM_1137	35	6	29	0.51564087848716	POSITIVE
ERP117672	RANDOM_1138	35	6	29	0.365322346620701	POSITIVE
ERP117672	RANDOM_1139	35	6	29	0.411272003351127	POSITIVE
ERP117672	RANDOM_1140	35	6	29	0.0446298874248456	POSITIVE
ERP117672	RANDOM_1141	35	6	29	-0.174436692209264	NEGATIVE
ERP117672	RANDOM_1142	35	6	29	-0.250141364923387	NEGATIVE
ERP117672	RANDOM_1143	35	6	29	0.0895599409247234	POSITIVE
ERP117672	RANDOM_1144	35	6	29	0.228570158950179	POSITIVE
ERP117672	RANDOM_1145	35	6	29	0.0268358592601415	POSITIVE
ERP117672	RANDOM_1146	35	6	29	0.147408366725603	POSITIVE
ERP117672	RANDOM_1147	35	6	29	0.36116524906466	POSITIVE
ERP117672	RANDOM_1148	35	6	29	0.158180519318072	POSITIVE
ERP117672	RANDOM_1149	35	6	29	0.430050242249969	POSITIVE
ERP117672	RANDOM_1150	35	6	29	0.22122550017936	POSITIVE
ERP117672	RANDOM_1151	35	6	29	0.443630266659082	POSITIVE
ERP117672	RANDOM_1152	35	6	29	0.0670039967449206	POSITIVE
ERP117672	RANDOM_1153	35	6	29	0.357766992351113	POSITIVE
ERP117672	RANDOM_1154	35	6	29	0.386701854396916	POSITIVE
ERP117672	RANDOM_1155	35	6	29	0.0285972644057282	POSITIVE
ERP117672	RANDOM_1156	35	6	29	-0.180710661747111	NEGATIVE
ERP117672	RANDOM_1157	35	6	29	0.418759808764041	POSITIVE
ERP117672	RANDOM_1158	35	6	29	-0.176681407000534	NEGATIVE
ERP117672	RANDOM_1159	35	6	29	0.433936908044858	POSITIVE
ERP117672	RANDOM_1160	35	6	29	0.150971062723245	POSITIVE
ERP117672	RANDOM_1161	35	6	29	0.37675391640876	POSITIVE
ERP117672	RANDOM_1162	35	6	29	-0.0971655157323532	NEGATIVE
ERP117672	RANDOM_1163	35	6	29	0.414735565992163	POSITIVE
ERP117672	RANDOM_1164	35	6	29	0.0865499263738465	POSITIVE
ERP117672	RANDOM_1165	35	6	29	0.204678830844464	POSITIVE
ERP117672	RANDOM_1166	35	6	29	0.234903806912301	POSITIVE
ERP117672	RANDOM_1167	35	6	29	0.187321196912972	POSITIVE
ERP117672	RANDOM_1168	35	6	29	0.174007729264997	POSITIVE
ERP117672	RANDOM_1169	35	6	29	-0.103137516159467	NEGATIVE
ERP117672	RANDOM_1170	35	6	29	-0.212224783447032	NEGATIVE
ERP117672	RANDOM_1171	35	6	29	0.764174424431124	POSITIVE
ERP117672	RANDOM_1172	35	6	29	0.0948830447420473	POSITIVE
ERP117672	RANDOM_1173	35	6	29	0.447515625291311	POSITIVE
ERP117672	RANDOM_1174	35	6	29	0.234616234001748	POSITIVE
ERP117672	RANDOM_1175	35	6	29	0.803232230638106	POSITIVE
ERP117672	RANDOM_1176	35	6	29	-0.104233073255412	NEGATIVE
ERP117672	RANDOM_1177	35	6	29	0.292611366907179	POSITIVE
ERP117672	RANDOM_1178	35	6	29	0.0524702766216411	POSITIVE
ERP117672	RANDOM_1179	35	6	29	-0.00369091864830243	NEGATIVE
ERP117672	RANDOM_1180	35	6	29	0.413194574278289	POSITIVE
ERP117672	RANDOM_1181	35	6	29	0.244148651183099	POSITIVE
ERP117672	RANDOM_1182	35	6	29	0.0834440305377321	POSITIVE
ERP117672	RANDOM_1183	35	6	29	0.0593654173470407	POSITIVE
ERP117672	RANDOM_1184	35	6	29	-0.0188626057942292	NEGATIVE
ERP117672	RANDOM_1185	35	6	29	0.576156733277378	POSITIVE
ERP117672	RANDOM_1186	35	6	29	0.013959428455663	POSITIVE
ERP117672	RANDOM_1187	35	6	29	0.589296864567506	POSITIVE
ERP117672	RANDOM_1188	35	6	29	-0.062290191145454	NEGATIVE
ERP117672	RANDOM_1189	35	6	29	0.207458039229905	POSITIVE
ERP117672	RANDOM_1190	35	6	29	-0.331243565540685	NEGATIVE
ERP117672	RANDOM_1191	35	6	29	0.368893754035081	POSITIVE
ERP117672	RANDOM_1192	35	6	29	0.168551773895726	POSITIVE
ERP117672	RANDOM_1193	35	6	29	0.44695056825682	POSITIVE
ERP117672	RANDOM_1194	35	6	29	0.220142656746436	POSITIVE
ERP117672	RANDOM_1195	35	6	29	0.160554368418037	POSITIVE
ERP117672	RANDOM_1196	35	6	29	0.0128239170993118	POSITIVE
ERP117672	RANDOM_1197	35	6	29	0.209990509442204	POSITIVE
ERP117672	RANDOM_1198	35	6	29	0.146558007711804	POSITIVE
ERP117672	RANDOM_1199	35	6	29	0.177106531387462	POSITIVE
ERP117672	RANDOM_1200	35	6	29	-0.0810459853660625	NEGATIVE
ERP117672	RANDOM_1201	35	6	29	0.00146377721971295	POSITIVE
ERP117672	RANDOM_1202	35	6	29	0.276111312861438	POSITIVE
ERP117672	RANDOM_1203	35	6	29	-0.00780333107147424	NEGATIVE
ERP117672	RANDOM_1204	35	6	29	0.237699305754861	POSITIVE
ERP117672	RANDOM_1205	35	6	29	0.23577146683713	POSITIVE
ERP117672	RANDOM_1206	35	6	29	0.190512297882461	POSITIVE
ERP117672	RANDOM_1207	35	6	29	-0.281182420567832	NEGATIVE
ERP117672	RANDOM_1208	35	6	29	0.434281242523634	POSITIVE
ERP117672	RANDOM_1209	35	6	29	0.140107475943313	POSITIVE
ERP117672	RANDOM_1210	35	6	29	0.0706537191243147	POSITIVE
ERP117672	RANDOM_1211	35	6	29	0.465667712859024	POSITIVE
ERP117672	RANDOM_1212	35	6	29	0.107260566504231	POSITIVE
ERP117672	RANDOM_1213	35	6	29	0.116414765301898	POSITIVE
ERP117672	RANDOM_1214	35	6	29	0.421758408405593	POSITIVE
ERP117672	RANDOM_1215	35	6	29	-0.13109842052481	NEGATIVE
ERP117672	RANDOM_1216	35	6	29	0.144596866009605	POSITIVE
ERP117672	RANDOM_1217	35	6	29	0.0421816226695782	POSITIVE
ERP117672	RANDOM_1218	35	6	29	0.0522739282701538	POSITIVE
ERP117672	RANDOM_1219	35	6	29	-0.0509467541205124	NEGATIVE
ERP117672	RANDOM_1220	35	6	29	0.520017461903541	POSITIVE
ERP117672	RANDOM_1221	35	6	29	-0.417410440200518	NEGATIVE
ERP117672	RANDOM_1222	35	6	29	0.0398802264532587	POSITIVE
ERP117672	RANDOM_1223	35	6	29	0.398194478950823	POSITIVE
ERP117672	RANDOM_1224	35	6	29	0.464664274885866	POSITIVE
ERP117672	RANDOM_1225	35	6	29	-0.163338583969892	NEGATIVE
ERP117672	RANDOM_1226	35	6	29	0.202431463210062	POSITIVE
ERP117672	RANDOM_1227	35	6	29	0.120018868064107	POSITIVE
ERP117672	RANDOM_1228	35	6	29	-0.0450321824804012	NEGATIVE
ERP117672	RANDOM_1229	35	6	29	0.124224472696808	POSITIVE
ERP117672	RANDOM_1230	35	6	29	0.225576097677876	POSITIVE
ERP117672	RANDOM_1231	35	6	29	0.398379956642882	POSITIVE
ERP117672	RANDOM_1232	35	6	29	-0.0314239360467556	NEGATIVE
ERP117672	RANDOM_1233	35	6	29	0.132127522014301	POSITIVE
ERP117672	RANDOM_1234	35	6	29	0.241811365287904	POSITIVE
ERP117672	RANDOM_1235	35	6	29	0.534983078135676	POSITIVE
ERP117672	RANDOM_1236	35	6	29	0.580061936051664	POSITIVE
ERP117672	RANDOM_1237	35	6	29	0.214315316373957	POSITIVE
ERP117672	RANDOM_1238	35	6	29	-0.208437020895139	NEGATIVE
ERP117672	RANDOM_1239	35	6	29	-0.263611672038991	NEGATIVE
ERP117672	RANDOM_1240	35	6	29	0.0571268769968328	POSITIVE
ERP117672	RANDOM_1241	35	6	29	0.636098379764509	POSITIVE
ERP117672	RANDOM_1242	35	6	29	0.394236722392885	POSITIVE
ERP117672	RANDOM_1243	35	6	29	0.485407019795134	POSITIVE
ERP117672	RANDOM_1244	35	6	29	0.326369109417838	POSITIVE
ERP117672	RANDOM_1245	35	6	29	-0.0387976808275692	NEGATIVE
ERP117672	RANDOM_1246	35	6	29	-0.204411346557346	NEGATIVE
ERP117672	RANDOM_1247	35	6	29	-0.163523177861253	NEGATIVE
ERP117672	RANDOM_1248	35	6	29	0.559941943246325	POSITIVE
ERP117672	RANDOM_1249	35	6	29	0.0713802230457307	POSITIVE
ERP117672	RANDOM_1250	35	6	29	0.229497108530608	POSITIVE
ERP117672	RANDOM_1251	35	6	29	-0.00213712406209382	NEGATIVE
ERP117672	RANDOM_1252	35	6	29	0.345213861601998	POSITIVE
ERP117672	RANDOM_1253	35	6	29	0.297828857737576	POSITIVE
ERP117672	RANDOM_1254	35	6	29	-0.0605855109030601	NEGATIVE
ERP117672	RANDOM_1255	35	6	29	0.0475134218123141	POSITIVE
ERP117672	RANDOM_1256	35	6	29	-0.212120720560053	NEGATIVE
ERP117672	RANDOM_1257	35	6	29	0.212997968291715	POSITIVE
ERP117672	RANDOM_1258	35	6	29	-0.33405287721031	NEGATIVE
ERP117672	RANDOM_1259	35	6	29	0.14120937262055	POSITIVE
ERP117672	RANDOM_1260	35	6	29	0.0358217305475797	POSITIVE
ERP117672	RANDOM_1261	35	6	29	0.656697615714563	POSITIVE
ERP117672	RANDOM_1262	35	6	29	0.182307073888362	POSITIVE
ERP117672	RANDOM_1263	35	6	29	0.10458798602423	POSITIVE
ERP117672	RANDOM_1264	35	6	29	0.523887393897576	POSITIVE
ERP117672	RANDOM_1265	35	6	29	0.191606056574263	POSITIVE
ERP117672	RANDOM_1266	35	6	29	-0.350237709476664	NEGATIVE
ERP117672	RANDOM_1267	35	6	29	0.242342599939577	POSITIVE
ERP117672	RANDOM_1268	35	6	29	0.0328418493770331	POSITIVE
ERP117672	RANDOM_1269	35	6	29	0.427086005816725	POSITIVE
ERP117672	RANDOM_1270	35	6	29	-0.136264986113164	NEGATIVE
ERP117672	RANDOM_1271	35	6	29	0.465429822283577	POSITIVE
ERP117672	RANDOM_1272	35	6	29	-0.0784610439338357	NEGATIVE
ERP117672	RANDOM_1273	35	6	29	0.31947816856778	POSITIVE
ERP117672	RANDOM_1274	35	6	29	0.431549749902722	POSITIVE
ERP117672	RANDOM_1275	35	6	29	0.273189882741496	POSITIVE
ERP117672	RANDOM_1276	35	6	29	0.0319530216575031	POSITIVE
ERP117672	RANDOM_1277	35	6	29	0.343156114449276	POSITIVE
ERP117672	RANDOM_1278	35	6	29	0.505658565463491	POSITIVE
ERP117672	RANDOM_1279	35	6	29	0.233460602783368	POSITIVE
ERP117672	RANDOM_1280	35	6	29	0.507269145946517	POSITIVE
ERP117672	RANDOM_1281	35	6	29	0.0641302395230161	POSITIVE
ERP117672	RANDOM_1282	35	6	29	0.0589783949186021	POSITIVE
ERP117672	RANDOM_1283	35	6	29	0.330902894964599	POSITIVE
ERP117672	RANDOM_1284	35	6	29	-0.425007386355615	NEGATIVE
ERP117672	RANDOM_1285	35	6	29	0.327219351930093	POSITIVE
ERP117672	RANDOM_1286	35	6	29	0.116577901560767	POSITIVE
ERP117672	RANDOM_1287	35	6	29	0.0047184073645771	POSITIVE
ERP117672	RANDOM_1288	35	6	29	0.336850302449347	POSITIVE
ERP117672	RANDOM_1289	35	6	29	0.414915513507167	POSITIVE
ERP117672	RANDOM_1290	35	6	29	0.0920997160645526	POSITIVE
ERP117672	RANDOM_1291	35	6	29	0.00266906797094945	POSITIVE
ERP117672	RANDOM_1292	35	6	29	-0.314412858225726	NEGATIVE
ERP117672	RANDOM_1293	35	6	29	0.178820687217724	POSITIVE
ERP117672	RANDOM_1294	35	6	29	0.117104549326732	POSITIVE
ERP117672	RANDOM_1295	35	6	29	-0.0962746926364094	NEGATIVE
ERP117672	RANDOM_1296	35	6	29	0.672102642083346	POSITIVE
ERP117672	RANDOM_1297	35	6	29	0.405826759867211	POSITIVE
ERP117672	RANDOM_1298	35	6	29	-0.239883678012548	NEGATIVE
ERP117672	RANDOM_1299	35	6	29	0.07231030044596	POSITIVE
ERP117672	RANDOM_1300	35	6	29	-0.00392385309214291	NEGATIVE
ERP117672	RANDOM_1301	35	6	29	0.0315732087274463	POSITIVE
ERP117672	RANDOM_1302	35	6	29	0.354673647788564	POSITIVE
ERP117672	RANDOM_1303	35	6	29	-0.0192509227625688	NEGATIVE
ERP117672	RANDOM_1304	35	6	29	0.415504130855149	POSITIVE
ERP117672	RANDOM_1305	35	6	29	-0.123309770534786	NEGATIVE
ERP117672	RANDOM_1306	35	6	29	0.249054847551354	POSITIVE
ERP117672	RANDOM_1307	35	6	29	-0.0685103774407306	NEGATIVE
ERP117672	RANDOM_1308	35	6	29	0.417364808259964	POSITIVE
ERP117672	RANDOM_1309	35	6	29	-0.087557575022176	NEGATIVE
ERP117672	RANDOM_1310	35	6	29	0.409657455962536	POSITIVE
ERP117672	RANDOM_1311	35	6	29	0.0794528211300625	POSITIVE
ERP117672	RANDOM_1312	35	6	29	0.502432070499502	POSITIVE
ERP117672	RANDOM_1313	35	6	29	-0.254912462089996	NEGATIVE
ERP117672	RANDOM_1314	35	6	29	-0.107745451148691	NEGATIVE
ERP117672	RANDOM_1315	35	6	29	0.204066894391456	POSITIVE
ERP117672	RANDOM_1316	35	6	29	0.441934971680327	POSITIVE
ERP117672	RANDOM_1317	35	6	29	0.40495941143542	POSITIVE
ERP117672	RANDOM_1318	35	6	29	0.168972126901033	POSITIVE
ERP117672	RANDOM_1319	35	6	29	0.131398809048365	POSITIVE
ERP117672	RANDOM_1320	35	6	29	0.129101267602077	POSITIVE
ERP117672	RANDOM_1321	35	6	29	0.354003103758245	POSITIVE
ERP117672	RANDOM_1322	35	6	29	0.370233957300818	POSITIVE
ERP117672	RANDOM_1323	35	6	29	0.415946727918201	POSITIVE
ERP117672	RANDOM_1324	35	6	29	-0.121603699890337	NEGATIVE
ERP117672	RANDOM_1325	35	6	29	0.226898640265006	POSITIVE
ERP117672	RANDOM_1326	35	6	29	-0.430727415046661	NEGATIVE
ERP117672	RANDOM_1327	35	6	29	0.107010338014532	POSITIVE
ERP117672	RANDOM_1328	35	6	29	0.233177219274878	POSITIVE
ERP117672	RANDOM_1329	35	6	29	0.420554037699153	POSITIVE
ERP117672	RANDOM_1330	35	6	29	-0.288917366828832	NEGATIVE
ERP117672	RANDOM_1331	35	6	29	0.704522518061311	POSITIVE
ERP117672	RANDOM_1332	35	6	29	0.331507304822078	POSITIVE
ERP117672	RANDOM_1333	35	6	29	0.0987403956417915	POSITIVE
ERP117672	RANDOM_1334	35	6	29	0.228022745847253	POSITIVE
ERP117672	RANDOM_1335	35	6	29	-0.0957360300489024	NEGATIVE
ERP117672	RANDOM_1336	35	6	29	0.434948690771273	POSITIVE
ERP117672	RANDOM_1337	35	6	29	0.443339467619944	POSITIVE
ERP117672	RANDOM_1338	35	6	29	0.295019857215237	POSITIVE
ERP117672	RANDOM_1339	35	6	29	0.0191994311351727	POSITIVE
ERP117672	RANDOM_1340	35	6	29	0.466304273759684	POSITIVE
ERP117672	RANDOM_1341	35	6	29	0.458234927947274	POSITIVE
ERP117672	RANDOM_1342	35	6	29	0.121365803137201	POSITIVE
ERP117672	RANDOM_1343	35	6	29	-0.101656160964108	NEGATIVE
ERP117672	RANDOM_1344	35	6	29	0.0242071935199155	POSITIVE
ERP117672	RANDOM_1345	35	6	29	-0.193560967885912	NEGATIVE
ERP117672	RANDOM_1346	35	6	29	-0.0398968992254596	NEGATIVE
ERP117672	RANDOM_1347	35	6	29	0.326533737999859	POSITIVE
ERP117672	RANDOM_1348	35	6	29	0.264886041980536	POSITIVE
ERP117672	RANDOM_1349	35	6	29	0.782241222858978	POSITIVE
ERP117672	RANDOM_1350	35	6	29	-0.191716584072698	NEGATIVE
ERP117672	RANDOM_1351	35	6	29	-0.425339007972829	NEGATIVE
ERP117672	RANDOM_1352	35	6	29	0.178354971975703	POSITIVE
ERP117672	RANDOM_1353	35	6	29	0.2889235690636	POSITIVE
ERP117672	RANDOM_1354	35	6	29	-0.110140376202091	NEGATIVE
ERP117672	RANDOM_1355	35	6	29	0.409435928587214	POSITIVE
ERP117672	RANDOM_1356	35	6	29	0.191867470704677	POSITIVE
ERP117672	RANDOM_1357	35	6	29	-0.167186018609285	NEGATIVE
ERP117672	RANDOM_1358	35	6	29	0.483336278746931	POSITIVE
ERP117672	RANDOM_1359	35	6	29	0.373943804881216	POSITIVE
ERP117672	RANDOM_1360	35	6	29	0.192668415681116	POSITIVE
ERP117672	RANDOM_1361	35	6	29	0.269973815798869	POSITIVE
ERP117672	RANDOM_1362	35	6	29	0.855388153581401	POSITIVE
ERP117672	RANDOM_1363	35	6	29	0.596883103932419	POSITIVE
ERP117672	RANDOM_1364	35	6	29	0.181872769804672	POSITIVE
ERP117672	RANDOM_1365	35	6	29	0.409573453737255	POSITIVE
ERP117672	RANDOM_1366	35	6	29	0.039718264680362	POSITIVE
ERP117672	RANDOM_1367	35	6	29	0.415697046969344	POSITIVE
ERP117672	RANDOM_1368	35	6	29	0.29564212260017	POSITIVE
ERP117672	RANDOM_1369	35	6	29	0.0786119063952647	POSITIVE
ERP117672	RANDOM_1370	35	6	29	0.203764302440663	POSITIVE
ERP117672	RANDOM_1371	35	6	29	-0.149094816061483	NEGATIVE
ERP117672	RANDOM_1372	35	6	29	0.509504506728489	POSITIVE
ERP117672	RANDOM_1373	35	6	29	0.177336688361881	POSITIVE
ERP117672	RANDOM_1374	35	6	29	0.0269483787565616	POSITIVE
ERP117672	RANDOM_1375	35	6	29	0.362557403966847	POSITIVE
ERP117672	RANDOM_1376	35	6	29	0.0758445241853541	POSITIVE
ERP117672	RANDOM_1377	35	6	29	0.115076096970151	POSITIVE
ERP117672	RANDOM_1378	35	6	29	0.393717129190196	POSITIVE
ERP117672	RANDOM_1379	35	6	29	0.129739858990698	POSITIVE
ERP117672	RANDOM_1380	35	6	29	0.160370317674341	POSITIVE
ERP117672	RANDOM_1381	35	6	29	0.0246817599872051	POSITIVE
ERP117672	RANDOM_1382	35	6	29	0.352137921323133	POSITIVE
ERP117672	RANDOM_1383	35	6	29	0.176198187544278	POSITIVE
ERP117672	RANDOM_1384	35	6	29	-0.362583539839959	NEGATIVE
ERP117672	RANDOM_1385	35	6	29	0.244334533804218	POSITIVE
ERP117672	RANDOM_1386	35	6	29	0.591236940669711	POSITIVE
ERP117672	RANDOM_1387	35	6	29	0.0661379748980705	POSITIVE
ERP117672	RANDOM_1388	35	6	29	-0.107927620292321	NEGATIVE
ERP117672	RANDOM_1389	35	6	29	-0.525834831110905	NEGATIVE
ERP117672	RANDOM_1390	35	6	29	-0.124966495257609	NEGATIVE
ERP117672	RANDOM_1391	35	6	29	0.063324864112559	POSITIVE
ERP117672	RANDOM_1392	35	6	29	0.37641074076189	POSITIVE
ERP117672	RANDOM_1393	35	6	29	-0.12223685189657	NEGATIVE
ERP117672	RANDOM_1394	35	6	29	0.164320488483901	POSITIVE
ERP117672	RANDOM_1395	35	6	29	0.335953578923132	POSITIVE
ERP117672	RANDOM_1396	35	6	29	-0.0493048918677038	NEGATIVE
ERP117672	RANDOM_1397	35	6	29	-0.135886211229847	NEGATIVE
ERP117672	RANDOM_1398	35	6	29	0.269958243779801	POSITIVE
ERP117672	RANDOM_1399	35	6	29	0.0467601849676723	POSITIVE
ERP117672	RANDOM_1400	35	6	29	-0.199736716964214	NEGATIVE
ERP117672	RANDOM_1401	35	6	29	0.353445291768351	POSITIVE
ERP117672	RANDOM_1402	35	6	29	0.0794715787077772	POSITIVE
ERP117672	RANDOM_1403	35	6	29	-0.322739624769036	NEGATIVE
ERP117672	RANDOM_1404	35	6	29	0.329340358640916	POSITIVE
ERP117672	RANDOM_1405	35	6	29	0.220010186974074	POSITIVE
ERP117672	RANDOM_1406	35	6	29	0.265272831739934	POSITIVE
ERP117672	RANDOM_1407	35	6	29	0.281712610162751	POSITIVE
ERP117672	RANDOM_1408	35	6	29	0.475632139362557	POSITIVE
ERP117672	RANDOM_1409	35	6	29	0.48510600083752	POSITIVE
ERP117672	RANDOM_1410	35	6	29	-0.499859019377828	NEGATIVE
ERP117672	RANDOM_1411	35	6	29	-0.0730763120390715	NEGATIVE
ERP117672	RANDOM_1412	35	6	29	0.490432764028671	POSITIVE
ERP117672	RANDOM_1413	35	6	29	-0.0163771717064895	NEGATIVE
ERP117672	RANDOM_1414	35	6	29	0.74027247352607	POSITIVE
ERP117672	RANDOM_1415	35	6	29	0.511498219620453	POSITIVE
ERP117672	RANDOM_1416	35	6	29	0.126700727409006	POSITIVE
ERP117672	RANDOM_1417	35	6	29	-0.215148390998289	NEGATIVE
ERP117672	RANDOM_1418	35	6	29	0.304041504430046	POSITIVE
ERP117672	RANDOM_1419	35	6	29	0.534574449401484	POSITIVE
ERP117672	RANDOM_1420	35	6	29	0.274903793699059	POSITIVE
ERP117672	RANDOM_1421	35	6	29	0.276430605567567	POSITIVE
ERP117672	RANDOM_1422	35	6	29	-0.0867720390239667	NEGATIVE
ERP117672	RANDOM_1423	35	6	29	0.522205728029211	POSITIVE
ERP117672	RANDOM_1424	35	6	29	0.365288705194726	POSITIVE
ERP117672	RANDOM_1425	35	6	29	0.267817559346258	POSITIVE
ERP117672	RANDOM_1426	35	6	29	0.106830660609853	POSITIVE
ERP117672	RANDOM_1427	35	6	29	0.7218819052773	POSITIVE
ERP117672	RANDOM_1428	35	6	29	0.209602639503484	POSITIVE
ERP117672	RANDOM_1429	35	6	29	0.514947651439439	POSITIVE
ERP117672	RANDOM_1430	35	6	29	-0.0699605298913431	NEGATIVE
ERP117672	RANDOM_1431	35	6	29	0.256777747642578	POSITIVE
ERP117672	RANDOM_1432	35	6	29	-0.0361383472762127	NEGATIVE
ERP117672	RANDOM_1433	35	6	29	0.0777494201322934	POSITIVE
ERP117672	RANDOM_1434	35	6	29	0.0031419833658731	POSITIVE
ERP117672	RANDOM_1435	35	6	29	0.395493847491092	POSITIVE
ERP117672	RANDOM_1436	35	6	29	0.0305033364222753	POSITIVE
ERP117672	RANDOM_1437	35	6	29	0.380711259975268	POSITIVE
ERP117672	RANDOM_1438	35	6	29	0.314318429231901	POSITIVE
ERP117672	RANDOM_1439	35	6	29	-0.111569884029046	NEGATIVE
ERP117672	RANDOM_1440	35	6	29	0.000430076552286757	POSITIVE
ERP117672	RANDOM_1441	35	6	29	0.237222196539179	POSITIVE
ERP117672	RANDOM_1442	35	6	29	0.260901113068944	POSITIVE
ERP117672	RANDOM_1443	35	6	29	0.0951641391940597	POSITIVE
ERP117672	RANDOM_1444	35	6	29	-0.396247611816334	NEGATIVE
ERP117672	RANDOM_1445	35	6	29	0.631251647001156	POSITIVE
ERP117672	RANDOM_1446	35	6	29	0.353656907089607	POSITIVE
ERP117672	RANDOM_1447	35	6	29	0.104709079415893	POSITIVE
ERP117672	RANDOM_1448	35	6	29	0.268477054419494	POSITIVE
ERP117672	RANDOM_1449	35	6	29	0.180324443064674	POSITIVE
ERP117672	RANDOM_1450	35	6	29	0.160110085206011	POSITIVE
ERP117672	RANDOM_1451	35	6	29	0.315489508921745	POSITIVE
ERP117672	RANDOM_1452	35	6	29	0.186107513885546	POSITIVE
ERP117672	RANDOM_1453	35	6	29	0.332326467638352	POSITIVE
ERP117672	RANDOM_1454	35	6	29	0.484377738764934	POSITIVE
ERP117672	RANDOM_1455	35	6	29	0.078525482158133	POSITIVE
ERP117672	RANDOM_1456	35	6	29	0.398898880988935	POSITIVE
ERP117672	RANDOM_1457	35	6	29	-0.159390767564559	NEGATIVE
ERP117672	RANDOM_1458	35	6	29	0.548558275108396	POSITIVE
ERP117672	RANDOM_1459	35	6	29	-0.367064154489116	NEGATIVE
ERP117672	RANDOM_1460	35	6	29	-0.0119636024981884	NEGATIVE
ERP117672	RANDOM_1461	35	6	29	0.675431016004734	POSITIVE
ERP117672	RANDOM_1462	35	6	29	0.0732003395279111	POSITIVE
ERP117672	RANDOM_1463	35	6	29	-0.000605533873901295	NEGATIVE
ERP117672	RANDOM_1464	35	6	29	0.452407273203086	POSITIVE
ERP117672	RANDOM_1465	35	6	29	-0.152019884593923	NEGATIVE
ERP117672	RANDOM_1466	35	6	29	0.412233602649774	POSITIVE
ERP117672	RANDOM_1467	35	6	29	0.688662827449666	POSITIVE
ERP117672	RANDOM_1468	35	6	29	0.573334063311502	POSITIVE
ERP117672	RANDOM_1469	35	6	29	0.186431825733607	POSITIVE
ERP117672	RANDOM_1470	35	6	29	0.76483504683615	POSITIVE
ERP117672	RANDOM_1471	35	6	29	0.185694471348357	POSITIVE
ERP117672	RANDOM_1472	35	6	29	0.2499814584719	POSITIVE
ERP117672	RANDOM_1473	35	6	29	0.587237338546679	POSITIVE
ERP117672	RANDOM_1474	35	6	29	-0.718781382255056	NEGATIVE
ERP117672	RANDOM_1475	35	6	29	0.365634024875438	POSITIVE
ERP117672	RANDOM_1476	35	6	29	-0.397144318930709	NEGATIVE
ERP117672	RANDOM_1477	35	6	29	0.59771353957613	POSITIVE
ERP117672	RANDOM_1478	35	6	29	-0.390010288719147	NEGATIVE
ERP117672	RANDOM_1479	35	6	29	0.0387995101920447	POSITIVE
ERP117672	RANDOM_1480	35	6	29	-0.101403424889671	NEGATIVE
ERP117672	RANDOM_1481	35	6	29	0.183689633631435	POSITIVE
ERP117672	RANDOM_1482	35	6	29	0.118783479551787	POSITIVE
ERP117672	RANDOM_1483	35	6	29	0.202621113616724	POSITIVE
ERP117672	RANDOM_1484	35	6	29	0.223994672410114	POSITIVE
ERP117672	RANDOM_1485	35	6	29	0.260797505764986	POSITIVE
ERP117672	RANDOM_1486	35	6	29	0.325452721897037	POSITIVE
ERP117672	RANDOM_1487	35	6	29	0.158266755079468	POSITIVE
ERP117672	RANDOM_1488	35	6	29	0.232881081303743	POSITIVE
ERP117672	RANDOM_1489	35	6	29	-0.0899922447297307	NEGATIVE
ERP117672	RANDOM_1490	35	6	29	-0.0596466849446809	NEGATIVE
ERP117672	RANDOM_1491	35	6	29	0.0255443460815933	POSITIVE
ERP117672	RANDOM_1492	35	6	29	0.148575745887988	POSITIVE
ERP117672	RANDOM_1493	35	6	29	-0.162235066244677	NEGATIVE
ERP117672	RANDOM_1494	35	6	29	0.58096112753534	POSITIVE
ERP117672	RANDOM_1495	35	6	29	0.132665088319547	POSITIVE
ERP117672	RANDOM_1496	35	6	29	-0.246410243603185	NEGATIVE
ERP117672	RANDOM_1497	35	6	29	0.211200174301093	POSITIVE
ERP117672	RANDOM_1498	35	6	29	0.32930915691559	POSITIVE
ERP117672	RANDOM_1499	35	6	29	0.0113954758100642	POSITIVE
ERP117672	RANDOM_1500	35	6	29	0.295739778998607	POSITIVE
ERP117672	RANDOM_1501	35	6	29	0.206156848662921	POSITIVE
ERP117672	RANDOM_1502	35	6	29	0.464258596136419	POSITIVE
ERP117672	RANDOM_1503	35	6	29	0.313131704533167	POSITIVE
ERP117672	RANDOM_1504	35	6	29	0.67119725820867	POSITIVE
ERP117672	RANDOM_1505	35	6	29	0.337116377821401	POSITIVE
ERP117672	RANDOM_1506	35	6	29	-0.172741631039441	NEGATIVE
ERP117672	RANDOM_1507	35	6	29	0.664173647828746	POSITIVE
ERP117672	RANDOM_1508	35	6	29	0.719424259745207	POSITIVE
ERP117672	RANDOM_1509	35	6	29	-0.0436022253132707	NEGATIVE
ERP117672	RANDOM_1510	35	6	29	0.102475970862408	POSITIVE
ERP117672	RANDOM_1511	35	6	29	0.232790564778786	POSITIVE
ERP117672	RANDOM_1512	35	6	29	0.0723654269052993	POSITIVE
ERP117672	RANDOM_1513	35	6	29	0.239743543986006	POSITIVE
ERP117672	RANDOM_1514	35	6	29	0.630376667230297	POSITIVE
ERP117672	RANDOM_1515	35	6	29	0.259323455011748	POSITIVE
ERP117672	RANDOM_1516	35	6	29	-0.430671907883577	NEGATIVE
ERP117672	RANDOM_1517	35	6	29	-0.0103807583660909	NEGATIVE
ERP117672	RANDOM_1518	35	6	29	0.422341999957393	POSITIVE
ERP117672	RANDOM_1519	35	6	29	0.0894233919651945	POSITIVE
ERP117672	RANDOM_1520	35	6	29	0.160397906219675	POSITIVE
ERP117672	RANDOM_1521	35	6	29	0.317808613836513	POSITIVE
ERP117672	RANDOM_1522	35	6	29	0.100177586122297	POSITIVE
ERP117672	RANDOM_1523	35	6	29	0.0526506853871494	POSITIVE
ERP117672	RANDOM_1524	35	6	29	-0.118323754472619	NEGATIVE
ERP117672	RANDOM_1525	35	6	29	-0.24361573228028	NEGATIVE
ERP117672	RANDOM_1526	35	6	29	0.0904136961534905	POSITIVE
ERP117672	RANDOM_1527	35	6	29	-0.196309520078308	NEGATIVE
ERP117672	RANDOM_1528	35	6	29	-0.258933745424367	NEGATIVE
ERP117672	RANDOM_1529	35	6	29	-0.284127942300779	NEGATIVE
ERP117672	RANDOM_1530	35	6	29	0.377769741660229	POSITIVE
ERP117672	RANDOM_1531	35	6	29	0.452093257452009	POSITIVE
ERP117672	RANDOM_1532	35	6	29	-0.361121561024156	NEGATIVE
ERP117672	RANDOM_1533	35	6	29	0.428072780461009	POSITIVE
ERP117672	RANDOM_1534	35	6	29	-0.0199253523154425	NEGATIVE
ERP117672	RANDOM_1535	35	6	29	0.392476726542088	POSITIVE
ERP117672	RANDOM_1536	35	6	29	0.226268990608619	POSITIVE
ERP117672	RANDOM_1537	35	6	29	0.325490714288828	POSITIVE
ERP117672	RANDOM_1538	35	6	29	-0.0336479127885033	NEGATIVE
ERP117672	RANDOM_1539	35	6	29	0.273530499079801	POSITIVE
ERP117672	RANDOM_1540	35	6	29	0.505438001166109	POSITIVE
ERP117672	RANDOM_1541	35	6	29	0.106445400916233	POSITIVE
ERP117672	RANDOM_1542	35	6	29	0.453886114843149	POSITIVE
ERP117672	RANDOM_1543	35	6	29	0.0348111609088369	POSITIVE
ERP117672	RANDOM_1544	35	6	29	0.61316960545963	POSITIVE
ERP117672	RANDOM_1545	35	6	29	0.404299651919715	POSITIVE
ERP117672	RANDOM_1546	35	6	29	-0.00608608748352825	NEGATIVE
ERP117672	RANDOM_1547	35	6	29	0.289301148335812	POSITIVE
ERP117672	RANDOM_1548	35	6	29	0.0610583054572586	POSITIVE
ERP117672	RANDOM_1549	35	6	29	-0.263119488016593	NEGATIVE
ERP117672	RANDOM_1550	35	6	29	0.3647816527657	POSITIVE
ERP117672	RANDOM_1551	35	6	29	0.052493775755252	POSITIVE
ERP117672	RANDOM_1552	35	6	29	0.312716486392232	POSITIVE
ERP117672	RANDOM_1553	35	6	29	-0.310866396644782	NEGATIVE
ERP117672	RANDOM_1554	35	6	29	0.136874939363968	POSITIVE
ERP117672	RANDOM_1555	35	6	29	0.553293527345214	POSITIVE
ERP117672	RANDOM_1556	35	6	29	-0.268920696503895	NEGATIVE
ERP117672	RANDOM_1557	35	6	29	0.553573779491499	POSITIVE
ERP117672	RANDOM_1558	35	6	29	0.410426753684944	POSITIVE
ERP117672	RANDOM_1559	35	6	29	-0.0181778592713665	NEGATIVE
ERP117672	RANDOM_1560	35	6	29	0.197482572801674	POSITIVE
ERP117672	RANDOM_1561	35	6	29	0.0487448516140714	POSITIVE
ERP117672	RANDOM_1562	35	6	29	0.443054378588779	POSITIVE
ERP117672	RANDOM_1563	35	6	29	-0.0505003650723068	NEGATIVE
ERP117672	RANDOM_1564	35	6	29	-0.0842795034459756	NEGATIVE
ERP117672	RANDOM_1565	35	6	29	-0.212375427935837	NEGATIVE
ERP117672	RANDOM_1566	35	6	29	0.236310240079817	POSITIVE
ERP117672	RANDOM_1567	35	6	29	0.697655176461365	POSITIVE
ERP117672	RANDOM_1568	35	6	29	0.676476849009661	POSITIVE
ERP117672	RANDOM_1569	35	6	29	0.0895697436113743	POSITIVE
ERP117672	RANDOM_1570	35	6	29	0.187143054905556	POSITIVE
ERP117672	RANDOM_1571	35	6	29	0.0122644863119994	POSITIVE
ERP117672	RANDOM_1572	35	6	29	0.0843333291701073	POSITIVE
ERP117672	RANDOM_1573	35	6	29	0.33215563728199	POSITIVE
ERP117672	RANDOM_1574	35	6	29	0.276120402308566	POSITIVE
ERP117672	RANDOM_1575	35	6	29	-0.616637061306809	NEGATIVE
ERP117672	RANDOM_1576	35	6	29	0.189316277874581	POSITIVE
ERP117672	RANDOM_1577	35	6	29	-0.108635202614418	NEGATIVE
ERP117672	RANDOM_1578	35	6	29	0.156064562756426	POSITIVE
ERP117672	RANDOM_1579	35	6	29	0.266560379990941	POSITIVE
ERP117672	RANDOM_1580	35	6	29	0.547806009971509	POSITIVE
ERP117672	RANDOM_1581	35	6	29	-0.0438626038868203	NEGATIVE
ERP117672	RANDOM_1582	35	6	29	0.130023561880295	POSITIVE
ERP117672	RANDOM_1583	35	6	29	0.441067199193828	POSITIVE
ERP117672	RANDOM_1584	35	6	29	0.172331750024182	POSITIVE
ERP117672	RANDOM_1585	35	6	29	0.358269356490304	POSITIVE
ERP117672	RANDOM_1586	35	6	29	0.463871114758094	POSITIVE
ERP117672	RANDOM_1587	35	6	29	0.40050575642707	POSITIVE
ERP117672	RANDOM_1588	35	6	29	0.249766770370876	POSITIVE
ERP117672	RANDOM_1589	35	6	29	0.312368741559051	POSITIVE
ERP117672	RANDOM_1590	35	6	29	0.210064123080396	POSITIVE
ERP117672	RANDOM_1591	35	6	29	0.170353382071129	POSITIVE
ERP117672	RANDOM_1592	35	6	29	0.764045371649358	POSITIVE
ERP117672	RANDOM_1593	35	6	29	0.249907755534946	POSITIVE
ERP117672	RANDOM_1594	35	6	29	0.447692415537073	POSITIVE
ERP117672	RANDOM_1595	35	6	29	0.0973191540096704	POSITIVE
ERP117672	RANDOM_1596	35	6	29	0.390995220141159	POSITIVE
ERP117672	RANDOM_1597	35	6	29	-0.0171886983052023	NEGATIVE
ERP117672	RANDOM_1598	35	6	29	0.0255241503288728	POSITIVE
ERP117672	RANDOM_1599	35	6	29	0.677301625950038	POSITIVE
ERP117672	RANDOM_1600	35	6	29	0.434711840302686	POSITIVE
ERP117672	RANDOM_1601	35	6	29	0.245055842567994	POSITIVE
ERP117672	RANDOM_1602	35	6	29	0.11924272156181	POSITIVE
ERP117672	RANDOM_1603	35	6	29	0.263230730730224	POSITIVE
ERP117672	RANDOM_1604	35	6	29	0.212189296934313	POSITIVE
ERP117672	RANDOM_1605	35	6	29	0.476218142540082	POSITIVE
ERP117672	RANDOM_1606	35	6	29	-0.501720466408292	NEGATIVE
ERP117672	RANDOM_1607	35	6	29	0.0876275751218386	POSITIVE
ERP117672	RANDOM_1608	35	6	29	0.200005499008931	POSITIVE
ERP117672	RANDOM_1609	35	6	29	0.371349684942524	POSITIVE
ERP117672	RANDOM_1610	35	6	29	0.244325394135364	POSITIVE
ERP117672	RANDOM_1611	35	6	29	0.234386691481135	POSITIVE
ERP117672	RANDOM_1612	35	6	29	0.264236254719821	POSITIVE
ERP117672	RANDOM_1613	35	6	29	0.202084687987877	POSITIVE
ERP117672	RANDOM_1614	35	6	29	-0.0642700494368263	NEGATIVE
ERP117672	RANDOM_1615	35	6	29	0.363306492226801	POSITIVE
ERP117672	RANDOM_1616	35	6	29	0.149977302810705	POSITIVE
ERP117672	RANDOM_1617	35	6	29	-0.0240577573277924	NEGATIVE
ERP117672	RANDOM_1618	35	6	29	-0.135424394870328	NEGATIVE
ERP117672	RANDOM_1619	35	6	29	-0.0820936135970366	NEGATIVE
ERP117672	RANDOM_1620	35	6	29	-0.573587426288258	NEGATIVE
ERP117672	RANDOM_1621	35	6	29	0.509459906304162	POSITIVE
ERP117672	RANDOM_1622	35	6	29	0.310599174955687	POSITIVE
ERP117672	RANDOM_1623	35	6	29	0.579977750387783	POSITIVE
ERP117672	RANDOM_1624	35	6	29	0.108745143585915	POSITIVE
ERP117672	RANDOM_1625	35	6	29	0.0527876358882766	POSITIVE
ERP117672	RANDOM_1626	35	6	29	-0.0917180073168355	NEGATIVE
ERP117672	RANDOM_1627	35	6	29	-0.119948570940501	NEGATIVE
ERP117672	RANDOM_1628	35	6	29	-0.554925807460855	NEGATIVE
ERP117672	RANDOM_1629	35	6	29	-0.433523572862022	NEGATIVE
ERP117672	RANDOM_1630	35	6	29	0.277302076302492	POSITIVE
ERP117672	RANDOM_1631	35	6	29	0.261869980027397	POSITIVE
ERP117672	RANDOM_1632	35	6	29	0.304919740498049	POSITIVE
ERP117672	RANDOM_1633	35	6	29	0.064366505463116	POSITIVE
ERP117672	RANDOM_1634	35	6	29	0.466069280871711	POSITIVE
ERP117672	RANDOM_1635	35	6	29	0.00949070346361962	POSITIVE
ERP117672	RANDOM_1636	35	6	29	-0.0964464479553234	NEGATIVE
ERP117672	RANDOM_1637	35	6	29	0.221521550836034	POSITIVE
ERP117672	RANDOM_1638	35	6	29	-0.0363530472328255	NEGATIVE
ERP117672	RANDOM_1639	35	6	29	0.0325674957201376	POSITIVE
ERP117672	RANDOM_1640	35	6	29	0.416517056316349	POSITIVE
ERP117672	RANDOM_1641	35	6	29	-0.0300403112851476	NEGATIVE
ERP117672	RANDOM_1642	35	6	29	0.458329871396061	POSITIVE
ERP117672	RANDOM_1643	35	6	29	0.30162962291103	POSITIVE
ERP117672	RANDOM_1644	35	6	29	0.346931228936049	POSITIVE
ERP117672	RANDOM_1645	35	6	29	0.396340002525342	POSITIVE
ERP117672	RANDOM_1646	35	6	29	-0.0730305143072062	NEGATIVE
ERP117672	RANDOM_1647	35	6	29	0.510063662029439	POSITIVE
ERP117672	RANDOM_1648	35	6	29	0.0893403181958117	POSITIVE
ERP117672	RANDOM_1649	35	6	29	0.0340126281259753	POSITIVE
ERP117672	RANDOM_1650	35	6	29	-0.186674556063854	NEGATIVE
ERP117672	RANDOM_1651	35	6	29	0.202438807616585	POSITIVE
ERP117672	RANDOM_1652	35	6	29	-0.00994180963681758	NEGATIVE
ERP117672	RANDOM_1653	35	6	29	0.595584796771129	POSITIVE
ERP117672	RANDOM_1654	35	6	29	-0.0176342430366052	NEGATIVE
ERP117672	RANDOM_1655	35	6	29	0.0602235644501612	POSITIVE
ERP117672	RANDOM_1656	35	6	29	0.723176830542437	POSITIVE
ERP117672	RANDOM_1657	35	6	29	0.417650070802581	POSITIVE
ERP117672	RANDOM_1658	35	6	29	0.141047923670157	POSITIVE
ERP117672	RANDOM_1659	35	6	29	-0.153440242221857	NEGATIVE
ERP117672	RANDOM_1660	35	6	29	0.29862167432531	POSITIVE
ERP117672	RANDOM_1661	35	6	29	0.373118992842856	POSITIVE
ERP117672	RANDOM_1662	35	6	29	0.0681444157628915	POSITIVE
ERP117672	RANDOM_1663	35	6	29	0.437967849691116	POSITIVE
ERP117672	RANDOM_1664	35	6	29	0.140695753788082	POSITIVE
ERP117672	RANDOM_1665	35	6	29	0.104982226126663	POSITIVE
ERP117672	RANDOM_1666	35	6	29	0.306430999338819	POSITIVE
ERP117672	RANDOM_1667	35	6	29	-0.564616199265314	NEGATIVE
ERP117672	RANDOM_1668	35	6	29	0.277982299652529	POSITIVE
ERP117672	RANDOM_1669	35	6	29	0.247405176532336	POSITIVE
ERP117672	RANDOM_1670	35	6	29	0.0910524072210216	POSITIVE
ERP117672	RANDOM_1671	35	6	29	0.0444161887695901	POSITIVE
ERP117672	RANDOM_1672	35	6	29	0.568468211376985	POSITIVE
ERP117672	RANDOM_1673	35	6	29	-0.125427570806187	NEGATIVE
ERP117672	RANDOM_1674	35	6	29	0.0549099222636796	POSITIVE
ERP117672	RANDOM_1675	35	6	29	-0.171323938799659	NEGATIVE
ERP117672	RANDOM_1676	35	6	29	0.0206235067026669	POSITIVE
ERP117672	RANDOM_1677	35	6	29	0.299386681509968	POSITIVE
ERP117672	RANDOM_1678	35	6	29	0.492022608837313	POSITIVE
ERP117672	RANDOM_1679	35	6	29	0.345535675938275	POSITIVE
ERP117672	RANDOM_1680	35	6	29	0.236608267572026	POSITIVE
ERP117672	RANDOM_1681	35	6	29	-0.104658067191838	NEGATIVE
ERP117672	RANDOM_1682	35	6	29	-0.231651529766215	NEGATIVE
ERP117672	RANDOM_1683	35	6	29	0.216467276653546	POSITIVE
ERP117672	RANDOM_1684	35	6	29	0.474762759084902	POSITIVE
ERP117672	RANDOM_1685	35	6	29	0.59793811680682	POSITIVE
ERP117672	RANDOM_1686	35	6	29	0.00650316885667176	POSITIVE
ERP117672	RANDOM_1687	35	6	29	0.335073922912506	POSITIVE
ERP117672	RANDOM_1688	35	6	29	0.603149008048949	POSITIVE
ERP117672	RANDOM_1689	35	6	29	-0.170429417390952	NEGATIVE
ERP117672	RANDOM_1690	35	6	29	-0.0607326272885541	NEGATIVE
ERP117672	RANDOM_1691	35	6	29	0.393839856424397	POSITIVE
ERP117672	RANDOM_1692	35	6	29	0.3401576912302	POSITIVE
ERP117672	RANDOM_1693	35	6	29	-0.136438000164409	NEGATIVE
ERP117672	RANDOM_1694	35	6	29	-0.0666969882985088	NEGATIVE
ERP117672	RANDOM_1695	35	6	29	0.126169631528654	POSITIVE
ERP117672	RANDOM_1696	35	6	29	0.474842350973718	POSITIVE
ERP117672	RANDOM_1697	35	6	29	0.0211440667708503	POSITIVE
ERP117672	RANDOM_1698	35	6	29	0.296547472580877	POSITIVE
ERP117672	RANDOM_1699	35	6	29	0.181214686006747	POSITIVE
ERP117672	RANDOM_1700	35	6	29	0.0810086930250592	POSITIVE
ERP117672	RANDOM_1701	35	6	29	0.152195499302384	POSITIVE
ERP117672	RANDOM_1702	35	6	29	0.0690889909543503	POSITIVE
ERP117672	RANDOM_1703	35	6	29	-0.339630352966917	NEGATIVE
ERP117672	RANDOM_1704	35	6	29	0.29996664588542	POSITIVE
ERP117672	RANDOM_1705	35	6	29	-0.059188337147742	NEGATIVE
ERP117672	RANDOM_1706	35	6	29	0.219212100695383	POSITIVE
ERP117672	RANDOM_1707	35	6	29	-0.0670758242294757	NEGATIVE
ERP117672	RANDOM_1708	35	6	29	0.254636107170524	POSITIVE
ERP117672	RANDOM_1709	35	6	29	-0.0862096618019398	NEGATIVE
ERP117672	RANDOM_1710	35	6	29	0.413056826100898	POSITIVE
ERP117672	RANDOM_1711	35	6	29	0.422776446764066	POSITIVE
ERP117672	RANDOM_1712	35	6	29	0.278234418724827	POSITIVE
ERP117672	RANDOM_1713	35	6	29	0.081126406869075	POSITIVE
ERP117672	RANDOM_1714	35	6	29	0.340409740264227	POSITIVE
ERP117672	RANDOM_1715	35	6	29	-0.155333023927129	NEGATIVE
ERP117672	RANDOM_1716	35	6	29	0.249548296326441	POSITIVE
ERP117672	RANDOM_1717	35	6	29	0.437969810054566	POSITIVE
ERP117672	RANDOM_1718	35	6	29	0.527433688445279	POSITIVE
ERP117672	RANDOM_1719	35	6	29	0.527043848597912	POSITIVE
ERP117672	RANDOM_1720	35	6	29	0.480458397712532	POSITIVE
ERP117672	RANDOM_1721	35	6	29	-0.101101533245546	NEGATIVE
ERP117672	RANDOM_1722	35	6	29	-0.210774871197035	NEGATIVE
ERP117672	RANDOM_1723	35	6	29	0.200690002773428	POSITIVE
ERP117672	RANDOM_1724	35	6	29	-0.691457485262573	NEGATIVE
ERP117672	RANDOM_1725	35	6	29	0.353433784505959	POSITIVE
ERP117672	RANDOM_1726	35	6	29	-0.310687694414005	NEGATIVE
ERP117672	RANDOM_1727	35	6	29	0.191443694617095	POSITIVE
ERP117672	RANDOM_1728	35	6	29	0.0983492218936775	POSITIVE
ERP117672	RANDOM_1729	35	6	29	0.307833954551498	POSITIVE
ERP117672	RANDOM_1730	35	6	29	0.391831653599704	POSITIVE
ERP117672	RANDOM_1731	35	6	29	0.566659461645834	POSITIVE
ERP117672	RANDOM_1732	35	6	29	0.214336056096052	POSITIVE
ERP117672	RANDOM_1733	35	6	29	-0.220309568528281	NEGATIVE
ERP117672	RANDOM_1734	35	6	29	0.608707657768521	POSITIVE
ERP117672	RANDOM_1735	35	6	29	0.350918583775874	POSITIVE
ERP117672	RANDOM_1736	35	6	29	-0.12318636967385	NEGATIVE
ERP117672	RANDOM_1737	35	6	29	0.356100523114283	POSITIVE
ERP117672	RANDOM_1738	35	6	29	0.392950526702824	POSITIVE
ERP117672	RANDOM_1739	35	6	29	0.0759956354938848	POSITIVE
ERP117672	RANDOM_1740	35	6	29	0.318770815041938	POSITIVE
ERP117672	RANDOM_1741	35	6	29	0.383619501917544	POSITIVE
ERP117672	RANDOM_1742	35	6	29	-0.0297513427932609	NEGATIVE
ERP117672	RANDOM_1743	35	6	29	-0.217633908840621	NEGATIVE
ERP117672	RANDOM_1744	35	6	29	0.508550209139826	POSITIVE
ERP117672	RANDOM_1745	35	6	29	-0.0787629558799226	NEGATIVE
ERP117672	RANDOM_1746	35	6	29	-0.345420154618181	NEGATIVE
ERP117672	RANDOM_1747	35	6	29	-0.148349683708248	NEGATIVE
ERP117672	RANDOM_1748	35	6	29	0.291799649897804	POSITIVE
ERP117672	RANDOM_1749	35	6	29	-0.287595233853552	NEGATIVE
ERP117672	RANDOM_1750	35	6	29	0.0777493488774843	POSITIVE
ERP117672	RANDOM_1751	35	6	29	-0.196185125059328	NEGATIVE
ERP117672	RANDOM_1752	35	6	29	0.208935635620546	POSITIVE
ERP117672	RANDOM_1753	35	6	29	0.392862493750652	POSITIVE
ERP117672	RANDOM_1754	35	6	29	0.447741675586476	POSITIVE
ERP117672	RANDOM_1755	35	6	29	-0.0428193054769852	NEGATIVE
ERP117672	RANDOM_1756	35	6	29	0.224515161863428	POSITIVE
ERP117672	RANDOM_1757	35	6	29	0.520688706184056	POSITIVE
ERP117672	RANDOM_1758	35	6	29	0.395113020133262	POSITIVE
ERP117672	RANDOM_1759	35	6	29	0.610368291736573	POSITIVE
ERP117672	RANDOM_1760	35	6	29	0.482369586919658	POSITIVE
ERP117672	RANDOM_1761	35	6	29	0.103019111135285	POSITIVE
ERP117672	RANDOM_1762	35	6	29	0.0861454973482441	POSITIVE
ERP117672	RANDOM_1763	35	6	29	0.247533057282336	POSITIVE
ERP117672	RANDOM_1764	35	6	29	0.0642357953966065	POSITIVE
ERP117672	RANDOM_1765	35	6	29	0.78504215445248	POSITIVE
ERP117672	RANDOM_1766	35	6	29	-0.377313139834428	NEGATIVE
ERP117672	RANDOM_1767	35	6	29	0.149794683023127	POSITIVE
ERP117672	RANDOM_1768	35	6	29	0.522439601261443	POSITIVE
ERP117672	RANDOM_1769	35	6	29	0.114465232082535	POSITIVE
ERP117672	RANDOM_1770	35	6	29	0.240041103779395	POSITIVE
ERP117672	RANDOM_1771	35	6	29	0.451052778256502	POSITIVE
ERP117672	RANDOM_1772	35	6	29	0.140667565929522	POSITIVE
ERP117672	RANDOM_1773	35	6	29	0.21848558557178	POSITIVE
ERP117672	RANDOM_1774	35	6	29	0.371069686615207	POSITIVE
ERP117672	RANDOM_1775	35	6	29	0.273083332703225	POSITIVE
ERP117672	RANDOM_1776	35	6	29	-0.123767501383238	NEGATIVE
ERP117672	RANDOM_1777	35	6	29	-0.123920941517258	NEGATIVE
ERP117672	RANDOM_1778	35	6	29	-0.134339853228408	NEGATIVE
ERP117672	RANDOM_1779	35	6	29	-0.398313656260934	NEGATIVE
ERP117672	RANDOM_1780	35	6	29	0.180712601562388	POSITIVE
ERP117672	RANDOM_1781	35	6	29	0.103752257794193	POSITIVE
ERP117672	RANDOM_1782	35	6	29	0.491602254337142	POSITIVE
ERP117672	RANDOM_1783	35	6	29	0.495867791938486	POSITIVE
ERP117672	RANDOM_1784	35	6	29	0.190293172922229	POSITIVE
ERP117672	RANDOM_1785	35	6	29	0.0862120993756933	POSITIVE
ERP117672	RANDOM_1786	35	6	29	0.388843560423048	POSITIVE
ERP117672	RANDOM_1787	35	6	29	-0.0325896167138544	NEGATIVE
ERP117672	RANDOM_1788	35	6	29	0.838911068265596	POSITIVE
ERP117672	RANDOM_1789	35	6	29	0.45443485407133	POSITIVE
ERP117672	RANDOM_1790	35	6	29	0.194267127816811	POSITIVE
ERP117672	RANDOM_1791	35	6	29	0.398037827999821	POSITIVE
ERP117672	RANDOM_1792	35	6	29	0.396217255109401	POSITIVE
ERP117672	RANDOM_1793	35	6	29	0.186137154353222	POSITIVE
ERP117672	RANDOM_1794	35	6	29	0.33627459772182	POSITIVE
ERP117672	RANDOM_1795	35	6	29	0.0779809752006644	POSITIVE
ERP117672	RANDOM_1796	35	6	29	0.480524250885203	POSITIVE
ERP117672	RANDOM_1797	35	6	29	0.586425439946737	POSITIVE
ERP117672	RANDOM_1798	35	6	29	0.389093226563909	POSITIVE
ERP117672	RANDOM_1799	35	6	29	-0.0495717608846052	NEGATIVE
ERP117672	RANDOM_1800	35	6	29	0.155846220661811	POSITIVE
ERP117672	RANDOM_1801	35	6	29	0.308117087897932	POSITIVE
ERP117672	RANDOM_1802	35	6	29	0.596059796092026	POSITIVE
ERP117672	RANDOM_1803	35	6	29	-0.00876172206335995	NEGATIVE
ERP117672	RANDOM_1804	35	6	29	-0.2480950690284	NEGATIVE
ERP117672	RANDOM_1805	35	6	29	0.227772419232979	POSITIVE
ERP117672	RANDOM_1806	35	6	29	-0.0245775130550168	NEGATIVE
ERP117672	RANDOM_1807	35	6	29	0.322678698017806	POSITIVE
ERP117672	RANDOM_1808	35	6	29	0.395391722934318	POSITIVE
ERP117672	RANDOM_1809	35	6	29	-0.0839717788351568	NEGATIVE
ERP117672	RANDOM_1810	35	6	29	0.000513878841830385	POSITIVE
ERP117672	RANDOM_1811	35	6	29	0.555718384280188	POSITIVE
ERP117672	RANDOM_1812	35	6	29	0.353191259602417	POSITIVE
ERP117672	RANDOM_1813	35	6	29	0.0453806673290476	POSITIVE
ERP117672	RANDOM_1814	35	6	29	0.246761234764534	POSITIVE
ERP117672	RANDOM_1815	35	6	29	0.142336968221425	POSITIVE
ERP117672	RANDOM_1816	35	6	29	0.484982097731445	POSITIVE
ERP117672	RANDOM_1817	35	6	29	0.198348794695635	POSITIVE
ERP117672	RANDOM_1818	35	6	29	0.25342128880196	POSITIVE
ERP117672	RANDOM_1819	35	6	29	0.1955265127095	POSITIVE
ERP117672	RANDOM_1820	35	6	29	0.281685695723963	POSITIVE
ERP117672	RANDOM_1821	35	6	29	0.0741992438349605	POSITIVE
ERP117672	RANDOM_1822	35	6	29	0.782424264496091	POSITIVE
ERP117672	RANDOM_1823	35	6	29	-0.0921477982414252	NEGATIVE
ERP117672	RANDOM_1824	35	6	29	0.0337269198918147	POSITIVE
ERP117672	RANDOM_1825	35	6	29	0.185630299062487	POSITIVE
ERP117672	RANDOM_1826	35	6	29	0.673177221168095	POSITIVE
ERP117672	RANDOM_1827	35	6	29	0.454642846474008	POSITIVE
ERP117672	RANDOM_1828	35	6	29	0.324833459297752	POSITIVE
ERP117672	RANDOM_1829	35	6	29	0.157067246411387	POSITIVE
ERP117672	RANDOM_1830	35	6	29	0.331482960732697	POSITIVE
ERP117672	RANDOM_1831	35	6	29	0.341446586707352	POSITIVE
ERP117672	RANDOM_1832	35	6	29	-0.0174250930742837	NEGATIVE
ERP117672	RANDOM_1833	35	6	29	0.130480881236027	POSITIVE
ERP117672	RANDOM_1834	35	6	29	0.0645083392447809	POSITIVE
ERP117672	RANDOM_1835	35	6	29	-0.0506245633380324	NEGATIVE
ERP117672	RANDOM_1836	35	6	29	0.0877825026767564	POSITIVE
ERP117672	RANDOM_1837	35	6	29	0.357289176802026	POSITIVE
ERP117672	RANDOM_1838	35	6	29	0.0368735102528289	POSITIVE
ERP117672	RANDOM_1839	35	6	29	0.393190056515715	POSITIVE
ERP117672	RANDOM_1840	35	6	29	0.157410941918501	POSITIVE
ERP117672	RANDOM_1841	35	6	29	0.222851849674409	POSITIVE
ERP117672	RANDOM_1842	35	6	29	-0.0723947677335653	NEGATIVE
ERP117672	RANDOM_1843	35	6	29	0.175260692235006	POSITIVE
ERP117672	RANDOM_1844	35	6	29	0.562122324618255	POSITIVE
ERP117672	RANDOM_1845	35	6	29	0.269589873928587	POSITIVE
ERP117672	RANDOM_1846	35	6	29	-0.27978933508463	NEGATIVE
ERP117672	RANDOM_1847	35	6	29	0.168554782908857	POSITIVE
ERP117672	RANDOM_1848	35	6	29	-0.167236720020513	NEGATIVE
ERP117672	RANDOM_1849	35	6	29	0.0900763353411894	POSITIVE
ERP117672	RANDOM_1850	35	6	29	0.232245682527237	POSITIVE
ERP117672	RANDOM_1851	35	6	29	0.20090066075461	POSITIVE
ERP117672	RANDOM_1852	35	6	29	0.739831170329343	POSITIVE
ERP117672	RANDOM_1853	35	6	29	0.289467378445796	POSITIVE
ERP117672	RANDOM_1854	35	6	29	0.227773128373464	POSITIVE
ERP117672	RANDOM_1855	35	6	29	0.315555114076411	POSITIVE
ERP117672	RANDOM_1856	35	6	29	0.917391762835659	POSITIVE
ERP117672	RANDOM_1857	35	6	29	0.239240890895044	POSITIVE
ERP117672	RANDOM_1858	35	6	29	0.609370895918917	POSITIVE
ERP117672	RANDOM_1859	35	6	29	0.306455429814348	POSITIVE
ERP117672	RANDOM_1860	35	6	29	0.333754724946124	POSITIVE
ERP117672	RANDOM_1861	35	6	29	0.4397172464752	POSITIVE
ERP117672	RANDOM_1862	35	6	29	0.0984427899683844	POSITIVE
ERP117672	RANDOM_1863	35	6	29	0.39431974940785	POSITIVE
ERP117672	RANDOM_1864	35	6	29	0.0677357009137098	POSITIVE
ERP117672	RANDOM_1865	35	6	29	-0.261134381983403	NEGATIVE
ERP117672	RANDOM_1866	35	6	29	-0.355096711240593	NEGATIVE
ERP117672	RANDOM_1867	35	6	29	0.0985253453054471	POSITIVE
ERP117672	RANDOM_1868	35	6	29	0.0141165480143804	POSITIVE
ERP117672	RANDOM_1869	35	6	29	0.264398000640461	POSITIVE
ERP117672	RANDOM_1870	35	6	29	0.0454099633407111	POSITIVE
ERP117672	RANDOM_1871	35	6	29	0.403659154540791	POSITIVE
ERP117672	RANDOM_1872	35	6	29	0.337487373128726	POSITIVE
ERP117672	RANDOM_1873	35	6	29	0.496147512105418	POSITIVE
ERP117672	RANDOM_1874	35	6	29	-0.0184564226020631	NEGATIVE
ERP117672	RANDOM_1875	35	6	29	0.043325114153796	POSITIVE
ERP117672	RANDOM_1876	35	6	29	0.301039512460741	POSITIVE
ERP117672	RANDOM_1877	35	6	29	0.169387803692489	POSITIVE
ERP117672	RANDOM_1878	35	6	29	0.058390873658845	POSITIVE
ERP117672	RANDOM_1879	35	6	29	0.326003896237227	POSITIVE
ERP117672	RANDOM_1880	35	6	29	-0.201234750150951	NEGATIVE
ERP117672	RANDOM_1881	35	6	29	0.293622155035565	POSITIVE
ERP117672	RANDOM_1882	35	6	29	-0.00074916309184118	NEGATIVE
ERP117672	RANDOM_1883	35	6	29	0.325029132411744	POSITIVE
ERP117672	RANDOM_1884	35	6	29	0.100278735591668	POSITIVE
ERP117672	RANDOM_1885	35	6	29	0.120084208307769	POSITIVE
ERP117672	RANDOM_1886	35	6	29	-0.0639366293434019	NEGATIVE
ERP117672	RANDOM_1887	35	6	29	0.0562191103497102	POSITIVE
ERP117672	RANDOM_1888	35	6	29	0.367272873028186	POSITIVE
ERP117672	RANDOM_1889	35	6	29	0.356557468208395	POSITIVE
ERP117672	RANDOM_1890	35	6	29	0.0871917796952948	POSITIVE
ERP117672	RANDOM_1891	35	6	29	0.559079643272405	POSITIVE
ERP117672	RANDOM_1892	35	6	29	0.59017086175069	POSITIVE
ERP117672	RANDOM_1893	35	6	29	0.0417107640355317	POSITIVE
ERP117672	RANDOM_1894	35	6	29	0.441590276192375	POSITIVE
ERP117672	RANDOM_1895	35	6	29	0.348930940245081	POSITIVE
ERP117672	RANDOM_1896	35	6	29	-0.1602342075382	NEGATIVE
ERP117672	RANDOM_1897	35	6	29	0.063588892482283	POSITIVE
ERP117672	RANDOM_1898	35	6	29	0.0540757713933669	POSITIVE
ERP117672	RANDOM_1899	35	6	29	-0.128922253496363	NEGATIVE
ERP117672	RANDOM_1900	35	6	29	0.3034728541539	POSITIVE
ERP117672	RANDOM_1901	35	6	29	0.0262613593380963	POSITIVE
ERP117672	RANDOM_1902	35	6	29	0.315245569606096	POSITIVE
ERP117672	RANDOM_1903	35	6	29	0.0636206282771671	POSITIVE
ERP117672	RANDOM_1904	35	6	29	0.188268605572668	POSITIVE
ERP117672	RANDOM_1905	35	6	29	0.330987961775986	POSITIVE
ERP117672	RANDOM_1906	35	6	29	0.0737726766379984	POSITIVE
ERP117672	RANDOM_1907	35	6	29	0.477719434230753	POSITIVE
ERP117672	RANDOM_1908	35	6	29	0.577867091993287	POSITIVE
ERP117672	RANDOM_1909	35	6	29	0.0133550434110942	POSITIVE
ERP117672	RANDOM_1910	35	6	29	0.0824266560983801	POSITIVE
ERP117672	RANDOM_1911	35	6	29	0.218836146045489	POSITIVE
ERP117672	RANDOM_1912	35	6	29	0.384510607732053	POSITIVE
ERP117672	RANDOM_1913	35	6	29	0.218288811048875	POSITIVE
ERP117672	RANDOM_1914	35	6	29	-0.000542847619254754	NEGATIVE
ERP117672	RANDOM_1915	35	6	29	0.096859090634785	POSITIVE
ERP117672	RANDOM_1916	35	6	29	0.0970233277084015	POSITIVE
ERP117672	RANDOM_1917	35	6	29	-0.170032762847873	NEGATIVE
ERP117672	RANDOM_1918	35	6	29	0.310292115835555	POSITIVE
ERP117672	RANDOM_1919	35	6	29	-0.0313766019264856	NEGATIVE
ERP117672	RANDOM_1920	35	6	29	0.261968204296146	POSITIVE
ERP117672	RANDOM_1921	35	6	29	0.00980985514083938	POSITIVE
ERP117672	RANDOM_1922	35	6	29	-0.0622561389233241	NEGATIVE
ERP117672	RANDOM_1923	35	6	29	0.464116549243601	POSITIVE
ERP117672	RANDOM_1924	35	6	29	0.130813272752842	POSITIVE
ERP117672	RANDOM_1925	35	6	29	0.104457607563067	POSITIVE
ERP117672	RANDOM_1926	35	6	29	0.275908571495652	POSITIVE
ERP117672	RANDOM_1927	35	6	29	0.61503183560911	POSITIVE
ERP117672	RANDOM_1928	35	6	29	0.144609249853698	POSITIVE
ERP117672	RANDOM_1929	35	6	29	0.36503318552461	POSITIVE
ERP117672	RANDOM_1930	35	6	29	0.41564272169969	POSITIVE
ERP117672	RANDOM_1931	35	6	29	-0.0270645499717043	NEGATIVE
ERP117672	RANDOM_1932	35	6	29	0.525790891564209	POSITIVE
ERP117672	RANDOM_1933	35	6	29	0.242968040520695	POSITIVE
ERP117672	RANDOM_1934	35	6	29	0.148537905573275	POSITIVE
ERP117672	RANDOM_1935	35	6	29	-0.420475028618299	NEGATIVE
ERP117672	RANDOM_1936	35	6	29	0.0679418233742824	POSITIVE
ERP117672	RANDOM_1937	35	6	29	-0.0138506949808402	NEGATIVE
ERP117672	RANDOM_1938	35	6	29	0.55041385886172	POSITIVE
ERP117672	RANDOM_1939	35	6	29	0.449226955486938	POSITIVE
ERP117672	RANDOM_1940	35	6	29	0.568160946116603	POSITIVE
ERP117672	RANDOM_1941	35	6	29	0.554977536978493	POSITIVE
ERP117672	RANDOM_1942	35	6	29	0.624089243667832	POSITIVE
ERP117672	RANDOM_1943	35	6	29	-0.141843575051824	NEGATIVE
ERP117672	RANDOM_1944	35	6	29	-0.173827075625488	NEGATIVE
ERP117672	RANDOM_1945	35	6	29	0.281364386244111	POSITIVE
ERP117672	RANDOM_1946	35	6	29	0.606106412699674	POSITIVE
ERP117672	RANDOM_1947	35	6	29	-0.267549093694871	NEGATIVE
ERP117672	RANDOM_1948	35	6	29	0.00848156998558671	POSITIVE
ERP117672	RANDOM_1949	35	6	29	-0.00832366105788268	NEGATIVE
ERP117672	RANDOM_1950	35	6	29	0.181274427089829	POSITIVE
ERP117672	RANDOM_1951	35	6	29	-0.151511937199439	NEGATIVE
ERP117672	RANDOM_1952	35	6	29	0.281546211037126	POSITIVE
ERP117672	RANDOM_1953	35	6	29	-0.143981125875723	NEGATIVE
ERP117672	RANDOM_1954	35	6	29	-0.181748899619984	NEGATIVE
ERP117672	RANDOM_1955	35	6	29	0.364168080675014	POSITIVE
ERP117672	RANDOM_1956	35	6	29	0.113881061644731	POSITIVE
ERP117672	RANDOM_1957	35	6	29	-0.270065324123888	NEGATIVE
ERP117672	RANDOM_1958	35	6	29	-0.129480068976127	NEGATIVE
ERP117672	RANDOM_1959	35	6	29	-0.264047249238226	NEGATIVE
ERP117672	RANDOM_1960	35	6	29	0.321066393661897	POSITIVE
ERP117672	RANDOM_1961	35	6	29	0.162018261461174	POSITIVE
ERP117672	RANDOM_1962	35	6	29	0.148025243001366	POSITIVE
ERP117672	RANDOM_1963	35	6	29	0.03536654835425	POSITIVE
ERP117672	RANDOM_1964	35	6	29	-0.0995591914665762	NEGATIVE
ERP117672	RANDOM_1965	35	6	29	0.287517577040057	POSITIVE
ERP117672	RANDOM_1966	35	6	29	0.233353378896585	POSITIVE
ERP117672	RANDOM_1967	35	6	29	-0.0104004829592954	NEGATIVE
ERP117672	RANDOM_1968	35	6	29	0.587892020159217	POSITIVE
ERP117672	RANDOM_1969	35	6	29	0.162896824000015	POSITIVE
ERP117672	RANDOM_1970	35	6	29	-0.273205016504284	NEGATIVE
ERP117672	RANDOM_1971	35	6	29	0.0736035406881119	POSITIVE
ERP117672	RANDOM_1972	35	6	29	0.17356315959386	POSITIVE
ERP117672	RANDOM_1973	35	6	29	0.272305053565538	POSITIVE
ERP117672	RANDOM_1974	35	6	29	0.279861951816844	POSITIVE
ERP117672	RANDOM_1975	35	6	29	0.563773257318191	POSITIVE
ERP117672	RANDOM_1976	35	6	29	0.299557325018774	POSITIVE
ERP117672	RANDOM_1977	35	6	29	0.381707325267275	POSITIVE
ERP117672	RANDOM_1978	35	6	29	0.329613285326897	POSITIVE
ERP117672	RANDOM_1979	35	6	29	-0.133693845929956	NEGATIVE
ERP117672	RANDOM_1980	35	6	29	0.19871808326072	POSITIVE
ERP117672	RANDOM_1981	35	6	29	0.177623884711253	POSITIVE
ERP117672	RANDOM_1982	35	6	29	0.37136836840624	POSITIVE
ERP117672	RANDOM_1983	35	6	29	0.100876141882942	POSITIVE
ERP117672	RANDOM_1984	35	6	29	0.209351337419576	POSITIVE
ERP117672	RANDOM_1985	35	6	29	0.248850274284778	POSITIVE
ERP117672	RANDOM_1986	35	6	29	-0.174655664293002	NEGATIVE
ERP117672	RANDOM_1987	35	6	29	0.427669381173225	POSITIVE
ERP117672	RANDOM_1988	35	6	29	0.448468114394315	POSITIVE
ERP117672	RANDOM_1989	35	6	29	0.354810007398796	POSITIVE
ERP117672	RANDOM_1990	35	6	29	0.534888348504111	POSITIVE
ERP117672	RANDOM_1991	35	6	29	0.102597698376836	POSITIVE
ERP117672	RANDOM_1992	35	6	29	0.201812510145781	POSITIVE
ERP117672	RANDOM_1993	35	6	29	0.311124642200341	POSITIVE
ERP117672	RANDOM_1994	35	6	29	0.510952009421974	POSITIVE
ERP117672	RANDOM_1995	35	6	29	0.204610774016418	POSITIVE
ERP117672	RANDOM_1996	35	6	29	-0.0613327173581802	NEGATIVE
ERP117672	RANDOM_1997	35	6	29	0.13900477300081	POSITIVE
ERP117672	RANDOM_1998	35	6	29	0.459626126686963	POSITIVE
ERP117672	RANDOM_1999	35	6	29	0.0715697047392536	POSITIVE
ERP117672	RANDOM_2000	35	6	29	0.0403688782051597	POSITIVE
GSE302495	AF35	38	12	26	0.751586410140703	POSITIVE
GSE302495	RANDOM_0001	38	12	26	0.215686438747523	POSITIVE
GSE302495	RANDOM_0002	38	12	26	0.0185107959979566	POSITIVE
GSE302495	RANDOM_0003	38	12	26	-0.0672436810210227	NEGATIVE
GSE302495	RANDOM_0004	38	12	26	0.102743954190136	POSITIVE
GSE302495	RANDOM_0005	38	12	26	-0.0447675091390129	NEGATIVE
GSE302495	RANDOM_0006	38	12	26	0.400145784784518	POSITIVE
GSE302495	RANDOM_0007	38	12	26	0.361497945136689	POSITIVE
GSE302495	RANDOM_0008	38	12	26	0.0234430637526622	POSITIVE
GSE302495	RANDOM_0009	38	12	26	0.218479625698898	POSITIVE
GSE302495	RANDOM_0010	38	12	26	0.19011184379812	POSITIVE
GSE302495	RANDOM_0011	38	12	26	0.165396641951166	POSITIVE
GSE302495	RANDOM_0012	38	12	26	0.23667629344666	POSITIVE
GSE302495	RANDOM_0013	38	12	26	0.099397855065665	POSITIVE
GSE302495	RANDOM_0014	38	12	26	0.120931564761315	POSITIVE
GSE302495	RANDOM_0015	38	12	26	0.0957016369557964	POSITIVE
GSE302495	RANDOM_0016	38	12	26	0.0409678924882027	POSITIVE
GSE302495	RANDOM_0017	38	12	26	-0.0548998944189263	NEGATIVE
GSE302495	RANDOM_0018	38	12	26	-0.100729921809531	NEGATIVE
GSE302495	RANDOM_0019	38	12	26	-0.0414915964167238	NEGATIVE
GSE302495	RANDOM_0020	38	12	26	0.398638565556631	POSITIVE
GSE302495	RANDOM_0021	38	12	26	0.160536712099479	POSITIVE
GSE302495	RANDOM_0022	38	12	26	0.158178332272367	POSITIVE
GSE302495	RANDOM_0023	38	12	26	0.0516570781013164	POSITIVE
GSE302495	RANDOM_0024	38	12	26	0.0833351805363728	POSITIVE
GSE302495	RANDOM_0025	38	12	26	0.327195335680351	POSITIVE
GSE302495	RANDOM_0026	38	12	26	0.0449086585158857	POSITIVE
GSE302495	RANDOM_0027	38	12	26	-0.0230649373162749	NEGATIVE
GSE302495	RANDOM_0028	38	12	26	0.0388809948571307	POSITIVE
GSE302495	RANDOM_0029	38	12	26	0.192906150693373	POSITIVE
GSE302495	RANDOM_0030	38	12	26	0.239547882753789	POSITIVE
GSE302495	RANDOM_0031	38	12	26	0.0741084344117153	POSITIVE
GSE302495	RANDOM_0032	38	12	26	0.310640445301599	POSITIVE
GSE302495	RANDOM_0033	38	12	26	0.421405266612893	POSITIVE
GSE302495	RANDOM_0034	38	12	26	0.301952246769117	POSITIVE
GSE302495	RANDOM_0035	38	12	26	0.205245068882108	POSITIVE
GSE302495	RANDOM_0036	38	12	26	0.268376643417403	POSITIVE
GSE302495	RANDOM_0037	38	12	26	0.359607308687262	POSITIVE
GSE302495	RANDOM_0038	38	12	26	0.101588745829421	POSITIVE
GSE302495	RANDOM_0039	38	12	26	0.0970818436857057	POSITIVE
GSE302495	RANDOM_0040	38	12	26	0.0845839484774047	POSITIVE
GSE302495	RANDOM_0041	38	12	26	0.064071914189834	POSITIVE
GSE302495	RANDOM_0042	38	12	26	0.00528648702726604	POSITIVE
GSE302495	RANDOM_0043	38	12	26	0.148044690957188	POSITIVE
GSE302495	RANDOM_0044	38	12	26	-0.189085179122502	NEGATIVE
GSE302495	RANDOM_0045	38	12	26	-0.177631595307585	NEGATIVE
GSE302495	RANDOM_0046	38	12	26	0.186374906593692	POSITIVE
GSE302495	RANDOM_0047	38	12	26	0.0451196769875071	POSITIVE
GSE302495	RANDOM_0048	38	12	26	0.187782076868784	POSITIVE
GSE302495	RANDOM_0049	38	12	26	-0.0249037188569551	NEGATIVE
GSE302495	RANDOM_0050	38	12	26	0.143120111855062	POSITIVE
GSE302495	RANDOM_0051	38	12	26	0.211049617297505	POSITIVE
GSE302495	RANDOM_0052	38	12	26	-0.214822402292008	NEGATIVE
GSE302495	RANDOM_0053	38	12	26	0.0410368155284277	POSITIVE
GSE302495	RANDOM_0054	38	12	26	0.149477554695091	POSITIVE
GSE302495	RANDOM_0055	38	12	26	0.135515381643208	POSITIVE
GSE302495	RANDOM_0056	38	12	26	-0.0325576365897008	NEGATIVE
GSE302495	RANDOM_0057	38	12	26	0.185736352612756	POSITIVE
GSE302495	RANDOM_0058	38	12	26	0.557122828986032	POSITIVE
GSE302495	RANDOM_0059	38	12	26	0.216082562658363	POSITIVE
GSE302495	RANDOM_0060	38	12	26	-0.01309303333097	NEGATIVE
GSE302495	RANDOM_0061	38	12	26	-0.231907332374501	NEGATIVE
GSE302495	RANDOM_0062	38	12	26	0.0989769623196224	POSITIVE
GSE302495	RANDOM_0063	38	12	26	0.0144637937030473	POSITIVE
GSE302495	RANDOM_0064	38	12	26	0.120969462421014	POSITIVE
GSE302495	RANDOM_0065	38	12	26	0.262502619935778	POSITIVE
GSE302495	RANDOM_0066	38	12	26	0.225038902282923	POSITIVE
GSE302495	RANDOM_0067	38	12	26	0.192604574022589	POSITIVE
GSE302495	RANDOM_0068	38	12	26	0.0177404913669677	POSITIVE
GSE302495	RANDOM_0069	38	12	26	0.0835606693867041	POSITIVE
GSE302495	RANDOM_0070	38	12	26	0.0821437472506355	POSITIVE
GSE302495	RANDOM_0071	38	12	26	0.137189232636304	POSITIVE
GSE302495	RANDOM_0072	38	12	26	-0.0251756833289704	NEGATIVE
GSE302495	RANDOM_0073	38	12	26	0.165993917668189	POSITIVE
GSE302495	RANDOM_0074	38	12	26	0.0477495443897958	POSITIVE
GSE302495	RANDOM_0075	38	12	26	0.177267095232483	POSITIVE
GSE302495	RANDOM_0076	38	12	26	0.175219557615883	POSITIVE
GSE302495	RANDOM_0077	38	12	26	-0.0937998814116738	NEGATIVE
GSE302495	RANDOM_0078	38	12	26	-0.239263034941704	NEGATIVE
GSE302495	RANDOM_0079	38	12	26	-0.137998659783583	NEGATIVE
GSE302495	RANDOM_0080	38	12	26	-0.216680010250705	NEGATIVE
GSE302495	RANDOM_0081	38	12	26	0.0960421504738151	POSITIVE
GSE302495	RANDOM_0082	38	12	26	0.26848550211642	POSITIVE
GSE302495	RANDOM_0083	38	12	26	-0.193969578115814	NEGATIVE
GSE302495	RANDOM_0084	38	12	26	0.301819607293337	POSITIVE
GSE302495	RANDOM_0085	38	12	26	0.1855202024143	POSITIVE
GSE302495	RANDOM_0086	38	12	26	0.0253940805570844	POSITIVE
GSE302495	RANDOM_0087	38	12	26	0.212152166512265	POSITIVE
GSE302495	RANDOM_0088	38	12	26	0.026501054761662	POSITIVE
GSE302495	RANDOM_0089	38	12	26	0.00715907832097751	POSITIVE
GSE302495	RANDOM_0090	38	12	26	0.199917530988234	POSITIVE
GSE302495	RANDOM_0091	38	12	26	0.265373330611052	POSITIVE
GSE302495	RANDOM_0092	38	12	26	0.129163724934104	POSITIVE
GSE302495	RANDOM_0093	38	12	26	0.167576187309734	POSITIVE
GSE302495	RANDOM_0094	38	12	26	-0.128714015005658	NEGATIVE
GSE302495	RANDOM_0095	38	12	26	0.248288173376514	POSITIVE
GSE302495	RANDOM_0096	38	12	26	0.177441146927641	POSITIVE
GSE302495	RANDOM_0097	38	12	26	-0.243146657383835	NEGATIVE
GSE302495	RANDOM_0098	38	12	26	-0.010693938415747	NEGATIVE
GSE302495	RANDOM_0099	38	12	26	0.292536065387003	POSITIVE
GSE302495	RANDOM_0100	38	12	26	0.0534681158351829	POSITIVE
GSE302495	RANDOM_0101	38	12	26	0.137749821163664	POSITIVE
GSE302495	RANDOM_0102	38	12	26	-0.0312875058346901	NEGATIVE
GSE302495	RANDOM_0103	38	12	26	0.169988342597156	POSITIVE
GSE302495	RANDOM_0104	38	12	26	-0.0374856168038927	NEGATIVE
GSE302495	RANDOM_0105	38	12	26	0.201979786192352	POSITIVE
GSE302495	RANDOM_0106	38	12	26	0.233744117050069	POSITIVE
GSE302495	RANDOM_0107	38	12	26	0.30021287641128	POSITIVE
GSE302495	RANDOM_0108	38	12	26	0.197067060423511	POSITIVE
GSE302495	RANDOM_0109	38	12	26	0.183915862955061	POSITIVE
GSE302495	RANDOM_0110	38	12	26	0.471776301839019	POSITIVE
GSE302495	RANDOM_0111	38	12	26	0.315567365990986	POSITIVE
GSE302495	RANDOM_0112	38	12	26	0.121400287253297	POSITIVE
GSE302495	RANDOM_0113	38	12	26	0.17377602217582	POSITIVE
GSE302495	RANDOM_0114	38	12	26	0.0550864120490926	POSITIVE
GSE302495	RANDOM_0115	38	12	26	0.0900562450416349	POSITIVE
GSE302495	RANDOM_0116	38	12	26	0.378796918381879	POSITIVE
GSE302495	RANDOM_0117	38	12	26	0.197008268968543	POSITIVE
GSE302495	RANDOM_0118	38	12	26	0.0134066766895391	POSITIVE
GSE302495	RANDOM_0119	38	12	26	0.102697570848472	POSITIVE
GSE302495	RANDOM_0120	38	12	26	-0.191802800344734	NEGATIVE
GSE302495	RANDOM_0121	38	12	26	0.422686911055804	POSITIVE
GSE302495	RANDOM_0122	38	12	26	0.0574092715365355	POSITIVE
GSE302495	RANDOM_0123	38	12	26	0.115382348215787	POSITIVE
GSE302495	RANDOM_0124	38	12	26	-0.272437800365059	NEGATIVE
GSE302495	RANDOM_0125	38	12	26	0.0454450038469445	POSITIVE
GSE302495	RANDOM_0126	38	12	26	0.297425986602813	POSITIVE
GSE302495	RANDOM_0127	38	12	26	0.177528332702964	POSITIVE
GSE302495	RANDOM_0128	38	12	26	0.146789904618742	POSITIVE
GSE302495	RANDOM_0129	38	12	26	0.238949329960222	POSITIVE
GSE302495	RANDOM_0130	38	12	26	0.0821233494260572	POSITIVE
GSE302495	RANDOM_0131	38	12	26	0.32628551780006	POSITIVE
GSE302495	RANDOM_0132	38	12	26	0.190883387668616	POSITIVE
GSE302495	RANDOM_0133	38	12	26	-0.106164612116102	NEGATIVE
GSE302495	RANDOM_0134	38	12	26	0.195574319123684	POSITIVE
GSE302495	RANDOM_0135	38	12	26	0.191799926025321	POSITIVE
GSE302495	RANDOM_0136	38	12	26	0.0238765002242666	POSITIVE
GSE302495	RANDOM_0137	38	12	26	-0.0919199509627972	NEGATIVE
GSE302495	RANDOM_0138	38	12	26	0.178953592509154	POSITIVE
GSE302495	RANDOM_0139	38	12	26	0.155672791443274	POSITIVE
GSE302495	RANDOM_0140	38	12	26	0.0844958411845641	POSITIVE
GSE302495	RANDOM_0141	38	12	26	0.323114300920176	POSITIVE
GSE302495	RANDOM_0142	38	12	26	-0.005669517818563	NEGATIVE
GSE302495	RANDOM_0143	38	12	26	0.134089772238037	POSITIVE
GSE302495	RANDOM_0144	38	12	26	0.204808164352975	POSITIVE
GSE302495	RANDOM_0145	38	12	26	-0.0431277540331199	NEGATIVE
GSE302495	RANDOM_0146	38	12	26	0.140774858885618	POSITIVE
GSE302495	RANDOM_0147	38	12	26	0.14869204804375	POSITIVE
GSE302495	RANDOM_0148	38	12	26	0.0893667122540923	POSITIVE
GSE302495	RANDOM_0149	38	12	26	0.219574114039353	POSITIVE
GSE302495	RANDOM_0150	38	12	26	0.0288626624620789	POSITIVE
GSE302495	RANDOM_0151	38	12	26	0.0551084271898364	POSITIVE
GSE302495	RANDOM_0152	38	12	26	-0.11438093148072	NEGATIVE
GSE302495	RANDOM_0153	38	12	26	-0.0996412990529283	NEGATIVE
GSE302495	RANDOM_0154	38	12	26	0.117318967753444	POSITIVE
GSE302495	RANDOM_0155	38	12	26	0.00797443970788837	POSITIVE
GSE302495	RANDOM_0156	38	12	26	0.0609303604638353	POSITIVE
GSE302495	RANDOM_0157	38	12	26	0.180853780291663	POSITIVE
GSE302495	RANDOM_0158	38	12	26	0.360429178573017	POSITIVE
GSE302495	RANDOM_0159	38	12	26	0.000649556803039197	POSITIVE
GSE302495	RANDOM_0160	38	12	26	-0.0686088454350895	NEGATIVE
GSE302495	RANDOM_0161	38	12	26	0.116366156514709	POSITIVE
GSE302495	RANDOM_0162	38	12	26	-0.0359627094023702	NEGATIVE
GSE302495	RANDOM_0163	38	12	26	0.155652612729094	POSITIVE
GSE302495	RANDOM_0164	38	12	26	0.278125121067973	POSITIVE
GSE302495	RANDOM_0165	38	12	26	-0.00283394502085173	NEGATIVE
GSE302495	RANDOM_0166	38	12	26	0.0587817324417394	POSITIVE
GSE302495	RANDOM_0167	38	12	26	0.303285048273073	POSITIVE
GSE302495	RANDOM_0168	38	12	26	-0.109700572881943	NEGATIVE
GSE302495	RANDOM_0169	38	12	26	0.256153995260572	POSITIVE
GSE302495	RANDOM_0170	38	12	26	0.464538312012267	POSITIVE
GSE302495	RANDOM_0171	38	12	26	0.212811532338486	POSITIVE
GSE302495	RANDOM_0172	38	12	26	-0.00239929711173282	NEGATIVE
GSE302495	RANDOM_0173	38	12	26	0.0791436511765726	POSITIVE
GSE302495	RANDOM_0174	38	12	26	0.395050682861277	POSITIVE
GSE302495	RANDOM_0175	38	12	26	0.187662642691061	POSITIVE
GSE302495	RANDOM_0176	38	12	26	0.0110513348228814	POSITIVE
GSE302495	RANDOM_0177	38	12	26	0.152127725009507	POSITIVE
GSE302495	RANDOM_0178	38	12	26	0.0206042977878828	POSITIVE
GSE302495	RANDOM_0179	38	12	26	-0.00505728399552605	NEGATIVE
GSE302495	RANDOM_0180	38	12	26	-0.0783710898809476	NEGATIVE
GSE302495	RANDOM_0181	38	12	26	0.0637442014662655	POSITIVE
GSE302495	RANDOM_0182	38	12	26	0.000660165923180509	POSITIVE
GSE302495	RANDOM_0183	38	12	26	0.0259145997844195	POSITIVE
GSE302495	RANDOM_0184	38	12	26	0.0355617875255806	POSITIVE
GSE302495	RANDOM_0185	38	12	26	0.230589469519306	POSITIVE
GSE302495	RANDOM_0186	38	12	26	0.0306513153479558	POSITIVE
GSE302495	RANDOM_0187	38	12	26	-0.0688088144674919	NEGATIVE
GSE302495	RANDOM_0188	38	12	26	0.250761489692721	POSITIVE
GSE302495	RANDOM_0189	38	12	26	0.26626036524008	POSITIVE
GSE302495	RANDOM_0190	38	12	26	0.0913190196389615	POSITIVE
GSE302495	RANDOM_0191	38	12	26	-0.120284062222778	NEGATIVE
GSE302495	RANDOM_0192	38	12	26	0.0844853219744549	POSITIVE
GSE302495	RANDOM_0193	38	12	26	0.170555381275631	POSITIVE
GSE302495	RANDOM_0194	38	12	26	0.194922599315367	POSITIVE
GSE302495	RANDOM_0195	38	12	26	-0.0744026645400742	NEGATIVE
GSE302495	RANDOM_0196	38	12	26	0.165748312377788	POSITIVE
GSE302495	RANDOM_0197	38	12	26	0.308172915357604	POSITIVE
GSE302495	RANDOM_0198	38	12	26	-0.013515998206749	NEGATIVE
GSE302495	RANDOM_0199	38	12	26	0.125387613970709	POSITIVE
GSE302495	RANDOM_0200	38	12	26	0.52546753492511	POSITIVE
GSE302495	RANDOM_0201	38	12	26	-0.102200130957501	NEGATIVE
GSE302495	RANDOM_0202	38	12	26	0.00993264112786103	POSITIVE
GSE302495	RANDOM_0203	38	12	26	0.038004160494513	POSITIVE
GSE302495	RANDOM_0204	38	12	26	0.364399189634625	POSITIVE
GSE302495	RANDOM_0205	38	12	26	0.0452114229522137	POSITIVE
GSE302495	RANDOM_0206	38	12	26	0.223338395054816	POSITIVE
GSE302495	RANDOM_0207	38	12	26	0.104260675132996	POSITIVE
GSE302495	RANDOM_0208	38	12	26	-0.0924406467958251	NEGATIVE
GSE302495	RANDOM_0209	38	12	26	0.0654427460426587	POSITIVE
GSE302495	RANDOM_0210	38	12	26	0.0569730204059305	POSITIVE
GSE302495	RANDOM_0211	38	12	26	-0.0535657687687951	NEGATIVE
GSE302495	RANDOM_0212	38	12	26	0.0730282765980332	POSITIVE
GSE302495	RANDOM_0213	38	12	26	0.0513991504797626	POSITIVE
GSE302495	RANDOM_0214	38	12	26	0.21167618311587	POSITIVE
GSE302495	RANDOM_0215	38	12	26	-0.196857131424755	NEGATIVE
GSE302495	RANDOM_0216	38	12	26	0.0890065454070299	POSITIVE
GSE302495	RANDOM_0217	38	12	26	0.240511719889889	POSITIVE
GSE302495	RANDOM_0218	38	12	26	0.257285361480816	POSITIVE
GSE302495	RANDOM_0219	38	12	26	-0.0438803787985182	NEGATIVE
GSE302495	RANDOM_0220	38	12	26	0.250586124518001	POSITIVE
GSE302495	RANDOM_0221	38	12	26	0.155513179047309	POSITIVE
GSE302495	RANDOM_0222	38	12	26	0.135432499862221	POSITIVE
GSE302495	RANDOM_0223	38	12	26	-0.0786657000522696	NEGATIVE
GSE302495	RANDOM_0224	38	12	26	-0.0216067340273726	NEGATIVE
GSE302495	RANDOM_0225	38	12	26	-0.134852670124579	NEGATIVE
GSE302495	RANDOM_0226	38	12	26	0.283342231305262	POSITIVE
GSE302495	RANDOM_0227	38	12	26	0.16493559739022	POSITIVE
GSE302495	RANDOM_0228	38	12	26	0.0770353189076233	POSITIVE
GSE302495	RANDOM_0229	38	12	26	-0.105683007753247	NEGATIVE
GSE302495	RANDOM_0230	38	12	26	0.263681365743097	POSITIVE
GSE302495	RANDOM_0231	38	12	26	0.462917018341672	POSITIVE
GSE302495	RANDOM_0232	38	12	26	0.0128686328268386	POSITIVE
GSE302495	RANDOM_0233	38	12	26	0.115429695181828	POSITIVE
GSE302495	RANDOM_0234	38	12	26	0.155366030061759	POSITIVE
GSE302495	RANDOM_0235	38	12	26	0.371382242674586	POSITIVE
GSE302495	RANDOM_0236	38	12	26	0.22114114080906	POSITIVE
GSE302495	RANDOM_0237	38	12	26	0.175033652033651	POSITIVE
GSE302495	RANDOM_0238	38	12	26	-0.0613015738041393	NEGATIVE
GSE302495	RANDOM_0239	38	12	26	0.027393877667671	POSITIVE
GSE302495	RANDOM_0240	38	12	26	0.221327698388628	POSITIVE
GSE302495	RANDOM_0241	38	12	26	0.502589568818323	POSITIVE
GSE302495	RANDOM_0242	38	12	26	-0.173044213417895	NEGATIVE
GSE302495	RANDOM_0243	38	12	26	0.308375810235247	POSITIVE
GSE302495	RANDOM_0244	38	12	26	0.106709372670635	POSITIVE
GSE302495	RANDOM_0245	38	12	26	0.259882714022935	POSITIVE
GSE302495	RANDOM_0246	38	12	26	0.415933578787828	POSITIVE
GSE302495	RANDOM_0247	38	12	26	0.310815712430661	POSITIVE
GSE302495	RANDOM_0248	38	12	26	0.182007882651523	POSITIVE
GSE302495	RANDOM_0249	38	12	26	0.295856320911599	POSITIVE
GSE302495	RANDOM_0250	38	12	26	-0.0566713611007523	NEGATIVE
GSE302495	RANDOM_0251	38	12	26	-0.259656741010819	NEGATIVE
GSE302495	RANDOM_0252	38	12	26	0.0672945000447772	POSITIVE
GSE302495	RANDOM_0253	38	12	26	0.435290699186001	POSITIVE
GSE302495	RANDOM_0254	38	12	26	0.276105453871967	POSITIVE
GSE302495	RANDOM_0255	38	12	26	0.14329078248497	POSITIVE
GSE302495	RANDOM_0256	38	12	26	-0.0162741110146936	NEGATIVE
GSE302495	RANDOM_0257	38	12	26	0.316286550065726	POSITIVE
GSE302495	RANDOM_0258	38	12	26	-0.219050859551307	NEGATIVE
GSE302495	RANDOM_0259	38	12	26	0.357733232026407	POSITIVE
GSE302495	RANDOM_0260	38	12	26	0.154203944353673	POSITIVE
GSE302495	RANDOM_0261	38	12	26	0.073496364310317	POSITIVE
GSE302495	RANDOM_0262	38	12	26	0.273020401355626	POSITIVE
GSE302495	RANDOM_0263	38	12	26	0.166635055686381	POSITIVE
GSE302495	RANDOM_0264	38	12	26	0.0402604011949471	POSITIVE
GSE302495	RANDOM_0265	38	12	26	0.0807359242520045	POSITIVE
GSE302495	RANDOM_0266	38	12	26	0.105792287525838	POSITIVE
GSE302495	RANDOM_0267	38	12	26	0.128751039633646	POSITIVE
GSE302495	RANDOM_0268	38	12	26	-0.179454600387822	NEGATIVE
GSE302495	RANDOM_0269	38	12	26	0.238794512789974	POSITIVE
GSE302495	RANDOM_0270	38	12	26	0.107386646663461	POSITIVE
GSE302495	RANDOM_0271	38	12	26	0.0602665904371732	POSITIVE
GSE302495	RANDOM_0272	38	12	26	0.253957919543229	POSITIVE
GSE302495	RANDOM_0273	38	12	26	0.359016906732034	POSITIVE
GSE302495	RANDOM_0274	38	12	26	0.0544501548513646	POSITIVE
GSE302495	RANDOM_0275	38	12	26	-0.105104367501484	NEGATIVE
GSE302495	RANDOM_0276	38	12	26	0.303602238476741	POSITIVE
GSE302495	RANDOM_0277	38	12	26	0.159045499655871	POSITIVE
GSE302495	RANDOM_0278	38	12	26	0.02158703960101	POSITIVE
GSE302495	RANDOM_0279	38	12	26	-0.126270718129028	NEGATIVE
GSE302495	RANDOM_0280	38	12	26	0.158044502956794	POSITIVE
GSE302495	RANDOM_0281	38	12	26	0.010932538736637	POSITIVE
GSE302495	RANDOM_0282	38	12	26	0.11453399553632	POSITIVE
GSE302495	RANDOM_0283	38	12	26	-0.197012618155005	NEGATIVE
GSE302495	RANDOM_0284	38	12	26	-0.0972270203561703	NEGATIVE
GSE302495	RANDOM_0285	38	12	26	0.195608820223595	POSITIVE
GSE302495	RANDOM_0286	38	12	26	0.0522387947170997	POSITIVE
GSE302495	RANDOM_0287	38	12	26	0.0570977397198109	POSITIVE
GSE302495	RANDOM_0288	38	12	26	0.105406962549493	POSITIVE
GSE302495	RANDOM_0289	38	12	26	0.728092474950341	POSITIVE
GSE302495	RANDOM_0290	38	12	26	0.0998619748172159	POSITIVE
GSE302495	RANDOM_0291	38	12	26	0.0513603752563672	POSITIVE
GSE302495	RANDOM_0292	38	12	26	0.203633423100257	POSITIVE
GSE302495	RANDOM_0293	38	12	26	-0.0383621584479118	NEGATIVE
GSE302495	RANDOM_0294	38	12	26	0.0523555880736638	POSITIVE
GSE302495	RANDOM_0295	38	12	26	-0.0907517239078562	NEGATIVE
GSE302495	RANDOM_0296	38	12	26	0.221724594946002	POSITIVE
GSE302495	RANDOM_0297	38	12	26	-0.253063653003911	NEGATIVE
GSE302495	RANDOM_0298	38	12	26	0.207435996053373	POSITIVE
GSE302495	RANDOM_0299	38	12	26	0.260722421391463	POSITIVE
GSE302495	RANDOM_0300	38	12	26	-0.13813651777499	NEGATIVE
GSE302495	RANDOM_0301	38	12	26	0.229776233462503	POSITIVE
GSE302495	RANDOM_0302	38	12	26	-0.0800476197089485	NEGATIVE
GSE302495	RANDOM_0303	38	12	26	-0.149929693929969	NEGATIVE
GSE302495	RANDOM_0304	38	12	26	-0.185684524067729	NEGATIVE
GSE302495	RANDOM_0305	38	12	26	0.146979668987608	POSITIVE
GSE302495	RANDOM_0306	38	12	26	0.16650815105418	POSITIVE
GSE302495	RANDOM_0307	38	12	26	0.0415254392378559	POSITIVE
GSE302495	RANDOM_0308	38	12	26	0.349346065784866	POSITIVE
GSE302495	RANDOM_0309	38	12	26	0.369746972934521	POSITIVE
GSE302495	RANDOM_0310	38	12	26	0.167276880081792	POSITIVE
GSE302495	RANDOM_0311	38	12	26	-0.042181739422489	NEGATIVE
GSE302495	RANDOM_0312	38	12	26	0.268375733713419	POSITIVE
GSE302495	RANDOM_0313	38	12	26	0.0292388121660678	POSITIVE
GSE302495	RANDOM_0314	38	12	26	-0.250754179353494	NEGATIVE
GSE302495	RANDOM_0315	38	12	26	-0.16102471156307	NEGATIVE
GSE302495	RANDOM_0316	38	12	26	0.30872467158561	POSITIVE
GSE302495	RANDOM_0317	38	12	26	0.29206016884095	POSITIVE
GSE302495	RANDOM_0318	38	12	26	-0.0914902588320274	NEGATIVE
GSE302495	RANDOM_0319	38	12	26	0.0990811838274407	POSITIVE
GSE302495	RANDOM_0320	38	12	26	-0.0746153616113629	NEGATIVE
GSE302495	RANDOM_0321	38	12	26	0.0813816491708835	POSITIVE
GSE302495	RANDOM_0322	38	12	26	0.270163036621173	POSITIVE
GSE302495	RANDOM_0323	38	12	26	0.0601792716406802	POSITIVE
GSE302495	RANDOM_0324	38	12	26	0.290015990062153	POSITIVE
GSE302495	RANDOM_0325	38	12	26	0.0548474535854435	POSITIVE
GSE302495	RANDOM_0326	38	12	26	0.462323402867576	POSITIVE
GSE302495	RANDOM_0327	38	12	26	0.19205808641242	POSITIVE
GSE302495	RANDOM_0328	38	12	26	0.174257100126061	POSITIVE
GSE302495	RANDOM_0329	38	12	26	0.111250129132186	POSITIVE
GSE302495	RANDOM_0330	38	12	26	0.0843520336428597	POSITIVE
GSE302495	RANDOM_0331	38	12	26	-0.0378536216340414	NEGATIVE
GSE302495	RANDOM_0332	38	12	26	0.102818321884955	POSITIVE
GSE302495	RANDOM_0333	38	12	26	0.147254873309281	POSITIVE
GSE302495	RANDOM_0334	38	12	26	-0.153234699986984	NEGATIVE
GSE302495	RANDOM_0335	38	12	26	-0.0259798245219245	NEGATIVE
GSE302495	RANDOM_0336	38	12	26	0.212107860436622	POSITIVE
GSE302495	RANDOM_0337	38	12	26	0.00940041983332507	POSITIVE
GSE302495	RANDOM_0338	38	12	26	0.196752348192785	POSITIVE
GSE302495	RANDOM_0339	38	12	26	0.163750690380015	POSITIVE
GSE302495	RANDOM_0340	38	12	26	-0.0279846095854171	NEGATIVE
GSE302495	RANDOM_0341	38	12	26	0.0260328895613106	POSITIVE
GSE302495	RANDOM_0342	38	12	26	0.157074336225685	POSITIVE
GSE302495	RANDOM_0343	38	12	26	-0.0314391769644691	NEGATIVE
GSE302495	RANDOM_0344	38	12	26	0.0650639979535273	POSITIVE
GSE302495	RANDOM_0345	38	12	26	0.372314496954098	POSITIVE
GSE302495	RANDOM_0346	38	12	26	0.15445146847018	POSITIVE
GSE302495	RANDOM_0347	38	12	26	0.183901808406168	POSITIVE
GSE302495	RANDOM_0348	38	12	26	0.302294628638232	POSITIVE
GSE302495	RANDOM_0349	38	12	26	0.12029830837901	POSITIVE
GSE302495	RANDOM_0350	38	12	26	-0.10097029681942	NEGATIVE
GSE302495	RANDOM_0351	38	12	26	0.260760224503983	POSITIVE
GSE302495	RANDOM_0352	38	12	26	-0.0145169635369374	NEGATIVE
GSE302495	RANDOM_0353	38	12	26	-0.124141452120833	NEGATIVE
GSE302495	RANDOM_0354	38	12	26	0.466351820912781	POSITIVE
GSE302495	RANDOM_0355	38	12	26	-0.10666314425528	NEGATIVE
GSE302495	RANDOM_0356	38	12	26	-0.240256221668115	NEGATIVE
GSE302495	RANDOM_0357	38	12	26	0.0696175243028961	POSITIVE
GSE302495	RANDOM_0358	38	12	26	0.192361498166382	POSITIVE
GSE302495	RANDOM_0359	38	12	26	0.197557528060321	POSITIVE
GSE302495	RANDOM_0360	38	12	26	0.0290457185854522	POSITIVE
GSE302495	RANDOM_0361	38	12	26	-0.318372361413756	NEGATIVE
GSE302495	RANDOM_0362	38	12	26	-0.188575344134183	NEGATIVE
GSE302495	RANDOM_0363	38	12	26	0.00445894905694555	POSITIVE
GSE302495	RANDOM_0364	38	12	26	0.316335799339094	POSITIVE
GSE302495	RANDOM_0365	38	12	26	-0.089557587365107	NEGATIVE
GSE302495	RANDOM_0366	38	12	26	0.238653445948067	POSITIVE
GSE302495	RANDOM_0367	38	12	26	0.0255205205531175	POSITIVE
GSE302495	RANDOM_0368	38	12	26	-0.0806888877514869	NEGATIVE
GSE302495	RANDOM_0369	38	12	26	0.0906083032827486	POSITIVE
GSE302495	RANDOM_0370	38	12	26	0.144525252017896	POSITIVE
GSE302495	RANDOM_0371	38	12	26	0.0434809182250248	POSITIVE
GSE302495	RANDOM_0372	38	12	26	0.109988244926407	POSITIVE
GSE302495	RANDOM_0373	38	12	26	0.0895994870357439	POSITIVE
GSE302495	RANDOM_0374	38	12	26	-0.0597056633963422	NEGATIVE
GSE302495	RANDOM_0375	38	12	26	0.434311622924488	POSITIVE
GSE302495	RANDOM_0376	38	12	26	-0.0174086586677509	NEGATIVE
GSE302495	RANDOM_0377	38	12	26	0.242985585350022	POSITIVE
GSE302495	RANDOM_0378	38	12	26	0.00555884974843713	POSITIVE
GSE302495	RANDOM_0379	38	12	26	0.456728378944233	POSITIVE
GSE302495	RANDOM_0380	38	12	26	0.186977945590408	POSITIVE
GSE302495	RANDOM_0381	38	12	26	0.127106164826913	POSITIVE
GSE302495	RANDOM_0382	38	12	26	-0.102695546524744	NEGATIVE
GSE302495	RANDOM_0383	38	12	26	0.19637355850397	POSITIVE
GSE302495	RANDOM_0384	38	12	26	-0.105689778207536	NEGATIVE
GSE302495	RANDOM_0385	38	12	26	0.177188945844594	POSITIVE
GSE302495	RANDOM_0386	38	12	26	0.190523065014983	POSITIVE
GSE302495	RANDOM_0387	38	12	26	0.118130221988672	POSITIVE
GSE302495	RANDOM_0388	38	12	26	0.306083765092794	POSITIVE
GSE302495	RANDOM_0389	38	12	26	-0.0438399738503604	NEGATIVE
GSE302495	RANDOM_0390	38	12	26	0.0393559249696781	POSITIVE
GSE302495	RANDOM_0391	38	12	26	-0.0561933024113589	NEGATIVE
GSE302495	RANDOM_0392	38	12	26	0.239456205288001	POSITIVE
GSE302495	RANDOM_0393	38	12	26	0.0680912364957082	POSITIVE
GSE302495	RANDOM_0394	38	12	26	0.140886795783125	POSITIVE
GSE302495	RANDOM_0395	38	12	26	0.188080418743084	POSITIVE
GSE302495	RANDOM_0396	38	12	26	0.236379545152683	POSITIVE
GSE302495	RANDOM_0397	38	12	26	0.120695747513436	POSITIVE
GSE302495	RANDOM_0398	38	12	26	0.0337776580448003	POSITIVE
GSE302495	RANDOM_0399	38	12	26	0.4148129513562	POSITIVE
GSE302495	RANDOM_0400	38	12	26	-0.00479978611627853	NEGATIVE
GSE302495	RANDOM_0401	38	12	26	0.22876345689151	POSITIVE
GSE302495	RANDOM_0402	38	12	26	0.144387115452819	POSITIVE
GSE302495	RANDOM_0403	38	12	26	-0.268462728755778	NEGATIVE
GSE302495	RANDOM_0404	38	12	26	-0.0735120726547953	NEGATIVE
GSE302495	RANDOM_0405	38	12	26	0.0174862930029824	POSITIVE
GSE302495	RANDOM_0406	38	12	26	0.248368932666549	POSITIVE
GSE302495	RANDOM_0407	38	12	26	-0.0763081838773878	NEGATIVE
GSE302495	RANDOM_0408	38	12	26	0.192578631980291	POSITIVE
GSE302495	RANDOM_0409	38	12	26	-0.122100230630658	NEGATIVE
GSE302495	RANDOM_0410	38	12	26	0.00676258845071598	POSITIVE
GSE302495	RANDOM_0411	38	12	26	0.163598469311037	POSITIVE
GSE302495	RANDOM_0412	38	12	26	-0.0416901766978983	NEGATIVE
GSE302495	RANDOM_0413	38	12	26	0.0528928713231905	POSITIVE
GSE302495	RANDOM_0414	38	12	26	-0.0718932568844471	NEGATIVE
GSE302495	RANDOM_0415	38	12	26	0.0419751794169939	POSITIVE
GSE302495	RANDOM_0416	38	12	26	-0.0180001736621993	NEGATIVE
GSE302495	RANDOM_0417	38	12	26	0.270130938615739	POSITIVE
GSE302495	RANDOM_0418	38	12	26	0.0807057767297169	POSITIVE
GSE302495	RANDOM_0419	38	12	26	0.381219419117965	POSITIVE
GSE302495	RANDOM_0420	38	12	26	0.111169424713391	POSITIVE
GSE302495	RANDOM_0421	38	12	26	0.116487678341194	POSITIVE
GSE302495	RANDOM_0422	38	12	26	0.05331170629529	POSITIVE
GSE302495	RANDOM_0423	38	12	26	-0.127874495870562	NEGATIVE
GSE302495	RANDOM_0424	38	12	26	0.22434709111613	POSITIVE
GSE302495	RANDOM_0425	38	12	26	-0.0101328977454095	NEGATIVE
GSE302495	RANDOM_0426	38	12	26	0.0611728690405667	POSITIVE
GSE302495	RANDOM_0427	38	12	26	0.277576880980155	POSITIVE
GSE302495	RANDOM_0428	38	12	26	0.259778066608688	POSITIVE
GSE302495	RANDOM_0429	38	12	26	-0.0283358371828176	NEGATIVE
GSE302495	RANDOM_0430	38	12	26	0.395991253009348	POSITIVE
GSE302495	RANDOM_0431	38	12	26	-0.213623465835206	NEGATIVE
GSE302495	RANDOM_0432	38	12	26	0.167090094299072	POSITIVE
GSE302495	RANDOM_0433	38	12	26	0.0306456737729444	POSITIVE
GSE302495	RANDOM_0434	38	12	26	0.0183334691940281	POSITIVE
GSE302495	RANDOM_0435	38	12	26	0.11726713025653	POSITIVE
GSE302495	RANDOM_0436	38	12	26	-0.0023614324585601	NEGATIVE
GSE302495	RANDOM_0437	38	12	26	0.297182634137443	POSITIVE
GSE302495	RANDOM_0438	38	12	26	0.159854315038953	POSITIVE
GSE302495	RANDOM_0439	38	12	26	0.201699423297641	POSITIVE
GSE302495	RANDOM_0440	38	12	26	0.033859230424846	POSITIVE
GSE302495	RANDOM_0441	38	12	26	0.273166604305013	POSITIVE
GSE302495	RANDOM_0442	38	12	26	0.0912701342788821	POSITIVE
GSE302495	RANDOM_0443	38	12	26	0.443206932990907	POSITIVE
GSE302495	RANDOM_0444	38	12	26	0.267022117030471	POSITIVE
GSE302495	RANDOM_0445	38	12	26	0.34218149176527	POSITIVE
GSE302495	RANDOM_0446	38	12	26	-0.0767700099273964	NEGATIVE
GSE302495	RANDOM_0447	38	12	26	-0.00809522601920571	NEGATIVE
GSE302495	RANDOM_0448	38	12	26	0.113486045647155	POSITIVE
GSE302495	RANDOM_0449	38	12	26	0.133704695376772	POSITIVE
GSE302495	RANDOM_0450	38	12	26	-0.0348304818909803	NEGATIVE
GSE302495	RANDOM_0451	38	12	26	-0.106944742099065	NEGATIVE
GSE302495	RANDOM_0452	38	12	26	0.17840085067756	POSITIVE
GSE302495	RANDOM_0453	38	12	26	0.0403880921194976	POSITIVE
GSE302495	RANDOM_0454	38	12	26	-0.195685661066606	NEGATIVE
GSE302495	RANDOM_0455	38	12	26	-0.211656594111659	NEGATIVE
GSE302495	RANDOM_0456	38	12	26	-0.11568952819942	NEGATIVE
GSE302495	RANDOM_0457	38	12	26	0.289798853522691	POSITIVE
GSE302495	RANDOM_0458	38	12	26	0.167407680808629	POSITIVE
GSE302495	RANDOM_0459	38	12	26	-0.563103145451136	NEGATIVE
GSE302495	RANDOM_0460	38	12	26	0.11508864477211	POSITIVE
GSE302495	RANDOM_0461	38	12	26	0.177730115480927	POSITIVE
GSE302495	RANDOM_0462	38	12	26	-0.0451595273453887	NEGATIVE
GSE302495	RANDOM_0463	38	12	26	0.169895150238941	POSITIVE
GSE302495	RANDOM_0464	38	12	26	0.24817499143391	POSITIVE
GSE302495	RANDOM_0465	38	12	26	0.117312222212549	POSITIVE
GSE302495	RANDOM_0466	38	12	26	-0.057746882458023	NEGATIVE
GSE302495	RANDOM_0467	38	12	26	-0.128134243881323	NEGATIVE
GSE302495	RANDOM_0468	38	12	26	-0.0764638019930286	NEGATIVE
GSE302495	RANDOM_0469	38	12	26	0.382918609248231	POSITIVE
GSE302495	RANDOM_0470	38	12	26	-0.0475756748777559	NEGATIVE
GSE302495	RANDOM_0471	38	12	26	0.062314952929997	POSITIVE
GSE302495	RANDOM_0472	38	12	26	0.278048836085757	POSITIVE
GSE302495	RANDOM_0473	38	12	26	0.30052805305105	POSITIVE
GSE302495	RANDOM_0474	38	12	26	0.100825836783655	POSITIVE
GSE302495	RANDOM_0475	38	12	26	0.0494345568334091	POSITIVE
GSE302495	RANDOM_0476	38	12	26	0.370170798920834	POSITIVE
GSE302495	RANDOM_0477	38	12	26	0.196853898773659	POSITIVE
GSE302495	RANDOM_0478	38	12	26	0.309595970743971	POSITIVE
GSE302495	RANDOM_0479	38	12	26	0.161382912124546	POSITIVE
GSE302495	RANDOM_0480	38	12	26	0.354092199201115	POSITIVE
GSE302495	RANDOM_0481	38	12	26	0.354905722412061	POSITIVE
GSE302495	RANDOM_0482	38	12	26	0.0305890937609479	POSITIVE
GSE302495	RANDOM_0483	38	12	26	-0.132543089870423	NEGATIVE
GSE302495	RANDOM_0484	38	12	26	0.373776574238971	POSITIVE
GSE302495	RANDOM_0485	38	12	26	0.0985309486075404	POSITIVE
GSE302495	RANDOM_0486	38	12	26	0.0525417004193024	POSITIVE
GSE302495	RANDOM_0487	38	12	26	0.222916403890954	POSITIVE
GSE302495	RANDOM_0488	38	12	26	0.240273515061526	POSITIVE
GSE302495	RANDOM_0489	38	12	26	0.0142739845438058	POSITIVE
GSE302495	RANDOM_0490	38	12	26	0.129699436263822	POSITIVE
GSE302495	RANDOM_0491	38	12	26	0.332977730258955	POSITIVE
GSE302495	RANDOM_0492	38	12	26	0.0969964553080782	POSITIVE
GSE302495	RANDOM_0493	38	12	26	0.151062294980704	POSITIVE
GSE302495	RANDOM_0494	38	12	26	-0.120304553169281	NEGATIVE
GSE302495	RANDOM_0495	38	12	26	0.184869501488525	POSITIVE
GSE302495	RANDOM_0496	38	12	26	0.421100961844694	POSITIVE
GSE302495	RANDOM_0497	38	12	26	0.0536613505576144	POSITIVE
GSE302495	RANDOM_0498	38	12	26	-0.0876001312588513	NEGATIVE
GSE302495	RANDOM_0499	38	12	26	0.318113281784501	POSITIVE
GSE302495	RANDOM_0500	38	12	26	0.147066826963672	POSITIVE
GSE302495	RANDOM_0501	38	12	26	-0.221124856846289	NEGATIVE
GSE302495	RANDOM_0502	38	12	26	0.109823880917199	POSITIVE
GSE302495	RANDOM_0503	38	12	26	0.350178112098386	POSITIVE
GSE302495	RANDOM_0504	38	12	26	0.148836974177703	POSITIVE
GSE302495	RANDOM_0505	38	12	26	0.43741306564232	POSITIVE
GSE302495	RANDOM_0506	38	12	26	0.30292903444544	POSITIVE
GSE302495	RANDOM_0507	38	12	26	0.156225176217498	POSITIVE
GSE302495	RANDOM_0508	38	12	26	0.302982500012527	POSITIVE
GSE302495	RANDOM_0509	38	12	26	0.125251634945806	POSITIVE
GSE302495	RANDOM_0510	38	12	26	0.135357611745419	POSITIVE
GSE302495	RANDOM_0511	38	12	26	0.223683031257702	POSITIVE
GSE302495	RANDOM_0512	38	12	26	0.212776160898873	POSITIVE
GSE302495	RANDOM_0513	38	12	26	-0.0542763477547467	NEGATIVE
GSE302495	RANDOM_0514	38	12	26	0.116233571881998	POSITIVE
GSE302495	RANDOM_0515	38	12	26	-0.119382954172802	NEGATIVE
GSE302495	RANDOM_0516	38	12	26	0.133792739394597	POSITIVE
GSE302495	RANDOM_0517	38	12	26	0.144161825658947	POSITIVE
GSE302495	RANDOM_0518	38	12	26	0.186994011632127	POSITIVE
GSE302495	RANDOM_0519	38	12	26	-0.0107594829859209	NEGATIVE
GSE302495	RANDOM_0520	38	12	26	0.108804884425182	POSITIVE
GSE302495	RANDOM_0521	38	12	26	0.0543168179103054	POSITIVE
GSE302495	RANDOM_0522	38	12	26	0.136853025048056	POSITIVE
GSE302495	RANDOM_0523	38	12	26	0.29433550759521	POSITIVE
GSE302495	RANDOM_0524	38	12	26	0.355682729643831	POSITIVE
GSE302495	RANDOM_0525	38	12	26	0.316052322450218	POSITIVE
GSE302495	RANDOM_0526	38	12	26	0.141069765062211	POSITIVE
GSE302495	RANDOM_0527	38	12	26	0.0853548590146636	POSITIVE
GSE302495	RANDOM_0528	38	12	26	0.168002484795841	POSITIVE
GSE302495	RANDOM_0529	38	12	26	0.255237560748939	POSITIVE
GSE302495	RANDOM_0530	38	12	26	0.110305270417392	POSITIVE
GSE302495	RANDOM_0531	38	12	26	0.311418697974801	POSITIVE
GSE302495	RANDOM_0532	38	12	26	-0.0698399930277261	NEGATIVE
GSE302495	RANDOM_0533	38	12	26	0.327861874177117	POSITIVE
GSE302495	RANDOM_0534	38	12	26	0.305657888663444	POSITIVE
GSE302495	RANDOM_0535	38	12	26	0.122510821288976	POSITIVE
GSE302495	RANDOM_0536	38	12	26	0.0409358766182573	POSITIVE
GSE302495	RANDOM_0537	38	12	26	-0.00267059053877206	NEGATIVE
GSE302495	RANDOM_0538	38	12	26	0.11425068631333	POSITIVE
GSE302495	RANDOM_0539	38	12	26	-0.0849767339645181	NEGATIVE
GSE302495	RANDOM_0540	38	12	26	-0.0193910029099747	NEGATIVE
GSE302495	RANDOM_0541	38	12	26	0.0439048155827444	POSITIVE
GSE302495	RANDOM_0542	38	12	26	0.0470489914821923	POSITIVE
GSE302495	RANDOM_0543	38	12	26	0.266145054148501	POSITIVE
GSE302495	RANDOM_0544	38	12	26	0.129271708714747	POSITIVE
GSE302495	RANDOM_0545	38	12	26	0.191518905448482	POSITIVE
GSE302495	RANDOM_0546	38	12	26	0.156877338297474	POSITIVE
GSE302495	RANDOM_0547	38	12	26	-0.22240384217538	NEGATIVE
GSE302495	RANDOM_0548	38	12	26	0.192222369066393	POSITIVE
GSE302495	RANDOM_0549	38	12	26	0.33385655479841	POSITIVE
GSE302495	RANDOM_0550	38	12	26	0.0882040193568184	POSITIVE
GSE302495	RANDOM_0551	38	12	26	0.336514745108105	POSITIVE
GSE302495	RANDOM_0552	38	12	26	0.123659058861178	POSITIVE
GSE302495	RANDOM_0553	38	12	26	0.38269340609646	POSITIVE
GSE302495	RANDOM_0554	38	12	26	-0.0205056282336256	NEGATIVE
GSE302495	RANDOM_0555	38	12	26	0.277686739293147	POSITIVE
GSE302495	RANDOM_0556	38	12	26	0.395374826292944	POSITIVE
GSE302495	RANDOM_0557	38	12	26	-0.0302828760286264	NEGATIVE
GSE302495	RANDOM_0558	38	12	26	0.0794951551808352	POSITIVE
GSE302495	RANDOM_0559	38	12	26	-0.0446749041885136	NEGATIVE
GSE302495	RANDOM_0560	38	12	26	0.147950365456541	POSITIVE
GSE302495	RANDOM_0561	38	12	26	0.120065320406692	POSITIVE
GSE302495	RANDOM_0562	38	12	26	0.0489678918395617	POSITIVE
GSE302495	RANDOM_0563	38	12	26	0.261790625757411	POSITIVE
GSE302495	RANDOM_0564	38	12	26	0.310673944897521	POSITIVE
GSE302495	RANDOM_0565	38	12	26	0.27230366102164	POSITIVE
GSE302495	RANDOM_0566	38	12	26	-0.116870742392974	NEGATIVE
GSE302495	RANDOM_0567	38	12	26	-0.121937954751803	NEGATIVE
GSE302495	RANDOM_0568	38	12	26	-0.143618969379386	NEGATIVE
GSE302495	RANDOM_0569	38	12	26	-0.00992732510092211	NEGATIVE
GSE302495	RANDOM_0570	38	12	26	0.272338455919463	POSITIVE
GSE302495	RANDOM_0571	38	12	26	-0.0693532511753893	NEGATIVE
GSE302495	RANDOM_0572	38	12	26	0.141521990101644	POSITIVE
GSE302495	RANDOM_0573	38	12	26	0.0286275573552443	POSITIVE
GSE302495	RANDOM_0574	38	12	26	0.325071265581555	POSITIVE
GSE302495	RANDOM_0575	38	12	26	-0.065041914675466	NEGATIVE
GSE302495	RANDOM_0576	38	12	26	0.0350075429907328	POSITIVE
GSE302495	RANDOM_0577	38	12	26	0.270435570121532	POSITIVE
GSE302495	RANDOM_0578	38	12	26	0.0862453722638845	POSITIVE
GSE302495	RANDOM_0579	38	12	26	0.181040676533429	POSITIVE
GSE302495	RANDOM_0580	38	12	26	-0.146560051218787	NEGATIVE
GSE302495	RANDOM_0581	38	12	26	-0.0689586032992756	NEGATIVE
GSE302495	RANDOM_0582	38	12	26	0.286964790493667	POSITIVE
GSE302495	RANDOM_0583	38	12	26	0.0299905997120255	POSITIVE
GSE302495	RANDOM_0584	38	12	26	0.363605512727694	POSITIVE
GSE302495	RANDOM_0585	38	12	26	-0.185655049542399	NEGATIVE
GSE302495	RANDOM_0586	38	12	26	0.55455906268929	POSITIVE
GSE302495	RANDOM_0587	38	12	26	0.114340152726524	POSITIVE
GSE302495	RANDOM_0588	38	12	26	-0.372927449287185	NEGATIVE
GSE302495	RANDOM_0589	38	12	26	0.0175095398551983	POSITIVE
GSE302495	RANDOM_0590	38	12	26	0.0591174704023752	POSITIVE
GSE302495	RANDOM_0591	38	12	26	-0.102429534720783	NEGATIVE
GSE302495	RANDOM_0592	38	12	26	0.258440966064831	POSITIVE
GSE302495	RANDOM_0593	38	12	26	0.0139916205007959	POSITIVE
GSE302495	RANDOM_0594	38	12	26	-0.179614775350754	NEGATIVE
GSE302495	RANDOM_0595	38	12	26	-0.0932676744130247	NEGATIVE
GSE302495	RANDOM_0596	38	12	26	-0.143832778703528	NEGATIVE
GSE302495	RANDOM_0597	38	12	26	0.100850959609359	POSITIVE
GSE302495	RANDOM_0598	38	12	26	0.157626499284763	POSITIVE
GSE302495	RANDOM_0599	38	12	26	0.176394890399528	POSITIVE
GSE302495	RANDOM_0600	38	12	26	0.303007540086497	POSITIVE
GSE302495	RANDOM_0601	38	12	26	0.169552327114606	POSITIVE
GSE302495	RANDOM_0602	38	12	26	-0.0150252294177701	NEGATIVE
GSE302495	RANDOM_0603	38	12	26	0.150314040681477	POSITIVE
GSE302495	RANDOM_0604	38	12	26	0.152245412018728	POSITIVE
GSE302495	RANDOM_0605	38	12	26	0.560846533406112	POSITIVE
GSE302495	RANDOM_0606	38	12	26	0.0709169786660397	POSITIVE
GSE302495	RANDOM_0607	38	12	26	0.0635898441300595	POSITIVE
GSE302495	RANDOM_0608	38	12	26	0.0941227171922471	POSITIVE
GSE302495	RANDOM_0609	38	12	26	0.128719249991308	POSITIVE
GSE302495	RANDOM_0610	38	12	26	-0.0326763159489265	NEGATIVE
GSE302495	RANDOM_0611	38	12	26	0.1857595532142	POSITIVE
GSE302495	RANDOM_0612	38	12	26	-0.0139597131862061	NEGATIVE
GSE302495	RANDOM_0613	38	12	26	0.377005179524712	POSITIVE
GSE302495	RANDOM_0614	38	12	26	0.41787518782873	POSITIVE
GSE302495	RANDOM_0615	38	12	26	0.229627796661647	POSITIVE
GSE302495	RANDOM_0616	38	12	26	0.0705865349385753	POSITIVE
GSE302495	RANDOM_0617	38	12	26	0.223672771606503	POSITIVE
GSE302495	RANDOM_0618	38	12	26	0.136191603733428	POSITIVE
GSE302495	RANDOM_0619	38	12	26	0.0873186823740896	POSITIVE
GSE302495	RANDOM_0620	38	12	26	0.0265984323789057	POSITIVE
GSE302495	RANDOM_0621	38	12	26	0.0814443054330821	POSITIVE
GSE302495	RANDOM_0622	38	12	26	-0.0603993620845063	NEGATIVE
GSE302495	RANDOM_0623	38	12	26	0.0660455784965962	POSITIVE
GSE302495	RANDOM_0624	38	12	26	0.182406028642211	POSITIVE
GSE302495	RANDOM_0625	38	12	26	-0.014706823646585	NEGATIVE
GSE302495	RANDOM_0626	38	12	26	0.0198551746266144	POSITIVE
GSE302495	RANDOM_0627	38	12	26	-0.0217893761081923	NEGATIVE
GSE302495	RANDOM_0628	38	12	26	0.182026207187925	POSITIVE
GSE302495	RANDOM_0629	38	12	26	0.100366048208494	POSITIVE
GSE302495	RANDOM_0630	38	12	26	0.36181773415814	POSITIVE
GSE302495	RANDOM_0631	38	12	26	0.280459370571776	POSITIVE
GSE302495	RANDOM_0632	38	12	26	0.0863379957230597	POSITIVE
GSE302495	RANDOM_0633	38	12	26	0.35720947994884	POSITIVE
GSE302495	RANDOM_0634	38	12	26	0.363186485601007	POSITIVE
GSE302495	RANDOM_0635	38	12	26	0.123343582819194	POSITIVE
GSE302495	RANDOM_0636	38	12	26	0.289168186522303	POSITIVE
GSE302495	RANDOM_0637	38	12	26	0.160860350034099	POSITIVE
GSE302495	RANDOM_0638	38	12	26	0.0813072537895237	POSITIVE
GSE302495	RANDOM_0639	38	12	26	0.429999353371484	POSITIVE
GSE302495	RANDOM_0640	38	12	26	0.00290431464165057	POSITIVE
GSE302495	RANDOM_0641	38	12	26	0.241081544831545	POSITIVE
GSE302495	RANDOM_0642	38	12	26	0.00176184693931277	POSITIVE
GSE302495	RANDOM_0643	38	12	26	0.196633735198548	POSITIVE
GSE302495	RANDOM_0644	38	12	26	0.196445160499785	POSITIVE
GSE302495	RANDOM_0645	38	12	26	-0.0657286626143667	NEGATIVE
GSE302495	RANDOM_0646	38	12	26	0.00975310891923479	POSITIVE
GSE302495	RANDOM_0647	38	12	26	0.00651527631281314	POSITIVE
GSE302495	RANDOM_0648	38	12	26	0.0124376051392358	POSITIVE
GSE302495	RANDOM_0649	38	12	26	0.109776726158279	POSITIVE
GSE302495	RANDOM_0650	38	12	26	-0.0868185102200466	NEGATIVE
GSE302495	RANDOM_0651	38	12	26	-0.0596526123467451	NEGATIVE
GSE302495	RANDOM_0652	38	12	26	0.282877034981615	POSITIVE
GSE302495	RANDOM_0653	38	12	26	-0.0498360103996786	NEGATIVE
GSE302495	RANDOM_0654	38	12	26	0.351759338698816	POSITIVE
GSE302495	RANDOM_0655	38	12	26	0.280987243965606	POSITIVE
GSE302495	RANDOM_0656	38	12	26	0.0286252731330283	POSITIVE
GSE302495	RANDOM_0657	38	12	26	-0.0920973849986143	NEGATIVE
GSE302495	RANDOM_0658	38	12	26	0.264449095678986	POSITIVE
GSE302495	RANDOM_0659	38	12	26	0.402904392484943	POSITIVE
GSE302495	RANDOM_0660	38	12	26	0.165962887926536	POSITIVE
GSE302495	RANDOM_0661	38	12	26	0.164256703890984	POSITIVE
GSE302495	RANDOM_0662	38	12	26	0.0813428231420084	POSITIVE
GSE302495	RANDOM_0663	38	12	26	-0.0848618756032204	NEGATIVE
GSE302495	RANDOM_0664	38	12	26	0.174045967044528	POSITIVE
GSE302495	RANDOM_0665	38	12	26	-0.174297217186524	NEGATIVE
GSE302495	RANDOM_0666	38	12	26	0.133667650030358	POSITIVE
GSE302495	RANDOM_0667	38	12	26	0.100720926318426	POSITIVE
GSE302495	RANDOM_0668	38	12	26	0.0667538507619182	POSITIVE
GSE302495	RANDOM_0669	38	12	26	0.205234916199113	POSITIVE
GSE302495	RANDOM_0670	38	12	26	-0.145607492521878	NEGATIVE
GSE302495	RANDOM_0671	38	12	26	0.0473257355440728	POSITIVE
GSE302495	RANDOM_0672	38	12	26	-0.0442877988097611	NEGATIVE
GSE302495	RANDOM_0673	38	12	26	-0.0718737011917479	NEGATIVE
GSE302495	RANDOM_0674	38	12	26	0.0897040035816365	POSITIVE
GSE302495	RANDOM_0675	38	12	26	-0.0530002015256235	NEGATIVE
GSE302495	RANDOM_0676	38	12	26	0.14179895122214	POSITIVE
GSE302495	RANDOM_0677	38	12	26	0.158914578149444	POSITIVE
GSE302495	RANDOM_0678	38	12	26	0.0122368628209736	POSITIVE
GSE302495	RANDOM_0679	38	12	26	0.0289499323681565	POSITIVE
GSE302495	RANDOM_0680	38	12	26	-0.00281974381078447	NEGATIVE
GSE302495	RANDOM_0681	38	12	26	-0.321659187729816	NEGATIVE
GSE302495	RANDOM_0682	38	12	26	0.188318444664602	POSITIVE
GSE302495	RANDOM_0683	38	12	26	-0.126891235904475	NEGATIVE
GSE302495	RANDOM_0684	38	12	26	0.218415086421117	POSITIVE
GSE302495	RANDOM_0685	38	12	26	0.259639493574654	POSITIVE
GSE302495	RANDOM_0686	38	12	26	0.422693023704601	POSITIVE
GSE302495	RANDOM_0687	38	12	26	0.0378224924930202	POSITIVE
GSE302495	RANDOM_0688	38	12	26	-0.0789571732044025	NEGATIVE
GSE302495	RANDOM_0689	38	12	26	0.220682108606088	POSITIVE
GSE302495	RANDOM_0690	38	12	26	0.538311521797505	POSITIVE
GSE302495	RANDOM_0691	38	12	26	0.169123221559747	POSITIVE
GSE302495	RANDOM_0692	38	12	26	-0.114718572923157	NEGATIVE
GSE302495	RANDOM_0693	38	12	26	-0.0938353954774932	NEGATIVE
GSE302495	RANDOM_0694	38	12	26	0.27214183119132	POSITIVE
GSE302495	RANDOM_0695	38	12	26	0.124394079378434	POSITIVE
GSE302495	RANDOM_0696	38	12	26	0.0077131732344185	POSITIVE
GSE302495	RANDOM_0697	38	12	26	-0.132013062245394	NEGATIVE
GSE302495	RANDOM_0698	38	12	26	0.214657312901078	POSITIVE
GSE302495	RANDOM_0699	38	12	26	0.15679078669678	POSITIVE
GSE302495	RANDOM_0700	38	12	26	0.267205293618414	POSITIVE
GSE302495	RANDOM_0701	38	12	26	0.30504719436813	POSITIVE
GSE302495	RANDOM_0702	38	12	26	0.329044844963545	POSITIVE
GSE302495	RANDOM_0703	38	12	26	0.0524988287523159	POSITIVE
GSE302495	RANDOM_0704	38	12	26	0.195008153409921	POSITIVE
GSE302495	RANDOM_0705	38	12	26	0.354083461595038	POSITIVE
GSE302495	RANDOM_0706	38	12	26	0.0992394103325917	POSITIVE
GSE302495	RANDOM_0707	38	12	26	-0.0585962035049315	NEGATIVE
GSE302495	RANDOM_0708	38	12	26	0.0557288285165807	POSITIVE
GSE302495	RANDOM_0709	38	12	26	0.0597959800107133	POSITIVE
GSE302495	RANDOM_0710	38	12	26	0.369702995529688	POSITIVE
GSE302495	RANDOM_0711	38	12	26	0.382507963772922	POSITIVE
GSE302495	RANDOM_0712	38	12	26	0.0947752224925403	POSITIVE
GSE302495	RANDOM_0713	38	12	26	0.227710713302455	POSITIVE
GSE302495	RANDOM_0714	38	12	26	0.0935182860457174	POSITIVE
GSE302495	RANDOM_0715	38	12	26	0.433654045317831	POSITIVE
GSE302495	RANDOM_0716	38	12	26	0.190070021783652	POSITIVE
GSE302495	RANDOM_0717	38	12	26	0.268542565491789	POSITIVE
GSE302495	RANDOM_0718	38	12	26	0.000818155675020794	POSITIVE
GSE302495	RANDOM_0719	38	12	26	0.174827002730763	POSITIVE
GSE302495	RANDOM_0720	38	12	26	-0.0451867165521508	NEGATIVE
GSE302495	RANDOM_0721	38	12	26	0.15801621334658	POSITIVE
GSE302495	RANDOM_0722	38	12	26	0.0619311409661534	POSITIVE
GSE302495	RANDOM_0723	38	12	26	0.237649036491149	POSITIVE
GSE302495	RANDOM_0724	38	12	26	0.342583467330706	POSITIVE
GSE302495	RANDOM_0725	38	12	26	0.0380248767245853	POSITIVE
GSE302495	RANDOM_0726	38	12	26	0.232799235901932	POSITIVE
GSE302495	RANDOM_0727	38	12	26	0.193803348418425	POSITIVE
GSE302495	RANDOM_0728	38	12	26	-0.0355395563009405	NEGATIVE
GSE302495	RANDOM_0729	38	12	26	-0.339880116404275	NEGATIVE
GSE302495	RANDOM_0730	38	12	26	-0.169012387403237	NEGATIVE
GSE302495	RANDOM_0731	38	12	26	0.308266654860786	POSITIVE
GSE302495	RANDOM_0732	38	12	26	0.0804331725122858	POSITIVE
GSE302495	RANDOM_0733	38	12	26	0.306584293938669	POSITIVE
GSE302495	RANDOM_0734	38	12	26	0.154202012288048	POSITIVE
GSE302495	RANDOM_0735	38	12	26	0.292900605940079	POSITIVE
GSE302495	RANDOM_0736	38	12	26	-0.0497121426392582	NEGATIVE
GSE302495	RANDOM_0737	38	12	26	0.156382216810808	POSITIVE
GSE302495	RANDOM_0738	38	12	26	0.170901117056849	POSITIVE
GSE302495	RANDOM_0739	38	12	26	0.243760634213692	POSITIVE
GSE302495	RANDOM_0740	38	12	26	0.33817568420855	POSITIVE
GSE302495	RANDOM_0741	38	12	26	0.31214429454854	POSITIVE
GSE302495	RANDOM_0742	38	12	26	0.168287644437538	POSITIVE
GSE302495	RANDOM_0743	38	12	26	0.100905540950095	POSITIVE
GSE302495	RANDOM_0744	38	12	26	0.241787401189055	POSITIVE
GSE302495	RANDOM_0745	38	12	26	0.251996022509326	POSITIVE
GSE302495	RANDOM_0746	38	12	26	0.250696233153078	POSITIVE
GSE302495	RANDOM_0747	38	12	26	-0.0210346143485895	NEGATIVE
GSE302495	RANDOM_0748	38	12	26	0.150953773858332	POSITIVE
GSE302495	RANDOM_0749	38	12	26	0.0591010299380403	POSITIVE
GSE302495	RANDOM_0750	38	12	26	-0.00587731642259178	NEGATIVE
GSE302495	RANDOM_0751	38	12	26	0.0014019180610538	POSITIVE
GSE302495	RANDOM_0752	38	12	26	0.313405234522588	POSITIVE
GSE302495	RANDOM_0753	38	12	26	0.0442230612144996	POSITIVE
GSE302495	RANDOM_0754	38	12	26	-0.148263357324244	NEGATIVE
GSE302495	RANDOM_0755	38	12	26	0.224259071099615	POSITIVE
GSE302495	RANDOM_0756	38	12	26	-0.0949644014687211	NEGATIVE
GSE302495	RANDOM_0757	38	12	26	0.24989064726823	POSITIVE
GSE302495	RANDOM_0758	38	12	26	-0.150577187545429	NEGATIVE
GSE302495	RANDOM_0759	38	12	26	0.0174512711208869	POSITIVE
GSE302495	RANDOM_0760	38	12	26	0.118204666783035	POSITIVE
GSE302495	RANDOM_0761	38	12	26	0.414536008306595	POSITIVE
GSE302495	RANDOM_0762	38	12	26	0.201560734322665	POSITIVE
GSE302495	RANDOM_0763	38	12	26	0.153315210568761	POSITIVE
GSE302495	RANDOM_0764	38	12	26	0.10964603474786	POSITIVE
GSE302495	RANDOM_0765	38	12	26	-0.116216785411862	NEGATIVE
GSE302495	RANDOM_0766	38	12	26	-0.264135853543322	NEGATIVE
GSE302495	RANDOM_0767	38	12	26	-0.0264617504894317	NEGATIVE
GSE302495	RANDOM_0768	38	12	26	-0.144428534746902	NEGATIVE
GSE302495	RANDOM_0769	38	12	26	0.345071587533683	POSITIVE
GSE302495	RANDOM_0770	38	12	26	-0.0289110224848936	NEGATIVE
GSE302495	RANDOM_0771	38	12	26	-0.0379368747052643	NEGATIVE
GSE302495	RANDOM_0772	38	12	26	0.254374748357391	POSITIVE
GSE302495	RANDOM_0773	38	12	26	0.301260071598453	POSITIVE
GSE302495	RANDOM_0774	38	12	26	-0.0355504334393368	NEGATIVE
GSE302495	RANDOM_0775	38	12	26	0.340162464851677	POSITIVE
GSE302495	RANDOM_0776	38	12	26	0.0284514084296253	POSITIVE
GSE302495	RANDOM_0777	38	12	26	0.237929002916372	POSITIVE
GSE302495	RANDOM_0778	38	12	26	0.208842787651503	POSITIVE
GSE302495	RANDOM_0779	38	12	26	0.392523501503037	POSITIVE
GSE302495	RANDOM_0780	38	12	26	-0.0513849744169895	NEGATIVE
GSE302495	RANDOM_0781	38	12	26	-0.00436100329986807	NEGATIVE
GSE302495	RANDOM_0782	38	12	26	0.210212742774859	POSITIVE
GSE302495	RANDOM_0783	38	12	26	0.0790085220903242	POSITIVE
GSE302495	RANDOM_0784	38	12	26	0.186004066325628	POSITIVE
GSE302495	RANDOM_0785	38	12	26	0.150087197634373	POSITIVE
GSE302495	RANDOM_0786	38	12	26	0.255581521046235	POSITIVE
GSE302495	RANDOM_0787	38	12	26	0.100587325128802	POSITIVE
GSE302495	RANDOM_0788	38	12	26	0.141413574676814	POSITIVE
GSE302495	RANDOM_0789	38	12	26	0.273714956702894	POSITIVE
GSE302495	RANDOM_0790	38	12	26	0.421139788819902	POSITIVE
GSE302495	RANDOM_0791	38	12	26	-0.166437145568784	NEGATIVE
GSE302495	RANDOM_0792	38	12	26	0.227133872372534	POSITIVE
GSE302495	RANDOM_0793	38	12	26	-0.156692727537308	NEGATIVE
GSE302495	RANDOM_0794	38	12	26	0.0761211789669232	POSITIVE
GSE302495	RANDOM_0795	38	12	26	0.224478206392338	POSITIVE
GSE302495	RANDOM_0796	38	12	26	0.0464590235629164	POSITIVE
GSE302495	RANDOM_0797	38	12	26	0.0763726611342774	POSITIVE
GSE302495	RANDOM_0798	38	12	26	0.220909255951945	POSITIVE
GSE302495	RANDOM_0799	38	12	26	0.0889074696363089	POSITIVE
GSE302495	RANDOM_0800	38	12	26	0.216532712986839	POSITIVE
GSE302495	RANDOM_0801	38	12	26	0.251063849454974	POSITIVE
GSE302495	RANDOM_0802	38	12	26	0.236719901332362	POSITIVE
GSE302495	RANDOM_0803	38	12	26	0.0456271346237704	POSITIVE
GSE302495	RANDOM_0804	38	12	26	0.0421671389885529	POSITIVE
GSE302495	RANDOM_0805	38	12	26	0.0929617942300645	POSITIVE
GSE302495	RANDOM_0806	38	12	26	-0.0163121000093384	NEGATIVE
GSE302495	RANDOM_0807	38	12	26	-0.115368559008751	NEGATIVE
GSE302495	RANDOM_0808	38	12	26	0.0406571328757712	POSITIVE
GSE302495	RANDOM_0809	38	12	26	0.245310026877245	POSITIVE
GSE302495	RANDOM_0810	38	12	26	0.200400202573857	POSITIVE
GSE302495	RANDOM_0811	38	12	26	0.223141002057649	POSITIVE
GSE302495	RANDOM_0812	38	12	26	-0.306183409261302	NEGATIVE
GSE302495	RANDOM_0813	38	12	26	0.228609927547193	POSITIVE
GSE302495	RANDOM_0814	38	12	26	-0.19787460499275	NEGATIVE
GSE302495	RANDOM_0815	38	12	26	0.0738969498843874	POSITIVE
GSE302495	RANDOM_0816	38	12	26	0.252394983743754	POSITIVE
GSE302495	RANDOM_0817	38	12	26	-0.0920761864502155	NEGATIVE
GSE302495	RANDOM_0818	38	12	26	0.13390787667585	POSITIVE
GSE302495	RANDOM_0819	38	12	26	0.230153428473547	POSITIVE
GSE302495	RANDOM_0820	38	12	26	0.207758478411534	POSITIVE
GSE302495	RANDOM_0821	38	12	26	-0.0969353642516599	NEGATIVE
GSE302495	RANDOM_0822	38	12	26	0.297022043123052	POSITIVE
GSE302495	RANDOM_0823	38	12	26	0.203927230485034	POSITIVE
GSE302495	RANDOM_0824	38	12	26	0.472415164432251	POSITIVE
GSE302495	RANDOM_0825	38	12	26	-0.149635427029787	NEGATIVE
GSE302495	RANDOM_0826	38	12	26	0.223467755416956	POSITIVE
GSE302495	RANDOM_0827	38	12	26	0.0798640496403512	POSITIVE
GSE302495	RANDOM_0828	38	12	26	0.0080664462333955	POSITIVE
GSE302495	RANDOM_0829	38	12	26	0.282059280556203	POSITIVE
GSE302495	RANDOM_0830	38	12	26	-0.170375673980818	NEGATIVE
GSE302495	RANDOM_0831	38	12	26	-0.228003095844837	NEGATIVE
GSE302495	RANDOM_0832	38	12	26	0.0227845869230041	POSITIVE
GSE302495	RANDOM_0833	38	12	26	0.125902372221038	POSITIVE
GSE302495	RANDOM_0834	38	12	26	0.188029948179119	POSITIVE
GSE302495	RANDOM_0835	38	12	26	0.113711568041861	POSITIVE
GSE302495	RANDOM_0836	38	12	26	0.215047954786275	POSITIVE
GSE302495	RANDOM_0837	38	12	26	0.183711694976283	POSITIVE
GSE302495	RANDOM_0838	38	12	26	0.230922497620661	POSITIVE
GSE302495	RANDOM_0839	38	12	26	0.0926206821164712	POSITIVE
GSE302495	RANDOM_0840	38	12	26	0.395405383014417	POSITIVE
GSE302495	RANDOM_0841	38	12	26	0.236702243310511	POSITIVE
GSE302495	RANDOM_0842	38	12	26	0.0107401637955685	POSITIVE
GSE302495	RANDOM_0843	38	12	26	0.0173015892471533	POSITIVE
GSE302495	RANDOM_0844	38	12	26	0.219890979484223	POSITIVE
GSE302495	RANDOM_0845	38	12	26	0.26323358093302	POSITIVE
GSE302495	RANDOM_0846	38	12	26	0.31872834072347	POSITIVE
GSE302495	RANDOM_0847	38	12	26	-0.142319006006795	NEGATIVE
GSE302495	RANDOM_0848	38	12	26	-0.00717794326956599	NEGATIVE
GSE302495	RANDOM_0849	38	12	26	0.0198129137746616	POSITIVE
GSE302495	RANDOM_0850	38	12	26	0.292819631639317	POSITIVE
GSE302495	RANDOM_0851	38	12	26	-0.13024948372929	NEGATIVE
GSE302495	RANDOM_0852	38	12	26	0.0867545209530166	POSITIVE
GSE302495	RANDOM_0853	38	12	26	0.217651092590818	POSITIVE
GSE302495	RANDOM_0854	38	12	26	0.177266225650817	POSITIVE
GSE302495	RANDOM_0855	38	12	26	0.293816923701332	POSITIVE
GSE302495	RANDOM_0856	38	12	26	-0.248986370394769	NEGATIVE
GSE302495	RANDOM_0857	38	12	26	0.307209402167218	POSITIVE
GSE302495	RANDOM_0858	38	12	26	0.173973183081432	POSITIVE
GSE302495	RANDOM_0859	38	12	26	-0.0405327192958537	NEGATIVE
GSE302495	RANDOM_0860	38	12	26	-0.041934558254657	NEGATIVE
GSE302495	RANDOM_0861	38	12	26	0.0267745963671743	POSITIVE
GSE302495	RANDOM_0862	38	12	26	0.14634889141289	POSITIVE
GSE302495	RANDOM_0863	38	12	26	0.366136741719549	POSITIVE
GSE302495	RANDOM_0864	38	12	26	-0.132002409208727	NEGATIVE
GSE302495	RANDOM_0865	38	12	26	0.4081865512445	POSITIVE
GSE302495	RANDOM_0866	38	12	26	0.311813456032307	POSITIVE
GSE302495	RANDOM_0867	38	12	26	0.169796934832071	POSITIVE
GSE302495	RANDOM_0868	38	12	26	0.268559906824813	POSITIVE
GSE302495	RANDOM_0869	38	12	26	0.0523241104469867	POSITIVE
GSE302495	RANDOM_0870	38	12	26	-0.0668907023473328	NEGATIVE
GSE302495	RANDOM_0871	38	12	26	0.111474355952171	POSITIVE
GSE302495	RANDOM_0872	38	12	26	0.156277728570773	POSITIVE
GSE302495	RANDOM_0873	38	12	26	-0.0634233576396582	NEGATIVE
GSE302495	RANDOM_0874	38	12	26	0.305813653667807	POSITIVE
GSE302495	RANDOM_0875	38	12	26	0.567543329581964	POSITIVE
GSE302495	RANDOM_0876	38	12	26	0.0719283380657794	POSITIVE
GSE302495	RANDOM_0877	38	12	26	0.155171054898703	POSITIVE
GSE302495	RANDOM_0878	38	12	26	0.0449306751001731	POSITIVE
GSE302495	RANDOM_0879	38	12	26	-0.156141231499268	NEGATIVE
GSE302495	RANDOM_0880	38	12	26	0.0873940220929986	POSITIVE
GSE302495	RANDOM_0881	38	12	26	0.165309609280227	POSITIVE
GSE302495	RANDOM_0882	38	12	26	0.0590943063348	POSITIVE
GSE302495	RANDOM_0883	38	12	26	-0.0664343393519977	NEGATIVE
GSE302495	RANDOM_0884	38	12	26	0.13419712014849	POSITIVE
GSE302495	RANDOM_0885	38	12	26	0.158494976006482	POSITIVE
GSE302495	RANDOM_0886	38	12	26	0.270877541585137	POSITIVE
GSE302495	RANDOM_0887	38	12	26	0.208697054168171	POSITIVE
GSE302495	RANDOM_0888	38	12	26	0.174673564345133	POSITIVE
GSE302495	RANDOM_0889	38	12	26	0.0224427180698497	POSITIVE
GSE302495	RANDOM_0890	38	12	26	0.242662038252758	POSITIVE
GSE302495	RANDOM_0891	38	12	26	0.329461407618657	POSITIVE
GSE302495	RANDOM_0892	38	12	26	-0.152853011595606	NEGATIVE
GSE302495	RANDOM_0893	38	12	26	-0.206226990374218	NEGATIVE
GSE302495	RANDOM_0894	38	12	26	0.242702298722536	POSITIVE
GSE302495	RANDOM_0895	38	12	26	-0.0854257289559351	NEGATIVE
GSE302495	RANDOM_0896	38	12	26	0.138830805603474	POSITIVE
GSE302495	RANDOM_0897	38	12	26	0.272469379761697	POSITIVE
GSE302495	RANDOM_0898	38	12	26	0.127045105892972	POSITIVE
GSE302495	RANDOM_0899	38	12	26	-0.039139696706551	NEGATIVE
GSE302495	RANDOM_0900	38	12	26	0.0904785736739135	POSITIVE
GSE302495	RANDOM_0901	38	12	26	0.256575049549697	POSITIVE
GSE302495	RANDOM_0902	38	12	26	0.0743014852441782	POSITIVE
GSE302495	RANDOM_0903	38	12	26	0.18816336250927	POSITIVE
GSE302495	RANDOM_0904	38	12	26	0.121611705907584	POSITIVE
GSE302495	RANDOM_0905	38	12	26	0.0635141589593796	POSITIVE
GSE302495	RANDOM_0906	38	12	26	0.0218762211965685	POSITIVE
GSE302495	RANDOM_0907	38	12	26	0.0968028966436998	POSITIVE
GSE302495	RANDOM_0908	38	12	26	0.415940247028157	POSITIVE
GSE302495	RANDOM_0909	38	12	26	-0.0726226177331304	NEGATIVE
GSE302495	RANDOM_0910	38	12	26	0.462559614974105	POSITIVE
GSE302495	RANDOM_0911	38	12	26	0.290539188491311	POSITIVE
GSE302495	RANDOM_0912	38	12	26	0.121401202713898	POSITIVE
GSE302495	RANDOM_0913	38	12	26	0.256239369879671	POSITIVE
GSE302495	RANDOM_0914	38	12	26	0.293631161680765	POSITIVE
GSE302495	RANDOM_0915	38	12	26	-0.157289421644423	NEGATIVE
GSE302495	RANDOM_0916	38	12	26	-0.0982340620027028	NEGATIVE
GSE302495	RANDOM_0917	38	12	26	0.134362637937309	POSITIVE
GSE302495	RANDOM_0918	38	12	26	0.104284581898463	POSITIVE
GSE302495	RANDOM_0919	38	12	26	-0.108679019312155	NEGATIVE
GSE302495	RANDOM_0920	38	12	26	0.318328081096796	POSITIVE
GSE302495	RANDOM_0921	38	12	26	0.332763644797886	POSITIVE
GSE302495	RANDOM_0922	38	12	26	0.0226453445246977	POSITIVE
GSE302495	RANDOM_0923	38	12	26	0.124634168976271	POSITIVE
GSE302495	RANDOM_0924	38	12	26	0.37933193501442	POSITIVE
GSE302495	RANDOM_0925	38	12	26	0.265522129083398	POSITIVE
GSE302495	RANDOM_0926	38	12	26	0.0141413608742508	POSITIVE
GSE302495	RANDOM_0927	38	12	26	0.213450038601101	POSITIVE
GSE302495	RANDOM_0928	38	12	26	0.156027649194166	POSITIVE
GSE302495	RANDOM_0929	38	12	26	0.239509725786052	POSITIVE
GSE302495	RANDOM_0930	38	12	26	0.150115087160336	POSITIVE
GSE302495	RANDOM_0931	38	12	26	0.117778885251328	POSITIVE
GSE302495	RANDOM_0932	38	12	26	0.210860730415181	POSITIVE
GSE302495	RANDOM_0933	38	12	26	0.202430242566256	POSITIVE
GSE302495	RANDOM_0934	38	12	26	0.204333622429757	POSITIVE
GSE302495	RANDOM_0935	38	12	26	-0.0644078477915421	NEGATIVE
GSE302495	RANDOM_0936	38	12	26	0.0329752354923037	POSITIVE
GSE302495	RANDOM_0937	38	12	26	0.256413216010119	POSITIVE
GSE302495	RANDOM_0938	38	12	26	-0.0748732484766179	NEGATIVE
GSE302495	RANDOM_0939	38	12	26	0.376546345736537	POSITIVE
GSE302495	RANDOM_0940	38	12	26	0.280538080099331	POSITIVE
GSE302495	RANDOM_0941	38	12	26	0.0475696704109007	POSITIVE
GSE302495	RANDOM_0942	38	12	26	0.179335929609376	POSITIVE
GSE302495	RANDOM_0943	38	12	26	0.0239949573569779	POSITIVE
GSE302495	RANDOM_0944	38	12	26	0.112269209268303	POSITIVE
GSE302495	RANDOM_0945	38	12	26	0.171323957192275	POSITIVE
GSE302495	RANDOM_0946	38	12	26	0.0329271789106818	POSITIVE
GSE302495	RANDOM_0947	38	12	26	0.406655037736546	POSITIVE
GSE302495	RANDOM_0948	38	12	26	-0.0821020617281567	NEGATIVE
GSE302495	RANDOM_0949	38	12	26	0.107421214835371	POSITIVE
GSE302495	RANDOM_0950	38	12	26	-0.00875668848505717	NEGATIVE
GSE302495	RANDOM_0951	38	12	26	-0.130078437761749	NEGATIVE
GSE302495	RANDOM_0952	38	12	26	0.0963435845481963	POSITIVE
GSE302495	RANDOM_0953	38	12	26	0.0377476081641115	POSITIVE
GSE302495	RANDOM_0954	38	12	26	0.121088479364771	POSITIVE
GSE302495	RANDOM_0955	38	12	26	0.108017697790226	POSITIVE
GSE302495	RANDOM_0956	38	12	26	-0.0968904808021235	NEGATIVE
GSE302495	RANDOM_0957	38	12	26	0.00439949057158775	POSITIVE
GSE302495	RANDOM_0958	38	12	26	0.137718534253324	POSITIVE
GSE302495	RANDOM_0959	38	12	26	0.231836972122409	POSITIVE
GSE302495	RANDOM_0960	38	12	26	0.142592819764028	POSITIVE
GSE302495	RANDOM_0961	38	12	26	0.487379306643246	POSITIVE
GSE302495	RANDOM_0962	38	12	26	0.291987555327492	POSITIVE
GSE302495	RANDOM_0963	38	12	26	0.143147927130126	POSITIVE
GSE302495	RANDOM_0964	38	12	26	0.149802200335854	POSITIVE
GSE302495	RANDOM_0965	38	12	26	-0.17773403944282	NEGATIVE
GSE302495	RANDOM_0966	38	12	26	-0.00120676643277885	NEGATIVE
GSE302495	RANDOM_0967	38	12	26	0.0957746645336377	POSITIVE
GSE302495	RANDOM_0968	38	12	26	-0.117896811585521	NEGATIVE
GSE302495	RANDOM_0969	38	12	26	0.273941024610791	POSITIVE
GSE302495	RANDOM_0970	38	12	26	0.0601360960889842	POSITIVE
GSE302495	RANDOM_0971	38	12	26	0.226302372735532	POSITIVE
GSE302495	RANDOM_0972	38	12	26	0.220218289234992	POSITIVE
GSE302495	RANDOM_0973	38	12	26	0.243106128477171	POSITIVE
GSE302495	RANDOM_0974	38	12	26	-0.0583446375604493	NEGATIVE
GSE302495	RANDOM_0975	38	12	26	-0.200959227342771	NEGATIVE
GSE302495	RANDOM_0976	38	12	26	0.16981291411867	POSITIVE
GSE302495	RANDOM_0977	38	12	26	0.456218581758479	POSITIVE
GSE302495	RANDOM_0978	38	12	26	-0.0104558589070406	NEGATIVE
GSE302495	RANDOM_0979	38	12	26	-0.0408596546113135	NEGATIVE
GSE302495	RANDOM_0980	38	12	26	0.221954214078274	POSITIVE
GSE302495	RANDOM_0981	38	12	26	0.230356844444994	POSITIVE
GSE302495	RANDOM_0982	38	12	26	0.185851336506036	POSITIVE
GSE302495	RANDOM_0983	38	12	26	-0.0506515642264695	NEGATIVE
GSE302495	RANDOM_0984	38	12	26	0.207662142020667	POSITIVE
GSE302495	RANDOM_0985	38	12	26	0.0267052725803094	POSITIVE
GSE302495	RANDOM_0986	38	12	26	0.131284943029263	POSITIVE
GSE302495	RANDOM_0987	38	12	26	0.0544097706777595	POSITIVE
GSE302495	RANDOM_0988	38	12	26	0.108541468017772	POSITIVE
GSE302495	RANDOM_0989	38	12	26	0.0578069211274946	POSITIVE
GSE302495	RANDOM_0990	38	12	26	0.0926273023056193	POSITIVE
GSE302495	RANDOM_0991	38	12	26	-0.296361024615482	NEGATIVE
GSE302495	RANDOM_0992	38	12	26	-0.0108470296329414	NEGATIVE
GSE302495	RANDOM_0993	38	12	26	0.233411799081045	POSITIVE
GSE302495	RANDOM_0994	38	12	26	0.424339281965409	POSITIVE
GSE302495	RANDOM_0995	38	12	26	0.0950393521672718	POSITIVE
GSE302495	RANDOM_0996	38	12	26	0.070653569013856	POSITIVE
GSE302495	RANDOM_0997	38	12	26	-0.0828213612930677	NEGATIVE
GSE302495	RANDOM_0998	38	12	26	0.224425473611402	POSITIVE
GSE302495	RANDOM_0999	38	12	26	0.106124837561564	POSITIVE
GSE302495	RANDOM_1000	38	12	26	-0.229988271536237	NEGATIVE
GSE302495	RANDOM_1001	38	12	26	0.27075565509157	POSITIVE
GSE302495	RANDOM_1002	38	12	26	0.0804759494042946	POSITIVE
GSE302495	RANDOM_1003	38	12	26	0.0102720027228343	POSITIVE
GSE302495	RANDOM_1004	38	12	26	0.370031400310575	POSITIVE
GSE302495	RANDOM_1005	38	12	26	0.0185714808595496	POSITIVE
GSE302495	RANDOM_1006	38	12	26	0.508551219519543	POSITIVE
GSE302495	RANDOM_1007	38	12	26	-0.0480017584319502	NEGATIVE
GSE302495	RANDOM_1008	38	12	26	-0.0810184223315778	NEGATIVE
GSE302495	RANDOM_1009	38	12	26	-0.0698262352444382	NEGATIVE
GSE302495	RANDOM_1010	38	12	26	0.0318598130974546	POSITIVE
GSE302495	RANDOM_1011	38	12	26	0.285443789488997	POSITIVE
GSE302495	RANDOM_1012	38	12	26	-0.0500559635658534	NEGATIVE
GSE302495	RANDOM_1013	38	12	26	0.0734790528006419	POSITIVE
GSE302495	RANDOM_1014	38	12	26	-0.105441825877549	NEGATIVE
GSE302495	RANDOM_1015	38	12	26	-0.0753819187425709	NEGATIVE
GSE302495	RANDOM_1016	38	12	26	-0.160680263088195	NEGATIVE
GSE302495	RANDOM_1017	38	12	26	0.285634631673026	POSITIVE
GSE302495	RANDOM_1018	38	12	26	-0.164339042206006	NEGATIVE
GSE302495	RANDOM_1019	38	12	26	-0.0268952759672579	NEGATIVE
GSE302495	RANDOM_1020	38	12	26	0.143625372076189	POSITIVE
GSE302495	RANDOM_1021	38	12	26	0.346210343663771	POSITIVE
GSE302495	RANDOM_1022	38	12	26	-0.126624166810708	NEGATIVE
GSE302495	RANDOM_1023	38	12	26	-0.14850997912276	NEGATIVE
GSE302495	RANDOM_1024	38	12	26	-0.0825855775740131	NEGATIVE
GSE302495	RANDOM_1025	38	12	26	0.155878395791217	POSITIVE
GSE302495	RANDOM_1026	38	12	26	0.324323037004122	POSITIVE
GSE302495	RANDOM_1027	38	12	26	-0.0665340680298224	NEGATIVE
GSE302495	RANDOM_1028	38	12	26	0.128111809522126	POSITIVE
GSE302495	RANDOM_1029	38	12	26	0.2371512887684	POSITIVE
GSE302495	RANDOM_1030	38	12	26	-0.0102867168521768	NEGATIVE
GSE302495	RANDOM_1031	38	12	26	-0.0456339732655358	NEGATIVE
GSE302495	RANDOM_1032	38	12	26	0.401316759760802	POSITIVE
GSE302495	RANDOM_1033	38	12	26	0.445606400089894	POSITIVE
GSE302495	RANDOM_1034	38	12	26	-0.161285609085279	NEGATIVE
GSE302495	RANDOM_1035	38	12	26	0.101140687723065	POSITIVE
GSE302495	RANDOM_1036	38	12	26	0.421492346165106	POSITIVE
GSE302495	RANDOM_1037	38	12	26	0.0684064220437097	POSITIVE
GSE302495	RANDOM_1038	38	12	26	0.0604049605552334	POSITIVE
GSE302495	RANDOM_1039	38	12	26	0.175930587488254	POSITIVE
GSE302495	RANDOM_1040	38	12	26	0.156080034121965	POSITIVE
GSE302495	RANDOM_1041	38	12	26	0.258262320398551	POSITIVE
GSE302495	RANDOM_1042	38	12	26	0.161228571487007	POSITIVE
GSE302495	RANDOM_1043	38	12	26	-0.117732231476926	NEGATIVE
GSE302495	RANDOM_1044	38	12	26	0.0976911806500915	POSITIVE
GSE302495	RANDOM_1045	38	12	26	0.232889371026806	POSITIVE
GSE302495	RANDOM_1046	38	12	26	0.216134252683923	POSITIVE
GSE302495	RANDOM_1047	38	12	26	0.26305247257245	POSITIVE
GSE302495	RANDOM_1048	38	12	26	0.0466722350255715	POSITIVE
GSE302495	RANDOM_1049	38	12	26	-0.0136556828890046	NEGATIVE
GSE302495	RANDOM_1050	38	12	26	0.405253832212901	POSITIVE
GSE302495	RANDOM_1051	38	12	26	-0.245394504609636	NEGATIVE
GSE302495	RANDOM_1052	38	12	26	0.143799571834296	POSITIVE
GSE302495	RANDOM_1053	38	12	26	0.0953846306532069	POSITIVE
GSE302495	RANDOM_1054	38	12	26	-0.0407347069388299	NEGATIVE
GSE302495	RANDOM_1055	38	12	26	0.201396097823357	POSITIVE
GSE302495	RANDOM_1056	38	12	26	-0.0340982896805725	NEGATIVE
GSE302495	RANDOM_1057	38	12	26	0.0631279157016682	POSITIVE
GSE302495	RANDOM_1058	38	12	26	0.221880855066507	POSITIVE
GSE302495	RANDOM_1059	38	12	26	0.326194168513061	POSITIVE
GSE302495	RANDOM_1060	38	12	26	0.124243727159766	POSITIVE
GSE302495	RANDOM_1061	38	12	26	0.241580662417635	POSITIVE
GSE302495	RANDOM_1062	38	12	26	-0.157265779940295	NEGATIVE
GSE302495	RANDOM_1063	38	12	26	0.180554229819178	POSITIVE
GSE302495	RANDOM_1064	38	12	26	0.0618579910054437	POSITIVE
GSE302495	RANDOM_1065	38	12	26	0.160116470079954	POSITIVE
GSE302495	RANDOM_1066	38	12	26	0.0246295961472693	POSITIVE
GSE302495	RANDOM_1067	38	12	26	0.18937412625618	POSITIVE
GSE302495	RANDOM_1068	38	12	26	0.29443099781157	POSITIVE
GSE302495	RANDOM_1069	38	12	26	-0.00301681779942306	NEGATIVE
GSE302495	RANDOM_1070	38	12	26	0.384747953232915	POSITIVE
GSE302495	RANDOM_1071	38	12	26	0.0314676821778983	POSITIVE
GSE302495	RANDOM_1072	38	12	26	0.260768410989094	POSITIVE
GSE302495	RANDOM_1073	38	12	26	0.0665009279721799	POSITIVE
GSE302495	RANDOM_1074	38	12	26	0.149475542302051	POSITIVE
GSE302495	RANDOM_1075	38	12	26	0.122129261332241	POSITIVE
GSE302495	RANDOM_1076	38	12	26	0.00247558267833995	POSITIVE
GSE302495	RANDOM_1077	38	12	26	0.173045148910639	POSITIVE
GSE302495	RANDOM_1078	38	12	26	-0.302730289300173	NEGATIVE
GSE302495	RANDOM_1079	38	12	26	0.180030139798968	POSITIVE
GSE302495	RANDOM_1080	38	12	26	0.0240698586740127	POSITIVE
GSE302495	RANDOM_1081	38	12	26	0.246637979269068	POSITIVE
GSE302495	RANDOM_1082	38	12	26	0.245727620524811	POSITIVE
GSE302495	RANDOM_1083	38	12	26	0.0486184282150682	POSITIVE
GSE302495	RANDOM_1084	38	12	26	-0.00905556856465133	NEGATIVE
GSE302495	RANDOM_1085	38	12	26	0.0177346654861457	POSITIVE
GSE302495	RANDOM_1086	38	12	26	-0.0965256925931573	NEGATIVE
GSE302495	RANDOM_1087	38	12	26	0.0892818676588487	POSITIVE
GSE302495	RANDOM_1088	38	12	26	0.210899826524106	POSITIVE
GSE302495	RANDOM_1089	38	12	26	0.0943715560059404	POSITIVE
GSE302495	RANDOM_1090	38	12	26	0.0286623582873685	POSITIVE
GSE302495	RANDOM_1091	38	12	26	0.0287481917696114	POSITIVE
GSE302495	RANDOM_1092	38	12	26	-0.0435247377233903	NEGATIVE
GSE302495	RANDOM_1093	38	12	26	0.410594780917671	POSITIVE
GSE302495	RANDOM_1094	38	12	26	0.049642486749808	POSITIVE
GSE302495	RANDOM_1095	38	12	26	0.179232220769081	POSITIVE
GSE302495	RANDOM_1096	38	12	26	-0.0884207339551593	NEGATIVE
GSE302495	RANDOM_1097	38	12	26	0.15567791371236	POSITIVE
GSE302495	RANDOM_1098	38	12	26	-0.027211814568322	NEGATIVE
GSE302495	RANDOM_1099	38	12	26	0.142709316334134	POSITIVE
GSE302495	RANDOM_1100	38	12	26	0.00461406852832631	POSITIVE
GSE302495	RANDOM_1101	38	12	26	0.0963900758094387	POSITIVE
GSE302495	RANDOM_1102	38	12	26	0.172524257002212	POSITIVE
GSE302495	RANDOM_1103	38	12	26	0.173823187350954	POSITIVE
GSE302495	RANDOM_1104	38	12	26	0.261336516030938	POSITIVE
GSE302495	RANDOM_1105	38	12	26	0.250992496270478	POSITIVE
GSE302495	RANDOM_1106	38	12	26	0.17969623774691	POSITIVE
GSE302495	RANDOM_1107	38	12	26	0.0854400435899066	POSITIVE
GSE302495	RANDOM_1108	38	12	26	0.076891029521748	POSITIVE
GSE302495	RANDOM_1109	38	12	26	0.108066227760545	POSITIVE
GSE302495	RANDOM_1110	38	12	26	0.0292009265332515	POSITIVE
GSE302495	RANDOM_1111	38	12	26	0.0175160235152142	POSITIVE
GSE302495	RANDOM_1112	38	12	26	0.0593005668115596	POSITIVE
GSE302495	RANDOM_1113	38	12	26	-0.00448991076393621	NEGATIVE
GSE302495	RANDOM_1114	38	12	26	-0.102511885031155	NEGATIVE
GSE302495	RANDOM_1115	38	12	26	0.063779717080668	POSITIVE
GSE302495	RANDOM_1116	38	12	26	0.115525486191678	POSITIVE
GSE302495	RANDOM_1117	38	12	26	0.0628546792552334	POSITIVE
GSE302495	RANDOM_1118	38	12	26	0.167198218780628	POSITIVE
GSE302495	RANDOM_1119	38	12	26	-0.0947823753411261	NEGATIVE
GSE302495	RANDOM_1120	38	12	26	0.146063163443174	POSITIVE
GSE302495	RANDOM_1121	38	12	26	0.192207858871949	POSITIVE
GSE302495	RANDOM_1122	38	12	26	-0.251119030247687	NEGATIVE
GSE302495	RANDOM_1123	38	12	26	0.183912845207579	POSITIVE
GSE302495	RANDOM_1124	38	12	26	-0.00161274357214369	NEGATIVE
GSE302495	RANDOM_1125	38	12	26	0.134996306302708	POSITIVE
GSE302495	RANDOM_1126	38	12	26	0.0915041706006279	POSITIVE
GSE302495	RANDOM_1127	38	12	26	0.217949060335067	POSITIVE
GSE302495	RANDOM_1128	38	12	26	-0.0340459552403434	NEGATIVE
GSE302495	RANDOM_1129	38	12	26	0.352076491379826	POSITIVE
GSE302495	RANDOM_1130	38	12	26	0.145147293888663	POSITIVE
GSE302495	RANDOM_1131	38	12	26	0.0603946216267517	POSITIVE
GSE302495	RANDOM_1132	38	12	26	0.192321941749552	POSITIVE
GSE302495	RANDOM_1133	38	12	26	-0.0611006086954554	NEGATIVE
GSE302495	RANDOM_1134	38	12	26	0.0705611118251663	POSITIVE
GSE302495	RANDOM_1135	38	12	26	0.185057747374273	POSITIVE
GSE302495	RANDOM_1136	38	12	26	-0.110798833812299	NEGATIVE
GSE302495	RANDOM_1137	38	12	26	0.0583039767918341	POSITIVE
GSE302495	RANDOM_1138	38	12	26	0.147305478367482	POSITIVE
GSE302495	RANDOM_1139	38	12	26	0.0755042213018559	POSITIVE
GSE302495	RANDOM_1140	38	12	26	0.278053409874576	POSITIVE
GSE302495	RANDOM_1141	38	12	26	-0.0056547995268756	NEGATIVE
GSE302495	RANDOM_1142	38	12	26	-0.149090579969645	NEGATIVE
GSE302495	RANDOM_1143	38	12	26	0.283633061203573	POSITIVE
GSE302495	RANDOM_1144	38	12	26	0.0416998391834534	POSITIVE
GSE302495	RANDOM_1145	38	12	26	0.233572533482881	POSITIVE
GSE302495	RANDOM_1146	38	12	26	-0.0330298056833991	NEGATIVE
GSE302495	RANDOM_1147	38	12	26	-0.0639406365325383	NEGATIVE
GSE302495	RANDOM_1148	38	12	26	0.398539849948481	POSITIVE
GSE302495	RANDOM_1149	38	12	26	0.0405523110916687	POSITIVE
GSE302495	RANDOM_1150	38	12	26	0.33803319497825	POSITIVE
GSE302495	RANDOM_1151	38	12	26	0.262417761271797	POSITIVE
GSE302495	RANDOM_1152	38	12	26	0.510111251472423	POSITIVE
GSE302495	RANDOM_1153	38	12	26	0.4707011079518	POSITIVE
GSE302495	RANDOM_1154	38	12	26	-0.108629808621799	NEGATIVE
GSE302495	RANDOM_1155	38	12	26	0.0627969400183988	POSITIVE
GSE302495	RANDOM_1156	38	12	26	-0.0370404291782017	NEGATIVE
GSE302495	RANDOM_1157	38	12	26	-0.0225479001550488	NEGATIVE
GSE302495	RANDOM_1158	38	12	26	0.302408053294284	POSITIVE
GSE302495	RANDOM_1159	38	12	26	0.0997695585931379	POSITIVE
GSE302495	RANDOM_1160	38	12	26	0.112597022213095	POSITIVE
GSE302495	RANDOM_1161	38	12	26	-0.0411025318557798	NEGATIVE
GSE302495	RANDOM_1162	38	12	26	-0.1182160198125	NEGATIVE
GSE302495	RANDOM_1163	38	12	26	0.167948321315677	POSITIVE
GSE302495	RANDOM_1164	38	12	26	0.0769161531927363	POSITIVE
GSE302495	RANDOM_1165	38	12	26	-0.0344601803359022	NEGATIVE
GSE302495	RANDOM_1166	38	12	26	-0.147674115539324	NEGATIVE
GSE302495	RANDOM_1167	38	12	26	0.234037442747651	POSITIVE
GSE302495	RANDOM_1168	38	12	26	0.0669669129446054	POSITIVE
GSE302495	RANDOM_1169	38	12	26	0.257203343252408	POSITIVE
GSE302495	RANDOM_1170	38	12	26	0.234280964381338	POSITIVE
GSE302495	RANDOM_1171	38	12	26	-0.142412497469153	NEGATIVE
GSE302495	RANDOM_1172	38	12	26	0.140163142259482	POSITIVE
GSE302495	RANDOM_1173	38	12	26	0.226700770106892	POSITIVE
GSE302495	RANDOM_1174	38	12	26	0.0195350013305142	POSITIVE
GSE302495	RANDOM_1175	38	12	26	0.170414346090835	POSITIVE
GSE302495	RANDOM_1176	38	12	26	-0.265711044745328	NEGATIVE
GSE302495	RANDOM_1177	38	12	26	0.07272399012106	POSITIVE
GSE302495	RANDOM_1178	38	12	26	0.126284380703902	POSITIVE
GSE302495	RANDOM_1179	38	12	26	-0.070323121917495	NEGATIVE
GSE302495	RANDOM_1180	38	12	26	0.123865450500715	POSITIVE
GSE302495	RANDOM_1181	38	12	26	0.199542217785782	POSITIVE
GSE302495	RANDOM_1182	38	12	26	0.267744579291502	POSITIVE
GSE302495	RANDOM_1183	38	12	26	0.397896878989549	POSITIVE
GSE302495	RANDOM_1184	38	12	26	0.316118449176507	POSITIVE
GSE302495	RANDOM_1185	38	12	26	-0.146393887614592	NEGATIVE
GSE302495	RANDOM_1186	38	12	26	0.570855599227324	POSITIVE
GSE302495	RANDOM_1187	38	12	26	0.18068634114943	POSITIVE
GSE302495	RANDOM_1188	38	12	26	0.258261610079527	POSITIVE
GSE302495	RANDOM_1189	38	12	26	-0.0486827559965788	NEGATIVE
GSE302495	RANDOM_1190	38	12	26	-0.051044424910924	NEGATIVE
GSE302495	RANDOM_1191	38	12	26	0.12698815586732	POSITIVE
GSE302495	RANDOM_1192	38	12	26	-0.237640064481985	NEGATIVE
GSE302495	RANDOM_1193	38	12	26	0.114795592863087	POSITIVE
GSE302495	RANDOM_1194	38	12	26	0.136635467397709	POSITIVE
GSE302495	RANDOM_1195	38	12	26	0.0428388581693616	POSITIVE
GSE302495	RANDOM_1196	38	12	26	-0.192163695518161	NEGATIVE
GSE302495	RANDOM_1197	38	12	26	0.101668874131273	POSITIVE
GSE302495	RANDOM_1198	38	12	26	0.124667804912824	POSITIVE
GSE302495	RANDOM_1199	38	12	26	-0.0642134806532523	NEGATIVE
GSE302495	RANDOM_1200	38	12	26	0.167466791542467	POSITIVE
GSE302495	RANDOM_1201	38	12	26	-0.018259724690738	NEGATIVE
GSE302495	RANDOM_1202	38	12	26	0.410942853183208	POSITIVE
GSE302495	RANDOM_1203	38	12	26	0.287364431266655	POSITIVE
GSE302495	RANDOM_1204	38	12	26	0.218721403034478	POSITIVE
GSE302495	RANDOM_1205	38	12	26	0.178814147371867	POSITIVE
GSE302495	RANDOM_1206	38	12	26	0.313540171130244	POSITIVE
GSE302495	RANDOM_1207	38	12	26	0.0833788786584838	POSITIVE
GSE302495	RANDOM_1208	38	12	26	-0.128046058680172	NEGATIVE
GSE302495	RANDOM_1209	38	12	26	0.381480387630474	POSITIVE
GSE302495	RANDOM_1210	38	12	26	0.48005364151636	POSITIVE
GSE302495	RANDOM_1211	38	12	26	-0.0906281443562676	NEGATIVE
GSE302495	RANDOM_1212	38	12	26	0.418706860072052	POSITIVE
GSE302495	RANDOM_1213	38	12	26	0.418126130788961	POSITIVE
GSE302495	RANDOM_1214	38	12	26	-0.121894468252684	NEGATIVE
GSE302495	RANDOM_1215	38	12	26	0.178546272178943	POSITIVE
GSE302495	RANDOM_1216	38	12	26	0.441436329833007	POSITIVE
GSE302495	RANDOM_1217	38	12	26	0.0255225060595605	POSITIVE
GSE302495	RANDOM_1218	38	12	26	0.0185675613217766	POSITIVE
GSE302495	RANDOM_1219	38	12	26	0.101433091162919	POSITIVE
GSE302495	RANDOM_1220	38	12	26	0.119681492744841	POSITIVE
GSE302495	RANDOM_1221	38	12	26	-0.129505576151504	NEGATIVE
GSE302495	RANDOM_1222	38	12	26	0.360604195843784	POSITIVE
GSE302495	RANDOM_1223	38	12	26	-0.0052533803604411	NEGATIVE
GSE302495	RANDOM_1224	38	12	26	0.229742440699991	POSITIVE
GSE302495	RANDOM_1225	38	12	26	-0.10645745185463	NEGATIVE
GSE302495	RANDOM_1226	38	12	26	0.0787453702876391	POSITIVE
GSE302495	RANDOM_1227	38	12	26	0.133441305632996	POSITIVE
GSE302495	RANDOM_1228	38	12	26	-0.0972751262894567	NEGATIVE
GSE302495	RANDOM_1229	38	12	26	-0.169187792986501	NEGATIVE
GSE302495	RANDOM_1230	38	12	26	-0.0345524651206468	NEGATIVE
GSE302495	RANDOM_1231	38	12	26	0.0302782295697579	POSITIVE
GSE302495	RANDOM_1232	38	12	26	0.275763670562204	POSITIVE
GSE302495	RANDOM_1233	38	12	26	0.155149792687478	POSITIVE
GSE302495	RANDOM_1234	38	12	26	-0.0325310419777341	NEGATIVE
GSE302495	RANDOM_1235	38	12	26	0.0320644091855931	POSITIVE
GSE302495	RANDOM_1236	38	12	26	-0.0400787752564914	NEGATIVE
GSE302495	RANDOM_1237	38	12	26	0.148773433784435	POSITIVE
GSE302495	RANDOM_1238	38	12	26	0.192156702056124	POSITIVE
GSE302495	RANDOM_1239	38	12	26	-0.166233730505343	NEGATIVE
GSE302495	RANDOM_1240	38	12	26	0.344216163640644	POSITIVE
GSE302495	RANDOM_1241	38	12	26	-0.0125447127082378	NEGATIVE
GSE302495	RANDOM_1242	38	12	26	0.0856577345403372	POSITIVE
GSE302495	RANDOM_1243	38	12	26	0.0334399421792984	POSITIVE
GSE302495	RANDOM_1244	38	12	26	0.276814802858811	POSITIVE
GSE302495	RANDOM_1245	38	12	26	-0.0163120666290537	NEGATIVE
GSE302495	RANDOM_1246	38	12	26	-0.0580970269542188	NEGATIVE
GSE302495	RANDOM_1247	38	12	26	-0.185745042111766	NEGATIVE
GSE302495	RANDOM_1248	38	12	26	0.0493354748135501	POSITIVE
GSE302495	RANDOM_1249	38	12	26	-0.142989947056589	NEGATIVE
GSE302495	RANDOM_1250	38	12	26	-0.11597748991829	NEGATIVE
GSE302495	RANDOM_1251	38	12	26	0.059442958418013	POSITIVE
GSE302495	RANDOM_1252	38	12	26	0.414463982629221	POSITIVE
GSE302495	RANDOM_1253	38	12	26	-0.0488838656692664	NEGATIVE
GSE302495	RANDOM_1254	38	12	26	0.0657517734440037	POSITIVE
GSE302495	RANDOM_1255	38	12	26	0.31325812059718	POSITIVE
GSE302495	RANDOM_1256	38	12	26	0.26323259984008	POSITIVE
GSE302495	RANDOM_1257	38	12	26	0.113387796500854	POSITIVE
GSE302495	RANDOM_1258	38	12	26	0.112550225368881	POSITIVE
GSE302495	RANDOM_1259	38	12	26	0.295317429669534	POSITIVE
GSE302495	RANDOM_1260	38	12	26	0.174987974493495	POSITIVE
GSE302495	RANDOM_1261	38	12	26	0.0262356075049126	POSITIVE
GSE302495	RANDOM_1262	38	12	26	0.258873589705327	POSITIVE
GSE302495	RANDOM_1263	38	12	26	-0.136725801343441	NEGATIVE
GSE302495	RANDOM_1264	38	12	26	-0.115134204377835	NEGATIVE
GSE302495	RANDOM_1265	38	12	26	-0.058541291390589	NEGATIVE
GSE302495	RANDOM_1266	38	12	26	0.203492504266698	POSITIVE
GSE302495	RANDOM_1267	38	12	26	-0.0499594618818592	NEGATIVE
GSE302495	RANDOM_1268	38	12	26	0.166945137108984	POSITIVE
GSE302495	RANDOM_1269	38	12	26	0.106789544615387	POSITIVE
GSE302495	RANDOM_1270	38	12	26	0.151590874435394	POSITIVE
GSE302495	RANDOM_1271	38	12	26	-0.172746332831639	NEGATIVE
GSE302495	RANDOM_1272	38	12	26	0.0248526356567669	POSITIVE
GSE302495	RANDOM_1273	38	12	26	0.362116142276023	POSITIVE
GSE302495	RANDOM_1274	38	12	26	0.1794834573381	POSITIVE
GSE302495	RANDOM_1275	38	12	26	-0.233021713264648	NEGATIVE
GSE302495	RANDOM_1276	38	12	26	0.369111236896438	POSITIVE
GSE302495	RANDOM_1277	38	12	26	-0.00617193443656849	NEGATIVE
GSE302495	RANDOM_1278	38	12	26	-0.0372841178414487	NEGATIVE
GSE302495	RANDOM_1279	38	12	26	-0.021015014304124	NEGATIVE
GSE302495	RANDOM_1280	38	12	26	-0.215326459638297	NEGATIVE
GSE302495	RANDOM_1281	38	12	26	-0.0322645803128241	NEGATIVE
GSE302495	RANDOM_1282	38	12	26	0.0665409994536674	POSITIVE
GSE302495	RANDOM_1283	38	12	26	0.0259420314137601	POSITIVE
GSE302495	RANDOM_1284	38	12	26	-0.00421562142322295	NEGATIVE
GSE302495	RANDOM_1285	38	12	26	0.0477977205970553	POSITIVE
GSE302495	RANDOM_1286	38	12	26	0.138485058304122	POSITIVE
GSE302495	RANDOM_1287	38	12	26	0.218533476533279	POSITIVE
GSE302495	RANDOM_1288	38	12	26	-0.146952357667067	NEGATIVE
GSE302495	RANDOM_1289	38	12	26	0.123150952475674	POSITIVE
GSE302495	RANDOM_1290	38	12	26	0.0676592370251178	POSITIVE
GSE302495	RANDOM_1291	38	12	26	-0.215462233846196	NEGATIVE
GSE302495	RANDOM_1292	38	12	26	0.182225776699041	POSITIVE
GSE302495	RANDOM_1293	38	12	26	0.340452187769542	POSITIVE
GSE302495	RANDOM_1294	38	12	26	0.307045261279904	POSITIVE
GSE302495	RANDOM_1295	38	12	26	0.0286682307340912	POSITIVE
GSE302495	RANDOM_1296	38	12	26	-0.0794492288458635	NEGATIVE
GSE302495	RANDOM_1297	38	12	26	0.226515403197097	POSITIVE
GSE302495	RANDOM_1298	38	12	26	-0.0531969830728342	NEGATIVE
GSE302495	RANDOM_1299	38	12	26	-0.0376062890384979	NEGATIVE
GSE302495	RANDOM_1300	38	12	26	0.177490717318982	POSITIVE
GSE302495	RANDOM_1301	38	12	26	0.0826295470000512	POSITIVE
GSE302495	RANDOM_1302	38	12	26	0.119406935415515	POSITIVE
GSE302495	RANDOM_1303	38	12	26	0.542142775424784	POSITIVE
GSE302495	RANDOM_1304	38	12	26	-0.00252856499290095	NEGATIVE
GSE302495	RANDOM_1305	38	12	26	0.00113816428047783	POSITIVE
GSE302495	RANDOM_1306	38	12	26	0.00547898759337125	POSITIVE
GSE302495	RANDOM_1307	38	12	26	0.198472935510254	POSITIVE
GSE302495	RANDOM_1308	38	12	26	0.469994989055879	POSITIVE
GSE302495	RANDOM_1309	38	12	26	0.112250537432592	POSITIVE
GSE302495	RANDOM_1310	38	12	26	0.218365245720795	POSITIVE
GSE302495	RANDOM_1311	38	12	26	0.137148587851275	POSITIVE
GSE302495	RANDOM_1312	38	12	26	-0.0615487852328686	NEGATIVE
GSE302495	RANDOM_1313	38	12	26	-0.17503215760561	NEGATIVE
GSE302495	RANDOM_1314	38	12	26	0.0906630124920091	POSITIVE
GSE302495	RANDOM_1315	38	12	26	0.139135352084163	POSITIVE
GSE302495	RANDOM_1316	38	12	26	0.00606137481817558	POSITIVE
GSE302495	RANDOM_1317	38	12	26	-0.152294055031336	NEGATIVE
GSE302495	RANDOM_1318	38	12	26	0.142543673471809	POSITIVE
GSE302495	RANDOM_1319	38	12	26	0.130231320146074	POSITIVE
GSE302495	RANDOM_1320	38	12	26	-0.100837949682705	NEGATIVE
GSE302495	RANDOM_1321	38	12	26	0.216646362117944	POSITIVE
GSE302495	RANDOM_1322	38	12	26	0.0624408333124005	POSITIVE
GSE302495	RANDOM_1323	38	12	26	0.168418125132856	POSITIVE
GSE302495	RANDOM_1324	38	12	26	-0.0103026906589634	NEGATIVE
GSE302495	RANDOM_1325	38	12	26	0.166405071213598	POSITIVE
GSE302495	RANDOM_1326	38	12	26	0.147207064907584	POSITIVE
GSE302495	RANDOM_1327	38	12	26	0.0722295037588628	POSITIVE
GSE302495	RANDOM_1328	38	12	26	0.0334656604236472	POSITIVE
GSE302495	RANDOM_1329	38	12	26	0.102714402313153	POSITIVE
GSE302495	RANDOM_1330	38	12	26	0.205776366550658	POSITIVE
GSE302495	RANDOM_1331	38	12	26	0.316463464885677	POSITIVE
GSE302495	RANDOM_1332	38	12	26	0.0493164945896043	POSITIVE
GSE302495	RANDOM_1333	38	12	26	0.270347965301052	POSITIVE
GSE302495	RANDOM_1334	38	12	26	0.0417269596534319	POSITIVE
GSE302495	RANDOM_1335	38	12	26	0.179243655905295	POSITIVE
GSE302495	RANDOM_1336	38	12	26	0.311476867321599	POSITIVE
GSE302495	RANDOM_1337	38	12	26	-0.209575646660433	NEGATIVE
GSE302495	RANDOM_1338	38	12	26	0.156725367317863	POSITIVE
GSE302495	RANDOM_1339	38	12	26	0.187680178205355	POSITIVE
GSE302495	RANDOM_1340	38	12	26	0.108302302989785	POSITIVE
GSE302495	RANDOM_1341	38	12	26	0.378456125234296	POSITIVE
GSE302495	RANDOM_1342	38	12	26	-0.0193349858605482	NEGATIVE
GSE302495	RANDOM_1343	38	12	26	-0.145024746653456	NEGATIVE
GSE302495	RANDOM_1344	38	12	26	0.339755971865783	POSITIVE
GSE302495	RANDOM_1345	38	12	26	0.0799728007666676	POSITIVE
GSE302495	RANDOM_1346	38	12	26	0.211797118610094	POSITIVE
GSE302495	RANDOM_1347	38	12	26	0.320975291872819	POSITIVE
GSE302495	RANDOM_1348	38	12	26	0.00496664303281046	POSITIVE
GSE302495	RANDOM_1349	38	12	26	0.248231626648805	POSITIVE
GSE302495	RANDOM_1350	38	12	26	-0.152747940146327	NEGATIVE
GSE302495	RANDOM_1351	38	12	26	0.0357876499205499	POSITIVE
GSE302495	RANDOM_1352	38	12	26	0.385112479730854	POSITIVE
GSE302495	RANDOM_1353	38	12	26	0.037976664584434	POSITIVE
GSE302495	RANDOM_1354	38	12	26	-0.0457501959408885	NEGATIVE
GSE302495	RANDOM_1355	38	12	26	0.0145589361662991	POSITIVE
GSE302495	RANDOM_1356	38	12	26	-0.0206890883782319	NEGATIVE
GSE302495	RANDOM_1357	38	12	26	0.150231303006669	POSITIVE
GSE302495	RANDOM_1358	38	12	26	0.29978105742702	POSITIVE
GSE302495	RANDOM_1359	38	12	26	0.0987527350244905	POSITIVE
GSE302495	RANDOM_1360	38	12	26	0.193560376735449	POSITIVE
GSE302495	RANDOM_1361	38	12	26	-0.224178666189301	NEGATIVE
GSE302495	RANDOM_1362	38	12	26	0.217370488947969	POSITIVE
GSE302495	RANDOM_1363	38	12	26	-0.0330045640633216	NEGATIVE
GSE302495	RANDOM_1364	38	12	26	0.299830634843199	POSITIVE
GSE302495	RANDOM_1365	38	12	26	0.330767691433515	POSITIVE
GSE302495	RANDOM_1366	38	12	26	-0.214242534800467	NEGATIVE
GSE302495	RANDOM_1367	38	12	26	0.666566942147115	POSITIVE
GSE302495	RANDOM_1368	38	12	26	0.203606384835685	POSITIVE
GSE302495	RANDOM_1369	38	12	26	-0.090022643539818	NEGATIVE
GSE302495	RANDOM_1370	38	12	26	-0.0991030074044443	NEGATIVE
GSE302495	RANDOM_1371	38	12	26	0.289924432950659	POSITIVE
GSE302495	RANDOM_1372	38	12	26	0.187077438306514	POSITIVE
GSE302495	RANDOM_1373	38	12	26	0.19484853592434	POSITIVE
GSE302495	RANDOM_1374	38	12	26	0.0958739450490869	POSITIVE
GSE302495	RANDOM_1375	38	12	26	0.212686664334998	POSITIVE
GSE302495	RANDOM_1376	38	12	26	-0.078857411831776	NEGATIVE
GSE302495	RANDOM_1377	38	12	26	-0.127692785150706	NEGATIVE
GSE302495	RANDOM_1378	38	12	26	0.118907530763556	POSITIVE
GSE302495	RANDOM_1379	38	12	26	0.218435137812108	POSITIVE
GSE302495	RANDOM_1380	38	12	26	0.250700627719408	POSITIVE
GSE302495	RANDOM_1381	38	12	26	0.230536659900863	POSITIVE
GSE302495	RANDOM_1382	38	12	26	0.0166576348727357	POSITIVE
GSE302495	RANDOM_1383	38	12	26	0.00631172288057155	POSITIVE
GSE302495	RANDOM_1384	38	12	26	-0.00488502019316113	NEGATIVE
GSE302495	RANDOM_1385	38	12	26	0.0219400747240216	POSITIVE
GSE302495	RANDOM_1386	38	12	26	-0.190591034098745	NEGATIVE
GSE302495	RANDOM_1387	38	12	26	-0.0150108767901338	NEGATIVE
GSE302495	RANDOM_1388	38	12	26	0.158090130633815	POSITIVE
GSE302495	RANDOM_1389	38	12	26	0.194775616670341	POSITIVE
GSE302495	RANDOM_1390	38	12	26	0.0789983133133857	POSITIVE
GSE302495	RANDOM_1391	38	12	26	0.236229625210981	POSITIVE
GSE302495	RANDOM_1392	38	12	26	0.00148612670377814	POSITIVE
GSE302495	RANDOM_1393	38	12	26	0.0551564016958077	POSITIVE
GSE302495	RANDOM_1394	38	12	26	-0.439499920480682	NEGATIVE
GSE302495	RANDOM_1395	38	12	26	0.336568781666065	POSITIVE
GSE302495	RANDOM_1396	38	12	26	-0.21562266181637	NEGATIVE
GSE302495	RANDOM_1397	38	12	26	0.0772186666746979	POSITIVE
GSE302495	RANDOM_1398	38	12	26	-0.0987970569604395	NEGATIVE
GSE302495	RANDOM_1399	38	12	26	0.304799771795824	POSITIVE
GSE302495	RANDOM_1400	38	12	26	-0.106289940262176	NEGATIVE
GSE302495	RANDOM_1401	38	12	26	0.425563979892933	POSITIVE
GSE302495	RANDOM_1402	38	12	26	0.185867818589165	POSITIVE
GSE302495	RANDOM_1403	38	12	26	0.352222247916073	POSITIVE
GSE302495	RANDOM_1404	38	12	26	0.119827352518776	POSITIVE
GSE302495	RANDOM_1405	38	12	26	0.181354318525024	POSITIVE
GSE302495	RANDOM_1406	38	12	26	-0.158976196985143	NEGATIVE
GSE302495	RANDOM_1407	38	12	26	0.285743911520245	POSITIVE
GSE302495	RANDOM_1408	38	12	26	-0.0333865736847999	NEGATIVE
GSE302495	RANDOM_1409	38	12	26	0.150810439714557	POSITIVE
GSE302495	RANDOM_1410	38	12	26	0.268336964551407	POSITIVE
GSE302495	RANDOM_1411	38	12	26	0.326802762020174	POSITIVE
GSE302495	RANDOM_1412	38	12	26	0.00180002540260691	POSITIVE
GSE302495	RANDOM_1413	38	12	26	0.00539842100329827	POSITIVE
GSE302495	RANDOM_1414	38	12	26	-0.113698163746248	NEGATIVE
GSE302495	RANDOM_1415	38	12	26	-0.0414983596914126	NEGATIVE
GSE302495	RANDOM_1416	38	12	26	0.466103221744807	POSITIVE
GSE302495	RANDOM_1417	38	12	26	-0.265293123585669	NEGATIVE
GSE302495	RANDOM_1418	38	12	26	0.0717583446509751	POSITIVE
GSE302495	RANDOM_1419	38	12	26	0.0808568889777618	POSITIVE
GSE302495	RANDOM_1420	38	12	26	0.265905304965212	POSITIVE
GSE302495	RANDOM_1421	38	12	26	0.0547759205130623	POSITIVE
GSE302495	RANDOM_1422	38	12	26	0.239327816664121	POSITIVE
GSE302495	RANDOM_1423	38	12	26	0.329076660921309	POSITIVE
GSE302495	RANDOM_1424	38	12	26	-0.174469784939756	NEGATIVE
GSE302495	RANDOM_1425	38	12	26	0.156862859127693	POSITIVE
GSE302495	RANDOM_1426	38	12	26	0.160429176206543	POSITIVE
GSE302495	RANDOM_1427	38	12	26	0.403664277117538	POSITIVE
GSE302495	RANDOM_1428	38	12	26	-0.0904182791609727	NEGATIVE
GSE302495	RANDOM_1429	38	12	26	0.167926032552014	POSITIVE
GSE302495	RANDOM_1430	38	12	26	-0.189655968229689	NEGATIVE
GSE302495	RANDOM_1431	38	12	26	0.251940599089007	POSITIVE
GSE302495	RANDOM_1432	38	12	26	0.236903555906746	POSITIVE
GSE302495	RANDOM_1433	38	12	26	0.190155191790513	POSITIVE
GSE302495	RANDOM_1434	38	12	26	0.0984840610689646	POSITIVE
GSE302495	RANDOM_1435	38	12	26	0.112595677144705	POSITIVE
GSE302495	RANDOM_1436	38	12	26	0.0538749706995066	POSITIVE
GSE302495	RANDOM_1437	38	12	26	0.165335374759898	POSITIVE
GSE302495	RANDOM_1438	38	12	26	0.0919555932681574	POSITIVE
GSE302495	RANDOM_1439	38	12	26	0.000727537195143478	POSITIVE
GSE302495	RANDOM_1440	38	12	26	-0.0613041769609647	NEGATIVE
GSE302495	RANDOM_1441	38	12	26	-0.0152306807636488	NEGATIVE
GSE302495	RANDOM_1442	38	12	26	0.230800909519933	POSITIVE
GSE302495	RANDOM_1443	38	12	26	-0.44187694657918	NEGATIVE
GSE302495	RANDOM_1444	38	12	26	-0.0208238142494761	NEGATIVE
GSE302495	RANDOM_1445	38	12	26	0.0337696844260353	POSITIVE
GSE302495	RANDOM_1446	38	12	26	0.0528363643123579	POSITIVE
GSE302495	RANDOM_1447	38	12	26	0.276352462066191	POSITIVE
GSE302495	RANDOM_1448	38	12	26	0.120362497968365	POSITIVE
GSE302495	RANDOM_1449	38	12	26	-0.32243294648947	NEGATIVE
GSE302495	RANDOM_1450	38	12	26	0.220348951003242	POSITIVE
GSE302495	RANDOM_1451	38	12	26	0.0425462134997823	POSITIVE
GSE302495	RANDOM_1452	38	12	26	-0.251805120004601	NEGATIVE
GSE302495	RANDOM_1453	38	12	26	-0.032910486677689	NEGATIVE
GSE302495	RANDOM_1454	38	12	26	0.12798749844532	POSITIVE
GSE302495	RANDOM_1455	38	12	26	-0.225720985139757	NEGATIVE
GSE302495	RANDOM_1456	38	12	26	0.237443763189943	POSITIVE
GSE302495	RANDOM_1457	38	12	26	-0.00885574540864394	NEGATIVE
GSE302495	RANDOM_1458	38	12	26	0.00231491005166863	POSITIVE
GSE302495	RANDOM_1459	38	12	26	-0.0441050081741649	NEGATIVE
GSE302495	RANDOM_1460	38	12	26	-0.111951208125631	NEGATIVE
GSE302495	RANDOM_1461	38	12	26	0.253349287860006	POSITIVE
GSE302495	RANDOM_1462	38	12	26	-0.100799726000383	NEGATIVE
GSE302495	RANDOM_1463	38	12	26	-0.0219778946052226	NEGATIVE
GSE302495	RANDOM_1464	38	12	26	0.0306077492396935	POSITIVE
GSE302495	RANDOM_1465	38	12	26	0.117036094973853	POSITIVE
GSE302495	RANDOM_1466	38	12	26	0.0963053947822261	POSITIVE
GSE302495	RANDOM_1467	38	12	26	0.120554037077384	POSITIVE
GSE302495	RANDOM_1468	38	12	26	0.122129970805974	POSITIVE
GSE302495	RANDOM_1469	38	12	26	0.375464439581742	POSITIVE
GSE302495	RANDOM_1470	38	12	26	0.315021661646057	POSITIVE
GSE302495	RANDOM_1471	38	12	26	0.0345479566811509	POSITIVE
GSE302495	RANDOM_1472	38	12	26	0.0246932361089038	POSITIVE
GSE302495	RANDOM_1473	38	12	26	0.149124521317338	POSITIVE
GSE302495	RANDOM_1474	38	12	26	0.231986627086182	POSITIVE
GSE302495	RANDOM_1475	38	12	26	0.0456054316274164	POSITIVE
GSE302495	RANDOM_1476	38	12	26	0.146810191622492	POSITIVE
GSE302495	RANDOM_1477	38	12	26	0.366584964168125	POSITIVE
GSE302495	RANDOM_1478	38	12	26	-0.127508087733435	NEGATIVE
GSE302495	RANDOM_1479	38	12	26	-0.0959552585690493	NEGATIVE
GSE302495	RANDOM_1480	38	12	26	0.306258606715107	POSITIVE
GSE302495	RANDOM_1481	38	12	26	-0.102783611921886	NEGATIVE
GSE302495	RANDOM_1482	38	12	26	0.16992918644896	POSITIVE
GSE302495	RANDOM_1483	38	12	26	-0.0967524012794316	NEGATIVE
GSE302495	RANDOM_1484	38	12	26	0.286833344146911	POSITIVE
GSE302495	RANDOM_1485	38	12	26	-0.166265428696164	NEGATIVE
GSE302495	RANDOM_1486	38	12	26	0.0855637725832702	POSITIVE
GSE302495	RANDOM_1487	38	12	26	0.03248141639437	POSITIVE
GSE302495	RANDOM_1488	38	12	26	0.636502923750561	POSITIVE
GSE302495	RANDOM_1489	38	12	26	0.00482165827894327	POSITIVE
GSE302495	RANDOM_1490	38	12	26	0.31941924780333	POSITIVE
GSE302495	RANDOM_1491	38	12	26	-0.00966000540072621	NEGATIVE
GSE302495	RANDOM_1492	38	12	26	0.117740078269531	POSITIVE
GSE302495	RANDOM_1493	38	12	26	0.266579525577364	POSITIVE
GSE302495	RANDOM_1494	38	12	26	0.165091624830034	POSITIVE
GSE302495	RANDOM_1495	38	12	26	-0.107135540530865	NEGATIVE
GSE302495	RANDOM_1496	38	12	26	-0.0398393204376135	NEGATIVE
GSE302495	RANDOM_1497	38	12	26	-0.00836752764693355	NEGATIVE
GSE302495	RANDOM_1498	38	12	26	0.190195847814527	POSITIVE
GSE302495	RANDOM_1499	38	12	26	0.144313965810338	POSITIVE
GSE302495	RANDOM_1500	38	12	26	0.0123194557969971	POSITIVE
GSE302495	RANDOM_1501	38	12	26	0.123466268031556	POSITIVE
GSE302495	RANDOM_1502	38	12	26	-0.0464412809694148	NEGATIVE
GSE302495	RANDOM_1503	38	12	26	0.318869818654325	POSITIVE
GSE302495	RANDOM_1504	38	12	26	0.42264756966929	POSITIVE
GSE302495	RANDOM_1505	38	12	26	0.162453052810827	POSITIVE
GSE302495	RANDOM_1506	38	12	26	0.0856019139522228	POSITIVE
GSE302495	RANDOM_1507	38	12	26	0.315555010481693	POSITIVE
GSE302495	RANDOM_1508	38	12	26	0.144001959973091	POSITIVE
GSE302495	RANDOM_1509	38	12	26	0.155467662757122	POSITIVE
GSE302495	RANDOM_1510	38	12	26	0.237495928472115	POSITIVE
GSE302495	RANDOM_1511	38	12	26	0.290301047634155	POSITIVE
GSE302495	RANDOM_1512	38	12	26	0.219591061218267	POSITIVE
GSE302495	RANDOM_1513	38	12	26	-0.127014711274471	NEGATIVE
GSE302495	RANDOM_1514	38	12	26	0.16009923832911	POSITIVE
GSE302495	RANDOM_1515	38	12	26	0.320485468811078	POSITIVE
GSE302495	RANDOM_1516	38	12	26	-0.0987271235925984	NEGATIVE
GSE302495	RANDOM_1517	38	12	26	-0.0497764846122841	NEGATIVE
GSE302495	RANDOM_1518	38	12	26	0.274334387438652	POSITIVE
GSE302495	RANDOM_1519	38	12	26	0.179894516772294	POSITIVE
GSE302495	RANDOM_1520	38	12	26	0.142903047123741	POSITIVE
GSE302495	RANDOM_1521	38	12	26	0.0514060945565211	POSITIVE
GSE302495	RANDOM_1522	38	12	26	0.1133333026984	POSITIVE
GSE302495	RANDOM_1523	38	12	26	-0.0761076671796796	NEGATIVE
GSE302495	RANDOM_1524	38	12	26	0.027567532107611	POSITIVE
GSE302495	RANDOM_1525	38	12	26	0.0681137730188437	POSITIVE
GSE302495	RANDOM_1526	38	12	26	0.00949257903868231	POSITIVE
GSE302495	RANDOM_1527	38	12	26	0.23096880810844	POSITIVE
GSE302495	RANDOM_1528	38	12	26	0.267697216071486	POSITIVE
GSE302495	RANDOM_1529	38	12	26	-0.155828000883788	NEGATIVE
GSE302495	RANDOM_1530	38	12	26	0.192115810965555	POSITIVE
GSE302495	RANDOM_1531	38	12	26	0.165386268160458	POSITIVE
GSE302495	RANDOM_1532	38	12	26	0.15474967319918	POSITIVE
GSE302495	RANDOM_1533	38	12	26	0.158002151280933	POSITIVE
GSE302495	RANDOM_1534	38	12	26	0.204088659538435	POSITIVE
GSE302495	RANDOM_1535	38	12	26	0.121957258302858	POSITIVE
GSE302495	RANDOM_1536	38	12	26	-0.074095568510762	NEGATIVE
GSE302495	RANDOM_1537	38	12	26	0.389286223021253	POSITIVE
GSE302495	RANDOM_1538	38	12	26	0.305241993767413	POSITIVE
GSE302495	RANDOM_1539	38	12	26	0.185988393164271	POSITIVE
GSE302495	RANDOM_1540	38	12	26	0.356230454305958	POSITIVE
GSE302495	RANDOM_1541	38	12	26	0.0906279441913831	POSITIVE
GSE302495	RANDOM_1542	38	12	26	0.181112104635687	POSITIVE
GSE302495	RANDOM_1543	38	12	26	0.497185538013556	POSITIVE
GSE302495	RANDOM_1544	38	12	26	-0.0305873688674795	NEGATIVE
GSE302495	RANDOM_1545	38	12	26	0.315435648960393	POSITIVE
GSE302495	RANDOM_1546	38	12	26	-0.0721766671018051	NEGATIVE
GSE302495	RANDOM_1547	38	12	26	-0.0190724787332299	NEGATIVE
GSE302495	RANDOM_1548	38	12	26	-0.26309927535522	NEGATIVE
GSE302495	RANDOM_1549	38	12	26	0.111825871501745	POSITIVE
GSE302495	RANDOM_1550	38	12	26	0.248738268409404	POSITIVE
GSE302495	RANDOM_1551	38	12	26	0.19625540447428	POSITIVE
GSE302495	RANDOM_1552	38	12	26	0.142049594962861	POSITIVE
GSE302495	RANDOM_1553	38	12	26	0.0328311167716891	POSITIVE
GSE302495	RANDOM_1554	38	12	26	0.534053615060125	POSITIVE
GSE302495	RANDOM_1555	38	12	26	0.156193190120509	POSITIVE
GSE302495	RANDOM_1556	38	12	26	0.211545483268383	POSITIVE
GSE302495	RANDOM_1557	38	12	26	0.21926232940487	POSITIVE
GSE302495	RANDOM_1558	38	12	26	0.154255862899914	POSITIVE
GSE302495	RANDOM_1559	38	12	26	-0.177567831905696	NEGATIVE
GSE302495	RANDOM_1560	38	12	26	0.0152613795081819	POSITIVE
GSE302495	RANDOM_1561	38	12	26	-0.0691059575133843	NEGATIVE
GSE302495	RANDOM_1562	38	12	26	0.0714835937649672	POSITIVE
GSE302495	RANDOM_1563	38	12	26	0.22698744696379	POSITIVE
GSE302495	RANDOM_1564	38	12	26	0.271524359652958	POSITIVE
GSE302495	RANDOM_1565	38	12	26	-0.223986287423929	NEGATIVE
GSE302495	RANDOM_1566	38	12	26	0.0142212577397942	POSITIVE
GSE302495	RANDOM_1567	38	12	26	0.0590979697600413	POSITIVE
GSE302495	RANDOM_1568	38	12	26	0.229416242542544	POSITIVE
GSE302495	RANDOM_1569	38	12	26	-0.191734613723253	NEGATIVE
GSE302495	RANDOM_1570	38	12	26	0.189729127869434	POSITIVE
GSE302495	RANDOM_1571	38	12	26	-0.0141135971687046	NEGATIVE
GSE302495	RANDOM_1572	38	12	26	0.156958604393054	POSITIVE
GSE302495	RANDOM_1573	38	12	26	-0.110143231269073	NEGATIVE
GSE302495	RANDOM_1574	38	12	26	0.105143609873812	POSITIVE
GSE302495	RANDOM_1575	38	12	26	-0.104209041643003	NEGATIVE
GSE302495	RANDOM_1576	38	12	26	-0.0444287493216411	NEGATIVE
GSE302495	RANDOM_1577	38	12	26	-0.0190596264601126	NEGATIVE
GSE302495	RANDOM_1578	38	12	26	0.0391996637987949	POSITIVE
GSE302495	RANDOM_1579	38	12	26	0.346142375710824	POSITIVE
GSE302495	RANDOM_1580	38	12	26	0.195354611758647	POSITIVE
GSE302495	RANDOM_1581	38	12	26	-0.0679489425772962	NEGATIVE
GSE302495	RANDOM_1582	38	12	26	0.309883131272946	POSITIVE
GSE302495	RANDOM_1583	38	12	26	0.0499638124543622	POSITIVE
GSE302495	RANDOM_1584	38	12	26	0.296860687458077	POSITIVE
GSE302495	RANDOM_1585	38	12	26	-0.112694884711055	NEGATIVE
GSE302495	RANDOM_1586	38	12	26	0.297381764166698	POSITIVE
GSE302495	RANDOM_1587	38	12	26	-0.0952478288278623	NEGATIVE
GSE302495	RANDOM_1588	38	12	26	-0.125465288412833	NEGATIVE
GSE302495	RANDOM_1589	38	12	26	0.13634477356196	POSITIVE
GSE302495	RANDOM_1590	38	12	26	0.0241831345637112	POSITIVE
GSE302495	RANDOM_1591	38	12	26	0.0281816153042087	POSITIVE
GSE302495	RANDOM_1592	38	12	26	0.129886184143342	POSITIVE
GSE302495	RANDOM_1593	38	12	26	-0.257331462791082	NEGATIVE
GSE302495	RANDOM_1594	38	12	26	0.278215156068864	POSITIVE
GSE302495	RANDOM_1595	38	12	26	0.0634433936280177	POSITIVE
GSE302495	RANDOM_1596	38	12	26	0.163538974275734	POSITIVE
GSE302495	RANDOM_1597	38	12	26	0.211338370760449	POSITIVE
GSE302495	RANDOM_1598	38	12	26	0.0253621173045049	POSITIVE
GSE302495	RANDOM_1599	38	12	26	0.129910960708992	POSITIVE
GSE302495	RANDOM_1600	38	12	26	0.207191163070752	POSITIVE
GSE302495	RANDOM_1601	38	12	26	0.369207986230919	POSITIVE
GSE302495	RANDOM_1602	38	12	26	0.131462468685579	POSITIVE
GSE302495	RANDOM_1603	38	12	26	-0.180677042109681	NEGATIVE
GSE302495	RANDOM_1604	38	12	26	0.0909085408588805	POSITIVE
GSE302495	RANDOM_1605	38	12	26	0.0229295163769984	POSITIVE
GSE302495	RANDOM_1606	38	12	26	0.217844363568835	POSITIVE
GSE302495	RANDOM_1607	38	12	26	0.00992458438156534	POSITIVE
GSE302495	RANDOM_1608	38	12	26	0.262372608723351	POSITIVE
GSE302495	RANDOM_1609	38	12	26	0.120661963474779	POSITIVE
GSE302495	RANDOM_1610	38	12	26	0.0698233618021785	POSITIVE
GSE302495	RANDOM_1611	38	12	26	0.0673631109158677	POSITIVE
GSE302495	RANDOM_1612	38	12	26	0.051110875716825	POSITIVE
GSE302495	RANDOM_1613	38	12	26	0.128275136937541	POSITIVE
GSE302495	RANDOM_1614	38	12	26	0.117902355220515	POSITIVE
GSE302495	RANDOM_1615	38	12	26	0.18529023837023	POSITIVE
GSE302495	RANDOM_1616	38	12	26	-0.036027285686778	NEGATIVE
GSE302495	RANDOM_1617	38	12	26	0.0468456409349414	POSITIVE
GSE302495	RANDOM_1618	38	12	26	-0.0786920137312243	NEGATIVE
GSE302495	RANDOM_1619	38	12	26	0.0766667921134539	POSITIVE
GSE302495	RANDOM_1620	38	12	26	0.123156152581897	POSITIVE
GSE302495	RANDOM_1621	38	12	26	-0.00246680682580252	NEGATIVE
GSE302495	RANDOM_1622	38	12	26	-0.129316388985113	NEGATIVE
GSE302495	RANDOM_1623	38	12	26	0.122212746088694	POSITIVE
GSE302495	RANDOM_1624	38	12	26	-0.28849952913112	NEGATIVE
GSE302495	RANDOM_1625	38	12	26	0.213232175511598	POSITIVE
GSE302495	RANDOM_1626	38	12	26	-0.0533488694120807	NEGATIVE
GSE302495	RANDOM_1627	38	12	26	-0.162545427002271	NEGATIVE
GSE302495	RANDOM_1628	38	12	26	0.013162311536646	POSITIVE
GSE302495	RANDOM_1629	38	12	26	-0.108655272204768	NEGATIVE
GSE302495	RANDOM_1630	38	12	26	0.080901656131912	POSITIVE
GSE302495	RANDOM_1631	38	12	26	0.168158540123382	POSITIVE
GSE302495	RANDOM_1632	38	12	26	0.14592591594953	POSITIVE
GSE302495	RANDOM_1633	38	12	26	-0.18503379492649	NEGATIVE
GSE302495	RANDOM_1634	38	12	26	0.104245253388185	POSITIVE
GSE302495	RANDOM_1635	38	12	26	0.082415550949071	POSITIVE
GSE302495	RANDOM_1636	38	12	26	-0.219401274730286	NEGATIVE
GSE302495	RANDOM_1637	38	12	26	0.0268536001176263	POSITIVE
GSE302495	RANDOM_1638	38	12	26	0.189317736891187	POSITIVE
GSE302495	RANDOM_1639	38	12	26	-0.0346138785607601	NEGATIVE
GSE302495	RANDOM_1640	38	12	26	0.0843384827685985	POSITIVE
GSE302495	RANDOM_1641	38	12	26	0.127367960986025	POSITIVE
GSE302495	RANDOM_1642	38	12	26	0.212594734599603	POSITIVE
GSE302495	RANDOM_1643	38	12	26	0.140584070648831	POSITIVE
GSE302495	RANDOM_1644	38	12	26	0.035014040173041	POSITIVE
GSE302495	RANDOM_1645	38	12	26	-0.00733958891530878	NEGATIVE
GSE302495	RANDOM_1646	38	12	26	0.0944364994183544	POSITIVE
GSE302495	RANDOM_1647	38	12	26	0.362303445940128	POSITIVE
GSE302495	RANDOM_1648	38	12	26	0.240207960727782	POSITIVE
GSE302495	RANDOM_1649	38	12	26	0.43596129085852	POSITIVE
GSE302495	RANDOM_1650	38	12	26	0.142204070305163	POSITIVE
GSE302495	RANDOM_1651	38	12	26	-0.0622373550128887	NEGATIVE
GSE302495	RANDOM_1652	38	12	26	0.0335642556768438	POSITIVE
GSE302495	RANDOM_1653	38	12	26	0.345873288885195	POSITIVE
GSE302495	RANDOM_1654	38	12	26	0.127980658971966	POSITIVE
GSE302495	RANDOM_1655	38	12	26	0.244507210607719	POSITIVE
GSE302495	RANDOM_1656	38	12	26	-0.00965744904599304	NEGATIVE
GSE302495	RANDOM_1657	38	12	26	0.514127704126642	POSITIVE
GSE302495	RANDOM_1658	38	12	26	0.0397450861883636	POSITIVE
GSE302495	RANDOM_1659	38	12	26	0.245587025867549	POSITIVE
GSE302495	RANDOM_1660	38	12	26	0.252689084849232	POSITIVE
GSE302495	RANDOM_1661	38	12	26	-0.170048009979281	NEGATIVE
GSE302495	RANDOM_1662	38	12	26	0.0864382713223723	POSITIVE
GSE302495	RANDOM_1663	38	12	26	-0.199170994516307	NEGATIVE
GSE302495	RANDOM_1664	38	12	26	0.291658151693571	POSITIVE
GSE302495	RANDOM_1665	38	12	26	-0.123655688236474	NEGATIVE
GSE302495	RANDOM_1666	38	12	26	0.112329416367353	POSITIVE
GSE302495	RANDOM_1667	38	12	26	0.262826714331789	POSITIVE
GSE302495	RANDOM_1668	38	12	26	0.226439359310012	POSITIVE
GSE302495	RANDOM_1669	38	12	26	0.0824564458909736	POSITIVE
GSE302495	RANDOM_1670	38	12	26	0.226895811838049	POSITIVE
GSE302495	RANDOM_1671	38	12	26	-0.0122671178514031	NEGATIVE
GSE302495	RANDOM_1672	38	12	26	0.132803122535414	POSITIVE
GSE302495	RANDOM_1673	38	12	26	0.254286093062452	POSITIVE
GSE302495	RANDOM_1674	38	12	26	0.18712360660047	POSITIVE
GSE302495	RANDOM_1675	38	12	26	0.0274974080678447	POSITIVE
GSE302495	RANDOM_1676	38	12	26	0.045636010852878	POSITIVE
GSE302495	RANDOM_1677	38	12	26	-0.122727533136817	NEGATIVE
GSE302495	RANDOM_1678	38	12	26	0.312160941700815	POSITIVE
GSE302495	RANDOM_1679	38	12	26	0.228208240337442	POSITIVE
GSE302495	RANDOM_1680	38	12	26	0.359416767397911	POSITIVE
GSE302495	RANDOM_1681	38	12	26	0.0411574859256295	POSITIVE
GSE302495	RANDOM_1682	38	12	26	0.200063250314328	POSITIVE
GSE302495	RANDOM_1683	38	12	26	0.0985363585009219	POSITIVE
GSE302495	RANDOM_1684	38	12	26	0.133955854175021	POSITIVE
GSE302495	RANDOM_1685	38	12	26	0.220095259321391	POSITIVE
GSE302495	RANDOM_1686	38	12	26	0.195556572279659	POSITIVE
GSE302495	RANDOM_1687	38	12	26	0.241671919889642	POSITIVE
GSE302495	RANDOM_1688	38	12	26	0.226840043943103	POSITIVE
GSE302495	RANDOM_1689	38	12	26	-0.237786327443736	NEGATIVE
GSE302495	RANDOM_1690	38	12	26	0.205426688416343	POSITIVE
GSE302495	RANDOM_1691	38	12	26	0.100970742590983	POSITIVE
GSE302495	RANDOM_1692	38	12	26	0.382967296865619	POSITIVE
GSE302495	RANDOM_1693	38	12	26	0.00896048366029683	POSITIVE
GSE302495	RANDOM_1694	38	12	26	0.000518467699879317	POSITIVE
GSE302495	RANDOM_1695	38	12	26	-0.0545014658662264	NEGATIVE
GSE302495	RANDOM_1696	38	12	26	-0.00897104008675855	NEGATIVE
GSE302495	RANDOM_1697	38	12	26	0.154366275663968	POSITIVE
GSE302495	RANDOM_1698	38	12	26	0.160152305767398	POSITIVE
GSE302495	RANDOM_1699	38	12	26	-0.14754175367405	NEGATIVE
GSE302495	RANDOM_1700	38	12	26	0.23452415818524	POSITIVE
GSE302495	RANDOM_1701	38	12	26	0.31370478285624	POSITIVE
GSE302495	RANDOM_1702	38	12	26	0.203024401986188	POSITIVE
GSE302495	RANDOM_1703	38	12	26	0.122406119036576	POSITIVE
GSE302495	RANDOM_1704	38	12	26	0.168136068125702	POSITIVE
GSE302495	RANDOM_1705	38	12	26	0.0199741188978892	POSITIVE
GSE302495	RANDOM_1706	38	12	26	-0.00856980256114139	NEGATIVE
GSE302495	RANDOM_1707	38	12	26	-0.032082915447516	NEGATIVE
GSE302495	RANDOM_1708	38	12	26	-0.113238720587694	NEGATIVE
GSE302495	RANDOM_1709	38	12	26	-0.247875184480574	NEGATIVE
GSE302495	RANDOM_1710	38	12	26	0.211373733331014	POSITIVE
GSE302495	RANDOM_1711	38	12	26	0.111401761461715	POSITIVE
GSE302495	RANDOM_1712	38	12	26	0.245695772043923	POSITIVE
GSE302495	RANDOM_1713	38	12	26	-0.102341800320228	NEGATIVE
GSE302495	RANDOM_1714	38	12	26	-0.0854465391579811	NEGATIVE
GSE302495	RANDOM_1715	38	12	26	-0.453742243781805	NEGATIVE
GSE302495	RANDOM_1716	38	12	26	0.159473242991447	POSITIVE
GSE302495	RANDOM_1717	38	12	26	-0.0454119246739373	NEGATIVE
GSE302495	RANDOM_1718	38	12	26	0.0927879174153544	POSITIVE
GSE302495	RANDOM_1719	38	12	26	0.361836662330392	POSITIVE
GSE302495	RANDOM_1720	38	12	26	0.107961238177417	POSITIVE
GSE302495	RANDOM_1721	38	12	26	-0.0197123699587206	NEGATIVE
GSE302495	RANDOM_1722	38	12	26	0.216190142413122	POSITIVE
GSE302495	RANDOM_1723	38	12	26	0.270592338780282	POSITIVE
GSE302495	RANDOM_1724	38	12	26	-0.0958041154294396	NEGATIVE
GSE302495	RANDOM_1725	38	12	26	0.000614713900209634	POSITIVE
GSE302495	RANDOM_1726	38	12	26	-0.0302084727417102	NEGATIVE
GSE302495	RANDOM_1727	38	12	26	0.00488418693581509	POSITIVE
GSE302495	RANDOM_1728	38	12	26	0.201221285844152	POSITIVE
GSE302495	RANDOM_1729	38	12	26	-0.153390849279867	NEGATIVE
GSE302495	RANDOM_1730	38	12	26	0.146987201981696	POSITIVE
GSE302495	RANDOM_1731	38	12	26	0.0828009210400586	POSITIVE
GSE302495	RANDOM_1732	38	12	26	-0.275825296140724	NEGATIVE
GSE302495	RANDOM_1733	38	12	26	-0.0767104366247659	NEGATIVE
GSE302495	RANDOM_1734	38	12	26	0.0540884082815279	POSITIVE
GSE302495	RANDOM_1735	38	12	26	-0.184119759116122	NEGATIVE
GSE302495	RANDOM_1736	38	12	26	0.192142112305129	POSITIVE
GSE302495	RANDOM_1737	38	12	26	0.247131639643627	POSITIVE
GSE302495	RANDOM_1738	38	12	26	0.208676473311676	POSITIVE
GSE302495	RANDOM_1739	38	12	26	0.207834434018541	POSITIVE
GSE302495	RANDOM_1740	38	12	26	0.151254138350087	POSITIVE
GSE302495	RANDOM_1741	38	12	26	-0.0186876766625166	NEGATIVE
GSE302495	RANDOM_1742	38	12	26	0.401647472422675	POSITIVE
GSE302495	RANDOM_1743	38	12	26	0.250730246223855	POSITIVE
GSE302495	RANDOM_1744	38	12	26	0.0328165116054724	POSITIVE
GSE302495	RANDOM_1745	38	12	26	0.327906750006904	POSITIVE
GSE302495	RANDOM_1746	38	12	26	-0.0904671556334426	NEGATIVE
GSE302495	RANDOM_1747	38	12	26	0.0814010599095537	POSITIVE
GSE302495	RANDOM_1748	38	12	26	-0.0464050000629261	NEGATIVE
GSE302495	RANDOM_1749	38	12	26	0.141235245273403	POSITIVE
GSE302495	RANDOM_1750	38	12	26	0.271813305911649	POSITIVE
GSE302495	RANDOM_1751	38	12	26	0.169057719208527	POSITIVE
GSE302495	RANDOM_1752	38	12	26	0.408240687728399	POSITIVE
GSE302495	RANDOM_1753	38	12	26	0.116425780541251	POSITIVE
GSE302495	RANDOM_1754	38	12	26	0.318737926180868	POSITIVE
GSE302495	RANDOM_1755	38	12	26	0.322011680819135	POSITIVE
GSE302495	RANDOM_1756	38	12	26	0.0768969448653875	POSITIVE
GSE302495	RANDOM_1757	38	12	26	0.0667180181657375	POSITIVE
GSE302495	RANDOM_1758	38	12	26	0.0676258156057185	POSITIVE
GSE302495	RANDOM_1759	38	12	26	0.076221649126246	POSITIVE
GSE302495	RANDOM_1760	38	12	26	0.0536663520143788	POSITIVE
GSE302495	RANDOM_1761	38	12	26	-0.141625278400459	NEGATIVE
GSE302495	RANDOM_1762	38	12	26	0.387978669444024	POSITIVE
GSE302495	RANDOM_1763	38	12	26	-0.186776087741739	NEGATIVE
GSE302495	RANDOM_1764	38	12	26	0.386126929051163	POSITIVE
GSE302495	RANDOM_1765	38	12	26	0.387289679367041	POSITIVE
GSE302495	RANDOM_1766	38	12	26	0.10684051684157	POSITIVE
GSE302495	RANDOM_1767	38	12	26	0.122001622819397	POSITIVE
GSE302495	RANDOM_1768	38	12	26	0.0464895142925656	POSITIVE
GSE302495	RANDOM_1769	38	12	26	0.00287560357005053	POSITIVE
GSE302495	RANDOM_1770	38	12	26	0.145560316420191	POSITIVE
GSE302495	RANDOM_1771	38	12	26	0.191213698057781	POSITIVE
GSE302495	RANDOM_1772	38	12	26	0.267405180254441	POSITIVE
GSE302495	RANDOM_1773	38	12	26	0.0146895469239018	POSITIVE
GSE302495	RANDOM_1774	38	12	26	-0.0483151871473668	NEGATIVE
GSE302495	RANDOM_1775	38	12	26	0.167723094465834	POSITIVE
GSE302495	RANDOM_1776	38	12	26	0.0691321370342259	POSITIVE
GSE302495	RANDOM_1777	38	12	26	0.289742632512056	POSITIVE
GSE302495	RANDOM_1778	38	12	26	0.26582089833507	POSITIVE
GSE302495	RANDOM_1779	38	12	26	0.390827135755678	POSITIVE
GSE302495	RANDOM_1780	38	12	26	0.209388302067255	POSITIVE
GSE302495	RANDOM_1781	38	12	26	-0.121921385672511	NEGATIVE
GSE302495	RANDOM_1782	38	12	26	0.464658568945647	POSITIVE
GSE302495	RANDOM_1783	38	12	26	-0.142171687521915	NEGATIVE
GSE302495	RANDOM_1784	38	12	26	0.228996438944148	POSITIVE
GSE302495	RANDOM_1785	38	12	26	0.408561811684614	POSITIVE
GSE302495	RANDOM_1786	38	12	26	0.349154061834909	POSITIVE
GSE302495	RANDOM_1787	38	12	26	0.0721887475440716	POSITIVE
GSE302495	RANDOM_1788	38	12	26	0.211278560072734	POSITIVE
GSE302495	RANDOM_1789	38	12	26	0.065163024190645	POSITIVE
GSE302495	RANDOM_1790	38	12	26	-0.239918543002136	NEGATIVE
GSE302495	RANDOM_1791	38	12	26	0.0977245118843648	POSITIVE
GSE302495	RANDOM_1792	38	12	26	0.132625672890935	POSITIVE
GSE302495	RANDOM_1793	38	12	26	0.317488115171409	POSITIVE
GSE302495	RANDOM_1794	38	12	26	0.0920003241752589	POSITIVE
GSE302495	RANDOM_1795	38	12	26	-0.000234706567101239	NEGATIVE
GSE302495	RANDOM_1796	38	12	26	0.0594735532403854	POSITIVE
GSE302495	RANDOM_1797	38	12	26	0.370220784175159	POSITIVE
GSE302495	RANDOM_1798	38	12	26	0.254195704456849	POSITIVE
GSE302495	RANDOM_1799	38	12	26	-0.0145431638259751	NEGATIVE
GSE302495	RANDOM_1800	38	12	26	0.296971702958572	POSITIVE
GSE302495	RANDOM_1801	38	12	26	0.285414729437135	POSITIVE
GSE302495	RANDOM_1802	38	12	26	0.468096891316417	POSITIVE
GSE302495	RANDOM_1803	38	12	26	-0.154087891753402	NEGATIVE
GSE302495	RANDOM_1804	38	12	26	0.0863124551767209	POSITIVE
GSE302495	RANDOM_1805	38	12	26	0.266132536395012	POSITIVE
GSE302495	RANDOM_1806	38	12	26	-0.01439293877779	NEGATIVE
GSE302495	RANDOM_1807	38	12	26	0.169177024526231	POSITIVE
GSE302495	RANDOM_1808	38	12	26	0.134474856142716	POSITIVE
GSE302495	RANDOM_1809	38	12	26	0.156569535267154	POSITIVE
GSE302495	RANDOM_1810	38	12	26	-0.037977528670813	NEGATIVE
GSE302495	RANDOM_1811	38	12	26	-0.0891376576972622	NEGATIVE
GSE302495	RANDOM_1812	38	12	26	0.206141583387367	POSITIVE
GSE302495	RANDOM_1813	38	12	26	0.0828642710795558	POSITIVE
GSE302495	RANDOM_1814	38	12	26	0.300577459869354	POSITIVE
GSE302495	RANDOM_1815	38	12	26	0.0309200111453808	POSITIVE
GSE302495	RANDOM_1816	38	12	26	0.272381528857557	POSITIVE
GSE302495	RANDOM_1817	38	12	26	0.248603600229289	POSITIVE
GSE302495	RANDOM_1818	38	12	26	0.0569211972202292	POSITIVE
GSE302495	RANDOM_1819	38	12	26	0.0871900757194092	POSITIVE
GSE302495	RANDOM_1820	38	12	26	0.345597465112157	POSITIVE
GSE302495	RANDOM_1821	38	12	26	0.317855422889765	POSITIVE
GSE302495	RANDOM_1822	38	12	26	-0.0966507799260569	NEGATIVE
GSE302495	RANDOM_1823	38	12	26	-0.0416610137071259	NEGATIVE
GSE302495	RANDOM_1824	38	12	26	0.297104494298753	POSITIVE
GSE302495	RANDOM_1825	38	12	26	-0.107838712611605	NEGATIVE
GSE302495	RANDOM_1826	38	12	26	0.0904373973915193	POSITIVE
GSE302495	RANDOM_1827	38	12	26	0.115578645370199	POSITIVE
GSE302495	RANDOM_1828	38	12	26	0.030545059278518	POSITIVE
GSE302495	RANDOM_1829	38	12	26	0.0900479083600412	POSITIVE
GSE302495	RANDOM_1830	38	12	26	0.0453568662437656	POSITIVE
GSE302495	RANDOM_1831	38	12	26	0.166859958777036	POSITIVE
GSE302495	RANDOM_1832	38	12	26	0.445446459315049	POSITIVE
GSE302495	RANDOM_1833	38	12	26	0.298000608856102	POSITIVE
GSE302495	RANDOM_1834	38	12	26	0.0557242678768505	POSITIVE
GSE302495	RANDOM_1835	38	12	26	-0.145853175506928	NEGATIVE
GSE302495	RANDOM_1836	38	12	26	-0.0846186501919591	NEGATIVE
GSE302495	RANDOM_1837	38	12	26	-0.110751133943285	NEGATIVE
GSE302495	RANDOM_1838	38	12	26	0.546671013984766	POSITIVE
GSE302495	RANDOM_1839	38	12	26	0.0675267101808538	POSITIVE
GSE302495	RANDOM_1840	38	12	26	0.249175100012639	POSITIVE
GSE302495	RANDOM_1841	38	12	26	0.235760974514437	POSITIVE
GSE302495	RANDOM_1842	38	12	26	0.0242979105230609	POSITIVE
GSE302495	RANDOM_1843	38	12	26	0.0563272786343776	POSITIVE
GSE302495	RANDOM_1844	38	12	26	0.0197205283283582	POSITIVE
GSE302495	RANDOM_1845	38	12	26	-0.136315366003013	NEGATIVE
GSE302495	RANDOM_1846	38	12	26	-0.138021380753702	NEGATIVE
GSE302495	RANDOM_1847	38	12	26	0.119036558017393	POSITIVE
GSE302495	RANDOM_1848	38	12	26	0.196880685831455	POSITIVE
GSE302495	RANDOM_1849	38	12	26	-0.0838986918071535	NEGATIVE
GSE302495	RANDOM_1850	38	12	26	0.143496404154921	POSITIVE
GSE302495	RANDOM_1851	38	12	26	0.23512815008872	POSITIVE
GSE302495	RANDOM_1852	38	12	26	0.124741971720251	POSITIVE
GSE302495	RANDOM_1853	38	12	26	0.35178837959716	POSITIVE
GSE302495	RANDOM_1854	38	12	26	0.181314487970888	POSITIVE
GSE302495	RANDOM_1855	38	12	26	0.290811371079415	POSITIVE
GSE302495	RANDOM_1856	38	12	26	0.252563363280076	POSITIVE
GSE302495	RANDOM_1857	38	12	26	0.0704701834364868	POSITIVE
GSE302495	RANDOM_1858	38	12	26	0.144830498772655	POSITIVE
GSE302495	RANDOM_1859	38	12	26	0.0964000505090463	POSITIVE
GSE302495	RANDOM_1860	38	12	26	0.0557131934496657	POSITIVE
GSE302495	RANDOM_1861	38	12	26	0.0181717496363775	POSITIVE
GSE302495	RANDOM_1862	38	12	26	0.169965426620455	POSITIVE
GSE302495	RANDOM_1863	38	12	26	0.248266890432401	POSITIVE
GSE302495	RANDOM_1864	38	12	26	0.00882097345018909	POSITIVE
GSE302495	RANDOM_1865	38	12	26	-0.0551649749506778	NEGATIVE
GSE302495	RANDOM_1866	38	12	26	0.047732138033894	POSITIVE
GSE302495	RANDOM_1867	38	12	26	0.331998291180481	POSITIVE
GSE302495	RANDOM_1868	38	12	26	-0.180887601941305	NEGATIVE
GSE302495	RANDOM_1869	38	12	26	0.0303054540454473	POSITIVE
GSE302495	RANDOM_1870	38	12	26	-0.0536919862273935	NEGATIVE
GSE302495	RANDOM_1871	38	12	26	-0.145940152649824	NEGATIVE
GSE302495	RANDOM_1872	38	12	26	-0.0428313469796562	NEGATIVE
GSE302495	RANDOM_1873	38	12	26	0.27647511695306	POSITIVE
GSE302495	RANDOM_1874	38	12	26	0.325489367253081	POSITIVE
GSE302495	RANDOM_1875	38	12	26	0.331131344394198	POSITIVE
GSE302495	RANDOM_1876	38	12	26	0.0126968773411574	POSITIVE
GSE302495	RANDOM_1877	38	12	26	0.174552602062246	POSITIVE
GSE302495	RANDOM_1878	38	12	26	-0.169808464679579	NEGATIVE
GSE302495	RANDOM_1879	38	12	26	0.313500106302323	POSITIVE
GSE302495	RANDOM_1880	38	12	26	0.106902741571497	POSITIVE
GSE302495	RANDOM_1881	38	12	26	-0.0145690216516817	NEGATIVE
GSE302495	RANDOM_1882	38	12	26	0.348777428166936	POSITIVE
GSE302495	RANDOM_1883	38	12	26	0.161707589035202	POSITIVE
GSE302495	RANDOM_1884	38	12	26	0.0343403414536589	POSITIVE
GSE302495	RANDOM_1885	38	12	26	-0.0494176791926958	NEGATIVE
GSE302495	RANDOM_1886	38	12	26	0.22434657098413	POSITIVE
GSE302495	RANDOM_1887	38	12	26	-0.0881162089547746	NEGATIVE
GSE302495	RANDOM_1888	38	12	26	0.0477341125208777	POSITIVE
GSE302495	RANDOM_1889	38	12	26	-0.1677424352991	NEGATIVE
GSE302495	RANDOM_1890	38	12	26	0.0504836410526234	POSITIVE
GSE302495	RANDOM_1891	38	12	26	0.065675894168226	POSITIVE
GSE302495	RANDOM_1892	38	12	26	0.381178840577825	POSITIVE
GSE302495	RANDOM_1893	38	12	26	0.265295785319801	POSITIVE
GSE302495	RANDOM_1894	38	12	26	-0.00489586729486666	NEGATIVE
GSE302495	RANDOM_1895	38	12	26	0.166001839119606	POSITIVE
GSE302495	RANDOM_1896	38	12	26	0.488339023053769	POSITIVE
GSE302495	RANDOM_1897	38	12	26	0.121115418388552	POSITIVE
GSE302495	RANDOM_1898	38	12	26	0.362378939649407	POSITIVE
GSE302495	RANDOM_1899	38	12	26	0.465978333272397	POSITIVE
GSE302495	RANDOM_1900	38	12	26	0.181718411524196	POSITIVE
GSE302495	RANDOM_1901	38	12	26	0.401555487617304	POSITIVE
GSE302495	RANDOM_1902	38	12	26	0.248810073730995	POSITIVE
GSE302495	RANDOM_1903	38	12	26	0.0908617376524712	POSITIVE
GSE302495	RANDOM_1904	38	12	26	-0.10777098783909	NEGATIVE
GSE302495	RANDOM_1905	38	12	26	0.234530538649986	POSITIVE
GSE302495	RANDOM_1906	38	12	26	0.096696229796239	POSITIVE
GSE302495	RANDOM_1907	38	12	26	0.0352573171114575	POSITIVE
GSE302495	RANDOM_1908	38	12	26	0.123729084175499	POSITIVE
GSE302495	RANDOM_1909	38	12	26	0.320970714649741	POSITIVE
GSE302495	RANDOM_1910	38	12	26	-0.0772752535729596	NEGATIVE
GSE302495	RANDOM_1911	38	12	26	0.238635606983002	POSITIVE
GSE302495	RANDOM_1912	38	12	26	0.431329067973265	POSITIVE
GSE302495	RANDOM_1913	38	12	26	0.243334170573319	POSITIVE
GSE302495	RANDOM_1914	38	12	26	-0.0627821417082682	NEGATIVE
GSE302495	RANDOM_1915	38	12	26	0.0773887052119579	POSITIVE
GSE302495	RANDOM_1916	38	12	26	-0.0741326468578294	NEGATIVE
GSE302495	RANDOM_1917	38	12	26	0.0630718004144602	POSITIVE
GSE302495	RANDOM_1918	38	12	26	0.00880923013713924	POSITIVE
GSE302495	RANDOM_1919	38	12	26	-0.0240433729443059	NEGATIVE
GSE302495	RANDOM_1920	38	12	26	0.29136927586639	POSITIVE
GSE302495	RANDOM_1921	38	12	26	0.138062567488833	POSITIVE
GSE302495	RANDOM_1922	38	12	26	-0.077074234293513	NEGATIVE
GSE302495	RANDOM_1923	38	12	26	0.0708832098402363	POSITIVE
GSE302495	RANDOM_1924	38	12	26	0.186117128172905	POSITIVE
GSE302495	RANDOM_1925	38	12	26	0.265467603636674	POSITIVE
GSE302495	RANDOM_1926	38	12	26	-0.12212223914832	NEGATIVE
GSE302495	RANDOM_1927	38	12	26	0.366745890779563	POSITIVE
GSE302495	RANDOM_1928	38	12	26	0.0684856517687741	POSITIVE
GSE302495	RANDOM_1929	38	12	26	0.0856436724074361	POSITIVE
GSE302495	RANDOM_1930	38	12	26	-0.0373690608796886	NEGATIVE
GSE302495	RANDOM_1931	38	12	26	0.165693087143003	POSITIVE
GSE302495	RANDOM_1932	38	12	26	0.359871754199381	POSITIVE
GSE302495	RANDOM_1933	38	12	26	-0.0765381916586432	NEGATIVE
GSE302495	RANDOM_1934	38	12	26	0.186930377669135	POSITIVE
GSE302495	RANDOM_1935	38	12	26	0.327825990778266	POSITIVE
GSE302495	RANDOM_1936	38	12	26	-0.0670895929018196	NEGATIVE
GSE302495	RANDOM_1937	38	12	26	0.145679770047992	POSITIVE
GSE302495	RANDOM_1938	38	12	26	0.391496858627597	POSITIVE
GSE302495	RANDOM_1939	38	12	26	0.090511229538965	POSITIVE
GSE302495	RANDOM_1940	38	12	26	-0.0378339242250228	NEGATIVE
GSE302495	RANDOM_1941	38	12	26	0.158115769101439	POSITIVE
GSE302495	RANDOM_1942	38	12	26	0.294715411987646	POSITIVE
GSE302495	RANDOM_1943	38	12	26	-0.181106588818731	NEGATIVE
GSE302495	RANDOM_1944	38	12	26	0.261254950802472	POSITIVE
GSE302495	RANDOM_1945	38	12	26	0.287087673177768	POSITIVE
GSE302495	RANDOM_1946	38	12	26	0.145480425744882	POSITIVE
GSE302495	RANDOM_1947	38	12	26	0.131270921495563	POSITIVE
GSE302495	RANDOM_1948	38	12	26	0.307667883754381	POSITIVE
GSE302495	RANDOM_1949	38	12	26	-0.00094735949068603	NEGATIVE
GSE302495	RANDOM_1950	38	12	26	0.0805537081521696	POSITIVE
GSE302495	RANDOM_1951	38	12	26	-0.373918213979084	NEGATIVE
GSE302495	RANDOM_1952	38	12	26	0.0836376065250214	POSITIVE
GSE302495	RANDOM_1953	38	12	26	0.000202306017123166	POSITIVE
GSE302495	RANDOM_1954	38	12	26	0.4366331785745	POSITIVE
GSE302495	RANDOM_1955	38	12	26	0.21773250342791	POSITIVE
GSE302495	RANDOM_1956	38	12	26	0.393474691325436	POSITIVE
GSE302495	RANDOM_1957	38	12	26	0.181144667915395	POSITIVE
GSE302495	RANDOM_1958	38	12	26	0.279284405656995	POSITIVE
GSE302495	RANDOM_1959	38	12	26	0.253392145266926	POSITIVE
GSE302495	RANDOM_1960	38	12	26	0.134357731882899	POSITIVE
GSE302495	RANDOM_1961	38	12	26	0.18723608762364	POSITIVE
GSE302495	RANDOM_1962	38	12	26	0.222161173243606	POSITIVE
GSE302495	RANDOM_1963	38	12	26	0.219586593205146	POSITIVE
GSE302495	RANDOM_1964	38	12	26	0.0475020627715606	POSITIVE
GSE302495	RANDOM_1965	38	12	26	-0.0834043254882082	NEGATIVE
GSE302495	RANDOM_1966	38	12	26	-0.0676876743942235	NEGATIVE
GSE302495	RANDOM_1967	38	12	26	0.151274215665315	POSITIVE
GSE302495	RANDOM_1968	38	12	26	-0.0376566896665932	NEGATIVE
GSE302495	RANDOM_1969	38	12	26	0.403022479541389	POSITIVE
GSE302495	RANDOM_1970	38	12	26	0.0488643524169737	POSITIVE
GSE302495	RANDOM_1971	38	12	26	0.0979177097556756	POSITIVE
GSE302495	RANDOM_1972	38	12	26	0.274357257428786	POSITIVE
GSE302495	RANDOM_1973	38	12	26	0.208648749830454	POSITIVE
GSE302495	RANDOM_1974	38	12	26	0.313401305975493	POSITIVE
GSE302495	RANDOM_1975	38	12	26	0.0709106257534549	POSITIVE
GSE302495	RANDOM_1976	38	12	26	0.069843282551725	POSITIVE
GSE302495	RANDOM_1977	38	12	26	-0.0820866312862657	NEGATIVE
GSE302495	RANDOM_1978	38	12	26	-0.0543529919021989	NEGATIVE
GSE302495	RANDOM_1979	38	12	26	0.221479694667963	POSITIVE
GSE302495	RANDOM_1980	38	12	26	0.423532199251982	POSITIVE
GSE302495	RANDOM_1981	38	12	26	0.121196715230826	POSITIVE
GSE302495	RANDOM_1982	38	12	26	0.295088333272662	POSITIVE
GSE302495	RANDOM_1983	38	12	26	0.291549128943434	POSITIVE
GSE302495	RANDOM_1984	38	12	26	0.231292076306844	POSITIVE
GSE302495	RANDOM_1985	38	12	26	-0.0809026838776068	NEGATIVE
GSE302495	RANDOM_1986	38	12	26	0.313182349759925	POSITIVE
GSE302495	RANDOM_1987	38	12	26	0.154847119325681	POSITIVE
GSE302495	RANDOM_1988	38	12	26	-0.100146459926379	NEGATIVE
GSE302495	RANDOM_1989	38	12	26	0.361992638927524	POSITIVE
GSE302495	RANDOM_1990	38	12	26	0.312993137054713	POSITIVE
GSE302495	RANDOM_1991	38	12	26	0.419942615681138	POSITIVE
GSE302495	RANDOM_1992	38	12	26	0.172650535201831	POSITIVE
GSE302495	RANDOM_1993	38	12	26	0.00447296985642257	POSITIVE
GSE302495	RANDOM_1994	38	12	26	0.116887854642853	POSITIVE
GSE302495	RANDOM_1995	38	12	26	0.0719330771200518	POSITIVE
GSE302495	RANDOM_1996	38	12	26	0.21099334708991	POSITIVE
GSE302495	RANDOM_1997	38	12	26	0.116316960316704	POSITIVE
GSE302495	RANDOM_1998	38	12	26	0.129962284954234	POSITIVE
GSE302495	RANDOM_1999	38	12	26	0.108113263426627	POSITIVE
GSE302495	RANDOM_2000	38	12	26	-0.0631191019357306	NEGATIVE
