module	current_source_table	current_script	direct_inputs	direct_outputs	software_environment	status	source_sha256	script_sha256	verification
Table S1 part 1	supplement/tables/S01_01.tsv	HCC_FINAL_AI_REVIEW_CORRECTION_20260921_V1/audit/build_workbook.mjs	supplement/tables/S01_01.tsv	Supplementary_Tables_S1-S15.xlsx	Bundled artifact-tool Node runtime; audit/build_workbook.mjs	DISPLAY_ONLY	ab0c9641f0a451f4fe72990db5f83f825b5ed42fc840ccea5a996883023a0aa3	6a7b83f2a8f472656b8bde9f48d1a2fb5cb650e54ce1d764d4697965027dfd57	SOURCE_RECOVERED; analytical producer candidates listed; no raw rerun; analytical entry: HCC_FINAL_AI_REVIEW_CORRECTION_20260921_V1/audit/finish_tables.py
Analytical module HCC_FINAL_AI_REVIEW_CORRECTION_20260921_V1	HCC_FINAL_AI_REVIEW_CORRECTION_20260921_V1\UPDATED_DATASET_REGISTRY.tsv	HCC_FINAL_AI_REVIEW_CORRECTION_20260921_V1/audit/finish_tables.py	rs=read(O/'supplement/tables/S03_01.tsv') ; registry=read(O/'UPDATED_DATASET_REGISTRY.tsv')	supplement/tables/S01_01.tsv	Recorded module session info; R 4.4.1 or Python analysis-specific versions; see repository environment/ and S15_05	ACTIVE_CURRENT	ab0c9641f0a451f4fe72990db5f83f825b5ed42fc840ccea5a996883023a0aa3	cd90d5f0a8db115acc8edad42ee0233f230e4f155915fb1640dc01f361a21664	Static source/input inspection only; original path resolution may require project root. SOURCE_RECOVERED; analytical producer candidates listed; no raw rerun
Table S1 part 2	supplement/tables/S01_02.tsv	HCC_FINAL_AI_REVIEW_CORRECTION_20260921_V1/audit/build_workbook.mjs	supplement/tables/S01_02.tsv	Supplementary_Tables_S1-S15.xlsx	Bundled artifact-tool Node runtime; audit/build_workbook.mjs	DISPLAY_ONLY	95a645d0cbe3d2053091129e518130c9866bf07f3e25a61e286e3b6620fa6ba2	6a7b83f2a8f472656b8bde9f48d1a2fb5cb650e54ce1d764d4697965027dfd57	DOCUMENTARY_RECORD: manually archived metadata/chronology; exact output and hash recovered; not an analytical result producer; analytical entry: SOURCE_AMBIGUITY: exact producing entry not uniquely identified
Table S2 part 1	supplement/tables/S02_01.tsv	HCC_FINAL_AI_REVIEW_CORRECTION_20260921_V1/audit/build_workbook.mjs	supplement/tables/S02_01.tsv	Supplementary_Tables_S1-S15.xlsx	Bundled artifact-tool Node runtime; audit/build_workbook.mjs	DISPLAY_ONLY	23f270764398e386333e48fa1c13d00a5847b2758a8eb67a5d23a21fa2b8f482	6a7b83f2a8f472656b8bde9f48d1a2fb5cb650e54ce1d764d4697965027dfd57	SOURCE_RECOVERED; analytical producer candidates listed; no raw rerun; analytical entry: HCC_PTPN22_AF35_FINAL_PROSE_SUPPLEMENT_POLISH_20260918_V1/build_final_prose_supplement.py | HCC_ICI_HIGH_IMPACT_BIOLOGICAL_RESOLUTION_AUDIT_v1/scripts/build_biological_resolution_audit.py | 绘图视觉/HCC_ICI_PANEL_LEVEL_REFERENCE_DRIVEN_RECONSTRUCTION_V3_0/qa/v3_f1_f2.py
Analytical module HCC_ICI_project	HCC_ICI_project\05_results\tables\TARGET_RANKING_v1.tsv	HCC_PTPN22_AF35_FINAL_PROSE_SUPPLEMENT_POLISH_20260918_V1/build_final_prose_supplement.py	"for block in iter(lambda: f.read(1024 * 1024), b""""):"	supplement/tables/S02_01.tsv	Recorded module session info; R 4.4.1 or Python analysis-specific versions; see repository environment/ and S15_05	ACTIVE_CURRENT	c8b98fd7bd5c5da4a01b8f25938e6276fe05701c06f915c5ce403a4f26346976	e7acf0792fa7cf08b05611b4ac62bfbbd0d6a32c17827a3c6d3a8d67406232b1	Static source/input inspection only; original path resolution may require project root. SOURCE_RECOVERED; analytical producer candidates listed; no raw rerun
Analytical module HCC_ICI_project	HCC_ICI_project\05_results\tables\TARGET_RANKING_v1.tsv	HCC_ICI_HIGH_IMPACT_BIOLOGICAL_RESOLUTION_AUDIT_v1/scripts/build_biological_resolution_audit.py		supplement/tables/S02_01.tsv	Recorded module session info; R 4.4.1 or Python analysis-specific versions; see repository environment/ and S15_05	ACTIVE_CURRENT	c8b98fd7bd5c5da4a01b8f25938e6276fe05701c06f915c5ce403a4f26346976	edfa152f608a46b04ac82942f7ce87cda390c4aebc0ed577a72ba0d59e8b5abe	Static source/input inspection only; original path resolution may require project root. SOURCE_RECOVERED; analytical producer candidates listed; no raw rerun
Analytical module HCC_ICI_project	HCC_ICI_project\05_results\tables\TARGET_RANKING_v1.tsv	绘图视觉/HCC_ICI_PANEL_LEVEL_REFERENCE_DRIVEN_RECONSTRUCTION_V3_0/qa/v3_f1_f2.py		supplement/tables/S02_01.tsv	Recorded module session info; R 4.4.1 or Python analysis-specific versions; see repository environment/ and S15_05	ACTIVE_CURRENT	c8b98fd7bd5c5da4a01b8f25938e6276fe05701c06f915c5ce403a4f26346976	8b8ffb6105665c7b85d1f4b60ff4b923fffcb0d6bab1f4044211b8df16d2f3ac	Static source/input inspection only; original path resolution may require project root. SOURCE_RECOVERED; analytical producer candidates listed; no raw rerun
Table S2 part 2	supplement/tables/S02_02.tsv	HCC_FINAL_AI_REVIEW_CORRECTION_20260921_V1/audit/build_workbook.mjs	supplement/tables/S02_02.tsv	Supplementary_Tables_S1-S15.xlsx	Bundled artifact-tool Node runtime; audit/build_workbook.mjs	DISPLAY_ONLY	d49d75abcfe4f767ee9bfa41662ab4c5c215ea44361bef383fccfcfdc29e9665	6a7b83f2a8f472656b8bde9f48d1a2fb5cb650e54ce1d764d4697965027dfd57	SOURCE_RECOVERED; analytical producer candidates listed; no raw rerun; analytical entry: HCC_PTPN22_AF35_FINAL_PROSE_SUPPLEMENT_POLISH_20260918_V1/build_final_prose_supplement.py | HCC_ICI_HIGH_IMPACT_BIOLOGICAL_RESOLUTION_AUDIT_v1/scripts/build_biological_resolution_audit.py | 绘图视觉/HCC_ICI_PANEL_LEVEL_REFERENCE_DRIVEN_RECONSTRUCTION_V3_0/qa/v3_f1_f2.py
Table S3 part 1	supplement/tables/S03_01.tsv	HCC_FINAL_AI_REVIEW_CORRECTION_20260921_V1/audit/build_workbook.mjs	supplement/tables/S03_01.tsv	Supplementary_Tables_S1-S15.xlsx	Bundled artifact-tool Node runtime; audit/build_workbook.mjs	DISPLAY_ONLY	38ba707760755e5c3c221f37bcab48b70285846f6c728de4aeaf6437bb20505a	6a7b83f2a8f472656b8bde9f48d1a2fb5cb650e54ce1d764d4697965027dfd57	SOURCE_RECOVERED; analytical producer candidates listed; no raw rerun; analytical entry: AF35_RESPONSE_BLIND_PROGRAM_COHERENCE_v1/scripts/00_initialize.py
Analytical module AF35_RESPONSE_BLIND_PROGRAM_COHERENCE_v1	AF35_RESPONSE_BLIND_PROGRAM_COHERENCE_v1\inputs\AF35_ORDERED_GENES.tsv	AF35_RESPONSE_BLIND_PROGRAM_COHERENCE_v1/scripts/00_initialize.py	for b in iter(lambda:f.read(2**20),b''):h.update(b) ; def read(p,**kw): return pd.read_csv(p,sep='\t',**kw) ; m=read(base/'COMPLETE_SHA256_MANIFEST.tsv') ; expected.update({str(ROOT/r.path):r.sha256 for r in read(E/'SOURCE_BINDINGS.tsv').itertuples()}) ; g=read(A/'AF35_ORDERED_GENES.tsv');assert len(g)==35 and g.gene.nunique()==35 and 'PTPN22' not in g.gene.tolist() ; assert g.gene.tolist()==read(B/'AF35_ORDERED_GENES.tsv').gene.tolist() ; ids=read(E/f'inputs/{c}_MOLECULAR_INPUT_RESPONSE_BLIND.tsv',usecols=['patient_id']).patient_id	supplement/tables/S03_01.tsv	Recorded module session info; R 4.4.1 or Python analysis-specific versions; see repository environment/ and S15_05	ACTIVE_CURRENT	94c9fcfc9fb5a7247d594ad4cc6109db3a0ffa2cfcec1e9e1c9795becc8370a4	fec77133d593f8739dba6dadb3edcc489ab9bbc17f5a156fb0b12f22891012e7	Static source/input inspection only; original path resolution may require project root. SOURCE_RECOVERED; analytical producer candidates listed; no raw rerun
Table S3 part 2	supplement/tables/S03_02.tsv	HCC_FINAL_AI_REVIEW_CORRECTION_20260921_V1/audit/build_workbook.mjs	supplement/tables/S03_02.tsv	Supplementary_Tables_S1-S15.xlsx	Bundled artifact-tool Node runtime; audit/build_workbook.mjs	DISPLAY_ONLY	f1a00457df87a8cf55c50826a952e00d08b3bfb8cedaf59e17d45745191726cd	6a7b83f2a8f472656b8bde9f48d1a2fb5cb650e54ce1d764d4697965027dfd57	DOCUMENTARY_RECORD: manually archived metadata/chronology; exact output and hash recovered; not an analytical result producer; analytical entry: SOURCE_AMBIGUITY: exact producing entry not uniquely identified
Table S3 part 3	supplement/tables/S03_03.tsv	HCC_FINAL_AI_REVIEW_CORRECTION_20260921_V1/audit/build_workbook.mjs	supplement/tables/S03_03.tsv	Supplementary_Tables_S1-S15.xlsx	Bundled artifact-tool Node runtime; audit/build_workbook.mjs	DISPLAY_ONLY	fb459648c21a0d3664bd344b40d8b6e7589c83fd503b15c272f98ae7f3c8fb6a	6a7b83f2a8f472656b8bde9f48d1a2fb5cb650e54ce1d764d4697965027dfd57	DOCUMENTARY_RECORD: manually archived metadata/chronology; exact output and hash recovered; not an analytical result producer; analytical entry: SOURCE_AMBIGUITY: exact producing entry not uniquely identified
Table S3 part 4	supplement/tables/S03_04.tsv	HCC_FINAL_AI_REVIEW_CORRECTION_20260921_V1/audit/build_workbook.mjs	supplement/tables/S03_04.tsv	Supplementary_Tables_S1-S15.xlsx	Bundled artifact-tool Node runtime; audit/build_workbook.mjs	DISPLAY_ONLY	9e98004533cc0e15b33ee3dae27bb8012a9ec6e497c0117f1a027ff10fc31bc1	6a7b83f2a8f472656b8bde9f48d1a2fb5cb650e54ce1d764d4697965027dfd57	SOURCE_RECOVERED; analytical producer candidates listed; no raw rerun; analytical entry: HCC_FINAL_AI_REVIEW_CORRECTION_20260921_V1/audit/finish_tables.py
Table S4 part 1	supplement/tables/S04_01.tsv	HCC_FINAL_AI_REVIEW_CORRECTION_20260921_V1/audit/build_workbook.mjs	supplement/tables/S04_01.tsv	Supplementary_Tables_S1-S15.xlsx	Bundled artifact-tool Node runtime; audit/build_workbook.mjs	DISPLAY_ONLY	a13bfceda3810336264e00d65c9de6293da5278dc2da66b4acd0209fcf3e5f1c	6a7b83f2a8f472656b8bde9f48d1a2fb5cb650e54ce1d764d4697965027dfd57	SOURCE_RECOVERED; analytical producer candidates listed; no raw rerun; analytical entry: HCC_PTPN22_AF35_FINAL_PROSE_SUPPLEMENT_POLISH_20260918_V1/build_final_prose_supplement.py
Table S4 part 2	supplement/tables/S04_02.tsv	HCC_FINAL_AI_REVIEW_CORRECTION_20260921_V1/audit/build_workbook.mjs	supplement/tables/S04_02.tsv	Supplementary_Tables_S1-S15.xlsx	Bundled artifact-tool Node runtime; audit/build_workbook.mjs	DISPLAY_ONLY	88948509703a0411c09cea6fb649c647c4f984058ac2080c36118b1b9f499c0c	6a7b83f2a8f472656b8bde9f48d1a2fb5cb650e54ce1d764d4697965027dfd57	SOURCE_RECOVERED; analytical producer candidates listed; no raw rerun; analytical entry: HCC_PTPN22_AF35_FINAL_PROSE_SUPPLEMENT_POLISH_20260918_V1/build_final_prose_supplement.py
Table S4 part 3	supplement/tables/S04_03.tsv	HCC_FINAL_AI_REVIEW_CORRECTION_20260921_V1/audit/build_workbook.mjs	supplement/tables/S04_03.tsv	Supplementary_Tables_S1-S15.xlsx	Bundled artifact-tool Node runtime; audit/build_workbook.mjs	DISPLAY_ONLY	88948509703a0411c09cea6fb649c647c4f984058ac2080c36118b1b9f499c0c	6a7b83f2a8f472656b8bde9f48d1a2fb5cb650e54ce1d764d4697965027dfd57	SOURCE_RECOVERED; analytical producer candidates listed; no raw rerun; analytical entry: PTPN22_AF35_COUPLING_ARCHITECTURE_v1/scripts/01_source_audit.py | 绘图视觉/HCC_ICI_V3_0R_REFERENCE_FIDELITY_RECONSTRUCTION/qa/translate.py | 绘图视觉/HCC_ICI_PANEL_LEVEL_REFERENCE_DRIVEN_RECONSTRUCTION_V3_0/qa/v3_f1_f2.py
Analytical module HCC_ICI_BIOLOGICAL_RESOLUTION_BR1_v1	HCC_ICI_BIOLOGICAL_RESOLUTION_BR1_v1\data\FIGURE1_STATE_PROGRAM_ASSOCIATION_PLOT_READY.tsv	PTPN22_AF35_COUPLING_ARCHITECTURE_v1/scripts/01_source_audit.py	im=pd.read_csv(I/'COMPLETE_SHA256_MANIFEST.tsv',sep='\t') ; meta=pd.read_csv(I/'inputs/TCR_CELL_METADATA_RESPONSE_BLIND.tsv',sep='\t') ; npz=np.load(P/'03_processed_data/phase19a_af35_clonotype/GSE235863_AF35_RESPONSE_BLIND_PROJECTION.npz') ; af=pd.read_csv(I/'inputs/AF35_ORDERED_GENES.tsv',sep='\t');assert af.gene.tolist()==npz['af35_gene_order'].tolist() and len(af)==35 and 'PTPN22' not in set(af.gene) ; rstruct=pd.read_csv(ROOT/'01_source/R_OBJECT_STRUCTURE_AUDIT.tsv',sep='\t')	supplement/tables/S04_03.tsv	Recorded module session info; R 4.4.1 or Python analysis-specific versions; see repository environment/ and S15_05	ACTIVE_CURRENT	5c2e56f0ec741d901957e0bf13f059a246332308b3fef20641138ab6eff5270a	808690eace8df6d9bb75037b17558686572e5ae807c41633c18c1e32e32588ee	Static source/input inspection only; original path resolution may require project root. SOURCE_RECOVERED; analytical producer candidates listed; no raw rerun
Analytical module HCC_ICI_BIOLOGICAL_RESOLUTION_BR1_v1	HCC_ICI_BIOLOGICAL_RESOLUTION_BR1_v1\data\FIGURE1_STATE_PROGRAM_ASSOCIATION_PLOT_READY.tsv	绘图视觉/HCC_ICI_V3_0R_REFERENCE_FIDELITY_RECONSTRUCTION/qa/translate.py	def read(n,fn): ; return pd.read_csv(p,sep='\t') ; a=read(6,FN6[ci]);return (a[a.primary_included] if ci==0 and clinical else a).sort_values('patient_id') ; fn={'F1B':'FIGURE1_CANONICAL_MARKER_STATE_PLOT_READY.tsv','F1C':'FIGURE1_STATE_PROGRAM_ASSOCIATION_PLOT_READY.tsv','F1D':'FIGURE1_PATIENT_PROGRAM_PLOT_READY.tsv','F1G':'FIGURE1_AF35_GENE_STATE_ASSOCIATION_PLOT_READY.tsv'}[m];a=read(1,fn) ; fn='GSE202069_PTPN22_PATIENT_VALUES.tsv' if j==0 else 'PTPN22_ADDITIONAL_ICI_PATIENT_VALUES.tsv';a=read(2,fn);a=a if j==0 else a[a.accession==c];field='PTPN22_log_expression_as_provided' if j==0 else 'PTPN22_expression' ; fn='FIGURE2_STRICT_FOUR_COHORT_EFFECTS.tsv';a=read(2,fn);d=base('C','Whole-tumor association','Hedges g (responder - nonresponder); REML-HKSJ');d.update(rows=[],v=[],colors=CC+['#CC7D26','#202629'],axis='Hedges g; null = 0') ; fn='PTPN22_FINAL_META_MODELS.tsv';a=read(2,fn);r=a[a.analysis_family=='PRIMARY'].iloc[0];v=[val(r,f,fn) for f in ['pooled_hedges_g','ci_low','ci_high']];lo,hi=[val(r,f,fn) for f in ['prediction_interval_low','prediction_interval_high']];assert lo<0<hi ; fn='GSE265961_CONDITION_SCORE_SUMMARY.tsv';a=read(4,fn) ; fn='GSE265961_PROGRAM_AND_CD69_EFFECTS.tsv';a=read(4,fn);a=a[a.analysis_population=='PRIMARY_CONSTRUCT_POSITIVE_NUMERIC_QC'] ; fn='PHASE17A_GSE314342_TARGET_QC.tsv';a=read(4,fn);target=[val(a[a.contrast_id.str.endswith('_'+ct)].iloc[0],'on_target_effect_size_author_scale',fn) for ct in CTX]	supplement/tables/S04_03.tsv	Recorded module session info; R 4.4.1 or Python analysis-specific versions; see repository environment/ and S15_05	ACTIVE_CURRENT	5c2e56f0ec741d901957e0bf13f059a246332308b3fef20641138ab6eff5270a	2338c2853729fe408055e30eb30222b48051cb2cbd07d575bce694712a77ac2d	Static source/input inspection only; original path resolution may require project root. SOURCE_RECOVERED; analytical producer candidates listed; no raw rerun
Table S4 part 4	supplement/tables/S04_04.tsv	HCC_FINAL_AI_REVIEW_CORRECTION_20260921_V1/audit/build_workbook.mjs	supplement/tables/S04_04.tsv	Supplementary_Tables_S1-S15.xlsx	Bundled artifact-tool Node runtime; audit/build_workbook.mjs	DISPLAY_ONLY	7d676631ace7cdb5cb41aecabce322fb9ec379a08977d1b47609dd02d01f28fe	6a7b83f2a8f472656b8bde9f48d1a2fb5cb650e54ce1d764d4697965027dfd57	SOURCE_RECOVERED; analytical producer candidates listed; no raw rerun; analytical entry: 绘图视觉/HCC_ICI_V3_0R_REFERENCE_FIDELITY_RECONSTRUCTION/qa/translate.py | 绘图视觉/HCC_ICI_PANEL_LEVEL_REFERENCE_DRIVEN_RECONSTRUCTION_V3_0/qa/v3_f1_f2.py
Table S4 part 5	supplement/tables/S04_05.tsv	HCC_FINAL_AI_REVIEW_CORRECTION_20260921_V1/audit/build_workbook.mjs	supplement/tables/S04_05.tsv	Supplementary_Tables_S1-S15.xlsx	Bundled artifact-tool Node runtime; audit/build_workbook.mjs	DISPLAY_ONLY	0bacb255224420a2b67526706ba5d97e479c5d203069adb851fd7ddf1d3782b7	6a7b83f2a8f472656b8bde9f48d1a2fb5cb650e54ce1d764d4697965027dfd57	SOURCE_RECOVERED; analytical producer candidates listed; no raw rerun; analytical entry: PTPN22_HUMAN_GENETIC_ACTIVATION_Phase0_v1/scripts/02_build_phase0_audits.py
Analytical module 新绘图流程	新绘图流程\FIGURE1_DISPLAY_SUPPORT_UMAP_AND_PROGRAM_ANALYSIS_V1\PROGRAM_GENE_COVERAGE.tsv	PTPN22_HUMAN_GENETIC_ACTIVATION_Phase0_v1/scripts/02_build_phase0_audits.py	old_manifest=pd.read_csv(authority/'10_qa/DELIVERABLE_MANIFEST_SHA256.tsv',sep='\t') ; programs=pd.read_csv(program_source,sep='\t',keep_default_na=False) ; meta=pd.read_csv(ROOT/'01_source/GEO_METADATA_PARSED.tsv',sep='\t',keep_default_na=False) ; ena=pd.read_csv(RAW/'SRP099568_ENA_run_metadata.tsv',sep='\t',keep_default_na=False) ; series=gzip.open(RAW/'GSE94859_series_matrix.txt.gz','rt').read()	supplement/tables/S04_05.tsv	Recorded module session info; R 4.4.1 or Python analysis-specific versions; see repository environment/ and S15_05	ACTIVE_CURRENT	026cf4ce9713ac40341b1fbf53ef1c25c63f1a335af9666d32d42aa274bf158e	3bf3029282ba118f82c411d2455eb333228446d511c70d6b7c87e9508e08c700	Static source/input inspection only; original path resolution may require project root. SOURCE_RECOVERED; analytical producer candidates listed; no raw rerun
Table S5 part 1	supplement/tables/S05_01.tsv	HCC_FINAL_AI_REVIEW_CORRECTION_20260921_V1/audit/build_workbook.mjs	supplement/tables/S05_01.tsv	Supplementary_Tables_S1-S15.xlsx	Bundled artifact-tool Node runtime; audit/build_workbook.mjs	DISPLAY_ONLY	3d9f69e9eb478e7d45f8d77705454f3f2ab845b64b7db40b172f571dcf7fe2ba	6a7b83f2a8f472656b8bde9f48d1a2fb5cb650e54ce1d764d4697965027dfd57	SOURCE_RECOVERED; analytical producer candidates listed; no raw rerun; analytical entry: HCC_ICI_project/04_scripts/final_harmonization/01_meta_clone_compartment.R
Analytical module HCC_ICI_project	HCC_ICI_project\05_results\tables\final_harmonization\PTPN22_FINAL_META_MODELS.tsv	HCC_ICI_project/04_scripts/final_harmonization/01_meta_clone_compartment.R	"roles <- fread(role_file) ; effects <- fread(effect_file) ; x <- fread(mapping_file) ; v6 <- fread(v6_effect_file)[analysis_role == ""PRIMARY_BLOOD""]"	supplement/tables/S05_01.tsv	Recorded module session info; R 4.4.1 or Python analysis-specific versions; see repository environment/ and S15_05	ACTIVE_CURRENT	51dc935060c676ea5b380abd4b92f322eb6bf0cb55b9164cc7b6c4b4da4b63f6	dfb0657f69e73597197e2090c53adf6695375170bcfb918db6e92620491f169e	Static source/input inspection only; original path resolution may require project root. SOURCE_RECOVERED; analytical producer candidates listed; no raw rerun
Table S5 part 2	supplement/tables/S05_02.tsv	HCC_FINAL_AI_REVIEW_CORRECTION_20260921_V1/audit/build_workbook.mjs	supplement/tables/S05_02.tsv	Supplementary_Tables_S1-S15.xlsx	Bundled artifact-tool Node runtime; audit/build_workbook.mjs	DISPLAY_ONLY	1de87511d871048adf22c5a51d8ccae7a127966270d8fee9bcb02836ff496f04	6a7b83f2a8f472656b8bde9f48d1a2fb5cb650e54ce1d764d4697965027dfd57	SOURCE_RECOVERED; analytical producer candidates listed; no raw rerun; analytical entry: HCC_PTPN22_AF35_FINAL_PROSE_SUPPLEMENT_POLISH_20260918_V1/build_final_prose_supplement.py | 绘图视觉/HCC_ICI_V3_0R_REFERENCE_FIDELITY_RECONSTRUCTION/qa/translate.py | 绘图视觉/HCC_ICI_PANEL_LEVEL_REFERENCE_DRIVEN_RECONSTRUCTION_V3_0/qa/v3_f4_f6.py
Analytical module HCC_ICI_project	HCC_ICI_project\05_results\tables\phase17a_public_perturbation\PHASE17A_GSE314342_TARGET_QC.tsv	绘图视觉/HCC_ICI_PANEL_LEVEL_REFERENCE_DRIVEN_RECONSTRUCTION_V3_0/qa/v3_f4_f6.py	cats=pd.read_csv(SRC[4].parent/'qa/F4_CATEGORICAL_SOURCE_LINKS.tsv',sep='\t');labs=['AF35*','AP-1','IFN','NFAT','NF-kB','TCR','Checkpoint','Exhaustion','Cytotoxicity','Proliferation','Expanded','Persistent'];d=D(213,50);heading(d,'D','HCC-context direction','Categorical comparison; WT - S449A versus HCC association')	supplement/tables/S05_02.tsv	Recorded module session info; R 4.4.1 or Python analysis-specific versions; see repository environment/ and S15_05	ACTIVE_CURRENT	0bedd95fbccc9afb1aa96329778878ff4ffb7b6b64666a7c0362e607a798cb21	78d6f6e1d71e0db3a97e20516f45037fe4a636592c0976b202049724fafb7c89	Static source/input inspection only; original path resolution may require project root. SOURCE_RECOVERED; analytical producer candidates listed; no raw rerun
Table S5 part 3	supplement/tables/S05_03.tsv	HCC_FINAL_AI_REVIEW_CORRECTION_20260921_V1/audit/build_workbook.mjs	supplement/tables/S05_03.tsv	Supplementary_Tables_S1-S15.xlsx	Bundled artifact-tool Node runtime; audit/build_workbook.mjs	DISPLAY_ONLY	df732e05ed546703ef90a70c13a27143d1668978572f912ab2934f340a6f4efe	6a7b83f2a8f472656b8bde9f48d1a2fb5cb650e54ce1d764d4697965027dfd57	SOURCE_RECOVERED; analytical producer candidates listed; no raw rerun; analytical entry: PTPN22_HUMAN_GENETIC_ACTIVATION_Phase1_v1/scripts/05_build_atlas.py | PTPN22_HUMAN_GENETIC_ACTIVATION_Phase1_v1/scripts/03_independent_numeric_qa.py | PTPN22_HUMAN_GENETIC_ACTIVATION_Phase1_v1/scripts/02_execute_fixed_analysis.py
Analytical module PTPN22_HUMAN_GENETIC_ACTIVATION_Phase1_v1	PTPN22_HUMAN_GENETIC_ACTIVATION_Phase1_v1\03_primary\GSE94859_AF35_GENOTYPE_INTERACTION.tsv	PTPN22_HUMAN_GENETIC_ACTIVATION_Phase1_v1/scripts/05_build_atlas.py	"def read(p):return pd.read_csv(ROOT/p,sep='\t') ; P=read('03_primary/GSE94859_AF35_GENOTYPE_INTERACTION.tsv').iloc[0] ; S=read('04_secondary/GSE94859_PROGRAM_GENOTYPE_INTERACTION.tsv') ; LO=read('05_robustness/GSE94859_AF35_LODO.tsv') ; within=read('03_primary/GSE94859_WITHIN_GENOTYPE_DESCRIPTIVE_SUMMARY.tsv') ; ctx=read('06_context/PTPN22_CONTEXT_SUMMARY.tsv') ; sens=read('05_robustness/GSE94859_AF35_COVARIATE_SENSITIVITY.tsv').query(""term=='TT_vs_CC'"").iloc[0]"	supplement/tables/S05_03.tsv	Recorded module session info; R 4.4.1 or Python analysis-specific versions; see repository environment/ and S15_05	ACTIVE_CURRENT	482e02e4822cf53b85acaee71eef94bade01bb01962f6ce5a6294c8a6739ccdc	d2db839c845cd6c7d1d6565f43029b9689dd00eb56c638c03cae034bea803984	Static source/input inspection only; original path resolution may require project root. SOURCE_RECOVERED; analytical producer candidates listed; no raw rerun
Analytical module PTPN22_HUMAN_GENETIC_ACTIVATION_Phase1_v1	PTPN22_HUMAN_GENETIC_ACTIVATION_Phase1_v1\03_primary\GSE94859_AF35_GENOTYPE_INTERACTION.tsv	PTPN22_HUMAN_GENETIC_ACTIVATION_Phase1_v1/scripts/03_independent_numeric_qa.py	defs=pd.read_csv(I/'PTPN22_MECHANISM_PROGRAMS_FROZEN.tsv',sep='\t') ; export=pd.read_csv(ROOT/'02_scores/FROZEN_SCORES_BEFORE_GENOTYPE_JOIN.tsv',sep='\t').set_index('processed_matrix_column').loc[cols] ; primary=pd.read_csv(ROOT/'03_primary/GSE94859_AF35_GENOTYPE_INTERACTION.tsv',sep='\t').iloc[0] ; d=pd.read_csv(ROOT/'03_primary/GSE94859_AF35_ACTIVATION_DELTA.tsv',sep='\t') ; sec=pd.read_csv(ROOT/'04_secondary/GSE94859_PROGRAM_GENOTYPE_INTERACTION.tsv',sep='\t') ; boot=pd.read_csv(ROOT/'08_qa/AF35_BOOTSTRAP_DISTRIBUTION.tsv',sep='\t') ; loo=pd.read_csv(ROOT/'05_robustness/GSE94859_AF35_LODO.tsv',sep='\t');err=[] ; meta=pd.read_csv(I/'GSE94859_SAMPLE_PAIRING_LEDGER.tsv',sep='\t').drop_duplicates('individual_id') ; sen=pd.read_csv(ROOT/'05_robustness/GSE94859_AF35_COVARIATE_SENSITIVITY.tsv',sep='\t')	supplement/tables/S05_03.tsv	Recorded module session info; R 4.4.1 or Python analysis-specific versions; see repository environment/ and S15_05	ACTIVE_CURRENT	482e02e4822cf53b85acaee71eef94bade01bb01962f6ce5a6294c8a6739ccdc	640e46d5f1644e34abdf0a094a5232af559754a6984c8f4ef70e2d04e4510d48	Static source/input inspection only; original path resolution may require project root. SOURCE_RECOVERED; analytical producer candidates listed; no raw rerun
Analytical module PTPN22_HUMAN_GENETIC_ACTIVATION_Phase1_v1	PTPN22_HUMAN_GENETIC_ACTIVATION_Phase1_v1\03_primary\GSE94859_AF35_GENOTYPE_INTERACTION.tsv	PTPN22_HUMAN_GENETIC_ACTIVATION_Phase1_v1/scripts/02_execute_fixed_analysis.py	for row in pd.read_csv(ROOT/'01_manifest/PRE_ANALYSIS_LOCK_SHA256.tsv',sep='\t').itertuples():assert sha(ROOT/row.path)==row.sha256 ; for row in pd.read_csv(ROOT/'01_manifest/INPUT_SHA256.tsv',sep='\t').itertuples():assert sha(ROOT/row.copied_path)==row.sha256 ; ledger=pd.read_csv(I/'GSE94859_SAMPLE_PAIRING_LEDGER.tsv',sep='\t',keep_default_na=False) ; mapping=pd.read_csv(I/'GSE94859_GENOTYPE_MAPPING.tsv',sep='\t') ; programs=pd.read_csv(I/'PTPN22_MECHANISM_PROGRAMS_FROZEN.tsv',sep='\t')	supplement/tables/S05_03.tsv	Recorded module session info; R 4.4.1 or Python analysis-specific versions; see repository environment/ and S15_05	ACTIVE_CURRENT	482e02e4822cf53b85acaee71eef94bade01bb01962f6ce5a6294c8a6739ccdc	7240ac762bf1ba4b607b9d84ff43e1866c541de721ac634825431155ccebd604	Static source/input inspection only; original path resolution may require project root. SOURCE_RECOVERED; analytical producer candidates listed; no raw rerun
Table S5 part 4	supplement/tables/S05_04.tsv	HCC_FINAL_AI_REVIEW_CORRECTION_20260921_V1/audit/build_workbook.mjs	supplement/tables/S05_04.tsv	Supplementary_Tables_S1-S15.xlsx	Bundled artifact-tool Node runtime; audit/build_workbook.mjs	DISPLAY_ONLY	4ab325bff4f89997a577ef2e923cd538cf5f8e3665098e5c2724480c7d402797	6a7b83f2a8f472656b8bde9f48d1a2fb5cb650e54ce1d764d4697965027dfd57	SOURCE_RECOVERED; analytical producer candidates listed; no raw rerun; analytical entry: PTPN22_AF35_COUPLING_ARCHITECTURE_v1/scripts/05_run_analysis.py
Analytical module PTPN22_AF35_COUPLING_ARCHITECTURE_v1	PTPN22_AF35_COUPLING_ARCHITECTURE_v1\03_primary\PTPN22_AF35_PATIENT_COUPLING_DECOMPOSITION.tsv	PTPN22_AF35_COUPLING_ARCHITECTURE_v1/scripts/05_run_analysis.py	meta=pd.read_csv(ROOT/'01_source/TCR_CELL_METADATA_RESPONSE_BLIND.tsv',sep='\t') ; states=pd.read_csv(ROOT/'01_source/RELEASED_STATE_ORDER.tsv',sep='\t').released_state.tolist() ; npz=np.load(P/'03_processed_data/phase19a_af35_clonotype/GSE235863_AF35_RESPONSE_BLIND_PROJECTION.npz') ; expr=pd.read_csv(P/'03_processed_data/phase3/GSE235863_BARCODE_CLONOTYPE_STATE_PTPN22.tsv.gz',sep='\t',usecols=cols) ; cov=pd.read_csv(ROOT/'data/TECHNICAL_COVARIATES.tsv.gz',sep='\t')	supplement/tables/S05_04.tsv	Recorded module session info; R 4.4.1 or Python analysis-specific versions; see repository environment/ and S15_05	ACTIVE_CURRENT	9304e6c0e09e82113aec38e501cd673fbbbf0c7859fab6b44e82eea8ebeee620	ba85a05d02e1f02b51a4fa9dbbbca95380f27cefa85d28b1030f2eed580241ed	Static source/input inspection only; original path resolution may require project root. SOURCE_RECOVERED; analytical producer candidates listed; no raw rerun
Table S5 part 5	supplement/tables/S05_05.tsv	HCC_FINAL_AI_REVIEW_CORRECTION_20260921_V1/audit/build_workbook.mjs	supplement/tables/S05_05.tsv	Supplementary_Tables_S1-S15.xlsx	Bundled artifact-tool Node runtime; audit/build_workbook.mjs	DISPLAY_ONLY	3702296e74f808d729c0f96597f541dd6b0a5a2de726081607dcd0baee5642db	6a7b83f2a8f472656b8bde9f48d1a2fb5cb650e54ce1d764d4697965027dfd57	SOURCE_RECOVERED; analytical producer candidates listed; no raw rerun; analytical entry: PTPN22_AF35_COUPLING_ARCHITECTURE_v1/scripts/05_run_analysis.py
Table S5 part 6	supplement/tables/S05_06.tsv	HCC_FINAL_AI_REVIEW_CORRECTION_20260921_V1/audit/build_workbook.mjs	supplement/tables/S05_06.tsv	Supplementary_Tables_S1-S15.xlsx	Bundled artifact-tool Node runtime; audit/build_workbook.mjs	DISPLAY_ONLY	f5af9aa795236572f5fc2989b3f8681fb668738c60db02dbd4a1d1835216a732	6a7b83f2a8f472656b8bde9f48d1a2fb5cb650e54ce1d764d4697965027dfd57	SOURCE_RECOVERED; analytical producer candidates listed; no raw rerun; analytical entry: PTPN22_AF35_COUPLING_ARCHITECTURE_v1/scripts/05_run_analysis.py
Table S5 part 7	supplement/tables/S05_07.tsv	HCC_FINAL_AI_REVIEW_CORRECTION_20260921_V1/audit/build_workbook.mjs	supplement/tables/S05_07.tsv	Supplementary_Tables_S1-S15.xlsx	Bundled artifact-tool Node runtime; audit/build_workbook.mjs	DISPLAY_ONLY	280cdb57b09e90402e079da5419f68afd023660948d3e8c9a7d1f0ce31a735d7	6a7b83f2a8f472656b8bde9f48d1a2fb5cb650e54ce1d764d4697965027dfd57	SOURCE_RECOVERED; analytical producer candidates listed; no raw rerun; analytical entry: PTPN22_AF35_PROGRAM_PERTURBATION_PROJECTION_v1/scripts/04_projection.py
Analytical module PTPN22_AF35_PROGRAM_PERTURBATION_PROJECTION_v1	PTPN22_AF35_PROGRAM_PERTURBATION_PROJECTION_v1\PTPN22_AF35_SYSTEM_PROGRAM_SHIFT.tsv	PTPN22_AF35_PROGRAM_PERTURBATION_PROJECTION_v1/scripts/04_projection.py	bg=read(OUT/(P+'_PERTURBATION_BACKGROUND_UNIVERSE.tsv'));og=read(A/'AF35_ORDERED_GENES.tsv');genes=og.gene.tolist();ori=read(OUT/(P+'_PERTURBATION_ORIENTATION_FREEZE.tsv'));systems=ori.system.tolist()	supplement/tables/S05_07.tsv	Recorded module session info; R 4.4.1 or Python analysis-specific versions; see repository environment/ and S15_05	ACTIVE_CURRENT	8fca0555b3392a3a5c2ad18651a03d26942e2033ab72f9092e9914aa5876a1d1	9db80882673b5b1744a476da21e11e1963e6c6636db317d908d46e56af707a59	Static source/input inspection only; original path resolution may require project root. SOURCE_RECOVERED; analytical producer candidates listed; no raw rerun
Table S5 part 8	supplement/tables/S05_08.tsv	HCC_FINAL_AI_REVIEW_CORRECTION_20260921_V1/audit/build_workbook.mjs	supplement/tables/S05_08.tsv	Supplementary_Tables_S1-S15.xlsx	Bundled artifact-tool Node runtime; audit/build_workbook.mjs	DISPLAY_ONLY	f593481a143227b17cca3a7208bed7a383b16f9cfc12fdb004d1606370f9ffa5	6a7b83f2a8f472656b8bde9f48d1a2fb5cb650e54ce1d764d4697965027dfd57	SOURCE_RECOVERED; analytical producer candidates listed; no raw rerun; analytical entry: PTPN22_AF35_PROGRAM_PERTURBATION_PROJECTION_v1/scripts/04_projection.py
Table S5 part 9	supplement/tables/S05_09.tsv	HCC_FINAL_AI_REVIEW_CORRECTION_20260921_V1/audit/build_workbook.mjs	supplement/tables/S05_09.tsv	Supplementary_Tables_S1-S15.xlsx	Bundled artifact-tool Node runtime; audit/build_workbook.mjs	DISPLAY_ONLY	b92b75a10398b9fed5f97d880f8c610d95fa7152fa80f1a15bcaea2ce51dc80a	6a7b83f2a8f472656b8bde9f48d1a2fb5cb650e54ce1d764d4697965027dfd57	SOURCE_RECOVERED; analytical producer candidates listed; no raw rerun; analytical entry: PTPN22_STATE_AXIS_SPECIFICITY_v1/scripts/02_analyze.py
Analytical module PTPN22_STATE_AXIS_SPECIFICITY_v1	PTPN22_STATE_AXIS_SPECIFICITY_v1\03_lineage\PTPN22_AF35_CD4_COUPLING_DECOMPOSITION.tsv	PTPN22_STATE_AXIS_SPECIFICITY_v1/scripts/02_analyze.py	def read(p):return pd.read_csv(p,sep='\t') ; data=read(ROOT/'data/ANALYSIS_INPUT_RESPONSE_BLIND.tsv.gz');mapping=read(ROOT/'03_lineage/PTPN22_STATE_LINEAGE_MAP.tsv');states=mapping.released_state.tolist();smap=mapping.set_index('released_state').lineage.to_dict();data['lineage']=data.sub_cluster.map(smap) ; prior=read(OLD/'03_primary/PTPN22_AF35_PATIENT_COUPLING_DECOMPOSITION.tsv').set_index('patient')	supplement/tables/S05_09.tsv	Recorded module session info; R 4.4.1 or Python analysis-specific versions; see repository environment/ and S15_05	ACTIVE_CURRENT	3fc74e313748440902f135fd911a43d08c5a464dd3f1f2eb993892fc4845c165	4819636986a69d5e917b2d32db05db4da71b080dd06bb12845927a240aceb718	Static source/input inspection only; original path resolution may require project root. SOURCE_RECOVERED; analytical producer candidates listed; no raw rerun
Table S5 part 10	supplement/tables/S05_10.tsv	HCC_FINAL_AI_REVIEW_CORRECTION_20260921_V1/audit/build_workbook.mjs	supplement/tables/S05_10.tsv	Supplementary_Tables_S1-S15.xlsx	Bundled artifact-tool Node runtime; audit/build_workbook.mjs	DISPLAY_ONLY	58f7d84081d1acdc218545480013c1e292f073f3c99eadbd8ddeaa9135519b59	6a7b83f2a8f472656b8bde9f48d1a2fb5cb650e54ce1d764d4697965027dfd57	SOURCE_RECOVERED; analytical producer candidates listed; no raw rerun; analytical entry: PTPN22_STATE_AXIS_SPECIFICITY_v1/scripts/02_analyze.py
Table S5 part 11	supplement/tables/S05_11.tsv	HCC_FINAL_AI_REVIEW_CORRECTION_20260921_V1/audit/build_workbook.mjs	supplement/tables/S05_11.tsv	Supplementary_Tables_S1-S15.xlsx	Bundled artifact-tool Node runtime; audit/build_workbook.mjs	DISPLAY_ONLY	d715805c4e44f396b043a9ae4358bcf09abba760718151e5e73dd018627454b4	6a7b83f2a8f472656b8bde9f48d1a2fb5cb650e54ce1d764d4697965027dfd57	SOURCE_RECOVERED; analytical producer candidates listed; no raw rerun; analytical entry: PTPN22_STATE_AXIS_SPECIFICITY_v1/scripts/00_reuse_sources.py
Analytical module PTPN22_STATE_AXIS_SPECIFICITY_v1	PTPN22_STATE_AXIS_SPECIFICITY_v1\03_lineage\PTPN22_STATE_LINEAGE_MAP.tsv	PTPN22_STATE_AXIS_SPECIFICITY_v1/scripts/00_reuse_sources.py	manifest=pd.read_csv(OLD/'09_qa/DELIVERABLE_MANIFEST_SHA256.tsv',sep='\t');expected=manifest.set_index('path').sha256.to_dict() ; frame=pd.read_csv(p,sep='\t');row.update(rows=len(frame),columns=';'.join(frame.columns)) ; st=pd.read_csv(OLD/'01_source/RELEASED_STATE_ORDER.tsv',sep='\t') ; data=pd.read_csv(ROOT/'data/ANALYSIS_INPUT_RESPONSE_BLIND.tsv.gz',sep='\t')	supplement/tables/S05_11.tsv	Recorded module session info; R 4.4.1 or Python analysis-specific versions; see repository environment/ and S15_05	ACTIVE_CURRENT	0465a8e21a94ecb5091ef10930fe42285f6de16e24e3ab6f237b0e32b71b5016	5b4d57305bbdba53905931260d4e6a936b81f2bf57b12d56e2f68b660284acd0	Static source/input inspection only; original path resolution may require project root. SOURCE_RECOVERED; analytical producer candidates listed; no raw rerun
Table S5 part 12	supplement/tables/S05_12.tsv	HCC_FINAL_AI_REVIEW_CORRECTION_20260921_V1/audit/build_workbook.mjs	supplement/tables/S05_12.tsv	Supplementary_Tables_S1-S15.xlsx	Bundled artifact-tool Node runtime; audit/build_workbook.mjs	DISPLAY_ONLY	1d4cd25b122fbb293a07cc450185a9c1290d579f4ed4eb40713e698745ac5823	6a7b83f2a8f472656b8bde9f48d1a2fb5cb650e54ce1d764d4697965027dfd57	SOURCE_RECOVERED; analytical producer candidates listed; no raw rerun; analytical entry: PTPN22_STATE_AXIS_SPECIFICITY_v1/scripts/02_analyze.py
Table S5 part 13	supplement/tables/S05_13.tsv	HCC_FINAL_AI_REVIEW_CORRECTION_20260921_V1/audit/build_workbook.mjs	supplement/tables/S05_13.tsv	Supplementary_Tables_S1-S15.xlsx	Bundled artifact-tool Node runtime; audit/build_workbook.mjs	DISPLAY_ONLY	111f8f2bf943357b24e276a33bf455a3c684b61f7ee195d2b411801ecbb6af1e	6a7b83f2a8f472656b8bde9f48d1a2fb5cb650e54ce1d764d4697965027dfd57	SOURCE_RECOVERED; analytical producer candidates listed; no raw rerun; analytical entry: PTPN22_STATE_AXIS_SPECIFICITY_v1/scripts/02_analyze.py
Table S5 part 14	supplement/tables/S05_14.tsv	HCC_FINAL_AI_REVIEW_CORRECTION_20260921_V1/audit/build_workbook.mjs	supplement/tables/S05_14.tsv	Supplementary_Tables_S1-S15.xlsx	Bundled artifact-tool Node runtime; audit/build_workbook.mjs	DISPLAY_ONLY	938c69d96bd30310b94064f823e986e545787bbcd1c4b8a7d21d6b03669c31c0	6a7b83f2a8f472656b8bde9f48d1a2fb5cb650e54ce1d764d4697965027dfd57	SOURCE_RECOVERED; analytical producer candidates listed; no raw rerun; analytical entry: PTPN22_STATE_AXIS_SPECIFICITY_v1/scripts/02_analyze.py
Table S5 part 15	supplement/tables/S05_15.tsv	HCC_FINAL_AI_REVIEW_CORRECTION_20260921_V1/audit/build_workbook.mjs	supplement/tables/S05_15.tsv	Supplementary_Tables_S1-S15.xlsx	Bundled artifact-tool Node runtime; audit/build_workbook.mjs	DISPLAY_ONLY	70f0aacf270f8e1f751fc236981e8e629483a2b339ad6075cb92fd5b0c11e7c7	6a7b83f2a8f472656b8bde9f48d1a2fb5cb650e54ce1d764d4697965027dfd57	SOURCE_RECOVERED; analytical producer candidates listed; no raw rerun; analytical entry: PTPN22_STATE_AXIS_SPECIFICITY_v1/scripts/02_analyze.py
Table S5 part 16	supplement/tables/S05_16.tsv	HCC_FINAL_AI_REVIEW_CORRECTION_20260921_V1/audit/build_workbook.mjs	supplement/tables/S05_16.tsv	Supplementary_Tables_S1-S15.xlsx	Bundled artifact-tool Node runtime; audit/build_workbook.mjs	DISPLAY_ONLY	bca4c81bfecae142ae8a55c40fbe8368762f8543fcd14c17d3b59028d52f91c9	6a7b83f2a8f472656b8bde9f48d1a2fb5cb650e54ce1d764d4697965027dfd57	SOURCE_RECOVERED; analytical producer candidates listed; no raw rerun; analytical entry: PTPN22_STATE_AXIS_SPECIFICITY_v1/scripts/02_analyze.py
Table S6 part 1	supplement/tables/S06_01.tsv	HCC_FINAL_AI_REVIEW_CORRECTION_20260921_V1/audit/build_workbook.mjs	supplement/tables/S06_01.tsv	Supplementary_Tables_S1-S15.xlsx	Bundled artifact-tool Node runtime; audit/build_workbook.mjs	DISPLAY_ONLY	c21800a66b784d2841e31bf5f84e4f7072f6319f7e4f6b4445091a448043a441	6a7b83f2a8f472656b8bde9f48d1a2fb5cb650e54ce1d764d4697965027dfd57	SOURCE_RECOVERED; analytical producer candidates listed; no raw rerun; analytical entry: HCC_PTPN22_AF35_FINAL_PROSE_SUPPLEMENT_POLISH_20260918_V1/build_final_prose_supplement.py | 新绘图流程/POST_EXTERNAL_REVIEW_BOUNDED_REVISION_V1/source_audit.py | 新绘图流程/POST_EXTERNAL_REVIEW_BOUNDED_REVISION_V1/build_candidates.py
Analytical module HCC_ICI_project	HCC_ICI_project\05_results\tables\phase17b_af35_portability\PHASE17B_AF35_LEAVE_ONE_GENE_OUT.tsv	新绘图流程/POST_EXTERNAL_REVIEW_BOUNDED_REVISION_V1/source_audit.py		supplement/tables/S06_01.tsv	Recorded module session info; R 4.4.1 or Python analysis-specific versions; see repository environment/ and S15_05	ACTIVE_CURRENT	05812dcbcca0ce89a16b6fb5f53c02f47c0fe4eaf6ef9cfb89d1a391ccb03860	b370a61cdeec375bbb72a8a648a507431dac43f5d37c258214e96f5ac477c618	Static source/input inspection only; original path resolution may require project root. SOURCE_RECOVERED; analytical producer candidates listed; no raw rerun
Analytical module HCC_ICI_project	HCC_ICI_project\05_results\tables\phase17b_af35_portability\PHASE17B_AF35_LEAVE_ONE_GENE_OUT.tsv	新绘图流程/POST_EXTERNAL_REVIEW_BOUNDED_REVISION_V1/build_candidates.py		supplement/tables/S06_01.tsv	Recorded module session info; R 4.4.1 or Python analysis-specific versions; see repository environment/ and S15_05	ACTIVE_CURRENT	05812dcbcca0ce89a16b6fb5f53c02f47c0fe4eaf6ef9cfb89d1a391ccb03860	a59d2ae0f3e23585cfa610b0100bb78c65a947b363f31ec3b96256a357e5eb82	Static source/input inspection only; original path resolution may require project root. SOURCE_RECOVERED; analytical producer candidates listed; no raw rerun
Table S6 part 2	supplement/tables/S06_02.tsv	HCC_FINAL_AI_REVIEW_CORRECTION_20260921_V1/audit/build_workbook.mjs	supplement/tables/S06_02.tsv	Supplementary_Tables_S1-S15.xlsx	Bundled artifact-tool Node runtime; audit/build_workbook.mjs	DISPLAY_ONLY	1e0714ee7a88ef9eecd64db88650ddc77b215b211eefec527c263cdaca8d2087	6a7b83f2a8f472656b8bde9f48d1a2fb5cb650e54ce1d764d4697965027dfd57	SOURCE_RECOVERED; analytical producer candidates listed; no raw rerun; analytical entry: HCC_PTPN22_AF35_FINAL_PROSE_SUPPLEMENT_POLISH_20260918_V1/build_final_prose_supplement.py | 新绘图流程/POST_EXTERNAL_REVIEW_BOUNDED_REVISION_V1/source_audit.py | 新绘图流程/POST_EXTERNAL_REVIEW_BOUNDED_REVISION_V1/build_candidates.py
Table S6 part 3	supplement/tables/S06_03.tsv	HCC_FINAL_AI_REVIEW_CORRECTION_20260921_V1/audit/build_workbook.mjs	supplement/tables/S06_03.tsv	Supplementary_Tables_S1-S15.xlsx	Bundled artifact-tool Node runtime; audit/build_workbook.mjs	DISPLAY_ONLY	501a5189e5f7513c0dc1b0e90be01bf290b3bc798260b5dc71aead3bee25e67c	6a7b83f2a8f472656b8bde9f48d1a2fb5cb650e54ce1d764d4697965027dfd57	SOURCE_RECOVERED; analytical producer candidates listed; no raw rerun; analytical entry: HCC_PTPN22_AF35_FINAL_PROSE_SUPPLEMENT_POLISH_20260918_V1/build_final_prose_supplement.py
Table S6 part 4	supplement/tables/S06_04.tsv	HCC_FINAL_AI_REVIEW_CORRECTION_20260921_V1/audit/build_workbook.mjs	supplement/tables/S06_04.tsv	Supplementary_Tables_S1-S15.xlsx	Bundled artifact-tool Node runtime; audit/build_workbook.mjs	DISPLAY_ONLY	df5487be52f020825a3944665f8272fec82fd9397b4a84ba2834caf06d6d0e63	6a7b83f2a8f472656b8bde9f48d1a2fb5cb650e54ce1d764d4697965027dfd57	SOURCE_RECOVERED; analytical producer candidates listed; no raw rerun; analytical entry: HCC_PTPN22_AF35_FINAL_PROSE_SUPPLEMENT_POLISH_20260918_V1/build_final_prose_supplement.py
Table S6 part 5	supplement/tables/S06_05.tsv	HCC_FINAL_AI_REVIEW_CORRECTION_20260921_V1/audit/build_workbook.mjs	supplement/tables/S06_05.tsv	Supplementary_Tables_S1-S15.xlsx	Bundled artifact-tool Node runtime; audit/build_workbook.mjs	DISPLAY_ONLY	38dc61ca9eed6be00ceda3257185448b0e656fc053f10291b53f20e8bbd73cf2	6a7b83f2a8f472656b8bde9f48d1a2fb5cb650e54ce1d764d4697965027dfd57	SOURCE_RECOVERED; analytical producer candidates listed; no raw rerun; analytical entry: HCC_PTPN22_AF35_FINAL_PROSE_SUPPLEMENT_POLISH_20260918_V1/build_final_prose_supplement.py
Table S6 part 6	supplement/tables/S06_06.tsv	HCC_FINAL_AI_REVIEW_CORRECTION_20260921_V1/audit/build_workbook.mjs	supplement/tables/S06_06.tsv	Supplementary_Tables_S1-S15.xlsx	Bundled artifact-tool Node runtime; audit/build_workbook.mjs	DISPLAY_ONLY	a451d51c17fbafd7b9b36151e684eb0e877ac7888f7eab1924c375e823abd817	6a7b83f2a8f472656b8bde9f48d1a2fb5cb650e54ce1d764d4697965027dfd57	SOURCE_RECOVERED; analytical producer candidates listed; no raw rerun; analytical entry: HCC_PTPN22_AF35_FINAL_PROSE_SUPPLEMENT_POLISH_20260918_V1/build_final_prose_supplement.py
Table S6 part 7	supplement/tables/S06_07.tsv	HCC_FINAL_AI_REVIEW_CORRECTION_20260921_V1/audit/build_workbook.mjs	supplement/tables/S06_07.tsv	Supplementary_Tables_S1-S15.xlsx	Bundled artifact-tool Node runtime; audit/build_workbook.mjs	DISPLAY_ONLY	7cdc9aff19713c3d5d3bbfd6df5edba360d69a55dfc8d219041140c67e9998db	6a7b83f2a8f472656b8bde9f48d1a2fb5cb650e54ce1d764d4697965027dfd57	SOURCE_RECOVERED; analytical producer candidates listed; no raw rerun; analytical entry: AF35_RESPONSE_BLIND_PROGRAM_COHERENCE_v1/scripts/01_freeze_and_analyze.py
Analytical module AF35_RESPONSE_BLIND_PROGRAM_COHERENCE_v1	AF35_RESPONSE_BLIND_PROGRAM_COHERENCE_v1\AF35_PROGRAM_COHERENCE_RANDOM_REFERENCE_SUMMARY.tsv	AF35_RESPONSE_BLIND_PROGRAM_COHERENCE_v1/scripts/01_freeze_and_analyze.py	genes=f.read(OUT/'inputs/AF35_ORDERED_GENES.tsv').gene.tolist() ; manifest=f.read(B/'AF35_MATCHED_NULL_PROGRAM_MANIFEST.tsv') ; f.js(P+'_FREEZE_LOCK.json',dict(utc=f.now(),outcome_labels_loaded=False,seed=seed,partitions=5000,partition_attempts=attempts,source_hashes={r.path:r.sha256 for r in f.read(OUT/(P+'_SOURCE_BINDING_AUDIT.tsv')).itertuples()},hashes={str(p.relative_to(OUT)):f.sha(p) for p in lockfiles})) ; raw=f.read(B/f'{c}_SELECTED_TRANSFORMED_EXPRESSION.tsv',index_col=0) ; ids=f.read(OUT/f'inputs/{c}_PATIENT_IDS.tsv').patient_id.tolist() ; old=f.read(f.A/f'{c}_GENE_Z_AND_FULL_SCORES_RESPONSE_BLIND.tsv').set_index('patient_id')	supplement/tables/S06_07.tsv	Recorded module session info; R 4.4.1 or Python analysis-specific versions; see repository environment/ and S15_05	ACTIVE_CURRENT	2907681423220cdc70612e6363e5c4d742cbb1beb28f55ad8b4367f0d81d7a64	498675b944866f11ea6432b45e059feffbb78ba670d4f1173f043518a91d941b	Static source/input inspection only; original path resolution may require project root. SOURCE_RECOVERED; analytical producer candidates listed; no raw rerun
Table S6 part 8	supplement/tables/S06_08.tsv	HCC_FINAL_AI_REVIEW_CORRECTION_20260921_V1/audit/build_workbook.mjs	supplement/tables/S06_08.tsv	Supplementary_Tables_S1-S15.xlsx	Bundled artifact-tool Node runtime; audit/build_workbook.mjs	DISPLAY_ONLY	0690c5a105b8352680ee595fc9469d220a4d673998fd211a82665dbcf1e7235d	6a7b83f2a8f472656b8bde9f48d1a2fb5cb650e54ce1d764d4697965027dfd57	SOURCE_RECOVERED; analytical producer candidates listed; no raw rerun; analytical entry: AF35_AGGREGATION_COMPOSITION_DECOMPOSITION_v1/scripts/01_freeze.py
Analytical module AF35_RESPONSE_BLIND_PROGRAM_COHERENCE_v1	AF35_RESPONSE_BLIND_PROGRAM_COHERENCE_v1\AF35_PROGRAM_COHERENCE_RANDOM_REFERENCE_RESULTS.tsv	AF35_AGGREGATION_COMPOSITION_DECOMPOSITION_v1/scripts/01_freeze.py	for r in read(base/'COMPLETE_SHA256_MANIFEST.tsv').itertuples():expected[str(base/r.path)]=r.sha256 ; genes=read(A/'AF35_ORDERED_GENES.tsv').gene.tolist() ; assert genes==read(B/'AF35_ORDERED_GENES.tsv').gene.tolist() and len(set(genes))==35 and 'PTPN22' not in genes ; manifest=read(B/'AF35_MATCHED_NULL_PROGRAM_MANIFEST.tsv');bl=json.loads((B/'MATCHED_PROGRAM_FREEZE_LOCK.json').read_text()) ; for rr in read(B/'PATIENT_SCORE_FREEZE_SHA256.tsv').itertuples():assert sha(B/rr.path)==rr.sha256 ; broad=read(G/'AF35_BROAD_IMMUNE_RESPONSE_BLIND_PATIENT_VALUES.tsv') ; bgenes=read(G/'inputs/BROAD_IMMUNE_GENES.tsv').gene.tolist() ; ids=read(H/f'inputs/{c}_PATIENT_IDS.tsv').patient_id.tolist() ; assert ids==read(G/f'inputs/{c}_PATIENT_IDS.tsv').patient_id.tolist() and len(set(ids))==len(ids)==(35 if c==C[0] else 38) ; raw=read(B/f'{c}_SELECTED_TRANSFORMED_EXPRESSION.tsv',index_col=0)	supplement/tables/S06_08.tsv	Recorded module session info; R 4.4.1 or Python analysis-specific versions; see repository environment/ and S15_05	ACTIVE_CURRENT	af4dd9830cd4be85c1b3e8e59252921940c502647a009de24aa395f39025cdee	ff621312b0f8f874d3dda55b2a05cf381ac2d1899e76a34e6e6cf2f688c126b9	Static source/input inspection only; original path resolution may require project root. SOURCE_RECOVERED; analytical producer candidates listed; no raw rerun
Table S7 part 1	supplement/tables/S07_01.tsv	HCC_FINAL_AI_REVIEW_CORRECTION_20260921_V1/audit/build_workbook.mjs	supplement/tables/S07_01.tsv	Supplementary_Tables_S1-S15.xlsx	Bundled artifact-tool Node runtime; audit/build_workbook.mjs	DISPLAY_ONLY	65ba9b3ca1717ac58636940e41c317d37d410e129e31973a67d7b8ed68b13c6c	6a7b83f2a8f472656b8bde9f48d1a2fb5cb650e54ce1d764d4697965027dfd57	SOURCE_RECOVERED; analytical producer candidates listed; no raw rerun; analytical entry: GSE235863_CLONE_STATE_DECOMPOSITION_v1/scripts/01_authority.py | GSE235863_CLONE_STATE_DECOMPOSITION_v1/authority/04_scripts/phase19/02_phase19a_patient_analysis.py
Analytical module GSE235863_CLONE_STATE_DECOMPOSITION_v1	GSE235863_CLONE_STATE_DECOMPOSITION_v1\authority\05_results\tables\phase19a_af35_clonotype\AF35_EXPANDED_SINGLETON_PATIENT_EFFECTS.tsv	GSE235863_CLONE_STATE_DECOMPOSITION_v1/scripts/01_authority.py	target.write_bytes(z.read(e)) ; manifest = pd.read_csv(PROJECT / source_paths[8], sep='\t')	supplement/tables/S07_01.tsv	Recorded module session info; R 4.4.1 or Python analysis-specific versions; see repository environment/ and S15_05	ACTIVE_CURRENT	5ec50d0657b9b2941fe7056b72edecf7ed1320357053f14bb9e9ce59182bfec9	6f05d1ba21b0e386bbb4ab9ecb2fd4cf9c9cb14801ba6150105dba9f7bb9c6de	Static source/input inspection only; original path resolution may require project root. SOURCE_RECOVERED; analytical producer candidates listed; no raw rerun
Analytical module GSE235863_CLONE_STATE_DECOMPOSITION_v1	GSE235863_CLONE_STATE_DECOMPOSITION_v1\authority\05_results\tables\phase19a_af35_clonotype\AF35_EXPANDED_SINGLETON_PATIENT_EFFECTS.tsv	GSE235863_CLONE_STATE_DECOMPOSITION_v1/authority/04_scripts/phase19/02_phase19a_patient_analysis.py	"for chunk in iter(lambda: stream.read(1024 * 1024), b""""): ; projection = np.load(PROJECTION_FILE, allow_pickle=False)"	supplement/tables/S07_01.tsv	Recorded module session info; R 4.4.1 or Python analysis-specific versions; see repository environment/ and S15_05	ACTIVE_CURRENT	5ec50d0657b9b2941fe7056b72edecf7ed1320357053f14bb9e9ce59182bfec9	6a3afb8038e2456767db6499a5f700d19dc8a9f6cc7d4d26bb4b36647f801ec1	Static source/input inspection only; original path resolution may require project root. SOURCE_RECOVERED; analytical producer candidates listed; no raw rerun
Table S7 part 2	supplement/tables/S07_02.tsv	HCC_FINAL_AI_REVIEW_CORRECTION_20260921_V1/audit/build_workbook.mjs	supplement/tables/S07_02.tsv	Supplementary_Tables_S1-S15.xlsx	Bundled artifact-tool Node runtime; audit/build_workbook.mjs	DISPLAY_ONLY	9979e07056ce12061c39b4b8415a6b28bad2c2935e123e0def2ccc8979276485	6a7b83f2a8f472656b8bde9f48d1a2fb5cb650e54ce1d764d4697965027dfd57	SOURCE_RECOVERED; analytical producer candidates listed; no raw rerun; analytical entry: GSE235863_CLONE_STATE_DECOMPOSITION_v1/scripts/01_authority.py | GSE235863_CLONE_STATE_DECOMPOSITION_v1/authority/04_scripts/phase19/02_phase19a_patient_analysis.py
Table S7 part 3	supplement/tables/S07_03.tsv	HCC_FINAL_AI_REVIEW_CORRECTION_20260921_V1/audit/build_workbook.mjs	supplement/tables/S07_03.tsv	Supplementary_Tables_S1-S15.xlsx	Bundled artifact-tool Node runtime; audit/build_workbook.mjs	DISPLAY_ONLY	3d7f20e4195408e7cf7edd0d75d4fccf6e31d7ac6f69601aca581c9a9b08b2fe	6a7b83f2a8f472656b8bde9f48d1a2fb5cb650e54ce1d764d4697965027dfd57	SOURCE_RECOVERED; analytical producer candidates listed; no raw rerun; analytical entry: GSE235863_CLONE_STATE_DECOMPOSITION_v1/scripts/01_authority.py | GSE235863_CLONE_STATE_DECOMPOSITION_v1/authority/04_scripts/phase19/02_phase19a_patient_analysis.py
Table S7 part 4	supplement/tables/S07_04.tsv	HCC_FINAL_AI_REVIEW_CORRECTION_20260921_V1/audit/build_workbook.mjs	supplement/tables/S07_04.tsv	Supplementary_Tables_S1-S15.xlsx	Bundled artifact-tool Node runtime; audit/build_workbook.mjs	DISPLAY_ONLY	6ca38251c768fe891b887b500b3d3b91b68f23475f8377fa81fd95fdb993a65d	6a7b83f2a8f472656b8bde9f48d1a2fb5cb650e54ce1d764d4697965027dfd57	SOURCE_RECOVERED; analytical producer candidates listed; no raw rerun; analytical entry: GSE235863_CLONE_STATE_DECOMPOSITION_v1/scripts/02_analyze.py
Analytical module GSE235863_CLONE_STATE_DECOMPOSITION_v1	GSE235863_CLONE_STATE_DECOMPOSITION_v1\PAIRED_CDR3_AUTHOR_ID_MERGE_AUDIT.tsv	GSE235863_CLONE_STATE_DECOMPOSITION_v1/scripts/02_analyze.py	def read(rel): ; return pd.read_csv(P / rel, sep='\t') ; replay= pd.read_csv(OUT / 'FROZEN_PHASE19_NUMERIC_REPRODUCTION.tsv',sep='\t') ; x=read('03_processed_data/phase3/GSE235863_BARCODE_CLONOTYPE_STATE_PTPN22.tsv.gz') ; z=np.load(P/'03_processed_data/phase19a_af35_clonotype/GSE235863_AF35_RESPONSE_BLIND_PROJECTION.npz',allow_pickle=False) ; fate=read('05_results/tables/temporal/GSE235863_BASELINE_CLONE_FATE_TABLE.tsv') ; historic=read('05_results/tables/phase19a_af35_clonotype/AF35_CLONOTYPE_TEMPORAL_SENSITIVITY.tsv') ; ptp=read('05_results/tables/phase3/GSE235863_WITHIN_PATIENT_CLONAL_ASSOCIATIONS.tsv') ; meta=read('01_metadata/final_harmonization/GSE235863_TEMPORAL_COMPARTMENT_AUDIT.tsv')	supplement/tables/S07_04.tsv	Recorded module session info; R 4.4.1 or Python analysis-specific versions; see repository environment/ and S15_05	ACTIVE_CURRENT	ecde5102b55107b51e9e13e6aa733d4d147b56841f15c6c54eff43025bd5beab	740645425529abdf1ba0f18fdca5c4a16dbe214db8a74d04c95155e325cdb949	Static source/input inspection only; original path resolution may require project root. SOURCE_RECOVERED; analytical producer candidates listed; no raw rerun
Table S7 part 5	supplement/tables/S07_05.tsv	HCC_FINAL_AI_REVIEW_CORRECTION_20260921_V1/audit/build_workbook.mjs	supplement/tables/S07_05.tsv	Supplementary_Tables_S1-S15.xlsx	Bundled artifact-tool Node runtime; audit/build_workbook.mjs	DISPLAY_ONLY	2ad64428d414c97ed3fe13c334228576eeb207408bb41500bfbaceb2e93e1c7b	6a7b83f2a8f472656b8bde9f48d1a2fb5cb650e54ce1d764d4697965027dfd57	SOURCE_RECOVERED; analytical producer candidates listed; no raw rerun; analytical entry: GSE235863_CLONE_STATE_DECOMPOSITION_v1/scripts/02_analyze.py
Table S7 part 6	supplement/tables/S07_06.tsv	HCC_FINAL_AI_REVIEW_CORRECTION_20260921_V1/audit/build_workbook.mjs	supplement/tables/S07_06.tsv	Supplementary_Tables_S1-S15.xlsx	Bundled artifact-tool Node runtime; audit/build_workbook.mjs	DISPLAY_ONLY	e5e6915f635be848d6e7bd5838d32a3413dfb9311aca5fefd4f5cff354fbcff2	6a7b83f2a8f472656b8bde9f48d1a2fb5cb650e54ce1d764d4697965027dfd57	SOURCE_RECOVERED; analytical producer candidates listed; no raw rerun; analytical entry: GSE235863_CLONE_STATE_DECOMPOSITION_v1/scripts/02_analyze.py
Table S7 part 7	supplement/tables/S07_07.tsv	HCC_FINAL_AI_REVIEW_CORRECTION_20260921_V1/audit/build_workbook.mjs	supplement/tables/S07_07.tsv	Supplementary_Tables_S1-S15.xlsx	Bundled artifact-tool Node runtime; audit/build_workbook.mjs	DISPLAY_ONLY	37d335e638b9bc3f602e43636302ead6c5cd09e4a1c3ea92ba67f82f68989cb8	6a7b83f2a8f472656b8bde9f48d1a2fb5cb650e54ce1d764d4697965027dfd57	SOURCE_RECOVERED; analytical producer candidates listed; no raw rerun; analytical entry: HCC_ICI_project/04_scripts/phase3/03_independent_scrna_sctcr_clone_state.R
Analytical module HCC_ICI_project	HCC_ICI_project\05_results\tables\phase3\GSE235863_WITHIN_PATIENT_CLONAL_ASSOCIATIONS.tsv	HCC_ICI_project/04_scripts/phase3/03_independent_scrna_sctcr_clone_state.R	h5_cells <- fread(h5_cell_file) ; h5_extract_audit <- fread(h5_extract_audit_file) ; tcr <- fread(tcr_file) ; response <- fread(response_file) ; records = c(nrow(tcr), n_obs, n_obs, nrow(response), nrow(fread(design_file)), nrow(tcr)), ; matched_records = c(sum(matched), sum(matched), sum(matched), nrow(response), nrow(fread(design_file)), sum(matched)),	supplement/tables/S07_07.tsv	Recorded module session info; R 4.4.1 or Python analysis-specific versions; see repository environment/ and S15_05	ACTIVE_CURRENT	b45a0085ad19977e6f3b65c7e3ce216f1aa5d37d2ca5723e4a3f719543bd4920	98fafffb52ad7e54093fa44ab0e53c9f7caa8135ca1de2a4345526e06b21cb7b	Static source/input inspection only; original path resolution may require project root. SOURCE_RECOVERED; analytical producer candidates listed; no raw rerun
Table S7 part 8	supplement/tables/S07_08.tsv	HCC_FINAL_AI_REVIEW_CORRECTION_20260921_V1/audit/build_workbook.mjs	supplement/tables/S07_08.tsv	Supplementary_Tables_S1-S15.xlsx	Bundled artifact-tool Node runtime; audit/build_workbook.mjs	DISPLAY_ONLY	f8fd9c00acacc7973370fea61e0eadb41d47d14225404df99ac6fec4e82ee7ff	6a7b83f2a8f472656b8bde9f48d1a2fb5cb650e54ce1d764d4697965027dfd57	SOURCE_RECOVERED; analytical producer candidates listed; no raw rerun; analytical entry: HCC_ICI_project/04_scripts/phase_temporal/01_gse235863_baseline_future_clone_fate.R
Analytical module HCC_ICI_project	HCC_ICI_project\05_results\tables\temporal\PTPN22_TEMPORAL_SENSITIVITY.tsv	HCC_ICI_project/04_scripts/phase_temporal/01_gse235863_baseline_future_clone_fate.R	x <- fread(mapping_file) ; response <- fread(response_file) ; design <- fread(design_file)	supplement/tables/S07_08.tsv	Recorded module session info; R 4.4.1 or Python analysis-specific versions; see repository environment/ and S15_05	ACTIVE_CURRENT	ed994fcb0de9d5672a057a777695f1fa621a70b1c4c84f31e9d17b6240915422	f907c81ed6c30de3da6811f450aea587dc23e8c37b7ed5f6febfe8397ba34af5	Static source/input inspection only; original path resolution may require project root. SOURCE_RECOVERED; analytical producer candidates listed; no raw rerun
Table S8 part 1	supplement/tables/S08_01.tsv	HCC_FINAL_AI_REVIEW_CORRECTION_20260921_V1/audit/build_workbook.mjs	supplement/tables/S08_01.tsv	Supplementary_Tables_S1-S15.xlsx	Bundled artifact-tool Node runtime; audit/build_workbook.mjs	DISPLAY_ONLY	2ad64428d414c97ed3fe13c334228576eeb207408bb41500bfbaceb2e93e1c7b	6a7b83f2a8f472656b8bde9f48d1a2fb5cb650e54ce1d764d4697965027dfd57	SOURCE_RECOVERED; analytical producer candidates listed; no raw rerun; analytical entry: GSE235863_CLONE_STATE_DECOMPOSITION_v1/scripts/02_analyze.py
Table S8 part 2	supplement/tables/S08_02.tsv	HCC_FINAL_AI_REVIEW_CORRECTION_20260921_V1/audit/build_workbook.mjs	supplement/tables/S08_02.tsv	Supplementary_Tables_S1-S15.xlsx	Bundled artifact-tool Node runtime; audit/build_workbook.mjs	DISPLAY_ONLY	43a964efcbe0691aed0b57dca6f1ccb57478490b02b1e57f75645946e5de7777	6a7b83f2a8f472656b8bde9f48d1a2fb5cb650e54ce1d764d4697965027dfd57	SOURCE_RECOVERED; analytical producer candidates listed; no raw rerun; analytical entry: 新绘图流程/POST_EXTERNAL_REVIEW_BOUNDED_REVISION_V1/source_audit.py | 新绘图流程/POST_EXTERNAL_REVIEW_BOUNDED_REVISION_V1/build_candidates.py | 绘图视觉/HCC_ICI_NEW_HIGH_VALUE_RESULT_PANELS_v1/qa/build_panels.py
Analytical module AF35_CLINICAL_STATE_OCCUPANCY_DECOMPOSITION_v1	AF35_CLINICAL_STATE_OCCUPANCY_DECOMPOSITION_v1\AF35_STATE_OCCUPANCY_CLINICAL_DECOMPOSITION.tsv	绘图视觉/HCC_ICI_NEW_HIGH_VALUE_RESULT_PANELS_v1/qa/build_panels.py	def read(p): ; for b in iter(lambda:f.read(2**20), b''): h.update(b) ; manifest={r['path'].replace('\\','/'):r['sha256'] for r in read(SOURCES[mod]/'COMPLETE_SHA256_MANIFEST.tsv')} ; rows=read(p) ; refs={r['reference_id']:r for r in read(REFROOT/'EXACT_REFERENCE_FINGERPRINTS.tsv')}	supplement/tables/S08_02.tsv	Recorded module session info; R 4.4.1 or Python analysis-specific versions; see repository environment/ and S15_05	ACTIVE_CURRENT	e86acc76671a5aa24983d7089df32161d0ce8dff39cbb34736385a2788f0fb15	02e071f3caf25ebbb0ff00d1712b1f7beadbcef2e7ab8a9302767eefe19c9871	Static source/input inspection only; original path resolution may require project root. SOURCE_RECOVERED; analytical producer candidates listed; no raw rerun
Table S8 part 3	supplement/tables/S08_03.tsv	HCC_FINAL_AI_REVIEW_CORRECTION_20260921_V1/audit/build_workbook.mjs	supplement/tables/S08_03.tsv	Supplementary_Tables_S1-S15.xlsx	Bundled artifact-tool Node runtime; audit/build_workbook.mjs	DISPLAY_ONLY	0911ef309b7327a46bf67349040096e206ee59ab9b56982496d7f7eff05d47b2	6a7b83f2a8f472656b8bde9f48d1a2fb5cb650e54ce1d764d4697965027dfd57	SOURCE_RECOVERED; analytical producer candidates listed; no raw rerun; analytical entry: 绘图视觉/HCC_ICI_NEW_HIGH_VALUE_RESULT_PANELS_v1/qa/build_panels.py
Table S8 part 4	supplement/tables/S08_04.tsv	HCC_FINAL_AI_REVIEW_CORRECTION_20260921_V1/audit/build_workbook.mjs	supplement/tables/S08_04.tsv	Supplementary_Tables_S1-S15.xlsx	Bundled artifact-tool Node runtime; audit/build_workbook.mjs	DISPLAY_ONLY	4b404c56e24de588670038ce2193320ae9f45aa76db5db65e5ab2076417411b2	6a7b83f2a8f472656b8bde9f48d1a2fb5cb650e54ce1d764d4697965027dfd57	SOURCE_RECOVERED; analytical producer candidates listed; no raw rerun; analytical entry: AF35_LONGITUDINAL_CLONAL_STATE_DYNAMICS_M2_CLEANROOM_v1/scripts/07_phaseB_verify.R | AF35_LONGITUDINAL_CLONAL_STATE_DYNAMICS_M2_CLEANROOM_v1/scripts/06_phaseB_clinical.py
Analytical module AF35_LONGITUDINAL_CLONAL_STATE_DYNAMICS_M2_CLEANROOM_v1	AF35_LONGITUDINAL_CLONAL_STATE_DYNAMICS_M2_CLEANROOM_v1\04_phaseB_results\AF35_M2_CLINICAL_LONGITUDINAL_CONTRASTS.tsv	AF35_LONGITUDINAL_CLONAL_STATE_DYNAMICS_M2_CLEANROOM_v1/scripts/07_phaseB_verify.R	rd <- function(dir,name) fread(file.path(dir,name),header=TRUE)	supplement/tables/S08_04.tsv	Recorded module session info; R 4.4.1 or Python analysis-specific versions; see repository environment/ and S15_05	ACTIVE_CURRENT	b7f85c49eee9b207079f5a1d6e502bd80d74820ad7ff6505fd350bfd122518bd	dc919620ce34f3594075e663befaff79555cf66678ffc68a41ebef0c7b93b3ef	Static source/input inspection only; original path resolution may require project root. SOURCE_RECOVERED; analytical producer candidates listed; no raw rerun
Analytical module AF35_LONGITUDINAL_CLONAL_STATE_DYNAMICS_M2_CLEANROOM_v1	AF35_LONGITUDINAL_CLONAL_STATE_DYNAMICS_M2_CLEANROOM_v1\04_phaseB_results\AF35_M2_CLINICAL_LONGITUDINAL_CONTRASTS.tsv	AF35_LONGITUDINAL_CLONAL_STATE_DYNAMICS_M2_CLEANROOM_v1/scripts/06_phaseB_clinical.py	manifest=read(K/'COMPLETE_SHA256_MANIFEST.tsv');e=manifest[manifest.path.str.replace('\\','/',regex=False).eq('inputs/RESPONSE_LABEL_MAP_AFTER_FREEZE.tsv')].sha256.iloc[0] ; lab=read(source,usecols=['patient','response_group']).rename(columns={'response_group':'response'}) ; delta=read(F/(P+'_PATIENT_LONGITUDINAL_CHANGES_RESPONSE_BLIND.tsv'));assert delta.patient.is_unique ; lm=read(L/'COMPLETE_SHA256_MANIFEST.tsv');assert sha(baseline_source)==lm[lm.path.eq(baseline_source.name)].sha256.iloc[0] ; base=read(baseline_source);base=base[base.component.isin(['O_CELL','O_CLONE','D_SIZE'])].copy();save(base,B/'L_FROZEN_GROUP_BASELINE.tsv') ; time=read(F/(P+'_PATIENT_TIMEPOINT_COMPONENTS_RESPONSE_BLIND.tsv')).merge(lab,on='patient',validate='many_to_one') ; sc=read(F/(P+'_STATE_CONTRIBUTIONS_RESPONSE_BLIND.tsv')).merge(lab,on='patient',validate='many_to_one');sr=[] ; shared=read(F/(P+'_SHARED_CLONE_METRICS_RESPONSE_BLIND.tsv'));shared=shared[shared.shift_eligible].merge(lab,on='patient',validate='one_to_one');sg=shared.response.value_counts() ; js(C/'CLINICAL_COMPLETION.json',dict(utc=now(),patients=len(joined),R=int(counts['R']),NR=int(counts['NR']),pattern=pattern,balance=dominance,shared_gate=sharedgate,phaseA_post_join_hashes='PASS',baseline_source=str(baseline_source),baseline_source_sha256=sha(baseline_source),baseline_recomputed=False,baseline_same_molecular_patient_universe=set(read(A/'L_IDENTITY_REFERENCE.tsv').patient)==set(joined.patient),maximum_theta_identity_error=float(abs(res.estimate.iloc[0]-res.estimate.iloc[1]-res.estimate.iloc[2])),maximum_bootstrap_identity_error=float(abs(boot.THETA_CELL-boot.THETA_CLONE-boot.THETA_SIZE).max())))	supplement/tables/S08_04.tsv	Recorded module session info; R 4.4.1 or Python analysis-specific versions; see repository environment/ and S15_05	ACTIVE_CURRENT	b7f85c49eee9b207079f5a1d6e502bd80d74820ad7ff6505fd350bfd122518bd	71ab5162966df802d8a38f0a4d5d78002bcaea7c31cfdc74f41bbb38c1bedf62	Static source/input inspection only; original path resolution may require project root. SOURCE_RECOVERED; analytical producer candidates listed; no raw rerun
Table S8 part 5	supplement/tables/S08_05.tsv	HCC_FINAL_AI_REVIEW_CORRECTION_20260921_V1/audit/build_workbook.mjs	supplement/tables/S08_05.tsv	Supplementary_Tables_S1-S15.xlsx	Bundled artifact-tool Node runtime; audit/build_workbook.mjs	DISPLAY_ONLY	80abeb460b537675f844338c0ed2a7ab9e6d4f1f1479aba134c55d25c5ce99a1	6a7b83f2a8f472656b8bde9f48d1a2fb5cb650e54ce1d764d4697965027dfd57	SOURCE_RECOVERED; analytical producer candidates listed; no raw rerun; analytical entry: 新绘图流程/POST_EXTERNAL_REVIEW_BOUNDED_REVISION_V1/source_audit.py
Table S8 part 6	supplement/tables/S08_06.tsv	HCC_FINAL_AI_REVIEW_CORRECTION_20260921_V1/audit/build_workbook.mjs	supplement/tables/S08_06.tsv	Supplementary_Tables_S1-S15.xlsx	Bundled artifact-tool Node runtime; audit/build_workbook.mjs	DISPLAY_ONLY	0846eb8a5e27bf70a5ac3a81424037a4b7c75caaa68c0866b5591431f1337619	6a7b83f2a8f472656b8bde9f48d1a2fb5cb650e54ce1d764d4697965027dfd57	SOURCE_RECOVERED; analytical producer candidates listed; no raw rerun; analytical entry: AF35_CLONOTYPE_NEUTRALIZED_STATE_OCCUPANCY_v1/scripts/02_clinical.py
Analytical module AF35_CLONOTYPE_NEUTRALIZED_STATE_OCCUPANCY_v1	AF35_CLONOTYPE_NEUTRALIZED_STATE_OCCUPANCY_v1\AF35_CLONE_NEUTRALIZATION_STATE_CONTRIBUTIONS.tsv	AF35_CLONOTYPE_NEUTRALIZED_STATE_OCCUPANCY_v1/scripts/02_clinical.py	"label_source=K/'inputs/RESPONSE_LABEL_MAP_AFTER_FREEZE.tsv';km=read(K/'COMPLETE_SHA256_MANIFEST.tsv');kh=km.set_index('path').loc['inputs\\RESPONSE_LABEL_MAP_AFTER_FREEZE.tsv','sha256'];assert sha(label_source)==kh ; labels=read(label_source,usecols=['patient','response_group','response']);assert labels.patient.is_unique and set(labels.response_group)=={'R','NR'} and (labels.response==labels.response_group.map({'R':1,'NR':0})).all() ; source_labels=read(D/'authority/03_processed_data/phase3/GSE235863_BARCODE_CLONOTYPE_STATE_PTPN22.tsv.gz',usecols=['patient','response_group']).drop_duplicates();assert source_labels.patient.is_unique ; pc=read(OUT/(P+'_PATIENT_COMPONENTS_RESPONSE_BLIND.tsv'));cov=read(OUT/(P+'_TCR_COVERAGE.tsv'));d=pc.merge(cov[['patient','molecular_patient_eligible']],on='patient',validate='one_to_one').merge(labels,on='patient',validate='one_to_one',how='left');d['clinical_eligible']=d.molecular_patient_eligible&d.response.notna();save(d,'inputs/PATIENT_COMPONENTS_AFTER_RESPONSE_JOIN.tsv') ; kp=read(K/'AF35_STATE_OCCUPANCY_PATIENT_COMPONENTS_RESPONSE_BLIND.tsv').query(""compartment == 'P'"").merge(labels,on='patient',validate='one_to_one').sort_values('patient');kall=kp.loc[kp.response==1,'O_i'].mean()-kp.loc[kp.response==0,'O_i'].mean();ke=kp.set_index('patient').loc[patients,'O_i'].to_numpy();kdelta=ke[r].mean()-ke[~r].mean();bridgegate='POSITIVE_DIRECTION' if kdelta>0 and delta[0]>0 else 'DIRECTION_NOT_REPLICATED_IN_TCR_SUBSET' ; bridge=read(OUT/(P+'_K_BRIDGE_RESPONSE_BLIND.tsv')).merge(labels,on='patient',validate='one_to_one');bridge['clinical_eligible']=bridge.patient.isin(patients);bridge['Delta_O_K_full_K']=kall;bridge['Delta_O_K_same_L_patients']=kdelta;bridge['Delta_O_CELL']=delta[0];bridge['universe_bridge_gate']=bridgegate;save(bridge,P+'_K_BRIDGE.tsv') ; prop=read(OUT/'AF35_CLONE_NEUTRALIZATION_PATIENT_STATE_PROPORTIONS_RESPONSE_BLIND.tsv');order=read(OUT/'inputs/RELEASED_STATE_ORDER.tsv');states=order.released_state.tolist();state_rows=[] ; pair=read(OUT/'inputs/PAIRED_CDR3_PATIENT_COMPONENTS_RESPONSE_BLIND.tsv').set_index('patient').loc[patients];px=pair[keys].to_numpy();pdelta=px[r].mean(axis=0)-px[~r].mean(axis=0);paired_pattern=classify(pdelta)"	supplement/tables/S08_06.tsv	Recorded module session info; R 4.4.1 or Python analysis-specific versions; see repository environment/ and S15_05	ACTIVE_CURRENT	299d183ab28b231fad88e270368d701c5098903488626b9e214ba783a674fbb2	353732d8a4db64b59a42497a388b8fb754e3fb7ee193be99a3de2a366c0c93f2	Static source/input inspection only; original path resolution may require project root. SOURCE_RECOVERED; analytical producer candidates listed; no raw rerun
Table S8 part 7	supplement/tables/S08_07.tsv	HCC_FINAL_AI_REVIEW_CORRECTION_20260921_V1/audit/build_workbook.mjs	supplement/tables/S08_07.tsv	Supplementary_Tables_S1-S15.xlsx	Bundled artifact-tool Node runtime; audit/build_workbook.mjs	DISPLAY_ONLY	77daff8705363ada478b53fba4c496b2d554fd37d0b850492bc5e419d1031557	6a7b83f2a8f472656b8bde9f48d1a2fb5cb650e54ce1d764d4697965027dfd57	SOURCE_RECOVERED; analytical producer candidates listed; no raw rerun; analytical entry: 新绘图流程/POST_EXTERNAL_REVIEW_BOUNDED_REVISION_V1/source_audit.py | 新绘图流程/POST_EXTERNAL_REVIEW_BOUNDED_REVISION_V1/build_candidates.py | AF35_LONGITUDINAL_CLONAL_STATE_DYNAMICS_M2_CLEANROOM_v1/scripts/06_phaseB_clinical.py | AF35_LONGITUDINAL_CLONAL_STATE_DYNAMICS_M2_CLEANROOM_v1/scripts/03_phaseA_molecular.py | 绘图视觉/HCC_ICI_NEW_HIGH_VALUE_RESULT_PANELS_v1/qa/build_panels.py
Analytical module AF35_CLONOTYPE_NEUTRALIZED_STATE_OCCUPANCY_v1	AF35_CLONOTYPE_NEUTRALIZED_STATE_OCCUPANCY_v1\AF35_CLONE_NEUTRALIZATION_CLINICAL_DECOMPOSITION.tsv	AF35_LONGITUDINAL_CLONAL_STATE_DYNAMICS_M2_CLEANROOM_v1/scripts/03_phaseA_molecular.py	x=read(A/'MOLECULAR_CELLS.tsv'); alpha=read(A/'K_FROZEN_ALPHA.tsv'); states=read(A/'RELEASED_STATE_ORDER.tsv').released_state.tolist()	supplement/tables/S08_07.tsv	Recorded module session info; R 4.4.1 or Python analysis-specific versions; see repository environment/ and S15_05	ACTIVE_CURRENT	77daff8705363ada478b53fba4c496b2d554fd37d0b850492bc5e419d1031557	be7201f3ca738d5e3231aceb8a2d6d2d25cc79b9e2c96e67808f1956ba68f8a0	Static source/input inspection only; original path resolution may require project root. SOURCE_RECOVERED; analytical producer candidates listed; no raw rerun
Table S9 part 1	supplement/tables/S09_01.tsv	HCC_FINAL_AI_REVIEW_CORRECTION_20260921_V1/audit/build_workbook.mjs	supplement/tables/S09_01.tsv	Supplementary_Tables_S1-S15.xlsx	Bundled artifact-tool Node runtime; audit/build_workbook.mjs	DISPLAY_ONLY	d15aba91c12c16dc6cd2a022cc87d790ec08086d32e2ac7e878386f95209335a	6a7b83f2a8f472656b8bde9f48d1a2fb5cb650e54ce1d764d4697965027dfd57	SOURCE_RECOVERED; analytical producer candidates listed; no raw rerun; analytical entry: HCC_PTPN22_AF35_FINAL_PROSE_SUPPLEMENT_POLISH_20260918_V1/build_final_prose_supplement.py
Table S9 part 2	supplement/tables/S09_02.tsv	HCC_FINAL_AI_REVIEW_CORRECTION_20260921_V1/audit/build_workbook.mjs	supplement/tables/S09_02.tsv	Supplementary_Tables_S1-S15.xlsx	Bundled artifact-tool Node runtime; audit/build_workbook.mjs	DISPLAY_ONLY	b85d2f994c589b524261ca033218c18b306ed06e257afcf1be252fb474958a5d	6a7b83f2a8f472656b8bde9f48d1a2fb5cb650e54ce1d764d4697965027dfd57	SOURCE_RECOVERED; analytical producer candidates listed; no raw rerun; analytical entry: HCC_ICI_project/04_scripts/spatial_specificity_rescue/01_spatial_specificity_rescue.R
Analytical module HCC_ICI_project	HCC_ICI_project\05_results\tables\spatial_specificity_rescue\PTPN22_IMMUNE_MATCHED_REGIONAL_EFFECTS.tsv	HCC_ICI_project/04_scripts/spatial_specificity_rescue/01_spatial_specificity_rescue.R	"axes <- fread(axis_file) ; comparators <- fread(comparator_file) ; features <- fread(file.path(matrix_dir, ""features.tsv.gz""), header = FALSE) ; positions <- fread(file.path(gse_dir, sid, ""spatial"", ""tissue_positions_list.csv""), header = FALSE) ; categories <- h5read(file, paste0(""/obs/"", field, ""/categories"")) ; codes <- h5read(file, paste0(""/obs/"", field, ""/codes"")) ; spot_id = as.character(h5read(wu_h5, ""/obs/index"")), ; spatial <- h5read(wu_h5, ""/obsm/spatial"") ; wu_genes <- as.character(h5read(wu_h5, ""/var/_index"")) ; wu_indptr <- h5read(wu_h5, ""/X/indptr"")"	supplement/tables/S09_02.tsv	Recorded module session info; R 4.4.1 or Python analysis-specific versions; see repository environment/ and S15_05	ACTIVE_CURRENT	9e8b5a0cea2f13be65d03f481b743e5843f92ae70ffbec5d76db077a2c8e1f3e	20e699316ab29b097b3cdfce78fac2a95bfe41c57946cbfb31dddc06308497f4	Static source/input inspection only; original path resolution may require project root. SOURCE_RECOVERED; analytical producer candidates listed; no raw rerun
Table S9 part 3	supplement/tables/S09_03.tsv	HCC_FINAL_AI_REVIEW_CORRECTION_20260921_V1/audit/build_workbook.mjs	supplement/tables/S09_03.tsv	Supplementary_Tables_S1-S15.xlsx	Bundled artifact-tool Node runtime; audit/build_workbook.mjs	DISPLAY_ONLY	723dbee086d71f64323806389ba1c87bf5f75262cea1ab72b0d887a71d75b18a	6a7b83f2a8f472656b8bde9f48d1a2fb5cb650e54ce1d764d4697965027dfd57	SOURCE_RECOVERED; analytical producer candidates listed; no raw rerun; analytical entry: HCC_FINAL_AI_REVIEW_CORRECTION_20260921_V1/audit/finish_tables.py
Table S9 part 4	supplement/tables/S09_04.tsv	HCC_FINAL_AI_REVIEW_CORRECTION_20260921_V1/audit/build_workbook.mjs	supplement/tables/S09_04.tsv	Supplementary_Tables_S1-S15.xlsx	Bundled artifact-tool Node runtime; audit/build_workbook.mjs	DISPLAY_ONLY	84cd11c645731d10cf7ca6985561a2638fa36754f140243c0ca8532465d71e1e	6a7b83f2a8f472656b8bde9f48d1a2fb5cb650e54ce1d764d4697965027dfd57	SOURCE_RECOVERED; analytical producer candidates listed; no raw rerun; analytical entry: HCC_FINAL_AI_REVIEW_CORRECTION_20260921_V1/audit/finish_tables.py
Table S9 part 5	supplement/tables/S09_05.tsv	HCC_FINAL_AI_REVIEW_CORRECTION_20260921_V1/audit/build_workbook.mjs	supplement/tables/S09_05.tsv	Supplementary_Tables_S1-S15.xlsx	Bundled artifact-tool Node runtime; audit/build_workbook.mjs	DISPLAY_ONLY	25d1d5e4078a83b70727a6fb244521f2f250e956ffc22097aa777704c7369cdd	6a7b83f2a8f472656b8bde9f48d1a2fb5cb650e54ce1d764d4697965027dfd57	SOURCE_RECOVERED; analytical producer candidates listed; no raw rerun; analytical entry: HCC_FINAL_AI_REVIEW_CORRECTION_20260921_V1/audit/finish_tables.py
Table S10 part 1	supplement/tables/S10_01.tsv	HCC_FINAL_AI_REVIEW_CORRECTION_20260921_V1/audit/build_workbook.mjs	supplement/tables/S10_01.tsv	Supplementary_Tables_S1-S15.xlsx	Bundled artifact-tool Node runtime; audit/build_workbook.mjs	DISPLAY_ONLY	fe68342ad062b591938ab619ba2f48f972ad10a87e5436b8608d9606f6aea767	6a7b83f2a8f472656b8bde9f48d1a2fb5cb650e54ce1d764d4697965027dfd57	SOURCE_RECOVERED; analytical producer candidates listed; no raw rerun; analytical entry: HCC_PTPN22_AF35_FINAL_PROSE_SUPPLEMENT_POLISH_20260918_V1/build_final_prose_supplement.py | 绘图视觉/HCC_ICI_NEW_HIGH_VALUE_RESULT_PANELS_v1/qa/build_panels.py
Table S10 part 2	supplement/tables/S10_02.tsv	HCC_FINAL_AI_REVIEW_CORRECTION_20260921_V1/audit/build_workbook.mjs	supplement/tables/S10_02.tsv	Supplementary_Tables_S1-S15.xlsx	Bundled artifact-tool Node runtime; audit/build_workbook.mjs	DISPLAY_ONLY	23b3f759c34e2a2763a6fe00b20d7c862cd26c21d33e0d2bb0f983428ae450b7	6a7b83f2a8f472656b8bde9f48d1a2fb5cb650e54ce1d764d4697965027dfd57	SOURCE_RECOVERED; analytical producer candidates listed; no raw rerun; analytical entry: HCC_ICI_BIOLOGICAL_RESOLUTION_BR1_v1/scripts/module_d_prepare_spatial_tables.R
Analytical module HCC_ICI_BIOLOGICAL_RESOLUTION_BR1_v1	HCC_ICI_BIOLOGICAL_RESOLUTION_BR1_v1\data\WU_ST_CODEX_CONTEXT_MATRIX_PLOT_READY.tsv	HCC_ICI_BIOLOGICAL_RESOLUTION_BR1_v1/scripts/module_d_prepare_spatial_tables.R	x <- as.data.table(readRDS(path)) ; part <- fread(cluster_path) ; spot_map <- fread(spot_map_path) ; region_audit <- fread(region_audit_path) ; image_array <- h5read(h5_path, hires_h5_path) ; hires_scale <- as.numeric(h5read(h5_path, scale_h5_path)) ; coeff <- fread(patient_coeff_path) ; crossmodal <- fread(crossmodal_path)	supplement/tables/S10_02.tsv	Recorded module session info; R 4.4.1 or Python analysis-specific versions; see repository environment/ and S15_05	ACTIVE_CURRENT	c30bf7d3b03735e47f4f2bd2b5c8cabec0dbbfa2deb58e99710a8c6e9ae165c1	332997578bab611c25033c32cbb5262e98c57e35e279f8e2b880c809578b4917	Static source/input inspection only; original path resolution may require project root. SOURCE_RECOVERED; analytical producer candidates listed; no raw rerun
Table S10 part 3	supplement/tables/S10_03.tsv	HCC_FINAL_AI_REVIEW_CORRECTION_20260921_V1/audit/build_workbook.mjs	supplement/tables/S10_03.tsv	Supplementary_Tables_S1-S15.xlsx	Bundled artifact-tool Node runtime; audit/build_workbook.mjs	DISPLAY_ONLY	4461806318324b217e07a36c7a15b7b9f2a2650f34046542c839cad4bf0d4071	6a7b83f2a8f472656b8bde9f48d1a2fb5cb650e54ce1d764d4697965027dfd57	SOURCE_RECOVERED; analytical producer candidates listed; no raw rerun; analytical entry: 绘图视觉/HCC_ICI_NEW_HIGH_VALUE_RESULT_PANELS_v1/qa/build_panels.py | 绘图视觉/HCC_ICI_MAIN_SPECIFIC_PANEL_RECONSTRUCTION_v1/qa/build_main.py
Analytical module WU_AF35_SPATIAL_CELLULAR_MICROENV_CONTEXT_v1	WU_AF35_SPATIAL_CELLULAR_MICROENV_CONTEXT_v1\WU_AF35_HIGH_LOW_CELLTYPE_CONTEXT.tsv	绘图视觉/HCC_ICI_MAIN_SPECIFIC_PANEL_RECONSTRUCTION_v1/qa/build_main.py	mf=read(root/'COMPLETE_SHA256_MANIFEST.tsv') ; rows=read(p);BINDS.append({'path':str(p),'sha256':h,'rows':len(rows),'frozen_manifest_match':True}) ; for r in read(refs):	supplement/tables/S10_03.tsv	Recorded module session info; R 4.4.1 or Python analysis-specific versions; see repository environment/ and S15_05	ACTIVE_CURRENT	12571741afbb22530f5aa7135e6d333ed5d6eef9a4cfc771ffeecffeca61f4d9	a643196f5fa535a6dd18ffefdd3ae497921d6f4546ac3fa5cb0bde0009823a36	Static source/input inspection only; original path resolution may require project root. SOURCE_RECOVERED; analytical producer candidates listed; no raw rerun
Table S10 part 4	supplement/tables/S10_04.tsv	HCC_FINAL_AI_REVIEW_CORRECTION_20260921_V1/audit/build_workbook.mjs	supplement/tables/S10_04.tsv	Supplementary_Tables_S1-S15.xlsx	Bundled artifact-tool Node runtime; audit/build_workbook.mjs	DISPLAY_ONLY	a3523750d6ede33f967f75ddb6bc4a051e675e199665f48ee1001fb366523b2e	6a7b83f2a8f472656b8bde9f48d1a2fb5cb650e54ce1d764d4697965027dfd57	SOURCE_RECOVERED; analytical producer candidates listed; no raw rerun; analytical entry: WU_AF35_DC_CD8_SPATIAL_TOPOLOGY_v1/scripts/01_topology.py
Analytical module WU_AF35_DC_CD8_SPATIAL_TOPOLOGY_v1	WU_AF35_DC_CD8_SPATIAL_TOPOLOGY_v1\WU_AF35_DC_CD8_PRIMARY_TEST.tsv	WU_AF35_DC_CD8_SPATIAL_TOPOLOGY_v1/scripts/01_topology.py	cells=read(OUT/'data/FROZEN_DC_CD8_HIGH_LOW_CELLS.tsv.gz') ; elig=read(OUT/'WU_AF35_DC_CD8_TOPOLOGY_ELIGIBILITY.tsv')	supplement/tables/S10_04.tsv	Recorded module session info; R 4.4.1 or Python analysis-specific versions; see repository environment/ and S15_05	ACTIVE_CURRENT	a5a457c7dfddbab0d5b1d252a39af4a50262cfd19c0a2a6d8e6926cca74a3c80	2ae00ffd681479d85adf7cc256c6f4385c615cf42434cc9464b9e491dcb560d7	Static source/input inspection only; original path resolution may require project root. SOURCE_RECOVERED; analytical producer candidates listed; no raw rerun
Table S10 part 5	supplement/tables/S10_05.tsv	HCC_FINAL_AI_REVIEW_CORRECTION_20260921_V1/audit/build_workbook.mjs	supplement/tables/S10_05.tsv	Supplementary_Tables_S1-S15.xlsx	Bundled artifact-tool Node runtime; audit/build_workbook.mjs	DISPLAY_ONLY	245726a3e3ff542294546fbaad88aa2671bb4e2cb2ff59421edbdf62e06594ef	6a7b83f2a8f472656b8bde9f48d1a2fb5cb650e54ce1d764d4697965027dfd57	SOURCE_RECOVERED; analytical producer candidates listed; no raw rerun; analytical entry: WU_AF35_DC_CD8_SPATIAL_TOPOLOGY_v1/scripts/01_topology.py
Table S10 part 6	supplement/tables/S10_06.tsv	HCC_FINAL_AI_REVIEW_CORRECTION_20260921_V1/audit/build_workbook.mjs	supplement/tables/S10_06.tsv	Supplementary_Tables_S1-S15.xlsx	Bundled artifact-tool Node runtime; audit/build_workbook.mjs	DISPLAY_ONLY	0b0e7cc32933fe5cf993e88a67be78e8a8f06e9d91fd34dcfcce4e8c1df801ac	6a7b83f2a8f472656b8bde9f48d1a2fb5cb650e54ce1d764d4697965027dfd57	SOURCE_RECOVERED; analytical producer candidates listed; no raw rerun; analytical entry: WU_AF35_DC_CD8_SPATIAL_TOPOLOGY_v1/scripts/00_feasibility_freeze.py
Analytical module WU_AF35_DC_CD8_SPATIAL_TOPOLOGY_v1	WU_AF35_DC_CD8_SPATIAL_TOPOLOGY_v1\WU_AF35_DC_CD8_TOPOLOGY_ELIGIBILITY.tsv	WU_AF35_DC_CD8_SPATIAL_TOPOLOGY_v1/scripts/00_feasibility_freeze.py	manifest=read(C/'COMPLETE_SHA256_MANIFEST.tsv') ; edges=read(C/'eligible_manifests/WU_ELIGIBLE_MAPPED_CELL_MEMBERSHIP.tsv.gz') ; ctx=read(C/'eligible_manifests/WU_ELIGIBLE_REGION_SPOTS.tsv') ; regions=read(C/'eligible_manifests/WU_ELIGIBLE_REGIONS.tsv')	supplement/tables/S10_06.tsv	Recorded module session info; R 4.4.1 or Python analysis-specific versions; see repository environment/ and S15_05	ACTIVE_CURRENT	5ec59674ee2ab03073be5f42bbf0ea1cd1af385aab323c7ae5b4dddf8522011a	3b77f8fa1969d270e4c59a49d98d794a35b153c88fe04fe883e74ca89ba89383	Static source/input inspection only; original path resolution may require project root. SOURCE_RECOVERED; analytical producer candidates listed; no raw rerun
Table S11 part 1	supplement/tables/S11_01.tsv	HCC_FINAL_AI_REVIEW_CORRECTION_20260921_V1/audit/build_workbook.mjs	supplement/tables/S11_01.tsv	Supplementary_Tables_S1-S15.xlsx	Bundled artifact-tool Node runtime; audit/build_workbook.mjs	DISPLAY_ONLY	52d7465f55128f92574ae35222e15fe66e5ad58d895cf05aabbff472cad93c3b	6a7b83f2a8f472656b8bde9f48d1a2fb5cb650e54ce1d764d4697965027dfd57	SOURCE_RECOVERED; analytical producer candidates listed; no raw rerun; analytical entry: AF35_MATCHED_RANDOM_CLINICAL_NULL_v1/03_score_and_join.R
Analytical module AF35_MATCHED_RANDOM_CLINICAL_NULL_v1	AF35_MATCHED_RANDOM_CLINICAL_NULL_v1\ANALYSIS_PATIENT_ELIGIBILITY.tsv	AF35_MATCHED_RANDOM_CLINICAL_NULL_v1/03_score_and_join.R	locks <- rbind(fread(file.path(out,'MATCHED_PROGRAM_MANIFEST_SHA256.tsv')),fread(file.path(out,'SCORING_AUTHORITY_LOCK.tsv'))[,.(path,sha256)]) ; manifest <- fread(file.path(out,'AF35_MATCHED_NULL_PROGRAM_MANIFEST.tsv')) ; af <- fread(file.path(out,'AF35_ORDERED_GENES.tsv'))$gene ; mats <- readRDS(file.path(out,'EXPRESSION_MATRICES_RESPONSE_BLIND.rds')) ; score_lock <- fread(file.path(out,'PATIENT_SCORE_FREEZE_SHA256.tsv')) ; scores <- fread(file.path(out,'AF35_MATCHED_NULL_PATIENT_PROGRAM_SCORES_RESPONSE_BLIND.tsv')) ; erp <- fread(erp_path); gse <- fread(gse_path) ; frozen_erp <- fread(file.path(p,'05_results/tables/pretreatment_clinical_translation/ERP117672_AF_PROGRAM_RESPONSE_ASSOCIATION.tsv'))[population=='PRIMARY_RESPONSE_EVALUABLE',hedges_g] ; frozen_gse <- fread(file.path(p,'05_results/tables/phase15b_public_replication/GSE302495_AF35_RECIST_ASSOCIATION.tsv'))$hedges_g	supplement/tables/S11_01.tsv	Recorded module session info; R 4.4.1 or Python analysis-specific versions; see repository environment/ and S15_05	ACTIVE_CURRENT	6b0135ce28b97b6c77fca77d592644abb0173b4113896459393f903c98a90687	2a899375a9c806c4d9658b5060c20bf36e425e0379c7dfd0eda03f3adb284aed	Static source/input inspection only; original path resolution may require project root. SOURCE_RECOVERED; analytical producer candidates listed; no raw rerun
Table S11 part 2	supplement/tables/S11_02.tsv	HCC_FINAL_AI_REVIEW_CORRECTION_20260921_V1/audit/build_workbook.mjs	supplement/tables/S11_02.tsv	Supplementary_Tables_S1-S15.xlsx	Bundled artifact-tool Node runtime; audit/build_workbook.mjs	DISPLAY_ONLY	36d6ca13636608d535684993481615e802c0824273ec24c59472cf926ce3b806	6a7b83f2a8f472656b8bde9f48d1a2fb5cb650e54ce1d764d4697965027dfd57	SOURCE_RECOVERED; analytical producer candidates listed; no raw rerun; analytical entry: HCC_ICI_project/04_scripts/phase19/05_phase19b_outcome_analysis.R | HCC_ICI_project/04_scripts/phase15c_public_benchmark/01_run_phase15c_benchmark.R | HCC_ICI_project/04_scripts/phase15b_public_replication/03_analyze_public_replication.R | HCC_ICI_project/04_scripts/phase15b_public_replication/02_lock_outcome_maps.R
Analytical module HCC_ICI_project	HCC_ICI_project\01_metadata\phase15b_public_replication\GSE302495_PATIENT_RESPONSE_MAP.tsv	HCC_ICI_project/04_scripts/phase19/05_phase19b_outcome_analysis.R	"blind <- readRDS(blind_object_path) ; erp_map <- fread(erp_map_path)[primary_included == TRUE, .(patient_id, group = fifelse(primary_group == ""Responder"", ""R"", ""NR""))] ; g302_map <- fread(g302_map_path)[, .(patient_id, group = response_group)]"	supplement/tables/S11_02.tsv	Recorded module session info; R 4.4.1 or Python analysis-specific versions; see repository environment/ and S15_05	ACTIVE_CURRENT	fd2d8101719bd178e0b28680645e86319a30e485f210dd8f27fae04dc1c83b8d	89a0232c52648e0313bd0951186fad29cfbb6bb574a0a8fe3a596e03787e8202	Static source/input inspection only; original path resolution may require project root. SOURCE_RECOVERED; analytical producer candidates listed; no raw rerun
Analytical module HCC_ICI_project	HCC_ICI_project\01_metadata\phase15b_public_replication\GSE302495_PATIENT_RESPONSE_MAP.tsv	HCC_ICI_project/04_scripts/phase15c_public_benchmark/01_run_phase15c_benchmark.R	"contract <- fread(contract_path) ; axes <- fread(axis_path) ; erp_object <- readRDS(erp_rds_path) ; g302_object <- readRDS(g302_rds_path) ; program_definitions <- fread(comparator_path)[program %chin% unname(program_ids) & !startsWith(gene, ""DERIVED:"")] ; max(abs(safe_z(erp_benchmark$scores$broad_immune) - safe_z(fread(file.path(project_dir, ""05_results"", ""tables"", ""pretreatment_clinical_translation"", ""ERP117672_PRETREATMENT_PATIENT_SCORES.tsv""))$broad_immune_z))) < 1e-12, ; erp_blind_eligibility <- fread(erp_map_path, select = c(""patient_id"", ""primary_included""))[primary_included == TRUE, patient_id] ; erp_map <- fread(erp_map_path)[primary_included == TRUE, .(patient_id, group = fifelse(primary_group == ""Responder"", ""R"", ""NR""))] ; g302_map <- fread(g302_map_path)[, .(patient_id, group = response_group)] ; erp_old <- fread(file.path(project_dir, ""05_results"", ""tables"", ""pretreatment_clinical_translation"", ""ERP117672_BROAD_IMMUNE_RESPONSE_EFFECTS.tsv""))"	supplement/tables/S11_02.tsv	Recorded module session info; R 4.4.1 or Python analysis-specific versions; see repository environment/ and S15_05	ACTIVE_CURRENT	fd2d8101719bd178e0b28680645e86319a30e485f210dd8f27fae04dc1c83b8d	9ce42309422d10b40d6a203e8e490bcebb6d36e97584424e033fddd30cc323ad	Static source/input inspection only; original path resolution may require project root. SOURCE_RECOVERED; analytical producer candidates listed; no raw rerun
Analytical module HCC_ICI_project	HCC_ICI_project\01_metadata\phase15b_public_replication\GSE302495_PATIENT_RESPONSE_MAP.tsv	HCC_ICI_project/04_scripts/phase15b_public_replication/03_analyze_public_replication.R	g302_object <- readRDS(g302_rds) ; g287_object <- readRDS(g287_rds) ; g302_map <- fread(g302_map_path) ; g287_map <- fread(g287_map_path)	supplement/tables/S11_02.tsv	Recorded module session info; R 4.4.1 or Python analysis-specific versions; see repository environment/ and S15_05	ACTIVE_CURRENT	fd2d8101719bd178e0b28680645e86319a30e485f210dd8f27fae04dc1c83b8d	be862810051d8c5a664850bb7a8d25c91c3b3d525558455cf0e9ed744ed81d1c	Static source/input inspection only; original path resolution may require project root. SOURCE_RECOVERED; analytical producer candidates listed; no raw rerun
Analytical module HCC_ICI_project	HCC_ICI_project\01_metadata\phase15b_public_replication\GSE302495_PATIENT_RESPONSE_MAP.tsv	HCC_ICI_project/04_scripts/phase15b_public_replication/02_lock_outcome_maps.R	"g302_object <- readRDS(g302_rds) ; g287_object <- readRDS(g287_rds) ; g302 <- fread(g302_source)[timepoint == ""PRETREATMENT""] ; g287 <- fread(g287_source)[timepoint == ""PRETREATMENT""]"	supplement/tables/S11_02.tsv	Recorded module session info; R 4.4.1 or Python analysis-specific versions; see repository environment/ and S15_05	ACTIVE_CURRENT	fd2d8101719bd178e0b28680645e86319a30e485f210dd8f27fae04dc1c83b8d	0ba6642d7adaaf536607884576fb2cac95321ae0a69de3044a6c0f7ea064e286	Static source/input inspection only; original path resolution may require project root. SOURCE_RECOVERED; analytical producer candidates listed; no raw rerun
Table S11 part 3	supplement/tables/S11_03.tsv	HCC_FINAL_AI_REVIEW_CORRECTION_20260921_V1/audit/build_workbook.mjs	supplement/tables/S11_03.tsv	Supplementary_Tables_S1-S15.xlsx	Bundled artifact-tool Node runtime; audit/build_workbook.mjs	DISPLAY_ONLY	ff8be9686eb0e151b1e820f9dfc05c557302b985471c2bcdb7e97dcb58aeff7e	6a7b83f2a8f472656b8bde9f48d1a2fb5cb650e54ce1d764d4697965027dfd57	SOURCE_RECOVERED; analytical producer candidates listed; no raw rerun; analytical entry: HCC_ICI_project/04_scripts/pretreatment_clinical_translation/04_analyze_erp117672.R
Analytical module HCC_ICI_project	HCC_ICI_project\05_results\tables\pretreatment_clinical_translation\ERP117672_AF_PROGRAM_RESPONSE_ASSOCIATION.tsv	HCC_ICI_project/04_scripts/pretreatment_clinical_translation/04_analyze_erp117672.R	response_blind <- readRDS(matrix_path) ; axes <- fread(axis_path) ; comparators <- fread(comparator_path) ; map <- fread(map_path) ; tace <- fread(tace_effect_path)	supplement/tables/S11_03.tsv	Recorded module session info; R 4.4.1 or Python analysis-specific versions; see repository environment/ and S15_05	HISTORICAL	a4a693bb75db9c34f7df7863db3dadda6197c0cd8a8b32553a309a50ce681511	4a9c19712f29563f9c540b714990e627c4ba2867fda38f6501ce275346a506f4	Static source/input inspection only; original path resolution may require project root. SOURCE_RECOVERED; analytical producer candidates listed; no raw rerun
Table S11 part 4	supplement/tables/S11_04.tsv	HCC_FINAL_AI_REVIEW_CORRECTION_20260921_V1/audit/build_workbook.mjs	supplement/tables/S11_04.tsv	Supplementary_Tables_S1-S15.xlsx	Bundled artifact-tool Node runtime; audit/build_workbook.mjs	DISPLAY_ONLY	a234eb40472e605fc899afc476f6bace69371ce88db9dd80ef65846dbadf4845	6a7b83f2a8f472656b8bde9f48d1a2fb5cb650e54ce1d764d4697965027dfd57	SOURCE_RECOVERED; analytical producer candidates listed; no raw rerun; analytical entry: HCC_ICI_project/04_scripts/pretreatment_clinical_translation/04_analyze_erp117672.R
Table S11 part 5	supplement/tables/S11_05.tsv	HCC_FINAL_AI_REVIEW_CORRECTION_20260921_V1/audit/build_workbook.mjs	supplement/tables/S11_05.tsv	Supplementary_Tables_S1-S15.xlsx	Bundled artifact-tool Node runtime; audit/build_workbook.mjs	DISPLAY_ONLY	73db1df5b1450058bb67df7c21d23d75c158a59ba34c1c8b15dcbba570d5054d	6a7b83f2a8f472656b8bde9f48d1a2fb5cb650e54ce1d764d4697965027dfd57	SOURCE_RECOVERED; analytical producer candidates listed; no raw rerun; analytical entry: HCC_ICI_project/04_scripts/pretreatment_clinical_translation/04_analyze_erp117672.R
Table S11 part 6	supplement/tables/S11_06.tsv	HCC_FINAL_AI_REVIEW_CORRECTION_20260921_V1/audit/build_workbook.mjs	supplement/tables/S11_06.tsv	Supplementary_Tables_S1-S15.xlsx	Bundled artifact-tool Node runtime; audit/build_workbook.mjs	DISPLAY_ONLY	9e49c9dd0165b355a9028fa9bf79ebb35b5ac9c6917f66e9deb37800f5e312aa	6a7b83f2a8f472656b8bde9f48d1a2fb5cb650e54ce1d764d4697965027dfd57	SOURCE_RECOVERED; analytical producer candidates listed; no raw rerun; analytical entry: HCC_ICI_project/04_scripts/phase15b_public_replication/01_prepare_response_blind_inputs.R
Analytical module HCC_ICI_project	HCC_ICI_project\05_results\tables\phase15b_public_replication\GSE302495_PATIENT_LEVEL_SCORES.tsv	HCC_ICI_project/04_scripts/phase15b_public_replication/01_prepare_response_blind_inputs.R	"af_genes <- fread(af_path)$gene ; comparators <- fread(comparator_path) ; mapping <- fread(map_path, select = c(""gene_id"", ""gene_symbol"")) ; g302 <- fread(gse302_path) ; g287 <- fread(gse287_path, skip = 2L)"	supplement/tables/S11_06.tsv	Recorded module session info; R 4.4.1 or Python analysis-specific versions; see repository environment/ and S15_05	ACTIVE_CURRENT	c3886e03e0fa1ee073cf8f79f20b75720ffee6469afad5db06d728bdf2da720a	1c4a7efbc0d4f5b6b29d0a59a82b5d494614ad6337c3c672c08313c79156e31b	Static source/input inspection only; original path resolution may require project root. SOURCE_RECOVERED; analytical producer candidates listed; no raw rerun
Table S11 part 7	supplement/tables/S11_07.tsv	HCC_FINAL_AI_REVIEW_CORRECTION_20260921_V1/audit/build_workbook.mjs	supplement/tables/S11_07.tsv	Supplementary_Tables_S1-S15.xlsx	Bundled artifact-tool Node runtime; audit/build_workbook.mjs	DISPLAY_ONLY	48c9fcbb1d0bd6289958a9d1183fc1d945b5327f92686d1889f456ef3b4c13ba	6a7b83f2a8f472656b8bde9f48d1a2fb5cb650e54ce1d764d4697965027dfd57	SOURCE_RECOVERED; analytical producer candidates listed; no raw rerun; analytical entry: AF35_BROAD_IMMUNE_RESIDUAL_ASSOCIATION_v1/scripts/03_join_and_analyze.py
Analytical module AF35_BROAD_IMMUNE_RESIDUAL_ASSOCIATION_v1	AF35_BROAD_IMMUNE_RESIDUAL_ASSOCIATION_v1\AF35_BROAD_IMMUNE_CLINICAL_EFFECTS.tsv	AF35_BROAD_IMMUNE_RESIDUAL_ASSOCIATION_v1/scripts/03_join_and_analyze.py	values=f.read(OUT/(P+'_RESPONSE_BLIND_PATIENT_VALUES.tsv')) ; folds=f.read(OUT/(P+'_LOO_RESPONSE_BLIND_PATIENT_VALUES.tsv')) ; d=values[values.cohort==c].copy();old=f.read(path,usecols=['patient_id','response','AF35']) ; expected=f.read(target).query('cohort==@c').frozen_hedges_g.item();assert abs(a-expected)<1e-10	supplement/tables/S11_07.tsv	Recorded module session info; R 4.4.1 or Python analysis-specific versions; see repository environment/ and S15_05	ACTIVE_CURRENT	428594f1bd30f431b1f25292756ae0b18398ec8ecad241550049987aa610db05	04ba04e380b14da575493a8eb086c2f9ae3281c6045108e044268d9d72ac82a1	Static source/input inspection only; original path resolution may require project root. SOURCE_RECOVERED; analytical producer candidates listed; no raw rerun
Table S11 part 8	supplement/tables/S11_08.tsv	HCC_FINAL_AI_REVIEW_CORRECTION_20260921_V1/audit/build_workbook.mjs	supplement/tables/S11_08.tsv	Supplementary_Tables_S1-S15.xlsx	Bundled artifact-tool Node runtime; audit/build_workbook.mjs	DISPLAY_ONLY	c51fa59d241776ba383795be09665baeff6c0d79db0f6a82cca5ef8038f9d36a	6a7b83f2a8f472656b8bde9f48d1a2fb5cb650e54ce1d764d4697965027dfd57	SOURCE_RECOVERED; analytical producer candidates listed; no raw rerun; analytical entry: AF35_BROAD_IMMUNE_RESIDUAL_ASSOCIATION_v1/scripts/03_join_and_analyze.py
Table S11 part 9	supplement/tables/S11_09.tsv	HCC_FINAL_AI_REVIEW_CORRECTION_20260921_V1/audit/build_workbook.mjs	supplement/tables/S11_09.tsv	Supplementary_Tables_S1-S15.xlsx	Bundled artifact-tool Node runtime; audit/build_workbook.mjs	DISPLAY_ONLY	537cdf99ef13125581bd7b3f58f012d777071fb9175160a2ae98585357e6144d	6a7b83f2a8f472656b8bde9f48d1a2fb5cb650e54ce1d764d4697965027dfd57	SOURCE_RECOVERED; analytical producer candidates listed; no raw rerun; analytical entry: AF35_BROAD_IMMUNE_RESIDUAL_ASSOCIATION_v1/scripts/03_join_and_analyze.py
Table S11 part 10	supplement/tables/S11_10.tsv	HCC_FINAL_AI_REVIEW_CORRECTION_20260921_V1/audit/build_workbook.mjs	supplement/tables/S11_10.tsv	Supplementary_Tables_S1-S15.xlsx	Bundled artifact-tool Node runtime; audit/build_workbook.mjs	DISPLAY_ONLY	fcea3cfd53838afa10fe73df671494e5757d661eedf1060e50be5baba28adc0e	6a7b83f2a8f472656b8bde9f48d1a2fb5cb650e54ce1d764d4697965027dfd57	SOURCE_RECOVERED; analytical producer candidates listed; no raw rerun; analytical entry: CLINICAL_ANCHOR_READOUT_DECOMPOSITION_v1/scripts/03_paired_and_firth.R
Analytical module CLINICAL_ANCHOR_READOUT_DECOMPOSITION_v1	CLINICAL_ANCHOR_READOUT_DECOMPOSITION_v1\tables\AF35_VS_PTPN22_PAIRED_DELTA_G.tsv	CLINICAL_ANCHOR_READOUT_DECOMPOSITION_v1/scripts/03_paired_and_firth.R	erpm <- fread(file.path(p,'01_metadata/pretreatment_clinical_translation/ERP117672_PATIENT_RESPONSE_MAP.tsv'))[primary_included==TRUE,.(patient_id,group=ifelse(primary_group=='Responder','R','NR'))] ; gsem <- fread(file.path(p,'01_metadata/phase15b_public_replication/GSE302495_PATIENT_RESPONSE_MAP.tsv'))[,.(patient_id,group=response_group)] ; d<-fread(file.path(out,paste0('inputs/',cohort,'_MOLECULAR_INPUT_RESPONSE_BLIND.tsv'))) ; old<-fread(file.path(p,paste0('05_results/tables/phase15c_public_benchmark/',cohort,'_UNIVARIATE_BENCHMARK_EFFECTS.tsv')))	supplement/tables/S11_10.tsv	Recorded module session info; R 4.4.1 or Python analysis-specific versions; see repository environment/ and S15_05	ACTIVE_CURRENT	7af83f70e194da63674034afd595df058b73e34c6f9d93fa3a88d01ce0bd5788	e2b68e6acc29ff5dc1973dd3193f22c41f8bf14b3d95a8bb83fec1857f02373c	Static source/input inspection only; original path resolution may require project root. SOURCE_RECOVERED; analytical producer candidates listed; no raw rerun
Table S11 part 11	supplement/tables/S11_11.tsv	HCC_FINAL_AI_REVIEW_CORRECTION_20260921_V1/audit/build_workbook.mjs	supplement/tables/S11_11.tsv	Supplementary_Tables_S1-S15.xlsx	Bundled artifact-tool Node runtime; audit/build_workbook.mjs	DISPLAY_ONLY	79cec6780fdd5b3d3ceea1ce2a073cd7480ba5460091adb9b5447cc89003a69b	6a7b83f2a8f472656b8bde9f48d1a2fb5cb650e54ce1d764d4697965027dfd57	SOURCE_RECOVERED; analytical producer candidates listed; no raw rerun; analytical entry: HCC_ICI_project/04_scripts/phase15c_public_benchmark/01_run_phase15c_benchmark.R
Analytical module 绘图视觉	绘图视觉\FIGURE3_FINAL_PRODUCTION_V1\figure_ready\display_support\F3H_ALL_16_FIRTH_MODELS.tsv	HCC_ICI_project/04_scripts/phase15c_public_benchmark/01_run_phase15c_benchmark.R	"contract <- fread(contract_path) ; axes <- fread(axis_path) ; erp_object <- readRDS(erp_rds_path) ; g302_object <- readRDS(g302_rds_path) ; program_definitions <- fread(comparator_path)[program %chin% unname(program_ids) & !startsWith(gene, ""DERIVED:"")] ; max(abs(safe_z(erp_benchmark$scores$broad_immune) - safe_z(fread(file.path(project_dir, ""05_results"", ""tables"", ""pretreatment_clinical_translation"", ""ERP117672_PRETREATMENT_PATIENT_SCORES.tsv""))$broad_immune_z))) < 1e-12, ; erp_blind_eligibility <- fread(erp_map_path, select = c(""patient_id"", ""primary_included""))[primary_included == TRUE, patient_id] ; erp_map <- fread(erp_map_path)[primary_included == TRUE, .(patient_id, group = fifelse(primary_group == ""Responder"", ""R"", ""NR""))] ; g302_map <- fread(g302_map_path)[, .(patient_id, group = response_group)] ; erp_old <- fread(file.path(project_dir, ""05_results"", ""tables"", ""pretreatment_clinical_translation"", ""ERP117672_BROAD_IMMUNE_RESPONSE_EFFECTS.tsv""))"	supplement/tables/S11_11.tsv	Recorded module session info; R 4.4.1 or Python analysis-specific versions; see repository environment/ and S15_05	ACTIVE_CURRENT	79cec6780fdd5b3d3ceea1ce2a073cd7480ba5460091adb9b5447cc89003a69b	9ce42309422d10b40d6a203e8e490bcebb6d36e97584424e033fddd30cc323ad	Static source/input inspection only; original path resolution may require project root. SOURCE_RECOVERED; analytical producer candidates listed; no raw rerun
Table S11 part 12	supplement/tables/S11_12.tsv	HCC_FINAL_AI_REVIEW_CORRECTION_20260921_V1/audit/build_workbook.mjs	supplement/tables/S11_12.tsv	Supplementary_Tables_S1-S15.xlsx	Bundled artifact-tool Node runtime; audit/build_workbook.mjs	DISPLAY_ONLY	e479f679c658a23307fe1edde5298fc29f4f31630281110973a257fb11919cf1	6a7b83f2a8f472656b8bde9f48d1a2fb5cb650e54ce1d764d4697965027dfd57	SOURCE_RECOVERED; analytical producer candidates listed; no raw rerun; analytical entry: HCC_ICI_project/04_scripts/pretreatment_clinical_translation/01_gse104580_tace_falsification.R
Analytical module HCC_ICI_project	HCC_ICI_project\05_results\tables\pretreatment_clinical_translation\GSE104580_TACE_CONTINUOUS_EFFECTS.tsv	HCC_ICI_project/04_scripts/pretreatment_clinical_translation/01_gse104580_tace_falsification.R	"matrix = fread(text = paste(lines[(begin + 1L):(end - 1L)], collapse = ""\n""), sep = ""\t"", check.names = FALSE) ; fread(text = paste(lines[(begin + 1L):(end - 1L)], collapse = ""\n""), sep = ""\t"", check.names = FALSE, fill = TRUE) ; axes <- fread(axis_path) ; comparators <- fread(comparator_path) ; sample_map <- fread(map_path)"	supplement/tables/S11_12.tsv	Recorded module session info; R 4.4.1 or Python analysis-specific versions; see repository environment/ and S15_05	ACTIVE_CURRENT	b4f6a8564f8ca9a192eacbf7b9c9570dadb303117bf6c4e2903995d4e1e01408	9d93544ba88a45a5608c65d409bb04c58ebff0e7dd652b46666bdb397f144e17	Static source/input inspection only; original path resolution may require project root. SOURCE_RECOVERED; analytical producer candidates listed; no raw rerun
Table S11 part 13	supplement/tables/S11_13.tsv	HCC_FINAL_AI_REVIEW_CORRECTION_20260921_V1/audit/build_workbook.mjs	supplement/tables/S11_13.tsv	Supplementary_Tables_S1-S15.xlsx	Bundled artifact-tool Node runtime; audit/build_workbook.mjs	DISPLAY_ONLY	5631937cfca86eda1e42f5d1103eb7dd761a5f14d2f020405f033ef4629ffbc4	6a7b83f2a8f472656b8bde9f48d1a2fb5cb650e54ce1d764d4697965027dfd57	SOURCE_RECOVERED; analytical producer candidates listed; no raw rerun; analytical entry: HCC_ICI_project/04_scripts/pretreatment_clinical_translation/01_gse104580_tace_falsification.R
Table S12 part 1	supplement/tables/S12_01.tsv	HCC_FINAL_AI_REVIEW_CORRECTION_20260921_V1/audit/build_workbook.mjs	supplement/tables/S12_01.tsv	Supplementary_Tables_S1-S15.xlsx	Bundled artifact-tool Node runtime; audit/build_workbook.mjs	DISPLAY_ONLY	3e6a84f408c5e3f42c4386f3172ad0fc80d02387dd0e84291b18f24e23bcf8df	6a7b83f2a8f472656b8bde9f48d1a2fb5cb650e54ce1d764d4697965027dfd57	SOURCE_RECOVERED; analytical producer candidates listed; no raw rerun; analytical entry: AF35_COMPONENT_ABLATION_ASSOCIATION_ROBUSTNESS_v1/05_analyze.py
Analytical module AF35_COMPONENT_ABLATION_ASSOCIATION_ROBUSTNESS_v1	AF35_COMPONENT_ABLATION_ASSOCIATION_ROBUSTNESS_v1\AF35_SINGLE_GENE_ASSOCIATION_ABLATION.tsv	AF35_COMPONENT_ABLATION_ASSOCIATION_ROBUSTNESS_v1/05_analyze.py	single=pd.read_csv(OUT/'AF35_SINGLE_GENE_SUBSET_MANIFEST.tsv',sep='\t') ; random=pd.read_csv(OUT/'AF35_RANDOM_DROPOUT_SUBSET_MANIFEST.tsv',sep='\t') ; genes=pd.read_csv(OUT/'AF35_ORDERED_GENES.tsv',sep='\t').gene.tolist() ; d=pd.read_csv(OUT/f'{c}_ANALYSIS_PATIENT_VALUES.tsv',sep='\t') ; old=pd.read_csv(P/f'05_results/tables/phase15c_public_benchmark/{c}_UNIVARIATE_BENCHMARK_EFFECTS.tsv',sep='\t') ; conditional=pd.read_csv(OUT/'AF35_PTPN22_CONDITIONAL_ASSOCIATION_SENSITIVITY.tsv',sep='\t')	supplement/tables/S12_01.tsv	Recorded module session info; R 4.4.1 or Python analysis-specific versions; see repository environment/ and S15_05	ACTIVE_CURRENT	48ff45f3189fd43a545b43d4da3ff49d9c59831bc535a433145436c661afbc88	af73deddd131816a8969724dd3c4ba332f54c33b834ee9fc2cd14d179d2ffc93	Static source/input inspection only; original path resolution may require project root. SOURCE_RECOVERED; analytical producer candidates listed; no raw rerun
Table S12 part 2	supplement/tables/S12_02.tsv	HCC_FINAL_AI_REVIEW_CORRECTION_20260921_V1/audit/build_workbook.mjs	supplement/tables/S12_02.tsv	Supplementary_Tables_S1-S15.xlsx	Bundled artifact-tool Node runtime; audit/build_workbook.mjs	DISPLAY_ONLY	a9be0632be1ea39c19b2e3826858c3bb785d81bc7bafc3afeec76dda06320dea	6a7b83f2a8f472656b8bde9f48d1a2fb5cb650e54ce1d764d4697965027dfd57	SOURCE_RECOVERED; analytical producer candidates listed; no raw rerun; analytical entry: AF35_COMPONENT_ABLATION_ASSOCIATION_ROBUSTNESS_v1/05_analyze.py
Table S12 part 3	supplement/tables/S12_03.tsv	HCC_FINAL_AI_REVIEW_CORRECTION_20260921_V1/audit/build_workbook.mjs	supplement/tables/S12_03.tsv	Supplementary_Tables_S1-S15.xlsx	Bundled artifact-tool Node runtime; audit/build_workbook.mjs	DISPLAY_ONLY	feb9e5ea8b7254f3ff8a1538005d900a2be4e827baa41d5824e781fce6da61e4	6a7b83f2a8f472656b8bde9f48d1a2fb5cb650e54ce1d764d4697965027dfd57	SOURCE_RECOVERED; analytical producer candidates listed; no raw rerun; analytical entry: HCC_FINAL_AI_REVIEW_CORRECTION_20260921_V1/audit/finish_tables.py
Table S13 part 1	supplement/tables/S13_01.tsv	HCC_FINAL_AI_REVIEW_CORRECTION_20260921_V1/audit/build_workbook.mjs	supplement/tables/S13_01.tsv	Supplementary_Tables_S1-S15.xlsx	Bundled artifact-tool Node runtime; audit/build_workbook.mjs	DISPLAY_ONLY	9b54de39f3286663aa707367dd4b208a325d66f9720903458c9835774a21e004	6a7b83f2a8f472656b8bde9f48d1a2fb5cb650e54ce1d764d4697965027dfd57	SOURCE_RECOVERED; analytical producer candidates listed; no raw rerun; analytical entry: AF35_MATCHED_RANDOM_CLINICAL_NULL_v1/02_freeze_matched_programs.py
Analytical module AF35_MATCHED_RANDOM_CLINICAL_NULL_v1	AF35_MATCHED_RANDOM_CLINICAL_NULL_v1\AF35_MATCHED_NULL_PROGRAM_MANIFEST.tsv	AF35_MATCHED_RANDOM_CLINICAL_NULL_v1/02_freeze_matched_programs.py	for row in pd.read_csv(OUT/'SCORING_AUTHORITY_LOCK.tsv',sep='\t').itertuples(): assert sha(OUT/row.path)==row.sha256 ; d=pd.read_csv(OUT/'SOURCE_GENE_FEATURES_RESPONSE_BLIND.tsv',sep='\t') ; genes=pd.read_csv(OUT/'AF35_ORDERED_GENES.tsv',sep='\t').gene.tolist()	supplement/tables/S13_01.tsv	Recorded module session info; R 4.4.1 or Python analysis-specific versions; see repository environment/ and S15_05	ACTIVE_CURRENT	9005ad3f8f85dc3e479614ea752e68229b19f2a56e758e52000dd8108c27002e	9faea93ce3f73b985cdbec51815dd2a320928a23c60095e98eebd6264f8b2e7d	Static source/input inspection only; original path resolution may require project root. SOURCE_RECOVERED; analytical producer candidates listed; no raw rerun
Table S13 part 2	supplement/tables/S13_02.tsv	HCC_FINAL_AI_REVIEW_CORRECTION_20260921_V1/audit/build_workbook.mjs	supplement/tables/S13_02.tsv	Supplementary_Tables_S1-S15.xlsx	Bundled artifact-tool Node runtime; audit/build_workbook.mjs	DISPLAY_ONLY	ad210120deff2f6567825e90688ade7ef37971c7d22327ea5213601176f0a631	6a7b83f2a8f472656b8bde9f48d1a2fb5cb650e54ce1d764d4697965027dfd57	SOURCE_RECOVERED; analytical producer candidates listed; no raw rerun; analytical entry: HCC_PTPN22_AF35_FINAL_PROSE_SUPPLEMENT_POLISH_20260918_V1/build_final_prose_supplement.py
Table S13 part 3	supplement/tables/S13_03.tsv	HCC_FINAL_AI_REVIEW_CORRECTION_20260921_V1/audit/build_workbook.mjs	supplement/tables/S13_03.tsv	Supplementary_Tables_S1-S15.xlsx	Bundled artifact-tool Node runtime; audit/build_workbook.mjs	DISPLAY_ONLY	633c059412341e4a2ebda8e3d3ac9ebe3d1ca09db7520e0919a0c3a42cb71117	6a7b83f2a8f472656b8bde9f48d1a2fb5cb650e54ce1d764d4697965027dfd57	SOURCE_RECOVERED; analytical producer candidates listed; no raw rerun; analytical entry: AF35_MATCHED_RANDOM_CLINICAL_NULL_v1/04_summarize_and_verify.py
Analytical module AF35_MATCHED_RANDOM_CLINICAL_NULL_v1	AF35_MATCHED_RANDOM_CLINICAL_NULL_v1\AF35_MATCHED_NULL_PRIMARY_SUMMARY.tsv	AF35_MATCHED_RANDOM_CLINICAL_NULL_v1/04_summarize_and_verify.py	for row in pd.read_csv(OUT/'PATIENT_SCORE_FREEZE_SHA256.tsv',sep='\t').itertuples(): assert sha(OUT/row.path)==row.sha256 ; manifest=pd.read_csv(OUT/'AF35_MATCHED_NULL_PROGRAM_MANIFEST.tsv',sep='\t') ; effects=pd.read_csv(OUT/'AF35_MATCHED_NULL_PROGRAM_EFFECTS.tsv',sep='\t') ; patient=pd.read_csv(OUT/'AF35_MATCHED_NULL_PATIENT_PROGRAM_SCORES.tsv',sep='\t') ; af=pd.read_csv(OUT/'AF35_ORDERED_GENES.tsv',sep='\t').gene.tolist() ; x=pd.read_csv(OUT/f'{cohort}_SELECTED_TRANSFORMED_EXPRESSION.tsv',sep='\t',index_col=0) ; meta=pd.read_csv(OUT/'ANALYSIS_PATIENT_ELIGIBILITY.tsv',sep='\t').query('cohort==@cohort').set_index('patient_id').loc[ids]	supplement/tables/S13_03.tsv	Recorded module session info; R 4.4.1 or Python analysis-specific versions; see repository environment/ and S15_05	ACTIVE_CURRENT	3c6e8fdc5b9459252b5d139c3cdf39e41803cf1177be200e6867c6125b831e25	b9284fdd1be2aa73306d87a1fca59b110613e1dfff4f26d46360f972c3eacf5a	Static source/input inspection only; original path resolution may require project root. SOURCE_RECOVERED; analytical producer candidates listed; no raw rerun
Table S13 part 4	supplement/tables/S13_04.tsv	HCC_FINAL_AI_REVIEW_CORRECTION_20260921_V1/audit/build_workbook.mjs	supplement/tables/S13_04.tsv	Supplementary_Tables_S1-S15.xlsx	Bundled artifact-tool Node runtime; audit/build_workbook.mjs	DISPLAY_ONLY	61e46155c1ac04c0b44fea541ac4a304e240e30677a9a2058128efd9d2331da4	6a7b83f2a8f472656b8bde9f48d1a2fb5cb650e54ce1d764d4697965027dfd57	SOURCE_RECOVERED; analytical producer candidates listed; no raw rerun; analytical entry: AF35_MATCHED_RANDOM_CLINICAL_NULL_v1/03_score_and_join.R
Table S14 part 1	supplement/tables/S14_01.tsv	HCC_FINAL_AI_REVIEW_CORRECTION_20260921_V1/audit/build_workbook.mjs	supplement/tables/S14_01.tsv	Supplementary_Tables_S1-S15.xlsx	Bundled artifact-tool Node runtime; audit/build_workbook.mjs	DISPLAY_ONLY	5cb684d8849355ca01b95792a2c934781e4b7d9c93eec4b8b53794114ba15b98	6a7b83f2a8f472656b8bde9f48d1a2fb5cb650e54ce1d764d4697965027dfd57	SOURCE_RECOVERED; analytical producer candidates listed; no raw rerun; analytical entry: HCC_ICI_project/04_scripts/phase19/05_phase19b_outcome_analysis.R | HCC_ICI_project/04_scripts/phase19/04_phase19b_freeze_response_blind_tables.py | HCC_ICI_project/04_scripts/phase19/03_phase19b_response_blind_scoring.R
Analytical module HCC_ICI_project	HCC_ICI_project\05_results\tables\phase19b_published_benchmark\AF35_PUBLISHED_SIGNATURE_MOLECULAR_RELATIONSHIPS.tsv	HCC_ICI_project/04_scripts/phase19/04_phase19b_freeze_response_blind_tables.py	"for block in iter(lambda: handle.read(1024 * 1024), b""""):"	supplement/tables/S14_01.tsv	Recorded module session info; R 4.4.1 or Python analysis-specific versions; see repository environment/ and S15_05	ACTIVE_CURRENT	1119916bd571cd5975dcee69330ba2c730bb39fc273b922f54eb79d1330bfe44	87e4fb32129ab0a81db07d7b9624ba862e775b7e0b5fa16a6e31b3dbdfd0a4ec	Static source/input inspection only; original path resolution may require project root. SOURCE_RECOVERED; analytical producer candidates listed; no raw rerun
Analytical module HCC_ICI_project	HCC_ICI_project\05_results\tables\phase19b_published_benchmark\AF35_PUBLISHED_SIGNATURE_MOLECULAR_RELATIONSHIPS.tsv	HCC_ICI_project/04_scripts/phase19/03_phase19b_response_blind_scoring.R	matrix <- fread(matrix_path) ; axes <- fread(axis_path) ; erp_object <- readRDS(erp_rds_path) ; g302_object <- readRDS(g302_rds_path) ; erp_bench <- fread(erp_benchmark_path) ; g302_bench <- fread(g302_benchmark_path)	supplement/tables/S14_01.tsv	Recorded module session info; R 4.4.1 or Python analysis-specific versions; see repository environment/ and S15_05	ACTIVE_CURRENT	1119916bd571cd5975dcee69330ba2c730bb39fc273b922f54eb79d1330bfe44	671fe5ba1ea44c4cc8415f5f980a42a6cdcb431ad7b741720f7d2fddb5ddf9ae	Static source/input inspection only; original path resolution may require project root. SOURCE_RECOVERED; analytical producer candidates listed; no raw rerun
Table S14 part 2	supplement/tables/S14_02.tsv	HCC_FINAL_AI_REVIEW_CORRECTION_20260921_V1/audit/build_workbook.mjs	supplement/tables/S14_02.tsv	Supplementary_Tables_S1-S15.xlsx	Bundled artifact-tool Node runtime; audit/build_workbook.mjs	DISPLAY_ONLY	677e10da928c33d64e9111182cccd7b8982447f5021c11dc64ee59021238f9f2	6a7b83f2a8f472656b8bde9f48d1a2fb5cb650e54ce1d764d4697965027dfd57	SOURCE_RECOVERED; analytical producer candidates listed; no raw rerun; analytical entry: HCC_ICI_project/04_scripts/phase19/05_phase19b_outcome_analysis.R
Table S14 part 3	supplement/tables/S14_03.tsv	HCC_FINAL_AI_REVIEW_CORRECTION_20260921_V1/audit/build_workbook.mjs	supplement/tables/S14_03.tsv	Supplementary_Tables_S1-S15.xlsx	Bundled artifact-tool Node runtime; audit/build_workbook.mjs	DISPLAY_ONLY	0031c83a37bea203089c47e4f0e972baac9d37b73728fbd7d8872fe93a268c57	6a7b83f2a8f472656b8bde9f48d1a2fb5cb650e54ce1d764d4697965027dfd57	SOURCE_RECOVERED; analytical producer candidates listed; no raw rerun; analytical entry: HCC_ICI_project/04_scripts/phase19/05_phase19b_outcome_analysis.R
Table S15 part 1	supplement/tables/S15_01.tsv	HCC_FINAL_AI_REVIEW_CORRECTION_20260921_V1/audit/build_workbook.mjs	supplement/tables/S15_01.tsv	Supplementary_Tables_S1-S15.xlsx	Bundled artifact-tool Node runtime; audit/build_workbook.mjs	DISPLAY_ONLY	c654420513c47a16404aa44e0cc52387eee0be1eda09f5a801d7bf55ea811437	6a7b83f2a8f472656b8bde9f48d1a2fb5cb650e54ce1d764d4697965027dfd57	SOURCE_RECOVERED; analytical producer candidates listed; no raw rerun; analytical entry: HCC_ICI_project/04_scripts/phase19/07_prepare_phase19_manifest.py
Analytical module HCC_ICI_project	HCC_ICI_project\01_metadata\phase19_final_prewriting\PHASE19_FILE_MANIFEST_SHA256.tsv	HCC_ICI_project/04_scripts/phase19/07_prepare_phase19_manifest.py	"for block in iter(lambda: handle.read(1024 * 1024), b""""):"	supplement/tables/S15_01.tsv	Recorded module session info; R 4.4.1 or Python analysis-specific versions; see repository environment/ and S15_05	ACTIVE_CURRENT	79579b7e7b6fcd76389e2d8dcd2cd83ab065ecb785ac10c147cd74b43c887060	c011d9d7cc96b73b60c6041051a3c57a04e1fcfe95960b0424d7ce9ff1fa8562	Static source/input inspection only; original path resolution may require project root. SOURCE_RECOVERED; analytical producer candidates listed; no raw rerun
Table S15 part 2	supplement/tables/S15_02.tsv	HCC_FINAL_AI_REVIEW_CORRECTION_20260921_V1/audit/build_workbook.mjs	supplement/tables/S15_02.tsv	Supplementary_Tables_S1-S15.xlsx	Bundled artifact-tool Node runtime; audit/build_workbook.mjs	DISPLAY_ONLY	d31d775be6b8f4353c59c7d9e511f57df6520e02fcb478b2b903c6e40990a034	6a7b83f2a8f472656b8bde9f48d1a2fb5cb650e54ce1d764d4697965027dfd57	SOURCE_RECOVERED; analytical producer candidates listed; no raw rerun; analytical entry: HCC_ICI_project/04_scripts/final_harmonization/99_freeze_manifest.R
Analytical module HCC_ICI_project	HCC_ICI_project\01_metadata\final_harmonization\HCC_ICI_V10_FINAL_HARMONIZATION_FREEZE_MANIFEST_SHA256.tsv	HCC_ICI_project/04_scripts/final_harmonization/99_freeze_manifest.R		supplement/tables/S15_02.tsv	Recorded module session info; R 4.4.1 or Python analysis-specific versions; see repository environment/ and S15_05	ACTIVE_CURRENT	5abcd06a227fa6125a339a4509e43f839648f350e3be29c1dfeb6bc9254fa258	bd8ed07575f5b45d647e48a8b01364f78b623461762761a3ee0aa92270aef221	Static source/input inspection only; original path resolution may require project root. SOURCE_RECOVERED; analytical producer candidates listed; no raw rerun
Table S15 part 3	supplement/tables/S15_03.tsv	HCC_FINAL_AI_REVIEW_CORRECTION_20260921_V1/audit/build_workbook.mjs	supplement/tables/S15_03.tsv	Supplementary_Tables_S1-S15.xlsx	Bundled artifact-tool Node runtime; audit/build_workbook.mjs	DISPLAY_ONLY	e5f4154818d873dfbcab6d611f6b1fcad33a1b7de87c72f0c6666b1638f776e2	6a7b83f2a8f472656b8bde9f48d1a2fb5cb650e54ce1d764d4697965027dfd57	SOURCE_RECOVERED; analytical producer candidates listed; no raw rerun; analytical entry: HCC_PTPN22_AF35_FINAL_PROSE_SUPPLEMENT_POLISH_20260918_V1/build_final_prose_supplement.py | 新绘图流程/POST_EXTERNAL_REVIEW_BOUNDED_REVISION_V1/source_audit.py | AF35_FUNCTIONAL_ROLE_STATE_ARCHITECTURE_v1/scripts/00_initialize.py | AF35_COMPONENT_ABLATION_ASSOCIATION_ROBUSTNESS_v1/01_freeze.py
Analytical module HCC_ICI_project	HCC_ICI_project\01_metadata\phase17_dual_strengthening\PHASE17_FILE_MANIFEST_SHA256.tsv	AF35_FUNCTIONAL_ROLE_STATE_ARCHITECTURE_v1/scripts/00_initialize.py	def read(p,**kw):return pd.read_csv(p,sep='\t',**kw) ; m=read(base/'COMPLETE_SHA256_MANIFEST.tsv');key=next(k for k in ['path','relative_path','file'] if k in m.columns)	supplement/tables/S15_03.tsv	Recorded module session info; R 4.4.1 or Python analysis-specific versions; see repository environment/ and S15_05	ACTIVE_CURRENT	ea634dbfcc42104f4da1891b4ac736a75d50c26cb663c4e130825b5e19a8d95b	422b6d5346cbe36abacf5ce135a1c9b0db9f50003db9e10b48dde3910b773e10	Static source/input inspection only; original path resolution may require project root. SOURCE_RECOVERED; analytical producer candidates listed; no raw rerun
Analytical module HCC_ICI_project	HCC_ICI_project\01_metadata\phase17_dual_strengthening\PHASE17_FILE_MANIFEST_SHA256.tsv	AF35_COMPONENT_ABLATION_ASSOCIATION_ROBUSTNESS_v1/01_freeze.py	for b in iter(lambda: f.read(1048576), b''): h.update(b) ; g = pd.read_csv(P/'01_metadata/spatial_phase8/PTPN22_SPATIAL_PROGRAM_FROZEN_PROVENANCE.tsv', sep='\t').sort_values('gene_rank').gene.tolist() ; axes = pd.read_csv(P/'01_metadata/clinical_translation/PTPN22_CLINICAL_AXES_FROZEN.tsv', sep='\t')	supplement/tables/S15_03.tsv	Recorded module session info; R 4.4.1 or Python analysis-specific versions; see repository environment/ and S15_05	ACTIVE_CURRENT	ea634dbfcc42104f4da1891b4ac736a75d50c26cb663c4e130825b5e19a8d95b	48910047a97292685e28b1dd1ea3fd4bb458b576b060c6c11e813187c7534efc	Static source/input inspection only; original path resolution may require project root. SOURCE_RECOVERED; analytical producer candidates listed; no raw rerun
Table S15 part 4	supplement/tables/S15_04.tsv	HCC_FINAL_AI_REVIEW_CORRECTION_20260921_V1/audit/build_workbook.mjs	supplement/tables/S15_04.tsv	Supplementary_Tables_S1-S15.xlsx	Bundled artifact-tool Node runtime; audit/build_workbook.mjs	DISPLAY_ONLY	6bb90d6bd729581ca475ec4771867affb28b35b49feae3906924487d2e3704af	6a7b83f2a8f472656b8bde9f48d1a2fb5cb650e54ce1d764d4697965027dfd57	DOCUMENTARY_RECORD: manually archived metadata/chronology; exact output and hash recovered; not an analytical result producer; analytical entry: SOURCE_AMBIGUITY: exact producing entry not uniquely identified
Table S15 part 5	supplement/tables/S15_05.tsv	HCC_FINAL_AI_REVIEW_CORRECTION_20260921_V1/audit/build_workbook.mjs	supplement/tables/S15_05.tsv	Supplementary_Tables_S1-S15.xlsx	Bundled artifact-tool Node runtime; audit/build_workbook.mjs	DISPLAY_ONLY	3533013ea1d8829efdd73acf9115bc6a8d372215a3823fb76e0bce03e60b8d5a	6a7b83f2a8f472656b8bde9f48d1a2fb5cb650e54ce1d764d4697965027dfd57	SOURCE_RECOVERED; analytical producer candidates listed; no raw rerun; analytical entry: HCC_FINAL_AI_REVIEW_CORRECTION_20260921_V1/audit/finish_tables.py
Main Figure 1	main_figures/Figure_1.pdf	新绘图流程/FIGURE1_V6_MICROPOLISH/render_v6.py	Authoritative previous frozen SVG/PDF; see script literal source	main_figures/Figure_1.pdf	Recorded module session info; R 4.4.1 or Python analysis-specific versions; see repository environment/ and S15_05	DISPLAY_ONLY	0f444f2740e2afa70438871bb99492e8765a305fa022ca49597d67320362d3a9	cf33684925828033b95c90f39143f06a385829f888482b7d79bde3af3aee4b36	Current asset SHA256 rechecked; no main-figure rendering or geometry modification
Main Figure 2	main_figures/Figure_2.pdf	新绘图流程/POST_EXTERNAL_REVIEW_BOUNDED_REVISION_V1/build_candidates.py	Authoritative previous frozen SVG/PDF; see script literal source	main_figures/Figure_2.pdf	Recorded module session info; R 4.4.1 or Python analysis-specific versions; see repository environment/ and S15_05	DISPLAY_ONLY	1f4d09f3d7cf7f1b7cb2a444aaeae01aa260c478173ad979b7a2893bcfb745aa	a59d2ae0f3e23585cfa610b0100bb78c65a947b363f31ec3b96256a357e5eb82	Current asset SHA256 rechecked; no main-figure rendering or geometry modification
Main Figure 2	main_figures/Figure_2.pdf	新绘图流程/POST_EXTERNAL_REVIEW_BOUNDED_REVISION_V1/finalize.py	Authoritative previous frozen SVG/PDF; see script literal source	main_figures/Figure_2.pdf	Recorded module session info; R 4.4.1 or Python analysis-specific versions; see repository environment/ and S15_05	DISPLAY_ONLY	1f4d09f3d7cf7f1b7cb2a444aaeae01aa260c478173ad979b7a2893bcfb745aa	48358efb0fe4718985d3e43aff41bd9e3faf2669b256b5115f2e060eb485dc2c	Current asset SHA256 rechecked; no main-figure rendering or geometry modification
Main Figure 3	main_figures/Figure_3.pdf	新绘图流程/FIGURE3_POST_REVIEW_TEXT_STRIPPED_V1/build_text_stripped.py	Authoritative previous frozen SVG/PDF; see script literal source	main_figures/Figure_3.pdf	Recorded module session info; R 4.4.1 or Python analysis-specific versions; see repository environment/ and S15_05	DISPLAY_ONLY	e25aaa082c22c275d5c2a38570aa06fb67758482fc0c833bce5e7190b2f6512c	c35874592147122aec7d298a20fe8e7497322a313e558499409abeece784f86b	Current asset SHA256 rechecked; no main-figure rendering or geometry modification
Main Figure 3	main_figures/Figure_3.pdf	新绘图流程/FIGURE3_POST_REVIEW_TEXT_STRIPPED_V1/finalize_text_stripped.py	Authoritative previous frozen SVG/PDF; see script literal source	main_figures/Figure_3.pdf	Recorded module session info; R 4.4.1 or Python analysis-specific versions; see repository environment/ and S15_05	DISPLAY_ONLY	e25aaa082c22c275d5c2a38570aa06fb67758482fc0c833bce5e7190b2f6512c	e00469549c2185f450aac93a8c93aeaeafdea18cd3a8cf6aeeceea6a0639ca18	Current asset SHA256 rechecked; no main-figure rendering or geometry modification
Main Figure 4	main_figures/Figure_4.pdf	新绘图流程/FIGURE4_FINAL_TYPOGRAPHY_SPACING_V1/finish.py	Authoritative previous frozen SVG/PDF; see script literal source	main_figures/Figure_4.pdf	Recorded module session info; R 4.4.1 or Python analysis-specific versions; see repository environment/ and S15_05	DISPLAY_ONLY	92232c92bf0ad809c06cb1d0301c54a1345f5dc5e7cd39a92ad929d4e1a492bc	61770b84fd718a7c783358086394c3acd0f130ca2cd5ff4a6609df01c3b6a2ac	Current asset SHA256 rechecked; no main-figure rendering or geometry modification
Main Figure 5	main_figures/Figure_5.pdf	新绘图流程/FIGURE5_FINAL_TYPOGRAPHY_SPACING_V1/finish.py	Authoritative previous frozen SVG/PDF; see script literal source	main_figures/Figure_5.pdf	Recorded module session info; R 4.4.1 or Python analysis-specific versions; see repository environment/ and S15_05	DISPLAY_ONLY	06ef21694c2c430048d01a1cdf4fb0a18fa076f7b485360d3588a32c61818f8a	f6ef0f73edbcbade3946bf783494da94d6b1823dd006c46c8da66a241a8b6941	Current asset SHA256 rechecked; no main-figure rendering or geometry modification
Main Figure 5	main_figures/Figure_5.pdf	新绘图流程/FIGURE5_FINAL_TYPOGRAPHY_SPACING_V1/produce.py	Authoritative previous frozen SVG/PDF; see script literal source	main_figures/Figure_5.pdf	Recorded module session info; R 4.4.1 or Python analysis-specific versions; see repository environment/ and S15_05	DISPLAY_ONLY	06ef21694c2c430048d01a1cdf4fb0a18fa076f7b485360d3588a32c61818f8a	798b0f778a68db0432ac24caa7afae47ab3be8b6812db5a2cb2b197931281cba	Current asset SHA256 rechecked; no main-figure rendering or geometry modification
Main Figure 1 scientific source S04_01	supplement/tables/S04_01.tsv	HCC_FINAL_AI_REVIEW_CORRECTION_20260921_V1/audit/audit_final_numbers.py	新绘图流程\FIGURE1_DISPLAY_SUPPORT_UMAP_AND_PROGRAM_ANALYSIS_V1\STATE_CELL_COUNTS.tsv	supplement/tables/S04_01.tsv	Recorded module session info; R 4.4.1 or Python analysis-specific versions; see repository environment/ and S15_05	DISPLAY_ONLY	a13bfceda3810336264e00d65c9de6293da5278dc2da66b4acd0209fcf3e5f1c	471b777c413e9db10d6d93c09ddad34cd48bfaed7e680b4f0a3d1e3066d843ef	Current scientific source binding; analytical producer listed under corresponding Table module. No raw analysis rerun.
Main Figure 1 scientific source S04_02	supplement/tables/S04_02.tsv	HCC_FINAL_AI_REVIEW_CORRECTION_20260921_V1/audit/audit_final_numbers.py	绘图视觉\FIGURE1_FINAL_DATA_DRIVEN_PRODUCTION_V1\figure_ready\C_PROGRAM_STATE.tsv	supplement/tables/S04_02.tsv	Recorded module session info; R 4.4.1 or Python analysis-specific versions; see repository environment/ and S15_05	DISPLAY_ONLY	88948509703a0411c09cea6fb649c647c4f984058ac2080c36118b1b9f499c0c	471b777c413e9db10d6d93c09ddad34cd48bfaed7e680b4f0a3d1e3066d843ef	Current scientific source binding; analytical producer listed under corresponding Table module. No raw analysis rerun.
Main Figure 1 scientific source S05_01	supplement/tables/S05_01.tsv	HCC_FINAL_AI_REVIEW_CORRECTION_20260921_V1/audit/audit_final_numbers.py	HCC_ICI_project\05_results\tables\final_harmonization\PTPN22_FINAL_META_MODELS.tsv	supplement/tables/S05_01.tsv	Recorded module session info; R 4.4.1 or Python analysis-specific versions; see repository environment/ and S15_05	DISPLAY_ONLY	3d9f69e9eb478e7d45f8d77705454f3f2ab845b64b7db40b172f571dcf7fe2ba	471b777c413e9db10d6d93c09ddad34cd48bfaed7e680b4f0a3d1e3066d843ef	Current scientific source binding; analytical producer listed under corresponding Table module. No raw analysis rerun.
Main Figure 1 scientific source S05_03	supplement/tables/S05_03.tsv	HCC_FINAL_AI_REVIEW_CORRECTION_20260921_V1/audit/audit_final_numbers.py	PTPN22_HUMAN_GENETIC_ACTIVATION_Phase1_v1\03_primary\GSE94859_AF35_GENOTYPE_INTERACTION.tsv	supplement/tables/S05_03.tsv	Recorded module session info; R 4.4.1 or Python analysis-specific versions; see repository environment/ and S15_05	DISPLAY_ONLY	df732e05ed546703ef90a70c13a27143d1668978572f912ab2934f340a6f4efe	471b777c413e9db10d6d93c09ddad34cd48bfaed7e680b4f0a3d1e3066d843ef	Current scientific source binding; analytical producer listed under corresponding Table module. No raw analysis rerun.
Main Figure 1 scientific source S05_04	supplement/tables/S05_04.tsv	HCC_FINAL_AI_REVIEW_CORRECTION_20260921_V1/audit/audit_final_numbers.py	PTPN22_AF35_COUPLING_ARCHITECTURE_v1\03_primary\PTPN22_AF35_PATIENT_COUPLING_DECOMPOSITION.tsv	supplement/tables/S05_04.tsv	Recorded module session info; R 4.4.1 or Python analysis-specific versions; see repository environment/ and S15_05	DISPLAY_ONLY	4ab325bff4f89997a577ef2e923cd538cf5f8e3665098e5c2724480c7d402797	471b777c413e9db10d6d93c09ddad34cd48bfaed7e680b4f0a3d1e3066d843ef	Current scientific source binding; analytical producer listed under corresponding Table module. No raw analysis rerun.
Main Figure 2 scientific source S03_01	supplement/tables/S03_01.tsv	HCC_FINAL_AI_REVIEW_CORRECTION_20260921_V1/audit/audit_final_numbers.py	AF35_RESPONSE_BLIND_PROGRAM_COHERENCE_v1\inputs\AF35_ORDERED_GENES.tsv	supplement/tables/S03_01.tsv	Recorded module session info; R 4.4.1 or Python analysis-specific versions; see repository environment/ and S15_05	DISPLAY_ONLY	38ba707760755e5c3c221f37bcab48b70285846f6c728de4aeaf6437bb20505a	471b777c413e9db10d6d93c09ddad34cd48bfaed7e680b4f0a3d1e3066d843ef	Current scientific source binding; analytical producer listed under corresponding Table module. No raw analysis rerun.
Main Figure 2 scientific source S06_01	supplement/tables/S06_01.tsv	HCC_FINAL_AI_REVIEW_CORRECTION_20260921_V1/audit/audit_final_numbers.py	HCC_ICI_project\05_results\tables\phase17b_af35_portability\PHASE17B_AF35_LEAVE_ONE_GENE_OUT.tsv	supplement/tables/S06_01.tsv	Recorded module session info; R 4.4.1 or Python analysis-specific versions; see repository environment/ and S15_05	DISPLAY_ONLY	c21800a66b784d2841e31bf5f84e4f7072f6319f7e4f6b4445091a448043a441	471b777c413e9db10d6d93c09ddad34cd48bfaed7e680b4f0a3d1e3066d843ef	Current scientific source binding; analytical producer listed under corresponding Table module. No raw analysis rerun.
Main Figure 2 scientific source S06_02	supplement/tables/S06_02.tsv	HCC_FINAL_AI_REVIEW_CORRECTION_20260921_V1/audit/audit_final_numbers.py	HCC_ICI_project\05_results\tables\phase17b_af35_portability\PHASE17B_AF35_RANDOM_DROPOUT_SUMMARY.tsv	supplement/tables/S06_02.tsv	Recorded module session info; R 4.4.1 or Python analysis-specific versions; see repository environment/ and S15_05	DISPLAY_ONLY	1e0714ee7a88ef9eecd64db88650ddc77b215b211eefec527c263cdaca8d2087	471b777c413e9db10d6d93c09ddad34cd48bfaed7e680b4f0a3d1e3066d843ef	Current scientific source binding; analytical producer listed under corresponding Table module. No raw analysis rerun.
Main Figure 2 scientific source S06_07	supplement/tables/S06_07.tsv	HCC_FINAL_AI_REVIEW_CORRECTION_20260921_V1/audit/audit_final_numbers.py	AF35_RESPONSE_BLIND_PROGRAM_COHERENCE_v1\AF35_PROGRAM_COHERENCE_RANDOM_REFERENCE_SUMMARY.tsv	supplement/tables/S06_07.tsv	Recorded module session info; R 4.4.1 or Python analysis-specific versions; see repository environment/ and S15_05	DISPLAY_ONLY	7cdc9aff19713c3d5d3bbfd6df5edba360d69a55dfc8d219041140c67e9998db	471b777c413e9db10d6d93c09ddad34cd48bfaed7e680b4f0a3d1e3066d843ef	Current scientific source binding; analytical producer listed under corresponding Table module. No raw analysis rerun.
Main Figure 2 scientific source S06_08	supplement/tables/S06_08.tsv	HCC_FINAL_AI_REVIEW_CORRECTION_20260921_V1/audit/audit_final_numbers.py	AF35_RESPONSE_BLIND_PROGRAM_COHERENCE_v1\AF35_PROGRAM_COHERENCE_RANDOM_REFERENCE_RESULTS.tsv	supplement/tables/S06_08.tsv	Recorded module session info; R 4.4.1 or Python analysis-specific versions; see repository environment/ and S15_05	DISPLAY_ONLY	0690c5a105b8352680ee595fc9469d220a4d673998fd211a82665dbcf1e7235d	471b777c413e9db10d6d93c09ddad34cd48bfaed7e680b4f0a3d1e3066d843ef	Current scientific source binding; analytical producer listed under corresponding Table module. No raw analysis rerun.
Main Figure 3 scientific source S07_01	supplement/tables/S07_01.tsv	HCC_FINAL_AI_REVIEW_CORRECTION_20260921_V1/audit/audit_final_numbers.py	GSE235863_CLONE_STATE_DECOMPOSITION_v1\authority\05_results\tables\phase19a_af35_clonotype\AF35_EXPANDED_SINGLETON_PATIENT_EFFECTS.tsv	supplement/tables/S07_01.tsv	Recorded module session info; R 4.4.1 or Python analysis-specific versions; see repository environment/ and S15_05	DISPLAY_ONLY	65ba9b3ca1717ac58636940e41c317d37d410e129e31973a67d7b8ed68b13c6c	471b777c413e9db10d6d93c09ddad34cd48bfaed7e680b4f0a3d1e3066d843ef	Current scientific source binding; analytical producer listed under corresponding Table module. No raw analysis rerun.
Main Figure 3 scientific source S07_02	supplement/tables/S07_02.tsv	HCC_FINAL_AI_REVIEW_CORRECTION_20260921_V1/audit/audit_final_numbers.py	GSE235863_CLONE_STATE_DECOMPOSITION_v1\authority\05_results\tables\phase19a_af35_clonotype\AF35_PERSISTENT_NONPERSISTENT_PATIENT_EFFECTS.tsv	supplement/tables/S07_02.tsv	Recorded module session info; R 4.4.1 or Python analysis-specific versions; see repository environment/ and S15_05	DISPLAY_ONLY	9979e07056ce12061c39b4b8415a6b28bad2c2935e123e0def2ccc8979276485	471b777c413e9db10d6d93c09ddad34cd48bfaed7e680b4f0a3d1e3066d843ef	Current scientific source binding; analytical producer listed under corresponding Table module. No raw analysis rerun.
Main Figure 3 scientific source S07_03	supplement/tables/S07_03.tsv	HCC_FINAL_AI_REVIEW_CORRECTION_20260921_V1/audit/audit_final_numbers.py	GSE235863_CLONE_STATE_DECOMPOSITION_v1\authority\05_results\tables\phase19a_af35_clonotype\AF35_BASELINE_TO_FUTURE_OBSERVED_PATIENT_EFFECTS.tsv	supplement/tables/S07_03.tsv	Recorded module session info; R 4.4.1 or Python analysis-specific versions; see repository environment/ and S15_05	DISPLAY_ONLY	3d7f20e4195408e7cf7edd0d75d4fccf6e31d7ac6f69601aca581c9a9b08b2fe	471b777c413e9db10d6d93c09ddad34cd48bfaed7e680b4f0a3d1e3066d843ef	Current scientific source binding; analytical producer listed under corresponding Table module. No raw analysis rerun.
Main Figure 3 scientific source S07_05	supplement/tables/S07_05.tsv	HCC_FINAL_AI_REVIEW_CORRECTION_20260921_V1/audit/audit_final_numbers.py	GSE235863_CLONE_STATE_DECOMPOSITION_v1\CLONE_STATE_EFFECT_SUMMARY.tsv	supplement/tables/S07_05.tsv	Recorded module session info; R 4.4.1 or Python analysis-specific versions; see repository environment/ and S15_05	DISPLAY_ONLY	2ad64428d414c97ed3fe13c334228576eeb207408bb41500bfbaceb2e93e1c7b	471b777c413e9db10d6d93c09ddad34cd48bfaed7e680b4f0a3d1e3066d843ef	Current scientific source binding; analytical producer listed under corresponding Table module. No raw analysis rerun.
Main Figure 3 scientific source S07_07	supplement/tables/S07_07.tsv	HCC_FINAL_AI_REVIEW_CORRECTION_20260921_V1/audit/audit_final_numbers.py	HCC_ICI_project\05_results\tables\phase3\GSE235863_WITHIN_PATIENT_CLONAL_ASSOCIATIONS.tsv	supplement/tables/S07_07.tsv	Recorded module session info; R 4.4.1 or Python analysis-specific versions; see repository environment/ and S15_05	DISPLAY_ONLY	37d335e638b9bc3f602e43636302ead6c5cd09e4a1c3ea92ba67f82f68989cb8	471b777c413e9db10d6d93c09ddad34cd48bfaed7e680b4f0a3d1e3066d843ef	Current scientific source binding; analytical producer listed under corresponding Table module. No raw analysis rerun.
Main Figure 3 scientific source S07_08	supplement/tables/S07_08.tsv	HCC_FINAL_AI_REVIEW_CORRECTION_20260921_V1/audit/audit_final_numbers.py	HCC_ICI_project\05_results\tables\temporal\PTPN22_TEMPORAL_SENSITIVITY.tsv	supplement/tables/S07_08.tsv	Recorded module session info; R 4.4.1 or Python analysis-specific versions; see repository environment/ and S15_05	DISPLAY_ONLY	f8fd9c00acacc7973370fea61e0eadb41d47d14225404df99ac6fec4e82ee7ff	471b777c413e9db10d6d93c09ddad34cd48bfaed7e680b4f0a3d1e3066d843ef	Current scientific source binding; analytical producer listed under corresponding Table module. No raw analysis rerun.
Main Figure 3 scientific source S08_03	supplement/tables/S08_03.tsv	HCC_FINAL_AI_REVIEW_CORRECTION_20260921_V1/audit/audit_final_numbers.py	AF35_CLINICAL_STATE_OCCUPANCY_DECOMPOSITION_v1\AF35_STATE_OCCUPANCY_BOOTSTRAP_SUMMARY.tsv	supplement/tables/S08_03.tsv	Recorded module session info; R 4.4.1 or Python analysis-specific versions; see repository environment/ and S15_05	DISPLAY_ONLY	0911ef309b7327a46bf67349040096e206ee59ab9b56982496d7f7eff05d47b2	471b777c413e9db10d6d93c09ddad34cd48bfaed7e680b4f0a3d1e3066d843ef	Current scientific source binding; analytical producer listed under corresponding Table module. No raw analysis rerun.
Main Figure 3 scientific source S08_07	supplement/tables/S08_07.tsv	HCC_FINAL_AI_REVIEW_CORRECTION_20260921_V1/audit/audit_final_numbers.py	AF35_CLONOTYPE_NEUTRALIZED_STATE_OCCUPANCY_v1\AF35_CLONE_NEUTRALIZATION_CLINICAL_DECOMPOSITION.tsv	supplement/tables/S08_07.tsv	Recorded module session info; R 4.4.1 or Python analysis-specific versions; see repository environment/ and S15_05	DISPLAY_ONLY	77daff8705363ada478b53fba4c496b2d554fd37d0b850492bc5e419d1031557	471b777c413e9db10d6d93c09ddad34cd48bfaed7e680b4f0a3d1e3066d843ef	Current scientific source binding; analytical producer listed under corresponding Table module. No raw analysis rerun.
Main Figure 4 scientific source S09_01	supplement/tables/S09_01.tsv	HCC_FINAL_AI_REVIEW_CORRECTION_20260921_V1/audit/audit_final_numbers.py	HCC_ICI_MAIN_FIGURE_FROZEN_SOURCE_PAYLOAD_V2\Figure5\display_support\F5C_ALL_PATIENTS_AND_FROZEN_EFFECTS.tsv	supplement/tables/S09_01.tsv	Recorded module session info; R 4.4.1 or Python analysis-specific versions; see repository environment/ and S15_05	DISPLAY_ONLY	d15aba91c12c16dc6cd2a022cc87d790ec08086d32e2ac7e878386f95209335a	471b777c413e9db10d6d93c09ddad34cd48bfaed7e680b4f0a3d1e3066d843ef	Current scientific source binding; analytical producer listed under corresponding Table module. No raw analysis rerun.
Main Figure 4 scientific source S09_02	supplement/tables/S09_02.tsv	HCC_FINAL_AI_REVIEW_CORRECTION_20260921_V1/audit/audit_final_numbers.py	HCC_ICI_project\05_results\tables\spatial_specificity_rescue\PTPN22_IMMUNE_MATCHED_REGIONAL_EFFECTS.tsv	supplement/tables/S09_02.tsv	Recorded module session info; R 4.4.1 or Python analysis-specific versions; see repository environment/ and S15_05	DISPLAY_ONLY	b85d2f994c589b524261ca033218c18b306ed06e257afcf1be252fb474958a5d	471b777c413e9db10d6d93c09ddad34cd48bfaed7e680b4f0a3d1e3066d843ef	Current scientific source binding; analytical producer listed under corresponding Table module. No raw analysis rerun.
Main Figure 4 scientific source S10_03	supplement/tables/S10_03.tsv	HCC_FINAL_AI_REVIEW_CORRECTION_20260921_V1/audit/audit_final_numbers.py	WU_AF35_SPATIAL_CELLULAR_MICROENV_CONTEXT_v1\WU_AF35_HIGH_LOW_CELLTYPE_CONTEXT.tsv	supplement/tables/S10_03.tsv	Recorded module session info; R 4.4.1 or Python analysis-specific versions; see repository environment/ and S15_05	DISPLAY_ONLY	4461806318324b217e07a36c7a15b7b9f2a2650f34046542c839cad4bf0d4071	471b777c413e9db10d6d93c09ddad34cd48bfaed7e680b4f0a3d1e3066d843ef	Current scientific source binding; analytical producer listed under corresponding Table module. No raw analysis rerun.
Main Figure 4 scientific source S10_04	supplement/tables/S10_04.tsv	HCC_FINAL_AI_REVIEW_CORRECTION_20260921_V1/audit/audit_final_numbers.py	WU_AF35_DC_CD8_SPATIAL_TOPOLOGY_v1\WU_AF35_DC_CD8_PRIMARY_TEST.tsv	supplement/tables/S10_04.tsv	Recorded module session info; R 4.4.1 or Python analysis-specific versions; see repository environment/ and S15_05	DISPLAY_ONLY	a3523750d6ede33f967f75ddb6bc4a051e675e199665f48ee1001fb366523b2e	471b777c413e9db10d6d93c09ddad34cd48bfaed7e680b4f0a3d1e3066d843ef	Current scientific source binding; analytical producer listed under corresponding Table module. No raw analysis rerun.
Main Figure 5 scientific source S11_10	supplement/tables/S11_10.tsv	HCC_FINAL_AI_REVIEW_CORRECTION_20260921_V1/audit/audit_final_numbers.py	CLINICAL_ANCHOR_READOUT_DECOMPOSITION_v1\tables\AF35_VS_PTPN22_PAIRED_DELTA_G.tsv	supplement/tables/S11_10.tsv	Recorded module session info; R 4.4.1 or Python analysis-specific versions; see repository environment/ and S15_05	DISPLAY_ONLY	fcea3cfd53838afa10fe73df671494e5757d661eedf1060e50be5baba28adc0e	471b777c413e9db10d6d93c09ddad34cd48bfaed7e680b4f0a3d1e3066d843ef	Current scientific source binding; analytical producer listed under corresponding Table module. No raw analysis rerun.
Main Figure 5 scientific source S11_11	supplement/tables/S11_11.tsv	HCC_FINAL_AI_REVIEW_CORRECTION_20260921_V1/audit/audit_final_numbers.py	绘图视觉\FIGURE3_FINAL_PRODUCTION_V1\figure_ready\display_support\F3H_ALL_16_FIRTH_MODELS.tsv	supplement/tables/S11_11.tsv	Recorded module session info; R 4.4.1 or Python analysis-specific versions; see repository environment/ and S15_05	DISPLAY_ONLY	79cec6780fdd5b3d3ceea1ce2a073cd7480ba5460091adb9b5447cc89003a69b	471b777c413e9db10d6d93c09ddad34cd48bfaed7e680b4f0a3d1e3066d843ef	Current scientific source binding; analytical producer listed under corresponding Table module. No raw analysis rerun.
Main Figure 5 scientific source S11_12	supplement/tables/S11_12.tsv	HCC_FINAL_AI_REVIEW_CORRECTION_20260921_V1/audit/audit_final_numbers.py	HCC_ICI_project\05_results\tables\pretreatment_clinical_translation\GSE104580_TACE_CONTINUOUS_EFFECTS.tsv	supplement/tables/S11_12.tsv	Recorded module session info; R 4.4.1 or Python analysis-specific versions; see repository environment/ and S15_05	DISPLAY_ONLY	e479f679c658a23307fe1edde5298fc29f4f31630281110973a257fb11919cf1	471b777c413e9db10d6d93c09ddad34cd48bfaed7e680b4f0a3d1e3066d843ef	Current scientific source binding; analytical producer listed under corresponding Table module. No raw analysis rerun.
Main Figure 5 scientific source S12_01	supplement/tables/S12_01.tsv	HCC_FINAL_AI_REVIEW_CORRECTION_20260921_V1/audit/audit_final_numbers.py	AF35_COMPONENT_ABLATION_ASSOCIATION_ROBUSTNESS_v1\AF35_SINGLE_GENE_ASSOCIATION_ABLATION.tsv	supplement/tables/S12_01.tsv	Recorded module session info; R 4.4.1 or Python analysis-specific versions; see repository environment/ and S15_05	DISPLAY_ONLY	3e6a84f408c5e3f42c4386f3172ad0fc80d02387dd0e84291b18f24e23bcf8df	471b777c413e9db10d6d93c09ddad34cd48bfaed7e680b4f0a3d1e3066d843ef	Current scientific source binding; analytical producer listed under corresponding Table module. No raw analysis rerun.
Main Figure 5 scientific source S12_02	supplement/tables/S12_02.tsv	HCC_FINAL_AI_REVIEW_CORRECTION_20260921_V1/audit/audit_final_numbers.py	AF35_COMPONENT_ABLATION_ASSOCIATION_ROBUSTNESS_v1\AF35_RANDOM_DROPOUT_ASSOCIATION_ROBUSTNESS.tsv	supplement/tables/S12_02.tsv	Recorded module session info; R 4.4.1 or Python analysis-specific versions; see repository environment/ and S15_05	DISPLAY_ONLY	a9be0632be1ea39c19b2e3826858c3bb785d81bc7bafc3afeec76dda06320dea	471b777c413e9db10d6d93c09ddad34cd48bfaed7e680b4f0a3d1e3066d843ef	Current scientific source binding; analytical producer listed under corresponding Table module. No raw analysis rerun.
Main Figure 5 scientific source S13_02	supplement/tables/S13_02.tsv	HCC_FINAL_AI_REVIEW_CORRECTION_20260921_V1/audit/audit_final_numbers.py	AF35_MATCHED_RANDOM_CLINICAL_NULL_v1\AF35_MATCHED_NULL_CROSS_COHORT.tsv	supplement/tables/S13_02.tsv	Recorded module session info; R 4.4.1 or Python analysis-specific versions; see repository environment/ and S15_05	DISPLAY_ONLY	ad210120deff2f6567825e90688ade7ef37971c7d22327ea5213601176f0a631	471b777c413e9db10d6d93c09ddad34cd48bfaed7e680b4f0a3d1e3066d843ef	Current scientific source binding; analytical producer listed under corresponding Table module. No raw analysis rerun.
Main Figure 5 scientific source S13_03	supplement/tables/S13_03.tsv	HCC_FINAL_AI_REVIEW_CORRECTION_20260921_V1/audit/audit_final_numbers.py	AF35_MATCHED_RANDOM_CLINICAL_NULL_v1\AF35_MATCHED_NULL_PRIMARY_SUMMARY.tsv	supplement/tables/S13_03.tsv	Recorded module session info; R 4.4.1 or Python analysis-specific versions; see repository environment/ and S15_05	DISPLAY_ONLY	633c059412341e4a2ebda8e3d3ac9ebe3d1ca09db7520e0919a0c3a42cb71117	471b777c413e9db10d6d93c09ddad34cd48bfaed7e680b4f0a3d1e3066d843ef	Current scientific source binding; analytical producer listed under corresponding Table module. No raw analysis rerun.
Main Figure 5 scientific source S14_01	supplement/tables/S14_01.tsv	HCC_FINAL_AI_REVIEW_CORRECTION_20260921_V1/audit/audit_final_numbers.py	HCC_ICI_project\05_results\tables\phase19b_published_benchmark\AF35_PUBLISHED_SIGNATURE_MOLECULAR_RELATIONSHIPS.tsv	supplement/tables/S14_01.tsv	Recorded module session info; R 4.4.1 or Python analysis-specific versions; see repository environment/ and S15_05	DISPLAY_ONLY	5cb684d8849355ca01b95792a2c934781e4b7d9c93eec4b8b53794114ba15b98	471b777c413e9db10d6d93c09ddad34cd48bfaed7e680b4f0a3d1e3066d843ef	Current scientific source binding; analytical producer listed under corresponding Table module. No raw analysis rerun.
Main Figure 5 scientific source S14_02	supplement/tables/S14_02.tsv	HCC_FINAL_AI_REVIEW_CORRECTION_20260921_V1/audit/audit_final_numbers.py	HCC_ICI_project\05_results\tables\phase19b_published_benchmark\PHASE19B_AF35_CONDITIONAL_PUBLISHED_SIGNATURE_MODELS.tsv	supplement/tables/S14_02.tsv	Recorded module session info; R 4.4.1 or Python analysis-specific versions; see repository environment/ and S15_05	DISPLAY_ONLY	677e10da928c33d64e9111182cccd7b8982447f5021c11dc64ee59021238f9f2	471b777c413e9db10d6d93c09ddad34cd48bfaed7e680b4f0a3d1e3066d843ef	Current scientific source binding; analytical producer listed under corresponding Table module. No raw analysis rerun.
Supplementary Figure S1	audit/SUPPLEMENT_FIGURE_SOURCES.json	HCC_FINAL_AI_REVIEW_CORRECTION_20260921_V1/audit/build_supplement_figures.py	Script block # S1; exact source paths and hashes in audit/SUPPLEMENT_FIGURE_SOURCES.json	supplement/figures/S01*.pdf	Recorded module session info; R 4.4.1 or Python analysis-specific versions; see repository environment/ and S15_05	DISPLAY_ONLY	1b7c6c8e67df7745318249a9a05a0f99555a860b6d698cc3f33e8fdee7c9c5b6	23812affdddaf14f18b2e91f8a6e13e4d3b4bcb262cd44abd42d653fe9edc0a1	Existing numbers only; S5 compact display and source-specific captions
Supplementary Figure S2	audit/SUPPLEMENT_FIGURE_SOURCES.json	HCC_FINAL_AI_REVIEW_CORRECTION_20260921_V1/audit/build_supplement_figures.py	Script block # S2; exact source paths and hashes in audit/SUPPLEMENT_FIGURE_SOURCES.json	supplement/figures/S02*.pdf	Recorded module session info; R 4.4.1 or Python analysis-specific versions; see repository environment/ and S15_05	DISPLAY_ONLY	1b7c6c8e67df7745318249a9a05a0f99555a860b6d698cc3f33e8fdee7c9c5b6	23812affdddaf14f18b2e91f8a6e13e4d3b4bcb262cd44abd42d653fe9edc0a1	Existing numbers only; S5 compact display and source-specific captions
Supplementary Figure S3	audit/SUPPLEMENT_FIGURE_SOURCES.json	HCC_FINAL_AI_REVIEW_CORRECTION_20260921_V1/audit/build_supplement_figures.py	Script block # S3; exact source paths and hashes in audit/SUPPLEMENT_FIGURE_SOURCES.json	supplement/figures/S03*.pdf	Recorded module session info; R 4.4.1 or Python analysis-specific versions; see repository environment/ and S15_05	DISPLAY_ONLY	1b7c6c8e67df7745318249a9a05a0f99555a860b6d698cc3f33e8fdee7c9c5b6	23812affdddaf14f18b2e91f8a6e13e4d3b4bcb262cd44abd42d653fe9edc0a1	Existing numbers only; S5 compact display and source-specific captions
Supplementary Figure S4	audit/SUPPLEMENT_FIGURE_SOURCES.json	HCC_FINAL_AI_REVIEW_CORRECTION_20260921_V1/audit/build_supplement_figures.py	Script block # S4; exact source paths and hashes in audit/SUPPLEMENT_FIGURE_SOURCES.json	supplement/figures/S04*.pdf	Recorded module session info; R 4.4.1 or Python analysis-specific versions; see repository environment/ and S15_05	DISPLAY_ONLY	1b7c6c8e67df7745318249a9a05a0f99555a860b6d698cc3f33e8fdee7c9c5b6	23812affdddaf14f18b2e91f8a6e13e4d3b4bcb262cd44abd42d653fe9edc0a1	Existing numbers only; S5 compact display and source-specific captions
Supplementary Figure S5	audit/SUPPLEMENT_FIGURE_SOURCES.json	HCC_FINAL_AI_REVIEW_CORRECTION_20260921_V1/audit/build_supplement_figures.py	Script block # S5; exact source paths and hashes in audit/SUPPLEMENT_FIGURE_SOURCES.json	supplement/figures/S05*.pdf	Recorded module session info; R 4.4.1 or Python analysis-specific versions; see repository environment/ and S15_05	DISPLAY_ONLY	1b7c6c8e67df7745318249a9a05a0f99555a860b6d698cc3f33e8fdee7c9c5b6	23812affdddaf14f18b2e91f8a6e13e4d3b4bcb262cd44abd42d653fe9edc0a1	Existing numbers only; S5 compact display and source-specific captions
Supplementary Figure S6	audit/SUPPLEMENT_FIGURE_SOURCES.json	HCC_FINAL_AI_REVIEW_CORRECTION_20260921_V1/audit/build_supplement_figures.py	Script block # S6; exact source paths and hashes in audit/SUPPLEMENT_FIGURE_SOURCES.json	supplement/figures/S06*.pdf	Recorded module session info; R 4.4.1 or Python analysis-specific versions; see repository environment/ and S15_05	DISPLAY_ONLY	1b7c6c8e67df7745318249a9a05a0f99555a860b6d698cc3f33e8fdee7c9c5b6	23812affdddaf14f18b2e91f8a6e13e4d3b4bcb262cd44abd42d653fe9edc0a1	Existing numbers only; S5 compact display and source-specific captions
Supplementary Figure S7	audit/SUPPLEMENT_FIGURE_SOURCES.json	HCC_FINAL_AI_REVIEW_CORRECTION_20260921_V1/audit/build_supplement_figures.py	Script block # S7; exact source paths and hashes in audit/SUPPLEMENT_FIGURE_SOURCES.json	supplement/figures/S07*.pdf	Recorded module session info; R 4.4.1 or Python analysis-specific versions; see repository environment/ and S15_05	DISPLAY_ONLY	1b7c6c8e67df7745318249a9a05a0f99555a860b6d698cc3f33e8fdee7c9c5b6	23812affdddaf14f18b2e91f8a6e13e4d3b4bcb262cd44abd42d653fe9edc0a1	Existing numbers only; S5 compact display and source-specific captions
Supplementary Figure S8	audit/SUPPLEMENT_FIGURE_SOURCES.json	HCC_FINAL_AI_REVIEW_CORRECTION_20260921_V1/audit/build_supplement_figures.py	Script block # S8; exact source paths and hashes in audit/SUPPLEMENT_FIGURE_SOURCES.json	supplement/figures/S08*.pdf	Recorded module session info; R 4.4.1 or Python analysis-specific versions; see repository environment/ and S15_05	DISPLAY_ONLY	1b7c6c8e67df7745318249a9a05a0f99555a860b6d698cc3f33e8fdee7c9c5b6	23812affdddaf14f18b2e91f8a6e13e4d3b4bcb262cd44abd42d653fe9edc0a1	Existing numbers only; S5 compact display and source-specific captions
Supplementary Figure S9	audit/SUPPLEMENT_FIGURE_SOURCES.json	HCC_FINAL_AI_REVIEW_CORRECTION_20260921_V1/audit/build_supplement_figures.py	Script block # S9; exact source paths and hashes in audit/SUPPLEMENT_FIGURE_SOURCES.json	supplement/figures/S09*.pdf	Recorded module session info; R 4.4.1 or Python analysis-specific versions; see repository environment/ and S15_05	DISPLAY_ONLY	1b7c6c8e67df7745318249a9a05a0f99555a860b6d698cc3f33e8fdee7c9c5b6	23812affdddaf14f18b2e91f8a6e13e4d3b4bcb262cd44abd42d653fe9edc0a1	Existing numbers only; S5 compact display and source-specific captions
Supplementary Figure S10	audit/SUPPLEMENT_FIGURE_SOURCES.json	HCC_FINAL_AI_REVIEW_CORRECTION_20260921_V1/audit/build_supplement_figures.py	Script block # S10; exact source paths and hashes in audit/SUPPLEMENT_FIGURE_SOURCES.json	supplement/figures/S10*.pdf	Recorded module session info; R 4.4.1 or Python analysis-specific versions; see repository environment/ and S15_05	DISPLAY_ONLY	1b7c6c8e67df7745318249a9a05a0f99555a860b6d698cc3f33e8fdee7c9c5b6	23812affdddaf14f18b2e91f8a6e13e4d3b4bcb262cd44abd42d653fe9edc0a1	Existing numbers only; S5 compact display and source-specific captions
Supplementary Figure S11	audit/SUPPLEMENT_FIGURE_SOURCES.json	HCC_FINAL_AI_REVIEW_CORRECTION_20260921_V1/audit/build_supplement_figures.py	Script block # S11; exact source paths and hashes in audit/SUPPLEMENT_FIGURE_SOURCES.json	supplement/figures/S11*.pdf	Recorded module session info; R 4.4.1 or Python analysis-specific versions; see repository environment/ and S15_05	DISPLAY_ONLY	1b7c6c8e67df7745318249a9a05a0f99555a860b6d698cc3f33e8fdee7c9c5b6	23812affdddaf14f18b2e91f8a6e13e4d3b4bcb262cd44abd42d653fe9edc0a1	Existing numbers only; S5 compact display and source-specific captions
Supplementary Figure S12	audit/SUPPLEMENT_FIGURE_SOURCES.json	HCC_FINAL_AI_REVIEW_CORRECTION_20260921_V1/audit/build_supplement_figures.py	Script block # S12; exact source paths and hashes in audit/SUPPLEMENT_FIGURE_SOURCES.json	supplement/figures/S12*.pdf	Recorded module session info; R 4.4.1 or Python analysis-specific versions; see repository environment/ and S15_05	DISPLAY_ONLY	1b7c6c8e67df7745318249a9a05a0f99555a860b6d698cc3f33e8fdee7c9c5b6	23812affdddaf14f18b2e91f8a6e13e4d3b4bcb262cd44abd42d653fe9edc0a1	Existing numbers only; S5 compact display and source-specific captions
Supplementary Figure S13	audit/SUPPLEMENT_FIGURE_SOURCES.json	HCC_FINAL_AI_REVIEW_CORRECTION_20260921_V1/audit/build_supplement_figures.py	Script block # S13; exact source paths and hashes in audit/SUPPLEMENT_FIGURE_SOURCES.json	supplement/figures/S13*.pdf	Recorded module session info; R 4.4.1 or Python analysis-specific versions; see repository environment/ and S15_05	DISPLAY_ONLY	1b7c6c8e67df7745318249a9a05a0f99555a860b6d698cc3f33e8fdee7c9c5b6	23812affdddaf14f18b2e91f8a6e13e4d3b4bcb262cd44abd42d653fe9edc0a1	Existing numbers only; S5 compact display and source-specific captions
Supplementary Figure S14	audit/SUPPLEMENT_FIGURE_SOURCES.json	HCC_FINAL_AI_REVIEW_CORRECTION_20260921_V1/audit/build_supplement_figures.py	Script block # S14; exact source paths and hashes in audit/SUPPLEMENT_FIGURE_SOURCES.json	supplement/figures/S14*.pdf	Recorded module session info; R 4.4.1 or Python analysis-specific versions; see repository environment/ and S15_05	DISPLAY_ONLY	1b7c6c8e67df7745318249a9a05a0f99555a860b6d698cc3f33e8fdee7c9c5b6	23812affdddaf14f18b2e91f8a6e13e4d3b4bcb262cd44abd42d653fe9edc0a1	Existing numbers only; S5 compact display and source-specific captions
Supplementary Figure S15	audit/SUPPLEMENT_FIGURE_SOURCES.json	HCC_FINAL_AI_REVIEW_CORRECTION_20260921_V1/audit/build_supplement_figures.py	Script block # S15; exact source paths and hashes in audit/SUPPLEMENT_FIGURE_SOURCES.json	supplement/figures/S15*.pdf	Recorded module session info; R 4.4.1 or Python analysis-specific versions; see repository environment/ and S15_05	DISPLAY_ONLY	1b7c6c8e67df7745318249a9a05a0f99555a860b6d698cc3f33e8fdee7c9c5b6	23812affdddaf14f18b2e91f8a6e13e4d3b4bcb262cd44abd42d653fe9edc0a1	Existing numbers only; S5 compact display and source-specific captions
Supplementary Methods S1	Supplementary_Methods_S1-S8.md	HCC_FINAL_AI_REVIEW_CORRECTION_20260921_V1/audit/create_documents.py	Supplementary_Methods_S1-S8.md	Supplementary_Methods_S1-S8.docx/pdf	Recorded module session info; R 4.4.1 or Python analysis-specific versions; see repository environment/ and S15_05	DISPLAY_ONLY	0deb11f5a00baca6120e92c0fd3c3b3ccecfbcd9002c206b6898be080b925886	40307fcc7ec9d460909666749b27f2426111adfed2d3294ebcafad35b5286573	Document assembly only; source modules follow linked supplement table parts
Supplementary Methods S2	Supplementary_Methods_S1-S8.md	HCC_FINAL_AI_REVIEW_CORRECTION_20260921_V1/audit/create_documents.py	Supplementary_Methods_S1-S8.md	Supplementary_Methods_S1-S8.docx/pdf	Recorded module session info; R 4.4.1 or Python analysis-specific versions; see repository environment/ and S15_05	DISPLAY_ONLY	0deb11f5a00baca6120e92c0fd3c3b3ccecfbcd9002c206b6898be080b925886	40307fcc7ec9d460909666749b27f2426111adfed2d3294ebcafad35b5286573	Document assembly only; source modules follow linked supplement table parts
Supplementary Methods S3	Supplementary_Methods_S1-S8.md	HCC_FINAL_AI_REVIEW_CORRECTION_20260921_V1/audit/create_documents.py	Supplementary_Methods_S1-S8.md	Supplementary_Methods_S1-S8.docx/pdf	Recorded module session info; R 4.4.1 or Python analysis-specific versions; see repository environment/ and S15_05	DISPLAY_ONLY	0deb11f5a00baca6120e92c0fd3c3b3ccecfbcd9002c206b6898be080b925886	40307fcc7ec9d460909666749b27f2426111adfed2d3294ebcafad35b5286573	Document assembly only; source modules follow linked supplement table parts
Supplementary Methods S4	Supplementary_Methods_S1-S8.md	HCC_FINAL_AI_REVIEW_CORRECTION_20260921_V1/audit/create_documents.py	Supplementary_Methods_S1-S8.md	Supplementary_Methods_S1-S8.docx/pdf	Recorded module session info; R 4.4.1 or Python analysis-specific versions; see repository environment/ and S15_05	DISPLAY_ONLY	0deb11f5a00baca6120e92c0fd3c3b3ccecfbcd9002c206b6898be080b925886	40307fcc7ec9d460909666749b27f2426111adfed2d3294ebcafad35b5286573	Document assembly only; source modules follow linked supplement table parts
Supplementary Methods S5	Supplementary_Methods_S1-S8.md	HCC_FINAL_AI_REVIEW_CORRECTION_20260921_V1/audit/create_documents.py	Supplementary_Methods_S1-S8.md	Supplementary_Methods_S1-S8.docx/pdf	Recorded module session info; R 4.4.1 or Python analysis-specific versions; see repository environment/ and S15_05	DISPLAY_ONLY	0deb11f5a00baca6120e92c0fd3c3b3ccecfbcd9002c206b6898be080b925886	40307fcc7ec9d460909666749b27f2426111adfed2d3294ebcafad35b5286573	Document assembly only; source modules follow linked supplement table parts
Supplementary Methods S6	Supplementary_Methods_S1-S8.md	HCC_FINAL_AI_REVIEW_CORRECTION_20260921_V1/audit/create_documents.py	Supplementary_Methods_S1-S8.md	Supplementary_Methods_S1-S8.docx/pdf	Recorded module session info; R 4.4.1 or Python analysis-specific versions; see repository environment/ and S15_05	DISPLAY_ONLY	0deb11f5a00baca6120e92c0fd3c3b3ccecfbcd9002c206b6898be080b925886	40307fcc7ec9d460909666749b27f2426111adfed2d3294ebcafad35b5286573	Document assembly only; source modules follow linked supplement table parts
Supplementary Methods S7	Supplementary_Methods_S1-S8.md	HCC_FINAL_AI_REVIEW_CORRECTION_20260921_V1/audit/create_documents.py	Supplementary_Methods_S1-S8.md	Supplementary_Methods_S1-S8.docx/pdf	Recorded module session info; R 4.4.1 or Python analysis-specific versions; see repository environment/ and S15_05	DISPLAY_ONLY	0deb11f5a00baca6120e92c0fd3c3b3ccecfbcd9002c206b6898be080b925886	40307fcc7ec9d460909666749b27f2426111adfed2d3294ebcafad35b5286573	Document assembly only; source modules follow linked supplement table parts
Supplementary Methods S8	Supplementary_Methods_S1-S8.md	HCC_FINAL_AI_REVIEW_CORRECTION_20260921_V1/audit/create_documents.py	Supplementary_Methods_S1-S8.md	Supplementary_Methods_S1-S8.docx/pdf	Recorded module session info; R 4.4.1 or Python analysis-specific versions; see repository environment/ and S15_05	DISPLAY_ONLY	0deb11f5a00baca6120e92c0fd3c3b3ccecfbcd9002c206b6898be080b925886	40307fcc7ec9d460909666749b27f2426111adfed2d3294ebcafad35b5286573	Document assembly only; source modules follow linked supplement table parts
Wu bounded zero-count sensitivity	recovered_sources/WU_ZERO_COUNT_SENSITIVITY_PATIENT_METRICS.tsv	HCC_FINAL_AI_REVIEW_CORRECTION_20260921_V1/audit/wu_bounded_sensitivity.R	visium_all.h5ad; fixed AF35 membership; broad-immune definition; frozen patient Moran table	WU_PRETREATMENT_SPATIAL_INPUT_AUDIT.tsv; recovered_sources/WU_ZERO_COUNT_SENSITIVITY_*	Recorded module session info; R 4.4.1 or Python analysis-specific versions; see repository environment/ and S15_05	ACTIVE_CURRENT	102132d2b1ae63f1b5d432f9705ed648b814175590315d7f9a07a9f72154cb34	38db4cac79e4274243c9f49e47daf98365587116d086e76d2fc88e9f020f4672	Original patient Moran recovered <1e-10; one source-supported exclusion sensitivity only
