HE_Annotation	response	x	y	raw_target_score	broad_immune_score	conditional_score	x_hires	y_hires	tissue_hires_scalef	coordinate_status	adjacent_section_status
Tumor	Nonresponder	1203	1638	0.184197412198188	0.475463679381714	-0.774586774821673	802.0000401	1092.0000546	0.6666667	Visium full-resolution coordinates scaled to released hires H&E	CODEX context is from a mapped adjacent section; no same-cell claim
Tumor	Nonresponder	1798	1468	0.226817035501734	0.357202707775192	0.275609195226621	1198.6667266	978.6667156	0.6666667	Visium full-resolution coordinates scaled to released hires H&E	CODEX context is from a mapped adjacent section; no same-cell claim
Tumor	Nonresponder	1636	1637	0.293111521292097	0.474342836665245	0.723884308736419	1090.6667212	1091.3333879	0.6666667	Visium full-resolution coordinates scaled to released hires H&E	CODEX context is from a mapped adjacent section; no same-cell claim
Tumor	Nonresponder	1603	1618	0.266838186928485	0.547301669195702	0.0342512770964452	1068.6667201	1078.6667206	0.6666667	Visium full-resolution coordinates scaled to released hires H&E	CODEX context is from a mapped adjacent section; no same-cell claim
Stroma	Nonresponder	1473	1431	0.273003509169508	1.07055023956787	-1.79344622546843	982.0000491	954.0000477	0.6666667	Visium full-resolution coordinates scaled to released hires H&E	CODEX context is from a mapped adjacent section; no same-cell claim
Out-of-bound	Nonresponder	1301	1731	0.172856200458789	0.433304642711656	-0.766065171361084	867.3333767	1154.0000577	0.6666667	Visium full-resolution coordinates scaled to released hires H&E	CODEX context is from a mapped adjacent section; no same-cell claim
Stroma	Nonresponder	1355	1712	0.223239885842583	0.767520719401891	-1.24179898982105	903.3333785	1141.3333904	0.6666667	Visium full-resolution coordinates scaled to released hires H&E	CODEX context is from a mapped adjacent section; no same-cell claim
Tumor	Nonresponder	1224	1488	0.26925601846773	0.41386713679923	0.63181766393885	816.0000408	992.0000496	0.6666667	Visium full-resolution coordinates scaled to released hires H&E	CODEX context is from a mapped adjacent section; no same-cell claim
Stroma	Nonresponder	1235	1507	0.280812708386992	0.56208252209415	0.271967259342971	823.3333745	1004.6667169	0.6666667	Visium full-resolution coordinates scaled to released hires H&E	CODEX context is from a mapped adjacent section; no same-cell claim
NA	Nonresponder	1279	1656	0.170053050687755	0.727730044717157	-1.54353270474837	852.6667093	1104.0000552	0.6666667	Visium full-resolution coordinates scaled to released hires H&E	CODEX context is from a mapped adjacent section; no same-cell claim
Tumor	Nonresponder	1451	1544	0.152616078786928	0.308743650686989	-0.475013683011719	967.3333817	1029.3333848	0.6666667	Visium full-resolution coordinates scaled to released hires H&E	CODEX context is from a mapped adjacent section; no same-cell claim
Stroma	Nonresponder	1570	1487	0.328299919593207	0.919692024444421	-0.514883781966012	1046.666719	991.3333829	0.6666667	Visium full-resolution coordinates scaled to released hires H&E	CODEX context is from a mapped adjacent section; no same-cell claim
Tumor	Nonresponder	1744	1674	0.230894546597449	0.390450950361347	0.183605693641413	1162.6667248	1116.0000558	0.6666667	Visium full-resolution coordinates scaled to released hires H&E	CODEX context is from a mapped adjacent section; no same-cell claim
NA	Nonresponder	1852	1487	0.183017493468908	0.277600113951754	0.0276055530264619	1234.6667284	991.3333829	0.6666667	Visium full-resolution coordinates scaled to released hires H&E	CODEX context is from a mapped adjacent section; no same-cell claim
Tumor	Nonresponder	1765	1599	0.233796604401711	0.227953374785805	0.935467270386203	1176.6667255	1066.0000533	0.6666667	Visium full-resolution coordinates scaled to released hires H&E	CODEX context is from a mapped adjacent section; no same-cell claim
Tumor	Nonresponder	1711	1618	0.133684306023357	0.387743194449381	-1.09979061257576	1140.6667237	1078.6667206	0.6666667	Visium full-resolution coordinates scaled to released hires H&E	CODEX context is from a mapped adjacent section; no same-cell claim
Tumor	Nonresponder	1560	1656	0.248945841186473	0.550620527966963	-0.195391213414755	1040.000052	1104.0000552	0.6666667	Visium full-resolution coordinates scaled to released hires H&E	CODEX context is from a mapped adjacent section; no same-cell claim
Tumor	Nonresponder	1398	1600	0.261426316542338	0.650784788009784	-0.478850071080733	932.0000466	1066.66672	0.6666667	Visium full-resolution coordinates scaled to released hires H&E	CODEX context is from a mapped adjacent section; no same-cell claim
Tumor	Nonresponder	1711	1655	0.192880673738281	0.344928177091697	-0.140738373257378	1140.6667237	1103.3333885	0.6666667	Visium full-resolution coordinates scaled to released hires H&E	CODEX context is from a mapped adjacent section; no same-cell claim
Out-of-bound	Nonresponder	1613	1337	0.0778738453426403	0.338542940023076	-0.517555513125777	1075.3333871	891.3333779	0.6666667	Visium full-resolution coordinates scaled to released hires H&E	CODEX context is from a mapped adjacent section; no same-cell claim
Stroma	Nonresponder	1451	1431	0.263843943195828	0.72389509996389	-0.540315588576006	967.3333817	954.0000477	0.6666667	Visium full-resolution coordinates scaled to released hires H&E	CODEX context is from a mapped adjacent section; no same-cell claim
Tumor	Nonresponder	1808	1524	0.194520262566493	0.235280149253584	0.365846826459954	1205.3333936	1016.0000508	0.6666667	Visium full-resolution coordinates scaled to released hires H&E	CODEX context is from a mapped adjacent section; no same-cell claim
Adj. liver	Nonresponder	1430	1469	0.151292576502916	0.45822334301806	-1.04777637464108	953.333381	979.3333823	0.6666667	Visium full-resolution coordinates scaled to released hires H&E	CODEX context is from a mapped adjacent section; no same-cell claim
Tumor	Nonresponder	1754	1505	0.223238682316024	0.257723413985885	0.684358333836967	1169.3333918	1003.3333835	0.6666667	Visium full-resolution coordinates scaled to released hires H&E	CODEX context is from a mapped adjacent section; no same-cell claim
Stroma	Nonresponder	1440	1375	0.184130990744273	0.505524139505403	-0.500972322004919	960.000048	916.6667125	0.6666667	Visium full-resolution coordinates scaled to released hires H&E	CODEX context is from a mapped adjacent section; no same-cell claim
NA	Nonresponder	1344	1769	0.202646205020648	0.261077867847809	0.381843194084571	896.0000448	1179.3333923	0.6666667	Visium full-resolution coordinates scaled to released hires H&E	CODEX context is from a mapped adjacent section; no same-cell claim
NA	Nonresponder	1722	1599	0.153701177487117	0.367196992197558	-0.6466121726627	1148.0000574	1066.0000533	0.6666667	Visium full-resolution coordinates scaled to released hires H&E	CODEX context is from a mapped adjacent section; no same-cell claim
Stroma	Nonresponder	1322	1694	0.0772581080625779	0.495649237514101	-1.84372032461052	881.3333774	1129.3333898	0.6666667	Visium full-resolution coordinates scaled to released hires H&E	CODEX context is from a mapped adjacent section; no same-cell claim
Tumor	Nonresponder	1203	1526	0.208002644361081	0.351529957607479	0.0430307063998982	802.0000401	1017.3333842	0.6666667	Visium full-resolution coordinates scaled to released hires H&E	CODEX context is from a mapped adjacent section; no same-cell claim
Stroma	Nonresponder	1527	1338	0.162749043159264	0.211035421676885	0.372552058455771	1018.0000509	892.0000446	0.6666667	Visium full-resolution coordinates scaled to released hires H&E	CODEX context is from a mapped adjacent section; no same-cell claim
Stroma	Nonresponder	1495	1768	0.545711615682155	1.35620921664717	0.51119171866233	996.6667165	1178.6667256	0.6666667	Visium full-resolution coordinates scaled to released hires H&E	CODEX context is from a mapped adjacent section; no same-cell claim
NA	Nonresponder	1311	1750	0.179541652290906	0.333603375262157	-0.245239842942102	874.0000437	1166.666725	0.6666667	Visium full-resolution coordinates scaled to released hires H&E	CODEX context is from a mapped adjacent section; no same-cell claim
Stroma	Nonresponder	1463	1750	0.671086198299394	1.24236371416661	2.71802307035308	975.3333821	1166.666725	0.6666667	Visium full-resolution coordinates scaled to released hires H&E	CODEX context is from a mapped adjacent section; no same-cell claim
Tumor	Nonresponder	1808	1449	0.217484913119842	0.332757089283792	0.283301204668924	1205.3333936	966.0000483	0.6666667	Visium full-resolution coordinates scaled to released hires H&E	CODEX context is from a mapped adjacent section; no same-cell claim
Tumor	Nonresponder	1636	1787	0.30646616918731	0.562162311082071	0.474048732886211	1090.6667212	1191.3333929	0.6666667	Visium full-resolution coordinates scaled to released hires H&E	CODEX context is from a mapped adjacent section; no same-cell claim
Stroma	Nonresponder	1494	1356	0.252737117017576	0.187421768819367	1.82839333914372	996.0000498	904.0000452	0.6666667	Visium full-resolution coordinates scaled to released hires H&E	CODEX context is from a mapped adjacent section; no same-cell claim
Tumor	Nonresponder	1354	1525	0.301062204404289	0.577506382321249	0.35473206357941	902.6667118	1016.6667175	0.6666667	Visium full-resolution coordinates scaled to released hires H&E	CODEX context is from a mapped adjacent section; no same-cell claim
NA	Nonresponder	1419	1637	0.155623599290759	0.452960373933496	-0.573444189741292	946.0000473	1091.3333879	0.6666667	Visium full-resolution coordinates scaled to released hires H&E	CODEX context is from a mapped adjacent section; no same-cell claim
Tumor	Nonresponder	1636	1749	0.226786437436911	0.447802907534069	-0.127915608046075	1090.6667212	1166.0000583	0.6666667	Visium full-resolution coordinates scaled to released hires H&E	CODEX context is from a mapped adjacent section; no same-cell claim
Tumor	Nonresponder	1311	1525	0.185522115137398	0.319546087703901	-0.0896126319746132	874.0000437	1016.6667175	0.6666667	Visium full-resolution coordinates scaled to released hires H&E	CODEX context is from a mapped adjacent section; no same-cell claim
Stroma	Nonresponder	1430	1693	0.279454474280598	1.09802172008837	-1.98701021831682	953.333381	1128.6667231	0.6666667	Visium full-resolution coordinates scaled to released hires H&E	CODEX context is from a mapped adjacent section; no same-cell claim
Tumor	Nonresponder	1528	1749	0.422642989771252	0.789075709290809	1.1402729386272	1018.6667176	1166.0000583	0.6666667	Visium full-resolution coordinates scaled to released hires H&E	CODEX context is from a mapped adjacent section; no same-cell claim
NA	Nonresponder	1375	1338	0	0.357915402537141	-1.33106689330573	916.6667125	892.0000446	0.6666667	Visium full-resolution coordinates scaled to released hires H&E	CODEX context is from a mapped adjacent section; no same-cell claim
Stroma	Nonresponder	1516	1356	0.187498452308513	0.374148939455246	0.124681784328298	1010.6667172	904.0000452	0.6666667	Visium full-resolution coordinates scaled to released hires H&E	CODEX context is from a mapped adjacent section; no same-cell claim
Tumor	Nonresponder	1755	1655	0.201071854834407	0.312457498795238	0.0984576206525404	1170.0000585	1103.3333885	0.6666667	Visium full-resolution coordinates scaled to released hires H&E	CODEX context is from a mapped adjacent section; no same-cell claim
NA	Nonresponder	1873	1486	0.199723347200311	0.241422071453603	0.428521433615235	1248.6667291	990.6667162	0.6666667	Visium full-resolution coordinates scaled to released hires H&E	CODEX context is from a mapped adjacent section; no same-cell claim
NA	Nonresponder	1354	1376	0	0.270061522261469	-1.2627542124076	902.6667118	917.3333792	0.6666667	Visium full-resolution coordinates scaled to released hires H&E	CODEX context is from a mapped adjacent section; no same-cell claim
Tumor	Nonresponder	1593	1712	0.135429536988016	0.2522780207547	-0.498241616199056	1062.0000531	1141.3333904	0.6666667	Visium full-resolution coordinates scaled to released hires H&E	CODEX context is from a mapped adjacent section; no same-cell claim
Tumor	Nonresponder	1310	1413	0.156307861100102	0.168277979771532	0.167784637504478	873.333377	942.0000471	0.6666667	Visium full-resolution coordinates scaled to released hires H&E	CODEX context is from a mapped adjacent section; no same-cell claim
Tumor	Nonresponder	1733	1468	0.199365531656711	0.37541128783589	-0.184083522047353	1155.3333911	978.6667156	0.6666667	Visium full-resolution coordinates scaled to released hires H&E	CODEX context is from a mapped adjacent section; no same-cell claim
NA	Nonresponder	1613	1300	0	0	0.406971084649087	1075.3333871	866.66671	0.6666667	Visium full-resolution coordinates scaled to released hires H&E	CODEX context is from a mapped adjacent section; no same-cell claim
NA	Nonresponder	1213	1395	0.0402457825960892	0.197136480093404	-0.89235641064986	808.6667071	930.0000465	0.6666667	Visium full-resolution coordinates scaled to released hires H&E	CODEX context is from a mapped adjacent section; no same-cell claim
NA	Nonresponder	1343	1619	0	0	-0.300251318889305	895.3333781	1079.3333873	0.6666667	Visium full-resolution coordinates scaled to released hires H&E	CODEX context is from a mapped adjacent section; no same-cell claim
NA	Nonresponder	1256	1394	0.162620536396179	0.183395746369555	0.384759869911251	837.3333752	929.3333798	0.6666667	Visium full-resolution coordinates scaled to released hires H&E	CODEX context is from a mapped adjacent section; no same-cell claim
Stroma	Nonresponder	1235	1619	0.209441291799501	0.216804902081823	0.778291076394467	823.3333745	1079.3333873	0.6666667	Visium full-resolution coordinates scaled to released hires H&E	CODEX context is from a mapped adjacent section; no same-cell claim
Tumor	Nonresponder	1549	1600	0.146122762821396	0.255867222567281	-0.365292668939628	1032.6667183	1066.66672	0.6666667	Visium full-resolution coordinates scaled to released hires H&E	CODEX context is from a mapped adjacent section; no same-cell claim
Tumor	Nonresponder	1700	1487	0.18784358527266	0.265716276272802	0.14497649397671	1133.33339	991.3333829	0.6666667	Visium full-resolution coordinates scaled to released hires H&E	CODEX context is from a mapped adjacent section; no same-cell claim
Stroma	Nonresponder	1527	1487	0.175099896287573	0.583616741254269	-1.04110654001171	1018.0000509	991.3333829	0.6666667	Visium full-resolution coordinates scaled to released hires H&E	CODEX context is from a mapped adjacent section; no same-cell claim
Tumor	Nonresponder	1571	1787	0.460685433677919	0.706477854018605	1.97655219583087	1047.3333857	1191.3333929	0.6666667	Visium full-resolution coordinates scaled to released hires H&E	CODEX context is from a mapped adjacent section; no same-cell claim
Tumor	Nonresponder	1430	1544	0.20576197001421	0.429705795073606	-0.235449940050483	953.333381	1029.3333848	0.6666667	Visium full-resolution coordinates scaled to released hires H&E	CODEX context is from a mapped adjacent section; no same-cell claim
Tumor	Nonresponder	1278	1432	0.147354562562769	0.295464699000018	-0.524713499800444	852.0000426	954.6667144	0.6666667	Visium full-resolution coordinates scaled to released hires H&E	CODEX context is from a mapped adjacent section; no same-cell claim
Out-of-bound	Nonresponder	1170	1507	0.164764239740055	0.246854895908657	-0.0905807525983731	780.000039	1004.6667169	0.6666667	Visium full-resolution coordinates scaled to released hires H&E	CODEX context is from a mapped adjacent section; no same-cell claim
Stroma	Nonresponder	1409	1656	0.20298766483704	0.551371971226209	-0.308457375666015	939.3333803	1104.0000552	0.6666667	Visium full-resolution coordinates scaled to released hires H&E	CODEX context is from a mapped adjacent section; no same-cell claim
Tumor	Nonresponder	1582	1730	0.170382957660295	0.283139860116827	-0.154027548816727	1054.6667194	1153.333391	0.6666667	Visium full-resolution coordinates scaled to released hires H&E	CODEX context is from a mapped adjacent section; no same-cell claim
Tumor	Nonresponder	1560	1693	0.211551418977635	0.511237838962486	-0.596473670636893	1040.000052	1128.6667231	0.6666667	Visium full-resolution coordinates scaled to released hires H&E	CODEX context is from a mapped adjacent section; no same-cell claim
Stroma	Nonresponder	1484	1712	0.673419452784625	1.46072716135607	1.82463504468979	989.3333828	1141.3333904	0.6666667	Visium full-resolution coordinates scaled to released hires H&E	CODEX context is from a mapped adjacent section; no same-cell claim
NA	Nonresponder	1310	1376	0	0.290777594019827	-1.49808826172487	873.333377	917.3333792	0.6666667	Visium full-resolution coordinates scaled to released hires H&E	CODEX context is from a mapped adjacent section; no same-cell claim
Tumor	Nonresponder	1224	1451	0.19261633112627	0.32524962969192	-0.019305199738428	816.0000408	967.3333817	0.6666667	Visium full-resolution coordinates scaled to released hires H&E	CODEX context is from a mapped adjacent section; no same-cell claim
Adj. liver	Nonresponder	1408	1394	0.260997386330238	0.564547088702704	0.0515160025920545	938.6667136	929.3333798	0.6666667	Visium full-resolution coordinates scaled to released hires H&E	CODEX context is from a mapped adjacent section; no same-cell claim
NA	Nonresponder	1679	1562	0.0929682999361169	0.258512313172323	-0.363379333418671	1119.3333893	1041.3333854	0.6666667	Visium full-resolution coordinates scaled to released hires H&E	CODEX context is from a mapped adjacent section; no same-cell claim
Tumor	Nonresponder	1765	1524	0.177523012085325	0.316443437522204	-0.194887016125765	1176.6667255	1016.0000508	0.6666667	Visium full-resolution coordinates scaled to released hires H&E	CODEX context is from a mapped adjacent section; no same-cell claim
NA	Nonresponder	1700	1337	0	0	0.11334903292371	1133.33339	891.3333779	0.6666667	Visium full-resolution coordinates scaled to released hires H&E	CODEX context is from a mapped adjacent section; no same-cell claim
Stroma	Nonresponder	1235	1582	0.162150361584387	0.292150901015397	-0.178666398792633	823.3333745	1054.6667194	0.6666667	Visium full-resolution coordinates scaled to released hires H&E	CODEX context is from a mapped adjacent section; no same-cell claim
Stroma	Nonresponder	1624	1356	0.0604619305120689	0.313104128236255	-0.830144885913535	1082.6667208	904.0000452	0.6666667	Visium full-resolution coordinates scaled to released hires H&E	CODEX context is from a mapped adjacent section; no same-cell claim
Stroma	Nonresponder	1419	1712	0.450187749261862	1.03093423117057	0.630041409996179	946.0000473	1141.3333904	0.6666667	Visium full-resolution coordinates scaled to released hires H&E	CODEX context is from a mapped adjacent section; no same-cell claim
Stroma	Nonresponder	1505	1338	0.163256027053733	0.198181008988843	0.441797450895951	1003.3333835	892.0000446	0.6666667	Visium full-resolution coordinates scaled to released hires H&E	CODEX context is from a mapped adjacent section; no same-cell claim
Stroma	Nonresponder	1279	1694	0.165645822066096	0.482877386617295	-0.669148135308428	852.6667093	1129.3333898	0.6666667	Visium full-resolution coordinates scaled to released hires H&E	CODEX context is from a mapped adjacent section; no same-cell claim
Tumor	Nonresponder	1267	1451	0.200672576552627	0.366249504217238	-0.0831430025863039	844.6667089	967.3333817	0.6666667	Visium full-resolution coordinates scaled to released hires H&E	CODEX context is from a mapped adjacent section; no same-cell claim
NA	Nonresponder	1364	1357	0.0902890687552689	0.383182603453987	-0.370800983183487	909.3333788	904.6667119	0.6666667	Visium full-resolution coordinates scaled to released hires H&E	CODEX context is from a mapped adjacent section; no same-cell claim
Tumor	Nonresponder	1213	1544	0.192742246773872	0.54038316399046	-0.970452054284885	808.6667071	1029.3333848	0.6666667	Visium full-resolution coordinates scaled to released hires H&E	CODEX context is from a mapped adjacent section; no same-cell claim
Stroma	Nonresponder	1635	1412	0.416792663919951	1.03352292588635	0.192816346849205	1090.0000545	941.3333804	0.6666667	Visium full-resolution coordinates scaled to released hires H&E	CODEX context is from a mapped adjacent section; no same-cell claim
Tumor	Nonresponder	1517	1656	0.167806300353828	0.212760040949763	0.124705736310348	1011.3333839	1104.0000552	0.6666667	Visium full-resolution coordinates scaled to released hires H&E	CODEX context is from a mapped adjacent section; no same-cell claim
Stroma	Nonresponder	1603	1468	0.624744331670478	1.30094692086333	1.74149485940093	1068.6667201	978.6667156	0.6666667	Visium full-resolution coordinates scaled to released hires H&E	CODEX context is from a mapped adjacent section; no same-cell claim
Tumor	Nonresponder	1700	1412	0.258132764375703	0.56656215412011	-0.160527059962818	1133.33339	941.3333804	0.6666667	Visium full-resolution coordinates scaled to released hires H&E	CODEX context is from a mapped adjacent section; no same-cell claim
Tumor	Nonresponder	1484	1562	0.165758222543886	0.280476904223001	-0.2131967958871	989.3333828	1041.3333854	0.6666667	Visium full-resolution coordinates scaled to released hires H&E	CODEX context is from a mapped adjacent section; no same-cell claim
NA	Nonresponder	1548	1263	0	0	0.703812557824428	1032.0000516	842.0000421	0.6666667	Visium full-resolution coordinates scaled to released hires H&E	CODEX context is from a mapped adjacent section; no same-cell claim
Tumor	Nonresponder	1560	1543	0.250891512975792	0.513001099442188	-0.0582055255047329	1040.000052	1028.6667181	0.6666667	Visium full-resolution coordinates scaled to released hires H&E	CODEX context is from a mapped adjacent section; no same-cell claim
NA	Nonresponder	1602	1319	0.104062101359899	0	1.55479092879611	1068.0000534	879.3333773	0.6666667	Visium full-resolution coordinates scaled to released hires H&E	CODEX context is from a mapped adjacent section; no same-cell claim
Tumor	Nonresponder	1571	1674	0.182966180646296	0.398666196814235	-0.471092241421385	1047.3333857	1116.0000558	0.6666667	Visium full-resolution coordinates scaled to released hires H&E	CODEX context is from a mapped adjacent section; no same-cell claim
Tumor	Nonresponder	1668	1655	0.183796415985284	0.473267168995236	-0.788101856087534	1112.0000556	1103.3333885	0.6666667	Visium full-resolution coordinates scaled to released hires H&E	CODEX context is from a mapped adjacent section; no same-cell claim
Stroma	Nonresponder	1452	1731	0.528316959112057	1.25674944772804	0.776661962995767	968.0000484	1154.0000577	0.6666667	Visium full-resolution coordinates scaled to released hires H&E	CODEX context is from a mapped adjacent section; no same-cell claim
Tumor	Nonresponder	1668	1730	0.323181741619101	0.436084431652477	1.23797292479975	1112.0000556	1153.333391	0.6666667	Visium full-resolution coordinates scaled to released hires H&E	CODEX context is from a mapped adjacent section; no same-cell claim
Tumor	Nonresponder	1213	1469	0.232818329500934	0.397126142665224	0.214583256814336	808.6667071	979.3333823	0.6666667	Visium full-resolution coordinates scaled to released hires H&E	CODEX context is from a mapped adjacent section; no same-cell claim
Tumor	Nonresponder	1765	1562	0.191603912075937	0.313030099831737	0.0390267050824943	1176.6667255	1041.3333854	0.6666667	Visium full-resolution coordinates scaled to released hires H&E	CODEX context is from a mapped adjacent section; no same-cell claim
Tumor	Nonresponder	1300	1469	0.140167048330313	0.232996603210774	-0.327268240326914	866.66671	979.3333823	0.6666667	Visium full-resolution coordinates scaled to released hires H&E	CODEX context is from a mapped adjacent section; no same-cell claim
NA	Nonresponder	1365	1619	0.179486961681484	0.418802910590128	0.295585925021731	910.0000455	1079.3333873	0.6666667	Visium full-resolution coordinates scaled to released hires H&E	CODEX context is from a mapped adjacent section; no same-cell claim
Stroma	Nonresponder	1257	1694	0.252580459885373	0.785803038953873	-0.946822691884769	838.0000419	1129.3333898	0.6666667	Visium full-resolution coordinates scaled to released hires H&E	CODEX context is from a mapped adjacent section; no same-cell claim
NA	Nonresponder	1181	1451	0.177378960649738	0.386375463025336	-0.465428979016528	787.3333727	967.3333817	0.6666667	Visium full-resolution coordinates scaled to released hires H&E	CODEX context is from a mapped adjacent section; no same-cell claim
Stroma	Nonresponder	1570	1338	0.183102054867615	0.256342876814661	0.676037854515016	1046.666719	892.0000446	0.6666667	Visium full-resolution coordinates scaled to released hires H&E	CODEX context is from a mapped adjacent section; no same-cell claim
Stroma	Nonresponder	1398	1637	0.293398264382358	0.52007114302993	1.2462274371648	932.0000466	1091.3333879	0.6666667	Visium full-resolution coordinates scaled to released hires H&E	CODEX context is from a mapped adjacent section; no same-cell claim
Tumor	Nonresponder	1462	1562	0.187743771074446	0.327114952110355	-0.105527618827962	974.6667154	1041.3333854	0.6666667	Visium full-resolution coordinates scaled to released hires H&E	CODEX context is from a mapped adjacent section; no same-cell claim
NA	Nonresponder	1462	1300	0.120605261471525	0	2.0035691499229	974.6667154	866.66671	0.6666667	Visium full-resolution coordinates scaled to released hires H&E	CODEX context is from a mapped adjacent section; no same-cell claim
Tumor	Nonresponder	1635	1562	0.287519646102286	0.765437469483906	-0.375089145217817	1090.0000545	1041.3333854	0.6666667	Visium full-resolution coordinates scaled to released hires H&E	CODEX context is from a mapped adjacent section; no same-cell claim
Stroma	Nonresponder	1300	1694	0.115290245015365	0.625226462462505	-2.08686988105998	866.66671	1129.3333898	0.6666667	Visium full-resolution coordinates scaled to released hires H&E	CODEX context is from a mapped adjacent section; no same-cell claim
Tumor	Nonresponder	1473	1618	0.18829984959702	0.310967048107552	-0.0184177272461679	982.0000491	1078.6667206	0.6666667	Visium full-resolution coordinates scaled to released hires H&E	CODEX context is from a mapped adjacent section; no same-cell claim
Out-of-bound	Nonresponder	1420	1787	0.632618699685159	1.22601824720094	2.40107528700766	946.666714	1191.3333929	0.6666667	Visium full-resolution coordinates scaled to released hires H&E	CODEX context is from a mapped adjacent section; no same-cell claim
Adj. liver	Nonresponder	1419	1413	0.280233202915443	0.57125059605545	0.270844543828029	946.0000473	942.0000471	0.6666667	Visium full-resolution coordinates scaled to released hires H&E	CODEX context is from a mapped adjacent section; no same-cell claim
NA	Nonresponder	1473	1319	0	0	0.0597431272088014	982.0000491	879.3333773	0.6666667	Visium full-resolution coordinates scaled to released hires H&E	CODEX context is from a mapped adjacent section; no same-cell claim
Stroma	Nonresponder	1333	1713	0.245040247613555	0.894069438256481	-1.55761555322165	888.6667111	1142.0000571	0.6666667	Visium full-resolution coordinates scaled to released hires H&E	CODEX context is from a mapped adjacent section; no same-cell claim
NA	Nonresponder	1570	1300	0	0	0.177039046408116	1046.666719	866.66671	0.6666667	Visium full-resolution coordinates scaled to released hires H&E	CODEX context is from a mapped adjacent section; no same-cell claim
Tumor	Nonresponder	1647	1655	0.162330441277042	0.517891288219805	-1.26535018297508	1098.0000549	1103.3333885	0.6666667	Visium full-resolution coordinates scaled to released hires H&E	CODEX context is from a mapped adjacent section; no same-cell claim
Tumor	Nonresponder	1235	1469	0.278281591716605	0.434209178618472	0.665332939394343	823.3333745	979.3333823	0.6666667	Visium full-resolution coordinates scaled to released hires H&E	CODEX context is from a mapped adjacent section; no same-cell claim
NA	Nonresponder	1494	1281	0	0	0.4873634605935	996.0000498	854.0000427	0.6666667	Visium full-resolution coordinates scaled to released hires H&E	CODEX context is from a mapped adjacent section; no same-cell claim
NA	Nonresponder	1733	1543	0.244414438645888	0.238552424773186	1.12665899657898	1155.3333911	1028.6667181	0.6666667	Visium full-resolution coordinates scaled to released hires H&E	CODEX context is from a mapped adjacent section; no same-cell claim
Tumor	Nonresponder	1593	1787	0.264375940075784	0.474367217633132	0.287594324496062	1062.0000531	1191.3333929	0.6666667	Visium full-resolution coordinates scaled to released hires H&E	CODEX context is from a mapped adjacent section; no same-cell claim
Stroma	Nonresponder	1679	1786	0.267664869286563	0.542434809254541	0.141549449258605	1119.3333893	1190.6667262	0.6666667	Visium full-resolution coordinates scaled to released hires H&E	CODEX context is from a mapped adjacent section; no same-cell claim
Stroma	Nonresponder	1646	1431	0.338234393596218	0.777376128804847	0.0890685965259392	1097.3333882	954.0000477	0.6666667	Visium full-resolution coordinates scaled to released hires H&E	CODEX context is from a mapped adjacent section; no same-cell claim
Tumor	Nonresponder	1614	1525	0.235467828805394	0.533325405835329	-0.0874687080543871	1076.0000538	1016.6667175	0.6666667	Visium full-resolution coordinates scaled to released hires H&E	CODEX context is from a mapped adjacent section; no same-cell claim
Tumor	Nonresponder	1787	1636	0.148376719806051	0.284020124636416	-0.449506912258119	1191.3333929	1090.6667212	0.6666667	Visium full-resolution coordinates scaled to released hires H&E	CODEX context is from a mapped adjacent section; no same-cell claim
NA	Nonresponder	1819	1393	0.175436821662437	0.153507218954632	1.13779792397715	1212.6667273	928.6667131	0.6666667	Visium full-resolution coordinates scaled to released hires H&E	CODEX context is from a mapped adjacent section; no same-cell claim
Tumor	Nonresponder	1365	1544	0.196661251210786	0.326298705965014	0.00494259006768505	910.0000455	1029.3333848	0.6666667	Visium full-resolution coordinates scaled to released hires H&E	CODEX context is from a mapped adjacent section; no same-cell claim
Tumor	Nonresponder	1192	1619	0.167784231726191	0.426948420470053	-0.828673610583908	794.6667064	1079.3333873	0.6666667	Visium full-resolution coordinates scaled to released hires H&E	CODEX context is from a mapped adjacent section; no same-cell claim
Stroma	Nonresponder	1322	1731	0.24933798804906	0.613947071392942	-0.482020652956307	881.3333774	1154.0000577	0.6666667	Visium full-resolution coordinates scaled to released hires H&E	CODEX context is from a mapped adjacent section; no same-cell claim
Stroma	Nonresponder	1581	1394	0.1649379266118	0.427745493561711	-0.710915268090296	1054.0000527	929.3333798	0.6666667	Visium full-resolution coordinates scaled to released hires H&E	CODEX context is from a mapped adjacent section; no same-cell claim
Out-of-bound	Nonresponder	1863	1580	0.196014109121647	0.273862645308681	0.259922876222945	1242.0000621	1053.333386	0.6666667	Visium full-resolution coordinates scaled to released hires H&E	CODEX context is from a mapped adjacent section; no same-cell claim
Stroma	Nonresponder	1409	1694	0.209361156545475	0.929119625316513	-2.13617488978975	939.3333803	1129.3333898	0.6666667	Visium full-resolution coordinates scaled to released hires H&E	CODEX context is from a mapped adjacent section; no same-cell claim
NA	Nonresponder	1808	1374	0.136249678157746	0	1.57539458388148	1205.3333936	916.0000458	0.6666667	Visium full-resolution coordinates scaled to released hires H&E	CODEX context is from a mapped adjacent section; no same-cell claim
Tumor	Nonresponder	1550	1787	0.50796765010062	0.903270071054453	1.91205223960352	1033.333385	1191.3333929	0.6666667	Visium full-resolution coordinates scaled to released hires H&E	CODEX context is from a mapped adjacent section; no same-cell claim
Stroma	Nonresponder	1398	1675	0.140219605946502	0.608901319306483	-1.62419756676211	932.0000466	1116.6667225	0.6666667	Visium full-resolution coordinates scaled to released hires H&E	CODEX context is from a mapped adjacent section; no same-cell claim
Stroma	Nonresponder	1462	1450	0.44058557452743	0.784828649656112	1.67160159880415	974.6667154	966.666715	0.6666667	Visium full-resolution coordinates scaled to released hires H&E	CODEX context is from a mapped adjacent section; no same-cell claim
NA	Nonresponder	1429	1319	0	0	0.326401623834282	952.6667143	879.3333773	0.6666667	Visium full-resolution coordinates scaled to released hires H&E	CODEX context is from a mapped adjacent section; no same-cell claim
Stroma	Nonresponder	1505	1413	0.439981474132553	0.245966658043276	4.39310359211569	1003.3333835	942.0000471	0.6666667	Visium full-resolution coordinates scaled to released hires H&E	CODEX context is from a mapped adjacent section; no same-cell claim
Tumor	Nonresponder	1830	1561	0.244380011598755	0.337339403917509	0.602574348699676	1220.000061	1040.6667187	0.6666667	Visium full-resolution coordinates scaled to released hires H&E	CODEX context is from a mapped adjacent section; no same-cell claim
Tumor	Nonresponder	1830	1524	0.228403004102919	0.259302495558489	0.717427341526628	1220.000061	1016.0000508	0.6666667	Visium full-resolution coordinates scaled to released hires H&E	CODEX context is from a mapped adjacent section; no same-cell claim
NA	Nonresponder	1646	1319	0	0.439444915467244	-1.45326894277696	1097.3333882	879.3333773	0.6666667	Visium full-resolution coordinates scaled to released hires H&E	CODEX context is from a mapped adjacent section; no same-cell claim
Stroma	Nonresponder	1344	1694	0.111741867901521	0.712254414128965	-2.48243951549916	896.0000448	1129.3333898	0.6666667	Visium full-resolution coordinates scaled to released hires H&E	CODEX context is from a mapped adjacent section; no same-cell claim
Stroma	Nonresponder	1592	1375	0.255573732299733	0.778487443108078	-0.749179333552214	1061.3333864	916.6667125	0.6666667	Visium full-resolution coordinates scaled to released hires H&E	CODEX context is from a mapped adjacent section; no same-cell claim
Tumor	Nonresponder	1593	1749	0.16192966985663	0.222712733856706	-0.0413223148782044	1062.0000531	1166.0000583	0.6666667	Visium full-resolution coordinates scaled to released hires H&E	CODEX context is from a mapped adjacent section; no same-cell claim
Stroma	Nonresponder	1387	1694	0.130771781923736	0.515291436298884	-1.31040975764054	924.6667129	1129.3333898	0.6666667	Visium full-resolution coordinates scaled to released hires H&E	CODEX context is from a mapped adjacent section; no same-cell claim
Tumor	Nonresponder	1873	1524	0.218807874043702	0.194650405838775	0.888004803840986	1248.6667291	1016.0000508	0.6666667	Visium full-resolution coordinates scaled to released hires H&E	CODEX context is from a mapped adjacent section; no same-cell claim
Stroma	Nonresponder	1538	1506	0.339827120943111	1.16219906125357	-1.40620977483229	1025.3333846	1004.0000502	0.6666667	Visium full-resolution coordinates scaled to released hires H&E	CODEX context is from a mapped adjacent section; no same-cell claim
NA	Nonresponder	1690	1580	0.0981193764075985	0.268817996073914	-0.304596687007782	1126.666723	1053.333386	0.6666667	Visium full-resolution coordinates scaled to released hires H&E	CODEX context is from a mapped adjacent section; no same-cell claim
Tumor	Nonresponder	1278	1507	0.197320278844458	0.255021433923881	0.339974691342487	852.0000426	1004.6667169	0.6666667	Visium full-resolution coordinates scaled to released hires H&E	CODEX context is from a mapped adjacent section; no same-cell claim
Tumor	Nonresponder	1538	1656	0.221767219716257	0.259381354776148	0.68737876676467	1025.3333846	1104.0000552	0.6666667	Visium full-resolution coordinates scaled to released hires H&E	CODEX context is from a mapped adjacent section; no same-cell claim
Stroma	Nonresponder	1527	1413	0.0715151070287373	0.429437167005351	-1.58929704169379	1018.0000509	942.0000471	0.6666667	Visium full-resolution coordinates scaled to released hires H&E	CODEX context is from a mapped adjacent section; no same-cell claim
Tumor	Nonresponder	1581	1543	0.232367033170474	0.450426985374378	-0.0690913431178577	1054.0000527	1028.6667181	0.6666667	Visium full-resolution coordinates scaled to released hires H&E	CODEX context is from a mapped adjacent section; no same-cell claim
Tumor	Nonresponder	1549	1712	0.159740232677326	0.333124773078862	-0.533328023077058	1032.6667183	1141.3333904	0.6666667	Visium full-resolution coordinates scaled to released hires H&E	CODEX context is from a mapped adjacent section; no same-cell claim
NA	Nonresponder	1429	1357	0.339054114224686	0.584865650410489	1.45715951683874	952.6667143	904.6667119	0.6666667	Visium full-resolution coordinates scaled to released hires H&E	CODEX context is from a mapped adjacent section; no same-cell claim
Tumor	Nonresponder	1181	1526	0.195700764339451	0.383816161837702	-0.224506888181101	787.3333727	1017.3333842	0.6666667	Visium full-resolution coordinates scaled to released hires H&E	CODEX context is from a mapped adjacent section; no same-cell claim
Tumor	Nonresponder	1473	1544	0.209601512296251	0.47259836482491	-0.426315680199452	982.0000491	1029.3333848	0.6666667	Visium full-resolution coordinates scaled to released hires H&E	CODEX context is from a mapped adjacent section; no same-cell claim
Tumor	Nonresponder	1668	1693	0.160251700678342	0.316111279580837	-0.418919920236962	1112.0000556	1128.6667231	0.6666667	Visium full-resolution coordinates scaled to released hires H&E	CODEX context is from a mapped adjacent section; no same-cell claim
Stroma	Nonresponder	1538	1356	0.154130635170943	0.248617194706018	0.0380415772097678	1025.3333846	904.0000452	0.6666667	Visium full-resolution coordinates scaled to released hires H&E	CODEX context is from a mapped adjacent section; no same-cell claim
NA	Nonresponder	1256	1357	0	0	-0.0993025734747269	837.3333752	904.6667119	0.6666667	Visium full-resolution coordinates scaled to released hires H&E	CODEX context is from a mapped adjacent section; no same-cell claim
Tumor	Nonresponder	1809	1636	0.216488143619507	0.336605884829243	0.216164407773902	1206.0000603	1090.6667212	0.6666667	Visium full-resolution coordinates scaled to released hires H&E	CODEX context is from a mapped adjacent section; no same-cell claim
Stroma	Nonresponder	1387	1656	0.148416504201723	0.290739703350007	-0.00131250913862289	924.6667129	1104.0000552	0.6666667	Visium full-resolution coordinates scaled to released hires H&E	CODEX context is from a mapped adjacent section; no same-cell claim
Stroma	Nonresponder	1559	1394	0.087490548467862	0.765542299093793	-2.66870171742635	1039.3333853	929.3333798	0.6666667	Visium full-resolution coordinates scaled to released hires H&E	CODEX context is from a mapped adjacent section; no same-cell claim
Tumor	Nonresponder	1820	1618	0.176336659079455	0.351568792441191	-0.392831699884668	1213.333394	1078.6667206	0.6666667	Visium full-resolution coordinates scaled to released hires H&E	CODEX context is from a mapped adjacent section; no same-cell claim
Out-of-bound	Nonresponder	1581	1319	0.342929481710264	1.07575063851444	-0.2587928733054	1054.0000527	879.3333773	0.6666667	Visium full-resolution coordinates scaled to released hires H&E	CODEX context is from a mapped adjacent section; no same-cell claim
Stroma	Nonresponder	1538	1431	0.319297966363358	0.597171534484883	1.00111021598588	1025.3333846	954.0000477	0.6666667	Visium full-resolution coordinates scaled to released hires H&E	CODEX context is from a mapped adjacent section; no same-cell claim
Stroma	Nonresponder	1506	1525	0.304369409489841	0.580081754466239	0.456993338140084	1004.0000502	1016.6667175	0.6666667	Visium full-resolution coordinates scaled to released hires H&E	CODEX context is from a mapped adjacent section; no same-cell claim
Tumor	Nonresponder	1830	1599	0.205769355923691	0.305897048967475	0.212678745682874	1220.000061	1066.0000533	0.6666667	Visium full-resolution coordinates scaled to released hires H&E	CODEX context is from a mapped adjacent section; no same-cell claim
Stroma	Nonresponder	1474	1731	0.673381888594414	1.55922548411564	1.42192328702989	982.6667158	1154.0000577	0.6666667	Visium full-resolution coordinates scaled to released hires H&E	CODEX context is from a mapped adjacent section; no same-cell claim
Stroma	Nonresponder	1483	1338	0.156805390589448	0.274409433531534	0.250720330977295	988.6667161	892.0000446	0.6666667	Visium full-resolution coordinates scaled to released hires H&E	CODEX context is from a mapped adjacent section; no same-cell claim
Stroma	Nonresponder	1430	1656	0.347105615986823	0.672707255111555	1.08261026565403	953.333381	1104.0000552	0.6666667	Visium full-resolution coordinates scaled to released hires H&E	CODEX context is from a mapped adjacent section; no same-cell claim
Tumor	Nonresponder	1819	1580	0.212914487692405	0.233431410887451	0.611931818234351	1212.6667273	1053.333386	0.6666667	Visium full-resolution coordinates scaled to released hires H&E	CODEX context is from a mapped adjacent section; no same-cell claim
Tumor	Nonresponder	1311	1451	0.163578833475598	0.211241366949246	0.0660426954131	874.0000437	967.3333817	0.6666667	Visium full-resolution coordinates scaled to released hires H&E	CODEX context is from a mapped adjacent section; no same-cell claim
NA	Nonresponder	1841	1468	0.226357196352907	0.301344570560205	0.515564948045368	1227.3333947	978.6667156	0.6666667	Visium full-resolution coordinates scaled to released hires H&E	CODEX context is from a mapped adjacent section; no same-cell claim
Tumor	Nonresponder	1819	1468	0.247606762436696	0.406915627848829	0.357672511567377	1212.6667273	978.6667156	0.6666667	Visium full-resolution coordinates scaled to released hires H&E	CODEX context is from a mapped adjacent section; no same-cell claim
Tumor	Nonresponder	1159	1563	0.187432759658149	0.271995413564867	0.154413378413277	772.6667053	1042.0000521	0.6666667	Visium full-resolution coordinates scaled to released hires H&E	CODEX context is from a mapped adjacent section; no same-cell claim
NA	Nonresponder	1408	1357	0.105666121829818	0.340680470686516	-0.681621488856825	938.6667136	904.6667119	0.6666667	Visium full-resolution coordinates scaled to released hires H&E	CODEX context is from a mapped adjacent section; no same-cell claim
Stroma	Nonresponder	1494	1394	0.108869184920173	0.633147099425639	-1.67323154680301	996.0000498	929.3333798	0.6666667	Visium full-resolution coordinates scaled to released hires H&E	CODEX context is from a mapped adjacent section; no same-cell claim
Tumor	Nonresponder	1723	1749	0.211203016089469	0.349163848655069	0.12360016028619	1148.6667241	1166.0000583	0.6666667	Visium full-resolution coordinates scaled to released hires H&E	CODEX context is from a mapped adjacent section; no same-cell claim
Tumor	Nonresponder	1625	1543	0.187599036659741	0.560442162777833	-0.729901035187748	1083.3333875	1028.6667181	0.6666667	Visium full-resolution coordinates scaled to released hires H&E	CODEX context is from a mapped adjacent section; no same-cell claim
Stroma	Nonresponder	1235	1657	0.278565185946535	0.706258045254868	-0.281076116413254	823.3333745	1104.6667219	0.6666667	Visium full-resolution coordinates scaled to released hires H&E	CODEX context is from a mapped adjacent section; no same-cell claim
Tumor	Nonresponder	1733	1693	0.191440796334306	0.371828619218374	-0.280804925059173	1155.3333911	1128.6667231	0.6666667	Visium full-resolution coordinates scaled to released hires H&E	CODEX context is from a mapped adjacent section; no same-cell claim
Tumor	Nonresponder	1441	1525	0.199273094410515	0.434433296172254	-0.397142005255555	960.6667147	1016.6667175	0.6666667	Visium full-resolution coordinates scaled to released hires H&E	CODEX context is from a mapped adjacent section; no same-cell claim
Tumor	Nonresponder	1852	1561	0.255352478189169	0.411238086545991	0.428357491341709	1234.6667284	1040.6667187	0.6666667	Visium full-resolution coordinates scaled to released hires H&E	CODEX context is from a mapped adjacent section; no same-cell claim
Stroma	Nonresponder	1581	1356	0.139961495857161	0.163288411833355	0.63480787693382	1054.0000527	904.0000452	0.6666667	Visium full-resolution coordinates scaled to released hires H&E	CODEX context is from a mapped adjacent section; no same-cell claim
Tumor	Nonresponder	1700	1449	0.213968317567273	0.426424062635978	-0.185404005253958	1133.33339	966.0000483	0.6666667	Visium full-resolution coordinates scaled to released hires H&E	CODEX context is from a mapped adjacent section; no same-cell claim
Stroma	Nonresponder	1559	1431	0.456796399238967	1.13015827197039	0.406614849162286	1039.3333853	954.0000477	0.6666667	Visium full-resolution coordinates scaled to released hires H&E	CODEX context is from a mapped adjacent section; no same-cell claim
Out-of-bound	Nonresponder	1159	1526	0.280024529109877	0.38640397210143	0.895773204710259	772.6667053	1017.3333842	0.6666667	Visium full-resolution coordinates scaled to released hires H&E	CODEX context is from a mapped adjacent section; no same-cell claim
Tumor	Nonresponder	1582	1618	0.155523530247759	0.288157119821056	-0.322198153741472	1054.6667194	1078.6667206	0.6666667	Visium full-resolution coordinates scaled to released hires H&E	CODEX context is from a mapped adjacent section; no same-cell claim
Tumor	Nonresponder	1635	1525	0.182567454279492	0.388243750034408	-0.331232316118701	1090.0000545	1016.6667175	0.6666667	Visium full-resolution coordinates scaled to released hires H&E	CODEX context is from a mapped adjacent section; no same-cell claim
Tumor	Nonresponder	1754	1431	0.1690318119749	0.250075700462272	-0.0530065569972194	1169.3333918	954.0000477	0.6666667	Visium full-resolution coordinates scaled to released hires H&E	CODEX context is from a mapped adjacent section; no same-cell claim
Tumor	Nonresponder	1712	1693	0.206619459067047	0.482038911356552	-0.517895602713302	1141.3333904	1128.6667231	0.6666667	Visium full-resolution coordinates scaled to released hires H&E	CODEX context is from a mapped adjacent section; no same-cell claim
NA	Nonresponder	1571	1637	0.220592940372087	0.455307363396546	-0.0554579073977993	1047.3333857	1091.3333879	0.6666667	Visium full-resolution coordinates scaled to released hires H&E	CODEX context is from a mapped adjacent section; no same-cell claim
NA	Nonresponder	1721	1337	0	0.347049481043592	-1.35627449274071	1147.3333907	891.3333779	0.6666667	Visium full-resolution coordinates scaled to released hires H&E	CODEX context is from a mapped adjacent section; no same-cell claim
Stroma	Nonresponder	1463	1675	0.350047784863748	0.809437493186909	0.187621152954178	975.3333821	1116.6667225	0.6666667	Visium full-resolution coordinates scaled to released hires H&E	CODEX context is from a mapped adjacent section; no same-cell claim
Tumor	Nonresponder	1375	1450	0.230773927676481	0.292359151149256	0.622028395430042	916.6667125	966.666715	0.6666667	Visium full-resolution coordinates scaled to released hires H&E	CODEX context is from a mapped adjacent section; no same-cell claim
Tumor	Nonresponder	1625	1805	0.231579783332356	0.343928377702528	0.451786380786409	1083.3333875	1203.3333935	0.6666667	Visium full-resolution coordinates scaled to released hires H&E	CODEX context is from a mapped adjacent section; no same-cell claim
NA	Nonresponder	388	349	0	0	2.16483957736394	258.6666796	232.6666783	0.6666667	Visium full-resolution coordinates scaled to released hires H&E	CODEX context is from a mapped adjacent section; no same-cell claim
Stroma	Nonresponder	1548	1375	0.345348339053223	0.410775933935966	2.31362944598224	1032.0000516	916.6667125	0.6666667	Visium full-resolution coordinates scaled to released hires H&E	CODEX context is from a mapped adjacent section; no same-cell claim
Stroma	Nonresponder	1268	1638	0.201788550028464	0.404778142304446	0.226022707166687	845.3333756	1092.0000546	0.6666667	Visium full-resolution coordinates scaled to released hires H&E	CODEX context is from a mapped adjacent section; no same-cell claim
NA	Nonresponder	1711	1506	0.162802709075677	0.289668932496969	-0.126461001229256	1140.6667237	1004.0000502	0.6666667	Visium full-resolution coordinates scaled to released hires H&E	CODEX context is from a mapped adjacent section; no same-cell claim
NA	Nonresponder	1776	1393	0.183096407671205	0.310750541271317	-0.0405997937151207	1184.0000592	928.6667131	0.6666667	Visium full-resolution coordinates scaled to released hires H&E	CODEX context is from a mapped adjacent section; no same-cell claim
Tumor	Nonresponder	1657	1599	0.270475645879037	0.671807915053556	-0.0325263472399494	1104.6667219	1066.0000533	0.6666667	Visium full-resolution coordinates scaled to released hires H&E	CODEX context is from a mapped adjacent section; no same-cell claim
Stroma	Nonresponder	1516	1319	0.168882994472526	0.888226848907545	-1.89869950679932	1010.6667172	879.3333773	0.6666667	Visium full-resolution coordinates scaled to released hires H&E	CODEX context is from a mapped adjacent section; no same-cell claim
Out-of-bound	Nonresponder	1732	1393	0.208211509199813	0.563053374390625	-0.795800814760689	1154.6667244	928.6667131	0.6666667	Visium full-resolution coordinates scaled to released hires H&E	CODEX context is from a mapped adjacent section; no same-cell claim
NA	Nonresponder	1570	1263	0	0	0.676026236149365	1046.666719	842.0000421	0.6666667	Visium full-resolution coordinates scaled to released hires H&E	CODEX context is from a mapped adjacent section; no same-cell claim
Tumor	Nonresponder	1647	1768	0.284767290510768	0.455004780428049	0.661515528327882	1098.0000549	1178.6667256	0.6666667	Visium full-resolution coordinates scaled to released hires H&E	CODEX context is from a mapped adjacent section; no same-cell claim
Tumor	Nonresponder	1766	1674	0.173775217819175	0.347617126751728	-0.41850748621032	1177.3333922	1116.0000558	0.6666667	Visium full-resolution coordinates scaled to released hires H&E	CODEX context is from a mapped adjacent section; no same-cell claim
Adj. liver	Nonresponder	1397	1413	0.172161129664841	0.452860289714012	-0.668667802514289	931.3333799	942.0000471	0.6666667	Visium full-resolution coordinates scaled to released hires H&E	CODEX context is from a mapped adjacent section; no same-cell claim
Stroma	Nonresponder	1538	1394	0.10361892413384	0.461015563324595	-1.0671128935778	1025.3333846	929.3333798	0.6666667	Visium full-resolution coordinates scaled to released hires H&E	CODEX context is from a mapped adjacent section; no same-cell claim
Stroma	Nonresponder	1430	1768	0.570589086011424	1.48348178732082	0.326334291371203	953.333381	1178.6667256	0.6666667	Visium full-resolution coordinates scaled to released hires H&E	CODEX context is from a mapped adjacent section; no same-cell claim
Stroma	Nonresponder	1376	1638	0.107098153611067	0.374843537638734	-0.570800319690595	917.3333792	1092.0000546	0.6666667	Visium full-resolution coordinates scaled to released hires H&E	CODEX context is from a mapped adjacent section; no same-cell claim
NA	Nonresponder	1678	1375	0.13626651090112	0.749890252844927	-1.74072152778543	1118.6667226	916.6667125	0.6666667	Visium full-resolution coordinates scaled to released hires H&E	CODEX context is from a mapped adjacent section; no same-cell claim
NA	Nonresponder	1494	1319	0	0	-0.196328452346553	996.0000498	879.3333773	0.6666667	Visium full-resolution coordinates scaled to released hires H&E	CODEX context is from a mapped adjacent section; no same-cell claim
NA	Nonresponder	1321	1394	0.100331247744016	0.169514015328503	-0.0398435730182921	880.6667107	929.3333798	0.6666667	Visium full-resolution coordinates scaled to released hires H&E	CODEX context is from a mapped adjacent section; no same-cell claim
Stroma	Nonresponder	1462	1375	0.267313360525506	0.305337491140641	1.60933068877714	974.6667154	916.6667125	0.6666667	Visium full-resolution coordinates scaled to released hires H&E	CODEX context is from a mapped adjacent section; no same-cell claim
NA	Nonresponder	1841	1430	0.207762978399253	0.316600232424076	0.213214811849936	1227.3333947	953.333381	0.6666667	Visium full-resolution coordinates scaled to released hires H&E	CODEX context is from a mapped adjacent section; no same-cell claim
Stroma	Nonresponder	1570	1375	0.307927271262231	0.438817369981587	1.62261979870279	1046.666719	916.6667125	0.6666667	Visium full-resolution coordinates scaled to released hires H&E	CODEX context is from a mapped adjacent section; no same-cell claim
Tumor	Nonresponder	1343	1432	0.253827548850281	0.613201934323581	-0.412289771145237	895.3333781	954.6667144	0.6666667	Visium full-resolution coordinates scaled to released hires H&E	CODEX context is from a mapped adjacent section; no same-cell claim
NA	Nonresponder	1787	1412	0.195657536547633	0.28269987887834	0.207818176004793	1191.3333929	941.3333804	0.6666667	Visium full-resolution coordinates scaled to released hires H&E	CODEX context is from a mapped adjacent section; no same-cell claim
NA	Nonresponder	1235	1395	0.105020778866483	0.337930344139852	-1.00573019775832	823.3333745	930.0000465	0.6666667	Visium full-resolution coordinates scaled to released hires H&E	CODEX context is from a mapped adjacent section; no same-cell claim
Tumor	Nonresponder	1625	1768	0.175637414609125	0.359827123262846	-0.431437497812553	1083.3333875	1178.6667256	0.6666667	Visium full-resolution coordinates scaled to released hires H&E	CODEX context is from a mapped adjacent section; no same-cell claim
Tumor	Nonresponder	1592	1562	0.250108161274898	0.623944871821778	-0.533441182014313	1061.3333864	1041.3333854	0.6666667	Visium full-resolution coordinates scaled to released hires H&E	CODEX context is from a mapped adjacent section; no same-cell claim
Tumor	Nonresponder	1203	1601	0.26684100326125	0.563088094017057	-0.0526398596980401	802.0000401	1067.3333867	0.6666667	Visium full-resolution coordinates scaled to released hires H&E	CODEX context is from a mapped adjacent section; no same-cell claim
Tumor	Nonresponder	1743	1449	0.181216295672042	0.330357227453252	-0.233004512322345	1162.0000581	966.0000483	0.6666667	Visium full-resolution coordinates scaled to released hires H&E	CODEX context is from a mapped adjacent section; no same-cell claim
Tumor	Nonresponder	1819	1505	0.199199200572503	0.392772482781494	-0.234820157146651	1212.6667273	1003.3333835	0.6666667	Visium full-resolution coordinates scaled to released hires H&E	CODEX context is from a mapped adjacent section; no same-cell claim
NA	Nonresponder	1625	1618	0.201405549870845	0.336335332379394	0.10763958110955	1083.3333875	1078.6667206	0.6666667	Visium full-resolution coordinates scaled to released hires H&E	CODEX context is from a mapped adjacent section; no same-cell claim
Tumor	Nonresponder	1289	1413	0.151193009009631	0.132717065946437	0.235322474187539	859.3333763	942.0000471	0.6666667	Visium full-resolution coordinates scaled to released hires H&E	CODEX context is from a mapped adjacent section; no same-cell claim
Tumor	Nonresponder	1614	1749	0.186790694762987	0.232723372535206	0.254049179535915	1076.0000538	1166.0000583	0.6666667	Visium full-resolution coordinates scaled to released hires H&E	CODEX context is from a mapped adjacent section; no same-cell claim
Stroma	Nonresponder	1603	1431	0.599286382598172	1.33150360370108	1.28846300378832	1068.6667201	954.0000477	0.6666667	Visium full-resolution coordinates scaled to released hires H&E	CODEX context is from a mapped adjacent section; no same-cell claim
Tumor	Nonresponder	1246	1413	0.168209200003888	0.185976958092504	0.245600123891122	830.6667082	942.0000471	0.6666667	Visium full-resolution coordinates scaled to released hires H&E	CODEX context is from a mapped adjacent section; no same-cell claim
NA	Nonresponder	1289	1376	0	0.307644534511495	-1.82719755425261	859.3333763	917.3333792	0.6666667	Visium full-resolution coordinates scaled to released hires H&E	CODEX context is from a mapped adjacent section; no same-cell claim
Adj. liver	Nonresponder	1419	1375	0.421897513950901	0.740082864997474	1.48849742598755	946.0000473	916.6667125	0.6666667	Visium full-resolution coordinates scaled to released hires H&E	CODEX context is from a mapped adjacent section; no same-cell claim
Tumor	Nonresponder	1722	1637	0.132787813350637	0.267147004606311	-0.619189641426996	1148.0000574	1091.3333879	0.6666667	Visium full-resolution coordinates scaled to released hires H&E	CODEX context is from a mapped adjacent section; no same-cell claim
Tumor	Nonresponder	1701	1712	0.225782308109658	0.406985848930234	0.0461327172859063	1134.0000567	1141.3333904	0.6666667	Visium full-resolution coordinates scaled to released hires H&E	CODEX context is from a mapped adjacent section; no same-cell claim
Stroma	Nonresponder	1559	1468	0.370443241315005	1.13936923708764	-0.809209206790792	1039.3333853	978.6667156	0.6666667	Visium full-resolution coordinates scaled to released hires H&E	CODEX context is from a mapped adjacent section; no same-cell claim
Tumor	Nonresponder	1787	1562	0.206669795049183	0.310150235352227	0.215750384844384	1191.3333929	1041.3333854	0.6666667	Visium full-resolution coordinates scaled to released hires H&E	CODEX context is from a mapped adjacent section; no same-cell claim
NA	Nonresponder	1527	1637	0.121456091393162	0.188666466426019	-0.168717154570506	1018.0000509	1091.3333879	0.6666667	Visium full-resolution coordinates scaled to released hires H&E	CODEX context is from a mapped adjacent section; no same-cell claim
Tumor	Nonresponder	1235	1432	0.17736300563338	0.324102064209332	-0.223968654228979	823.3333745	954.6667144	0.6666667	Visium full-resolution coordinates scaled to released hires H&E	CODEX context is from a mapped adjacent section; no same-cell claim
NA	Nonresponder	1700	1524	0.123949624437022	0.273986671873953	-0.377065620946522	1133.33339	1016.0000508	0.6666667	Visium full-resolution coordinates scaled to released hires H&E	CODEX context is from a mapped adjacent section; no same-cell claim
Stroma	Nonresponder	1290	1713	0.193489601382203	0.576008891271622	-1.02926218561038	860.000043	1142.0000571	0.6666667	Visium full-resolution coordinates scaled to released hires H&E	CODEX context is from a mapped adjacent section; no same-cell claim
Tumor	Nonresponder	1678	1450	0.24452475629678	0.484814503348312	-0.00910252385080661	1118.6667226	966.666715	0.6666667	Visium full-resolution coordinates scaled to released hires H&E	CODEX context is from a mapped adjacent section; no same-cell claim
Stroma	Nonresponder	1830	1449	0.202248228861985	0.24828835646126	0.414099790399531	1220.000061	966.0000483	0.6666667	Visium full-resolution coordinates scaled to released hires H&E	CODEX context is from a mapped adjacent section; no same-cell claim
NA	Nonresponder	1299	1357	0.0848459547259631	0	1.12149643827293	866.0000433	904.6667119	0.6666667	Visium full-resolution coordinates scaled to released hires H&E	CODEX context is from a mapped adjacent section; no same-cell claim
Tumor	Nonresponder	1733	1730	0.212050765064198	0.303371365515173	0.305242319239864	1155.3333911	1153.333391	0.6666667	Visium full-resolution coordinates scaled to released hires H&E	CODEX context is from a mapped adjacent section; no same-cell claim
Tumor	Nonresponder	1657	1524	0.159043709736495	0.405616206827052	-0.681845749510374	1104.6667219	1016.0000508	0.6666667	Visium full-resolution coordinates scaled to released hires H&E	CODEX context is from a mapped adjacent section; no same-cell claim
Tumor	Nonresponder	1528	1675	0.178209670401506	0.314766733101959	-0.176358702203811	1018.6667176	1116.6667225	0.6666667	Visium full-resolution coordinates scaled to released hires H&E	CODEX context is from a mapped adjacent section; no same-cell claim
Tumor	Nonresponder	1452	1619	0.216523872966234	0.420173393289829	-0.098948471860796	968.0000484	1079.3333873	0.6666667	Visium full-resolution coordinates scaled to released hires H&E	CODEX context is from a mapped adjacent section; no same-cell claim
NA	Nonresponder	1732	1356	0	0.618846198133139	-3.00166256908065	1154.6667244	904.0000452	0.6666667	Visium full-resolution coordinates scaled to released hires H&E	CODEX context is from a mapped adjacent section; no same-cell claim
Stroma	Nonresponder	1441	1712	0.429535212137527	1.43760307797045	-1.36776639572433	960.6667147	1141.3333904	0.6666667	Visium full-resolution coordinates scaled to released hires H&E	CODEX context is from a mapped adjacent section; no same-cell claim
Tumor	Nonresponder	1830	1636	0.2090679402524	0.320563258447432	0.196967516366786	1220.000061	1090.6667212	0.6666667	Visium full-resolution coordinates scaled to released hires H&E	CODEX context is from a mapped adjacent section; no same-cell claim
Stroma	Nonresponder	1657	1450	0.340268825871669	0.753869919262712	0.169456872126949	1104.6667219	966.666715	0.6666667	Visium full-resolution coordinates scaled to released hires H&E	CODEX context is from a mapped adjacent section; no same-cell claim
Tumor	Nonresponder	1646	1543	0.250337829231381	0.48647527201043	0.504598214647358	1097.3333882	1028.6667181	0.6666667	Visium full-resolution coordinates scaled to released hires H&E	CODEX context is from a mapped adjacent section; no same-cell claim
Stroma	Nonresponder	1505	1487	0.288534886303213	0.601617404179597	0.346317338222001	1003.3333835	991.3333829	0.6666667	Visium full-resolution coordinates scaled to released hires H&E	CODEX context is from a mapped adjacent section; no same-cell claim
Stroma	Nonresponder	1613	1412	0.391931888262991	1.23040216525265	-0.948047009806965	1075.3333871	941.3333804	0.6666667	Visium full-resolution coordinates scaled to released hires H&E	CODEX context is from a mapped adjacent section; no same-cell claim
NA	Nonresponder	1711	1580	0.168525309614656	0.352081007664187	0.209475697941579	1140.6667237	1053.333386	0.6666667	Visium full-resolution coordinates scaled to released hires H&E	CODEX context is from a mapped adjacent section; no same-cell claim
Tumor	Nonresponder	1192	1544	0.211957679167977	0.335413516613626	0.174126554666939	794.6667064	1029.3333848	0.6666667	Visium full-resolution coordinates scaled to released hires H&E	CODEX context is from a mapped adjacent section; no same-cell claim
Tumor	Nonresponder	1582	1768	0.203079897581175	0.386391960685571	-0.164167574935042	1054.6667194	1178.6667256	0.6666667	Visium full-resolution coordinates scaled to released hires H&E	CODEX context is from a mapped adjacent section; no same-cell claim
Tumor	Nonresponder	1192	1469	0.206799596821575	0.41321530856289	-0.219559260683145	794.6667064	979.3333823	0.6666667	Visium full-resolution coordinates scaled to released hires H&E	CODEX context is from a mapped adjacent section; no same-cell claim
Tumor	Nonresponder	1776	1580	0.163323978019323	0.279186694305142	-0.231871934859532	1184.0000592	1053.333386	0.6666667	Visium full-resolution coordinates scaled to released hires H&E	CODEX context is from a mapped adjacent section; no same-cell claim
Tumor	Nonresponder	1776	1505	0.220315772217181	0.355201119019977	0.2053462806125	1184.0000592	1003.3333835	0.6666667	Visium full-resolution coordinates scaled to released hires H&E	CODEX context is from a mapped adjacent section; no same-cell claim
Tumor	Nonresponder	1408	1506	0.212225946185495	0.350319701731313	0.155704181988578	938.6667136	1004.0000502	0.6666667	Visium full-resolution coordinates scaled to released hires H&E	CODEX context is from a mapped adjacent section; no same-cell claim
Stroma	Nonresponder	1322	1656	0	0.412835851590068	-2.3348511517001	881.3333774	1104.0000552	0.6666667	Visium full-resolution coordinates scaled to released hires H&E	CODEX context is from a mapped adjacent section; no same-cell claim
Tumor	Nonresponder	1647	1693	0.185207517153867	0.274401700869522	0.0742683251081094	1098.0000549	1128.6667231	0.6666667	Visium full-resolution coordinates scaled to released hires H&E	CODEX context is from a mapped adjacent section; no same-cell claim
Tumor	Nonresponder	1787	1674	0.214611053178877	0.285272090444782	0.42214245516328	1191.3333929	1116.0000558	0.6666667	Visium full-resolution coordinates scaled to released hires H&E	CODEX context is from a mapped adjacent section; no same-cell claim
Tumor	Nonresponder	1679	1749	0.308410236128941	0.694245546397967	-0.0279955228152061	1119.3333893	1166.0000583	0.6666667	Visium full-resolution coordinates scaled to released hires H&E	CODEX context is from a mapped adjacent section; no same-cell claim
Tumor	Nonresponder	1343	1507	0.181773460682073	0.353460479923804	-0.30478080272989	895.3333781	1004.6667169	0.6666667	Visium full-resolution coordinates scaled to released hires H&E	CODEX context is from a mapped adjacent section; no same-cell claim
Stroma	Nonresponder	1743	1487	0.262748413833893	0.418886780623056	0.586358651989177	1162.0000581	991.3333829	0.6666667	Visium full-resolution coordinates scaled to released hires H&E	CODEX context is from a mapped adjacent section; no same-cell claim
Stroma	Nonresponder	1484	1450	0.44558629882756	1.05401099440302	0.671905288833253	989.3333828	966.666715	0.6666667	Visium full-resolution coordinates scaled to released hires H&E	CODEX context is from a mapped adjacent section; no same-cell claim
Stroma	Nonresponder	1592	1450	0.757264282244295	1.41522604014767	3.09681538217173	1061.3333864	966.666715	0.6666667	Visium full-resolution coordinates scaled to released hires H&E	CODEX context is from a mapped adjacent section; no same-cell claim
NA	Nonresponder	1279	1731	0.433931506523938	0.829713209988286	1.15371925263059	852.6667093	1154.0000577	0.6666667	Visium full-resolution coordinates scaled to released hires H&E	CODEX context is from a mapped adjacent section; no same-cell claim
Tumor	Nonresponder	1257	1507	0.30861019657554	0.557325858387865	0.720029019892141	838.0000419	1004.6667169	0.6666667	Visium full-resolution coordinates scaled to released hires H&E	CODEX context is from a mapped adjacent section; no same-cell claim
Stroma	Nonresponder	1624	1431	0.606910523081463	1.2195841919723	1.83274668646786	1082.6667208	954.0000477	0.6666667	Visium full-resolution coordinates scaled to released hires H&E	CODEX context is from a mapped adjacent section; no same-cell claim
Tumor	Nonresponder	1527	1525	0.270387837860433	0.76985537879633	-0.75340102668866	1018.0000509	1016.6667175	0.6666667	Visium full-resolution coordinates scaled to released hires H&E	CODEX context is from a mapped adjacent section; no same-cell claim
Tumor	Nonresponder	1625	1730	0.145912920592053	0.360780150121268	-0.869123664944171	1083.3333875	1153.333391	0.6666667	Visium full-resolution coordinates scaled to released hires H&E	CODEX context is from a mapped adjacent section; no same-cell claim
NA	Nonresponder	1776	1356	0.211375872773517	0	2.60793150115813	1184.0000592	904.0000452	0.6666667	Visium full-resolution coordinates scaled to released hires H&E	CODEX context is from a mapped adjacent section; no same-cell claim
Stroma	Nonresponder	1376	1675	0.104283940015594	0.628392359415844	-2.16844323290675	917.3333792	1116.6667225	0.6666667	Visium full-resolution coordinates scaled to released hires H&E	CODEX context is from a mapped adjacent section; no same-cell claim
NA	Nonresponder	1754	1356	0.0646833129095683	0	0.560668546196272	1169.3333918	904.0000452	0.6666667	Visium full-resolution coordinates scaled to released hires H&E	CODEX context is from a mapped adjacent section; no same-cell claim
Stroma	Nonresponder	1257	1656	0.256083435426068	0.775772179956233	-0.684527724168943	838.0000419	1104.0000552	0.6666667	Visium full-resolution coordinates scaled to released hires H&E	CODEX context is from a mapped adjacent section; no same-cell claim
Stroma	Nonresponder	1516	1394	0.058631537497501	0.306118201441153	-0.908080830574316	1010.6667172	929.3333798	0.6666667	Visium full-resolution coordinates scaled to released hires H&E	CODEX context is from a mapped adjacent section; no same-cell claim
Tumor	Nonresponder	1809	1599	0.218581488034868	0.348850984761583	0.197703120742915	1206.0000603	1066.0000533	0.6666667	Visium full-resolution coordinates scaled to released hires H&E	CODEX context is from a mapped adjacent section; no same-cell claim
Stroma	Nonresponder	1430	1731	0.630594635026554	1.25689609741636	2.08127480330907	953.333381	1154.0000577	0.6666667	Visium full-resolution coordinates scaled to released hires H&E	CODEX context is from a mapped adjacent section; no same-cell claim
Tumor	Nonresponder	1256	1432	0.14496399408809	0.171762192988127	-0.0194007212421453	837.3333752	954.6667144	0.6666667	Visium full-resolution coordinates scaled to released hires H&E	CODEX context is from a mapped adjacent section; no same-cell claim
Tumor	Nonresponder	1744	1711	0.30256914538492	0.5142691333953	0.610409658216014	1162.6667248	1140.6667237	0.6666667	Visium full-resolution coordinates scaled to released hires H&E	CODEX context is from a mapped adjacent section; no same-cell claim
Tumor	Nonresponder	1625	1655	0.241975075020866	0.429603974170853	0.194169890940266	1083.3333875	1103.3333885	0.6666667	Visium full-resolution coordinates scaled to released hires H&E	CODEX context is from a mapped adjacent section; no same-cell claim
Tumor	Nonresponder	1376	1563	0.179897806940681	0.283890293584597	-0.0378896622845991	917.3333792	1042.0000521	0.6666667	Visium full-resolution coordinates scaled to released hires H&E	CODEX context is from a mapped adjacent section; no same-cell claim
NA	Nonresponder	1526	1263	0	0	0.747557592005114	1017.3333842	842.0000421	0.6666667	Visium full-resolution coordinates scaled to released hires H&E	CODEX context is from a mapped adjacent section; no same-cell claim
Tumor	Nonresponder	1538	1618	0.128655436201669	0.269932042492348	-0.555076518836416	1025.3333846	1078.6667206	0.6666667	Visium full-resolution coordinates scaled to released hires H&E	CODEX context is from a mapped adjacent section; no same-cell claim
NA	Nonresponder	1656	1337	0.111239683596664	0	1.75542848597987	1104.0000552	891.3333779	0.6666667	Visium full-resolution coordinates scaled to released hires H&E	CODEX context is from a mapped adjacent section; no same-cell claim
Tumor	Nonresponder	1657	1637	0.171524588182286	0.549945999858878	-1.26761405597529	1104.6667219	1091.3333879	0.6666667	Visium full-resolution coordinates scaled to released hires H&E	CODEX context is from a mapped adjacent section; no same-cell claim
NA	Nonresponder	1343	1357	0	0.355243826312207	-1.32372593692632	895.3333781	904.6667119	0.6666667	Visium full-resolution coordinates scaled to released hires H&E	CODEX context is from a mapped adjacent section; no same-cell claim
Tumor	Nonresponder	1419	1600	0.232345575943009	0.519085793696503	-0.304985531734625	946.0000473	1066.66672	0.6666667	Visium full-resolution coordinates scaled to released hires H&E	CODEX context is from a mapped adjacent section; no same-cell claim
Adj. liver	Nonresponder	1419	1450	0.217843930576667	0.423968143185141	0.0180418537598549	946.0000473	966.666715	0.6666667	Visium full-resolution coordinates scaled to released hires H&E	CODEX context is from a mapped adjacent section; no same-cell claim
Tumor	Nonresponder	1484	1675	0.22114813911236	0.580868747686921	-0.657114645817863	989.3333828	1116.6667225	0.6666667	Visium full-resolution coordinates scaled to released hires H&E	CODEX context is from a mapped adjacent section; no same-cell claim
Out-of-bound	Nonresponder	1852	1599	0.208698782794567	0.305154711720591	0.267272032810006	1234.6667284	1066.0000533	0.6666667	Visium full-resolution coordinates scaled to released hires H&E	CODEX context is from a mapped adjacent section; no same-cell claim
Tumor	Nonresponder	1690	1618	0.228566385903352	0.559457855793015	-0.49263160103866	1126.666723	1078.6667206	0.6666667	Visium full-resolution coordinates scaled to released hires H&E	CODEX context is from a mapped adjacent section; no same-cell claim
NA	Nonresponder	1689	1356	0.0774209090242361	0.697418796240216	-2.06120446960684	1126.0000563	904.0000452	0.6666667	Visium full-resolution coordinates scaled to released hires H&E	CODEX context is from a mapped adjacent section; no same-cell claim
NA	Nonresponder	1592	1637	0.251752824461102	0.623855368545863	-0.378257972545004	1061.3333864	1091.3333879	0.6666667	Visium full-resolution coordinates scaled to released hires H&E	CODEX context is from a mapped adjacent section; no same-cell claim
Tumor	Nonresponder	1863	1505	0.225980522144952	0.239550102505556	0.793799596664783	1242.0000621	1003.3333835	0.6666667	Visium full-resolution coordinates scaled to released hires H&E	CODEX context is from a mapped adjacent section; no same-cell claim
Stroma	Nonresponder	1602	1356	0.111450319023443	0.733979418135281	-1.94312127451533	1068.0000534	904.0000452	0.6666667	Visium full-resolution coordinates scaled to released hires H&E	CODEX context is from a mapped adjacent section; no same-cell claim
Tumor	Nonresponder	1776	1618	0.211404749784807	0.277024665535344	0.421530661346517	1184.0000592	1078.6667206	0.6666667	Visium full-resolution coordinates scaled to released hires H&E	CODEX context is from a mapped adjacent section; no same-cell claim
Tumor	Nonresponder	1538	1581	0.13930191613058	0.315110500054287	-0.700252386109391	1025.3333846	1054.0000527	0.6666667	Visium full-resolution coordinates scaled to released hires H&E	CODEX context is from a mapped adjacent section; no same-cell claim
Tumor	Nonresponder	1809	1561	0.253575601341936	0.365120730845359	0.623543167353497	1206.0000603	1040.6667187	0.6666667	Visium full-resolution coordinates scaled to released hires H&E	CODEX context is from a mapped adjacent section; no same-cell claim
Stroma	Nonresponder	1495	1506	0.239423148749729	0.689635177082457	-0.713502202218777	996.6667165	1004.0000502	0.6666667	Visium full-resolution coordinates scaled to released hires H&E	CODEX context is from a mapped adjacent section; no same-cell claim
Stroma	Nonresponder	1290	1675	0.127079544233357	0.546219090272918	-1.52538361285102	860.000043	1116.6667225	0.6666667	Visium full-resolution coordinates scaled to released hires H&E	CODEX context is from a mapped adjacent section; no same-cell claim
NA	Nonresponder	1700	1599	0.204802882836012	0.575676674547736	-0.704738845417587	1133.33339	1066.0000533	0.6666667	Visium full-resolution coordinates scaled to released hires H&E	CODEX context is from a mapped adjacent section; no same-cell claim
NA	Nonresponder	1440	1300	0	0.871144429357429	-3.256191009569	960.000048	866.66671	0.6666667	Visium full-resolution coordinates scaled to released hires H&E	CODEX context is from a mapped adjacent section; no same-cell claim
Tumor	Nonresponder	1722	1487	0.200848923237909	0.368165514926882	-0.0942641222118368	1148.0000574	991.3333829	0.6666667	Visium full-resolution coordinates scaled to released hires H&E	CODEX context is from a mapped adjacent section; no same-cell claim
Tumor	Nonresponder	1452	1581	0.201394520606614	0.340958967321286	0.0150733692996332	968.0000484	1054.0000527	0.6666667	Visium full-resolution coordinates scaled to released hires H&E	CODEX context is from a mapped adjacent section; no same-cell claim
Tumor	Nonresponder	1202	1488	0.201654169145854	0.407011842507903	-0.246741976723321	801.3333734	992.0000496	0.6666667	Visium full-resolution coordinates scaled to released hires H&E	CODEX context is from a mapped adjacent section; no same-cell claim
NA	Nonresponder	1354	1413	0.23195750355362	0.194221214133543	1.34347015765755	902.6667118	942.0000471	0.6666667	Visium full-resolution coordinates scaled to released hires H&E	CODEX context is from a mapped adjacent section; no same-cell claim
Stroma	Nonresponder	1537	1319	0.16772804988869	0.146762043652604	0.998888396039087	1024.6667179	879.3333773	0.6666667	Visium full-resolution coordinates scaled to released hires H&E	CODEX context is from a mapped adjacent section; no same-cell claim
Stroma	Nonresponder	1365	1656	0.0668791761819921	0.63029093426744	-2.58765461654759	910.0000455	1104.0000552	0.6666667	Visium full-resolution coordinates scaled to released hires H&E	CODEX context is from a mapped adjacent section; no same-cell claim
Stroma	Nonresponder	1560	1506	0.470732074436355	0.806587885937366	2.02299792881306	1040.000052	1004.0000502	0.6666667	Visium full-resolution coordinates scaled to released hires H&E	CODEX context is from a mapped adjacent section; no same-cell claim
Stroma	Nonresponder	1225	1638	0.109542334320408	0.191699085060715	0.228297487946851	816.6667075	1092.0000546	0.6666667	Visium full-resolution coordinates scaled to released hires H&E	CODEX context is from a mapped adjacent section; no same-cell claim
Stroma	Nonresponder	1744	1524	0.231241061180343	0.257557141683048	0.80339993287223	1162.6667248	1016.0000508	0.6666667	Visium full-resolution coordinates scaled to released hires H&E	CODEX context is from a mapped adjacent section; no same-cell claim
Tumor	Nonresponder	1267	1413	0.145013602948798	0.221570242737162	-0.234233241162406	844.6667089	942.0000471	0.6666667	Visium full-resolution coordinates scaled to released hires H&E	CODEX context is from a mapped adjacent section; no same-cell claim
Tumor	Nonresponder	1408	1544	0.171987076258084	0.260982310115003	0.000855395572171066	938.6667136	1029.3333848	0.6666667	Visium full-resolution coordinates scaled to released hires H&E	CODEX context is from a mapped adjacent section; no same-cell claim
Stroma	Nonresponder	1581	1431	0.680407526875427	1.16480993777366	3.20248319562625	1054.0000527	954.0000477	0.6666667	Visium full-resolution coordinates scaled to released hires H&E	CODEX context is from a mapped adjacent section; no same-cell claim
NA	Nonresponder	1397	1338	0.0925446527368051	0.391241508541749	-0.366859794992758	931.3333799	892.0000446	0.6666667	Visium full-resolution coordinates scaled to released hires H&E	CODEX context is from a mapped adjacent section; no same-cell claim
Tumor	Nonresponder	1376	1525	0.43481404363364	0.58058161764746	2.13775907592165	917.3333792	1016.6667175	0.6666667	Visium full-resolution coordinates scaled to released hires H&E	CODEX context is from a mapped adjacent section; no same-cell claim
Tumor	Nonresponder	1614	1599	0.194696174208365	0.409826967097666	-0.353274299967637	1076.0000538	1066.0000533	0.6666667	Visium full-resolution coordinates scaled to released hires H&E	CODEX context is from a mapped adjacent section; no same-cell claim
NA	Nonresponder	1549	1637	0.21894268624385	0.332584834825184	0.625855983780302	1032.6667183	1091.3333879	0.6666667	Visium full-resolution coordinates scaled to released hires H&E	CODEX context is from a mapped adjacent section; no same-cell claim
NA	Nonresponder	1711	1356	0.0711154781410229	0.313980870009074	-0.589016895823961	1140.6667237	904.0000452	0.6666667	Visium full-resolution coordinates scaled to released hires H&E	CODEX context is from a mapped adjacent section; no same-cell claim
Tumor	Nonresponder	1733	1655	0.194497046506777	0.276904276636755	0.178291441732385	1155.3333911	1103.3333885	0.6666667	Visium full-resolution coordinates scaled to released hires H&E	CODEX context is from a mapped adjacent section; no same-cell claim
Tumor	Nonresponder	1506	1712	0.487986276241573	0.929276503740849	1.47244418268682	1004.0000502	1141.3333904	0.6666667	Visium full-resolution coordinates scaled to released hires H&E	CODEX context is from a mapped adjacent section; no same-cell claim
Tumor	Nonresponder	1517	1731	0.374763844467394	0.843284555019255	0.250657552741962	1011.3333839	1154.0000577	0.6666667	Visium full-resolution coordinates scaled to released hires H&E	CODEX context is from a mapped adjacent section; no same-cell claim
Tumor	Nonresponder	1246	1488	0.229269597901332	0.388713216281906	0.181249163306856	830.6667082	992.0000496	0.6666667	Visium full-resolution coordinates scaled to released hires H&E	CODEX context is from a mapped adjacent section; no same-cell claim
Tumor	Nonresponder	1690	1730	0.417717814622691	0.612249054721878	1.82359775732393	1126.666723	1153.333391	0.6666667	Visium full-resolution coordinates scaled to released hires H&E	CODEX context is from a mapped adjacent section; no same-cell claim
Tumor	Nonresponder	1701	1749	0.281143631151581	0.610049081647913	-0.00904972359665622	1134.0000567	1166.0000583	0.6666667	Visium full-resolution coordinates scaled to released hires H&E	CODEX context is from a mapped adjacent section; no same-cell claim
Stroma	Nonresponder	1452	1693	0.43483802143672	1.14221635286963	-0.0553979049592688	968.0000484	1128.6667231	0.6666667	Visium full-resolution coordinates scaled to released hires H&E	CODEX context is from a mapped adjacent section; no same-cell claim
NA	Nonresponder	1366	1769	0.293811339113063	0.58563817675872	0.26417202412712	910.6667122	1179.3333923	0.6666667	Visium full-resolution coordinates scaled to released hires H&E	CODEX context is from a mapped adjacent section; no same-cell claim
Tumor	Nonresponder	1732	1431	0.197853962964435	0.401276841309664	-0.30584188353595	1154.6667244	954.0000477	0.6666667	Visium full-resolution coordinates scaled to released hires H&E	CODEX context is from a mapped adjacent section; no same-cell claim
Tumor	Nonresponder	1766	1711	0.561780939853987	0.672757546994653	3.4786132866354	1177.3333922	1140.6667237	0.6666667	Visium full-resolution coordinates scaled to released hires H&E	CODEX context is from a mapped adjacent section; no same-cell claim
Tumor	Nonresponder	1213	1432	0.180114954575927	0.253855904718959	0.0971283092321046	808.6667071	954.6667144	0.6666667	Visium full-resolution coordinates scaled to released hires H&E	CODEX context is from a mapped adjacent section; no same-cell claim
Adj. liver	Nonresponder	1419	1488	0.218510846617974	0.574683760595118	-0.624350265854925	946.0000473	992.0000496	0.6666667	Visium full-resolution coordinates scaled to released hires H&E	CODEX context is from a mapped adjacent section; no same-cell claim
NA	Nonresponder	1289	1638	0.0964992053816193	0.61764190404178	-1.93576066228947	859.3333763	1092.0000546	0.6666667	Visium full-resolution coordinates scaled to released hires H&E	CODEX context is from a mapped adjacent section; no same-cell claim
Tumor	Nonresponder	1397	1563	0.148020402790239	0.231541965510093	-0.229412545680279	931.3333799	1042.0000521	0.6666667	Visium full-resolution coordinates scaled to released hires H&E	CODEX context is from a mapped adjacent section; no same-cell claim
NA	Nonresponder	1690	1543	0.113592260183907	0.329163192981423	-0.608005625375102	1126.666723	1028.6667181	0.6666667	Visium full-resolution coordinates scaled to released hires H&E	CODEX context is from a mapped adjacent section; no same-cell claim
NA	Nonresponder	1235	1357	0	0.345107746419561	-1.55321707811267	823.3333745	904.6667119	0.6666667	Visium full-resolution coordinates scaled to released hires H&E	CODEX context is from a mapped adjacent section; no same-cell claim
Tumor	Nonresponder	1570	1525	0.249292670255573	0.514119392091004	0.00668594449204065	1046.666719	1016.6667175	0.6666667	Visium full-resolution coordinates scaled to released hires H&E	CODEX context is from a mapped adjacent section; no same-cell claim
Tumor	Nonresponder	1787	1599	0.222318461743262	0.299381044246413	0.498407547331111	1191.3333929	1066.0000533	0.6666667	Visium full-resolution coordinates scaled to released hires H&E	CODEX context is from a mapped adjacent section; no same-cell claim
Stroma	Nonresponder	1679	1524	0.223633900976898	0.240904948737154	0.852838752864598	1119.3333893	1016.0000508	0.6666667	Visium full-resolution coordinates scaled to released hires H&E	CODEX context is from a mapped adjacent section; no same-cell claim
Tumor	Nonresponder	1484	1600	0.166779865087061	0.247044659873309	-0.0368869366848448	989.3333828	1066.66672	0.6666667	Visium full-resolution coordinates scaled to released hires H&E	CODEX context is from a mapped adjacent section; no same-cell claim
Tumor	Nonresponder	1722	1449	0.162575467451059	0.244860268058308	-0.119809470538255	1148.0000574	966.0000483	0.6666667	Visium full-resolution coordinates scaled to released hires H&E	CODEX context is from a mapped adjacent section; no same-cell claim
Tumor	Nonresponder	1841	1617	0.173033175189197	0.321591199288505	-0.29684728558503	1227.3333947	1078.0000539	0.6666667	Visium full-resolution coordinates scaled to released hires H&E	CODEX context is from a mapped adjacent section; no same-cell claim
Tumor	Nonresponder	1722	1674	0.242517656403013	0.466618375946339	0.0637780300638304	1148.0000574	1116.0000558	0.6666667	Visium full-resolution coordinates scaled to released hires H&E	CODEX context is from a mapped adjacent section; no same-cell claim
Tumor	Nonresponder	1517	1581	0.132059968545743	0.307419829201911	-0.769964489778165	1011.3333839	1054.0000527	0.6666667	Visium full-resolution coordinates scaled to released hires H&E	CODEX context is from a mapped adjacent section; no same-cell claim
Stroma	Nonresponder	1516	1469	0.283922863090469	0.658584499173514	0.0701240494032521	1010.6667172	979.3333823	0.6666667	Visium full-resolution coordinates scaled to released hires H&E	CODEX context is from a mapped adjacent section; no same-cell claim
Stroma	Nonresponder	1581	1468	0.541400598975414	1.03244215445285	1.90387758791924	1054.0000527	978.6667156	0.6666667	Visium full-resolution coordinates scaled to released hires H&E	CODEX context is from a mapped adjacent section; no same-cell claim
NA	Nonresponder	1548	1300	0	0	0.0516791430506324	1032.0000516	866.66671	0.6666667	Visium full-resolution coordinates scaled to released hires H&E	CODEX context is from a mapped adjacent section; no same-cell claim
Stroma	Nonresponder	1624	1468	0.438854516951456	0.730395353999074	1.59051613125825	1082.6667208	978.6667156	0.6666667	Visium full-resolution coordinates scaled to released hires H&E	CODEX context is from a mapped adjacent section; no same-cell claim
NA	Nonresponder	1722	1562	0.185824059477671	0.469012201134321	0.00824626171699816	1148.0000574	1041.3333854	0.6666667	Visium full-resolution coordinates scaled to released hires H&E	CODEX context is from a mapped adjacent section; no same-cell claim
Tumor	Nonresponder	1808	1487	0.255769604175345	0.428249488935413	0.378718740805727	1205.3333936	991.3333829	0.6666667	Visium full-resolution coordinates scaled to released hires H&E	CODEX context is from a mapped adjacent section; no same-cell claim
Stroma	Nonresponder	1441	1488	0.189348114803972	0.697929371462061	-1.45061265918087	960.6667147	992.0000496	0.6666667	Visium full-resolution coordinates scaled to released hires H&E	CODEX context is from a mapped adjacent section; no same-cell claim
Tumor	Nonresponder	1527	1562	0.176303524969538	0.256337782540174	0.0547785058760468	1018.0000509	1041.3333854	0.6666667	Visium full-resolution coordinates scaled to released hires H&E	CODEX context is from a mapped adjacent section; no same-cell claim
Stroma	Nonresponder	1483	1375	0.148248704743525	0.57889901311397	-0.991265922003003	988.6667161	916.6667125	0.6666667	Visium full-resolution coordinates scaled to released hires H&E	CODEX context is from a mapped adjacent section; no same-cell claim
Stroma	Nonresponder	1506	1750	0.784362835052722	1.27637831197523	4.07417955271767	1004.0000502	1166.666725	0.6666667	Visium full-resolution coordinates scaled to released hires H&E	CODEX context is from a mapped adjacent section; no same-cell claim
Tumor	Nonresponder	1376	1488	0.195676205932566	0.31591834099501	0.0508973420413985	917.3333792	992.0000496	0.6666667	Visium full-resolution coordinates scaled to released hires H&E	CODEX context is from a mapped adjacent section; no same-cell claim
Tumor	Nonresponder	1473	1656	0.319353923770969	0.625117463434983	0.49512784465627	982.0000491	1104.0000552	0.6666667	Visium full-resolution coordinates scaled to released hires H&E	CODEX context is from a mapped adjacent section; no same-cell claim
Stroma	Nonresponder	1657	1412	0.327648165958648	0.620644602261619	0.821690034071606	1104.6667219	941.3333804	0.6666667	Visium full-resolution coordinates scaled to released hires H&E	CODEX context is from a mapped adjacent section; no same-cell claim
Tumor	Nonresponder	1776	1430	0.226487416412266	0.382884632846559	0.163086492425394	1184.0000592	953.333381	0.6666667	Visium full-resolution coordinates scaled to released hires H&E	CODEX context is from a mapped adjacent section; no same-cell claim
Adj. liver	Nonresponder	1462	1413	0.278296859830599	0.582090727536283	0.251946757914235	974.6667154	942.0000471	0.6666667	Visium full-resolution coordinates scaled to released hires H&E	CODEX context is from a mapped adjacent section; no same-cell claim
Stroma	Nonresponder	1646	1393	0.269585080486009	0.795663384072991	-0.548651480715725	1097.3333882	928.6667131	0.6666667	Visium full-resolution coordinates scaled to released hires H&E	CODEX context is from a mapped adjacent section; no same-cell claim
Tumor	Nonresponder	1332	1488	0.129692742196977	0.307147579748245	-0.814163518267177	888.0000444	992.0000496	0.6666667	Visium full-resolution coordinates scaled to released hires H&E	CODEX context is from a mapped adjacent section; no same-cell claim
NA	Nonresponder	1635	1300	0	0	0.593040984534316	1090.0000545	866.66671	0.6666667	Visium full-resolution coordinates scaled to released hires H&E	CODEX context is from a mapped adjacent section; no same-cell claim
Tumor	Nonresponder	1441	1563	0.219873825981002	0.375493646090112	0.137054060428776	960.6667147	1042.0000521	0.6666667	Visium full-resolution coordinates scaled to released hires H&E	CODEX context is from a mapped adjacent section; no same-cell claim
Tumor	Nonresponder	1603	1693	0.170602177677127	0.373748692657431	-0.555518999682018	1068.6667201	1128.6667231	0.6666667	Visium full-resolution coordinates scaled to released hires H&E	CODEX context is from a mapped adjacent section; no same-cell claim
Tumor	Nonresponder	1625	1581	0.208519080914853	0.710751414557919	-1.34800695568425	1083.3333875	1054.0000527	0.6666667	Visium full-resolution coordinates scaled to released hires H&E	CODEX context is from a mapped adjacent section; no same-cell claim
Tumor	Nonresponder	1679	1712	0.281574114914242	0.348518386268022	1.0664429957961	1119.3333893	1141.3333904	0.6666667	Visium full-resolution coordinates scaled to released hires H&E	CODEX context is from a mapped adjacent section; no same-cell claim
Tumor	Nonresponder	1214	1582	0.226833522843378	0.474938690815641	-0.2366111153153	809.3333738	1054.6667194	0.6666667	Visium full-resolution coordinates scaled to released hires H&E	CODEX context is from a mapped adjacent section; no same-cell claim
Tumor	Nonresponder	1495	1618	0.186984881470336	0.373687763409934	-0.300635951233337	996.6667165	1078.6667206	0.6666667	Visium full-resolution coordinates scaled to released hires H&E	CODEX context is from a mapped adjacent section; no same-cell claim
NA	Nonresponder	1278	1357	0.160039265532212	0	2.07088392070995	852.0000426	904.6667119	0.6666667	Visium full-resolution coordinates scaled to released hires H&E	CODEX context is from a mapped adjacent section; no same-cell claim
Stroma	Nonresponder	1516	1431	0.342433336212519	0.914221897061596	0.0518704512651015	1010.6667172	954.0000477	0.6666667	Visium full-resolution coordinates scaled to released hires H&E	CODEX context is from a mapped adjacent section; no same-cell claim
Tumor	Nonresponder	1755	1693	0.227668377540941	0.41176393554926	0.0414247843115647	1170.0000585	1128.6667231	0.6666667	Visium full-resolution coordinates scaled to released hires H&E	CODEX context is from a mapped adjacent section; no same-cell claim
Stroma	Nonresponder	1473	1506	0.304403073364869	0.770572195820378	-0.171153269174668	982.0000491	1004.0000502	0.6666667	Visium full-resolution coordinates scaled to released hires H&E	CODEX context is from a mapped adjacent section; no same-cell claim
NA	Nonresponder	1202	1413	0.127705384078658	0.304196375668383	-0.633040544611845	801.3333734	942.0000471	0.6666667	Visium full-resolution coordinates scaled to released hires H&E	CODEX context is from a mapped adjacent section; no same-cell claim
Tumor	Nonresponder	1354	1563	0.180058778243956	0.322181939608513	-0.191641908303747	902.6667118	1042.0000521	0.6666667	Visium full-resolution coordinates scaled to released hires H&E	CODEX context is from a mapped adjacent section; no same-cell claim
Stroma	Nonresponder	1613	1375	0.362376930577777	1.12596015943305	-0.719729426457126	1075.3333871	916.6667125	0.6666667	Visium full-resolution coordinates scaled to released hires H&E	CODEX context is from a mapped adjacent section; no same-cell claim
Stroma	Nonresponder	1451	1506	0.256375957236305	0.646898007368506	-0.450953970494282	967.3333817	1004.0000502	0.6666667	Visium full-resolution coordinates scaled to released hires H&E	CODEX context is from a mapped adjacent section; no same-cell claim
Tumor	Nonresponder	1571	1712	0.211217546461541	0.406100293943595	-0.155373889279651	1047.3333857	1141.3333904	0.6666667	Visium full-resolution coordinates scaled to released hires H&E	CODEX context is from a mapped adjacent section; no same-cell claim
NA	Nonresponder	1506	1637	0.189098018331378	0.305179181203742	0.160727435584503	1004.0000502	1091.3333879	0.6666667	Visium full-resolution coordinates scaled to released hires H&E	CODEX context is from a mapped adjacent section; no same-cell claim
Tumor	Nonresponder	1332	1450	0.176276565804724	0.374404024543176	-0.498304544426047	888.0000444	966.666715	0.6666667	Visium full-resolution coordinates scaled to released hires H&E	CODEX context is from a mapped adjacent section; no same-cell claim
Tumor	Nonresponder	1354	1488	0.282771029381834	0.421159923339074	0.786457365528343	902.6667118	992.0000496	0.6666667	Visium full-resolution coordinates scaled to released hires H&E	CODEX context is from a mapped adjacent section; no same-cell claim
NA	Nonresponder	1332	1413	0.149739291156499	0.356212650537699	-0.608154482894598	888.0000444	942.0000471	0.6666667	Visium full-resolution coordinates scaled to released hires H&E	CODEX context is from a mapped adjacent section; no same-cell claim
Tumor	Nonresponder	1322	1507	0.188492033174301	0.299866736362358	0.00516969523866123	881.3333774	1004.6667169	0.6666667	Visium full-resolution coordinates scaled to released hires H&E	CODEX context is from a mapped adjacent section; no same-cell claim
Stroma	Nonresponder	1463	1787	0.398308860238414	1.26543390289437	-1.09379646879911	975.3333821	1191.3333929	0.6666667	Visium full-resolution coordinates scaled to released hires H&E	CODEX context is from a mapped adjacent section; no same-cell claim
NA	Nonresponder	1667	1318	0	0	0.310390407094356	1111.3333889	878.6667106	0.6666667	Visium full-resolution coordinates scaled to released hires H&E	CODEX context is from a mapped adjacent section; no same-cell claim
Tumor	Nonresponder	1625	1693	0.181416462607554	0.307657758284797	-0.121130557751752	1083.3333875	1128.6667231	0.6666667	Visium full-resolution coordinates scaled to released hires H&E	CODEX context is from a mapped adjacent section; no same-cell claim
Stroma	Nonresponder	1485	1750	0.670532506066795	1.48731583936367	1.67709251553793	990.0000495	1166.666725	0.6666667	Visium full-resolution coordinates scaled to released hires H&E	CODEX context is from a mapped adjacent section; no same-cell claim
Tumor	Nonresponder	1495	1656	0.150821469028225	0.214943096430026	-0.128269145446196	996.6667165	1104.0000552	0.6666667	Visium full-resolution coordinates scaled to released hires H&E	CODEX context is from a mapped adjacent section; no same-cell claim
Stroma	Nonresponder	1398	1712	0.195535980727227	0.704312578322438	-1.39469735377733	932.0000466	1141.3333904	0.6666667	Visium full-resolution coordinates scaled to released hires H&E	CODEX context is from a mapped adjacent section; no same-cell claim
NA	Nonresponder	1322	1769	0.173989183336679	0.203901047281734	0.303969797103105	881.3333774	1179.3333923	0.6666667	Visium full-resolution coordinates scaled to released hires H&E	CODEX context is from a mapped adjacent section; no same-cell claim
NA	Nonresponder	1537	1281	0	0	0.304615943859002	1024.6667179	854.0000427	0.6666667	Visium full-resolution coordinates scaled to released hires H&E	CODEX context is from a mapped adjacent section; no same-cell claim
NA	Nonresponder	1624	1319	0	0	0.402514648890626	1082.6667208	879.3333773	0.6666667	Visium full-resolution coordinates scaled to released hires H&E	CODEX context is from a mapped adjacent section; no same-cell claim
Stroma	Nonresponder	1354	1638	0	0.489275555043807	-2.39802839866187	902.6667118	1092.0000546	0.6666667	Visium full-resolution coordinates scaled to released hires H&E	CODEX context is from a mapped adjacent section; no same-cell claim
Tumor	Nonresponder	1787	1487	0.205197164511565	0.398604360493513	-0.184671307475333	1191.3333929	991.3333829	0.6666667	Visium full-resolution coordinates scaled to released hires H&E	CODEX context is from a mapped adjacent section; no same-cell claim
Tumor	Nonresponder	1203	1563	0.187191789211523	0.456169516274349	-0.683717056421513	802.0000401	1042.0000521	0.6666667	Visium full-resolution coordinates scaled to released hires H&E	CODEX context is from a mapped adjacent section; no same-cell claim
Tumor	Nonresponder	1202	1451	0.186928736520564	0.270493244797339	0.0930979354143973	801.3333734	967.3333817	0.6666667	Visium full-resolution coordinates scaled to released hires H&E	CODEX context is from a mapped adjacent section; no same-cell claim
NA	Nonresponder	1354	1338	0	0.380783654332461	-1.35503274921739	902.6667118	892.0000446	0.6666667	Visium full-resolution coordinates scaled to released hires H&E	CODEX context is from a mapped adjacent section; no same-cell claim
Tumor	Nonresponder	1560	1768	0.273185420288969	0.5834995218038	-0.0602752707147786	1040.000052	1178.6667256	0.6666667	Visium full-resolution coordinates scaled to released hires H&E	CODEX context is from a mapped adjacent section; no same-cell claim
NA	Nonresponder	1408	1319	0	0	0.449800639956872	938.6667136	879.3333773	0.6666667	Visium full-resolution coordinates scaled to released hires H&E	CODEX context is from a mapped adjacent section; no same-cell claim
NA	Nonresponder	1624	1281	0	0	0.563054506414698	1082.6667208	854.0000427	0.6666667	Visium full-resolution coordinates scaled to released hires H&E	CODEX context is from a mapped adjacent section; no same-cell claim
Tumor	Nonresponder	1712	1730	0.232835563587574	0.392716066200114	0.210071054863096	1141.3333904	1153.333391	0.6666667	Visium full-resolution coordinates scaled to released hires H&E	CODEX context is from a mapped adjacent section; no same-cell claim
Tumor	Nonresponder	1365	1469	0.21361602873139	0.321172620205766	0.264727130627769	910.0000455	979.3333823	0.6666667	Visium full-resolution coordinates scaled to released hires H&E	CODEX context is from a mapped adjacent section; no same-cell claim
Tumor	Nonresponder	1582	1693	0.137779370410669	0.230113794614371	-0.399402860221125	1054.6667194	1128.6667231	0.6666667	Visium full-resolution coordinates scaled to released hires H&E	CODEX context is from a mapped adjacent section; no same-cell claim
Stroma	Nonresponder	1354	1675	0.139899958668308	0.552921912197585	-1.3843544002417	902.6667118	1116.6667225	0.6666667	Visium full-resolution coordinates scaled to released hires H&E	CODEX context is from a mapped adjacent section; no same-cell claim
NA	Nonresponder	1267	1376	0	0.315903725254574	-1.72950613183077	844.6667089	917.3333792	0.6666667	Visium full-resolution coordinates scaled to released hires H&E	CODEX context is from a mapped adjacent section; no same-cell claim
Tumor	Nonresponder	1841	1505	0.200675095879979	0.218792033943782	0.52138033545728	1227.3333947	1003.3333835	0.6666667	Visium full-resolution coordinates scaled to released hires H&E	CODEX context is from a mapped adjacent section; no same-cell claim
Tumor	Nonresponder	1224	1413	0.156150536045527	0.234355284242983	-0.0876805253197226	816.0000408	942.0000471	0.6666667	Visium full-resolution coordinates scaled to released hires H&E	CODEX context is from a mapped adjacent section; no same-cell claim
Tumor	Nonresponder	1744	1637	0.173971074765783	0.262877158196028	-0.0235889594489428	1162.6667248	1091.3333879	0.6666667	Visium full-resolution coordinates scaled to released hires H&E	CODEX context is from a mapped adjacent section; no same-cell claim
Tumor	Nonresponder	1538	1693	0.278362463515918	0.597490079964785	-0.0559186214233393	1025.3333846	1128.6667231	0.6666667	Visium full-resolution coordinates scaled to released hires H&E	CODEX context is from a mapped adjacent section; no same-cell claim
Stroma	Nonresponder	1516	1506	0.500178528360452	1.06966576488607	1.18730034671833	1010.6667172	1004.0000502	0.6666667	Visium full-resolution coordinates scaled to released hires H&E	CODEX context is from a mapped adjacent section; no same-cell claim
Stroma	Nonresponder	1473	1356	0.160622157118673	0.268843907438635	0.04283498843397	982.0000491	904.0000452	0.6666667	Visium full-resolution coordinates scaled to released hires H&E	CODEX context is from a mapped adjacent section; no same-cell claim
Adj. liver	Nonresponder	1408	1469	0.225286431888476	0.50805776724679	-0.310586358394456	938.6667136	979.3333823	0.6666667	Visium full-resolution coordinates scaled to released hires H&E	CODEX context is from a mapped adjacent section; no same-cell claim
Tumor	Nonresponder	1755	1618	0.234822028781947	0.31719046318196	0.554755267932809	1170.0000585	1078.6667206	0.6666667	Visium full-resolution coordinates scaled to released hires H&E	CODEX context is from a mapped adjacent section; no same-cell claim
Tumor	Nonresponder	1755	1580	0.171561833028253	0.342495562440864	-0.346011687680067	1170.0000585	1053.333386	0.6666667	Visium full-resolution coordinates scaled to released hires H&E	CODEX context is from a mapped adjacent section; no same-cell claim
Tumor	Nonresponder	1668	1543	0.219835514835255	0.295433807698169	0.960916464094843	1112.0000556	1028.6667181	0.6666667	Visium full-resolution coordinates scaled to released hires H&E	CODEX context is from a mapped adjacent section; no same-cell claim
Tumor	Nonresponder	1668	1468	0.227442634148686	0.433777021473472	-0.0681379946524085	1112.0000556	978.6667156	0.6666667	Visium full-resolution coordinates scaled to released hires H&E	CODEX context is from a mapped adjacent section; no same-cell claim
Tumor	Nonresponder	1679	1637	0.149385517373566	0.453230623311352	-1.16098129961672	1119.3333893	1091.3333879	0.6666667	Visium full-resolution coordinates scaled to released hires H&E	CODEX context is from a mapped adjacent section; no same-cell claim
NA	Nonresponder	1635	1337	0	0.351689642693579	-1.36374578211759	1090.0000545	891.3333779	0.6666667	Visium full-resolution coordinates scaled to released hires H&E	CODEX context is from a mapped adjacent section; no same-cell claim
Stroma	Nonresponder	1441	1750	0.517343888644041	1.35489168772964	0.189877242029384	960.6667147	1166.666725	0.6666667	Visium full-resolution coordinates scaled to released hires H&E	CODEX context is from a mapped adjacent section; no same-cell claim
Adj. liver	Nonresponder	1386	1394	0.135047145106655	0.292513096435926	-0.466064167894051	924.0000462	929.3333798	0.6666667	Visium full-resolution coordinates scaled to released hires H&E	CODEX context is from a mapped adjacent section; no same-cell claim
Tumor	Nonresponder	1571	1600	0.182478345671389	0.167156158132939	0.49956932700958	1047.3333857	1066.66672	0.6666667	Visium full-resolution coordinates scaled to released hires H&E	CODEX context is from a mapped adjacent section; no same-cell claim
Tumor	Nonresponder	1397	1488	0.32076016326064	0.483766570929499	1.02209020607227	931.3333799	992.0000496	0.6666667	Visium full-resolution coordinates scaled to released hires H&E	CODEX context is from a mapped adjacent section; no same-cell claim
Tumor	Nonresponder	1603	1656	0.219255518977252	0.427201392606986	-0.108755717024126	1068.6667201	1104.0000552	0.6666667	Visium full-resolution coordinates scaled to released hires H&E	CODEX context is from a mapped adjacent section; no same-cell claim
Tumor	Nonresponder	1441	1600	0.190334639899403	0.339888258492403	-0.12482985481385	960.6667147	1066.66672	0.6666667	Visium full-resolution coordinates scaled to released hires H&E	CODEX context is from a mapped adjacent section; no same-cell claim
NA	Nonresponder	1332	1376	0.0789238870280452	0.276233604598158	-0.2036357499297	888.0000444	917.3333792	0.6666667	Visium full-resolution coordinates scaled to released hires H&E	CODEX context is from a mapped adjacent section; no same-cell claim
Stroma	Nonresponder	1387	1731	0.28146927015306	0.73588874453531	-0.29351614985477	924.6667129	1154.0000577	0.6666667	Visium full-resolution coordinates scaled to released hires H&E	CODEX context is from a mapped adjacent section; no same-cell claim
NA	Nonresponder	1224	1376	0	0.288834350315023	-1.50435656586644	816.0000408	917.3333792	0.6666667	Visium full-resolution coordinates scaled to released hires H&E	CODEX context is from a mapped adjacent section; no same-cell claim
Stroma	Nonresponder	1333	1675	0.141774743956879	0.473520341725006	-1.01738496094633	888.6667111	1116.6667225	0.6666667	Visium full-resolution coordinates scaled to released hires H&E	CODEX context is from a mapped adjacent section; no same-cell claim
Tumor	Nonresponder	1841	1543	0.235979912638518	0.304587452768521	0.61234668676205	1227.3333947	1028.6667181	0.6666667	Visium full-resolution coordinates scaled to released hires H&E	CODEX context is from a mapped adjacent section; no same-cell claim
Tumor	Nonresponder	1604	1768	0.18713240385142	0.359450782814879	-0.274477526931338	1069.3333868	1178.6667256	0.6666667	Visium full-resolution coordinates scaled to released hires H&E	CODEX context is from a mapped adjacent section; no same-cell claim
Tumor	Nonresponder	1722	1412	0.206235462351855	0.388293328095286	-0.155939642239851	1148.0000574	941.3333804	0.6666667	Visium full-resolution coordinates scaled to released hires H&E	CODEX context is from a mapped adjacent section; no same-cell claim
NA	Nonresponder	1418	1338	0.139474073936879	0.308942116646462	0.317181301210227	945.3333806	892.0000446	0.6666667	Visium full-resolution coordinates scaled to released hires H&E	CODEX context is from a mapped adjacent section; no same-cell claim
Tumor	Nonresponder	1549	1675	0.228484169690272	0.459304758786167	-0.132202953542205	1032.6667183	1116.6667225	0.6666667	Visium full-resolution coordinates scaled to released hires H&E	CODEX context is from a mapped adjacent section; no same-cell claim
Tumor	Nonresponder	1711	1431	0.216488049929596	0.374035550732183	0.0500002742361925	1140.6667237	954.0000477	0.6666667	Visium full-resolution coordinates scaled to released hires H&E	CODEX context is from a mapped adjacent section; no same-cell claim
Stroma	Nonresponder	1451	1469	0.444924678622856	0.934942967446459	1.14708168981142	967.3333817	979.3333823	0.6666667	Visium full-resolution coordinates scaled to released hires H&E	CODEX context is from a mapped adjacent section; no same-cell claim
NA	Nonresponder	1398	1787	0.295462083205557	1.08248839660172	-1.61356298650907	932.0000466	1191.3333929	0.6666667	Visium full-resolution coordinates scaled to released hires H&E	CODEX context is from a mapped adjacent section; no same-cell claim
Stroma	Nonresponder	1485	1787	0.495616276828633	1.54240387286131	-0.930152078779605	990.0000495	1191.3333929	0.6666667	Visium full-resolution coordinates scaled to released hires H&E	CODEX context is from a mapped adjacent section; no same-cell claim
Stroma	Nonresponder	1549	1450	0.440238601723518	1.06819667858555	0.547909648959045	1032.6667183	966.666715	0.6666667	Visium full-resolution coordinates scaled to released hires H&E	CODEX context is from a mapped adjacent section; no same-cell claim
Out-of-bound	Nonresponder	1874	1561	0.226277812465066	0.276178766636202	0.696673969144515	1249.3333958	1040.6667187	0.6666667	Visium full-resolution coordinates scaled to released hires H&E	CODEX context is from a mapped adjacent section; no same-cell claim
Tumor	Nonresponder	1679	1674	0.173937584339524	0.360149612463565	-0.429125566346417	1119.3333893	1116.0000558	0.6666667	Visium full-resolution coordinates scaled to released hires H&E	CODEX context is from a mapped adjacent section; no same-cell claim
Tumor	Nonresponder	1257	1469	0.182301538395818	0.353880635595585	-0.300379313314895	838.0000419	979.3333823	0.6666667	Visium full-resolution coordinates scaled to released hires H&E	CODEX context is from a mapped adjacent section; no same-cell claim
Tumor	Nonresponder	1701	1637	0.210977612984597	0.553975635297694	-0.748321680873643	1134.0000567	1091.3333879	0.6666667	Visium full-resolution coordinates scaled to released hires H&E	CODEX context is from a mapped adjacent section; no same-cell claim
NA	Nonresponder	1505	1263	0	0	0.656380998551842	1003.3333835	842.0000421	0.6666667	Visium full-resolution coordinates scaled to released hires H&E	CODEX context is from a mapped adjacent section; no same-cell claim
Tumor	Nonresponder	1527	1600	0.142849544603419	0.291454469272753	-0.573554248792936	1018.0000509	1066.66672	0.6666667	Visium full-resolution coordinates scaled to released hires H&E	CODEX context is from a mapped adjacent section; no same-cell claim
Stroma	Nonresponder	1473	1394	0.142806997840266	0.705251609625244	-1.84679649095352	982.0000491	929.3333798	0.6666667	Visium full-resolution coordinates scaled to released hires H&E	CODEX context is from a mapped adjacent section; no same-cell claim
Stroma	Nonresponder	1494	1431	0.424602121855038	0.957135268855868	0.782154055870321	996.0000498	954.0000477	0.6666667	Visium full-resolution coordinates scaled to released hires H&E	CODEX context is from a mapped adjacent section; no same-cell claim
Stroma	Nonresponder	1409	1768	0.462134920320341	1.0697764567642	0.698531766293914	939.3333803	1178.6667256	0.6666667	Visium full-resolution coordinates scaled to released hires H&E	CODEX context is from a mapped adjacent section; no same-cell claim
Tumor	Nonresponder	1343	1544	0.201149928075852	0.297803979276824	0.204256368378948	895.3333781	1029.3333848	0.6666667	Visium full-resolution coordinates scaled to released hires H&E	CODEX context is from a mapped adjacent section; no same-cell claim
Tumor	Nonresponder	1213	1507	0.434647875153537	0.788998518584622	1.27460457261423	808.6667071	1004.6667169	0.6666667	Visium full-resolution coordinates scaled to released hires H&E	CODEX context is from a mapped adjacent section; no same-cell claim
Tumor	Nonresponder	1571	1562	0.156856864635199	0.353428689077022	-0.594287212905851	1047.3333857	1041.3333854	0.6666667	Visium full-resolution coordinates scaled to released hires H&E	CODEX context is from a mapped adjacent section; no same-cell claim
Tumor	Nonresponder	1690	1655	0.145366682207608	0.469586014648333	-1.24859198121524	1126.666723	1103.3333885	0.6666667	Visium full-resolution coordinates scaled to released hires H&E	CODEX context is from a mapped adjacent section; no same-cell claim
Tumor	Nonresponder	1539	1731	0.162898612265115	0.323556191663074	-0.410649218982307	1026.0000513	1154.0000577	0.6666667	Visium full-resolution coordinates scaled to released hires H&E	CODEX context is from a mapped adjacent section; no same-cell claim
NA	Nonresponder	1873	1449	0.202352450839624	0.261698564129699	0.424592532720613	1248.6667291	966.0000483	0.6666667	Visium full-resolution coordinates scaled to released hires H&E	CODEX context is from a mapped adjacent section; no same-cell claim
Stroma	Nonresponder	1559	1319	0.108924874267595	0.190618529968292	0.192056390477098	1039.3333853	879.3333773	0.6666667	Visium full-resolution coordinates scaled to released hires H&E	CODEX context is from a mapped adjacent section; no same-cell claim
Tumor	Nonresponder	1419	1525	0.187034054105735	0.334235125564091	-0.144508625134569	946.0000473	1016.6667175	0.6666667	Visium full-resolution coordinates scaled to released hires H&E	CODEX context is from a mapped adjacent section; no same-cell claim
NA	Nonresponder	1311	1675	0.0200048693276132	0.64466995824669	-3.29377166519926	874.0000437	1116.6667225	0.6666667	Visium full-resolution coordinates scaled to released hires H&E	CODEX context is from a mapped adjacent section; no same-cell claim
Tumor	Nonresponder	1711	1468	0.191995402486346	0.312976230254637	-0.00391398451912426	1140.6667237	978.6667156	0.6666667	Visium full-resolution coordinates scaled to released hires H&E	CODEX context is from a mapped adjacent section; no same-cell claim
NA	Nonresponder	1722	1524	0.223393069018135	0.233120038173057	1.09923474910452	1148.0000574	1016.0000508	0.6666667	Visium full-resolution coordinates scaled to released hires H&E	CODEX context is from a mapped adjacent section; no same-cell claim
Tumor	Nonresponder	1246	1451	0.184747307598468	0.238436050638494	0.228211050279596	830.6667082	967.3333817	0.6666667	Visium full-resolution coordinates scaled to released hires H&E	CODEX context is from a mapped adjacent section; no same-cell claim
Tumor	Nonresponder	1604	1805	0.181707892206631	0.350478959357432	-0.233343789330261	1069.3333868	1203.3333935	0.6666667	Visium full-resolution coordinates scaled to released hires H&E	CODEX context is from a mapped adjacent section; no same-cell claim
Stroma	Nonresponder	1505	1450	0.487962757567507	0.883902279715052	1.94249709266124	1003.3333835	966.666715	0.6666667	Visium full-resolution coordinates scaled to released hires H&E	CODEX context is from a mapped adjacent section; no same-cell claim
Tumor	Nonresponder	1560	1581	0.145631805590394	0.23194201275708	-0.281859551460277	1040.000052	1054.0000527	0.6666667	Visium full-resolution coordinates scaled to released hires H&E	CODEX context is from a mapped adjacent section; no same-cell claim
Adj. liver	Nonresponder	1386	1432	0.16292079800343	0.210105215520178	0.205661090000678	924.0000462	954.6667144	0.6666667	Visium full-resolution coordinates scaled to released hires H&E	CODEX context is from a mapped adjacent section; no same-cell claim
Stroma	Nonresponder	1614	1450	0.507830795045965	1.27669517043999	0.244978444903487	1076.0000538	966.666715	0.6666667	Visium full-resolution coordinates scaled to released hires H&E	CODEX context is from a mapped adjacent section; no same-cell claim
Adj. liver	Nonresponder	1408	1431	0.167168702181921	0.462501637961297	-0.806160651855613	938.6667136	954.0000477	0.6666667	Visium full-resolution coordinates scaled to released hires H&E	CODEX context is from a mapped adjacent section; no same-cell claim
NA	Nonresponder	1797	1393	0.194779547172404	0.0844942907252523	1.40038112416632	1198.0000599	928.6667131	0.6666667	Visium full-resolution coordinates scaled to released hires H&E	CODEX context is from a mapped adjacent section; no same-cell claim
NA	Nonresponder	1808	1412	0.170842558750401	0.313201824630349	-0.104799242359745	1205.3333936	941.3333804	0.6666667	Visium full-resolution coordinates scaled to released hires H&E	CODEX context is from a mapped adjacent section; no same-cell claim
Tumor	Nonresponder	1668	1618	0.160337065327376	0.314040825376316	-0.363851456609907	1112.0000556	1078.6667206	0.6666667	Visium full-resolution coordinates scaled to released hires H&E	CODEX context is from a mapped adjacent section; no same-cell claim
Stroma	Nonresponder	1614	1487	0.453656448683763	1.01113695730886	0.651606491268413	1076.0000538	991.3333829	0.6666667	Visium full-resolution coordinates scaled to released hires H&E	CODEX context is from a mapped adjacent section; no same-cell claim
Stroma	Nonresponder	1592	1487	0.753436215068038	1.33677476794907	3.47722449437543	1061.3333864	991.3333829	0.6666667	Visium full-resolution coordinates scaled to released hires H&E	CODEX context is from a mapped adjacent section; no same-cell claim
Stroma	Nonresponder	1462	1488	0.477122953131352	1.00260364354274	1.24442028628763	974.6667154	992.0000496	0.6666667	Visium full-resolution coordinates scaled to released hires H&E	CODEX context is from a mapped adjacent section; no same-cell claim
Tumor	Nonresponder	1657	1674	0.243769296040229	0.369033987847234	0.452023221581389	1104.6667219	1116.0000558	0.6666667	Visium full-resolution coordinates scaled to released hires H&E	CODEX context is from a mapped adjacent section; no same-cell claim
Tumor	Nonresponder	1386	1506	0.250230222658332	0.333167412854318	0.702112005740084	924.0000462	1004.0000502	0.6666667	Visium full-resolution coordinates scaled to released hires H&E	CODEX context is from a mapped adjacent section; no same-cell claim
Tumor	Nonresponder	1690	1768	0.311195060569585	0.447376951658815	1.04188828349989	1126.666723	1178.6667256	0.6666667	Visium full-resolution coordinates scaled to released hires H&E	CODEX context is from a mapped adjacent section; no same-cell claim
Tumor	Nonresponder	1192	1507	0.183818182338545	0.371634365194866	-0.36275455620585	794.6667064	1004.6667169	0.6666667	Visium full-resolution coordinates scaled to released hires H&E	CODEX context is from a mapped adjacent section; no same-cell claim
Tumor	Nonresponder	1776	1693	0.256438845656309	0.429772325811015	0.362438204202879	1184.0000592	1128.6667231	0.6666667	Visium full-resolution coordinates scaled to released hires H&E	CODEX context is from a mapped adjacent section; no same-cell claim
Stroma	Nonresponder	1754	1543	0.230040693056843	0.282190680019811	0.777205081276846	1169.3333918	1028.6667181	0.6666667	Visium full-resolution coordinates scaled to released hires H&E	CODEX context is from a mapped adjacent section; no same-cell claim
Tumor	Nonresponder	1646	1581	0.366469413124016	0.931761046284064	-0.108430526246483	1097.3333882	1054.0000527	0.6666667	Visium full-resolution coordinates scaled to released hires H&E	CODEX context is from a mapped adjacent section; no same-cell claim
Stroma	Nonresponder	1376	1712	0.131772848371146	0.485147325950882	-1.30693453657184	917.3333792	1141.3333904	0.6666667	Visium full-resolution coordinates scaled to released hires H&E	CODEX context is from a mapped adjacent section; no same-cell claim
Tumor	Nonresponder	1657	1562	0.285486665876922	0.46201597673699	0.846763618401936	1104.6667219	1041.3333854	0.6666667	Visium full-resolution coordinates scaled to released hires H&E	CODEX context is from a mapped adjacent section; no same-cell claim
Tumor	Nonresponder	1776	1655	0.232936771248187	0.412969893714719	0.113084684338243	1184.0000592	1103.3333885	0.6666667	Visium full-resolution coordinates scaled to released hires H&E	CODEX context is from a mapped adjacent section; no same-cell claim
Tumor	Nonresponder	1300	1507	0.182572761165969	0.213468060358443	0.279640364979831	866.66671	1004.6667169	0.6666667	Visium full-resolution coordinates scaled to released hires H&E	CODEX context is from a mapped adjacent section; no same-cell claim
Stroma	Nonresponder	1463	1712	0.586497823296805	1.40888853175172	0.88006932526802	975.3333821	1141.3333904	0.6666667	Visium full-resolution coordinates scaled to released hires H&E	CODEX context is from a mapped adjacent section; no same-cell claim
Stroma	Nonresponder	1484	1637	0.199158115794307	0.320522024548222	0.186679921545629	989.3333828	1091.3333879	0.6666667	Visium full-resolution coordinates scaled to released hires H&E	CODEX context is from a mapped adjacent section; no same-cell claim
Stroma	Nonresponder	1830	1487	0.20998471218801	0.34553931322358	0.0984012820274863	1220.000061	991.3333829	0.6666667	Visium full-resolution coordinates scaled to released hires H&E	CODEX context is from a mapped adjacent section; no same-cell claim
Tumor	Nonresponder	1506	1600	0.191125600996562	0.30923598037687	0.00740960590266443	1004.0000502	1066.66672	0.6666667	Visium full-resolution coordinates scaled to released hires H&E	CODEX context is from a mapped adjacent section; no same-cell claim
Stroma	Nonresponder	1474	1768	0.563827583627052	1.35541537170654	0.752212600403387	982.6667158	1178.6667256	0.6666667	Visium full-resolution coordinates scaled to released hires H&E	CODEX context is from a mapped adjacent section; no same-cell claim
NA	Nonresponder	1387	1619	0.259084308421284	0.514203055260735	0.376034996995608	924.6667129	1079.3333873	0.6666667	Visium full-resolution coordinates scaled to released hires H&E	CODEX context is from a mapped adjacent section; no same-cell claim
Stroma	Nonresponder	1420	1750	0.40473786846671	1.14051135615006	-0.369120021791586	946.666714	1166.666725	0.6666667	Visium full-resolution coordinates scaled to released hires H&E	CODEX context is from a mapped adjacent section; no same-cell claim
Tumor	Nonresponder	1658	1749	0.212480836990539	0.403035703506845	-0.137991607360909	1105.3333886	1166.0000583	0.6666667	Visium full-resolution coordinates scaled to released hires H&E	CODEX context is from a mapped adjacent section; no same-cell claim
NA	Nonresponder	1581	1281	0	0	0.549079445386183	1054.0000527	854.0000427	0.6666667	Visium full-resolution coordinates scaled to released hires H&E	CODEX context is from a mapped adjacent section; no same-cell claim
Stroma	Nonresponder	1657	1375	0	0.624524547528899	-2.96867325376305	1104.6667219	916.6667125	0.6666667	Visium full-resolution coordinates scaled to released hires H&E	CODEX context is from a mapped adjacent section; no same-cell claim
Tumor	Nonresponder	1365	1581	0.186149680104268	0.324900920741305	-0.107570266990197	910.0000455	1054.0000527	0.6666667	Visium full-resolution coordinates scaled to released hires H&E	CODEX context is from a mapped adjacent section; no same-cell claim
Tumor	Nonresponder	1679	1487	0.197110532823108	0.218379742578964	0.466082140877737	1119.3333893	991.3333829	0.6666667	Visium full-resolution coordinates scaled to released hires H&E	CODEX context is from a mapped adjacent section; no same-cell claim
NA	Nonresponder	1722	1375	0.0560295348796656	0.615955381881526	-2.66775245054823	1148.0000574	916.6667125	0.6666667	Visium full-resolution coordinates scaled to released hires H&E	CODEX context is from a mapped adjacent section; no same-cell claim
NA	Nonresponder	1245	1376	0	0.202537432040956	-1.22622330742667	830.0000415	917.3333792	0.6666667	Visium full-resolution coordinates scaled to released hires H&E	CODEX context is from a mapped adjacent section; no same-cell claim
Tumor	Nonresponder	1462	1525	0.206026145988689	0.377706698314862	-0.0677426578949511	974.6667154	1016.6667175	0.6666667	Visium full-resolution coordinates scaled to released hires H&E	CODEX context is from a mapped adjacent section; no same-cell claim
Tumor	Nonresponder	1376	1600	0.187424619721379	0.264123014824185	0.255529565545803	917.3333792	1066.66672	0.6666667	Visium full-resolution coordinates scaled to released hires H&E	CODEX context is from a mapped adjacent section; no same-cell claim
Adj. liver	Nonresponder	1440	1450	0.185480189715842	0.51055153050236	-0.743269007187438	960.000048	966.666715	0.6666667	Visium full-resolution coordinates scaled to released hires H&E	CODEX context is from a mapped adjacent section; no same-cell claim
NA	Nonresponder	1300	1656	0.102710636127651	0.660770625854057	-2.17786702371766	866.66671	1104.0000552	0.6666667	Visium full-resolution coordinates scaled to released hires H&E	CODEX context is from a mapped adjacent section; no same-cell claim
NA	Nonresponder	1602	1281	0	0.486140128255095	-1.49013780580555	1068.0000534	854.0000427	0.6666667	Visium full-resolution coordinates scaled to released hires H&E	CODEX context is from a mapped adjacent section; no same-cell claim
Tumor	Nonresponder	1560	1731	0.202449466364937	0.483645450593997	-0.571348249760026	1040.000052	1154.0000577	0.6666667	Visium full-resolution coordinates scaled to released hires H&E	CODEX context is from a mapped adjacent section; no same-cell claim
Tumor	Nonresponder	1397	1525	0.192770962971913	0.278149479320353	0.158150974049409	931.3333799	1016.6667175	0.6666667	Visium full-resolution coordinates scaled to released hires H&E	CODEX context is from a mapped adjacent section; no same-cell claim
Tumor	Nonresponder	1863	1543	0.226482418531631	0.281168462711845	0.616054895772228	1242.0000621	1028.6667181	0.6666667	Visium full-resolution coordinates scaled to released hires H&E	CODEX context is from a mapped adjacent section; no same-cell claim
Stroma	Nonresponder	1614	1637	0.295264765730858	0.766874251287052	-0.465078019009153	1076.0000538	1091.3333879	0.6666667	Visium full-resolution coordinates scaled to released hires H&E	CODEX context is from a mapped adjacent section; no same-cell claim
NA	Nonresponder	1375	1376	0.205106526287877	0.636524029767765	-0.349665187099229	916.6667125	917.3333792	0.6666667	Visium full-resolution coordinates scaled to released hires H&E	CODEX context is from a mapped adjacent section; no same-cell claim
Tumor	Nonresponder	1224	1563	0.157272069263297	0.316223884961771	-0.47922801179653	816.0000408	1042.0000521	0.6666667	Visium full-resolution coordinates scaled to released hires H&E	CODEX context is from a mapped adjacent section; no same-cell claim
Tumor	Nonresponder	1668	1506	0.207253796199089	0.304073237970707	0.261459826217979	1112.0000556	1004.0000502	0.6666667	Visium full-resolution coordinates scaled to released hires H&E	CODEX context is from a mapped adjacent section; no same-cell claim
Tumor	Nonresponder	1689	1468	0.269958456150922	0.432069304405159	0.553058258726578	1126.0000563	978.6667156	0.6666667	Visium full-resolution coordinates scaled to released hires H&E	CODEX context is from a mapped adjacent section; no same-cell claim
Tumor	Nonresponder	1408	1581	0.230143425794217	0.332024712972243	0.478211787900934	938.6667136	1054.0000527	0.6666667	Visium full-resolution coordinates scaled to released hires H&E	CODEX context is from a mapped adjacent section; no same-cell claim
Stroma	Nonresponder	1505	1375	0.258714837319087	0.292931421926386	1.69036530813261	1003.3333835	916.6667125	0.6666667	Visium full-resolution coordinates scaled to released hires H&E	CODEX context is from a mapped adjacent section; no same-cell claim
Tumor	Nonresponder	1224	1526	0.243048545689417	0.408475122126199	0.313714519391423	816.0000408	1017.3333842	0.6666667	Visium full-resolution coordinates scaled to released hires H&E	CODEX context is from a mapped adjacent section; no same-cell claim
NA	Nonresponder	1160	1601	0.249780906610918	0.503628486214076	0.00877115781968232	773.333372	1067.3333867	0.6666667	Visium full-resolution coordinates scaled to released hires H&E	CODEX context is from a mapped adjacent section; no same-cell claim
Tumor	Nonresponder	1538	1543	0.179163949386234	0.350205961587183	-0.313542011458805	1025.3333846	1028.6667181	0.6666667	Visium full-resolution coordinates scaled to released hires H&E	CODEX context is from a mapped adjacent section; no same-cell claim
Tumor	Nonresponder	1549	1749	0.229588398937128	0.428479244975794	0.0105184742505116	1032.6667183	1166.0000583	0.6666667	Visium full-resolution coordinates scaled to released hires H&E	CODEX context is from a mapped adjacent section; no same-cell claim
NA	Nonresponder	1656	1300	0	0.431847528044767	-1.44310794308054	1104.0000552	866.66671	0.6666667	Visium full-resolution coordinates scaled to released hires H&E	CODEX context is from a mapped adjacent section; no same-cell claim
NA	Nonresponder	1711	1543	0.195675133538951	0.254451814694951	0.960092191499207	1140.6667237	1028.6667181	0.6666667	Visium full-resolution coordinates scaled to released hires H&E	CODEX context is from a mapped adjacent section; no same-cell claim
Stroma	Nonresponder	1624	1506	0.205797540590209	0.547257492690739	-0.718839965505821	1082.6667208	1004.0000502	0.6666667	Visium full-resolution coordinates scaled to released hires H&E	CODEX context is from a mapped adjacent section; no same-cell claim
Tumor	Nonresponder	1798	1655	0.150839169196542	0.274029671351149	-0.392362089623352	1198.6667266	1103.3333885	0.6666667	Visium full-resolution coordinates scaled to released hires H&E	CODEX context is from a mapped adjacent section; no same-cell claim
NA	Nonresponder	1159	1488	0.185619601544561	0.287272667664505	0.0633986335314401	772.6667053	992.0000496	0.6666667	Visium full-resolution coordinates scaled to released hires H&E	CODEX context is from a mapped adjacent section; no same-cell claim
Tumor	Nonresponder	1636	1674	0.323727066008695	0.480533734777503	1.07969430065847	1090.6667212	1116.0000558	0.6666667	Visium full-resolution coordinates scaled to released hires H&E	CODEX context is from a mapped adjacent section; no same-cell claim
Tumor	Nonresponder	1332	1525	0.182859645114461	0.380730299866924	-0.41412865949451	888.0000444	1016.6667175	0.6666667	Visium full-resolution coordinates scaled to released hires H&E	CODEX context is from a mapped adjacent section; no same-cell claim
NA	Nonresponder	1679	1599	0.168644261084727	0.462746790156595	-0.569455090746121	1119.3333893	1066.0000533	0.6666667	Visium full-resolution coordinates scaled to released hires H&E	CODEX context is from a mapped adjacent section; no same-cell claim
NA	Nonresponder	1333	1750	0.229981380993195	0.28306474033628	0.647620366894299	888.6667111	1166.666725	0.6666667	Visium full-resolution coordinates scaled to released hires H&E	CODEX context is from a mapped adjacent section; no same-cell claim
NA	Nonresponder	1852	1449	0.292415919498658	0.304191502435303	1.69176880207692	1234.6667284	966.0000483	0.6666667	Visium full-resolution coordinates scaled to released hires H&E	CODEX context is from a mapped adjacent section; no same-cell claim
NA	Nonresponder	1472	1282	0	0	0.567318568922822	981.3333824	854.6667094	0.6666667	Visium full-resolution coordinates scaled to released hires H&E	CODEX context is from a mapped adjacent section; no same-cell claim
Stroma	Nonresponder	1581	1506	0.432135340197181	1.1855939103944	-0.194417853807221	1054.0000527	1004.0000502	0.6666667	Visium full-resolution coordinates scaled to released hires H&E	CODEX context is from a mapped adjacent section; no same-cell claim
Stroma	Nonresponder	1365	1731	0.174146747495978	0.548112785410496	-0.889752446785136	910.0000455	1154.0000577	0.6666667	Visium full-resolution coordinates scaled to released hires H&E	CODEX context is from a mapped adjacent section; no same-cell claim
Tumor	Nonresponder	1419	1563	0.16555083768401	0.334721933533975	-0.260386064619052	946.0000473	1042.0000521	0.6666667	Visium full-resolution coordinates scaled to released hires H&E	CODEX context is from a mapped adjacent section; no same-cell claim
NA	Nonresponder	1765	1374	0.178679070126312	0.456877824396051	-0.500589623467854	1176.6667255	916.0000458	0.6666667	Visium full-resolution coordinates scaled to released hires H&E	CODEX context is from a mapped adjacent section; no same-cell claim
NA	Nonresponder	1483	1263	0	0	0.656778935781401	988.6667161	842.0000421	0.6666667	Visium full-resolution coordinates scaled to released hires H&E	CODEX context is from a mapped adjacent section; no same-cell claim
NA	Nonresponder	2699	2570	0	0	0.420114486976194	1799.3334233	1713.333419	0.6666667	Visium full-resolution coordinates scaled to released hires H&E	CODEX context is from a mapped adjacent section; no same-cell claim
Stroma	Nonresponder	1495	1693	0.556219158571974	0.779813999862224	3.01428078383554	996.6667165	1128.6667231	0.6666667	Visium full-resolution coordinates scaled to released hires H&E	CODEX context is from a mapped adjacent section; no same-cell claim
Tumor	Nonresponder	1711	1393	0.194957409599789	0.438257828251257	-0.357949352145887	1140.6667237	928.6667131	0.6666667	Visium full-resolution coordinates scaled to released hires H&E	CODEX context is from a mapped adjacent section; no same-cell claim
NA	Nonresponder	1560	1618	0.161309530410575	0.187600907020329	0.291227123647437	1040.000052	1078.6667206	0.6666667	Visium full-resolution coordinates scaled to released hires H&E	CODEX context is from a mapped adjacent section; no same-cell claim
Tumor	Nonresponder	1841	1580	0.193748218549108	0.247079670654798	0.306832490938717	1227.3333947	1053.333386	0.6666667	Visium full-resolution coordinates scaled to released hires H&E	CODEX context is from a mapped adjacent section; no same-cell claim
NA	Nonresponder	1678	1337	0	0.390285489283434	-1.39279863813279	1118.6667226	891.3333779	0.6666667	Visium full-resolution coordinates scaled to released hires H&E	CODEX context is from a mapped adjacent section; no same-cell claim
Stroma	Nonresponder	1170	1619	0.242512854911175	0.520329767758446	-0.138032483241645	780.000039	1079.3333873	0.6666667	Visium full-resolution coordinates scaled to released hires H&E	CODEX context is from a mapped adjacent section; no same-cell claim
Stroma	Nonresponder	1517	1768	0.644677500111589	1.15781186707364	2.63191513635439	1011.3333839	1178.6667256	0.6666667	Visium full-resolution coordinates scaled to released hires H&E	CODEX context is from a mapped adjacent section; no same-cell claim
NA	Nonresponder	1192	1432	0.206755277203833	0.275226604989974	0.40955621532447	794.6667064	954.6667144	0.6666667	Visium full-resolution coordinates scaled to released hires H&E	CODEX context is from a mapped adjacent section; no same-cell claim
Tumor	Nonresponder	1776	1543	0.231019432728074	0.405030397313065	0.141573218497353	1184.0000592	1028.6667181	0.6666667	Visium full-resolution coordinates scaled to released hires H&E	CODEX context is from a mapped adjacent section; no same-cell claim
Tumor	Nonresponder	1603	1730	0.1275496199217	0.224890725157109	-0.498326595745447	1068.6667201	1153.333391	0.6666667	Visium full-resolution coordinates scaled to released hires H&E	CODEX context is from a mapped adjacent section; no same-cell claim
Stroma	Nonresponder	1344	1656	0.103356428371859	0.560425503727623	-1.68837228203857	896.0000448	1104.0000552	0.6666667	Visium full-resolution coordinates scaled to released hires H&E	CODEX context is from a mapped adjacent section; no same-cell claim
Stroma	Nonresponder	1246	1675	0.423952132339277	0.80937404740974	1.30776734829917	830.6667082	1116.6667225	0.6666667	Visium full-resolution coordinates scaled to released hires H&E	CODEX context is from a mapped adjacent section; no same-cell claim
Tumor	Nonresponder	1787	1524	0.251745182984692	0.362903277816048	0.583545712331671	1191.3333929	1016.0000508	0.6666667	Visium full-resolution coordinates scaled to released hires H&E	CODEX context is from a mapped adjacent section; no same-cell claim
Tumor	Nonresponder	1354	1450	0.246615342585117	0.367019988770705	0.523756264951307	902.6667118	966.666715	0.6666667	Visium full-resolution coordinates scaled to released hires H&E	CODEX context is from a mapped adjacent section; no same-cell claim
NA	Nonresponder	1505	1300	0	0.366044880314916	-1.3840970984556	1003.3333835	866.66671	0.6666667	Visium full-resolution coordinates scaled to released hires H&E	CODEX context is from a mapped adjacent section; no same-cell claim
Stroma	Nonresponder	1733	1505	0.240197479818101	0.362309850343683	0.608949311039364	1155.3333911	1003.3333835	0.6666667	Visium full-resolution coordinates scaled to released hires H&E	CODEX context is from a mapped adjacent section; no same-cell claim
Stroma	Nonresponder	1603	1393	0.373901315010193	0.942114680272203	0.00949117758950098	1068.6667201	928.6667131	0.6666667	Visium full-resolution coordinates scaled to released hires H&E	CODEX context is from a mapped adjacent section; no same-cell claim
Tumor	Nonresponder	1743	1412	0.194243229816153	0.30303637813227	0.120378890093053	1162.0000581	941.3333804	0.6666667	Visium full-resolution coordinates scaled to released hires H&E	CODEX context is from a mapped adjacent section; no same-cell claim
Tumor	Nonresponder	1430	1619	0.262478945781067	0.606158266079688	-0.241022709395253	953.333381	1079.3333873	0.6666667	Visium full-resolution coordinates scaled to released hires H&E	CODEX context is from a mapped adjacent section; no same-cell claim
Tumor	Nonresponder	1592	1525	0.298187186836232	0.864188939811102	-0.782555793812605	1061.3333864	1016.6667175	0.6666667	Visium full-resolution coordinates scaled to released hires H&E	CODEX context is from a mapped adjacent section; no same-cell claim
Stroma	Nonresponder	1548	1338	0.14471548984962	0.322534279466955	-0.269367027740775	1032.0000516	892.0000446	0.6666667	Visium full-resolution coordinates scaled to released hires H&E	CODEX context is from a mapped adjacent section; no same-cell claim
Stroma	Nonresponder	1527	1450	0.439732336969955	0.878974610588909	1.27050684707115	1018.0000509	966.666715	0.6666667	Visium full-resolution coordinates scaled to released hires H&E	CODEX context is from a mapped adjacent section; no same-cell claim
Tumor	Nonresponder	1646	1468	0.283739473113707	0.394213744537387	0.867346791055429	1097.3333882	978.6667156	0.6666667	Visium full-resolution coordinates scaled to released hires H&E	CODEX context is from a mapped adjacent section; no same-cell claim
Tumor	Nonresponder	1755	1730	0.47432290759598	0.57730179564454	2.75931237265788	1170.0000585	1153.333391	0.6666667	Visium full-resolution coordinates scaled to released hires H&E	CODEX context is from a mapped adjacent section; no same-cell claim
NA	Nonresponder	1321	1357	0.190169788136309	0	2.64623693145657	880.6667107	904.6667119	0.6666667	Visium full-resolution coordinates scaled to released hires H&E	CODEX context is from a mapped adjacent section; no same-cell claim
Stroma	Nonresponder	1452	1656	0.22464293013625	0.856805657006963	-1.56201503842772	968.0000484	1104.0000552	0.6666667	Visium full-resolution coordinates scaled to released hires H&E	CODEX context is from a mapped adjacent section; no same-cell claim
Tumor	Nonresponder	1430	1581	0.20420680182182	0.371905583859749	-0.070676742299384	953.333381	1054.0000527	0.6666667	Visium full-resolution coordinates scaled to released hires H&E	CODEX context is from a mapped adjacent section; no same-cell claim
Tumor	Nonresponder	1798	1543	0.222728921382202	0.260173802814299	0.652146925398102	1198.6667266	1028.6667181	0.6666667	Visium full-resolution coordinates scaled to released hires H&E	CODEX context is from a mapped adjacent section; no same-cell claim
NA	Nonresponder	1440	1338	0.0808202040117573	0.565741428082301	-1.44007282923537	960.000048	892.0000446	0.6666667	Visium full-resolution coordinates scaled to released hires H&E	CODEX context is from a mapped adjacent section; no same-cell claim
Stroma	Nonresponder	1570	1450	0.470733199798399	1.25100171387289	0.103034550519558	1046.666719	966.666715	0.6666667	Visium full-resolution coordinates scaled to released hires H&E	CODEX context is from a mapped adjacent section; no same-cell claim
Stroma	Nonresponder	1398	1750	0.355599376971378	1.02994848217599	-0.540215321256595	932.0000466	1166.666725	0.6666667	Visium full-resolution coordinates scaled to released hires H&E	CODEX context is from a mapped adjacent section; no same-cell claim
Adj. liver	Nonresponder	1397	1375	0.200541604533248	0.520477068664016	-0.52784783121349	931.3333799	916.6667125	0.6666667	Visium full-resolution coordinates scaled to released hires H&E	CODEX context is from a mapped adjacent section; no same-cell claim
Stroma	Nonresponder	1538	1469	0.389255897339203	0.831106729399199	0.871520446622779	1025.3333846	979.3333823	0.6666667	Visium full-resolution coordinates scaled to released hires H&E	CODEX context is from a mapped adjacent section; no same-cell claim
NA	Nonresponder	1300	1394	0.145261461015271	0.201127525318601	0.0749920748478698	866.66671	929.3333798	0.6666667	Visium full-resolution coordinates scaled to released hires H&E	CODEX context is from a mapped adjacent section; no same-cell claim
Tumor	Nonresponder	1603	1581	0.233849201462714	0.416387857190004	0.158711386280785	1068.6667201	1054.0000527	0.6666667	Visium full-resolution coordinates scaled to released hires H&E	CODEX context is from a mapped adjacent section; no same-cell claim
Tumor	Nonresponder	1192	1582	0.215155499647433	0.462775930227446	-0.327582170773225	794.6667064	1054.6667194	0.6666667	Visium full-resolution coordinates scaled to released hires H&E	CODEX context is from a mapped adjacent section; no same-cell claim
Tumor	Nonresponder	1278	1469	0.184607079501405	0.356565706340398	-0.278840971596797	852.0000426	979.3333823	0.6666667	Visium full-resolution coordinates scaled to released hires H&E	CODEX context is from a mapped adjacent section; no same-cell claim
NA	Nonresponder	1311	1638	0.0704868144001397	0.350743130219864	-0.999787028936348	874.0000437	1092.0000546	0.6666667	Visium full-resolution coordinates scaled to released hires H&E	CODEX context is from a mapped adjacent section; no same-cell claim
NA	Nonresponder	366	349	0	0	2.16483957736394	244.0000122	232.6666783	0.6666667	Visium full-resolution coordinates scaled to released hires H&E	CODEX context is from a mapped adjacent section; no same-cell claim
NA	Nonresponder	1268	1713	0.217720914444215	0.712087180923342	-1.24757766233955	845.3333756	1142.0000571	0.6666667	Visium full-resolution coordinates scaled to released hires H&E	CODEX context is from a mapped adjacent section; no same-cell claim
Tumor	Nonresponder	1668	1768	0.237171338154659	0.467557595894815	-0.0717454515307654	1112.0000556	1178.6667256	0.6666667	Visium full-resolution coordinates scaled to released hires H&E	CODEX context is from a mapped adjacent section; no same-cell claim
Tumor	Nonresponder	1852	1524	0.240639184974839	0.333401214226851	0.578900869907996	1234.6667284	1016.0000508	0.6666667	Visium full-resolution coordinates scaled to released hires H&E	CODEX context is from a mapped adjacent section; no same-cell claim
NA	Nonresponder	1786	1374	0.143383957746277	0.167281284037323	0.679937412820915	1190.6667262	916.0000458	0.6666667	Visium full-resolution coordinates scaled to released hires H&E	CODEX context is from a mapped adjacent section; no same-cell claim
Tumor	Nonresponder	1809	1674	0.179498639968294	0.245402844954907	0.142260926066322	1206.0000603	1116.0000558	0.6666667	Visium full-resolution coordinates scaled to released hires H&E	CODEX context is from a mapped adjacent section; no same-cell claim
Stroma	Nonresponder	1452	1768	0.625936325098336	1.51023257282654	0.929629970266804	968.0000484	1178.6667256	0.6666667	Visium full-resolution coordinates scaled to released hires H&E	CODEX context is from a mapped adjacent section; no same-cell claim
Stroma	Nonresponder	1473	1469	0.40646593994378	0.955029375304271	0.46400773390125	982.0000491	979.3333823	0.6666667	Visium full-resolution coordinates scaled to released hires H&E	CODEX context is from a mapped adjacent section; no same-cell claim
Stroma	Nonresponder	1376	1750	0.253744760303303	0.728728459385142	-0.686848375071302	917.3333792	1166.666725	0.6666667	Visium full-resolution coordinates scaled to released hires H&E	CODEX context is from a mapped adjacent section; no same-cell claim
NA	Nonresponder	1441	1637	0.213533977244129	0.571743950262902	-0.52546756374878	960.6667147	1091.3333879	0.6666667	Visium full-resolution coordinates scaled to released hires H&E	CODEX context is from a mapped adjacent section; no same-cell claim
Tumor	Nonresponder	1495	1581	0.181761480600821	0.387170369941139	-0.430954201419301	996.6667165	1054.0000527	0.6666667	Visium full-resolution coordinates scaled to released hires H&E	CODEX context is from a mapped adjacent section; no same-cell claim
NA	Nonresponder	1765	1337	0	0	0.148805551464095	1176.6667255	891.3333779	0.6666667	Visium full-resolution coordinates scaled to released hires H&E	CODEX context is from a mapped adjacent section; no same-cell claim
Tumor	Nonresponder	1614	1787	0.228343414413322	0.393643792815952	0.119164968712622	1076.0000538	1191.3333929	0.6666667	Visium full-resolution coordinates scaled to released hires H&E	CODEX context is from a mapped adjacent section; no same-cell claim
Tumor	Nonresponder	1658	1787	0.24569657225907	0.484601412091545	0.00558692803549414	1105.3333886	1191.3333929	0.6666667	Visium full-resolution coordinates scaled to released hires H&E	CODEX context is from a mapped adjacent section; no same-cell claim
NA	Nonresponder	1559	1281	0.132722361442884	0	2.28637677216788	1039.3333853	854.0000427	0.6666667	Visium full-resolution coordinates scaled to released hires H&E	CODEX context is from a mapped adjacent section; no same-cell claim
Tumor	Nonresponder	1646	1506	0.223249201606977	0.309676773227517	0.419745922895854	1097.3333882	1004.0000502	0.6666667	Visium full-resolution coordinates scaled to released hires H&E	CODEX context is from a mapped adjacent section; no same-cell claim
Tumor	Nonresponder	1430	1506	0.184322341586876	0.456038554739135	-0.669139646910236	953.333381	1004.0000502	0.6666667	Visium full-resolution coordinates scaled to released hires H&E	CODEX context is from a mapped adjacent section; no same-cell claim
Tumor	Nonresponder	1798	1580	0.201539593498755	0.283027152677273	0.268177243968581	1198.6667266	1053.333386	0.6666667	Visium full-resolution coordinates scaled to released hires H&E	CODEX context is from a mapped adjacent section; no same-cell claim
Stroma	Nonresponder	1463	1637	0.190992061367787	0.445474495859568	-0.3900365720944	975.3333821	1091.3333879	0.6666667	Visium full-resolution coordinates scaled to released hires H&E	CODEX context is from a mapped adjacent section; no same-cell claim
Stroma	Nonresponder	1862	1468	0.194661348234456	0.247411899361976	0.296940757585971	1241.3333954	978.6667156	0.6666667	Visium full-resolution coordinates scaled to released hires H&E	CODEX context is from a mapped adjacent section; no same-cell claim
NA	Nonresponder	1700	1375	0.191460305134816	0.871627374446982	-1.63594826011567	1133.33339	916.6667125	0.6666667	Visium full-resolution coordinates scaled to released hires H&E	CODEX context is from a mapped adjacent section; no same-cell claim
NA	Nonresponder	1354	1600	0.193474546404268	0.363692814055704	0.400622306925664	902.6667118	1066.66672	0.6666667	Visium full-resolution coordinates scaled to released hires H&E	CODEX context is from a mapped adjacent section; no same-cell claim
NA	Nonresponder	1646	1618	0.240825009732014	0.506737793033578	0.0733340681746112	1097.3333882	1078.6667206	0.6666667	Visium full-resolution coordinates scaled to released hires H&E	CODEX context is from a mapped adjacent section; no same-cell claim
Tumor	Nonresponder	1214	1619	0.225621162335922	0.542498095328316	-0.488435436112989	809.3333738	1079.3333873	0.6666667	Visium full-resolution coordinates scaled to released hires H&E	CODEX context is from a mapped adjacent section; no same-cell claim
Stroma	Nonresponder	1592	1337	0.130348019969334	0.520289038234636	-0.726525400549016	1061.3333864	891.3333779	0.6666667	Visium full-resolution coordinates scaled to released hires H&E	CODEX context is from a mapped adjacent section; no same-cell claim
Stroma	Nonresponder	1441	1787	0.399909843950304	1.14904572525634	-0.528006721768991	960.6667147	1191.3333929	0.6666667	Visium full-resolution coordinates scaled to released hires H&E	CODEX context is from a mapped adjacent section; no same-cell claim
Tumor	Nonresponder	1635	1487	0.378119230569899	0.345449456882045	2.35652712691858	1090.0000545	991.3333829	0.6666667	Visium full-resolution coordinates scaled to released hires H&E	CODEX context is from a mapped adjacent section; no same-cell claim
Stroma	Nonresponder	1527	1375	0.173694371856504	0.293689177353106	0.482568745986925	1018.0000509	916.6667125	0.6666667	Visium full-resolution coordinates scaled to released hires H&E	CODEX context is from a mapped adjacent section; no same-cell claim
Tumor	Nonresponder	1581	1581	0.171691626677744	0.439969245240334	-0.802566590750827	1054.0000527	1054.0000527	0.6666667	Visium full-resolution coordinates scaled to released hires H&E	CODEX context is from a mapped adjacent section; no same-cell claim
Tumor	Nonresponder	1289	1451	0.154770018311348	0.249607874894867	-0.234157766907957	859.3333763	967.3333817	0.6666667	Visium full-resolution coordinates scaled to released hires H&E	CODEX context is from a mapped adjacent section; no same-cell claim
Tumor	Nonresponder	1473	1581	0.177978537866841	0.405557104795148	-0.570822643810612	982.0000491	1054.0000527	0.6666667	Visium full-resolution coordinates scaled to released hires H&E	CODEX context is from a mapped adjacent section; no same-cell claim
NA	Nonresponder	1333	1638	0.191809364643798	0.506568812118681	0.0618769493864929	888.6667111	1092.0000546	0.6666667	Visium full-resolution coordinates scaled to released hires H&E	CODEX context is from a mapped adjacent section; no same-cell claim
Tumor	Nonresponder	1311	1488	0.173910158510303	0.24670889431209	0.0410166330193832	874.0000437	992.0000496	0.6666667	Visium full-resolution coordinates scaled to released hires H&E	CODEX context is from a mapped adjacent section; no same-cell claim
Tumor	Nonresponder	1582	1656	0.198803591098756	0.389936687445736	-0.208351527107208	1054.6667194	1104.0000552	0.6666667	Visium full-resolution coordinates scaled to released hires H&E	CODEX context is from a mapped adjacent section; no same-cell claim
Tumor	Nonresponder	1766	1636	0.226526536611219	0.382702381159314	0.184477644705306	1177.3333922	1090.6667212	0.6666667	Visium full-resolution coordinates scaled to released hires H&E	CODEX context is from a mapped adjacent section; no same-cell claim
NA	Nonresponder	1483	1300	0.118777459682038	0	1.93845156020662	988.6667161	866.66671	0.6666667	Visium full-resolution coordinates scaled to released hires H&E	CODEX context is from a mapped adjacent section; no same-cell claim
Tumor	Nonresponder	1690	1693	0.205229310047518	0.52075838475784	-0.691348618308515	1126.666723	1128.6667231	0.6666667	Visium full-resolution coordinates scaled to released hires H&E	CODEX context is from a mapped adjacent section; no same-cell claim
Adj. liver	Nonresponder	1440	1413	0.195995189903121	0.445617331933281	-0.329199298437457	960.000048	942.0000471	0.6666667	Visium full-resolution coordinates scaled to released hires H&E	CODEX context is from a mapped adjacent section; no same-cell claim
Tumor	Nonresponder	1765	1449	0.203650912176274	0.335109284416111	0.0377544716474114	1176.6667255	966.0000483	0.6666667	Visium full-resolution coordinates scaled to released hires H&E	CODEX context is from a mapped adjacent section; no same-cell claim
NA	Nonresponder	1365	1394	0.045801956118532	0.40352234392143	-1.59017768518391	910.0000455	929.3333798	0.6666667	Visium full-resolution coordinates scaled to released hires H&E	CODEX context is from a mapped adjacent section; no same-cell claim
Tumor	Nonresponder	1614	1712	0.165502963195468	0.307085050775722	-0.324099572815682	1076.0000538	1141.3333904	0.6666667	Visium full-resolution coordinates scaled to released hires H&E	CODEX context is from a mapped adjacent section; no same-cell claim
Tumor	Nonresponder	1528	1712	0.35791131507584	0.650590397681655	0.808551758457717	1018.6667176	1141.3333904	0.6666667	Visium full-resolution coordinates scaled to released hires H&E	CODEX context is from a mapped adjacent section; no same-cell claim
NA	Nonresponder	1386	1357	0.240103952996557	0.549186821917357	0.597495803984956	924.0000462	904.6667119	0.6666667	Visium full-resolution coordinates scaled to released hires H&E	CODEX context is from a mapped adjacent section; no same-cell claim
Tumor	Nonresponder	1386	1469	0.210596691176866	0.342469628145938	0.13534981226075	924.0000462	979.3333823	0.6666667	Visium full-resolution coordinates scaled to released hires H&E	CODEX context is from a mapped adjacent section; no same-cell claim
Tumor	Nonresponder	1549	1525	0.230351954350466	0.401557966284602	0.162724261153255	1032.6667183	1016.6667175	0.6666667	Visium full-resolution coordinates scaled to released hires H&E	CODEX context is from a mapped adjacent section; no same-cell claim
Stroma	Nonresponder	1549	1487	0.459588511712261	0.87048021133578	1.5326905925868	1032.6667183	991.3333829	0.6666667	Visium full-resolution coordinates scaled to released hires H&E	CODEX context is from a mapped adjacent section; no same-cell claim
Tumor	Nonresponder	1181	1563	0.210285875870099	0.288400962561182	0.359400606915423	787.3333727	1042.0000521	0.6666667	Visium full-resolution coordinates scaled to released hires H&E	CODEX context is from a mapped adjacent section; no same-cell claim
Stroma	Nonresponder	1484	1488	0.502128079037823	0.660660702204998	3.04814621559096	989.3333828	992.0000496	0.6666667	Visium full-resolution coordinates scaled to released hires H&E	CODEX context is from a mapped adjacent section; no same-cell claim
Tumor	Nonresponder	1636	1599	0.225066367891218	0.431226688877356	0.0868247920493884	1090.6667212	1066.0000533	0.6666667	Visium full-resolution coordinates scaled to released hires H&E	CODEX context is from a mapped adjacent section; no same-cell claim
Tumor	Nonresponder	1517	1618	0.208347940152709	0.407745944399478	-0.118918068740337	1011.3333839	1078.6667206	0.6666667	Visium full-resolution coordinates scaled to released hires H&E	CODEX context is from a mapped adjacent section; no same-cell claim
NA	Nonresponder	1743	1374	0.188602513121712	0.555093463388927	-0.717264283314009	1162.0000581	916.0000458	0.6666667	Visium full-resolution coordinates scaled to released hires H&E	CODEX context is from a mapped adjacent section; no same-cell claim
Stroma	Nonresponder	1375	1413	0.108860745105392	0.283011999455854	-0.65336543691668	916.6667125	942.0000471	0.6666667	Visium full-resolution coordinates scaled to released hires H&E	CODEX context is from a mapped adjacent section; no same-cell claim
Stroma	Nonresponder	1355	1750	0.210062447320313	0.457716118217359	-0.292244843556341	903.3333785	1166.666725	0.6666667	Visium full-resolution coordinates scaled to released hires H&E	CODEX context is from a mapped adjacent section; no same-cell claim
Tumor	Nonresponder	1571	1749	0.160878384719946	0.2267068297795	-0.0586437868349376	1047.3333857	1166.0000583	0.6666667	Visium full-resolution coordinates scaled to released hires H&E	CODEX context is from a mapped adjacent section; no same-cell claim
Stroma	Nonresponder	1474	1693	0.440783488746032	1.11626584412495	0.117035442476931	982.6667158	1128.6667231	0.6666667	Visium full-resolution coordinates scaled to released hires H&E	CODEX context is from a mapped adjacent section; no same-cell claim
NA	Nonresponder	1451	1319	0	0	0.158888602774438	967.3333817	879.3333773	0.6666667	Visium full-resolution coordinates scaled to released hires H&E	CODEX context is from a mapped adjacent section; no same-cell claim
NA	Nonresponder	2673	1147	0	0	1.56991752496451	1782.0000891	764.6667049	0.6666667	Visium full-resolution coordinates scaled to released hires H&E	CODEX context is from a mapped adjacent section; no same-cell claim
NA	Nonresponder	1733	1580	0.113071771860799	0.303719594227419	-0.603617634960426	1155.3333911	1053.333386	0.6666667	Visium full-resolution coordinates scaled to released hires H&E	CODEX context is from a mapped adjacent section; no same-cell claim
Tumor	Nonresponder	1170	1544	0.163574484278318	0.351072922857095	-0.549369048655727	780.000039	1029.3333848	0.6666667	Visium full-resolution coordinates scaled to released hires H&E	CODEX context is from a mapped adjacent section; no same-cell claim
NA	Nonresponder	1278	1394	0.220183454389901	0.0930347769916587	1.50525888968183	852.0000426	929.3333798	0.6666667	Visium full-resolution coordinates scaled to released hires H&E	CODEX context is from a mapped adjacent section; no same-cell claim
Stroma	Nonresponder	1667	1393	0.196610031338175	0.835038628629197	-1.61022612679126	1111.3333889	928.6667131	0.6666667	Visium full-resolution coordinates scaled to released hires H&E	CODEX context is from a mapped adjacent section; no same-cell claim
Tumor	Nonresponder	1321	1469	0.202344505269146	0.32951797592942	0.078837269729415	880.6667107	979.3333823	0.6666667	Visium full-resolution coordinates scaled to released hires H&E	CODEX context is from a mapped adjacent section; no same-cell claim
Out-of-bound	Nonresponder	1387	1768	0.414008698671456	1.05632263610257	0.0376845857891577	924.6667129	1178.6667256	0.6666667	Visium full-resolution coordinates scaled to released hires H&E	CODEX context is from a mapped adjacent section; no same-cell claim
Adj. liver	Nonresponder	1397	1450	0.305816831026047	0.367689917111448	1.46326331880567	931.3333799	966.666715	0.6666667	Visium full-resolution coordinates scaled to released hires H&E	CODEX context is from a mapped adjacent section; no same-cell claim
Tumor	Nonresponder	1798	1618	0.233922041195427	0.41513373359882	0.128420000219039	1198.6667266	1078.6667206	0.6666667	Visium full-resolution coordinates scaled to released hires H&E	CODEX context is from a mapped adjacent section; no same-cell claim
Tumor	Nonresponder	1798	1505	0.23404877815317	0.37174023673903	0.318602527722234	1198.6667266	1003.3333835	0.6666667	Visium full-resolution coordinates scaled to released hires H&E	CODEX context is from a mapped adjacent section; no same-cell claim
Tumor	Nonresponder	1539	1768	0.427321464228831	0.778148961445283	1.24063629310519	1026.0000513	1178.6667256	0.6666667	Visium full-resolution coordinates scaled to released hires H&E	CODEX context is from a mapped adjacent section; no same-cell claim
NA	Nonresponder	1798	1692	0.200820396430741	0.250372655021135	0.468695457725313	1198.6667266	1128.0000564	0.6666667	Visium full-resolution coordinates scaled to released hires H&E	CODEX context is from a mapped adjacent section; no same-cell claim
NA	Nonresponder	1646	1356	0	0.351215197733448	-1.58290788766035	1097.3333882	904.0000452	0.6666667	Visium full-resolution coordinates scaled to released hires H&E	CODEX context is from a mapped adjacent section; no same-cell claim
Tumor	Nonresponder	1754	1468	0.155324494764891	0.296379600966921	-0.431984993152641	1169.3333918	978.6667156	0.6666667	Visium full-resolution coordinates scaled to released hires H&E	CODEX context is from a mapped adjacent section; no same-cell claim
Stroma	Nonresponder	1635	1375	0	0.38910369443374	-2.16036341043739	1090.0000545	916.6667125	0.6666667	Visium full-resolution coordinates scaled to released hires H&E	CODEX context is from a mapped adjacent section; no same-cell claim
NA	Nonresponder	1667	1356	0.279059640603991	0.325569580704656	2.43390560388603	1111.3333889	904.0000452	0.6666667	Visium full-resolution coordinates scaled to released hires H&E	CODEX context is from a mapped adjacent section; no same-cell claim
Tumor	Nonresponder	1506	1562	0.15367789672504	0.277298217403109	-0.369388343122858	1004.0000502	1041.3333854	0.6666667	Visium full-resolution coordinates scaled to released hires H&E	CODEX context is from a mapped adjacent section; no same-cell claim
Tumor	Nonresponder	1819	1543	0.206326501589792	0.287915032269182	0.306543295067745	1212.6667273	1028.6667181	0.6666667	Visium full-resolution coordinates scaled to released hires H&E	CODEX context is from a mapped adjacent section; no same-cell claim
Stroma	Nonresponder	1559	1356	0.164042239463177	0.292883592303279	0.187510187154326	1039.3333853	904.0000452	0.6666667	Visium full-resolution coordinates scaled to released hires H&E	CODEX context is from a mapped adjacent section; no same-cell claim
Stroma	Nonresponder	1495	1469	0.384405565575822	1.17309465970521	-0.728479549226787	996.6667165	979.3333823	0.6666667	Visium full-resolution coordinates scaled to released hires H&E	CODEX context is from a mapped adjacent section; no same-cell claim
Tumor	Nonresponder	1267	1488	0.267326522411401	0.519838445740076	0.141290386258421	844.6667089	992.0000496	0.6666667	Visium full-resolution coordinates scaled to released hires H&E	CODEX context is from a mapped adjacent section; no same-cell claim
Tumor	Nonresponder	1300	1432	0.1324960056888	0.239094823553669	-0.482928810852936	866.66671	954.6667144	0.6666667	Visium full-resolution coordinates scaled to released hires H&E	CODEX context is from a mapped adjacent section; no same-cell claim
Adj. liver	Nonresponder	1430	1431	0.156475562595073	0.590518666685832	-1.51816784505887	953.333381	954.0000477	0.6666667	Visium full-resolution coordinates scaled to released hires H&E	CODEX context is from a mapped adjacent section; no same-cell claim
NA	Nonresponder	1819	1430	0.222078798713553	0.421933592507002	0.0455465475535215	1212.6667273	953.333381	0.6666667	Visium full-resolution coordinates scaled to released hires H&E	CODEX context is from a mapped adjacent section; no same-cell claim
Tumor	Nonresponder	1408	1619	0.338292949680345	0.83355592242029	-0.0874559959376948	938.6667136	1079.3333873	0.6666667	Visium full-resolution coordinates scaled to released hires H&E	CODEX context is from a mapped adjacent section; no same-cell claim
NA	Nonresponder	1290	1750	0.158714707571262	0.442104296605628	-0.827179730733209	860.000043	1166.666725	0.6666667	Visium full-resolution coordinates scaled to released hires H&E	CODEX context is from a mapped adjacent section; no same-cell claim
Tumor	Nonresponder	1614	1674	0.123277193435409	0.41967076543524	-1.36441977701879	1076.0000538	1116.0000558	0.6666667	Visium full-resolution coordinates scaled to released hires H&E	CODEX context is from a mapped adjacent section; no same-cell claim
Tumor	Nonresponder	1776	1468	0.20041262098769	0.284884335176049	0.217607842176732	1184.0000592	978.6667156	0.6666667	Visium full-resolution coordinates scaled to released hires H&E	CODEX context is from a mapped adjacent section; no same-cell claim
Tumor	Nonresponder	1516	1543	0.225575809172509	0.315344688795321	0.487340481492585	1010.6667172	1028.6667181	0.6666667	Visium full-resolution coordinates scaled to released hires H&E	CODEX context is from a mapped adjacent section; no same-cell claim
NA	Nonresponder	1744	1562	0.133315730176931	0.32086424222226	-0.385039573332522	1162.6667248	1041.3333854	0.6666667	Visium full-resolution coordinates scaled to released hires H&E	CODEX context is from a mapped adjacent section; no same-cell claim
Stroma	Nonresponder	1570	1412	0.203558041469681	0.563417482053273	-0.594868163581989	1046.666719	941.3333804	0.6666667	Visium full-resolution coordinates scaled to released hires H&E	CODEX context is from a mapped adjacent section; no same-cell claim
Tumor	Nonresponder	1722	1711	0.168835476841015	0.410164026303427	-0.732160835341949	1148.0000574	1140.6667237	0.6666667	Visium full-resolution coordinates scaled to released hires H&E	CODEX context is from a mapped adjacent section; no same-cell claim
Stroma	Nonresponder	1678	1412	0.329681207147517	0.903114243681667	-0.382939026639314	1118.6667226	941.3333804	0.6666667	Visium full-resolution coordinates scaled to released hires H&E	CODEX context is from a mapped adjacent section; no same-cell claim
Tumor	Nonresponder	1603	1543	0.410123646022846	1.02308730776182	-0.00294724048654439	1068.6667201	1028.6667181	0.6666667	Visium full-resolution coordinates scaled to released hires H&E	CODEX context is from a mapped adjacent section; no same-cell claim
Stroma	Nonresponder	1484	1525	0.330962200003649	0.564348638133783	0.982261402933548	989.3333828	1016.6667175	0.6666667	Visium full-resolution coordinates scaled to released hires H&E	CODEX context is from a mapped adjacent section; no same-cell claim
Tumor	Nonresponder	1701	1674	0.165495042492219	0.296816664093787	-0.310606462673436	1134.0000567	1116.0000558	0.6666667	Visium full-resolution coordinates scaled to released hires H&E	CODEX context is from a mapped adjacent section; no same-cell claim
NA	Nonresponder	1743	1337	0.0978936304588337	0	1.38538659442263	1162.0000581	891.3333779	0.6666667	Visium full-resolution coordinates scaled to released hires H&E	CODEX context is from a mapped adjacent section; no same-cell claim
Tumor	Nonresponder	1517	1693	0.286722524737947	0.506693469607208	0.493402207582217	1011.3333839	1128.6667231	0.6666667	Visium full-resolution coordinates scaled to released hires H&E	CODEX context is from a mapped adjacent section; no same-cell claim
Tumor	Nonresponder	1506	1675	0.217856339731981	0.286561197231738	0.480909049676239	1004.0000502	1116.6667225	0.6666667	Visium full-resolution coordinates scaled to released hires H&E	CODEX context is from a mapped adjacent section; no same-cell claim
Stroma	Nonresponder	1365	1694	0.0844638243506058	0.735108584492482	-2.94561282950336	910.0000455	1129.3333898	0.6666667	Visium full-resolution coordinates scaled to released hires H&E	CODEX context is from a mapped adjacent section; no same-cell claim
Tumor	Nonresponder	1765	1487	0.203244024308553	0.274712155462598	0.315234833948267	1176.6667255	991.3333829	0.6666667	Visium full-resolution coordinates scaled to released hires H&E	CODEX context is from a mapped adjacent section; no same-cell claim
Out-of-bound	Nonresponder	1797	1430	0.183015897799856	0.308148263959518	-0.0667672869891337	1198.0000599	953.333381	0.6666667	Visium full-resolution coordinates scaled to released hires H&E	CODEX context is from a mapped adjacent section; no same-cell claim
Tumor	Nonresponder	1744	1599	0.133819359443757	0.262193086609649	-0.543935055937136	1162.6667248	1066.0000533	0.6666667	Visium full-resolution coordinates scaled to released hires H&E	CODEX context is from a mapped adjacent section; no same-cell claim
Stroma	Nonresponder	1419	1675	0.225355656929571	0.626219244100182	-0.581558814224419	946.0000473	1116.6667225	0.6666667	Visium full-resolution coordinates scaled to released hires H&E	CODEX context is from a mapped adjacent section; no same-cell claim
Tumor	Nonresponder	1365	1432	0.237080052725956	0.299727644499612	0.69335115889967	910.0000455	954.6667144	0.6666667	Visium full-resolution coordinates scaled to released hires H&E	CODEX context is from a mapped adjacent section; no same-cell claim
Stroma	Nonresponder	1592	1412	0.336734957643316	0.725859221574439	0.367055690642311	1061.3333864	941.3333804	0.6666667	Visium full-resolution coordinates scaled to released hires H&E	CODEX context is from a mapped adjacent section; no same-cell claim
Stroma	Nonresponder	1668	1580	0.170399286922749	0.32847331675559	0.155830127733492	1112.0000556	1053.333386	0.6666667	Visium full-resolution coordinates scaled to released hires H&E	CODEX context is from a mapped adjacent section; no same-cell claim
Stroma	Nonresponder	1603	1506	0.447094293834407	0.916684956748217	1.18905050737527	1068.6667201	1004.0000502	0.6666667	Visium full-resolution coordinates scaled to released hires H&E	CODEX context is from a mapped adjacent section; no same-cell claim
NA	Nonresponder	1376	1787	0.317030112055966	0.48364714146558	1.04648098033679	917.3333792	1191.3333929	0.6666667	Visium full-resolution coordinates scaled to released hires H&E	CODEX context is from a mapped adjacent section; no same-cell claim
Tumor	Nonresponder	1387	1544	0.220779850380324	0.328685112419452	0.341106951411024	924.6667129	1029.3333848	0.6666667	Visium full-resolution coordinates scaled to released hires H&E	CODEX context is from a mapped adjacent section; no same-cell claim
Stroma	Nonresponder	1689	1393	0.141441336843682	0.891311923670267	-2.68284134717884	1126.0000563	928.6667131	0.6666667	Visium full-resolution coordinates scaled to released hires H&E	CODEX context is from a mapped adjacent section; no same-cell claim
Tumor	Nonresponder	1549	1562	0.193362891123651	0.234816209112235	0.350047492007695	1032.6667183	1041.3333854	0.6666667	Visium full-resolution coordinates scaled to released hires H&E	CODEX context is from a mapped adjacent section; no same-cell claim
Tumor	Nonresponder	1592	1600	0.179488408731644	0.368939680450182	-0.417339809862135	1061.3333864	1066.66672	0.6666667	Visium full-resolution coordinates scaled to released hires H&E	CODEX context is from a mapped adjacent section; no same-cell claim
Tumor	Nonresponder	1495	1544	0.264290620570723	0.550244351126809	-0.00701004324674537	996.6667165	1029.3333848	0.6666667	Visium full-resolution coordinates scaled to released hires H&E	CODEX context is from a mapped adjacent section; no same-cell claim
NA	Nonresponder	1527	1300	0	0.283321334405622	-1.34264657919889	1018.0000509	866.66671	0.6666667	Visium full-resolution coordinates scaled to released hires H&E	CODEX context is from a mapped adjacent section; no same-cell claim
Stroma	Nonresponder	1635	1450	0.361737384614769	0.797316772346006	0.258770752905205	1090.0000545	966.666715	0.6666667	Visium full-resolution coordinates scaled to released hires H&E	CODEX context is from a mapped adjacent section; no same-cell claim
Tumor	Nonresponder	1657	1487	0.208804904928637	0.292113700551994	0.299278048818891	1104.6667219	991.3333829	0.6666667	Visium full-resolution coordinates scaled to released hires H&E	CODEX context is from a mapped adjacent section; no same-cell claim
NA	Nonresponder	1700	1562	0.256262872734868	0.359475426077042	1.33016552440559	1133.33339	1041.3333854	0.6666667	Visium full-resolution coordinates scaled to released hires H&E	CODEX context is from a mapped adjacent section; no same-cell claim
Stroma	Nonresponder	1624	1393	0.490008986166014	0.887580179201011	1.94425378317885	1082.6667208	928.6667131	0.6666667	Visium full-resolution coordinates scaled to released hires H&E	CODEX context is from a mapped adjacent section; no same-cell claim
NA	Nonresponder	1591	1300	0	0.405730329054175	-1.4315213685176	1060.6667197	866.66671	0.6666667	Visium full-resolution coordinates scaled to released hires H&E	CODEX context is from a mapped adjacent section; no same-cell claim
Tumor	Nonresponder	1614	1562	0.212923833677472	0.463749307317657	-0.313532241129559	1076.0000538	1041.3333854	0.6666667	Visium full-resolution coordinates scaled to released hires H&E	CODEX context is from a mapped adjacent section; no same-cell claim
Adj. liver	Nonresponder	1429	1394	0.293561472890736	0.730973757391997	-0.195483061429041	952.6667143	929.3333798	0.6666667	Visium full-resolution coordinates scaled to released hires H&E	CODEX context is from a mapped adjacent section; no same-cell claim
Tumor	Nonresponder	1224	1601	0.109532099702081	0.46227642750445	-1.72644608467583	816.0000408	1067.3333867	0.6666667	Visium full-resolution coordinates scaled to released hires H&E	CODEX context is from a mapped adjacent section; no same-cell claim
Tumor	Nonresponder	1365	1506	0.300349931681653	0.44594941874695	0.907826933119152	910.0000455	1004.0000502	0.6666667	Visium full-resolution coordinates scaled to released hires H&E	CODEX context is from a mapped adjacent section; no same-cell claim
Stroma	Nonresponder	1484	1413	0.27559443500648	0.8548087408943	-0.652443826136608	989.3333828	942.0000471	0.6666667	Visium full-resolution coordinates scaled to released hires H&E	CODEX context is from a mapped adjacent section; no same-cell claim
Stroma	Nonresponder	1344	1731	0.28745293175823	0.861302713291882	-0.787821958832631	896.0000448	1154.0000577	0.6666667	Visium full-resolution coordinates scaled to released hires H&E	CODEX context is from a mapped adjacent section; no same-cell claim
Stroma	Nonresponder	1268	1675	0.262925192641059	0.530640493524555	0.524230698478679	845.3333756	1116.6667225	0.6666667	Visium full-resolution coordinates scaled to released hires H&E	CODEX context is from a mapped adjacent section; no same-cell claim
NA	Nonresponder	1754	1393	0.228893167355905	0.364434273408485	0.3210394690115	1169.3333918	928.6667131	0.6666667	Visium full-resolution coordinates scaled to released hires H&E	CODEX context is from a mapped adjacent section; no same-cell claim
NA	Nonresponder	1343	1394	0.103471966141312	0.554653953017695	-1.38046752942955	895.3333781	929.3333798	0.6666667	Visium full-resolution coordinates scaled to released hires H&E	CODEX context is from a mapped adjacent section; no same-cell claim
Tumor	Nonresponder	1636	1712	0.146948083450302	0.39666655787896	-0.970283155152461	1090.6667212	1141.3333904	0.6666667	Visium full-resolution coordinates scaled to released hires H&E	CODEX context is from a mapped adjacent section; no same-cell claim
Adj. liver	Nonresponder	1451	1394	0.124291449330474	0.340358248481681	-0.854972802319695	967.3333817	929.3333798	0.6666667	Visium full-resolution coordinates scaled to released hires H&E	CODEX context is from a mapped adjacent section; no same-cell claim
Stroma	Nonresponder	1246	1638	0.187767218789272	0.597454589764177	-0.938360108499574	830.6667082	1092.0000546	0.6666667	Visium full-resolution coordinates scaled to released hires H&E	CODEX context is from a mapped adjacent section; no same-cell claim
Tumor	Nonresponder	1647	1730	0.18401173943775	0.341884300107366	-0.238142333284473	1098.0000549	1153.333391	0.6666667	Visium full-resolution coordinates scaled to released hires H&E	CODEX context is from a mapped adjacent section; no same-cell claim
NA	Nonresponder	1689	1318	0.108550288540079	0	1.69015705665223	1126.0000563	878.6667106	0.6666667	Visium full-resolution coordinates scaled to released hires H&E	CODEX context is from a mapped adjacent section; no same-cell claim
Tumor	Nonresponder	1689	1506	0.200990405405952	0.23114426434123	0.47054975801666	1126.0000563	1004.0000502	0.6666667	Visium full-resolution coordinates scaled to released hires H&E	CODEX context is from a mapped adjacent section; no same-cell claim
Tumor	Nonresponder	1387	1581	0.122171885330927	0.244977231786954	-0.629544461346096	924.6667129	1054.0000527	0.6666667	Visium full-resolution coordinates scaled to released hires H&E	CODEX context is from a mapped adjacent section; no same-cell claim
Tumor	Nonresponder	1733	1618	0.113141957605907	0.198871537101473	-0.587529375420458	1155.3333911	1078.6667206	0.6666667	Visium full-resolution coordinates scaled to released hires H&E	CODEX context is from a mapped adjacent section; no same-cell claim
Out-of-bound	Nonresponder	1765	1412	0.159811221106907	0.369393348729306	-0.59114307176806	1176.6667255	941.3333804	0.6666667	Visium full-resolution coordinates scaled to released hires H&E	CODEX context is from a mapped adjacent section; no same-cell claim
Stroma	Nonresponder	1409	1731	0.370945247666452	1.03539463143445	-0.415975637998514	939.3333803	1154.0000577	0.6666667	Visium full-resolution coordinates scaled to released hires H&E	CODEX context is from a mapped adjacent section; no same-cell claim
NA	Nonresponder	1170	1470	0.21008169622409	0.334226564006863	0.173121507830346	780.000039	980.000049	0.6666667	Visium full-resolution coordinates scaled to released hires H&E	CODEX context is from a mapped adjacent section; no same-cell claim
Stroma	Nonresponder	1884	1505	0.262292802319251	0.354243935361357	0.84302869581788	1256.0000628	1003.3333835	0.6666667	Visium full-resolution coordinates scaled to released hires H&E	CODEX context is from a mapped adjacent section; no same-cell claim
Stroma	Nonresponder	1495	1731	0.8265175335911	1.42424447625628	4.0486150740297	996.6667165	1154.0000577	0.6666667	Visium full-resolution coordinates scaled to released hires H&E	CODEX context is from a mapped adjacent section; no same-cell claim
Stroma	Nonresponder	1668	1431	0.346874781083624	0.815967979304622	0.108086227284647	1112.0000556	954.0000477	0.6666667	Visium full-resolution coordinates scaled to released hires H&E	CODEX context is from a mapped adjacent section; no same-cell claim
Tumor	Nonresponder	1787	1449	0.225561278256664	0.459488975218199	-0.18879307992272	1191.3333929	966.0000483	0.6666667	Visium full-resolution coordinates scaled to released hires H&E	CODEX context is from a mapped adjacent section; no same-cell claim
NA	Nonresponder	1385	1095	0	0	0.732867151403037	923.3333795	730.0000365	0.6666667	Visium full-resolution coordinates scaled to released hires H&E	CODEX context is from a mapped adjacent section; no same-cell claim
Tumor	Nonresponder	1462	1600	0.214611378593888	0.520929944786778	-0.542705443235237	974.6667154	1066.66672	0.6666667	Visium full-resolution coordinates scaled to released hires H&E	CODEX context is from a mapped adjacent section; no same-cell claim
NA	Nonresponder	1462	1338	0.110981170630839	0.223806890549876	-0.0124455382445335	974.6667154	892.0000446	0.6666667	Visium full-resolution coordinates scaled to released hires H&E	CODEX context is from a mapped adjacent section; no same-cell claim
Tumor	Nonresponder	1181	1488	0.178980163719754	0.299143564155129	-0.112154577188264	787.3333727	992.0000496	0.6666667	Visium full-resolution coordinates scaled to released hires H&E	CODEX context is from a mapped adjacent section; no same-cell claim
Stroma	Nonresponder	1451	1356	0.0540076250369414	0.271156658958265	-1.13465497586367	967.3333817	904.0000452	0.6666667	Visium full-resolution coordinates scaled to released hires H&E	CODEX context is from a mapped adjacent section; no same-cell claim
Stroma	Nonresponder	1441	1675	0.275100921971742	0.728734638029794	-0.439324681113072	960.6667147	1116.6667225	0.6666667	Visium full-resolution coordinates scaled to released hires H&E	CODEX context is from a mapped adjacent section; no same-cell claim
Stroma	Nonresponder	1549	1412	0.103496422673227	0.460560621176626	-1.06863204708458	1032.6667183	941.3333804	0.6666667	Visium full-resolution coordinates scaled to released hires H&E	CODEX context is from a mapped adjacent section; no same-cell claim
Tumor	Nonresponder	1658	1712	0.13839722939176	0.236305268652137	-0.424932403517394	1105.3333886	1141.3333904	0.6666667	Visium full-resolution coordinates scaled to released hires H&E	CODEX context is from a mapped adjacent section; no same-cell claim
Stroma	Nonresponder	1506	1787	0.613376919692871	1.27704922721886	1.85996504803918	1004.0000502	1191.3333929	0.6666667	Visium full-resolution coordinates scaled to released hires H&E	CODEX context is from a mapped adjacent section; no same-cell claim
Tumor	Nonresponder	1321	1432	0.15845861642463	0.48175458786481	-1.14306970978808	880.6667107	954.6667144	0.6666667	Visium full-resolution coordinates scaled to released hires H&E	CODEX context is from a mapped adjacent section; no same-cell claim
NA	Nonresponder	1516	1281	0	0	0.544140663913821	1010.6667172	854.0000427	0.6666667	Visium full-resolution coordinates scaled to released hires H&E	CODEX context is from a mapped adjacent section; no same-cell claim
Stroma	Nonresponder	1311	1713	0.264738635709154	0.557137187392123	0.00711325723759898	874.0000437	1142.0000571	0.6666667	Visium full-resolution coordinates scaled to released hires H&E	CODEX context is from a mapped adjacent section; no same-cell claim
Tumor	Nonresponder	1689	1431	0.248011094617955	0.504613378105622	-0.0500928655029066	1126.0000563	954.0000477	0.6666667	Visium full-resolution coordinates scaled to released hires H&E	CODEX context is from a mapped adjacent section; no same-cell claim
Tumor	Nonresponder	1343	1469	0.190872520439322	0.378964185431101	-0.294148486688176	895.3333781	979.3333823	0.6666667	Visium full-resolution coordinates scaled to released hires H&E	CODEX context is from a mapped adjacent section; no same-cell claim
Tumor	Nonresponder	1181	1601	0.230897284043422	0.457932267641404	-0.0863040227642689	787.3333727	1067.3333867	0.6666667	Visium full-resolution coordinates scaled to released hires H&E	CODEX context is from a mapped adjacent section; no same-cell claim
Tumor	Nonresponder	1170	1582	0.1903625890905	0.368951180168962	-0.263898331387526	780.000039	1054.6667194	0.6666667	Visium full-resolution coordinates scaled to released hires H&E	CODEX context is from a mapped adjacent section; no same-cell claim
Tumor	Nonresponder	1593	1674	0.170103479360228	0.549641190734028	-1.28890113482706	1062.0000531	1116.0000558	0.6666667	Visium full-resolution coordinates scaled to released hires H&E	CODEX context is from a mapped adjacent section; no same-cell claim
Tumor	Nonresponder	1289	1488	0.207434285950065	0.334668554534262	0.130919265427879	859.3333763	992.0000496	0.6666667	Visium full-resolution coordinates scaled to released hires H&E	CODEX context is from a mapped adjacent section; no same-cell claim
Tumor	Nonresponder	1820	1655	0.210042414183536	0.345768169711949	0.117333616515296	1213.333394	1103.3333885	0.6666667	Visium full-resolution coordinates scaled to released hires H&E	CODEX context is from a mapped adjacent section; no same-cell claim
