file	line	match_class	status	assessment
docs/AF35_PROVENANCE.md	11	session	SAFE_PUBLIC	Scientific software/session record, local guard or documented policy; not a credential value
docs/REPRODUCIBILITY_NOTES.md	19	authorization	SAFE_PUBLIC	Scientific software/session record, local guard or documented policy; not a credential value
environment/Python_environment.txt	3	session	SAFE_PUBLIC	Scientific software/session record, local guard or documented policy; not a credential value
environment/R_environment.txt	2	session	SAFE_PUBLIC	Scientific software/session record, local guard or documented policy; not a credential value
environment/RECORDED_ENVIRONMENT_SOURCES.tsv	2	session	SAFE_PUBLIC	Scientific software/session record, local guard or documented policy; not a credential value
environment/RECORDED_ENVIRONMENT_SOURCES.tsv	2	session	SAFE_PUBLIC	Scientific software/session record, local guard or documented policy; not a credential value
environment/RECORDED_ENVIRONMENT_SOURCES.tsv	3	session	SAFE_PUBLIC	Scientific software/session record, local guard or documented policy; not a credential value
environment/RECORDED_ENVIRONMENT_SOURCES.tsv	4	session	SAFE_PUBLIC	Scientific software/session record, local guard or documented policy; not a credential value
environment/RECORDED_ENVIRONMENT_SOURCES.tsv	4	session	SAFE_PUBLIC	Scientific software/session record, local guard or documented policy; not a credential value
environment/RECORDED_ENVIRONMENT_SOURCES.tsv	5	session	SAFE_PUBLIC	Scientific software/session record, local guard or documented policy; not a credential value
environment/RECORDED_ENVIRONMENT_SOURCES.tsv	6	session	SAFE_PUBLIC	Scientific software/session record, local guard or documented policy; not a credential value
environment/RECORDED_ENVIRONMENT_SOURCES.tsv	6	session	SAFE_PUBLIC	Scientific software/session record, local guard or documented policy; not a credential value
environment/RECORDED_ENVIRONMENT_SOURCES.tsv	7	session	SAFE_PUBLIC	Scientific software/session record, local guard or documented policy; not a credential value
environment/RECORDED_ENVIRONMENT_SOURCES.tsv	7	session	SAFE_PUBLIC	Scientific software/session record, local guard or documented policy; not a credential value
environment/RECORDED_ENVIRONMENT_SOURCES.tsv	8	session	SAFE_PUBLIC	Scientific software/session record, local guard or documented policy; not a credential value
environment/RECORDED_ENVIRONMENT_SOURCES.tsv	8	session	SAFE_PUBLIC	Scientific software/session record, local guard or documented policy; not a credential value
environment/RECORDED_ENVIRONMENT_SOURCES.tsv	9	session	SAFE_PUBLIC	Scientific software/session record, local guard or documented policy; not a credential value
environment/RECORDED_ENVIRONMENT_SOURCES.tsv	9	session	SAFE_PUBLIC	Scientific software/session record, local guard or documented policy; not a credential value
environment/RECORDED_ENVIRONMENT_SOURCES.tsv	10	session	SAFE_PUBLIC	Scientific software/session record, local guard or documented policy; not a credential value
environment/RECORDED_ENVIRONMENT_SOURCES.tsv	10	session	SAFE_PUBLIC	Scientific software/session record, local guard or documented policy; not a credential value
environment/RECORDED_ENVIRONMENT_SOURCES.tsv	11	session	SAFE_PUBLIC	Scientific software/session record, local guard or documented policy; not a credential value
environment/RECORDED_ENVIRONMENT_SOURCES.tsv	11	session	SAFE_PUBLIC	Scientific software/session record, local guard or documented policy; not a credential value
environment/RECORDED_ENVIRONMENT_SOURCES.tsv	12	session	SAFE_PUBLIC	Scientific software/session record, local guard or documented policy; not a credential value
environment/RECORDED_ENVIRONMENT_SOURCES.tsv	12	session	SAFE_PUBLIC	Scientific software/session record, local guard or documented policy; not a credential value
environment/RECORDED_ENVIRONMENT_SOURCES.tsv	13	session	SAFE_PUBLIC	Scientific software/session record, local guard or documented policy; not a credential value
environment/RECORDED_ENVIRONMENT_SOURCES.tsv	13	session	SAFE_PUBLIC	Scientific software/session record, local guard or documented policy; not a credential value
provenance/AF35_ORIGIN_SUMMARY.md	3	session	SAFE_PUBLIC	Scientific software/session record, local guard or documented policy; not a credential value
provenance/CURRENT_ANALYSIS_ENTRYPOINTS.tsv	19	session	SAFE_PUBLIC	Scientific software/session record, local guard or documented policy; not a credential value
provenance/CURRENT_ANALYSIS_ENTRYPOINTS.tsv	19	session	SAFE_PUBLIC	Scientific software/session record, local guard or documented policy; not a credential value
provenance/CURRENT_ANALYSIS_ENTRYPOINTS.tsv	26	patient_id	SAFE_PUBLIC	Source-code schema/variable or aggregate metadata; no individual-level record distributed
provenance/CURRENT_ANALYSIS_ENTRYPOINTS.tsv	26	patient_id	SAFE_PUBLIC	Source-code schema/variable or aggregate metadata; no individual-level record distributed
provenance/CURRENT_ANALYSIS_ENTRYPOINTS.tsv	41	patient_id	SAFE_PUBLIC	Source-code schema/variable or aggregate metadata; no individual-level record distributed
provenance/CURRENT_ANALYSIS_ENTRYPOINTS.tsv	60	patient_id	SAFE_PUBLIC	Source-code schema/variable or aggregate metadata; no individual-level record distributed
provenance/CURRENT_ANALYSIS_ENTRYPOINTS.tsv	60	cell_id	SAFE_PUBLIC	Source-code schema/variable or aggregate metadata; no individual-level record distributed
provenance/DIRECT_IO_CONTRACT.tsv	16	patient_id	SAFE_PUBLIC	Source-code schema/variable or aggregate metadata; no individual-level record distributed
provenance/DIRECT_IO_CONTRACT.tsv	18	patient_id	SAFE_PUBLIC	Source-code schema/variable or aggregate metadata; no individual-level record distributed
provenance/DIRECT_IO_CONTRACT.tsv	38	patient_id	SAFE_PUBLIC	Source-code schema/variable or aggregate metadata; no individual-level record distributed
provenance/DIRECT_IO_CONTRACT.tsv	38	patient_id	SAFE_PUBLIC	Source-code schema/variable or aggregate metadata; no individual-level record distributed
provenance/DIRECT_IO_CONTRACT.tsv	39	patient_id	SAFE_PUBLIC	Source-code schema/variable or aggregate metadata; no individual-level record distributed
provenance/DIRECT_IO_CONTRACT.tsv	40	patient_id	SAFE_PUBLIC	Source-code schema/variable or aggregate metadata; no individual-level record distributed
provenance/DIRECT_IO_CONTRACT.tsv	48	patient_id	SAFE_PUBLIC	Source-code schema/variable or aggregate metadata; no individual-level record distributed
provenance/DIRECT_IO_CONTRACT.tsv	50	patient_id	SAFE_PUBLIC	Source-code schema/variable or aggregate metadata; no individual-level record distributed
provenance/DIRECT_IO_CONTRACT.tsv	72	patient_id	SAFE_PUBLIC	Source-code schema/variable or aggregate metadata; no individual-level record distributed
provenance/DIRECT_IO_CONTRACT.tsv	84	patient_id	SAFE_PUBLIC	Source-code schema/variable or aggregate metadata; no individual-level record distributed
provenance/DIRECT_IO_CONTRACT.tsv	84	patient_id	SAFE_PUBLIC	Source-code schema/variable or aggregate metadata; no individual-level record distributed
provenance/DIRECT_IO_CONTRACT.tsv	88	patient_id	SAFE_PUBLIC	Source-code schema/variable or aggregate metadata; no individual-level record distributed
provenance/DIRECT_IO_CONTRACT.tsv	201	patient_id	SAFE_PUBLIC	Source-code schema/variable or aggregate metadata; no individual-level record distributed
provenance/DIRECT_IO_CONTRACT.tsv	203	patient_id	SAFE_PUBLIC	Source-code schema/variable or aggregate metadata; no individual-level record distributed
provenance/DIRECT_IO_CONTRACT.tsv	204	patient_id	SAFE_PUBLIC	Source-code schema/variable or aggregate metadata; no individual-level record distributed
provenance/DIRECT_IO_CONTRACT.tsv	269	session	SAFE_PUBLIC	Scientific software/session record, local guard or documented policy; not a credential value
provenance/DIRECT_IO_CONTRACT.tsv	269	session	SAFE_PUBLIC	Scientific software/session record, local guard or documented policy; not a credential value
provenance/DIRECT_IO_CONTRACT.tsv	327	patient_id	SAFE_PUBLIC	Source-code schema/variable or aggregate metadata; no individual-level record distributed
provenance/DIRECT_IO_CONTRACT.tsv	339	patient_id	SAFE_PUBLIC	Source-code schema/variable or aggregate metadata; no individual-level record distributed
provenance/DIRECT_IO_CONTRACT.tsv	339	patient_id	SAFE_PUBLIC	Source-code schema/variable or aggregate metadata; no individual-level record distributed
provenance/DIRECT_IO_CONTRACT.tsv	346	patient_id	SAFE_PUBLIC	Source-code schema/variable or aggregate metadata; no individual-level record distributed
provenance/DIRECT_IO_CONTRACT.tsv	362	patient_id	SAFE_PUBLIC	Source-code schema/variable or aggregate metadata; no individual-level record distributed
provenance/DIRECT_IO_CONTRACT.tsv	364	patient_id	SAFE_PUBLIC	Source-code schema/variable or aggregate metadata; no individual-level record distributed
provenance/DIRECT_IO_CONTRACT.tsv	367	patient_id	SAFE_PUBLIC	Source-code schema/variable or aggregate metadata; no individual-level record distributed
provenance/DIRECT_IO_CONTRACT.tsv	368	patient_id	SAFE_PUBLIC	Source-code schema/variable or aggregate metadata; no individual-level record distributed
provenance/DIRECT_IO_CONTRACT.tsv	412	token	SAFE_PUBLIC	Scientific software/session record, local guard or documented policy; not a credential value
provenance/DIRECT_IO_CONTRACT.tsv	417	session	SAFE_PUBLIC	Scientific software/session record, local guard or documented policy; not a credential value
provenance/DIRECT_IO_CONTRACT.tsv	505	patient_id	SAFE_PUBLIC	Source-code schema/variable or aggregate metadata; no individual-level record distributed
provenance/DIRECT_IO_CONTRACT.tsv	505	patient_id	SAFE_PUBLIC	Source-code schema/variable or aggregate metadata; no individual-level record distributed
provenance/DIRECT_IO_CONTRACT.tsv	506	patient_id	SAFE_PUBLIC	Source-code schema/variable or aggregate metadata; no individual-level record distributed
provenance/DIRECT_IO_CONTRACT.tsv	507	patient_id	SAFE_PUBLIC	Source-code schema/variable or aggregate metadata; no individual-level record distributed
provenance/DIRECT_IO_CONTRACT.tsv	537	patient_id	SAFE_PUBLIC	Source-code schema/variable or aggregate metadata; no individual-level record distributed
provenance/DIRECT_IO_CONTRACT.tsv	538	patient_id	SAFE_PUBLIC	Source-code schema/variable or aggregate metadata; no individual-level record distributed
provenance/DIRECT_IO_CONTRACT.tsv	808	cell_id	SAFE_PUBLIC	Source-code schema/variable or aggregate metadata; no individual-level record distributed
provenance/DIRECT_IO_CONTRACT.tsv	808	cell_id	SAFE_PUBLIC	Source-code schema/variable or aggregate metadata; no individual-level record distributed
provenance/DIRECT_IO_CONTRACT.tsv	813	patient_id	SAFE_PUBLIC	Source-code schema/variable or aggregate metadata; no individual-level record distributed
provenance/DIRECT_IO_CONTRACT.tsv	813	cell_id	SAFE_PUBLIC	Source-code schema/variable or aggregate metadata; no individual-level record distributed
provenance/SCRIPT_FILE_REFERENCES.tsv	36	patient_id	SAFE_PUBLIC	Source-code schema/variable or aggregate metadata; no individual-level record distributed
provenance/SCRIPT_FILE_REFERENCES.tsv	67	patient_id	SAFE_PUBLIC	Source-code schema/variable or aggregate metadata; no individual-level record distributed
provenance/SCRIPT_FILE_REFERENCES.tsv	88	patient_id	SAFE_PUBLIC	Source-code schema/variable or aggregate metadata; no individual-level record distributed
provenance/SCRIPT_FILE_REFERENCES.tsv	199	authorization	SAFE_PUBLIC	Scientific software/session record, local guard or documented policy; not a credential value
provenance/SCRIPT_FILE_REFERENCES.tsv	227	patient_id	SAFE_PUBLIC	Source-code schema/variable or aggregate metadata; no individual-level record distributed
provenance/SCRIPT_FILE_REFERENCES.tsv	255	patient_id	SAFE_PUBLIC	Source-code schema/variable or aggregate metadata; no individual-level record distributed
provenance/SCRIPT_FILE_REFERENCES.tsv	333	session	SAFE_PUBLIC	Scientific software/session record, local guard or documented policy; not a credential value
provenance/SCRIPT_FILE_REFERENCES.tsv	407	patient_id	SAFE_PUBLIC	Source-code schema/variable or aggregate metadata; no individual-level record distributed
provenance/SCRIPT_FILE_REFERENCES.tsv	424	patient_id	SAFE_PUBLIC	Source-code schema/variable or aggregate metadata; no individual-level record distributed
provenance/SCRIPT_FILE_REFERENCES.tsv	443	session	SAFE_PUBLIC	Scientific software/session record, local guard or documented policy; not a credential value
provenance/SCRIPT_FILE_REFERENCES.tsv	517	session	SAFE_PUBLIC	Scientific software/session record, local guard or documented policy; not a credential value
provenance/SCRIPT_FILE_REFERENCES.tsv	532	session	SAFE_PUBLIC	Scientific software/session record, local guard or documented policy; not a credential value
PUBLIC_REPOSITORY_RELEASE_GATE.md	14	token	SAFE_PUBLIC	Scientific software/session record, local guard or documented policy; not a credential value
PUBLIC_REPOSITORY_RELEASE_GATE.md	30	authorization	SAFE_PUBLIC	Scientific software/session record, local guard or documented policy; not a credential value
README.md	56	session	SAFE_PUBLIC	Scientific software/session record, local guard or documented policy; not a credential value
release/EXCLUDED_FILES.tsv	66	session	SAFE_PUBLIC	Scientific software/session record, local guard or documented policy; not a credential value
release/RELEASE_NOTES_v1.0.0.md	7	authorization	SAFE_PUBLIC	Scientific software/session record, local guard or documented policy; not a credential value
scripts/01_anchor_selection/HCC_ICI_project/04_scripts/04_target_ranking/01_finalize_target_evidence.R	22	patient_id	SAFE_PUBLIC	Source-code schema/variable or aggregate metadata; no individual-level record distributed
scripts/01_anchor_selection/HCC_ICI_project/04_scripts/04_target_ranking/01_finalize_target_evidence.R	23	patient_id	SAFE_PUBLIC	Source-code schema/variable or aggregate metadata; no individual-level record distributed
scripts/01_anchor_selection/HCC_ICI_project/04_scripts/04_target_ranking/01_finalize_target_evidence.R	71	patient_id	SAFE_PUBLIC	Source-code schema/variable or aggregate metadata; no individual-level record distributed
scripts/01_anchor_selection/HCC_ICI_project/04_scripts/04_target_ranking/01_finalize_target_evidence.R	76	patient_id	SAFE_PUBLIC	Source-code schema/variable or aggregate metadata; no individual-level record distributed
scripts/01_anchor_selection/HCC_ICI_project/04_scripts/04_target_ranking/01_finalize_target_evidence.R	87	patient_id	SAFE_PUBLIC	Source-code schema/variable or aggregate metadata; no individual-level record distributed
scripts/01_anchor_selection/HCC_ICI_project/04_scripts/04_target_ranking/01_finalize_target_evidence.R	88	patient_id	SAFE_PUBLIC	Source-code schema/variable or aggregate metadata; no individual-level record distributed
scripts/01_anchor_selection/HCC_ICI_project/04_scripts/04_target_ranking/01_finalize_target_evidence.R	169	session	SAFE_PUBLIC	Scientific software/session record, local guard or documented policy; not a credential value
scripts/01_anchor_selection/HCC_ICI_project/04_scripts/04_target_ranking/01_finalize_target_evidence.R	170	session	SAFE_PUBLIC	Scientific software/session record, local guard or documented policy; not a credential value
scripts/02_state_architecture/HCC_ICI_project/04_scripts/phase2/07_functional_program_GSE206325.R	106	patient_id	SAFE_PUBLIC	Source-code schema/variable or aggregate metadata; no individual-level record distributed
scripts/02_state_architecture/HCC_ICI_project/04_scripts/phase2/07_functional_program_GSE206325.R	106	patient_id	SAFE_PUBLIC	Source-code schema/variable or aggregate metadata; no individual-level record distributed
scripts/02_state_architecture/HCC_ICI_project/04_scripts/phase2/07_functional_program_GSE206325.R	158	session	SAFE_PUBLIC	Scientific software/session record, local guard or documented policy; not a credential value
scripts/02_state_architecture/HCC_ICI_project/04_scripts/phase2/07_functional_program_GSE206325.R	159	session	SAFE_PUBLIC	Scientific software/session record, local guard or documented policy; not a credential value
scripts/02_state_architecture/PTPN22_AF35_COUPLING_ARCHITECTURE_v1/scripts/01_source_audit.py	52	patient_id	SAFE_PUBLIC	Source-code schema/variable or aggregate metadata; no individual-level record distributed
scripts/02_state_architecture/PTPN22_AF35_COUPLING_ARCHITECTURE_v1/scripts/01_source_audit.py	53	patient_id	SAFE_PUBLIC	Source-code schema/variable or aggregate metadata; no individual-level record distributed
scripts/03_AF35_measurement/AF35_AGGREGATION_COMPOSITION_DECOMPOSITION_v1/scripts/01_freeze.py	15	patient_id	SAFE_PUBLIC	Source-code schema/variable or aggregate metadata; no individual-level record distributed
scripts/03_AF35_measurement/AF35_AGGREGATION_COMPOSITION_DECOMPOSITION_v1/scripts/01_freeze.py	15	patient_id	SAFE_PUBLIC	Source-code schema/variable or aggregate metadata; no individual-level record distributed
scripts/03_AF35_measurement/AF35_AGGREGATION_COMPOSITION_DECOMPOSITION_v1/scripts/01_freeze.py	41	patient_id	SAFE_PUBLIC	Source-code schema/variable or aggregate metadata; no individual-level record distributed
scripts/03_AF35_measurement/AF35_AGGREGATION_COMPOSITION_DECOMPOSITION_v1/scripts/01_freeze.py	64	patient_id	SAFE_PUBLIC	Source-code schema/variable or aggregate metadata; no individual-level record distributed
scripts/03_AF35_measurement/AF35_AGGREGATION_COMPOSITION_DECOMPOSITION_v1/scripts/01_freeze.py	64	patient_id	SAFE_PUBLIC	Source-code schema/variable or aggregate metadata; no individual-level record distributed
scripts/03_AF35_measurement/AF35_AGGREGATION_COMPOSITION_DECOMPOSITION_v1/scripts/01_freeze.py	65	patient_id	SAFE_PUBLIC	Source-code schema/variable or aggregate metadata; no individual-level record distributed
scripts/03_AF35_measurement/AF35_AGGREGATION_COMPOSITION_DECOMPOSITION_v1/scripts/01_freeze.py	65	patient_id	SAFE_PUBLIC	Source-code schema/variable or aggregate metadata; no individual-level record distributed
scripts/03_AF35_measurement/AF35_AGGREGATION_COMPOSITION_DECOMPOSITION_v1/scripts/01_freeze.py	66	patient_id	SAFE_PUBLIC	Source-code schema/variable or aggregate metadata; no individual-level record distributed
scripts/03_AF35_measurement/AF35_AGGREGATION_COMPOSITION_DECOMPOSITION_v1/scripts/01_freeze.py	66	patient_id	SAFE_PUBLIC	Source-code schema/variable or aggregate metadata; no individual-level record distributed
scripts/03_AF35_measurement/AF35_AGGREGATION_COMPOSITION_DECOMPOSITION_v1/scripts/01_freeze.py	69	patient_id	SAFE_PUBLIC	Source-code schema/variable or aggregate metadata; no individual-level record distributed
scripts/03_AF35_measurement/AF35_AGGREGATION_COMPOSITION_DECOMPOSITION_v1/scripts/01_freeze.py	71	patient_id	SAFE_PUBLIC	Source-code schema/variable or aggregate metadata; no individual-level record distributed
scripts/03_AF35_measurement/AF35_AGGREGATION_COMPOSITION_DECOMPOSITION_v1/scripts/01_freeze.py	73	patient_id	SAFE_PUBLIC	Source-code schema/variable or aggregate metadata; no individual-level record distributed
scripts/03_AF35_measurement/AF35_AGGREGATION_COMPOSITION_DECOMPOSITION_v1/scripts/01_freeze.py	76	patient_id	SAFE_PUBLIC	Source-code schema/variable or aggregate metadata; no individual-level record distributed
scripts/03_AF35_measurement/AF35_AGGREGATION_COMPOSITION_DECOMPOSITION_v1/scripts/01_freeze.py	78	patient_id	SAFE_PUBLIC	Source-code schema/variable or aggregate metadata; no individual-level record distributed
scripts/03_AF35_measurement/AF35_AGGREGATION_COMPOSITION_DECOMPOSITION_v1/scripts/01_freeze.py	84	patient_id	SAFE_PUBLIC	Source-code schema/variable or aggregate metadata; no individual-level record distributed
scripts/03_AF35_measurement/AF35_AGGREGATION_COMPOSITION_DECOMPOSITION_v1/scripts/01_freeze.py	90	patient_id	SAFE_PUBLIC	Source-code schema/variable or aggregate metadata; no individual-level record distributed
scripts/03_AF35_measurement/AF35_FUNCTIONAL_ROLE_STATE_ARCHITECTURE_v1/scripts/00_initialize.py	27	patient_id	SAFE_PUBLIC	Source-code schema/variable or aggregate metadata; no individual-level record distributed
scripts/03_AF35_measurement/AF35_FUNCTIONAL_ROLE_STATE_ARCHITECTURE_v1/scripts/03_molecular_and_state.py	13	patient_id	SAFE_PUBLIC	Source-code schema/variable or aggregate metadata; no individual-level record distributed
scripts/03_AF35_measurement/AF35_FUNCTIONAL_ROLE_STATE_ARCHITECTURE_v1/scripts/03_molecular_and_state.py	13	patient_id	SAFE_PUBLIC	Source-code schema/variable or aggregate metadata; no individual-level record distributed
scripts/03_AF35_measurement/AF35_FUNCTIONAL_ROLE_STATE_ARCHITECTURE_v1/scripts/03_molecular_and_state.py	14	patient_id	SAFE_PUBLIC	Source-code schema/variable or aggregate metadata; no individual-level record distributed
scripts/03_AF35_measurement/AF35_FUNCTIONAL_ROLE_STATE_ARCHITECTURE_v1/scripts/03_molecular_and_state.py	14	patient_id	SAFE_PUBLIC	Source-code schema/variable or aggregate metadata; no individual-level record distributed
scripts/03_AF35_measurement/AF35_FUNCTIONAL_ROLE_STATE_ARCHITECTURE_v1/scripts/03_molecular_and_state.py	15	patient_id	SAFE_PUBLIC	Source-code schema/variable or aggregate metadata; no individual-level record distributed
scripts/03_AF35_measurement/AF35_FUNCTIONAL_ROLE_STATE_ARCHITECTURE_v1/scripts/03_molecular_and_state.py	15	patient_id	SAFE_PUBLIC	Source-code schema/variable or aggregate metadata; no individual-level record distributed
scripts/03_AF35_measurement/AF35_RESPONSE_BLIND_PROGRAM_COHERENCE_v1/scripts/00_initialize.py	60	patient_id	SAFE_PUBLIC	Source-code schema/variable or aggregate metadata; no individual-level record distributed
scripts/03_AF35_measurement/AF35_RESPONSE_BLIND_PROGRAM_COHERENCE_v1/scripts/00_initialize.py	60	patient_id	SAFE_PUBLIC	Source-code schema/variable or aggregate metadata; no individual-level record distributed
scripts/03_AF35_measurement/AF35_RESPONSE_BLIND_PROGRAM_COHERENCE_v1/scripts/00_initialize.py	62	patient_id	SAFE_PUBLIC	Source-code schema/variable or aggregate metadata; no individual-level record distributed
scripts/03_AF35_measurement/AF35_RESPONSE_BLIND_PROGRAM_COHERENCE_v1/scripts/00_initialize.py	62	patient_id	SAFE_PUBLIC	Source-code schema/variable or aggregate metadata; no individual-level record distributed
scripts/03_AF35_measurement/AF35_RESPONSE_BLIND_PROGRAM_COHERENCE_v1/scripts/01_freeze_and_analyze.py	37	patient_id	SAFE_PUBLIC	Source-code schema/variable or aggregate metadata; no individual-level record distributed
scripts/03_AF35_measurement/AF35_RESPONSE_BLIND_PROGRAM_COHERENCE_v1/scripts/01_freeze_and_analyze.py	49	patient_id	SAFE_PUBLIC	Source-code schema/variable or aggregate metadata; no individual-level record distributed
scripts/03_AF35_measurement/AF35_RESPONSE_BLIND_PROGRAM_COHERENCE_v1/scripts/01_freeze_and_analyze.py	72	patient_id	SAFE_PUBLIC	Source-code schema/variable or aggregate metadata; no individual-level record distributed
scripts/03_AF35_measurement/AF35_RESPONSE_BLIND_PROGRAM_COHERENCE_v1/scripts/01_freeze_and_analyze.py	72	patient_id	SAFE_PUBLIC	Source-code schema/variable or aggregate metadata; no individual-level record distributed
scripts/03_AF35_measurement/AF35_RESPONSE_BLIND_PROGRAM_COHERENCE_v1/scripts/01_freeze_and_analyze.py	74	patient_id	SAFE_PUBLIC	Source-code schema/variable or aggregate metadata; no individual-level record distributed
scripts/03_AF35_measurement/AF35_RESPONSE_BLIND_PROGRAM_COHERENCE_v1/scripts/01_freeze_and_analyze.py	76	patient_id	SAFE_PUBLIC	Source-code schema/variable or aggregate metadata; no individual-level record distributed
scripts/03_AF35_measurement/AF35_RESPONSE_BLIND_PROGRAM_COHERENCE_v1/scripts/01_freeze_and_analyze.py	115	patient_id	SAFE_PUBLIC	Source-code schema/variable or aggregate metadata; no individual-level record distributed
scripts/04_clonotype/AF35_CLONOTYPE_NEUTRALIZED_STATE_OCCUPANCY_v1/scripts/common.py	35	patient_id	SAFE_PUBLIC	Source-code schema/variable or aggregate metadata; no individual-level record distributed
scripts/04_clonotype/AF35_CLONOTYPE_NEUTRALIZED_STATE_OCCUPANCY_v1/scripts/common.py	41	patient_id	SAFE_PUBLIC	Source-code schema/variable or aggregate metadata; no individual-level record distributed
scripts/04_clonotype/AF35_LONGITUDINAL_CLONAL_STATE_DYNAMICS_M2_CLEANROOM_v1/scripts/07_phaseB_verify.R	74	session	SAFE_PUBLIC	Scientific software/session record, local guard or documented policy; not a credential value
scripts/04_clonotype/AF35_LONGITUDINAL_CLONAL_STATE_DYNAMICS_M2_CLEANROOM_v1/scripts/07_phaseB_verify.R	74	session	SAFE_PUBLIC	Scientific software/session record, local guard or documented policy; not a credential value
scripts/04_clonotype/GSE235863_CLONE_STATE_DECOMPOSITION_v1/authority/04_scripts/phase19/02_phase19a_patient_analysis.py	154	patient_id	SAFE_PUBLIC	Source-code schema/variable or aggregate metadata; no individual-level record distributed
scripts/04_clonotype/GSE235863_CLONE_STATE_DECOMPOSITION_v1/authority/04_scripts/phase19/02_phase19a_patient_analysis.py	170	patient_id	SAFE_PUBLIC	Source-code schema/variable or aggregate metadata; no individual-level record distributed
scripts/04_clonotype/GSE235863_CLONE_STATE_DECOMPOSITION_v1/scripts/02_analyze.py	202	sample_id	SAFE_PUBLIC	Source-code schema/variable or aggregate metadata; no individual-level record distributed
scripts/04_clonotype/GSE235863_CLONE_STATE_DECOMPOSITION_v1/scripts/02_analyze.py	233	token	SAFE_PUBLIC	Scientific software/session record, local guard or documented policy; not a credential value
scripts/04_clonotype/GSE235863_CLONE_STATE_DECOMPOSITION_v1/scripts/02_analyze.py	267	session	SAFE_PUBLIC	Scientific software/session record, local guard or documented policy; not a credential value
scripts/04_clonotype/HCC_ICI_project/04_scripts/final_harmonization/01_meta_clone_compartment.R	356	token	SAFE_PUBLIC	Scientific software/session record, local guard or documented policy; not a credential value
scripts/04_clonotype/HCC_ICI_project/04_scripts/final_harmonization/01_meta_clone_compartment.R	359	token	SAFE_PUBLIC	Scientific software/session record, local guard or documented policy; not a credential value
scripts/04_clonotype/HCC_ICI_project/04_scripts/final_harmonization/01_meta_clone_compartment.R	359	token	SAFE_PUBLIC	Scientific software/session record, local guard or documented policy; not a credential value
scripts/04_clonotype/HCC_ICI_project/04_scripts/final_harmonization/01_meta_clone_compartment.R	363	sample_id	SAFE_PUBLIC	Source-code schema/variable or aggregate metadata; no individual-level record distributed
scripts/04_clonotype/HCC_ICI_project/04_scripts/final_harmonization/01_meta_clone_compartment.R	405	session	SAFE_PUBLIC	Scientific software/session record, local guard or documented policy; not a credential value
scripts/04_clonotype/HCC_ICI_project/04_scripts/final_harmonization/01_meta_clone_compartment.R	406	session	SAFE_PUBLIC	Scientific software/session record, local guard or documented policy; not a credential value
scripts/04_clonotype/HCC_ICI_project/04_scripts/phase3/03_independent_scrna_sctcr_clone_state.R	426	session	SAFE_PUBLIC	Scientific software/session record, local guard or documented policy; not a credential value
scripts/04_clonotype/HCC_ICI_project/04_scripts/phase3/03_independent_scrna_sctcr_clone_state.R	427	session	SAFE_PUBLIC	Scientific software/session record, local guard or documented policy; not a credential value
scripts/04_clonotype/HCC_ICI_project/04_scripts/phase_temporal/01_gse235863_baseline_future_clone_fate.R	142	sample_id	SAFE_PUBLIC	Source-code schema/variable or aggregate metadata; no individual-level record distributed
scripts/04_clonotype/HCC_ICI_project/04_scripts/phase_temporal/01_gse235863_baseline_future_clone_fate.R	143	sample_id	SAFE_PUBLIC	Source-code schema/variable or aggregate metadata; no individual-level record distributed
scripts/04_clonotype/HCC_ICI_project/04_scripts/phase_temporal/01_gse235863_baseline_future_clone_fate.R	166	sample_id	SAFE_PUBLIC	Source-code schema/variable or aggregate metadata; no individual-level record distributed
scripts/04_clonotype/HCC_ICI_project/04_scripts/phase_temporal/01_gse235863_baseline_future_clone_fate.R	183	sample_id	SAFE_PUBLIC	Source-code schema/variable or aggregate metadata; no individual-level record distributed
scripts/04_clonotype/HCC_ICI_project/04_scripts/phase_temporal/01_gse235863_baseline_future_clone_fate.R	185	sample_id	SAFE_PUBLIC	Source-code schema/variable or aggregate metadata; no individual-level record distributed
scripts/04_clonotype/HCC_ICI_project/04_scripts/phase_temporal/01_gse235863_baseline_future_clone_fate.R	199	sample_id	SAFE_PUBLIC	Source-code schema/variable or aggregate metadata; no individual-level record distributed
scripts/04_clonotype/HCC_ICI_project/04_scripts/phase_temporal/01_gse235863_baseline_future_clone_fate.R	202	sample_id	SAFE_PUBLIC	Source-code schema/variable or aggregate metadata; no individual-level record distributed
scripts/04_clonotype/HCC_ICI_project/04_scripts/phase_temporal/01_gse235863_baseline_future_clone_fate.R	203	sample_id	SAFE_PUBLIC	Source-code schema/variable or aggregate metadata; no individual-level record distributed
scripts/04_clonotype/HCC_ICI_project/04_scripts/phase_temporal/01_gse235863_baseline_future_clone_fate.R	208	sample_id	SAFE_PUBLIC	Source-code schema/variable or aggregate metadata; no individual-level record distributed
scripts/04_clonotype/HCC_ICI_project/04_scripts/phase_temporal/01_gse235863_baseline_future_clone_fate.R	208	sample_id	SAFE_PUBLIC	Source-code schema/variable or aggregate metadata; no individual-level record distributed
scripts/04_clonotype/HCC_ICI_project/04_scripts/phase_temporal/01_gse235863_baseline_future_clone_fate.R	213	sample_id	SAFE_PUBLIC	Source-code schema/variable or aggregate metadata; no individual-level record distributed
scripts/04_clonotype/HCC_ICI_project/04_scripts/phase_temporal/01_gse235863_baseline_future_clone_fate.R	213	sample_id	SAFE_PUBLIC	Source-code schema/variable or aggregate metadata; no individual-level record distributed
scripts/04_clonotype/HCC_ICI_project/04_scripts/phase_temporal/01_gse235863_baseline_future_clone_fate.R	213	sample_id	SAFE_PUBLIC	Source-code schema/variable or aggregate metadata; no individual-level record distributed
scripts/04_clonotype/HCC_ICI_project/04_scripts/phase_temporal/01_gse235863_baseline_future_clone_fate.R	213	sample_id	SAFE_PUBLIC	Source-code schema/variable or aggregate metadata; no individual-level record distributed
scripts/04_clonotype/HCC_ICI_project/04_scripts/phase_temporal/01_gse235863_baseline_future_clone_fate.R	244	patient_id	SAFE_PUBLIC	Source-code schema/variable or aggregate metadata; no individual-level record distributed
scripts/04_clonotype/HCC_ICI_project/04_scripts/phase_temporal/01_gse235863_baseline_future_clone_fate.R	247	patient_id	SAFE_PUBLIC	Source-code schema/variable or aggregate metadata; no individual-level record distributed
scripts/04_clonotype/HCC_ICI_project/04_scripts/phase_temporal/01_gse235863_baseline_future_clone_fate.R	250	patient_id	SAFE_PUBLIC	Source-code schema/variable or aggregate metadata; no individual-level record distributed
scripts/04_clonotype/HCC_ICI_project/04_scripts/phase_temporal/01_gse235863_baseline_future_clone_fate.R	274	patient_id	SAFE_PUBLIC	Source-code schema/variable or aggregate metadata; no individual-level record distributed
scripts/04_clonotype/HCC_ICI_project/04_scripts/phase_temporal/01_gse235863_baseline_future_clone_fate.R	277	sample_id	SAFE_PUBLIC	Source-code schema/variable or aggregate metadata; no individual-level record distributed
scripts/04_clonotype/HCC_ICI_project/04_scripts/phase_temporal/01_gse235863_baseline_future_clone_fate.R	277	sample_id	SAFE_PUBLIC	Source-code schema/variable or aggregate metadata; no individual-level record distributed
scripts/04_clonotype/HCC_ICI_project/04_scripts/phase_temporal/01_gse235863_baseline_future_clone_fate.R	278	sample_id	SAFE_PUBLIC	Source-code schema/variable or aggregate metadata; no individual-level record distributed
scripts/04_clonotype/HCC_ICI_project/04_scripts/phase_temporal/01_gse235863_baseline_future_clone_fate.R	278	sample_id	SAFE_PUBLIC	Source-code schema/variable or aggregate metadata; no individual-level record distributed
scripts/04_clonotype/HCC_ICI_project/04_scripts/phase_temporal/01_gse235863_baseline_future_clone_fate.R	292	token	SAFE_PUBLIC	Scientific software/session record, local guard or documented policy; not a credential value
scripts/04_clonotype/HCC_ICI_project/04_scripts/phase_temporal/01_gse235863_baseline_future_clone_fate.R	297	patient_id	SAFE_PUBLIC	Source-code schema/variable or aggregate metadata; no individual-level record distributed
scripts/04_clonotype/HCC_ICI_project/04_scripts/phase_temporal/01_gse235863_baseline_future_clone_fate.R	323	sample_id	SAFE_PUBLIC	Source-code schema/variable or aggregate metadata; no individual-level record distributed
scripts/04_clonotype/HCC_ICI_project/04_scripts/phase_temporal/01_gse235863_baseline_future_clone_fate.R	323	sample_id	SAFE_PUBLIC	Source-code schema/variable or aggregate metadata; no individual-level record distributed
scripts/04_clonotype/HCC_ICI_project/04_scripts/phase_temporal/01_gse235863_baseline_future_clone_fate.R	324	sample_id	SAFE_PUBLIC	Source-code schema/variable or aggregate metadata; no individual-level record distributed
scripts/04_clonotype/HCC_ICI_project/04_scripts/phase_temporal/01_gse235863_baseline_future_clone_fate.R	324	sample_id	SAFE_PUBLIC	Source-code schema/variable or aggregate metadata; no individual-level record distributed
scripts/04_clonotype/HCC_ICI_project/04_scripts/phase_temporal/01_gse235863_baseline_future_clone_fate.R	513	patient_id	SAFE_PUBLIC	Source-code schema/variable or aggregate metadata; no individual-level record distributed
scripts/04_clonotype/HCC_ICI_project/04_scripts/phase_temporal/01_gse235863_baseline_future_clone_fate.R	514	patient_id	SAFE_PUBLIC	Source-code schema/variable or aggregate metadata; no individual-level record distributed
scripts/04_clonotype/HCC_ICI_project/04_scripts/phase_temporal/01_gse235863_baseline_future_clone_fate.R	531	patient_id	SAFE_PUBLIC	Source-code schema/variable or aggregate metadata; no individual-level record distributed
scripts/04_clonotype/HCC_ICI_project/04_scripts/phase_temporal/01_gse235863_baseline_future_clone_fate.R	532	patient_id	SAFE_PUBLIC	Source-code schema/variable or aggregate metadata; no individual-level record distributed
scripts/04_clonotype/HCC_ICI_project/04_scripts/phase_temporal/01_gse235863_baseline_future_clone_fate.R	697	patient_id	SAFE_PUBLIC	Source-code schema/variable or aggregate metadata; no individual-level record distributed
scripts/04_clonotype/HCC_ICI_project/04_scripts/phase_temporal/01_gse235863_baseline_future_clone_fate.R	754	patient_id	SAFE_PUBLIC	Source-code schema/variable or aggregate metadata; no individual-level record distributed
scripts/04_clonotype/HCC_ICI_project/04_scripts/phase_temporal/01_gse235863_baseline_future_clone_fate.R	755	patient_id	SAFE_PUBLIC	Source-code schema/variable or aggregate metadata; no individual-level record distributed
scripts/04_clonotype/HCC_ICI_project/04_scripts/phase_temporal/01_gse235863_baseline_future_clone_fate.R	756	patient_id	SAFE_PUBLIC	Source-code schema/variable or aggregate metadata; no individual-level record distributed
scripts/04_clonotype/HCC_ICI_project/04_scripts/phase_temporal/01_gse235863_baseline_future_clone_fate.R	764	patient_id	SAFE_PUBLIC	Source-code schema/variable or aggregate metadata; no individual-level record distributed
scripts/04_clonotype/HCC_ICI_project/04_scripts/phase_temporal/01_gse235863_baseline_future_clone_fate.R	769	patient_id	SAFE_PUBLIC	Source-code schema/variable or aggregate metadata; no individual-level record distributed
scripts/04_clonotype/HCC_ICI_project/04_scripts/phase_temporal/01_gse235863_baseline_future_clone_fate.R	770	patient_id	SAFE_PUBLIC	Source-code schema/variable or aggregate metadata; no individual-level record distributed
scripts/04_clonotype/HCC_ICI_project/04_scripts/phase_temporal/01_gse235863_baseline_future_clone_fate.R	771	patient_id	SAFE_PUBLIC	Source-code schema/variable or aggregate metadata; no individual-level record distributed
scripts/04_clonotype/HCC_ICI_project/04_scripts/phase_temporal/01_gse235863_baseline_future_clone_fate.R	773	patient_id	SAFE_PUBLIC	Source-code schema/variable or aggregate metadata; no individual-level record distributed
scripts/04_clonotype/HCC_ICI_project/04_scripts/phase_temporal/01_gse235863_baseline_future_clone_fate.R	774	patient_id	SAFE_PUBLIC	Source-code schema/variable or aggregate metadata; no individual-level record distributed
scripts/04_clonotype/HCC_ICI_project/04_scripts/phase_temporal/01_gse235863_baseline_future_clone_fate.R	813	sample_id	SAFE_PUBLIC	Source-code schema/variable or aggregate metadata; no individual-level record distributed
scripts/04_clonotype/HCC_ICI_project/04_scripts/phase_temporal/01_gse235863_baseline_future_clone_fate.R	813	sample_id	SAFE_PUBLIC	Source-code schema/variable or aggregate metadata; no individual-level record distributed
scripts/04_clonotype/HCC_ICI_project/04_scripts/phase_temporal/01_gse235863_baseline_future_clone_fate.R	861	session	SAFE_PUBLIC	Scientific software/session record, local guard or documented policy; not a credential value
scripts/04_clonotype/HCC_ICI_project/04_scripts/phase_temporal/01_gse235863_baseline_future_clone_fate.R	862	session	SAFE_PUBLIC	Scientific software/session record, local guard or documented policy; not a credential value
scripts/05_spatial/HCC_FINAL_AI_REVIEW_CORRECTION_20260921_V1/audit/wu_bounded_sensitivity.R	9	sample_id	SAFE_PUBLIC	Source-code schema/variable or aggregate metadata; no individual-level record distributed
scripts/05_spatial/HCC_FINAL_AI_REVIEW_CORRECTION_20260921_V1/audit/wu_bounded_sensitivity.R	9	sample_id	SAFE_PUBLIC	Source-code schema/variable or aggregate metadata; no individual-level record distributed
scripts/05_spatial/HCC_FINAL_AI_REVIEW_CORRECTION_20260921_V1/audit/wu_bounded_sensitivity.R	19	sample_id	SAFE_PUBLIC	Source-code schema/variable or aggregate metadata; no individual-level record distributed
scripts/05_spatial/HCC_FINAL_AI_REVIEW_CORRECTION_20260921_V1/audit/wu_bounded_sensitivity.R	20	sample_id	SAFE_PUBLIC	Source-code schema/variable or aggregate metadata; no individual-level record distributed
scripts/05_spatial/HCC_FINAL_AI_REVIEW_CORRECTION_20260921_V1/audit/wu_bounded_sensitivity.R	28	sample_id	SAFE_PUBLIC	Source-code schema/variable or aggregate metadata; no individual-level record distributed
scripts/05_spatial/HCC_FINAL_AI_REVIEW_CORRECTION_20260921_V1/audit/wu_bounded_sensitivity.R	29	sample_id	SAFE_PUBLIC	Source-code schema/variable or aggregate metadata; no individual-level record distributed
scripts/05_spatial/HCC_FINAL_AI_REVIEW_CORRECTION_20260921_V1/audit/wu_bounded_sensitivity.R	29	patient_id	SAFE_PUBLIC	Source-code schema/variable or aggregate metadata; no individual-level record distributed
scripts/05_spatial/HCC_FINAL_AI_REVIEW_CORRECTION_20260921_V1/audit/wu_bounded_sensitivity.R	30	sample_id	SAFE_PUBLIC	Source-code schema/variable or aggregate metadata; no individual-level record distributed
scripts/05_spatial/HCC_FINAL_AI_REVIEW_CORRECTION_20260921_V1/audit/wu_bounded_sensitivity.R	30	patient_id	SAFE_PUBLIC	Source-code schema/variable or aggregate metadata; no individual-level record distributed
scripts/05_spatial/HCC_FINAL_AI_REVIEW_CORRECTION_20260921_V1/audit/wu_bounded_sensitivity.R	30	patient_id	SAFE_PUBLIC	Source-code schema/variable or aggregate metadata; no individual-level record distributed
scripts/05_spatial/HCC_FINAL_AI_REVIEW_CORRECTION_20260921_V1/audit/wu_bounded_sensitivity.R	38	session	SAFE_PUBLIC	Scientific software/session record, local guard or documented policy; not a credential value
scripts/05_spatial/HCC_FINAL_AI_REVIEW_CORRECTION_20260921_V1/audit/wu_bounded_sensitivity.R	38	session	SAFE_PUBLIC	Scientific software/session record, local guard or documented policy; not a credential value
scripts/05_spatial/HCC_ICI_BIOLOGICAL_RESOLUTION_BR1_v1/scripts/module_d_prepare_spatial_tables.R	38	sample_id	SAFE_PUBLIC	Source-code schema/variable or aggregate metadata; no individual-level record distributed
scripts/05_spatial/HCC_ICI_BIOLOGICAL_RESOLUTION_BR1_v1/scripts/module_d_prepare_spatial_tables.R	39	sample_id	SAFE_PUBLIC	Source-code schema/variable or aggregate metadata; no individual-level record distributed
scripts/05_spatial/HCC_ICI_BIOLOGICAL_RESOLUTION_BR1_v1/scripts/module_d_prepare_spatial_tables.R	40	sample_id	SAFE_PUBLIC	Source-code schema/variable or aggregate metadata; no individual-level record distributed
scripts/05_spatial/HCC_ICI_BIOLOGICAL_RESOLUTION_BR1_v1/scripts/module_d_prepare_spatial_tables.R	40	sample_id	SAFE_PUBLIC	Source-code schema/variable or aggregate metadata; no individual-level record distributed
scripts/05_spatial/HCC_ICI_BIOLOGICAL_RESOLUTION_BR1_v1/scripts/module_d_prepare_spatial_tables.R	41	sample_id	SAFE_PUBLIC	Source-code schema/variable or aggregate metadata; no individual-level record distributed
scripts/05_spatial/HCC_ICI_BIOLOGICAL_RESOLUTION_BR1_v1/scripts/module_d_prepare_spatial_tables.R	44	sample_id	SAFE_PUBLIC	Source-code schema/variable or aggregate metadata; no individual-level record distributed
scripts/05_spatial/HCC_ICI_BIOLOGICAL_RESOLUTION_BR1_v1/scripts/module_d_prepare_spatial_tables.R	50	sample_id	SAFE_PUBLIC	Source-code schema/variable or aggregate metadata; no individual-level record distributed
scripts/05_spatial/HCC_ICI_BIOLOGICAL_RESOLUTION_BR1_v1/scripts/module_d_prepare_spatial_tables.R	50	sample_id	SAFE_PUBLIC	Source-code schema/variable or aggregate metadata; no individual-level record distributed
scripts/05_spatial/HCC_ICI_BIOLOGICAL_RESOLUTION_BR1_v1/scripts/module_d_prepare_spatial_tables.R	59	sample_id	SAFE_PUBLIC	Source-code schema/variable or aggregate metadata; no individual-level record distributed
scripts/05_spatial/HCC_ICI_BIOLOGICAL_RESOLUTION_BR1_v1/scripts/module_d_prepare_spatial_tables.R	60	sample_id	SAFE_PUBLIC	Source-code schema/variable or aggregate metadata; no individual-level record distributed
scripts/05_spatial/HCC_ICI_BIOLOGICAL_RESOLUTION_BR1_v1/scripts/module_d_prepare_spatial_tables.R	78	sample_id	SAFE_PUBLIC	Source-code schema/variable or aggregate metadata; no individual-level record distributed
scripts/05_spatial/HCC_ICI_BIOLOGICAL_RESOLUTION_BR1_v1/scripts/module_d_prepare_spatial_tables.R	83	sample_id	SAFE_PUBLIC	Source-code schema/variable or aggregate metadata; no individual-level record distributed
scripts/05_spatial/HCC_ICI_BIOLOGICAL_RESOLUTION_BR1_v1/scripts/module_d_prepare_spatial_tables.R	90	sample_id	SAFE_PUBLIC	Source-code schema/variable or aggregate metadata; no individual-level record distributed
scripts/05_spatial/HCC_ICI_BIOLOGICAL_RESOLUTION_BR1_v1/scripts/module_d_prepare_spatial_tables.R	108	patient_id	SAFE_PUBLIC	Source-code schema/variable or aggregate metadata; no individual-level record distributed
scripts/05_spatial/HCC_ICI_BIOLOGICAL_RESOLUTION_BR1_v1/scripts/module_d_prepare_spatial_tables.R	108	patient_id	SAFE_PUBLIC	Source-code schema/variable or aggregate metadata; no individual-level record distributed
scripts/05_spatial/HCC_ICI_BIOLOGICAL_RESOLUTION_BR1_v1/scripts/module_d_prepare_spatial_tables.R	111	patient_id	SAFE_PUBLIC	Source-code schema/variable or aggregate metadata; no individual-level record distributed
scripts/05_spatial/HCC_ICI_BIOLOGICAL_RESOLUTION_BR1_v1/scripts/module_d_prepare_spatial_tables.R	111	patient_id	SAFE_PUBLIC	Source-code schema/variable or aggregate metadata; no individual-level record distributed
scripts/05_spatial/HCC_ICI_BIOLOGICAL_RESOLUTION_BR1_v1/scripts/module_d_prepare_spatial_tables.R	118	patient_id	SAFE_PUBLIC	Source-code schema/variable or aggregate metadata; no individual-level record distributed
scripts/05_spatial/HCC_ICI_BIOLOGICAL_RESOLUTION_BR1_v1/scripts/module_d_prepare_spatial_tables.R	119	patient_id	SAFE_PUBLIC	Source-code schema/variable or aggregate metadata; no individual-level record distributed
scripts/05_spatial/HCC_ICI_BIOLOGICAL_RESOLUTION_BR1_v1/scripts/module_d_prepare_spatial_tables.R	129	sample_id	SAFE_PUBLIC	Source-code schema/variable or aggregate metadata; no individual-level record distributed
scripts/05_spatial/HCC_ICI_BIOLOGICAL_RESOLUTION_BR1_v1/scripts/module_d_prepare_spatial_tables.R	135	patient_id	SAFE_PUBLIC	Source-code schema/variable or aggregate metadata; no individual-level record distributed
scripts/05_spatial/HCC_ICI_BIOLOGICAL_RESOLUTION_BR1_v1/scripts/module_d_prepare_spatial_tables.R	140	sample_id	SAFE_PUBLIC	Source-code schema/variable or aggregate metadata; no individual-level record distributed
scripts/05_spatial/HCC_ICI_BIOLOGICAL_RESOLUTION_BR1_v1/scripts/module_d_prepare_spatial_tables.R	168	sample_id	SAFE_PUBLIC	Source-code schema/variable or aggregate metadata; no individual-level record distributed
scripts/05_spatial/HCC_ICI_project/04_scripts/spatial_specificity_rescue/01_spatial_specificity_rescue.R	280	sample_id	SAFE_PUBLIC	Source-code schema/variable or aggregate metadata; no individual-level record distributed
scripts/05_spatial/HCC_ICI_project/04_scripts/spatial_specificity_rescue/01_spatial_specificity_rescue.R	281	patient_id	SAFE_PUBLIC	Source-code schema/variable or aggregate metadata; no individual-level record distributed
scripts/05_spatial/HCC_ICI_project/04_scripts/spatial_specificity_rescue/01_spatial_specificity_rescue.R	285	sample_id	SAFE_PUBLIC	Source-code schema/variable or aggregate metadata; no individual-level record distributed
scripts/05_spatial/HCC_ICI_project/04_scripts/spatial_specificity_rescue/01_spatial_specificity_rescue.R	286	sample_id	SAFE_PUBLIC	Source-code schema/variable or aggregate metadata; no individual-level record distributed
scripts/05_spatial/HCC_ICI_project/04_scripts/spatial_specificity_rescue/01_spatial_specificity_rescue.R	300	sample_id	SAFE_PUBLIC	Source-code schema/variable or aggregate metadata; no individual-level record distributed
scripts/05_spatial/HCC_ICI_project/04_scripts/spatial_specificity_rescue/01_spatial_specificity_rescue.R	328	sample_id	SAFE_PUBLIC	Source-code schema/variable or aggregate metadata; no individual-level record distributed
scripts/05_spatial/HCC_ICI_project/04_scripts/spatial_specificity_rescue/01_spatial_specificity_rescue.R	348	sample_id	SAFE_PUBLIC	Source-code schema/variable or aggregate metadata; no individual-level record distributed
scripts/05_spatial/HCC_ICI_project/04_scripts/spatial_specificity_rescue/01_spatial_specificity_rescue.R	349	patient_id	SAFE_PUBLIC	Source-code schema/variable or aggregate metadata; no individual-level record distributed
scripts/05_spatial/HCC_ICI_project/04_scripts/spatial_specificity_rescue/01_spatial_specificity_rescue.R	349	patient_id	SAFE_PUBLIC	Source-code schema/variable or aggregate metadata; no individual-level record distributed
scripts/05_spatial/HCC_ICI_project/04_scripts/spatial_specificity_rescue/01_spatial_specificity_rescue.R	363	sample_id	SAFE_PUBLIC	Source-code schema/variable or aggregate metadata; no individual-level record distributed
scripts/05_spatial/HCC_ICI_project/04_scripts/spatial_specificity_rescue/01_spatial_specificity_rescue.R	364	patient_id	SAFE_PUBLIC	Source-code schema/variable or aggregate metadata; no individual-level record distributed
scripts/05_spatial/HCC_ICI_project/04_scripts/spatial_specificity_rescue/01_spatial_specificity_rescue.R	364	patient_id	SAFE_PUBLIC	Source-code schema/variable or aggregate metadata; no individual-level record distributed
scripts/05_spatial/HCC_ICI_project/04_scripts/spatial_specificity_rescue/01_spatial_specificity_rescue.R	387	sample_id	SAFE_PUBLIC	Source-code schema/variable or aggregate metadata; no individual-level record distributed
scripts/05_spatial/HCC_ICI_project/04_scripts/spatial_specificity_rescue/01_spatial_specificity_rescue.R	387	sample_id	SAFE_PUBLIC	Source-code schema/variable or aggregate metadata; no individual-level record distributed
scripts/05_spatial/HCC_ICI_project/04_scripts/spatial_specificity_rescue/01_spatial_specificity_rescue.R	391	patient_id	SAFE_PUBLIC	Source-code schema/variable or aggregate metadata; no individual-level record distributed
scripts/05_spatial/HCC_ICI_project/04_scripts/spatial_specificity_rescue/01_spatial_specificity_rescue.R	391	sample_id	SAFE_PUBLIC	Source-code schema/variable or aggregate metadata; no individual-level record distributed
scripts/05_spatial/HCC_ICI_project/04_scripts/spatial_specificity_rescue/01_spatial_specificity_rescue.R	401	sample_id	SAFE_PUBLIC	Source-code schema/variable or aggregate metadata; no individual-level record distributed
scripts/05_spatial/HCC_ICI_project/04_scripts/spatial_specificity_rescue/01_spatial_specificity_rescue.R	423	sample_id	SAFE_PUBLIC	Source-code schema/variable or aggregate metadata; no individual-level record distributed
scripts/05_spatial/HCC_ICI_project/04_scripts/spatial_specificity_rescue/01_spatial_specificity_rescue.R	424	sample_id	SAFE_PUBLIC	Source-code schema/variable or aggregate metadata; no individual-level record distributed
scripts/05_spatial/HCC_ICI_project/04_scripts/spatial_specificity_rescue/01_spatial_specificity_rescue.R	468	sample_id	SAFE_PUBLIC	Source-code schema/variable or aggregate metadata; no individual-level record distributed
scripts/05_spatial/HCC_ICI_project/04_scripts/spatial_specificity_rescue/01_spatial_specificity_rescue.R	468	sample_id	SAFE_PUBLIC	Source-code schema/variable or aggregate metadata; no individual-level record distributed
scripts/05_spatial/HCC_ICI_project/04_scripts/spatial_specificity_rescue/01_spatial_specificity_rescue.R	469	patient_id	SAFE_PUBLIC	Source-code schema/variable or aggregate metadata; no individual-level record distributed
scripts/05_spatial/HCC_ICI_project/04_scripts/spatial_specificity_rescue/01_spatial_specificity_rescue.R	469	patient_id	SAFE_PUBLIC	Source-code schema/variable or aggregate metadata; no individual-level record distributed
scripts/05_spatial/HCC_ICI_project/04_scripts/spatial_specificity_rescue/01_spatial_specificity_rescue.R	481	sample_id	SAFE_PUBLIC	Source-code schema/variable or aggregate metadata; no individual-level record distributed
scripts/05_spatial/HCC_ICI_project/04_scripts/spatial_specificity_rescue/01_spatial_specificity_rescue.R	481	sample_id	SAFE_PUBLIC	Source-code schema/variable or aggregate metadata; no individual-level record distributed
scripts/05_spatial/HCC_ICI_project/04_scripts/spatial_specificity_rescue/01_spatial_specificity_rescue.R	482	patient_id	SAFE_PUBLIC	Source-code schema/variable or aggregate metadata; no individual-level record distributed
scripts/05_spatial/HCC_ICI_project/04_scripts/spatial_specificity_rescue/01_spatial_specificity_rescue.R	482	patient_id	SAFE_PUBLIC	Source-code schema/variable or aggregate metadata; no individual-level record distributed
scripts/05_spatial/HCC_ICI_project/04_scripts/spatial_specificity_rescue/01_spatial_specificity_rescue.R	496	sample_id	SAFE_PUBLIC	Source-code schema/variable or aggregate metadata; no individual-level record distributed
scripts/05_spatial/HCC_ICI_project/04_scripts/spatial_specificity_rescue/01_spatial_specificity_rescue.R	496	sample_id	SAFE_PUBLIC	Source-code schema/variable or aggregate metadata; no individual-level record distributed
scripts/05_spatial/HCC_ICI_project/04_scripts/spatial_specificity_rescue/01_spatial_specificity_rescue.R	497	patient_id	SAFE_PUBLIC	Source-code schema/variable or aggregate metadata; no individual-level record distributed
scripts/05_spatial/HCC_ICI_project/04_scripts/spatial_specificity_rescue/01_spatial_specificity_rescue.R	497	patient_id	SAFE_PUBLIC	Source-code schema/variable or aggregate metadata; no individual-level record distributed
scripts/05_spatial/HCC_ICI_project/04_scripts/spatial_specificity_rescue/01_spatial_specificity_rescue.R	500	sample_id	SAFE_PUBLIC	Source-code schema/variable or aggregate metadata; no individual-level record distributed
scripts/05_spatial/HCC_ICI_project/04_scripts/spatial_specificity_rescue/01_spatial_specificity_rescue.R	516	sample_id	SAFE_PUBLIC	Source-code schema/variable or aggregate metadata; no individual-level record distributed
scripts/05_spatial/HCC_ICI_project/04_scripts/spatial_specificity_rescue/01_spatial_specificity_rescue.R	517	sample_id	SAFE_PUBLIC	Source-code schema/variable or aggregate metadata; no individual-level record distributed
scripts/05_spatial/HCC_ICI_project/04_scripts/spatial_specificity_rescue/01_spatial_specificity_rescue.R	518	sample_id	SAFE_PUBLIC	Source-code schema/variable or aggregate metadata; no individual-level record distributed
scripts/05_spatial/HCC_ICI_project/04_scripts/spatial_specificity_rescue/01_spatial_specificity_rescue.R	545	sample_id	SAFE_PUBLIC	Source-code schema/variable or aggregate metadata; no individual-level record distributed
scripts/05_spatial/HCC_ICI_project/04_scripts/spatial_specificity_rescue/01_spatial_specificity_rescue.R	545	patient_id	SAFE_PUBLIC	Source-code schema/variable or aggregate metadata; no individual-level record distributed
scripts/05_spatial/HCC_ICI_project/04_scripts/spatial_specificity_rescue/01_spatial_specificity_rescue.R	624	patient_id	SAFE_PUBLIC	Source-code schema/variable or aggregate metadata; no individual-level record distributed
scripts/05_spatial/HCC_ICI_project/04_scripts/spatial_specificity_rescue/01_spatial_specificity_rescue.R	624	patient_id	SAFE_PUBLIC	Source-code schema/variable or aggregate metadata; no individual-level record distributed
scripts/05_spatial/HCC_ICI_project/04_scripts/spatial_specificity_rescue/01_spatial_specificity_rescue.R	627	patient_id	SAFE_PUBLIC	Source-code schema/variable or aggregate metadata; no individual-level record distributed
scripts/05_spatial/HCC_ICI_project/04_scripts/spatial_specificity_rescue/01_spatial_specificity_rescue.R	627	patient_id	SAFE_PUBLIC	Source-code schema/variable or aggregate metadata; no individual-level record distributed
scripts/05_spatial/HCC_ICI_project/04_scripts/spatial_specificity_rescue/01_spatial_specificity_rescue.R	628	patient_id	SAFE_PUBLIC	Source-code schema/variable or aggregate metadata; no individual-level record distributed
scripts/05_spatial/HCC_ICI_project/04_scripts/spatial_specificity_rescue/01_spatial_specificity_rescue.R	648	cell_id	SAFE_PUBLIC	Source-code schema/variable or aggregate metadata; no individual-level record distributed
scripts/05_spatial/HCC_ICI_project/04_scripts/spatial_specificity_rescue/01_spatial_specificity_rescue.R	648	cell_id	SAFE_PUBLIC	Source-code schema/variable or aggregate metadata; no individual-level record distributed
scripts/05_spatial/HCC_ICI_project/04_scripts/spatial_specificity_rescue/01_spatial_specificity_rescue.R	649	cell_id	SAFE_PUBLIC	Source-code schema/variable or aggregate metadata; no individual-level record distributed
scripts/05_spatial/HCC_ICI_project/04_scripts/spatial_specificity_rescue/01_spatial_specificity_rescue.R	649	cell_id	SAFE_PUBLIC	Source-code schema/variable or aggregate metadata; no individual-level record distributed
scripts/05_spatial/HCC_ICI_project/04_scripts/spatial_specificity_rescue/01_spatial_specificity_rescue.R	656	cell_id	SAFE_PUBLIC	Source-code schema/variable or aggregate metadata; no individual-level record distributed
scripts/05_spatial/HCC_ICI_project/04_scripts/spatial_specificity_rescue/01_spatial_specificity_rescue.R	659	cell_id	SAFE_PUBLIC	Source-code schema/variable or aggregate metadata; no individual-level record distributed
scripts/05_spatial/HCC_ICI_project/04_scripts/spatial_specificity_rescue/01_spatial_specificity_rescue.R	670	patient_id	SAFE_PUBLIC	Source-code schema/variable or aggregate metadata; no individual-level record distributed
scripts/05_spatial/HCC_ICI_project/04_scripts/spatial_specificity_rescue/01_spatial_specificity_rescue.R	670	patient_id	SAFE_PUBLIC	Source-code schema/variable or aggregate metadata; no individual-level record distributed
scripts/05_spatial/HCC_ICI_project/04_scripts/spatial_specificity_rescue/01_spatial_specificity_rescue.R	671	sample_id	SAFE_PUBLIC	Source-code schema/variable or aggregate metadata; no individual-level record distributed
scripts/05_spatial/HCC_ICI_project/04_scripts/spatial_specificity_rescue/01_spatial_specificity_rescue.R	671	sample_id	SAFE_PUBLIC	Source-code schema/variable or aggregate metadata; no individual-level record distributed
scripts/05_spatial/HCC_ICI_project/04_scripts/spatial_specificity_rescue/01_spatial_specificity_rescue.R	683	patient_id	SAFE_PUBLIC	Source-code schema/variable or aggregate metadata; no individual-level record distributed
scripts/05_spatial/HCC_ICI_project/04_scripts/spatial_specificity_rescue/01_spatial_specificity_rescue.R	684	patient_id	SAFE_PUBLIC	Source-code schema/variable or aggregate metadata; no individual-level record distributed
scripts/05_spatial/HCC_ICI_project/04_scripts/spatial_specificity_rescue/01_spatial_specificity_rescue.R	684	patient_id	SAFE_PUBLIC	Source-code schema/variable or aggregate metadata; no individual-level record distributed
scripts/05_spatial/HCC_ICI_project/04_scripts/spatial_specificity_rescue/01_spatial_specificity_rescue.R	692	patient_id	SAFE_PUBLIC	Source-code schema/variable or aggregate metadata; no individual-level record distributed
scripts/05_spatial/HCC_ICI_project/04_scripts/spatial_specificity_rescue/01_spatial_specificity_rescue.R	729	patient_id	SAFE_PUBLIC	Source-code schema/variable or aggregate metadata; no individual-level record distributed
scripts/05_spatial/HCC_ICI_project/04_scripts/spatial_specificity_rescue/01_spatial_specificity_rescue.R	730	patient_id	SAFE_PUBLIC	Source-code schema/variable or aggregate metadata; no individual-level record distributed
scripts/05_spatial/HCC_ICI_project/04_scripts/spatial_specificity_rescue/01_spatial_specificity_rescue.R	735	patient_id	SAFE_PUBLIC	Source-code schema/variable or aggregate metadata; no individual-level record distributed
scripts/05_spatial/HCC_ICI_project/04_scripts/spatial_specificity_rescue/01_spatial_specificity_rescue.R	789	patient_id	SAFE_PUBLIC	Source-code schema/variable or aggregate metadata; no individual-level record distributed
scripts/05_spatial/HCC_ICI_project/04_scripts/spatial_specificity_rescue/01_spatial_specificity_rescue.R	790	patient_id	SAFE_PUBLIC	Source-code schema/variable or aggregate metadata; no individual-level record distributed
scripts/05_spatial/HCC_ICI_project/04_scripts/spatial_specificity_rescue/01_spatial_specificity_rescue.R	791	patient_id	SAFE_PUBLIC	Source-code schema/variable or aggregate metadata; no individual-level record distributed
scripts/05_spatial/HCC_ICI_project/04_scripts/spatial_specificity_rescue/01_spatial_specificity_rescue.R	911	session	SAFE_PUBLIC	Scientific software/session record, local guard or documented policy; not a credential value
scripts/05_spatial/HCC_ICI_project/04_scripts/spatial_specificity_rescue/01_spatial_specificity_rescue.R	912	session	SAFE_PUBLIC	Scientific software/session record, local guard or documented policy; not a credential value
scripts/05_spatial/WU_AF35_DC_CD8_SPATIAL_TOPOLOGY_v1/scripts/00_feasibility_freeze.py	42	patient_id	SAFE_PUBLIC	Source-code schema/variable or aggregate metadata; no individual-level record distributed
scripts/05_spatial/WU_AF35_DC_CD8_SPATIAL_TOPOLOGY_v1/scripts/00_feasibility_freeze.py	44	cell_id	SAFE_PUBLIC	Source-code schema/variable or aggregate metadata; no individual-level record distributed
scripts/05_spatial/WU_AF35_DC_CD8_SPATIAL_TOPOLOGY_v1/scripts/00_feasibility_freeze.py	46	patient_id	SAFE_PUBLIC	Source-code schema/variable or aggregate metadata; no individual-level record distributed
scripts/05_spatial/WU_AF35_DC_CD8_SPATIAL_TOPOLOGY_v1/scripts/00_feasibility_freeze.py	48	patient_id	SAFE_PUBLIC	Source-code schema/variable or aggregate metadata; no individual-level record distributed
scripts/05_spatial/WU_AF35_DC_CD8_SPATIAL_TOPOLOGY_v1/scripts/00_feasibility_freeze.py	49	patient_id	SAFE_PUBLIC	Source-code schema/variable or aggregate metadata; no individual-level record distributed
scripts/05_spatial/WU_AF35_DC_CD8_SPATIAL_TOPOLOGY_v1/scripts/00_feasibility_freeze.py	51	patient_id	SAFE_PUBLIC	Source-code schema/variable or aggregate metadata; no individual-level record distributed
scripts/05_spatial/WU_AF35_DC_CD8_SPATIAL_TOPOLOGY_v1/scripts/00_feasibility_freeze.py	51	cell_id	SAFE_PUBLIC	Source-code schema/variable or aggregate metadata; no individual-level record distributed
scripts/05_spatial/WU_AF35_DC_CD8_SPATIAL_TOPOLOGY_v1/scripts/00_feasibility_freeze.py	58	patient_id	SAFE_PUBLIC	Source-code schema/variable or aggregate metadata; no individual-level record distributed
scripts/05_spatial/WU_AF35_DC_CD8_SPATIAL_TOPOLOGY_v1/scripts/00_feasibility_freeze.py	58	patient_id	SAFE_PUBLIC	Source-code schema/variable or aggregate metadata; no individual-level record distributed
scripts/05_spatial/WU_AF35_DC_CD8_SPATIAL_TOPOLOGY_v1/scripts/00_feasibility_freeze.py	74	cell_id	SAFE_PUBLIC	Source-code schema/variable or aggregate metadata; no individual-level record distributed
scripts/05_spatial/WU_AF35_DC_CD8_SPATIAL_TOPOLOGY_v1/scripts/00_feasibility_freeze.py	79	patient_id	SAFE_PUBLIC	Source-code schema/variable or aggregate metadata; no individual-level record distributed
scripts/05_spatial/WU_AF35_DC_CD8_SPATIAL_TOPOLOGY_v1/scripts/00_feasibility_freeze.py	108	patient_id	SAFE_PUBLIC	Source-code schema/variable or aggregate metadata; no individual-level record distributed
scripts/05_spatial/WU_AF35_DC_CD8_SPATIAL_TOPOLOGY_v1/scripts/01_topology.py	11	patient_id	SAFE_PUBLIC	Source-code schema/variable or aggregate metadata; no individual-level record distributed
scripts/05_spatial/WU_AF35_DC_CD8_SPATIAL_TOPOLOGY_v1/scripts/01_topology.py	16	cell_id	SAFE_PUBLIC	Source-code schema/variable or aggregate metadata; no individual-level record distributed
scripts/05_spatial/WU_AF35_DC_CD8_SPATIAL_TOPOLOGY_v1/scripts/01_topology.py	20	patient_id	SAFE_PUBLIC	Source-code schema/variable or aggregate metadata; no individual-level record distributed
scripts/05_spatial/WU_AF35_DC_CD8_SPATIAL_TOPOLOGY_v1/scripts/01_topology.py	20	patient_id	SAFE_PUBLIC	Source-code schema/variable or aggregate metadata; no individual-level record distributed
scripts/05_spatial/WU_AF35_DC_CD8_SPATIAL_TOPOLOGY_v1/scripts/01_topology.py	32	patient_id	SAFE_PUBLIC	Source-code schema/variable or aggregate metadata; no individual-level record distributed
scripts/05_spatial/WU_AF35_DC_CD8_SPATIAL_TOPOLOGY_v1/scripts/01_topology.py	32	patient_id	SAFE_PUBLIC	Source-code schema/variable or aggregate metadata; no individual-level record distributed
scripts/05_spatial/WU_AF35_DC_CD8_SPATIAL_TOPOLOGY_v1/scripts/01_topology.py	34	cell_id	SAFE_PUBLIC	Source-code schema/variable or aggregate metadata; no individual-level record distributed
scripts/05_spatial/WU_AF35_DC_CD8_SPATIAL_TOPOLOGY_v1/scripts/01_topology.py	34	cell_id	SAFE_PUBLIC	Source-code schema/variable or aggregate metadata; no individual-level record distributed
scripts/05_spatial/WU_AF35_DC_CD8_SPATIAL_TOPOLOGY_v1/scripts/01_topology.py	48	patient_id	SAFE_PUBLIC	Source-code schema/variable or aggregate metadata; no individual-level record distributed
scripts/05_spatial/WU_AF35_DC_CD8_SPATIAL_TOPOLOGY_v1/scripts/01_topology.py	53	patient_id	SAFE_PUBLIC	Source-code schema/variable or aggregate metadata; no individual-level record distributed
scripts/05_spatial/WU_AF35_DC_CD8_SPATIAL_TOPOLOGY_v1/scripts/01_topology.py	54	patient_id	SAFE_PUBLIC	Source-code schema/variable or aggregate metadata; no individual-level record distributed
scripts/05_spatial/WU_AF35_DC_CD8_SPATIAL_TOPOLOGY_v1/scripts/common.py	15	patient_id	SAFE_PUBLIC	Source-code schema/variable or aggregate metadata; no individual-level record distributed
scripts/05_spatial/WU_AF35_DC_CD8_SPATIAL_TOPOLOGY_v1/scripts/common.py	15	cell_id	SAFE_PUBLIC	Source-code schema/variable or aggregate metadata; no individual-level record distributed
scripts/06_clinical/AF35_AGGREGATION_COMPOSITION_DECOMPOSITION_v1/scripts/02_clinical_utf8.py	20	patient_id	SAFE_PUBLIC	Source-code schema/variable or aggregate metadata; no individual-level record distributed
scripts/06_clinical/AF35_AGGREGATION_COMPOSITION_DECOMPOSITION_v1/scripts/02_clinical_utf8.py	20	patient_id	SAFE_PUBLIC	Source-code schema/variable or aggregate metadata; no individual-level record distributed
scripts/06_clinical/AF35_AGGREGATION_COMPOSITION_DECOMPOSITION_v1/scripts/02_clinical_utf8.py	21	patient_id	SAFE_PUBLIC	Source-code schema/variable or aggregate metadata; no individual-level record distributed
scripts/06_clinical/AF35_AGGREGATION_COMPOSITION_DECOMPOSITION_v1/scripts/02_clinical_utf8.py	21	patient_id	SAFE_PUBLIC	Source-code schema/variable or aggregate metadata; no individual-level record distributed
scripts/06_clinical/AF35_AGGREGATION_COMPOSITION_DECOMPOSITION_v1/scripts/02_clinical_utf8.py	25	patient_id	SAFE_PUBLIC	Source-code schema/variable or aggregate metadata; no individual-level record distributed
scripts/06_clinical/AF35_AGGREGATION_COMPOSITION_DECOMPOSITION_v1/scripts/02_clinical_utf8.py	31	patient_id	SAFE_PUBLIC	Source-code schema/variable or aggregate metadata; no individual-level record distributed
scripts/06_clinical/AF35_BROAD_IMMUNE_RESIDUAL_ASSOCIATION_v1/scripts/00_initialize.py	60	patient_id	SAFE_PUBLIC	Source-code schema/variable or aggregate metadata; no individual-level record distributed
scripts/06_clinical/AF35_BROAD_IMMUNE_RESIDUAL_ASSOCIATION_v1/scripts/00_initialize.py	60	patient_id	SAFE_PUBLIC	Source-code schema/variable or aggregate metadata; no individual-level record distributed
scripts/06_clinical/AF35_BROAD_IMMUNE_RESIDUAL_ASSOCIATION_v1/scripts/00_initialize.py	62	patient_id	SAFE_PUBLIC	Source-code schema/variable or aggregate metadata; no individual-level record distributed
scripts/06_clinical/AF35_BROAD_IMMUNE_RESIDUAL_ASSOCIATION_v1/scripts/00_initialize.py	62	patient_id	SAFE_PUBLIC	Source-code schema/variable or aggregate metadata; no individual-level record distributed
scripts/06_clinical/AF35_BROAD_IMMUNE_RESIDUAL_ASSOCIATION_v1/scripts/03_join_and_analyze.py	25	patient_id	SAFE_PUBLIC	Source-code schema/variable or aggregate metadata; no individual-level record distributed
scripts/06_clinical/AF35_BROAD_IMMUNE_RESIDUAL_ASSOCIATION_v1/scripts/03_join_and_analyze.py	26	patient_id	SAFE_PUBLIC	Source-code schema/variable or aggregate metadata; no individual-level record distributed
scripts/06_clinical/AF35_BROAD_IMMUNE_RESIDUAL_ASSOCIATION_v1/scripts/03_join_and_analyze.py	26	patient_id	SAFE_PUBLIC	Source-code schema/variable or aggregate metadata; no individual-level record distributed
scripts/06_clinical/AF35_BROAD_IMMUNE_RESIDUAL_ASSOCIATION_v1/scripts/03_join_and_analyze.py	26	patient_id	SAFE_PUBLIC	Source-code schema/variable or aggregate metadata; no individual-level record distributed
scripts/06_clinical/AF35_BROAD_IMMUNE_RESIDUAL_ASSOCIATION_v1/scripts/03_join_and_analyze.py	27	patient_id	SAFE_PUBLIC	Source-code schema/variable or aggregate metadata; no individual-level record distributed
scripts/06_clinical/AF35_BROAD_IMMUNE_RESIDUAL_ASSOCIATION_v1/scripts/03_join_and_analyze.py	27	patient_id	SAFE_PUBLIC	Source-code schema/variable or aggregate metadata; no individual-level record distributed
scripts/06_clinical/AF35_BROAD_IMMUNE_RESIDUAL_ASSOCIATION_v1/scripts/03_join_and_analyze.py	40	patient_id	SAFE_PUBLIC	Source-code schema/variable or aggregate metadata; no individual-level record distributed
scripts/06_clinical/AF35_BROAD_IMMUNE_RESIDUAL_ASSOCIATION_v1/scripts/03_join_and_analyze.py	40	patient_id	SAFE_PUBLIC	Source-code schema/variable or aggregate metadata; no individual-level record distributed
scripts/06_clinical/AF35_COMPONENT_ABLATION_ASSOCIATION_ROBUSTNESS_v1/01_freeze.py	90	authorization	SAFE_PUBLIC	Scientific software/session record, local guard or documented policy; not a credential value
scripts/06_clinical/AF35_COMPONENT_ABLATION_ASSOCIATION_ROBUSTNESS_v1/01_freeze.py	91	authorization	SAFE_PUBLIC	Scientific software/session record, local guard or documented policy; not a credential value
scripts/06_clinical/AF35_MATCHED_RANDOM_CLINICAL_NULL_v1/03_score_and_join.R	23	patient_id	SAFE_PUBLIC	Source-code schema/variable or aggregate metadata; no individual-level record distributed
scripts/06_clinical/AF35_MATCHED_RANDOM_CLINICAL_NULL_v1/03_score_and_join.R	24	patient_id	SAFE_PUBLIC	Source-code schema/variable or aggregate metadata; no individual-level record distributed
scripts/06_clinical/AF35_MATCHED_RANDOM_CLINICAL_NULL_v1/03_score_and_join.R	41	patient_id	SAFE_PUBLIC	Source-code schema/variable or aggregate metadata; no individual-level record distributed
scripts/06_clinical/AF35_MATCHED_RANDOM_CLINICAL_NULL_v1/03_score_and_join.R	41	patient_id	SAFE_PUBLIC	Source-code schema/variable or aggregate metadata; no individual-level record distributed
scripts/06_clinical/AF35_MATCHED_RANDOM_CLINICAL_NULL_v1/03_score_and_join.R	44	patient_id	SAFE_PUBLIC	Source-code schema/variable or aggregate metadata; no individual-level record distributed
scripts/06_clinical/AF35_MATCHED_RANDOM_CLINICAL_NULL_v1/03_score_and_join.R	44	patient_id	SAFE_PUBLIC	Source-code schema/variable or aggregate metadata; no individual-level record distributed
scripts/06_clinical/AF35_MATCHED_RANDOM_CLINICAL_NULL_v1/03_score_and_join.R	46	patient_id	SAFE_PUBLIC	Source-code schema/variable or aggregate metadata; no individual-level record distributed
scripts/06_clinical/AF35_MATCHED_RANDOM_CLINICAL_NULL_v1/04_summarize_and_verify.py	26	patient_id	SAFE_PUBLIC	Source-code schema/variable or aggregate metadata; no individual-level record distributed
scripts/06_clinical/AF35_MATCHED_RANDOM_CLINICAL_NULL_v1/04_summarize_and_verify.py	29	patient_id	SAFE_PUBLIC	Source-code schema/variable or aggregate metadata; no individual-level record distributed
scripts/06_clinical/CLINICAL_ANCHOR_READOUT_DECOMPOSITION_v1/scripts/03_paired_and_firth.R	10	patient_id	SAFE_PUBLIC	Source-code schema/variable or aggregate metadata; no individual-level record distributed
scripts/06_clinical/CLINICAL_ANCHOR_READOUT_DECOMPOSITION_v1/scripts/03_paired_and_firth.R	11	patient_id	SAFE_PUBLIC	Source-code schema/variable or aggregate metadata; no individual-level record distributed
scripts/06_clinical/CLINICAL_ANCHOR_READOUT_DECOMPOSITION_v1/scripts/03_paired_and_firth.R	16	patient_id	SAFE_PUBLIC	Source-code schema/variable or aggregate metadata; no individual-level record distributed
scripts/06_clinical/CLINICAL_ANCHOR_READOUT_DECOMPOSITION_v1/scripts/03_paired_and_firth.R	33	patient_id	SAFE_PUBLIC	Source-code schema/variable or aggregate metadata; no individual-level record distributed
scripts/06_clinical/CLINICAL_ANCHOR_READOUT_DECOMPOSITION_v1/scripts/03_paired_and_firth.R	46	patient_id	SAFE_PUBLIC	Source-code schema/variable or aggregate metadata; no individual-level record distributed
scripts/06_clinical/CLINICAL_ANCHOR_READOUT_DECOMPOSITION_v1/scripts/03_paired_and_firth.R	46	patient_id	SAFE_PUBLIC	Source-code schema/variable or aggregate metadata; no individual-level record distributed
scripts/06_clinical/CLINICAL_ANCHOR_READOUT_DECOMPOSITION_v1/scripts/03_paired_and_firth.R	47	patient_id	SAFE_PUBLIC	Source-code schema/variable or aggregate metadata; no individual-level record distributed
scripts/06_clinical/CLINICAL_ANCHOR_READOUT_DECOMPOSITION_v1/scripts/03_paired_and_firth.R	68	session	SAFE_PUBLIC	Scientific software/session record, local guard or documented policy; not a credential value
scripts/06_clinical/CLINICAL_ANCHOR_READOUT_DECOMPOSITION_v1/scripts/03_paired_and_firth.R	68	session	SAFE_PUBLIC	Scientific software/session record, local guard or documented policy; not a credential value
scripts/06_clinical/HCC_ICI_project/04_scripts/phase15b_public_replication/01_prepare_response_blind_inputs.R	111	patient_id	SAFE_PUBLIC	Source-code schema/variable or aggregate metadata; no individual-level record distributed
scripts/06_clinical/HCC_ICI_project/04_scripts/phase15b_public_replication/01_prepare_response_blind_inputs.R	112	patient_id	SAFE_PUBLIC	Source-code schema/variable or aggregate metadata; no individual-level record distributed
scripts/06_clinical/HCC_ICI_project/04_scripts/phase15b_public_replication/01_prepare_response_blind_inputs.R	115	patient_id	SAFE_PUBLIC	Source-code schema/variable or aggregate metadata; no individual-level record distributed
scripts/06_clinical/HCC_ICI_project/04_scripts/phase15b_public_replication/01_prepare_response_blind_inputs.R	116	patient_id	SAFE_PUBLIC	Source-code schema/variable or aggregate metadata; no individual-level record distributed
scripts/06_clinical/HCC_ICI_project/04_scripts/phase15b_public_replication/01_prepare_response_blind_inputs.R	125	patient_id	SAFE_PUBLIC	Source-code schema/variable or aggregate metadata; no individual-level record distributed
scripts/06_clinical/HCC_ICI_project/04_scripts/phase15b_public_replication/01_prepare_response_blind_inputs.R	125	patient_id	SAFE_PUBLIC	Source-code schema/variable or aggregate metadata; no individual-level record distributed
scripts/06_clinical/HCC_ICI_project/04_scripts/phase15b_public_replication/01_prepare_response_blind_inputs.R	132	patient_id	SAFE_PUBLIC	Source-code schema/variable or aggregate metadata; no individual-level record distributed
scripts/06_clinical/HCC_ICI_project/04_scripts/phase15b_public_replication/01_prepare_response_blind_inputs.R	136	patient_id	SAFE_PUBLIC	Source-code schema/variable or aggregate metadata; no individual-level record distributed
scripts/06_clinical/HCC_ICI_project/04_scripts/phase15b_public_replication/01_prepare_response_blind_inputs.R	136	patient_id	SAFE_PUBLIC	Source-code schema/variable or aggregate metadata; no individual-level record distributed
scripts/06_clinical/HCC_ICI_project/04_scripts/phase15b_public_replication/01_prepare_response_blind_inputs.R	181	patient_id	SAFE_PUBLIC	Source-code schema/variable or aggregate metadata; no individual-level record distributed
scripts/06_clinical/HCC_ICI_project/04_scripts/phase15b_public_replication/01_prepare_response_blind_inputs.R	182	patient_id	SAFE_PUBLIC	Source-code schema/variable or aggregate metadata; no individual-level record distributed
scripts/06_clinical/HCC_ICI_project/04_scripts/phase15b_public_replication/01_prepare_response_blind_inputs.R	189	patient_id	SAFE_PUBLIC	Source-code schema/variable or aggregate metadata; no individual-level record distributed
scripts/06_clinical/HCC_ICI_project/04_scripts/phase15b_public_replication/01_prepare_response_blind_inputs.R	197	patient_id	SAFE_PUBLIC	Source-code schema/variable or aggregate metadata; no individual-level record distributed
scripts/06_clinical/HCC_ICI_project/04_scripts/phase15b_public_replication/01_prepare_response_blind_inputs.R	197	patient_id	SAFE_PUBLIC	Source-code schema/variable or aggregate metadata; no individual-level record distributed
scripts/06_clinical/HCC_ICI_project/04_scripts/phase15b_public_replication/01_prepare_response_blind_inputs.R	204	patient_id	SAFE_PUBLIC	Source-code schema/variable or aggregate metadata; no individual-level record distributed
scripts/06_clinical/HCC_ICI_project/04_scripts/phase15b_public_replication/01_prepare_response_blind_inputs.R	208	patient_id	SAFE_PUBLIC	Source-code schema/variable or aggregate metadata; no individual-level record distributed
scripts/06_clinical/HCC_ICI_project/04_scripts/phase15b_public_replication/01_prepare_response_blind_inputs.R	208	patient_id	SAFE_PUBLIC	Source-code schema/variable or aggregate metadata; no individual-level record distributed
scripts/06_clinical/HCC_ICI_project/04_scripts/phase15b_public_replication/02_lock_outcome_maps.R	32	patient_id	SAFE_PUBLIC	Source-code schema/variable or aggregate metadata; no individual-level record distributed
scripts/06_clinical/HCC_ICI_project/04_scripts/phase15b_public_replication/02_lock_outcome_maps.R	37	patient_id	SAFE_PUBLIC	Source-code schema/variable or aggregate metadata; no individual-level record distributed
scripts/06_clinical/HCC_ICI_project/04_scripts/phase15b_public_replication/02_lock_outcome_maps.R	37	patient_id	SAFE_PUBLIC	Source-code schema/variable or aggregate metadata; no individual-level record distributed
scripts/06_clinical/HCC_ICI_project/04_scripts/phase15b_public_replication/02_lock_outcome_maps.R	39	patient_id	SAFE_PUBLIC	Source-code schema/variable or aggregate metadata; no individual-level record distributed
scripts/06_clinical/HCC_ICI_project/04_scripts/phase15b_public_replication/02_lock_outcome_maps.R	44	patient_id	SAFE_PUBLIC	Source-code schema/variable or aggregate metadata; no individual-level record distributed
scripts/06_clinical/HCC_ICI_project/04_scripts/phase15b_public_replication/02_lock_outcome_maps.R	49	patient_id	SAFE_PUBLIC	Source-code schema/variable or aggregate metadata; no individual-level record distributed
scripts/06_clinical/HCC_ICI_project/04_scripts/phase15b_public_replication/02_lock_outcome_maps.R	52	patient_id	SAFE_PUBLIC	Source-code schema/variable or aggregate metadata; no individual-level record distributed
scripts/06_clinical/HCC_ICI_project/04_scripts/phase15b_public_replication/02_lock_outcome_maps.R	52	patient_id	SAFE_PUBLIC	Source-code schema/variable or aggregate metadata; no individual-level record distributed
scripts/06_clinical/HCC_ICI_project/04_scripts/phase15b_public_replication/02_lock_outcome_maps.R	54	patient_id	SAFE_PUBLIC	Source-code schema/variable or aggregate metadata; no individual-level record distributed
scripts/06_clinical/HCC_ICI_project/04_scripts/phase15b_public_replication/02_lock_outcome_maps.R	54	patient_id	SAFE_PUBLIC	Source-code schema/variable or aggregate metadata; no individual-level record distributed
scripts/06_clinical/HCC_ICI_project/04_scripts/phase15b_public_replication/02_lock_outcome_maps.R	59	patient_id	SAFE_PUBLIC	Source-code schema/variable or aggregate metadata; no individual-level record distributed
scripts/06_clinical/HCC_ICI_project/04_scripts/phase15b_public_replication/03_analyze_public_replication.R	116	patient_id	SAFE_PUBLIC	Source-code schema/variable or aggregate metadata; no individual-level record distributed
scripts/06_clinical/HCC_ICI_project/04_scripts/phase15b_public_replication/03_analyze_public_replication.R	146	patient_id	SAFE_PUBLIC	Source-code schema/variable or aggregate metadata; no individual-level record distributed
scripts/06_clinical/HCC_ICI_project/04_scripts/phase15b_public_replication/03_analyze_public_replication.R	147	patient_id	SAFE_PUBLIC	Source-code schema/variable or aggregate metadata; no individual-level record distributed
scripts/06_clinical/HCC_ICI_project/04_scripts/phase15b_public_replication/03_analyze_public_replication.R	163	patient_id	SAFE_PUBLIC	Source-code schema/variable or aggregate metadata; no individual-level record distributed
scripts/06_clinical/HCC_ICI_project/04_scripts/phase15b_public_replication/03_analyze_public_replication.R	165	patient_id	SAFE_PUBLIC	Source-code schema/variable or aggregate metadata; no individual-level record distributed
scripts/06_clinical/HCC_ICI_project/04_scripts/phase15b_public_replication/03_analyze_public_replication.R	185	patient_id	SAFE_PUBLIC	Source-code schema/variable or aggregate metadata; no individual-level record distributed
scripts/06_clinical/HCC_ICI_project/04_scripts/phase15b_public_replication/03_analyze_public_replication.R	249	patient_id	SAFE_PUBLIC	Source-code schema/variable or aggregate metadata; no individual-level record distributed
scripts/06_clinical/HCC_ICI_project/04_scripts/phase15b_public_replication/03_analyze_public_replication.R	250	patient_id	SAFE_PUBLIC	Source-code schema/variable or aggregate metadata; no individual-level record distributed
scripts/06_clinical/HCC_ICI_project/04_scripts/phase15b_public_replication/03_analyze_public_replication.R	267	patient_id	SAFE_PUBLIC	Source-code schema/variable or aggregate metadata; no individual-level record distributed
scripts/06_clinical/HCC_ICI_project/04_scripts/phase15b_public_replication/03_analyze_public_replication.R	269	patient_id	SAFE_PUBLIC	Source-code schema/variable or aggregate metadata; no individual-level record distributed
scripts/06_clinical/HCC_ICI_project/04_scripts/phase15b_public_replication/03_analyze_public_replication.R	271	patient_id	SAFE_PUBLIC	Source-code schema/variable or aggregate metadata; no individual-level record distributed
scripts/06_clinical/HCC_ICI_project/04_scripts/phase15c_public_benchmark/01_run_phase15c_benchmark.R	136	patient_id	SAFE_PUBLIC	Source-code schema/variable or aggregate metadata; no individual-level record distributed
scripts/06_clinical/HCC_ICI_project/04_scripts/phase15c_public_benchmark/01_run_phase15c_benchmark.R	137	patient_id	SAFE_PUBLIC	Source-code schema/variable or aggregate metadata; no individual-level record distributed
scripts/06_clinical/HCC_ICI_project/04_scripts/phase15c_public_benchmark/01_run_phase15c_benchmark.R	139	patient_id	SAFE_PUBLIC	Source-code schema/variable or aggregate metadata; no individual-level record distributed
scripts/06_clinical/HCC_ICI_project/04_scripts/phase15c_public_benchmark/01_run_phase15c_benchmark.R	139	patient_id	SAFE_PUBLIC	Source-code schema/variable or aggregate metadata; no individual-level record distributed
scripts/06_clinical/HCC_ICI_project/04_scripts/phase15c_public_benchmark/01_run_phase15c_benchmark.R	147	patient_id	SAFE_PUBLIC	Source-code schema/variable or aggregate metadata; no individual-level record distributed
scripts/06_clinical/HCC_ICI_project/04_scripts/phase15c_public_benchmark/01_run_phase15c_benchmark.R	148	patient_id	SAFE_PUBLIC	Source-code schema/variable or aggregate metadata; no individual-level record distributed
scripts/06_clinical/HCC_ICI_project/04_scripts/phase15c_public_benchmark/01_run_phase15c_benchmark.R	152	patient_id	SAFE_PUBLIC	Source-code schema/variable or aggregate metadata; no individual-level record distributed
scripts/06_clinical/HCC_ICI_project/04_scripts/phase15c_public_benchmark/01_run_phase15c_benchmark.R	152	patient_id	SAFE_PUBLIC	Source-code schema/variable or aggregate metadata; no individual-level record distributed
scripts/06_clinical/HCC_ICI_project/04_scripts/phase15c_public_benchmark/01_run_phase15c_benchmark.R	261	patient_id	SAFE_PUBLIC	Source-code schema/variable or aggregate metadata; no individual-level record distributed
scripts/06_clinical/HCC_ICI_project/04_scripts/phase15c_public_benchmark/01_run_phase15c_benchmark.R	262	patient_id	SAFE_PUBLIC	Source-code schema/variable or aggregate metadata; no individual-level record distributed
scripts/06_clinical/HCC_ICI_project/04_scripts/phase15c_public_benchmark/01_run_phase15c_benchmark.R	262	patient_id	SAFE_PUBLIC	Source-code schema/variable or aggregate metadata; no individual-level record distributed
scripts/06_clinical/HCC_ICI_project/04_scripts/phase15c_public_benchmark/01_run_phase15c_benchmark.R	273	patient_id	SAFE_PUBLIC	Source-code schema/variable or aggregate metadata; no individual-level record distributed
scripts/06_clinical/HCC_ICI_project/04_scripts/phase15c_public_benchmark/01_run_phase15c_benchmark.R	279	patient_id	SAFE_PUBLIC	Source-code schema/variable or aggregate metadata; no individual-level record distributed
scripts/06_clinical/HCC_ICI_project/04_scripts/phase15c_public_benchmark/01_run_phase15c_benchmark.R	284	patient_id	SAFE_PUBLIC	Source-code schema/variable or aggregate metadata; no individual-level record distributed
scripts/06_clinical/HCC_ICI_project/04_scripts/phase15c_public_benchmark/01_run_phase15c_benchmark.R	285	patient_id	SAFE_PUBLIC	Source-code schema/variable or aggregate metadata; no individual-level record distributed
scripts/06_clinical/HCC_ICI_project/04_scripts/phase15c_public_benchmark/01_run_phase15c_benchmark.R	285	patient_id	SAFE_PUBLIC	Source-code schema/variable or aggregate metadata; no individual-level record distributed
scripts/06_clinical/HCC_ICI_project/04_scripts/phase15c_public_benchmark/01_run_phase15c_benchmark.R	300	patient_id	SAFE_PUBLIC	Source-code schema/variable or aggregate metadata; no individual-level record distributed
scripts/06_clinical/HCC_ICI_project/04_scripts/phase15c_public_benchmark/01_run_phase15c_benchmark.R	300	patient_id	SAFE_PUBLIC	Source-code schema/variable or aggregate metadata; no individual-level record distributed
scripts/06_clinical/HCC_ICI_project/04_scripts/phase15c_public_benchmark/01_run_phase15c_benchmark.R	301	patient_id	SAFE_PUBLIC	Source-code schema/variable or aggregate metadata; no individual-level record distributed
scripts/06_clinical/HCC_ICI_project/04_scripts/phase15c_public_benchmark/01_run_phase15c_benchmark.R	302	patient_id	SAFE_PUBLIC	Source-code schema/variable or aggregate metadata; no individual-level record distributed
scripts/06_clinical/HCC_ICI_project/04_scripts/phase15c_public_benchmark/01_run_phase15c_benchmark.R	303	patient_id	SAFE_PUBLIC	Source-code schema/variable or aggregate metadata; no individual-level record distributed
scripts/06_clinical/HCC_ICI_project/04_scripts/phase15c_public_benchmark/01_run_phase15c_benchmark.R	323	patient_id	SAFE_PUBLIC	Source-code schema/variable or aggregate metadata; no individual-level record distributed
scripts/06_clinical/HCC_ICI_project/04_scripts/phase15c_public_benchmark/01_run_phase15c_benchmark.R	324	patient_id	SAFE_PUBLIC	Source-code schema/variable or aggregate metadata; no individual-level record distributed
scripts/06_clinical/HCC_ICI_project/04_scripts/phase15c_public_benchmark/01_run_phase15c_benchmark.R	329	patient_id	SAFE_PUBLIC	Source-code schema/variable or aggregate metadata; no individual-level record distributed
scripts/06_clinical/HCC_ICI_project/04_scripts/phase15c_public_benchmark/01_run_phase15c_benchmark.R	330	patient_id	SAFE_PUBLIC	Source-code schema/variable or aggregate metadata; no individual-level record distributed
scripts/06_clinical/HCC_ICI_project/04_scripts/phase15c_public_benchmark/01_run_phase15c_benchmark.R	330	patient_id	SAFE_PUBLIC	Source-code schema/variable or aggregate metadata; no individual-level record distributed
scripts/06_clinical/HCC_ICI_project/04_scripts/phase15c_public_benchmark/01_run_phase15c_benchmark.R	332	patient_id	SAFE_PUBLIC	Source-code schema/variable or aggregate metadata; no individual-level record distributed
scripts/06_clinical/HCC_ICI_project/04_scripts/phase15c_public_benchmark/01_run_phase15c_benchmark.R	333	patient_id	SAFE_PUBLIC	Source-code schema/variable or aggregate metadata; no individual-level record distributed
scripts/06_clinical/HCC_ICI_project/04_scripts/phase15c_public_benchmark/01_run_phase15c_benchmark.R	345	patient_id	SAFE_PUBLIC	Source-code schema/variable or aggregate metadata; no individual-level record distributed
scripts/06_clinical/HCC_ICI_project/04_scripts/phase15c_public_benchmark/01_run_phase15c_benchmark.R	377	patient_id	SAFE_PUBLIC	Source-code schema/variable or aggregate metadata; no individual-level record distributed
scripts/06_clinical/HCC_ICI_project/04_scripts/phase15c_public_benchmark/01_run_phase15c_benchmark.R	377	patient_id	SAFE_PUBLIC	Source-code schema/variable or aggregate metadata; no individual-level record distributed
scripts/06_clinical/HCC_ICI_project/04_scripts/phase15c_public_benchmark/01_run_phase15c_benchmark.R	378	patient_id	SAFE_PUBLIC	Source-code schema/variable or aggregate metadata; no individual-level record distributed
scripts/06_clinical/HCC_ICI_project/04_scripts/phase15c_public_benchmark/01_run_phase15c_benchmark.R	379	patient_id	SAFE_PUBLIC	Source-code schema/variable or aggregate metadata; no individual-level record distributed
scripts/06_clinical/HCC_ICI_project/04_scripts/phase15c_public_benchmark/01_run_phase15c_benchmark.R	381	patient_id	SAFE_PUBLIC	Source-code schema/variable or aggregate metadata; no individual-level record distributed
scripts/06_clinical/HCC_ICI_project/04_scripts/phase19/03_phase19b_response_blind_scoring.R	191	patient_id	SAFE_PUBLIC	Source-code schema/variable or aggregate metadata; no individual-level record distributed
scripts/06_clinical/HCC_ICI_project/04_scripts/phase19/03_phase19b_response_blind_scoring.R	205	patient_id	SAFE_PUBLIC	Source-code schema/variable or aggregate metadata; no individual-level record distributed
scripts/06_clinical/HCC_ICI_project/04_scripts/phase19/03_phase19b_response_blind_scoring.R	205	patient_id	SAFE_PUBLIC	Source-code schema/variable or aggregate metadata; no individual-level record distributed
scripts/06_clinical/HCC_ICI_project/04_scripts/phase19/03_phase19b_response_blind_scoring.R	215	patient_id	SAFE_PUBLIC	Source-code schema/variable or aggregate metadata; no individual-level record distributed
scripts/06_clinical/HCC_ICI_project/04_scripts/phase19/03_phase19b_response_blind_scoring.R	230	patient_id	SAFE_PUBLIC	Source-code schema/variable or aggregate metadata; no individual-level record distributed
scripts/06_clinical/HCC_ICI_project/04_scripts/phase19/03_phase19b_response_blind_scoring.R	231	patient_id	SAFE_PUBLIC	Source-code schema/variable or aggregate metadata; no individual-level record distributed
scripts/06_clinical/HCC_ICI_project/04_scripts/phase19/03_phase19b_response_blind_scoring.R	231	patient_id	SAFE_PUBLIC	Source-code schema/variable or aggregate metadata; no individual-level record distributed
scripts/06_clinical/HCC_ICI_project/04_scripts/phase19/03_phase19b_response_blind_scoring.R	233	patient_id	SAFE_PUBLIC	Source-code schema/variable or aggregate metadata; no individual-level record distributed
scripts/06_clinical/HCC_ICI_project/04_scripts/phase19/03_phase19b_response_blind_scoring.R	233	patient_id	SAFE_PUBLIC	Source-code schema/variable or aggregate metadata; no individual-level record distributed
scripts/06_clinical/HCC_ICI_project/04_scripts/phase19/03_phase19b_response_blind_scoring.R	235	patient_id	SAFE_PUBLIC	Source-code schema/variable or aggregate metadata; no individual-level record distributed
scripts/06_clinical/HCC_ICI_project/04_scripts/phase19/03_phase19b_response_blind_scoring.R	235	patient_id	SAFE_PUBLIC	Source-code schema/variable or aggregate metadata; no individual-level record distributed
scripts/06_clinical/HCC_ICI_project/04_scripts/phase19/03_phase19b_response_blind_scoring.R	236	patient_id	SAFE_PUBLIC	Source-code schema/variable or aggregate metadata; no individual-level record distributed
scripts/06_clinical/HCC_ICI_project/04_scripts/phase19/03_phase19b_response_blind_scoring.R	236	patient_id	SAFE_PUBLIC	Source-code schema/variable or aggregate metadata; no individual-level record distributed
scripts/06_clinical/HCC_ICI_project/04_scripts/phase19/03_phase19b_response_blind_scoring.R	238	patient_id	SAFE_PUBLIC	Source-code schema/variable or aggregate metadata; no individual-level record distributed
scripts/06_clinical/HCC_ICI_project/04_scripts/phase19/03_phase19b_response_blind_scoring.R	238	patient_id	SAFE_PUBLIC	Source-code schema/variable or aggregate metadata; no individual-level record distributed
scripts/06_clinical/HCC_ICI_project/04_scripts/phase19/03_phase19b_response_blind_scoring.R	266	patient_id	SAFE_PUBLIC	Source-code schema/variable or aggregate metadata; no individual-level record distributed
scripts/06_clinical/HCC_ICI_project/04_scripts/phase19/03_phase19b_response_blind_scoring.R	266	patient_id	SAFE_PUBLIC	Source-code schema/variable or aggregate metadata; no individual-level record distributed
scripts/06_clinical/HCC_ICI_project/04_scripts/phase19/05_phase19b_outcome_analysis.R	139	patient_id	SAFE_PUBLIC	Source-code schema/variable or aggregate metadata; no individual-level record distributed
scripts/06_clinical/HCC_ICI_project/04_scripts/phase19/05_phase19b_outcome_analysis.R	140	patient_id	SAFE_PUBLIC	Source-code schema/variable or aggregate metadata; no individual-level record distributed
scripts/06_clinical/HCC_ICI_project/04_scripts/phase19/05_phase19b_outcome_analysis.R	140	patient_id	SAFE_PUBLIC	Source-code schema/variable or aggregate metadata; no individual-level record distributed
scripts/06_clinical/HCC_ICI_project/04_scripts/phase19/05_phase19b_outcome_analysis.R	142	patient_id	SAFE_PUBLIC	Source-code schema/variable or aggregate metadata; no individual-level record distributed
scripts/06_clinical/HCC_ICI_project/04_scripts/phase19/05_phase19b_outcome_analysis.R	144	patient_id	SAFE_PUBLIC	Source-code schema/variable or aggregate metadata; no individual-level record distributed
scripts/06_clinical/HCC_ICI_project/04_scripts/phase19/05_phase19b_outcome_analysis.R	145	patient_id	SAFE_PUBLIC	Source-code schema/variable or aggregate metadata; no individual-level record distributed
scripts/06_clinical/HCC_ICI_project/04_scripts/phase19/05_phase19b_outcome_analysis.R	150	patient_id	SAFE_PUBLIC	Source-code schema/variable or aggregate metadata; no individual-level record distributed
scripts/06_clinical/HCC_ICI_project/04_scripts/phase19/05_phase19b_outcome_analysis.R	151	patient_id	SAFE_PUBLIC	Source-code schema/variable or aggregate metadata; no individual-level record distributed
scripts/06_clinical/HCC_ICI_project/04_scripts/phase19/05_phase19b_outcome_analysis.R	160	patient_id	SAFE_PUBLIC	Source-code schema/variable or aggregate metadata; no individual-level record distributed
scripts/06_clinical/HCC_ICI_project/04_scripts/phase19/05_phase19b_outcome_analysis.R	161	patient_id	SAFE_PUBLIC	Source-code schema/variable or aggregate metadata; no individual-level record distributed
scripts/06_clinical/HCC_ICI_project/04_scripts/phase19/05_phase19b_outcome_analysis.R	205	patient_id	SAFE_PUBLIC	Source-code schema/variable or aggregate metadata; no individual-level record distributed
scripts/06_clinical/HCC_ICI_project/04_scripts/pretreatment_clinical_translation/01_gse104580_tace_falsification.R	161	patient_id	SAFE_PUBLIC	Source-code schema/variable or aggregate metadata; no individual-level record distributed
scripts/06_clinical/HCC_ICI_project/04_scripts/pretreatment_clinical_translation/01_gse104580_tace_falsification.R	171	patient_id	SAFE_PUBLIC	Source-code schema/variable or aggregate metadata; no individual-level record distributed
scripts/06_clinical/HCC_ICI_project/04_scripts/pretreatment_clinical_translation/01_gse104580_tace_falsification.R	258	session	SAFE_PUBLIC	Scientific software/session record, local guard or documented policy; not a credential value
scripts/06_clinical/HCC_ICI_project/04_scripts/pretreatment_clinical_translation/01_gse104580_tace_falsification.R	259	session	SAFE_PUBLIC	Scientific software/session record, local guard or documented policy; not a credential value
scripts/07_perturbation/PTPN22_HUMAN_GENETIC_ACTIVATION_Phase0_v1/scripts/02_build_phase0_audits.py	169	sample_id	SAFE_PUBLIC	Source-code schema/variable or aggregate metadata; no individual-level record distributed
scripts/07_perturbation/PTPN22_HUMAN_GENETIC_ACTIVATION_Phase1_v1/scripts/02_execute_fixed_analysis.py	32	donor_id	SAFE_PUBLIC	Source-code schema/variable or aggregate metadata; no individual-level record distributed
scripts/07_perturbation/PTPN22_HUMAN_GENETIC_ACTIVATION_Phase1_v1/scripts/02_execute_fixed_analysis.py	33	donor_id	SAFE_PUBLIC	Source-code schema/variable or aggregate metadata; no individual-level record distributed
scripts/07_perturbation/PTPN22_HUMAN_GENETIC_ACTIVATION_Phase1_v1/scripts/02_execute_fixed_analysis.py	35	donor_id	SAFE_PUBLIC	Source-code schema/variable or aggregate metadata; no individual-level record distributed
scripts/07_perturbation/PTPN22_HUMAN_GENETIC_ACTIVATION_Phase1_v1/scripts/02_execute_fixed_analysis.py	111	donor_id	SAFE_PUBLIC	Source-code schema/variable or aggregate metadata; no individual-level record distributed
scripts/07_perturbation/PTPN22_HUMAN_GENETIC_ACTIVATION_Phase1_v1/scripts/02_execute_fixed_analysis.py	139	donor_id	SAFE_PUBLIC	Source-code schema/variable or aggregate metadata; no individual-level record distributed
scripts/07_perturbation/PTPN22_HUMAN_GENETIC_ACTIVATION_Phase1_v1/scripts/02_execute_fixed_analysis.py	169	donor_id	SAFE_PUBLIC	Source-code schema/variable or aggregate metadata; no individual-level record distributed
scripts/07_perturbation/PTPN22_HUMAN_GENETIC_ACTIVATION_Phase1_v1/scripts/02_execute_fixed_analysis.py	192	donor_id	SAFE_PUBLIC	Source-code schema/variable or aggregate metadata; no individual-level record distributed
scripts/03_AF35_measurement/AF35_AGGREGATION_COMPOSITION_DECOMPOSITION_v1/scripts/01_freeze.py	0	original_machine_path	REDACTED	Removed before inclusion; original values are not quoted in this audit
scripts/03_AF35_measurement/AF35_AGGREGATION_COMPOSITION_DECOMPOSITION_v1/scripts/common.py	0	original_machine_path	REDACTED	Removed before inclusion; original values are not quoted in this audit
scripts/06_clinical/AF35_BROAD_IMMUNE_RESIDUAL_ASSOCIATION_v1/scripts/00_initialize.py	0	original_machine_path	REDACTED	Removed before inclusion; original values are not quoted in this audit
scripts/06_clinical/AF35_CLINICAL_STATE_OCCUPANCY_DECOMPOSITION_v1/scripts/common.py	0	original_machine_path	REDACTED	Removed before inclusion; original values are not quoted in this audit
scripts/04_clonotype/AF35_CLONOTYPE_NEUTRALIZED_STATE_OCCUPANCY_v1/scripts/common.py	0	original_machine_path	REDACTED	Removed before inclusion; original values are not quoted in this audit
scripts/06_clinical/AF35_COMPONENT_ABLATION_ASSOCIATION_ROBUSTNESS_v1/01_freeze.py	0	original_machine_path	REDACTED	Removed before inclusion; original values are not quoted in this audit
scripts/03_AF35_measurement/AF35_FUNCTIONAL_ROLE_STATE_ARCHITECTURE_v1/scripts/00_initialize.py	0	original_machine_path	REDACTED	Removed before inclusion; original values are not quoted in this audit
scripts/04_clonotype/AF35_LONGITUDINAL_CLONAL_STATE_DYNAMICS_M2_CLEANROOM_v1/scripts/common.py	0	original_machine_path	REDACTED	Removed before inclusion; original values are not quoted in this audit
scripts/03_AF35_measurement/AF35_RESPONSE_BLIND_PROGRAM_COHERENCE_v1/scripts/00_initialize.py	0	original_machine_path	REDACTED	Removed before inclusion; original values are not quoted in this audit
scripts/05_spatial/HCC_ICI_BIOLOGICAL_RESOLUTION_BR1_v1/scripts/module_d_prepare_spatial_tables.R	0	original_machine_path	REDACTED	Removed before inclusion; original values are not quoted in this audit
scripts/06_clinical/HCC_ICI_project/04_scripts/phase19/04_phase19b_freeze_response_blind_tables.py	0	original_machine_path	REDACTED	Removed before inclusion; original values are not quoted in this audit
scripts/02_state_architecture/PTPN22_AF35_COUPLING_ARCHITECTURE_v1/scripts/01_source_audit.py	0	original_machine_path	REDACTED	Removed before inclusion; original values are not quoted in this audit
scripts/07_perturbation/PTPN22_AF35_PROGRAM_PERTURBATION_PROJECTION_v1/scripts/common.py	0	original_machine_path	REDACTED	Removed before inclusion; original values are not quoted in this audit
scripts/02_state_architecture/PTPN22_STATE_AXIS_SPECIFICITY_v1/scripts/00_reuse_sources.py	0	original_machine_path	REDACTED	Removed before inclusion; original values are not quoted in this audit
scripts/05_spatial/WU_AF35_DC_CD8_SPATIAL_TOPOLOGY_v1/scripts/00_feasibility_freeze.py	0	original_machine_path	REDACTED	Removed before inclusion; original values are not quoted in this audit
scripts/05_spatial/WU_AF35_DC_CD8_SPATIAL_TOPOLOGY_v1/scripts/common.py	0	original_machine_path	REDACTED	Removed before inclusion; original values are not quoted in this audit
PAYLOAD_SCOPE	0	credentials	SAFE_PUBLIC	0 identified unresolved findings; curated aggregate/code-only inclusion plus pattern review; not a guarantee about undetectable identifiers
PAYLOAD_SCOPE	0	private_tokens	SAFE_PUBLIC	0 identified unresolved findings; curated aggregate/code-only inclusion plus pattern review; not a guarantee about undetectable identifiers
PAYLOAD_SCOPE	0	direct_PHI	SAFE_PUBLIC	0 identified unresolved findings; curated aggregate/code-only inclusion plus pattern review; not a guarantee about undetectable identifiers
PAYLOAD_SCOPE	0	unintended_local_paths	SAFE_PUBLIC	0 identified unresolved findings; curated aggregate/code-only inclusion plus pattern review; not a guarantee about undetectable identifiers
