input_id	analysis_id	script	input_expression	identity	sha256	classification	included_file	upstream_script	public_source	reason	status
IO0001	A001	scripts/current/03_AF35_measurement/sources/AF35_AGGREGATION_COMPOSITION_DECOMPOSITION_v1/scripts/01_freeze.py	read(B / 'AF35_MATCHED_NULL_PROGRAM_MANIFEST.tsv')	AF35_MATCHED_RANDOM_CLINICAL_NULL_v1/AF35_MATCHED_NULL_PROGRAM_MANIFEST.tsv	9005ad3f8f85dc3e479614ea752e68229b19f2a56e758e52000dd8108c27002e	UNRESOLVED			data/SOURCE_DATA_MANIFEST.tsv	Filename evidence only; variable binding, upstream production, freeze guards and public acquisition contract not fully verified. No data copied.	EXCLUDED_FROM_ACTIVE_RELEASE
IO0002	A001	scripts/current/03_AF35_measurement/sources/AF35_AGGREGATION_COMPOSITION_DECOMPOSITION_v1/scripts/01_freeze.py	read(G / 'AF35_BROAD_IMMUNE_RESPONSE_BLIND_PATIENT_VALUES.tsv')	UNRESOLVED_EXPRESSION		UNRESOLVED			data/SOURCE_DATA_MANIFEST.tsv	Filename evidence only; variable binding, upstream production, freeze guards and public acquisition contract not fully verified. No data copied.	EXCLUDED_FROM_ACTIVE_RELEASE
IO0003	A001	scripts/current/03_AF35_measurement/sources/AF35_AGGREGATION_COMPOSITION_DECOMPOSITION_v1/scripts/01_freeze.py	(B / 'MATCHED_PROGRAM_FREEZE_LOCK.json').read_text()	UNRESOLVED_EXPRESSION		UNRESOLVED			data/SOURCE_DATA_MANIFEST.tsv	Filename evidence only; variable binding, upstream production, freeze guards and public acquisition contract not fully verified. No data copied.	EXCLUDED_FROM_ACTIVE_RELEASE
IO0004	A001	scripts/current/03_AF35_measurement/sources/AF35_AGGREGATION_COMPOSITION_DECOMPOSITION_v1/scripts/01_freeze.py	(G / 'AF35_BROAD_IMMUNE_FREEZE_LOCK.json').read_text()	UNRESOLVED_EXPRESSION		UNRESOLVED			data/SOURCE_DATA_MANIFEST.tsv	Filename evidence only; variable binding, upstream production, freeze guards and public acquisition contract not fully verified. No data copied.	EXCLUDED_FROM_ACTIVE_RELEASE
IO0005	A001	scripts/current/03_AF35_measurement/sources/AF35_AGGREGATION_COMPOSITION_DECOMPOSITION_v1/scripts/01_freeze.py	read(B / f'{c}_SELECTED_TRANSFORMED_EXPRESSION.tsv', index_col=0)	UNRESOLVED_EXPRESSION		UNRESOLVED			data/SOURCE_DATA_MANIFEST.tsv	Filename evidence only; variable binding, upstream production, freeze guards and public acquisition contract not fully verified. No data copied.	EXCLUDED_FROM_ACTIVE_RELEASE
IO0006	A001	scripts/current/03_AF35_measurement/sources/AF35_AGGREGATION_COMPOSITION_DECOMPOSITION_v1/scripts/01_freeze.py	read(G / f'inputs/{c}_AF35_BROAD_TRANSFORMED_EXPRESSION.tsv', index_col=0)	UNRESOLVED_EXPRESSION		UNRESOLVED			data/SOURCE_DATA_MANIFEST.tsv	Filename evidence only; variable binding, upstream production, freeze guards and public acquisition contract not fully verified. No data copied.	EXCLUDED_FROM_ACTIVE_RELEASE
IO0007	A001	scripts/current/03_AF35_measurement/sources/AF35_AGGREGATION_COMPOSITION_DECOMPOSITION_v1/scripts/01_freeze.py	(B / 'OUTCOME_JOIN_TIMESTAMP.txt').read_text()	UNRESOLVED_EXPRESSION		UNRESOLVED			data/SOURCE_DATA_MANIFEST.tsv	Filename evidence only; variable binding, upstream production, freeze guards and public acquisition contract not fully verified. No data copied.	EXCLUDED_FROM_ACTIVE_RELEASE
IO0008	A001	scripts/current/03_AF35_measurement/sources/AF35_AGGREGATION_COMPOSITION_DECOMPOSITION_v1/scripts/01_freeze.py	read(B / 'PATIENT_SCORE_FREEZE_SHA256.tsv')	UNRESOLVED_EXPRESSION		UNRESOLVED			data/SOURCE_DATA_MANIFEST.tsv	Filename evidence only; variable binding, upstream production, freeze guards and public acquisition contract not fully verified. No data copied.	EXCLUDED_FROM_ACTIVE_RELEASE
IO0009	A001	scripts/current/03_AF35_measurement/sources/AF35_AGGREGATION_COMPOSITION_DECOMPOSITION_v1/scripts/01_freeze.py	read(H / 'AF35_PROGRAM_COHERENCE_RANDOM_REFERENCE_RESULTS.tsv')	AF35_RESPONSE_BLIND_PROGRAM_COHERENCE_v1/AF35_PROGRAM_COHERENCE_RANDOM_REFERENCE_RESULTS.tsv	af4dd9830cd4be85c1b3e8e59252921940c502647a009de24aa395f39025cdee	UNRESOLVED			data/SOURCE_DATA_MANIFEST.tsv	Filename evidence only; variable binding, upstream production, freeze guards and public acquisition contract not fully verified. No data copied.	EXCLUDED_FROM_ACTIVE_RELEASE
IO0010	A001	scripts/current/03_AF35_measurement/sources/AF35_AGGREGATION_COMPOSITION_DECOMPOSITION_v1/scripts/01_freeze.py	read(base / 'COMPLETE_SHA256_MANIFEST.tsv')	UNRESOLVED_EXPRESSION		UNRESOLVED			data/SOURCE_DATA_MANIFEST.tsv	Filename evidence only; variable binding, upstream production, freeze guards and public acquisition contract not fully verified. No data copied.	EXCLUDED_FROM_ACTIVE_RELEASE
IO0011	A001	scripts/current/03_AF35_measurement/sources/AF35_AGGREGATION_COMPOSITION_DECOMPOSITION_v1/scripts/01_freeze.py	read(A / 'AF35_ORDERED_GENES.tsv')	AF35_RESPONSE_BLIND_PROGRAM_COHERENCE_v1/inputs/AF35_ORDERED_GENES.tsv	94c9fcfc9fb5a7247d594ad4cc6109db3a0ffa2cfcec1e9e1c9795becc8370a4	UNRESOLVED			data/SOURCE_DATA_MANIFEST.tsv	Filename evidence only; variable binding, upstream production, freeze guards and public acquisition contract not fully verified. No data copied.	EXCLUDED_FROM_ACTIVE_RELEASE
IO0012	A001	scripts/current/03_AF35_measurement/sources/AF35_AGGREGATION_COMPOSITION_DECOMPOSITION_v1/scripts/01_freeze.py	read(G / 'inputs/BROAD_IMMUNE_GENES.tsv')	UNRESOLVED_EXPRESSION		UNRESOLVED			data/SOURCE_DATA_MANIFEST.tsv	Filename evidence only; variable binding, upstream production, freeze guards and public acquisition contract not fully verified. No data copied.	EXCLUDED_FROM_ACTIVE_RELEASE
IO0013	A001	scripts/current/03_AF35_measurement/sources/AF35_AGGREGATION_COMPOSITION_DECOMPOSITION_v1/scripts/01_freeze.py	read(A / f'{c}_GENE_Z_AND_FULL_SCORES_RESPONSE_BLIND.tsv')	UNRESOLVED_EXPRESSION		UNRESOLVED			data/SOURCE_DATA_MANIFEST.tsv	Filename evidence only; variable binding, upstream production, freeze guards and public acquisition contract not fully verified. No data copied.	EXCLUDED_FROM_ACTIVE_RELEASE
IO0014	A001	scripts/current/03_AF35_measurement/sources/AF35_AGGREGATION_COMPOSITION_DECOMPOSITION_v1/scripts/01_freeze.py	read(H / f'inputs/{c}_GENE_Z_RESPONSE_BLIND.tsv')	UNRESOLVED_EXPRESSION		UNRESOLVED			data/SOURCE_DATA_MANIFEST.tsv	Filename evidence only; variable binding, upstream production, freeze guards and public acquisition contract not fully verified. No data copied.	EXCLUDED_FROM_ACTIVE_RELEASE
IO0015	A001	scripts/current/03_AF35_measurement/sources/AF35_AGGREGATION_COMPOSITION_DECOMPOSITION_v1/scripts/01_freeze.py	read(H / f'inputs/{c}_PATIENT_IDS.tsv')	UNRESOLVED_EXPRESSION		UNRESOLVED			data/SOURCE_DATA_MANIFEST.tsv	Filename evidence only; variable binding, upstream production, freeze guards and public acquisition contract not fully verified. No data copied.	EXCLUDED_FROM_ACTIVE_RELEASE
IO0016	A001	scripts/current/03_AF35_measurement/sources/AF35_AGGREGATION_COMPOSITION_DECOMPOSITION_v1/scripts/01_freeze.py	read(B / 'AF35_ORDERED_GENES.tsv')	AF35_RESPONSE_BLIND_PROGRAM_COHERENCE_v1/inputs/AF35_ORDERED_GENES.tsv	94c9fcfc9fb5a7247d594ad4cc6109db3a0ffa2cfcec1e9e1c9795becc8370a4	UNRESOLVED			data/SOURCE_DATA_MANIFEST.tsv	Filename evidence only; variable binding, upstream production, freeze guards and public acquisition contract not fully verified. No data copied.	EXCLUDED_FROM_ACTIVE_RELEASE
IO0017	A001	scripts/current/03_AF35_measurement/sources/AF35_AGGREGATION_COMPOSITION_DECOMPOSITION_v1/scripts/01_freeze.py	read(G / f'inputs/{c}_PATIENT_IDS.tsv')	UNRESOLVED_EXPRESSION		UNRESOLVED			data/SOURCE_DATA_MANIFEST.tsv	Filename evidence only; variable binding, upstream production, freeze guards and public acquisition contract not fully verified. No data copied.	EXCLUDED_FROM_ACTIVE_RELEASE
IO0040	A002	scripts/current/06_clinical/sources/AF35_AGGREGATION_COMPOSITION_DECOMPOSITION_v1/scripts/02_clinical_utf8.py	read(OUT / 'AF35_GENE_NUMBER_SUBSET_MANIFEST.tsv')	UNRESOLVED_EXPRESSION		UNRESOLVED			data/SOURCE_DATA_MANIFEST.tsv	Filename evidence only; variable binding, upstream production, freeze guards and public acquisition contract not fully verified. No data copied.	EXCLUDED_FROM_ACTIVE_RELEASE
IO0041	A002	scripts/current/06_clinical/sources/AF35_AGGREGATION_COMPOSITION_DECOMPOSITION_v1/scripts/02_clinical_utf8.py	read(OUT / 'AF35_GENE_NUMBER_RESPONSE_BLIND_SCORES.tsv')	UNRESOLVED_EXPRESSION		UNRESOLVED			data/SOURCE_DATA_MANIFEST.tsv	Filename evidence only; variable binding, upstream production, freeze guards and public acquisition contract not fully verified. No data copied.	EXCLUDED_FROM_ACTIVE_RELEASE
IO0042	A002	scripts/current/06_clinical/sources/AF35_AGGREGATION_COMPOSITION_DECOMPOSITION_v1/scripts/02_clinical_utf8.py	read(OUT / 'AF35_STRUCTURED_REFERENCE_RESPONSE_BLIND_SCORES.tsv')	UNRESOLVED_EXPRESSION		UNRESOLVED			data/SOURCE_DATA_MANIFEST.tsv	Filename evidence only; variable binding, upstream production, freeze guards and public acquisition contract not fully verified. No data copied.	EXCLUDED_FROM_ACTIVE_RELEASE
IO0043	A002	scripts/current/06_clinical/sources/AF35_AGGREGATION_COMPOSITION_DECOMPOSITION_v1/scripts/02_clinical_utf8.py	read(OUT / 'AF35_GENE_NUMBER_SCORE_STABILITY.tsv')	UNRESOLVED_EXPRESSION		UNRESOLVED			data/SOURCE_DATA_MANIFEST.tsv	Filename evidence only; variable binding, upstream production, freeze guards and public acquisition contract not fully verified. No data copied.	EXCLUDED_FROM_ACTIVE_RELEASE
IO0044	A002	scripts/current/06_clinical/sources/AF35_AGGREGATION_COMPOSITION_DECOMPOSITION_v1/scripts/02_clinical_utf8.py	(OUT / (P + '_FREEZE_LOCK.json')).read_text(encoding='utf-8')	UNRESOLVED_EXPRESSION		UNRESOLVED			data/SOURCE_DATA_MANIFEST.tsv	Filename evidence only; variable binding, upstream production, freeze guards and public acquisition contract not fully verified. No data copied.	EXCLUDED_FROM_ACTIVE_RELEASE
IO0045	A002	scripts/current/06_clinical/sources/AF35_AGGREGATION_COMPOSITION_DECOMPOSITION_v1/scripts/02_clinical_utf8.py	read(B / 'AF35_MATCHED_NULL_PROGRAM_EFFECTS.tsv')	AF35_MATCHED_RANDOM_CLINICAL_NULL_v1/AF35_MATCHED_NULL_PROGRAM_EFFECTS.tsv	15ccdae92f0984467457c529f1abf404c1a848ff6edc8a82d805b2052e31d7e7	UNRESOLVED			data/SOURCE_DATA_MANIFEST.tsv	Filename evidence only; variable binding, upstream production, freeze guards and public acquisition contract not fully verified. No data copied.	EXCLUDED_FROM_ACTIVE_RELEASE
IO0046	A002	scripts/current/06_clinical/sources/AF35_AGGREGATION_COMPOSITION_DECOMPOSITION_v1/scripts/02_clinical_utf8.py	read(OUT / 'AF35_STRUCTURED_REFERENCE_SELECTED_200.tsv')	UNRESOLVED_EXPRESSION		UNRESOLVED			data/SOURCE_DATA_MANIFEST.tsv	Filename evidence only; variable binding, upstream production, freeze guards and public acquisition contract not fully verified. No data copied.	EXCLUDED_FROM_ACTIVE_RELEASE
IO0047	A002	scripts/current/06_clinical/sources/AF35_AGGREGATION_COMPOSITION_DECOMPOSITION_v1/scripts/02_clinical_utf8.py	read(A / f'{c}_ANALYSIS_PATIENT_VALUES.tsv', usecols=['patient_id', 'response'])	UNRESOLVED_EXPRESSION		UNRESOLVED			data/SOURCE_DATA_MANIFEST.tsv	Filename evidence only; variable binding, upstream production, freeze guards and public acquisition contract not fully verified. No data copied.	EXCLUDED_FROM_ACTIVE_RELEASE
IO0048	A002	scripts/current/06_clinical/sources/AF35_AGGREGATION_COMPOSITION_DECOMPOSITION_v1/scripts/02_clinical_utf8.py	read(base / 'COMPLETE_SHA256_MANIFEST.tsv')	UNRESOLVED_EXPRESSION		UNRESOLVED			data/SOURCE_DATA_MANIFEST.tsv	Filename evidence only; variable binding, upstream production, freeze guards and public acquisition contract not fully verified. No data copied.	EXCLUDED_FROM_ACTIVE_RELEASE
IO0049	A002	scripts/current/06_clinical/sources/AF35_AGGREGATION_COMPOSITION_DECOMPOSITION_v1/scripts/02_clinical_utf8.py	read(OUT / f'inputs/{c}_PATIENT_IDS.tsv')	UNRESOLVED_EXPRESSION		UNRESOLVED			data/SOURCE_DATA_MANIFEST.tsv	Filename evidence only; variable binding, upstream production, freeze guards and public acquisition contract not fully verified. No data copied.	EXCLUDED_FROM_ACTIVE_RELEASE
IO0063	A003	scripts/current/03_AF35_measurement/sources/AF35_AGGREGATION_COMPOSITION_DECOMPOSITION_v1/scripts/common.py	pd.read_csv(p, sep='\t', float_precision='round_trip', **kw)	UNRESOLVED_EXPRESSION		UNRESOLVED			data/SOURCE_DATA_MANIFEST.tsv	Filename evidence only; variable binding, upstream production, freeze guards and public acquisition contract not fully verified. No data copied.	EXCLUDED_FROM_ACTIVE_RELEASE
IO0064	A003	scripts/current/03_AF35_measurement/sources/AF35_AGGREGATION_COMPOSITION_DECOMPOSITION_v1/scripts/common.py	f.read(2 ** 20)	UNRESOLVED_EXPRESSION		UNRESOLVED			data/SOURCE_DATA_MANIFEST.tsv	Filename evidence only; variable binding, upstream production, freeze guards and public acquisition contract not fully verified. No data copied.	EXCLUDED_FROM_ACTIVE_RELEASE
IO0068	A004	scripts/current/06_clinical/sources/AF35_BROAD_IMMUNE_RESIDUAL_ASSOCIATION_v1/scripts/00_initialize.py	pd.read_csv(p, sep='\t', **kw)	UNRESOLVED_EXPRESSION		UNRESOLVED			data/SOURCE_DATA_MANIFEST.tsv	Filename evidence only; variable binding, upstream production, freeze guards and public acquisition contract not fully verified. No data copied.	EXCLUDED_FROM_ACTIVE_RELEASE
IO0069	A004	scripts/current/06_clinical/sources/AF35_BROAD_IMMUNE_RESIDUAL_ASSOCIATION_v1/scripts/00_initialize.py	read(A / 'AF35_ORDERED_GENES.tsv')	AF35_RESPONSE_BLIND_PROGRAM_COHERENCE_v1/inputs/AF35_ORDERED_GENES.tsv	94c9fcfc9fb5a7247d594ad4cc6109db3a0ffa2cfcec1e9e1c9795becc8370a4	UNRESOLVED			data/SOURCE_DATA_MANIFEST.tsv	Filename evidence only; variable binding, upstream production, freeze guards and public acquisition contract not fully verified. No data copied.	EXCLUDED_FROM_ACTIVE_RELEASE
IO0070	A004	scripts/current/06_clinical/sources/AF35_BROAD_IMMUNE_RESIDUAL_ASSOCIATION_v1/scripts/00_initialize.py	read(base / 'COMPLETE_SHA256_MANIFEST.tsv')	UNRESOLVED_EXPRESSION		UNRESOLVED			data/SOURCE_DATA_MANIFEST.tsv	Filename evidence only; variable binding, upstream production, freeze guards and public acquisition contract not fully verified. No data copied.	EXCLUDED_FROM_ACTIVE_RELEASE
IO0071	A004	scripts/current/06_clinical/sources/AF35_BROAD_IMMUNE_RESIDUAL_ASSOCIATION_v1/scripts/00_initialize.py	read(E / f'inputs/{c}_MOLECULAR_INPUT_RESPONSE_BLIND.tsv', usecols=['patient_id'])	UNRESOLVED_EXPRESSION		UNRESOLVED			data/SOURCE_DATA_MANIFEST.tsv	Filename evidence only; variable binding, upstream production, freeze guards and public acquisition contract not fully verified. No data copied.	EXCLUDED_FROM_ACTIVE_RELEASE
IO0072	A004	scripts/current/06_clinical/sources/AF35_BROAD_IMMUNE_RESIDUAL_ASSOCIATION_v1/scripts/00_initialize.py	f.read(2 ** 20)	UNRESOLVED_EXPRESSION		UNRESOLVED			data/SOURCE_DATA_MANIFEST.tsv	Filename evidence only; variable binding, upstream production, freeze guards and public acquisition contract not fully verified. No data copied.	EXCLUDED_FROM_ACTIVE_RELEASE
IO0073	A004	scripts/current/06_clinical/sources/AF35_BROAD_IMMUNE_RESIDUAL_ASSOCIATION_v1/scripts/00_initialize.py	read(B / 'AF35_ORDERED_GENES.tsv')	AF35_RESPONSE_BLIND_PROGRAM_COHERENCE_v1/inputs/AF35_ORDERED_GENES.tsv	94c9fcfc9fb5a7247d594ad4cc6109db3a0ffa2cfcec1e9e1c9795becc8370a4	UNRESOLVED			data/SOURCE_DATA_MANIFEST.tsv	Filename evidence only; variable binding, upstream production, freeze guards and public acquisition contract not fully verified. No data copied.	EXCLUDED_FROM_ACTIVE_RELEASE
IO0074	A004	scripts/current/06_clinical/sources/AF35_BROAD_IMMUNE_RESIDUAL_ASSOCIATION_v1/scripts/00_initialize.py	read(E / 'SOURCE_BINDINGS.tsv')	UNRESOLVED_EXPRESSION		UNRESOLVED			data/SOURCE_DATA_MANIFEST.tsv	Filename evidence only; variable binding, upstream production, freeze guards and public acquisition contract not fully verified. No data copied.	EXCLUDED_FROM_ACTIVE_RELEASE
IO0075	A004	scripts/current/06_clinical/sources/AF35_BROAD_IMMUNE_RESIDUAL_ASSOCIATION_v1/scripts/00_initialize.py	(base / lock).read_text()	UNRESOLVED_EXPRESSION		UNRESOLVED			data/SOURCE_DATA_MANIFEST.tsv	Filename evidence only; variable binding, upstream production, freeze guards and public acquisition contract not fully verified. No data copied.	EXCLUDED_FROM_ACTIVE_RELEASE
IO0084	A005	scripts/current/06_clinical/sources/AF35_BROAD_IMMUNE_RESIDUAL_ASSOCIATION_v1/scripts/03_join_and_analyze.py	f.read(OUT / (P + '_RESPONSE_BLIND_PATIENT_VALUES.tsv'))	UNRESOLVED_EXPRESSION		UNRESOLVED			data/SOURCE_DATA_MANIFEST.tsv	Filename evidence only; variable binding, upstream production, freeze guards and public acquisition contract not fully verified. No data copied.	EXCLUDED_FROM_ACTIVE_RELEASE
IO0085	A005	scripts/current/06_clinical/sources/AF35_BROAD_IMMUNE_RESIDUAL_ASSOCIATION_v1/scripts/03_join_and_analyze.py	f.read(OUT / (P + '_LOO_RESPONSE_BLIND_PATIENT_VALUES.tsv'))	UNRESOLVED_EXPRESSION		UNRESOLVED			data/SOURCE_DATA_MANIFEST.tsv	Filename evidence only; variable binding, upstream production, freeze guards and public acquisition contract not fully verified. No data copied.	EXCLUDED_FROM_ACTIVE_RELEASE
IO0086	A005	scripts/current/06_clinical/sources/AF35_BROAD_IMMUNE_RESIDUAL_ASSOCIATION_v1/scripts/03_join_and_analyze.py	(OUT / (P + '_FREEZE_LOCK.json')).read_text(encoding='utf-8')	UNRESOLVED_EXPRESSION		UNRESOLVED			data/SOURCE_DATA_MANIFEST.tsv	Filename evidence only; variable binding, upstream production, freeze guards and public acquisition contract not fully verified. No data copied.	EXCLUDED_FROM_ACTIVE_RELEASE
IO0087	A005	scripts/current/06_clinical/sources/AF35_BROAD_IMMUNE_RESIDUAL_ASSOCIATION_v1/scripts/03_join_and_analyze.py	f.read(path, usecols=['patient_id', 'response', 'AF35'])	UNRESOLVED_EXPRESSION		UNRESOLVED			data/SOURCE_DATA_MANIFEST.tsv	Filename evidence only; variable binding, upstream production, freeze guards and public acquisition contract not fully verified. No data copied.	EXCLUDED_FROM_ACTIVE_RELEASE
IO0088	A005	scripts/current/06_clinical/sources/AF35_BROAD_IMMUNE_RESIDUAL_ASSOCIATION_v1/scripts/03_join_and_analyze.py	(OUT / (P + '_OUTCOME_JOIN_TIMESTAMP.txt')).read_text()	UNRESOLVED_EXPRESSION		UNRESOLVED			data/SOURCE_DATA_MANIFEST.tsv	Filename evidence only; variable binding, upstream production, freeze guards and public acquisition contract not fully verified. No data copied.	EXCLUDED_FROM_ACTIVE_RELEASE
IO0089	A005	scripts/current/06_clinical/sources/AF35_BROAD_IMMUNE_RESIDUAL_ASSOCIATION_v1/scripts/03_join_and_analyze.py	f.read(target)	UNRESOLVED_EXPRESSION		UNRESOLVED			data/SOURCE_DATA_MANIFEST.tsv	Filename evidence only; variable binding, upstream production, freeze guards and public acquisition contract not fully verified. No data copied.	EXCLUDED_FROM_ACTIVE_RELEASE
IO0097	A006	scripts/current/06_clinical/sources/AF35_CLINICAL_STATE_OCCUPANCY_DECOMPOSITION_v1/scripts/02_join.py	jl(OUT / (P + '_FREEZE_LOCK.json'))	UNRESOLVED_EXPRESSION		UNRESOLVED			data/SOURCE_DATA_MANIFEST.tsv	Filename evidence only; variable binding, upstream production, freeze guards and public acquisition contract not fully verified. No data copied.	EXCLUDED_FROM_ACTIVE_RELEASE
IO0098	A006	scripts/current/06_clinical/sources/AF35_CLINICAL_STATE_OCCUPANCY_DECOMPOSITION_v1/scripts/02_join.py	read(OUT / 'inputs/PRETREATMENT_ELIGIBLE_CELLS_RESPONSE_BLIND.tsv')	UNRESOLVED_EXPRESSION		UNRESOLVED			data/SOURCE_DATA_MANIFEST.tsv	Filename evidence only; variable binding, upstream production, freeze guards and public acquisition contract not fully verified. No data copied.	EXCLUDED_FROM_ACTIVE_RELEASE
IO0099	A006	scripts/current/06_clinical/sources/AF35_CLINICAL_STATE_OCCUPANCY_DECOMPOSITION_v1/scripts/02_join.py	read(OUT / (P + '_PATIENT_COMPONENTS_RESPONSE_BLIND.tsv'))	UNRESOLVED_EXPRESSION		UNRESOLVED			data/SOURCE_DATA_MANIFEST.tsv	Filename evidence only; variable binding, upstream production, freeze guards and public acquisition contract not fully verified. No data copied.	EXCLUDED_FROM_ACTIVE_RELEASE
IO0100	A006	scripts/current/06_clinical/sources/AF35_CLINICAL_STATE_OCCUPANCY_DECOMPOSITION_v1/scripts/02_join.py	read(OUT / 'AF35_STATE_OCCUPANCY_MODEL_IDENTIFIABILITY.tsv')	UNRESOLVED_EXPRESSION		UNRESOLVED			data/SOURCE_DATA_MANIFEST.tsv	Filename evidence only; variable binding, upstream production, freeze guards and public acquisition contract not fully verified. No data copied.	EXCLUDED_FROM_ACTIVE_RELEASE
IO0101	A006	scripts/current/06_clinical/sources/AF35_CLINICAL_STATE_OCCUPANCY_DECOMPOSITION_v1/scripts/02_join.py	read(source, usecols=['patient', 'response_group'])	UNRESOLVED_EXPRESSION		UNRESOLVED			data/SOURCE_DATA_MANIFEST.tsv	Filename evidence only; variable binding, upstream production, freeze guards and public acquisition contract not fully verified. No data copied.	EXCLUDED_FROM_ACTIVE_RELEASE
IO0108	A007	scripts/current/06_clinical/sources/AF35_CLINICAL_STATE_OCCUPANCY_DECOMPOSITION_v1/scripts/03_clinical.py	read(OUT / (P + '_FEASIBILITY.tsv'))	UNRESOLVED_EXPRESSION		UNRESOLVED			data/SOURCE_DATA_MANIFEST.tsv	Filename evidence only; variable binding, upstream production, freeze guards and public acquisition contract not fully verified. No data copied.	EXCLUDED_FROM_ACTIVE_RELEASE
IO0109	A007	scripts/current/06_clinical/sources/AF35_CLINICAL_STATE_OCCUPANCY_DECOMPOSITION_v1/scripts/03_clinical.py	read(OUT / 'inputs/PATIENT_COMPONENTS_AFTER_RESPONSE_JOIN.tsv')	UNRESOLVED_EXPRESSION		UNRESOLVED			data/SOURCE_DATA_MANIFEST.tsv	Filename evidence only; variable binding, upstream production, freeze guards and public acquisition contract not fully verified. No data copied.	EXCLUDED_FROM_ACTIVE_RELEASE
IO0110	A007	scripts/current/06_clinical/sources/AF35_CLINICAL_STATE_OCCUPANCY_DECOMPOSITION_v1/scripts/03_clinical.py	read(OUT / 'AF35_PATIENT_STATE_PROPORTIONS.tsv')	UNRESOLVED_EXPRESSION		UNRESOLVED			data/SOURCE_DATA_MANIFEST.tsv	Filename evidence only; variable binding, upstream production, freeze guards and public acquisition contract not fully verified. No data copied.	EXCLUDED_FROM_ACTIVE_RELEASE
IO0111	A007	scripts/current/06_clinical/sources/AF35_CLINICAL_STATE_OCCUPANCY_DECOMPOSITION_v1/scripts/03_clinical.py	read(OUT / 'AF35_STATE_EFFECTS_RESPONSE_BLIND.tsv')	UNRESOLVED_EXPRESSION		UNRESOLVED			data/SOURCE_DATA_MANIFEST.tsv	Filename evidence only; variable binding, upstream production, freeze guards and public acquisition contract not fully verified. No data copied.	EXCLUDED_FROM_ACTIVE_RELEASE
IO0112	A007	scripts/current/06_clinical/sources/AF35_CLINICAL_STATE_OCCUPANCY_DECOMPOSITION_v1/scripts/03_clinical.py	read(OUT / 'AF35_STATE_OCCUPANCY_CELLCOUNT_SENSITIVITY_DESIGN.tsv')	UNRESOLVED_EXPRESSION		UNRESOLVED			data/SOURCE_DATA_MANIFEST.tsv	Filename evidence only; variable binding, upstream production, freeze guards and public acquisition contract not fully verified. No data copied.	EXCLUDED_FROM_ACTIVE_RELEASE
IO0113	A007	scripts/current/06_clinical/sources/AF35_CLINICAL_STATE_OCCUPANCY_DECOMPOSITION_v1/scripts/03_clinical.py	read(OUT / 'inputs/CAPPED_PATIENT_COMPONENTS_RESPONSE_BLIND.tsv')	UNRESOLVED_EXPRESSION		UNRESOLVED			data/SOURCE_DATA_MANIFEST.tsv	Filename evidence only; variable binding, upstream production, freeze guards and public acquisition contract not fully verified. No data copied.	EXCLUDED_FROM_ACTIVE_RELEASE
IO0119	A008	scripts/current/06_clinical/sources/AF35_CLINICAL_STATE_OCCUPANCY_DECOMPOSITION_v1/scripts/common.py	pd.read_csv(p, sep='\t', float_precision='round_trip', **kw)	UNRESOLVED_EXPRESSION		UNRESOLVED			data/SOURCE_DATA_MANIFEST.tsv	Filename evidence only; variable binding, upstream production, freeze guards and public acquisition contract not fully verified. No data copied.	EXCLUDED_FROM_ACTIVE_RELEASE
IO0120	A008	scripts/current/06_clinical/sources/AF35_CLINICAL_STATE_OCCUPANCY_DECOMPOSITION_v1/scripts/common.py	Path(p).read_text(encoding='utf-8')	UNRESOLVED_EXPRESSION		UNRESOLVED			data/SOURCE_DATA_MANIFEST.tsv	Filename evidence only; variable binding, upstream production, freeze guards and public acquisition contract not fully verified. No data copied.	EXCLUDED_FROM_ACTIVE_RELEASE
IO0124	A009	scripts/current/06_clinical/sources/AF35_CLONOTYPE_NEUTRALIZED_STATE_OCCUPANCY_v1/scripts/02_clinical.py	jl(OUT / (P + '_FREEZE_LOCK.json'))	UNRESOLVED_EXPRESSION		UNRESOLVED			data/SOURCE_DATA_MANIFEST.tsv	Filename evidence only; variable binding, upstream production, freeze guards and public acquisition contract not fully verified. No data copied.	EXCLUDED_FROM_ACTIVE_RELEASE
IO0125	A009	scripts/current/06_clinical/sources/AF35_CLONOTYPE_NEUTRALIZED_STATE_OCCUPANCY_v1/scripts/02_clinical.py	read(K / 'COMPLETE_SHA256_MANIFEST.tsv')	UNRESOLVED_EXPRESSION		UNRESOLVED			data/SOURCE_DATA_MANIFEST.tsv	Filename evidence only; variable binding, upstream production, freeze guards and public acquisition contract not fully verified. No data copied.	EXCLUDED_FROM_ACTIVE_RELEASE
IO0126	A009	scripts/current/06_clinical/sources/AF35_CLONOTYPE_NEUTRALIZED_STATE_OCCUPANCY_v1/scripts/02_clinical.py	read(label_source, usecols=['patient', 'response_group', 'response'])	UNRESOLVED_EXPRESSION		UNRESOLVED			data/SOURCE_DATA_MANIFEST.tsv	Filename evidence only; variable binding, upstream production, freeze guards and public acquisition contract not fully verified. No data copied.	EXCLUDED_FROM_ACTIVE_RELEASE
IO0127	A009	scripts/current/06_clinical/sources/AF35_CLONOTYPE_NEUTRALIZED_STATE_OCCUPANCY_v1/scripts/02_clinical.py	read(OUT / (P + '_PATIENT_COMPONENTS_RESPONSE_BLIND.tsv'))	UNRESOLVED_EXPRESSION		UNRESOLVED			data/SOURCE_DATA_MANIFEST.tsv	Filename evidence only; variable binding, upstream production, freeze guards and public acquisition contract not fully verified. No data copied.	EXCLUDED_FROM_ACTIVE_RELEASE
IO0128	A009	scripts/current/06_clinical/sources/AF35_CLONOTYPE_NEUTRALIZED_STATE_OCCUPANCY_v1/scripts/02_clinical.py	read(OUT / (P + '_TCR_COVERAGE.tsv'))	UNRESOLVED_EXPRESSION		UNRESOLVED			data/SOURCE_DATA_MANIFEST.tsv	Filename evidence only; variable binding, upstream production, freeze guards and public acquisition contract not fully verified. No data copied.	EXCLUDED_FROM_ACTIVE_RELEASE
IO0129	A009	scripts/current/06_clinical/sources/AF35_CLONOTYPE_NEUTRALIZED_STATE_OCCUPANCY_v1/scripts/02_clinical.py	read(OUT / 'AF35_CLONE_NEUTRALIZATION_PATIENT_STATE_PROPORTIONS_RESPONSE_BLIND.tsv')	UNRESOLVED_EXPRESSION		UNRESOLVED			data/SOURCE_DATA_MANIFEST.tsv	Filename evidence only; variable binding, upstream production, freeze guards and public acquisition contract not fully verified. No data copied.	EXCLUDED_FROM_ACTIVE_RELEASE
IO0130	A009	scripts/current/06_clinical/sources/AF35_CLONOTYPE_NEUTRALIZED_STATE_OCCUPANCY_v1/scripts/02_clinical.py	read(OUT / 'inputs/RELEASED_STATE_ORDER.tsv')	UNRESOLVED_EXPRESSION		UNRESOLVED			data/SOURCE_DATA_MANIFEST.tsv	Filename evidence only; variable binding, upstream production, freeze guards and public acquisition contract not fully verified. No data copied.	EXCLUDED_FROM_ACTIVE_RELEASE
IO0131	A009	scripts/current/06_clinical/sources/AF35_CLONOTYPE_NEUTRALIZED_STATE_OCCUPANCY_v1/scripts/02_clinical.py	read(D / 'authority/03_processed_data/phase3/GSE235863_BARCODE_CLONOTYPE_STATE_PTPN22.tsv.gz', usecols=['patient', 'response_group'])	UNRESOLVED_EXPRESSION		UNRESOLVED			data/SOURCE_DATA_MANIFEST.tsv	Filename evidence only; variable binding, upstream production, freeze guards and public acquisition contract not fully verified. No data copied.	EXCLUDED_FROM_ACTIVE_RELEASE
IO0132	A009	scripts/current/06_clinical/sources/AF35_CLONOTYPE_NEUTRALIZED_STATE_OCCUPANCY_v1/scripts/02_clinical.py	read(OUT / (P + '_K_BRIDGE_RESPONSE_BLIND.tsv'))	UNRESOLVED_EXPRESSION		UNRESOLVED			data/SOURCE_DATA_MANIFEST.tsv	Filename evidence only; variable binding, upstream production, freeze guards and public acquisition contract not fully verified. No data copied.	EXCLUDED_FROM_ACTIVE_RELEASE
IO0133	A009	scripts/current/06_clinical/sources/AF35_CLONOTYPE_NEUTRALIZED_STATE_OCCUPANCY_v1/scripts/02_clinical.py	read(OUT / 'inputs/PAIRED_CDR3_PATIENT_COMPONENTS_RESPONSE_BLIND.tsv')	UNRESOLVED_EXPRESSION		UNRESOLVED			data/SOURCE_DATA_MANIFEST.tsv	Filename evidence only; variable binding, upstream production, freeze guards and public acquisition contract not fully verified. No data copied.	EXCLUDED_FROM_ACTIVE_RELEASE
IO0134	A009	scripts/current/06_clinical/sources/AF35_CLONOTYPE_NEUTRALIZED_STATE_OCCUPANCY_v1/scripts/02_clinical.py	read(K / 'AF35_STATE_OCCUPANCY_PATIENT_COMPONENTS_RESPONSE_BLIND.tsv')	UNRESOLVED_EXPRESSION		UNRESOLVED			data/SOURCE_DATA_MANIFEST.tsv	Filename evidence only; variable binding, upstream production, freeze guards and public acquisition contract not fully verified. No data copied.	EXCLUDED_FROM_ACTIVE_RELEASE
IO0154	A010	scripts/current/04_clonotype/sources/AF35_CLONOTYPE_NEUTRALIZED_STATE_OCCUPANCY_v1/scripts/common.py	pd.read_csv(p, sep='\t', float_precision='round_trip', **kw)	UNRESOLVED_EXPRESSION		UNRESOLVED			data/SOURCE_DATA_MANIFEST.tsv	Filename evidence only; variable binding, upstream production, freeze guards and public acquisition contract not fully verified. No data copied.	EXCLUDED_FROM_ACTIVE_RELEASE
IO0155	A010	scripts/current/04_clonotype/sources/AF35_CLONOTYPE_NEUTRALIZED_STATE_OCCUPANCY_v1/scripts/common.py	Path(p).read_text(encoding='utf-8')	UNRESOLVED_EXPRESSION		UNRESOLVED			data/SOURCE_DATA_MANIFEST.tsv	Filename evidence only; variable binding, upstream production, freeze guards and public acquisition contract not fully verified. No data copied.	EXCLUDED_FROM_ACTIVE_RELEASE
IO0159	A011	scripts/current/06_clinical/sources/AF35_COMPONENT_ABLATION_ASSOCIATION_ROBUSTNESS_v1/01_freeze.py	pd.read_csv(P / '01_metadata/clinical_translation/PTPN22_CLINICAL_AXES_FROZEN.tsv', sep='\t')	UNRESOLVED_EXPRESSION		UNRESOLVED			data/SOURCE_DATA_MANIFEST.tsv	Filename evidence only; variable binding, upstream production, freeze guards and public acquisition contract not fully verified. No data copied.	EXCLUDED_FROM_ACTIVE_RELEASE
IO0160	A011	scripts/current/06_clinical/sources/AF35_COMPONENT_ABLATION_ASSOCIATION_ROBUSTNESS_v1/01_freeze.py	f.read(1048576)	UNRESOLVED_EXPRESSION		UNRESOLVED			data/SOURCE_DATA_MANIFEST.tsv	Filename evidence only; variable binding, upstream production, freeze guards and public acquisition contract not fully verified. No data copied.	EXCLUDED_FROM_ACTIVE_RELEASE
IO0161	A011	scripts/current/06_clinical/sources/AF35_COMPONENT_ABLATION_ASSOCIATION_ROBUSTNESS_v1/01_freeze.py	pd.read_csv(P / '01_metadata/spatial_phase8/PTPN22_SPATIAL_PROGRAM_FROZEN_PROVENANCE.tsv', sep='\t')	UNRESOLVED_EXPRESSION		UNRESOLVED			data/SOURCE_DATA_MANIFEST.tsv	Filename evidence only; variable binding, upstream production, freeze guards and public acquisition contract not fully verified. No data copied.	EXCLUDED_FROM_ACTIVE_RELEASE
IO0171	A012	scripts/current/06_clinical/sources/AF35_COMPONENT_ABLATION_ASSOCIATION_ROBUSTNESS_v1/05_analyze.py	pd.read_csv(OUT / 'AF35_SINGLE_GENE_SUBSET_MANIFEST.tsv', sep='\t')	UNRESOLVED_EXPRESSION		UNRESOLVED			data/SOURCE_DATA_MANIFEST.tsv	Filename evidence only; variable binding, upstream production, freeze guards and public acquisition contract not fully verified. No data copied.	EXCLUDED_FROM_ACTIVE_RELEASE
IO0172	A012	scripts/current/06_clinical/sources/AF35_COMPONENT_ABLATION_ASSOCIATION_ROBUSTNESS_v1/05_analyze.py	pd.read_csv(OUT / 'AF35_RANDOM_DROPOUT_SUBSET_MANIFEST.tsv', sep='\t')	UNRESOLVED_EXPRESSION		UNRESOLVED			data/SOURCE_DATA_MANIFEST.tsv	Filename evidence only; variable binding, upstream production, freeze guards and public acquisition contract not fully verified. No data copied.	EXCLUDED_FROM_ACTIVE_RELEASE
IO0173	A012	scripts/current/06_clinical/sources/AF35_COMPONENT_ABLATION_ASSOCIATION_ROBUSTNESS_v1/05_analyze.py	pd.read_csv(OUT / 'AF35_PTPN22_CONDITIONAL_ASSOCIATION_SENSITIVITY.tsv', sep='\t')	UNRESOLVED_EXPRESSION		UNRESOLVED			data/SOURCE_DATA_MANIFEST.tsv	Filename evidence only; variable binding, upstream production, freeze guards and public acquisition contract not fully verified. No data copied.	EXCLUDED_FROM_ACTIVE_RELEASE
IO0174	A012	scripts/current/06_clinical/sources/AF35_COMPONENT_ABLATION_ASSOCIATION_ROBUSTNESS_v1/05_analyze.py	pd.read_csv(OUT / f'{c}_ANALYSIS_PATIENT_VALUES.tsv', sep='\t')	UNRESOLVED_EXPRESSION		UNRESOLVED			data/SOURCE_DATA_MANIFEST.tsv	Filename evidence only; variable binding, upstream production, freeze guards and public acquisition contract not fully verified. No data copied.	EXCLUDED_FROM_ACTIVE_RELEASE
IO0175	A012	scripts/current/06_clinical/sources/AF35_COMPONENT_ABLATION_ASSOCIATION_ROBUSTNESS_v1/05_analyze.py	pd.read_csv(P / f'05_results/tables/phase15c_public_benchmark/{c}_UNIVARIATE_BENCHMARK_EFFECTS.tsv', sep='\t')	UNRESOLVED_EXPRESSION		UNRESOLVED			data/SOURCE_DATA_MANIFEST.tsv	Filename evidence only; variable binding, upstream production, freeze guards and public acquisition contract not fully verified. No data copied.	EXCLUDED_FROM_ACTIVE_RELEASE
IO0176	A012	scripts/current/06_clinical/sources/AF35_COMPONENT_ABLATION_ASSOCIATION_ROBUSTNESS_v1/05_analyze.py	pd.read_csv(OUT / 'AF35_ORDERED_GENES.tsv', sep='\t')	AF35_RESPONSE_BLIND_PROGRAM_COHERENCE_v1/inputs/AF35_ORDERED_GENES.tsv	94c9fcfc9fb5a7247d594ad4cc6109db3a0ffa2cfcec1e9e1c9795becc8370a4	UNRESOLVED			data/SOURCE_DATA_MANIFEST.tsv	Filename evidence only; variable binding, upstream production, freeze guards and public acquisition contract not fully verified. No data copied.	EXCLUDED_FROM_ACTIVE_RELEASE
IO0177	A012	scripts/current/06_clinical/sources/AF35_COMPONENT_ABLATION_ASSOCIATION_ROBUSTNESS_v1/05_analyze.py	(OUT / name).read_text()	UNRESOLVED_EXPRESSION		UNRESOLVED			data/SOURCE_DATA_MANIFEST.tsv	Filename evidence only; variable binding, upstream production, freeze guards and public acquisition contract not fully verified. No data copied.	EXCLUDED_FROM_ACTIVE_RELEASE
IO0185	A013	scripts/current/03_AF35_measurement/sources/AF35_FUNCTIONAL_ROLE_STATE_ARCHITECTURE_v1/scripts/00_initialize.py	pd.read_csv(p, sep='\t', **kw)	UNRESOLVED_EXPRESSION		UNRESOLVED			data/SOURCE_DATA_MANIFEST.tsv	Filename evidence only; variable binding, upstream production, freeze guards and public acquisition contract not fully verified. No data copied.	EXCLUDED_FROM_ACTIVE_RELEASE
IO0186	A013	scripts/current/03_AF35_measurement/sources/AF35_FUNCTIONAL_ROLE_STATE_ARCHITECTURE_v1/scripts/00_initialize.py	Path(p).read_text(encoding='utf-8')	UNRESOLVED_EXPRESSION		UNRESOLVED			data/SOURCE_DATA_MANIFEST.tsv	Filename evidence only; variable binding, upstream production, freeze guards and public acquisition contract not fully verified. No data copied.	EXCLUDED_FROM_ACTIVE_RELEASE
IO0187	A013	scripts/current/03_AF35_measurement/sources/AF35_FUNCTIONAL_ROLE_STATE_ARCHITECTURE_v1/scripts/00_initialize.py	read(base / 'COMPLETE_SHA256_MANIFEST.tsv')	UNRESOLVED_EXPRESSION		UNRESOLVED			data/SOURCE_DATA_MANIFEST.tsv	Filename evidence only; variable binding, upstream production, freeze guards and public acquisition contract not fully verified. No data copied.	EXCLUDED_FROM_ACTIVE_RELEASE
IO0194	A014	scripts/current/03_AF35_measurement/sources/AF35_FUNCTIONAL_ROLE_STATE_ARCHITECTURE_v1/scripts/03_molecular_and_state.py	f.jl(OUT / 'AF35_FUNCTIONAL_STATE_FREEZE_LOCK.json')	UNRESOLVED_EXPRESSION		UNRESOLVED			data/SOURCE_DATA_MANIFEST.tsv	Filename evidence only; variable binding, upstream production, freeze guards and public acquisition contract not fully verified. No data copied.	EXCLUDED_FROM_ACTIVE_RELEASE
IO0195	A014	scripts/current/03_AF35_measurement/sources/AF35_FUNCTIONAL_ROLE_STATE_ARCHITECTURE_v1/scripts/03_molecular_and_state.py	f.read(OUT / 'inputs/GENE_LAYER_MEMBERSHIP.tsv')	UNRESOLVED_EXPRESSION		UNRESOLVED			data/SOURCE_DATA_MANIFEST.tsv	Filename evidence only; variable binding, upstream production, freeze guards and public acquisition contract not fully verified. No data copied.	EXCLUDED_FROM_ACTIVE_RELEASE
IO0196	A014	scripts/current/03_AF35_measurement/sources/AF35_FUNCTIONAL_ROLE_STATE_ARCHITECTURE_v1/scripts/03_molecular_and_state.py	f.read(OUT / 'inputs/TCR_CELL_METADATA_RESPONSE_BLIND.tsv')	UNRESOLVED_EXPRESSION		UNRESOLVED			data/SOURCE_DATA_MANIFEST.tsv	Filename evidence only; variable binding, upstream production, freeze guards and public acquisition contract not fully verified. No data copied.	EXCLUDED_FROM_ACTIVE_RELEASE
IO0197	A014	scripts/current/03_AF35_measurement/sources/AF35_FUNCTIONAL_ROLE_STATE_ARCHITECTURE_v1/scripts/03_molecular_and_state.py	np.load(f.C / 'authority/03_processed_data/phase19a_af35_clonotype/GSE235863_AF35_RESPONSE_BLIND_PROJECTION.npz')	UNRESOLVED_EXPRESSION		UNRESOLVED			data/SOURCE_DATA_MANIFEST.tsv	Filename evidence only; variable binding, upstream production, freeze guards and public acquisition contract not fully verified. No data copied.	EXCLUDED_FROM_ACTIVE_RELEASE
IO0198	A014	scripts/current/03_AF35_measurement/sources/AF35_FUNCTIONAL_ROLE_STATE_ARCHITECTURE_v1/scripts/03_molecular_and_state.py	f.read(f.H / ('AF35_PROGRAM_COHERENCE_GENE_CORRELATION_' + c + '.tsv'))	UNRESOLVED_EXPRESSION		UNRESOLVED			data/SOURCE_DATA_MANIFEST.tsv	Filename evidence only; variable binding, upstream production, freeze guards and public acquisition contract not fully verified. No data copied.	EXCLUDED_FROM_ACTIVE_RELEASE
IO0199	A014	scripts/current/03_AF35_measurement/sources/AF35_FUNCTIONAL_ROLE_STATE_ARCHITECTURE_v1/scripts/03_molecular_and_state.py	f.read(OUT / 'inputs/AF35_ORDERED_GENES.tsv')	AF35_RESPONSE_BLIND_PROGRAM_COHERENCE_v1/inputs/AF35_ORDERED_GENES.tsv	94c9fcfc9fb5a7247d594ad4cc6109db3a0ffa2cfcec1e9e1c9795becc8370a4	UNRESOLVED			data/SOURCE_DATA_MANIFEST.tsv	Filename evidence only; variable binding, upstream production, freeze guards and public acquisition contract not fully verified. No data copied.	EXCLUDED_FROM_ACTIVE_RELEASE
IO0200	A014	scripts/current/03_AF35_measurement/sources/AF35_FUNCTIONAL_ROLE_STATE_ARCHITECTURE_v1/scripts/03_molecular_and_state.py	f.read(f.H / f'inputs/{c}_GENE_Z_RESPONSE_BLIND.tsv', usecols=['patient_id'] + genes)	UNRESOLVED_EXPRESSION		UNRESOLVED			data/SOURCE_DATA_MANIFEST.tsv	Filename evidence only; variable binding, upstream production, freeze guards and public acquisition contract not fully verified. No data copied.	EXCLUDED_FROM_ACTIVE_RELEASE
IO0201	A014	scripts/current/03_AF35_measurement/sources/AF35_FUNCTIONAL_ROLE_STATE_ARCHITECTURE_v1/scripts/03_molecular_and_state.py	f.read(OUT / 'inputs/RELEASED_STATE_ORDER.tsv')	UNRESOLVED_EXPRESSION		UNRESOLVED			data/SOURCE_DATA_MANIFEST.tsv	Filename evidence only; variable binding, upstream production, freeze guards and public acquisition contract not fully verified. No data copied.	EXCLUDED_FROM_ACTIVE_RELEASE
IO0202	A014	scripts/current/03_AF35_measurement/sources/AF35_FUNCTIONAL_ROLE_STATE_ARCHITECTURE_v1/scripts/03_molecular_and_state.py	f.read(f.H / f'inputs/{c}_PATIENT_IDS.tsv')	UNRESOLVED_EXPRESSION		UNRESOLVED			data/SOURCE_DATA_MANIFEST.tsv	Filename evidence only; variable binding, upstream production, freeze guards and public acquisition contract not fully verified. No data copied.	EXCLUDED_FROM_ACTIVE_RELEASE
IO0203	A014	scripts/current/03_AF35_measurement/sources/AF35_FUNCTIONAL_ROLE_STATE_ARCHITECTURE_v1/scripts/03_molecular_and_state.py	f.read(f.A / f'{c}_GENE_Z_AND_FULL_SCORES_RESPONSE_BLIND.tsv', usecols=['patient_id', 'PTPN22'])	UNRESOLVED_EXPRESSION		UNRESOLVED			data/SOURCE_DATA_MANIFEST.tsv	Filename evidence only; variable binding, upstream production, freeze guards and public acquisition contract not fully verified. No data copied.	EXCLUDED_FROM_ACTIVE_RELEASE
IO0210	A015	scripts/current/07_perturbation/sources/AF35_FUNCTIONAL_ROLE_STATE_ARCHITECTURE_v1/scripts/04_recover_frozen_perturbation.py	f.jl(base / 'PHASE17A_ANALYSIS_RESULTS.json')	UNRESOLVED_EXPRESSION		UNRESOLVED			data/SOURCE_DATA_MANIFEST.tsv	Filename evidence only; variable binding, upstream production, freeze guards and public acquisition contract not fully verified. No data copied.	EXCLUDED_FROM_ACTIVE_RELEASE
IO0211	A015	scripts/current/07_perturbation/sources/AF35_FUNCTIONAL_ROLE_STATE_ARCHITECTURE_v1/scripts/04_recover_frozen_perturbation.py	self.read(len(b))	UNRESOLVED_EXPRESSION		UNRESOLVED			data/SOURCE_DATA_MANIFEST.tsv	Filename evidence only; variable binding, upstream production, freeze guards and public acquisition contract not fully verified. No data copied.	EXCLUDED_FROM_ACTIVE_RELEASE
IO0212	A015	scripts/current/07_perturbation/sources/AF35_FUNCTIONAL_ROLE_STATE_ARCHITECTURE_v1/scripts/04_recover_frozen_perturbation.py	f.read(OUT / 'QA/PROTECTED_BEFORE.tsv')	UNRESOLVED_EXPRESSION		UNRESOLVED			data/SOURCE_DATA_MANIFEST.tsv	Filename evidence only; variable binding, upstream production, freeze guards and public acquisition contract not fully verified. No data copied.	EXCLUDED_FROM_ACTIVE_RELEASE
IO0213	A015	scripts/current/07_perturbation/sources/AF35_FUNCTIONAL_ROLE_STATE_ARCHITECTURE_v1/scripts/04_recover_frozen_perturbation.py	f.read(OUT / 'inputs/AF35_ORDERED_GENES.tsv')	AF35_RESPONSE_BLIND_PROGRAM_COHERENCE_v1/inputs/AF35_ORDERED_GENES.tsv	94c9fcfc9fb5a7247d594ad4cc6109db3a0ffa2cfcec1e9e1c9795becc8370a4	UNRESOLVED			data/SOURCE_DATA_MANIFEST.tsv	Filename evidence only; variable binding, upstream production, freeze guards and public acquisition contract not fully verified. No data copied.	EXCLUDED_FROM_ACTIVE_RELEASE
IO0214	A015	scripts/current/07_perturbation/sources/AF35_FUNCTIONAL_ROLE_STATE_ARCHITECTURE_v1/scripts/04_recover_frozen_perturbation.py	p.read_bytes()	UNRESOLVED_EXPRESSION		UNRESOLVED			data/SOURCE_DATA_MANIFEST.tsv	Filename evidence only; variable binding, upstream production, freeze guards and public acquisition contract not fully verified. No data copied.	EXCLUDED_FROM_ACTIVE_RELEASE
IO0220	A016	scripts/current/04_clonotype/sources/AF35_LONGITUDINAL_CLONAL_STATE_DYNAMICS_M2_CLEANROOM_v1/scripts/03_phaseA_molecular.py	read(A / 'MOLECULAR_CELLS.tsv')	UNRESOLVED_EXPRESSION		UNRESOLVED			data/SOURCE_DATA_MANIFEST.tsv	Filename evidence only; variable binding, upstream production, freeze guards and public acquisition contract not fully verified. No data copied.	EXCLUDED_FROM_ACTIVE_RELEASE
IO0221	A016	scripts/current/04_clonotype/sources/AF35_LONGITUDINAL_CLONAL_STATE_DYNAMICS_M2_CLEANROOM_v1/scripts/03_phaseA_molecular.py	read(A / 'K_FROZEN_ALPHA.tsv')	UNRESOLVED_EXPRESSION		UNRESOLVED			data/SOURCE_DATA_MANIFEST.tsv	Filename evidence only; variable binding, upstream production, freeze guards and public acquisition contract not fully verified. No data copied.	EXCLUDED_FROM_ACTIVE_RELEASE
IO0222	A016	scripts/current/04_clonotype/sources/AF35_LONGITUDINAL_CLONAL_STATE_DYNAMICS_M2_CLEANROOM_v1/scripts/03_phaseA_molecular.py	read(A / 'RELEASED_STATE_ORDER.tsv')	UNRESOLVED_EXPRESSION		UNRESOLVED			data/SOURCE_DATA_MANIFEST.tsv	Filename evidence only; variable binding, upstream production, freeze guards and public acquisition contract not fully verified. No data copied.	EXCLUDED_FROM_ACTIVE_RELEASE
IO0239	A017	scripts/current/06_clinical/sources/AF35_LONGITUDINAL_CLONAL_STATE_DYNAMICS_M2_CLEANROOM_v1/scripts/06_phaseB_clinical.py	read(K / 'COMPLETE_SHA256_MANIFEST.tsv')	UNRESOLVED_EXPRESSION		UNRESOLVED			data/SOURCE_DATA_MANIFEST.tsv	Filename evidence only; variable binding, upstream production, freeze guards and public acquisition contract not fully verified. No data copied.	EXCLUDED_FROM_ACTIVE_RELEASE
IO0240	A017	scripts/current/06_clinical/sources/AF35_LONGITUDINAL_CLONAL_STATE_DYNAMICS_M2_CLEANROOM_v1/scripts/06_phaseB_clinical.py	read(F / (P + '_PATIENT_LONGITUDINAL_CHANGES_RESPONSE_BLIND.tsv'))	UNRESOLVED_EXPRESSION		UNRESOLVED			data/SOURCE_DATA_MANIFEST.tsv	Filename evidence only; variable binding, upstream production, freeze guards and public acquisition contract not fully verified. No data copied.	EXCLUDED_FROM_ACTIVE_RELEASE
IO0241	A017	scripts/current/06_clinical/sources/AF35_LONGITUDINAL_CLONAL_STATE_DYNAMICS_M2_CLEANROOM_v1/scripts/06_phaseB_clinical.py	read(L / 'COMPLETE_SHA256_MANIFEST.tsv')	UNRESOLVED_EXPRESSION		UNRESOLVED			data/SOURCE_DATA_MANIFEST.tsv	Filename evidence only; variable binding, upstream production, freeze guards and public acquisition contract not fully verified. No data copied.	EXCLUDED_FROM_ACTIVE_RELEASE
IO0242	A017	scripts/current/06_clinical/sources/AF35_LONGITUDINAL_CLONAL_STATE_DYNAMICS_M2_CLEANROOM_v1/scripts/06_phaseB_clinical.py	read(baseline_source)	UNRESOLVED_EXPRESSION		UNRESOLVED			data/SOURCE_DATA_MANIFEST.tsv	Filename evidence only; variable binding, upstream production, freeze guards and public acquisition contract not fully verified. No data copied.	EXCLUDED_FROM_ACTIVE_RELEASE
IO0243	A017	scripts/current/06_clinical/sources/AF35_LONGITUDINAL_CLONAL_STATE_DYNAMICS_M2_CLEANROOM_v1/scripts/06_phaseB_clinical.py	read(F / (P + '_SHARED_CLONE_METRICS_RESPONSE_BLIND.tsv'))	UNRESOLVED_EXPRESSION		UNRESOLVED			data/SOURCE_DATA_MANIFEST.tsv	Filename evidence only; variable binding, upstream production, freeze guards and public acquisition contract not fully verified. No data copied.	EXCLUDED_FROM_ACTIVE_RELEASE
IO0244	A017	scripts/current/06_clinical/sources/AF35_LONGITUDINAL_CLONAL_STATE_DYNAMICS_M2_CLEANROOM_v1/scripts/06_phaseB_clinical.py	read(source, usecols=['patient', 'response_group'])	UNRESOLVED_EXPRESSION		UNRESOLVED			data/SOURCE_DATA_MANIFEST.tsv	Filename evidence only; variable binding, upstream production, freeze guards and public acquisition contract not fully verified. No data copied.	EXCLUDED_FROM_ACTIVE_RELEASE
IO0245	A017	scripts/current/06_clinical/sources/AF35_LONGITUDINAL_CLONAL_STATE_DYNAMICS_M2_CLEANROOM_v1/scripts/06_phaseB_clinical.py	read(F / (P + '_PATIENT_TIMEPOINT_COMPONENTS_RESPONSE_BLIND.tsv'))	UNRESOLVED_EXPRESSION		UNRESOLVED			data/SOURCE_DATA_MANIFEST.tsv	Filename evidence only; variable binding, upstream production, freeze guards and public acquisition contract not fully verified. No data copied.	EXCLUDED_FROM_ACTIVE_RELEASE
IO0246	A017	scripts/current/06_clinical/sources/AF35_LONGITUDINAL_CLONAL_STATE_DYNAMICS_M2_CLEANROOM_v1/scripts/06_phaseB_clinical.py	read(F / (P + '_STATE_CONTRIBUTIONS_RESPONSE_BLIND.tsv'))	UNRESOLVED_EXPRESSION		UNRESOLVED			data/SOURCE_DATA_MANIFEST.tsv	Filename evidence only; variable binding, upstream production, freeze guards and public acquisition contract not fully verified. No data copied.	EXCLUDED_FROM_ACTIVE_RELEASE
IO0247	A017	scripts/current/06_clinical/sources/AF35_LONGITUDINAL_CLONAL_STATE_DYNAMICS_M2_CLEANROOM_v1/scripts/06_phaseB_clinical.py	read(A / 'L_IDENTITY_REFERENCE.tsv')	UNRESOLVED_EXPRESSION		UNRESOLVED			data/SOURCE_DATA_MANIFEST.tsv	Filename evidence only; variable binding, upstream production, freeze guards and public acquisition contract not fully verified. No data copied.	EXCLUDED_FROM_ACTIVE_RELEASE
IO0265	A018	scripts/current/04_clonotype/sources/AF35_LONGITUDINAL_CLONAL_STATE_DYNAMICS_M2_CLEANROOM_v1/scripts/07_phaseB_verify.R	rd <- function(dir,name) fread(file.path(dir,name),header=TRUE)	UNRESOLVED_EXPRESSION		UNRESOLVED			data/SOURCE_DATA_MANIFEST.tsv	Filename evidence only; variable binding, upstream production, freeze guards and public acquisition contract not fully verified. No data copied.	EXCLUDED_FROM_ACTIVE_RELEASE
IO0266	A018	scripts/current/04_clonotype/sources/AF35_LONGITUDINAL_CLONAL_STATE_DYNAMICS_M2_CLEANROOM_v1/scripts/07_phaseB_verify.R	lock <- fromJSON(file.path(root,'AF35_M2_PHASEA_FREEZE_LOCK.json'))	UNRESOLVED_EXPRESSION		UNRESOLVED			data/SOURCE_DATA_MANIFEST.tsv	Filename evidence only; variable binding, upstream production, freeze guards and public acquisition contract not fully verified. No data copied.	EXCLUDED_FROM_ACTIVE_RELEASE
IO0267	A018	scripts/current/04_clonotype/sources/AF35_LONGITUDINAL_CLONAL_STATE_DYNAMICS_M2_CLEANROOM_v1/scripts/07_phaseB_verify.R	start <- fromJSON(file.path(root,'QA/PHASEB_START_EVENT.json'))	UNRESOLVED_EXPRESSION		UNRESOLVED			data/SOURCE_DATA_MANIFEST.tsv	Filename evidence only; variable binding, upstream production, freeze guards and public acquisition contract not fully verified. No data copied.	EXCLUDED_FROM_ACTIVE_RELEASE
IO0269	A019	scripts/current/04_clonotype/sources/AF35_LONGITUDINAL_CLONAL_STATE_DYNAMICS_M2_CLEANROOM_v1/scripts/common.py	pd.read_csv(p, sep='\t', float_precision='round_trip', **kw)	UNRESOLVED_EXPRESSION		UNRESOLVED			data/SOURCE_DATA_MANIFEST.tsv	Filename evidence only; variable binding, upstream production, freeze guards and public acquisition contract not fully verified. No data copied.	EXCLUDED_FROM_ACTIVE_RELEASE
IO0270	A019	scripts/current/04_clonotype/sources/AF35_LONGITUDINAL_CLONAL_STATE_DYNAMICS_M2_CLEANROOM_v1/scripts/common.py	jl(OUT / (P + '_PHASEA_FREEZE_LOCK.json'))	UNRESOLVED_EXPRESSION		UNRESOLVED			data/SOURCE_DATA_MANIFEST.tsv	Filename evidence only; variable binding, upstream production, freeze guards and public acquisition contract not fully verified. No data copied.	EXCLUDED_FROM_ACTIVE_RELEASE
IO0271	A019	scripts/current/04_clonotype/sources/AF35_LONGITUDINAL_CLONAL_STATE_DYNAMICS_M2_CLEANROOM_v1/scripts/common.py	Path(p).read_text(encoding='utf-8')	UNRESOLVED_EXPRESSION		UNRESOLVED			data/SOURCE_DATA_MANIFEST.tsv	Filename evidence only; variable binding, upstream production, freeze guards and public acquisition contract not fully verified. No data copied.	EXCLUDED_FROM_ACTIVE_RELEASE
IO0275	A020	scripts/current/06_clinical/sources/AF35_MATCHED_RANDOM_CLINICAL_NULL_v1/02_freeze_matched_programs.py	pd.read_csv(OUT / 'SOURCE_GENE_FEATURES_RESPONSE_BLIND.tsv', sep='\t')	UNRESOLVED_EXPRESSION		UNRESOLVED			data/SOURCE_DATA_MANIFEST.tsv	Filename evidence only; variable binding, upstream production, freeze guards and public acquisition contract not fully verified. No data copied.	EXCLUDED_FROM_ACTIVE_RELEASE
IO0276	A020	scripts/current/06_clinical/sources/AF35_MATCHED_RANDOM_CLINICAL_NULL_v1/02_freeze_matched_programs.py	pd.read_csv(OUT / 'SCORING_AUTHORITY_LOCK.tsv', sep='\t')	UNRESOLVED_EXPRESSION		UNRESOLVED			data/SOURCE_DATA_MANIFEST.tsv	Filename evidence only; variable binding, upstream production, freeze guards and public acquisition contract not fully verified. No data copied.	EXCLUDED_FROM_ACTIVE_RELEASE
IO0277	A020	scripts/current/06_clinical/sources/AF35_MATCHED_RANDOM_CLINICAL_NULL_v1/02_freeze_matched_programs.py	pd.read_csv(OUT / 'AF35_ORDERED_GENES.tsv', sep='\t')	AF35_RESPONSE_BLIND_PROGRAM_COHERENCE_v1/inputs/AF35_ORDERED_GENES.tsv	94c9fcfc9fb5a7247d594ad4cc6109db3a0ffa2cfcec1e9e1c9795becc8370a4	UNRESOLVED			data/SOURCE_DATA_MANIFEST.tsv	Filename evidence only; variable binding, upstream production, freeze guards and public acquisition contract not fully verified. No data copied.	EXCLUDED_FROM_ACTIVE_RELEASE
IO0278	A020	scripts/current/06_clinical/sources/AF35_MATCHED_RANDOM_CLINICAL_NULL_v1/02_freeze_matched_programs.py	p.read_bytes()	UNRESOLVED_EXPRESSION		UNRESOLVED			data/SOURCE_DATA_MANIFEST.tsv	Filename evidence only; variable binding, upstream production, freeze guards and public acquisition contract not fully verified. No data copied.	EXCLUDED_FROM_ACTIVE_RELEASE
IO0290	A021	scripts/current/06_clinical/sources/AF35_MATCHED_RANDOM_CLINICAL_NULL_v1/03_score_and_join.R	locks <- rbind(fread(file.path(out,'MATCHED_PROGRAM_MANIFEST_SHA256.tsv')),fread(file.path(out,'SCORING_AUTHORITY_LOCK.tsv'))[,.(path,sha256)])	UNRESOLVED_EXPRESSION		UNRESOLVED			data/SOURCE_DATA_MANIFEST.tsv	Filename evidence only; variable binding, upstream production, freeze guards and public acquisition contract not fully verified. No data copied.	EXCLUDED_FROM_ACTIVE_RELEASE
IO0291	A021	scripts/current/06_clinical/sources/AF35_MATCHED_RANDOM_CLINICAL_NULL_v1/03_score_and_join.R	manifest <- fread(file.path(out,'AF35_MATCHED_NULL_PROGRAM_MANIFEST.tsv'))	AF35_MATCHED_RANDOM_CLINICAL_NULL_v1/AF35_MATCHED_NULL_PROGRAM_MANIFEST.tsv	9005ad3f8f85dc3e479614ea752e68229b19f2a56e758e52000dd8108c27002e	UNRESOLVED			data/SOURCE_DATA_MANIFEST.tsv	Filename evidence only; variable binding, upstream production, freeze guards and public acquisition contract not fully verified. No data copied.	EXCLUDED_FROM_ACTIVE_RELEASE
IO0292	A021	scripts/current/06_clinical/sources/AF35_MATCHED_RANDOM_CLINICAL_NULL_v1/03_score_and_join.R	af <- fread(file.path(out,'AF35_ORDERED_GENES.tsv'))$gene	AF35_RESPONSE_BLIND_PROGRAM_COHERENCE_v1/inputs/AF35_ORDERED_GENES.tsv	94c9fcfc9fb5a7247d594ad4cc6109db3a0ffa2cfcec1e9e1c9795becc8370a4	UNRESOLVED			data/SOURCE_DATA_MANIFEST.tsv	Filename evidence only; variable binding, upstream production, freeze guards and public acquisition contract not fully verified. No data copied.	EXCLUDED_FROM_ACTIVE_RELEASE
IO0293	A021	scripts/current/06_clinical/sources/AF35_MATCHED_RANDOM_CLINICAL_NULL_v1/03_score_and_join.R	mats <- readRDS(file.path(out,'EXPRESSION_MATRICES_RESPONSE_BLIND.rds'))	UNRESOLVED_EXPRESSION		UNRESOLVED			data/SOURCE_DATA_MANIFEST.tsv	Filename evidence only; variable binding, upstream production, freeze guards and public acquisition contract not fully verified. No data copied.	EXCLUDED_FROM_ACTIVE_RELEASE
IO0294	A021	scripts/current/06_clinical/sources/AF35_MATCHED_RANDOM_CLINICAL_NULL_v1/03_score_and_join.R	score_lock <- fread(file.path(out,'PATIENT_SCORE_FREEZE_SHA256.tsv'))	UNRESOLVED_EXPRESSION		UNRESOLVED			data/SOURCE_DATA_MANIFEST.tsv	Filename evidence only; variable binding, upstream production, freeze guards and public acquisition contract not fully verified. No data copied.	EXCLUDED_FROM_ACTIVE_RELEASE
IO0295	A021	scripts/current/06_clinical/sources/AF35_MATCHED_RANDOM_CLINICAL_NULL_v1/03_score_and_join.R	scores <- fread(file.path(out,'AF35_MATCHED_NULL_PATIENT_PROGRAM_SCORES_RESPONSE_BLIND.tsv'))	UNRESOLVED_EXPRESSION		UNRESOLVED			data/SOURCE_DATA_MANIFEST.tsv	Filename evidence only; variable binding, upstream production, freeze guards and public acquisition contract not fully verified. No data copied.	EXCLUDED_FROM_ACTIVE_RELEASE
IO0296	A021	scripts/current/06_clinical/sources/AF35_MATCHED_RANDOM_CLINICAL_NULL_v1/03_score_and_join.R	erp <- fread(erp_path); gse <- fread(gse_path)	UNRESOLVED_EXPRESSION		UNRESOLVED			data/SOURCE_DATA_MANIFEST.tsv	Filename evidence only; variable binding, upstream production, freeze guards and public acquisition contract not fully verified. No data copied.	EXCLUDED_FROM_ACTIVE_RELEASE
IO0297	A021	scripts/current/06_clinical/sources/AF35_MATCHED_RANDOM_CLINICAL_NULL_v1/03_score_and_join.R	frozen_erp <- fread(file.path(p,'05_results/tables/pretreatment_clinical_translation/ERP117672_AF_PROGRAM_RESPONSE_ASSOCIATION.tsv'))[population=='PRIMARY_RESPONSE_EVALUABLE',hedges_g]	HCC_ICI_project/05_results/tables/pretreatment_clinical_translation/ERP117672_AF_PROGRAM_RESPONSE_ASSOCIATION.tsv	a4a693bb75db9c34f7df7863db3dadda6197c0cd8a8b32553a309a50ce681511	UNRESOLVED			data/SOURCE_DATA_MANIFEST.tsv	Filename evidence only; variable binding, upstream production, freeze guards and public acquisition contract not fully verified. No data copied.	EXCLUDED_FROM_ACTIVE_RELEASE
IO0298	A021	scripts/current/06_clinical/sources/AF35_MATCHED_RANDOM_CLINICAL_NULL_v1/03_score_and_join.R	frozen_gse <- fread(file.path(p,'05_results/tables/phase15b_public_replication/GSE302495_AF35_RECIST_ASSOCIATION.tsv'))$hedges_g	UNRESOLVED_EXPRESSION		UNRESOLVED			data/SOURCE_DATA_MANIFEST.tsv	Filename evidence only; variable binding, upstream production, freeze guards and public acquisition contract not fully verified. No data copied.	EXCLUDED_FROM_ACTIVE_RELEASE
IO0307	A022	scripts/current/06_clinical/sources/AF35_MATCHED_RANDOM_CLINICAL_NULL_v1/04_summarize_and_verify.py	pd.read_csv(OUT / 'AF35_MATCHED_NULL_PROGRAM_MANIFEST.tsv', sep='\t')	AF35_MATCHED_RANDOM_CLINICAL_NULL_v1/AF35_MATCHED_NULL_PROGRAM_MANIFEST.tsv	9005ad3f8f85dc3e479614ea752e68229b19f2a56e758e52000dd8108c27002e	UNRESOLVED			data/SOURCE_DATA_MANIFEST.tsv	Filename evidence only; variable binding, upstream production, freeze guards and public acquisition contract not fully verified. No data copied.	EXCLUDED_FROM_ACTIVE_RELEASE
IO0308	A022	scripts/current/06_clinical/sources/AF35_MATCHED_RANDOM_CLINICAL_NULL_v1/04_summarize_and_verify.py	pd.read_csv(OUT / 'AF35_MATCHED_NULL_PROGRAM_EFFECTS.tsv', sep='\t')	AF35_MATCHED_RANDOM_CLINICAL_NULL_v1/AF35_MATCHED_NULL_PROGRAM_EFFECTS.tsv	15ccdae92f0984467457c529f1abf404c1a848ff6edc8a82d805b2052e31d7e7	UNRESOLVED			data/SOURCE_DATA_MANIFEST.tsv	Filename evidence only; variable binding, upstream production, freeze guards and public acquisition contract not fully verified. No data copied.	EXCLUDED_FROM_ACTIVE_RELEASE
IO0309	A022	scripts/current/06_clinical/sources/AF35_MATCHED_RANDOM_CLINICAL_NULL_v1/04_summarize_and_verify.py	pd.read_csv(OUT / 'AF35_MATCHED_NULL_PATIENT_PROGRAM_SCORES.tsv', sep='\t')	UNRESOLVED_EXPRESSION		UNRESOLVED			data/SOURCE_DATA_MANIFEST.tsv	Filename evidence only; variable binding, upstream production, freeze guards and public acquisition contract not fully verified. No data copied.	EXCLUDED_FROM_ACTIVE_RELEASE
IO0310	A022	scripts/current/06_clinical/sources/AF35_MATCHED_RANDOM_CLINICAL_NULL_v1/04_summarize_and_verify.py	(OUT / 'MATCHED_PROGRAM_FREEZE_LOCK.json').read_text()	UNRESOLVED_EXPRESSION		UNRESOLVED			data/SOURCE_DATA_MANIFEST.tsv	Filename evidence only; variable binding, upstream production, freeze guards and public acquisition contract not fully verified. No data copied.	EXCLUDED_FROM_ACTIVE_RELEASE
IO0311	A022	scripts/current/06_clinical/sources/AF35_MATCHED_RANDOM_CLINICAL_NULL_v1/04_summarize_and_verify.py	pd.read_csv(OUT / f'{cohort}_SELECTED_TRANSFORMED_EXPRESSION.tsv', sep='\t', index_col=0)	UNRESOLVED_EXPRESSION		UNRESOLVED			data/SOURCE_DATA_MANIFEST.tsv	Filename evidence only; variable binding, upstream production, freeze guards and public acquisition contract not fully verified. No data copied.	EXCLUDED_FROM_ACTIVE_RELEASE
IO0312	A022	scripts/current/06_clinical/sources/AF35_MATCHED_RANDOM_CLINICAL_NULL_v1/04_summarize_and_verify.py	pd.read_csv(OUT / 'PATIENT_SCORE_FREEZE_SHA256.tsv', sep='\t')	UNRESOLVED_EXPRESSION		UNRESOLVED			data/SOURCE_DATA_MANIFEST.tsv	Filename evidence only; variable binding, upstream production, freeze guards and public acquisition contract not fully verified. No data copied.	EXCLUDED_FROM_ACTIVE_RELEASE
IO0313	A022	scripts/current/06_clinical/sources/AF35_MATCHED_RANDOM_CLINICAL_NULL_v1/04_summarize_and_verify.py	pd.read_csv(OUT / 'AF35_ORDERED_GENES.tsv', sep='\t')	AF35_RESPONSE_BLIND_PROGRAM_COHERENCE_v1/inputs/AF35_ORDERED_GENES.tsv	94c9fcfc9fb5a7247d594ad4cc6109db3a0ffa2cfcec1e9e1c9795becc8370a4	UNRESOLVED			data/SOURCE_DATA_MANIFEST.tsv	Filename evidence only; variable binding, upstream production, freeze guards and public acquisition contract not fully verified. No data copied.	EXCLUDED_FROM_ACTIVE_RELEASE
IO0314	A022	scripts/current/06_clinical/sources/AF35_MATCHED_RANDOM_CLINICAL_NULL_v1/04_summarize_and_verify.py	p.read_bytes()	UNRESOLVED_EXPRESSION		UNRESOLVED			data/SOURCE_DATA_MANIFEST.tsv	Filename evidence only; variable binding, upstream production, freeze guards and public acquisition contract not fully verified. No data copied.	EXCLUDED_FROM_ACTIVE_RELEASE
IO0315	A022	scripts/current/06_clinical/sources/AF35_MATCHED_RANDOM_CLINICAL_NULL_v1/04_summarize_and_verify.py	(OUT / 'OUTCOME_JOIN_TIMESTAMP.txt').read_text()	UNRESOLVED_EXPRESSION		UNRESOLVED			data/SOURCE_DATA_MANIFEST.tsv	Filename evidence only; variable binding, upstream production, freeze guards and public acquisition contract not fully verified. No data copied.	EXCLUDED_FROM_ACTIVE_RELEASE
IO0316	A022	scripts/current/06_clinical/sources/AF35_MATCHED_RANDOM_CLINICAL_NULL_v1/04_summarize_and_verify.py	pd.read_csv(OUT / 'ANALYSIS_PATIENT_ELIGIBILITY.tsv', sep='\t')	AF35_MATCHED_RANDOM_CLINICAL_NULL_v1/ANALYSIS_PATIENT_ELIGIBILITY.tsv	6b0135ce28b97b6c77fca77d592644abb0173b4113896459393f903c98a90687	UNRESOLVED			data/SOURCE_DATA_MANIFEST.tsv	Filename evidence only; variable binding, upstream production, freeze guards and public acquisition contract not fully verified. No data copied.	EXCLUDED_FROM_ACTIVE_RELEASE
IO0323	A023	scripts/current/03_AF35_measurement/sources/AF35_RESPONSE_BLIND_PROGRAM_COHERENCE_v1/scripts/00_initialize.py	pd.read_csv(p, sep='\t', **kw)	UNRESOLVED_EXPRESSION		UNRESOLVED			data/SOURCE_DATA_MANIFEST.tsv	Filename evidence only; variable binding, upstream production, freeze guards and public acquisition contract not fully verified. No data copied.	EXCLUDED_FROM_ACTIVE_RELEASE
IO0324	A023	scripts/current/03_AF35_measurement/sources/AF35_RESPONSE_BLIND_PROGRAM_COHERENCE_v1/scripts/00_initialize.py	read(A / 'AF35_ORDERED_GENES.tsv')	AF35_RESPONSE_BLIND_PROGRAM_COHERENCE_v1/inputs/AF35_ORDERED_GENES.tsv	94c9fcfc9fb5a7247d594ad4cc6109db3a0ffa2cfcec1e9e1c9795becc8370a4	UNRESOLVED			data/SOURCE_DATA_MANIFEST.tsv	Filename evidence only; variable binding, upstream production, freeze guards and public acquisition contract not fully verified. No data copied.	EXCLUDED_FROM_ACTIVE_RELEASE
IO0325	A023	scripts/current/03_AF35_measurement/sources/AF35_RESPONSE_BLIND_PROGRAM_COHERENCE_v1/scripts/00_initialize.py	read(base / 'COMPLETE_SHA256_MANIFEST.tsv')	UNRESOLVED_EXPRESSION		UNRESOLVED			data/SOURCE_DATA_MANIFEST.tsv	Filename evidence only; variable binding, upstream production, freeze guards and public acquisition contract not fully verified. No data copied.	EXCLUDED_FROM_ACTIVE_RELEASE
IO0326	A023	scripts/current/03_AF35_measurement/sources/AF35_RESPONSE_BLIND_PROGRAM_COHERENCE_v1/scripts/00_initialize.py	read(E / f'inputs/{c}_MOLECULAR_INPUT_RESPONSE_BLIND.tsv', usecols=['patient_id'])	UNRESOLVED_EXPRESSION		UNRESOLVED			data/SOURCE_DATA_MANIFEST.tsv	Filename evidence only; variable binding, upstream production, freeze guards and public acquisition contract not fully verified. No data copied.	EXCLUDED_FROM_ACTIVE_RELEASE
IO0327	A023	scripts/current/03_AF35_measurement/sources/AF35_RESPONSE_BLIND_PROGRAM_COHERENCE_v1/scripts/00_initialize.py	f.read(2 ** 20)	UNRESOLVED_EXPRESSION		UNRESOLVED			data/SOURCE_DATA_MANIFEST.tsv	Filename evidence only; variable binding, upstream production, freeze guards and public acquisition contract not fully verified. No data copied.	EXCLUDED_FROM_ACTIVE_RELEASE
IO0328	A023	scripts/current/03_AF35_measurement/sources/AF35_RESPONSE_BLIND_PROGRAM_COHERENCE_v1/scripts/00_initialize.py	read(B / 'AF35_ORDERED_GENES.tsv')	AF35_RESPONSE_BLIND_PROGRAM_COHERENCE_v1/inputs/AF35_ORDERED_GENES.tsv	94c9fcfc9fb5a7247d594ad4cc6109db3a0ffa2cfcec1e9e1c9795becc8370a4	UNRESOLVED			data/SOURCE_DATA_MANIFEST.tsv	Filename evidence only; variable binding, upstream production, freeze guards and public acquisition contract not fully verified. No data copied.	EXCLUDED_FROM_ACTIVE_RELEASE
IO0329	A023	scripts/current/03_AF35_measurement/sources/AF35_RESPONSE_BLIND_PROGRAM_COHERENCE_v1/scripts/00_initialize.py	read(E / 'SOURCE_BINDINGS.tsv')	UNRESOLVED_EXPRESSION		UNRESOLVED			data/SOURCE_DATA_MANIFEST.tsv	Filename evidence only; variable binding, upstream production, freeze guards and public acquisition contract not fully verified. No data copied.	EXCLUDED_FROM_ACTIVE_RELEASE
IO0330	A023	scripts/current/03_AF35_measurement/sources/AF35_RESPONSE_BLIND_PROGRAM_COHERENCE_v1/scripts/00_initialize.py	(base / lock).read_text()	UNRESOLVED_EXPRESSION		UNRESOLVED			data/SOURCE_DATA_MANIFEST.tsv	Filename evidence only; variable binding, upstream production, freeze guards and public acquisition contract not fully verified. No data copied.	EXCLUDED_FROM_ACTIVE_RELEASE
IO0339	A024	scripts/current/03_AF35_measurement/sources/AF35_RESPONSE_BLIND_PROGRAM_COHERENCE_v1/scripts/01_freeze_and_analyze.py	f.read(B / 'AF35_MATCHED_NULL_PROGRAM_MANIFEST.tsv')	AF35_MATCHED_RANDOM_CLINICAL_NULL_v1/AF35_MATCHED_NULL_PROGRAM_MANIFEST.tsv	9005ad3f8f85dc3e479614ea752e68229b19f2a56e758e52000dd8108c27002e	UNRESOLVED			data/SOURCE_DATA_MANIFEST.tsv	Filename evidence only; variable binding, upstream production, freeze guards and public acquisition contract not fully verified. No data copied.	EXCLUDED_FROM_ACTIVE_RELEASE
IO0340	A024	scripts/current/03_AF35_measurement/sources/AF35_RESPONSE_BLIND_PROGRAM_COHERENCE_v1/scripts/01_freeze_and_analyze.py	(B / 'MATCHED_PROGRAM_FREEZE_LOCK.json').read_text()	UNRESOLVED_EXPRESSION		UNRESOLVED			data/SOURCE_DATA_MANIFEST.tsv	Filename evidence only; variable binding, upstream production, freeze guards and public acquisition contract not fully verified. No data copied.	EXCLUDED_FROM_ACTIVE_RELEASE
IO0341	A024	scripts/current/03_AF35_measurement/sources/AF35_RESPONSE_BLIND_PROGRAM_COHERENCE_v1/scripts/01_freeze_and_analyze.py	f.read(B / f'{c}_SELECTED_TRANSFORMED_EXPRESSION.tsv', index_col=0)	UNRESOLVED_EXPRESSION		UNRESOLVED			data/SOURCE_DATA_MANIFEST.tsv	Filename evidence only; variable binding, upstream production, freeze guards and public acquisition contract not fully verified. No data copied.	EXCLUDED_FROM_ACTIVE_RELEASE
IO0342	A024	scripts/current/03_AF35_measurement/sources/AF35_RESPONSE_BLIND_PROGRAM_COHERENCE_v1/scripts/01_freeze_and_analyze.py	(B / 'OUTCOME_JOIN_TIMESTAMP.txt').read_text()	UNRESOLVED_EXPRESSION		UNRESOLVED			data/SOURCE_DATA_MANIFEST.tsv	Filename evidence only; variable binding, upstream production, freeze guards and public acquisition contract not fully verified. No data copied.	EXCLUDED_FROM_ACTIVE_RELEASE
IO0343	A024	scripts/current/03_AF35_measurement/sources/AF35_RESPONSE_BLIND_PROGRAM_COHERENCE_v1/scripts/01_freeze_and_analyze.py	f.read(OUT / 'inputs/AF35_ORDERED_GENES.tsv')	AF35_RESPONSE_BLIND_PROGRAM_COHERENCE_v1/inputs/AF35_ORDERED_GENES.tsv	94c9fcfc9fb5a7247d594ad4cc6109db3a0ffa2cfcec1e9e1c9795becc8370a4	UNRESOLVED			data/SOURCE_DATA_MANIFEST.tsv	Filename evidence only; variable binding, upstream production, freeze guards and public acquisition contract not fully verified. No data copied.	EXCLUDED_FROM_ACTIVE_RELEASE
IO0344	A024	scripts/current/03_AF35_measurement/sources/AF35_RESPONSE_BLIND_PROGRAM_COHERENCE_v1/scripts/01_freeze_and_analyze.py	f.read(f.A / f'{c}_GENE_Z_AND_FULL_SCORES_RESPONSE_BLIND.tsv')	UNRESOLVED_EXPRESSION		UNRESOLVED			data/SOURCE_DATA_MANIFEST.tsv	Filename evidence only; variable binding, upstream production, freeze guards and public acquisition contract not fully verified. No data copied.	EXCLUDED_FROM_ACTIVE_RELEASE
IO0345	A024	scripts/current/03_AF35_measurement/sources/AF35_RESPONSE_BLIND_PROGRAM_COHERENCE_v1/scripts/01_freeze_and_analyze.py	f.read(OUT / f'inputs/{c}_PATIENT_IDS.tsv')	UNRESOLVED_EXPRESSION		UNRESOLVED			data/SOURCE_DATA_MANIFEST.tsv	Filename evidence only; variable binding, upstream production, freeze guards and public acquisition contract not fully verified. No data copied.	EXCLUDED_FROM_ACTIVE_RELEASE
IO0346	A024	scripts/current/03_AF35_measurement/sources/AF35_RESPONSE_BLIND_PROGRAM_COHERENCE_v1/scripts/01_freeze_and_analyze.py	f.read(OUT / (P + '_SOURCE_BINDING_AUDIT.tsv'))	UNRESOLVED_EXPRESSION		UNRESOLVED			data/SOURCE_DATA_MANIFEST.tsv	Filename evidence only; variable binding, upstream production, freeze guards and public acquisition contract not fully verified. No data copied.	EXCLUDED_FROM_ACTIVE_RELEASE
IO0365	A025	scripts/current/06_clinical/sources/CLINICAL_ANCHOR_READOUT_DECOMPOSITION_v1/scripts/03_paired_and_firth.R	lock<-fromJSON(file.path(out,'MOLECULAR_GEOMETRY_LOCK.json'))	UNRESOLVED_EXPRESSION		UNRESOLVED			data/SOURCE_DATA_MANIFEST.tsv	Filename evidence only; variable binding, upstream production, freeze guards and public acquisition contract not fully verified. No data copied.	EXCLUDED_FROM_ACTIVE_RELEASE
IO0366	A025	scripts/current/06_clinical/sources/CLINICAL_ANCHOR_READOUT_DECOMPOSITION_v1/scripts/03_paired_and_firth.R	erpm <- fread(file.path(p,'01_metadata/pretreatment_clinical_translation/ERP117672_PATIENT_RESPONSE_MAP.tsv'))[primary_included==TRUE,.(patient_id,group=ifelse(primary_group=='Responder','R','NR'))]	UNRESOLVED_EXPRESSION		UNRESOLVED			data/SOURCE_DATA_MANIFEST.tsv	Filename evidence only; variable binding, upstream production, freeze guards and public acquisition contract not fully verified. No data copied.	EXCLUDED_FROM_ACTIVE_RELEASE
IO0367	A025	scripts/current/06_clinical/sources/CLINICAL_ANCHOR_READOUT_DECOMPOSITION_v1/scripts/03_paired_and_firth.R	gsem <- fread(file.path(p,'01_metadata/phase15b_public_replication/GSE302495_PATIENT_RESPONSE_MAP.tsv'))[,.(patient_id,group=response_group)]	HCC_ICI_project/01_metadata/phase15b_public_replication/GSE302495_PATIENT_RESPONSE_MAP.tsv	fd2d8101719bd178e0b28680645e86319a30e485f210dd8f27fae04dc1c83b8d	UNRESOLVED			data/SOURCE_DATA_MANIFEST.tsv	Filename evidence only; variable binding, upstream production, freeze guards and public acquisition contract not fully verified. No data copied.	EXCLUDED_FROM_ACTIVE_RELEASE
IO0368	A025	scripts/current/06_clinical/sources/CLINICAL_ANCHOR_READOUT_DECOMPOSITION_v1/scripts/03_paired_and_firth.R	d<-fread(file.path(out,paste0('inputs/',cohort,'_MOLECULAR_INPUT_RESPONSE_BLIND.tsv')))	UNRESOLVED_EXPRESSION		UNRESOLVED			data/SOURCE_DATA_MANIFEST.tsv	Filename evidence only; variable binding, upstream production, freeze guards and public acquisition contract not fully verified. No data copied.	EXCLUDED_FROM_ACTIVE_RELEASE
IO0369	A025	scripts/current/06_clinical/sources/CLINICAL_ANCHOR_READOUT_DECOMPOSITION_v1/scripts/03_paired_and_firth.R	old<-fread(file.path(p,paste0('05_results/tables/phase15c_public_benchmark/',cohort,'_UNIVARIATE_BENCHMARK_EFFECTS.tsv')))	UNRESOLVED_EXPRESSION		UNRESOLVED			data/SOURCE_DATA_MANIFEST.tsv	Filename evidence only; variable binding, upstream production, freeze guards and public acquisition contract not fully verified. No data copied.	EXCLUDED_FROM_ACTIVE_RELEASE
IO0373	A026	scripts/current/04_clonotype/sources/GSE235863_CLONE_STATE_DECOMPOSITION_v1/authority/04_scripts/phase19/02_phase19a_patient_analysis.py	np.load(PROJECTION_FILE, allow_pickle=False)	UNRESOLVED_EXPRESSION		UNRESOLVED			data/SOURCE_DATA_MANIFEST.tsv	Filename evidence only; variable binding, upstream production, freeze guards and public acquisition contract not fully verified. No data copied.	EXCLUDED_FROM_ACTIVE_RELEASE
IO0374	A026	scripts/current/04_clonotype/sources/GSE235863_CLONE_STATE_DECOMPOSITION_v1/authority/04_scripts/phase19/02_phase19a_patient_analysis.py	FREEZE_FILE.read_text(encoding='utf-8')	UNRESOLVED_EXPRESSION		UNRESOLVED			data/SOURCE_DATA_MANIFEST.tsv	Filename evidence only; variable binding, upstream production, freeze guards and public acquisition contract not fully verified. No data copied.	EXCLUDED_FROM_ACTIVE_RELEASE
IO0375	A026	scripts/current/04_clonotype/sources/GSE235863_CLONE_STATE_DECOMPOSITION_v1/authority/04_scripts/phase19/02_phase19a_patient_analysis.py	stream.read(1024 * 1024)	UNRESOLVED_EXPRESSION		UNRESOLVED			data/SOURCE_DATA_MANIFEST.tsv	Filename evidence only; variable binding, upstream production, freeze guards and public acquisition contract not fully verified. No data copied.	EXCLUDED_FROM_ACTIVE_RELEASE
IO0379	A027	scripts/current/04_clonotype/sources/GSE235863_CLONE_STATE_DECOMPOSITION_v1/scripts/01_authority.py	pd.read_csv(PROJECT / source_paths[8], sep='\t')	UNRESOLVED_EXPRESSION		UNRESOLVED			data/SOURCE_DATA_MANIFEST.tsv	Filename evidence only; variable binding, upstream production, freeze guards and public acquisition contract not fully verified. No data copied.	EXCLUDED_FROM_ACTIVE_RELEASE
IO0380	A027	scripts/current/04_clonotype/sources/GSE235863_CLONE_STATE_DECOMPOSITION_v1/scripts/01_authority.py	(PROJECT / source_paths[6]).read_text(encoding='utf-8')	UNRESOLVED_EXPRESSION		UNRESOLVED			data/SOURCE_DATA_MANIFEST.tsv	Filename evidence only; variable binding, upstream production, freeze guards and public acquisition contract not fully verified. No data copied.	EXCLUDED_FROM_ACTIVE_RELEASE
IO0381	A027	scripts/current/04_clonotype/sources/GSE235863_CLONE_STATE_DECOMPOSITION_v1/scripts/01_authority.py	(PROJECT / source_paths[-2]).read_text(encoding='utf-8')	UNRESOLVED_EXPRESSION		UNRESOLVED			data/SOURCE_DATA_MANIFEST.tsv	Filename evidence only; variable binding, upstream production, freeze guards and public acquisition contract not fully verified. No data copied.	EXCLUDED_FROM_ACTIVE_RELEASE
IO0382	A027	scripts/current/04_clonotype/sources/GSE235863_CLONE_STATE_DECOMPOSITION_v1/scripts/01_authority.py	mod.TABLE_JSON.read_text(encoding='utf-8')	UNRESOLVED_EXPRESSION		UNRESOLVED			data/SOURCE_DATA_MANIFEST.tsv	Filename evidence only; variable binding, upstream production, freeze guards and public acquisition contract not fully verified. No data copied.	EXCLUDED_FROM_ACTIVE_RELEASE
IO0383	A027	scripts/current/04_clonotype/sources/GSE235863_CLONE_STATE_DECOMPOSITION_v1/scripts/01_authority.py	z.read(e)	UNRESOLVED_EXPRESSION		UNRESOLVED			data/SOURCE_DATA_MANIFEST.tsv	Filename evidence only; variable binding, upstream production, freeze guards and public acquisition contract not fully verified. No data copied.	EXCLUDED_FROM_ACTIVE_RELEASE
IO0389	A028	scripts/current/04_clonotype/sources/GSE235863_CLONE_STATE_DECOMPOSITION_v1/scripts/02_analyze.py	pd.read_csv(P / rel, sep='\t')	UNRESOLVED_EXPRESSION		UNRESOLVED			data/SOURCE_DATA_MANIFEST.tsv	Filename evidence only; variable binding, upstream production, freeze guards and public acquisition contract not fully verified. No data copied.	EXCLUDED_FROM_ACTIVE_RELEASE
IO0390	A028	scripts/current/04_clonotype/sources/GSE235863_CLONE_STATE_DECOMPOSITION_v1/scripts/02_analyze.py	pd.read_csv(OUT / 'FROZEN_PHASE19_NUMERIC_REPRODUCTION.tsv', sep='\t')	UNRESOLVED_EXPRESSION		UNRESOLVED			data/SOURCE_DATA_MANIFEST.tsv	Filename evidence only; variable binding, upstream production, freeze guards and public acquisition contract not fully verified. No data copied.	EXCLUDED_FROM_ACTIVE_RELEASE
IO0391	A028	scripts/current/04_clonotype/sources/GSE235863_CLONE_STATE_DECOMPOSITION_v1/scripts/02_analyze.py	read('03_processed_data/phase3/GSE235863_BARCODE_CLONOTYPE_STATE_PTPN22.tsv.gz')	UNRESOLVED_EXPRESSION		UNRESOLVED			data/SOURCE_DATA_MANIFEST.tsv	Filename evidence only; variable binding, upstream production, freeze guards and public acquisition contract not fully verified. No data copied.	EXCLUDED_FROM_ACTIVE_RELEASE
IO0392	A028	scripts/current/04_clonotype/sources/GSE235863_CLONE_STATE_DECOMPOSITION_v1/scripts/02_analyze.py	np.load(P / '03_processed_data/phase19a_af35_clonotype/GSE235863_AF35_RESPONSE_BLIND_PROJECTION.npz', allow_pickle=False)	UNRESOLVED_EXPRESSION		UNRESOLVED			data/SOURCE_DATA_MANIFEST.tsv	Filename evidence only; variable binding, upstream production, freeze guards and public acquisition contract not fully verified. No data copied.	EXCLUDED_FROM_ACTIVE_RELEASE
IO0393	A028	scripts/current/04_clonotype/sources/GSE235863_CLONE_STATE_DECOMPOSITION_v1/scripts/02_analyze.py	read('05_results/tables/temporal/GSE235863_BASELINE_CLONE_FATE_TABLE.tsv')	UNRESOLVED_EXPRESSION		UNRESOLVED			data/SOURCE_DATA_MANIFEST.tsv	Filename evidence only; variable binding, upstream production, freeze guards and public acquisition contract not fully verified. No data copied.	EXCLUDED_FROM_ACTIVE_RELEASE
IO0394	A028	scripts/current/04_clonotype/sources/GSE235863_CLONE_STATE_DECOMPOSITION_v1/scripts/02_analyze.py	read('05_results/tables/phase19a_af35_clonotype/AF35_CLONOTYPE_TEMPORAL_SENSITIVITY.tsv')	UNRESOLVED_EXPRESSION		UNRESOLVED			data/SOURCE_DATA_MANIFEST.tsv	Filename evidence only; variable binding, upstream production, freeze guards and public acquisition contract not fully verified. No data copied.	EXCLUDED_FROM_ACTIVE_RELEASE
IO0395	A028	scripts/current/04_clonotype/sources/GSE235863_CLONE_STATE_DECOMPOSITION_v1/scripts/02_analyze.py	read('05_results/tables/phase3/GSE235863_WITHIN_PATIENT_CLONAL_ASSOCIATIONS.tsv')	HCC_ICI_project/05_results/tables/phase3/GSE235863_WITHIN_PATIENT_CLONAL_ASSOCIATIONS.tsv	b45a0085ad19977e6f3b65c7e3ce216f1aa5d37d2ca5723e4a3f719543bd4920	UNRESOLVED			data/SOURCE_DATA_MANIFEST.tsv	Filename evidence only; variable binding, upstream production, freeze guards and public acquisition contract not fully verified. No data copied.	EXCLUDED_FROM_ACTIVE_RELEASE
IO0396	A028	scripts/current/04_clonotype/sources/GSE235863_CLONE_STATE_DECOMPOSITION_v1/scripts/02_analyze.py	read('01_metadata/final_harmonization/GSE235863_TEMPORAL_COMPARTMENT_AUDIT.tsv')	UNRESOLVED_EXPRESSION		UNRESOLVED			data/SOURCE_DATA_MANIFEST.tsv	Filename evidence only; variable binding, upstream production, freeze guards and public acquisition contract not fully verified. No data copied.	EXCLUDED_FROM_ACTIVE_RELEASE
IO0422	A029	scripts/current/05_spatial/sources/HCC_FINAL_AI_REVIEW_CORRECTION_20260921_V1/audit/wu_bounded_sensitivity.R	dec<-function(k){a<-h5read(p,paste0('/obs/',k,'/categories'));b<-h5read(p,paste0('/obs/',k,'/codes'));a[b+1L]}	UNRESOLVED_EXPRESSION		UNRESOLVED			data/SOURCE_DATA_MANIFEST.tsv	Filename evidence only; variable binding, upstream production, freeze guards and public acquisition contract not fully verified. No data copied.	EXCLUDED_FROM_ACTIVE_RELEASE
IO0423	A029	scripts/current/05_spatial/sources/HCC_FINAL_AI_REVIEW_CORRECTION_20260921_V1/audit/wu_bounded_sensitivity.R	coords<-t(h5read(p,'/obsm/spatial'));storage.mode(coords)<-'double'	UNRESOLVED_EXPRESSION		UNRESOLVED			data/SOURCE_DATA_MANIFEST.tsv	Filename evidence only; variable binding, upstream production, freeze guards and public acquisition contract not fully verified. No data copied.	EXCLUDED_FROM_ACTIVE_RELEASE
IO0424	A029	scripts/current/05_spatial/sources/HCC_FINAL_AI_REVIEW_CORRECTION_20260921_V1/audit/wu_bounded_sensitivity.R	ptr<-h5read(p,'/X/indptr'); genes<-as.character(h5read(p,'/var/_index'))	UNRESOLVED_EXPRESSION		UNRESOLVED			data/SOURCE_DATA_MANIFEST.tsv	Filename evidence only; variable binding, upstream production, freeze guards and public acquisition contract not fully verified. No data copied.	EXCLUDED_FROM_ACTIVE_RELEASE
IO0425	A029	scripts/current/05_spatial/sources/HCC_FINAL_AI_REVIEW_CORRECTION_20260921_V1/audit/wu_bounded_sensitivity.R	af<-fread('AF35_RESPONSE_BLIND_PROGRAM_COHERENCE_v1/inputs/AF35_ORDERED_GENES.tsv')$gene	AF35_RESPONSE_BLIND_PROGRAM_COHERENCE_v1/inputs/AF35_ORDERED_GENES.tsv	94c9fcfc9fb5a7247d594ad4cc6109db3a0ffa2cfcec1e9e1c9795becc8370a4	UNRESOLVED			data/SOURCE_DATA_MANIFEST.tsv	Filename evidence only; variable binding, upstream production, freeze guards and public acquisition contract not fully verified. No data copied.	EXCLUDED_FROM_ACTIVE_RELEASE
IO0426	A029	scripts/current/05_spatial/sources/HCC_FINAL_AI_REVIEW_CORRECTION_20260921_V1/audit/wu_bounded_sensitivity.R	co<-fread('HCC_ICI_project/01_metadata/PHASE3_PTPN22_SPECIFICITY_COMPARATOR_PROGRAMS.tsv')	UNRESOLVED_EXPRESSION		UNRESOLVED			data/SOURCE_DATA_MANIFEST.tsv	Filename evidence only; variable binding, upstream production, freeze guards and public acquisition contract not fully verified. No data copied.	EXCLUDED_FROM_ACTIVE_RELEASE
IO0427	A029	scripts/current/05_spatial/sources/HCC_FINAL_AI_REVIEW_CORRECTION_20260921_V1/audit/wu_bounded_sensitivity.R	frozen<-fread('HCC_ICI_project/05_results/tables/spatial_specificity_rescue/PTPN22_CONDITIONAL_SPATIAL_EFFECTS.tsv')[cohort=='Wu_Zenodo_19123188' & record_type=='PATIENT']	UNRESOLVED_EXPRESSION		UNRESOLVED			data/SOURCE_DATA_MANIFEST.tsv	Filename evidence only; variable binding, upstream production, freeze guards and public acquisition contract not fully verified. No data copied.	EXCLUDED_FROM_ACTIVE_RELEASE
IO0428	A029	scripts/current/05_spatial/sources/HCC_FINAL_AI_REVIEW_CORRECTION_20260921_V1/audit/wu_bounded_sensitivity.R	ix<-as.integer(h5read(p,'/X/indices',index=list(a:b)));v<-as.numeric(h5read(p,'/X/data',index=list(a:b)))	UNRESOLVED_EXPRESSION		UNRESOLVED			data/SOURCE_DATA_MANIFEST.tsv	Filename evidence only; variable binding, upstream production, freeze guards and public acquisition contract not fully verified. No data copied.	EXCLUDED_FROM_ACTIVE_RELEASE
IO0432	A030	scripts/current/05_spatial/sources/HCC_ICI_BIOLOGICAL_RESOLUTION_BR1_v1/scripts/module_d_prepare_spatial_tables.R	x <- as.data.table(readRDS(path))	UNRESOLVED_EXPRESSION		UNRESOLVED			data/SOURCE_DATA_MANIFEST.tsv	Filename evidence only; variable binding, upstream production, freeze guards and public acquisition contract not fully verified. No data copied.	EXCLUDED_FROM_ACTIVE_RELEASE
IO0433	A030	scripts/current/05_spatial/sources/HCC_ICI_BIOLOGICAL_RESOLUTION_BR1_v1/scripts/module_d_prepare_spatial_tables.R	part <- fread(cluster_path)	UNRESOLVED_EXPRESSION		UNRESOLVED			data/SOURCE_DATA_MANIFEST.tsv	Filename evidence only; variable binding, upstream production, freeze guards and public acquisition contract not fully verified. No data copied.	EXCLUDED_FROM_ACTIVE_RELEASE
IO0434	A030	scripts/current/05_spatial/sources/HCC_ICI_BIOLOGICAL_RESOLUTION_BR1_v1/scripts/module_d_prepare_spatial_tables.R	scale <- as.numeric(fromJSON(scale_path)$tissue_hires_scalef)	UNRESOLVED_EXPRESSION		UNRESOLVED			data/SOURCE_DATA_MANIFEST.tsv	Filename evidence only; variable binding, upstream production, freeze guards and public acquisition contract not fully verified. No data copied.	EXCLUDED_FROM_ACTIVE_RELEASE
IO0435	A030	scripts/current/05_spatial/sources/HCC_ICI_BIOLOGICAL_RESOLUTION_BR1_v1/scripts/module_d_prepare_spatial_tables.R	spot_map <- fread(spot_map_path)	UNRESOLVED_EXPRESSION		UNRESOLVED			data/SOURCE_DATA_MANIFEST.tsv	Filename evidence only; variable binding, upstream production, freeze guards and public acquisition contract not fully verified. No data copied.	EXCLUDED_FROM_ACTIVE_RELEASE
IO0436	A030	scripts/current/05_spatial/sources/HCC_ICI_BIOLOGICAL_RESOLUTION_BR1_v1/scripts/module_d_prepare_spatial_tables.R	region_audit <- fread(region_audit_path)	UNRESOLVED_EXPRESSION		UNRESOLVED			data/SOURCE_DATA_MANIFEST.tsv	Filename evidence only; variable binding, upstream production, freeze guards and public acquisition contract not fully verified. No data copied.	EXCLUDED_FROM_ACTIVE_RELEASE
IO0437	A030	scripts/current/05_spatial/sources/HCC_ICI_BIOLOGICAL_RESOLUTION_BR1_v1/scripts/module_d_prepare_spatial_tables.R	image_array <- h5read(h5_path, hires_h5_path)	UNRESOLVED_EXPRESSION		UNRESOLVED			data/SOURCE_DATA_MANIFEST.tsv	Filename evidence only; variable binding, upstream production, freeze guards and public acquisition contract not fully verified. No data copied.	EXCLUDED_FROM_ACTIVE_RELEASE
IO0438	A030	scripts/current/05_spatial/sources/HCC_ICI_BIOLOGICAL_RESOLUTION_BR1_v1/scripts/module_d_prepare_spatial_tables.R	hires_scale <- as.numeric(h5read(h5_path, scale_h5_path))	UNRESOLVED_EXPRESSION		UNRESOLVED			data/SOURCE_DATA_MANIFEST.tsv	Filename evidence only; variable binding, upstream production, freeze guards and public acquisition contract not fully verified. No data copied.	EXCLUDED_FROM_ACTIVE_RELEASE
IO0439	A030	scripts/current/05_spatial/sources/HCC_ICI_BIOLOGICAL_RESOLUTION_BR1_v1/scripts/module_d_prepare_spatial_tables.R	coeff <- fread(patient_coeff_path)	UNRESOLVED_EXPRESSION		UNRESOLVED			data/SOURCE_DATA_MANIFEST.tsv	Filename evidence only; variable binding, upstream production, freeze guards and public acquisition contract not fully verified. No data copied.	EXCLUDED_FROM_ACTIVE_RELEASE
IO0440	A030	scripts/current/05_spatial/sources/HCC_ICI_BIOLOGICAL_RESOLUTION_BR1_v1/scripts/module_d_prepare_spatial_tables.R	crossmodal <- fread(crossmodal_path)	UNRESOLVED_EXPRESSION		UNRESOLVED			data/SOURCE_DATA_MANIFEST.tsv	Filename evidence only; variable binding, upstream production, freeze guards and public acquisition contract not fully verified. No data copied.	EXCLUDED_FROM_ACTIVE_RELEASE
IO0447	A031	scripts/current/01_anchor/sources/HCC_ICI_project/04_scripts/04_target_ranking/01_finalize_target_evidence.R	"patient_expression <- read.delim(file.path(table_dir, ""GSE206325_candidate_expression_by_patient.tsv""), check.names = FALSE)"	UNRESOLVED_EXPRESSION		UNRESOLVED			data/SOURCE_DATA_MANIFEST.tsv	Filename evidence only; variable binding, upstream production, freeze guards and public acquisition contract not fully verified. No data copied.	EXCLUDED_FROM_ACTIVE_RELEASE
IO0448	A031	scripts/current/01_anchor/sources/HCC_ICI_project/04_scripts/04_target_ranking/01_finalize_target_evidence.R	"tcr_metrics <- read.delim(file.path(table_dir, ""GSE206325_TCR_repertoire_metrics_by_sample.tsv""), check.names = FALSE)"	UNRESOLVED_EXPRESSION		UNRESOLVED			data/SOURCE_DATA_MANIFEST.tsv	Filename evidence only; variable binding, upstream production, freeze guards and public acquisition contract not fully verified. No data copied.	EXCLUDED_FROM_ACTIVE_RELEASE
IO0449	A031	scripts/current/01_anchor/sources/HCC_ICI_project/04_scripts/04_target_ranking/01_finalize_target_evidence.R	"tcr_persistence <- read.delim(file.path(table_dir, ""GSE206325_TCR_persistence_by_patient.tsv""), check.names = FALSE)"	UNRESOLVED_EXPRESSION		UNRESOLVED			data/SOURCE_DATA_MANIFEST.tsv	Filename evidence only; variable binding, upstream production, freeze guards and public acquisition contract not fully verified. No data copied.	EXCLUDED_FROM_ACTIVE_RELEASE
IO0455	A033	scripts/current/04_clonotype/sources/HCC_ICI_project/04_scripts/final_harmonization/01_meta_clone_compartment.R	roles <- fread(role_file)	UNRESOLVED_EXPRESSION		UNRESOLVED			data/SOURCE_DATA_MANIFEST.tsv	Filename evidence only; variable binding, upstream production, freeze guards and public acquisition contract not fully verified. No data copied.	EXCLUDED_FROM_ACTIVE_RELEASE
IO0456	A033	scripts/current/04_clonotype/sources/HCC_ICI_project/04_scripts/final_harmonization/01_meta_clone_compartment.R	effects <- fread(effect_file)	UNRESOLVED_EXPRESSION		UNRESOLVED			data/SOURCE_DATA_MANIFEST.tsv	Filename evidence only; variable binding, upstream production, freeze guards and public acquisition contract not fully verified. No data copied.	EXCLUDED_FROM_ACTIVE_RELEASE
IO0457	A033	scripts/current/04_clonotype/sources/HCC_ICI_project/04_scripts/final_harmonization/01_meta_clone_compartment.R	x <- fread(mapping_file)	UNRESOLVED_EXPRESSION		UNRESOLVED			data/SOURCE_DATA_MANIFEST.tsv	Filename evidence only; variable binding, upstream production, freeze guards and public acquisition contract not fully verified. No data copied.	EXCLUDED_FROM_ACTIVE_RELEASE
IO0458	A033	scripts/current/04_clonotype/sources/HCC_ICI_project/04_scripts/final_harmonization/01_meta_clone_compartment.R	"v6 <- fread(v6_effect_file)[analysis_role == ""PRIMARY_BLOOD""]"	UNRESOLVED_EXPRESSION		UNRESOLVED			data/SOURCE_DATA_MANIFEST.tsv	Filename evidence only; variable binding, upstream production, freeze guards and public acquisition contract not fully verified. No data copied.	EXCLUDED_FROM_ACTIVE_RELEASE
IO0459	A033	scripts/current/04_clonotype/sources/HCC_ICI_project/04_scripts/final_harmonization/01_meta_clone_compartment.R	"lines <- readLines(gzfile(path), warn = FALSE, encoding = ""UTF-8"")"	UNRESOLVED_EXPRESSION		UNRESOLVED			data/SOURCE_DATA_MANIFEST.tsv	Filename evidence only; variable binding, upstream production, freeze guards and public acquisition contract not fully verified. No data copied.	EXCLUDED_FROM_ACTIVE_RELEASE
IO0465	A034	scripts/current/06_clinical/sources/HCC_ICI_project/04_scripts/phase15b_public_replication/01_prepare_response_blind_inputs.R	af_genes <- fread(af_path)$gene	UNRESOLVED_EXPRESSION		UNRESOLVED			data/SOURCE_DATA_MANIFEST.tsv	Filename evidence only; variable binding, upstream production, freeze guards and public acquisition contract not fully verified. No data copied.	EXCLUDED_FROM_ACTIVE_RELEASE
IO0466	A034	scripts/current/06_clinical/sources/HCC_ICI_project/04_scripts/phase15b_public_replication/01_prepare_response_blind_inputs.R	comparators <- fread(comparator_path)	UNRESOLVED_EXPRESSION		UNRESOLVED			data/SOURCE_DATA_MANIFEST.tsv	Filename evidence only; variable binding, upstream production, freeze guards and public acquisition contract not fully verified. No data copied.	EXCLUDED_FROM_ACTIVE_RELEASE
IO0467	A034	scripts/current/06_clinical/sources/HCC_ICI_project/04_scripts/phase15b_public_replication/01_prepare_response_blind_inputs.R	"mapping <- fread(map_path, select = c(""gene_id"", ""gene_symbol""))"	UNRESOLVED_EXPRESSION		UNRESOLVED			data/SOURCE_DATA_MANIFEST.tsv	Filename evidence only; variable binding, upstream production, freeze guards and public acquisition contract not fully verified. No data copied.	EXCLUDED_FROM_ACTIVE_RELEASE
IO0468	A034	scripts/current/06_clinical/sources/HCC_ICI_project/04_scripts/phase15b_public_replication/01_prepare_response_blind_inputs.R	g302 <- fread(gse302_path)	UNRESOLVED_EXPRESSION		UNRESOLVED			data/SOURCE_DATA_MANIFEST.tsv	Filename evidence only; variable binding, upstream production, freeze guards and public acquisition contract not fully verified. No data copied.	EXCLUDED_FROM_ACTIVE_RELEASE
IO0469	A034	scripts/current/06_clinical/sources/HCC_ICI_project/04_scripts/phase15b_public_replication/01_prepare_response_blind_inputs.R	g287 <- fread(gse287_path, skip = 2L)	UNRESOLVED_EXPRESSION		UNRESOLVED			data/SOURCE_DATA_MANIFEST.tsv	Filename evidence only; variable binding, upstream production, freeze guards and public acquisition contract not fully verified. No data copied.	EXCLUDED_FROM_ACTIVE_RELEASE
IO0477	A035	scripts/current/06_clinical/sources/HCC_ICI_project/04_scripts/phase15b_public_replication/02_lock_outcome_maps.R	g302_object <- readRDS(g302_rds)	UNRESOLVED_EXPRESSION		UNRESOLVED			data/SOURCE_DATA_MANIFEST.tsv	Filename evidence only; variable binding, upstream production, freeze guards and public acquisition contract not fully verified. No data copied.	EXCLUDED_FROM_ACTIVE_RELEASE
IO0478	A035	scripts/current/06_clinical/sources/HCC_ICI_project/04_scripts/phase15b_public_replication/02_lock_outcome_maps.R	g287_object <- readRDS(g287_rds)	UNRESOLVED_EXPRESSION		UNRESOLVED			data/SOURCE_DATA_MANIFEST.tsv	Filename evidence only; variable binding, upstream production, freeze guards and public acquisition contract not fully verified. No data copied.	EXCLUDED_FROM_ACTIVE_RELEASE
IO0479	A035	scripts/current/06_clinical/sources/HCC_ICI_project/04_scripts/phase15b_public_replication/02_lock_outcome_maps.R	"g302 <- fread(g302_source)[timepoint == ""PRETREATMENT""]"	UNRESOLVED_EXPRESSION		UNRESOLVED			data/SOURCE_DATA_MANIFEST.tsv	Filename evidence only; variable binding, upstream production, freeze guards and public acquisition contract not fully verified. No data copied.	EXCLUDED_FROM_ACTIVE_RELEASE
IO0480	A035	scripts/current/06_clinical/sources/HCC_ICI_project/04_scripts/phase15b_public_replication/02_lock_outcome_maps.R	"g287 <- fread(g287_source)[timepoint == ""PRETREATMENT""]"	UNRESOLVED_EXPRESSION		UNRESOLVED			data/SOURCE_DATA_MANIFEST.tsv	Filename evidence only; variable binding, upstream production, freeze guards and public acquisition contract not fully verified. No data copied.	EXCLUDED_FROM_ACTIVE_RELEASE
IO0483	A036	scripts/current/06_clinical/sources/HCC_ICI_project/04_scripts/phase15b_public_replication/03_analyze_public_replication.R	g302_object <- readRDS(g302_rds)	UNRESOLVED_EXPRESSION		UNRESOLVED			data/SOURCE_DATA_MANIFEST.tsv	Filename evidence only; variable binding, upstream production, freeze guards and public acquisition contract not fully verified. No data copied.	EXCLUDED_FROM_ACTIVE_RELEASE
IO0484	A036	scripts/current/06_clinical/sources/HCC_ICI_project/04_scripts/phase15b_public_replication/03_analyze_public_replication.R	g287_object <- readRDS(g287_rds)	UNRESOLVED_EXPRESSION		UNRESOLVED			data/SOURCE_DATA_MANIFEST.tsv	Filename evidence only; variable binding, upstream production, freeze guards and public acquisition contract not fully verified. No data copied.	EXCLUDED_FROM_ACTIVE_RELEASE
IO0485	A036	scripts/current/06_clinical/sources/HCC_ICI_project/04_scripts/phase15b_public_replication/03_analyze_public_replication.R	g302_map <- fread(g302_map_path)	UNRESOLVED_EXPRESSION		UNRESOLVED			data/SOURCE_DATA_MANIFEST.tsv	Filename evidence only; variable binding, upstream production, freeze guards and public acquisition contract not fully verified. No data copied.	EXCLUDED_FROM_ACTIVE_RELEASE
IO0486	A036	scripts/current/06_clinical/sources/HCC_ICI_project/04_scripts/phase15b_public_replication/03_analyze_public_replication.R	g287_map <- fread(g287_map_path)	UNRESOLVED_EXPRESSION		UNRESOLVED			data/SOURCE_DATA_MANIFEST.tsv	Filename evidence only; variable binding, upstream production, freeze guards and public acquisition contract not fully verified. No data copied.	EXCLUDED_FROM_ACTIVE_RELEASE
IO0498	A037	scripts/current/06_clinical/sources/HCC_ICI_project/04_scripts/phase15c_public_benchmark/01_run_phase15c_benchmark.R	contract <- fread(contract_path)	UNRESOLVED_EXPRESSION		UNRESOLVED			data/SOURCE_DATA_MANIFEST.tsv	Filename evidence only; variable binding, upstream production, freeze guards and public acquisition contract not fully verified. No data copied.	EXCLUDED_FROM_ACTIVE_RELEASE
IO0499	A037	scripts/current/06_clinical/sources/HCC_ICI_project/04_scripts/phase15c_public_benchmark/01_run_phase15c_benchmark.R	axes <- fread(axis_path)	UNRESOLVED_EXPRESSION		UNRESOLVED			data/SOURCE_DATA_MANIFEST.tsv	Filename evidence only; variable binding, upstream production, freeze guards and public acquisition contract not fully verified. No data copied.	EXCLUDED_FROM_ACTIVE_RELEASE
IO0500	A037	scripts/current/06_clinical/sources/HCC_ICI_project/04_scripts/phase15c_public_benchmark/01_run_phase15c_benchmark.R	erp_object <- readRDS(erp_rds_path)	UNRESOLVED_EXPRESSION		UNRESOLVED			data/SOURCE_DATA_MANIFEST.tsv	Filename evidence only; variable binding, upstream production, freeze guards and public acquisition contract not fully verified. No data copied.	EXCLUDED_FROM_ACTIVE_RELEASE
IO0501	A037	scripts/current/06_clinical/sources/HCC_ICI_project/04_scripts/phase15c_public_benchmark/01_run_phase15c_benchmark.R	g302_object <- readRDS(g302_rds_path)	UNRESOLVED_EXPRESSION		UNRESOLVED			data/SOURCE_DATA_MANIFEST.tsv	Filename evidence only; variable binding, upstream production, freeze guards and public acquisition contract not fully verified. No data copied.	EXCLUDED_FROM_ACTIVE_RELEASE
IO0502	A037	scripts/current/06_clinical/sources/HCC_ICI_project/04_scripts/phase15c_public_benchmark/01_run_phase15c_benchmark.R	"program_definitions <- fread(comparator_path)[program %chin% unname(program_ids) & !startsWith(gene, ""DERIVED:"")]"	UNRESOLVED_EXPRESSION		UNRESOLVED			data/SOURCE_DATA_MANIFEST.tsv	Filename evidence only; variable binding, upstream production, freeze guards and public acquisition contract not fully verified. No data copied.	EXCLUDED_FROM_ACTIVE_RELEASE
IO0503	A037	scripts/current/06_clinical/sources/HCC_ICI_project/04_scripts/phase15c_public_benchmark/01_run_phase15c_benchmark.R	"max(abs(safe_z(erp_benchmark$scores$broad_immune) - safe_z(fread(file.path(project_dir, ""05_results"", ""tables"", ""pretreatment_clinical_translation"", ""ERP117672_PRETREATMENT_PATIENT_SCORES.tsv""))$broad_immune_z))) < 1e-12,"	HCC_ICI_project/05_results/tables/pretreatment_clinical_translation/ERP117672_PRETREATMENT_PATIENT_SCORES.tsv	cbb868e6bb539a3204db416adadc95d4addf7a47fdaa8053b0fbe2fe3d0c145a	UNRESOLVED			data/SOURCE_DATA_MANIFEST.tsv	Filename evidence only; variable binding, upstream production, freeze guards and public acquisition contract not fully verified. No data copied.	EXCLUDED_FROM_ACTIVE_RELEASE
IO0504	A037	scripts/current/06_clinical/sources/HCC_ICI_project/04_scripts/phase15c_public_benchmark/01_run_phase15c_benchmark.R	"erp_blind_eligibility <- fread(erp_map_path, select = c(""patient_id"", ""primary_included""))[primary_included == TRUE, patient_id]"	UNRESOLVED_EXPRESSION		UNRESOLVED			data/SOURCE_DATA_MANIFEST.tsv	Filename evidence only; variable binding, upstream production, freeze guards and public acquisition contract not fully verified. No data copied.	EXCLUDED_FROM_ACTIVE_RELEASE
IO0505	A037	scripts/current/06_clinical/sources/HCC_ICI_project/04_scripts/phase15c_public_benchmark/01_run_phase15c_benchmark.R	"erp_map <- fread(erp_map_path)[primary_included == TRUE, .(patient_id, group = fifelse(primary_group == ""Responder"", ""R"", ""NR""))]"	UNRESOLVED_EXPRESSION		UNRESOLVED			data/SOURCE_DATA_MANIFEST.tsv	Filename evidence only; variable binding, upstream production, freeze guards and public acquisition contract not fully verified. No data copied.	EXCLUDED_FROM_ACTIVE_RELEASE
IO0506	A037	scripts/current/06_clinical/sources/HCC_ICI_project/04_scripts/phase15c_public_benchmark/01_run_phase15c_benchmark.R	g302_map <- fread(g302_map_path)[, .(patient_id, group = response_group)]	UNRESOLVED_EXPRESSION		UNRESOLVED			data/SOURCE_DATA_MANIFEST.tsv	Filename evidence only; variable binding, upstream production, freeze guards and public acquisition contract not fully verified. No data copied.	EXCLUDED_FROM_ACTIVE_RELEASE
IO0507	A037	scripts/current/06_clinical/sources/HCC_ICI_project/04_scripts/phase15c_public_benchmark/01_run_phase15c_benchmark.R	"erp_old <- fread(file.path(project_dir, ""05_results"", ""tables"", ""pretreatment_clinical_translation"", ""ERP117672_BROAD_IMMUNE_RESPONSE_EFFECTS.tsv""))"	UNRESOLVED_EXPRESSION		UNRESOLVED			data/SOURCE_DATA_MANIFEST.tsv	Filename evidence only; variable binding, upstream production, freeze guards and public acquisition contract not fully verified. No data copied.	EXCLUDED_FROM_ACTIVE_RELEASE
IO0508	A037	scripts/current/06_clinical/sources/HCC_ICI_project/04_scripts/phase15c_public_benchmark/01_run_phase15c_benchmark.R	"g302_old <- fread(file.path(project_dir, ""05_results"", ""tables"", ""phase15b_public_replication"", ""GSE302495_ALL_RECIST_CONTINUOUS_EFFECTS.tsv""))"	UNRESOLVED_EXPRESSION		UNRESOLVED			data/SOURCE_DATA_MANIFEST.tsv	Filename evidence only; variable binding, upstream production, freeze guards and public acquisition contract not fully verified. No data copied.	EXCLUDED_FROM_ACTIVE_RELEASE
IO0523	A038	scripts/current/06_clinical/sources/HCC_ICI_project/04_scripts/phase19/03_phase19b_response_blind_scoring.R	matrix <- fread(matrix_path)	UNRESOLVED_EXPRESSION		UNRESOLVED			data/SOURCE_DATA_MANIFEST.tsv	Filename evidence only; variable binding, upstream production, freeze guards and public acquisition contract not fully verified. No data copied.	EXCLUDED_FROM_ACTIVE_RELEASE
IO0524	A038	scripts/current/06_clinical/sources/HCC_ICI_project/04_scripts/phase19/03_phase19b_response_blind_scoring.R	axes <- fread(axis_path)	UNRESOLVED_EXPRESSION		UNRESOLVED			data/SOURCE_DATA_MANIFEST.tsv	Filename evidence only; variable binding, upstream production, freeze guards and public acquisition contract not fully verified. No data copied.	EXCLUDED_FROM_ACTIVE_RELEASE
IO0525	A038	scripts/current/06_clinical/sources/HCC_ICI_project/04_scripts/phase19/03_phase19b_response_blind_scoring.R	erp_object <- readRDS(erp_rds_path)	UNRESOLVED_EXPRESSION		UNRESOLVED			data/SOURCE_DATA_MANIFEST.tsv	Filename evidence only; variable binding, upstream production, freeze guards and public acquisition contract not fully verified. No data copied.	EXCLUDED_FROM_ACTIVE_RELEASE
IO0526	A038	scripts/current/06_clinical/sources/HCC_ICI_project/04_scripts/phase19/03_phase19b_response_blind_scoring.R	g302_object <- readRDS(g302_rds_path)	UNRESOLVED_EXPRESSION		UNRESOLVED			data/SOURCE_DATA_MANIFEST.tsv	Filename evidence only; variable binding, upstream production, freeze guards and public acquisition contract not fully verified. No data copied.	EXCLUDED_FROM_ACTIVE_RELEASE
IO0527	A038	scripts/current/06_clinical/sources/HCC_ICI_project/04_scripts/phase19/03_phase19b_response_blind_scoring.R	erp_bench <- fread(erp_benchmark_path)	UNRESOLVED_EXPRESSION		UNRESOLVED			data/SOURCE_DATA_MANIFEST.tsv	Filename evidence only; variable binding, upstream production, freeze guards and public acquisition contract not fully verified. No data copied.	EXCLUDED_FROM_ACTIVE_RELEASE
IO0528	A038	scripts/current/06_clinical/sources/HCC_ICI_project/04_scripts/phase19/03_phase19b_response_blind_scoring.R	g302_bench <- fread(g302_benchmark_path)	UNRESOLVED_EXPRESSION		UNRESOLVED			data/SOURCE_DATA_MANIFEST.tsv	Filename evidence only; variable binding, upstream production, freeze guards and public acquisition contract not fully verified. No data copied.	EXCLUDED_FROM_ACTIVE_RELEASE
IO0531	A039	scripts/current/06_clinical/sources/HCC_ICI_project/04_scripts/phase19/04_phase19b_freeze_response_blind_tables.py	PATHS['blind_freeze'].read_text(encoding='utf-8')	UNRESOLVED_EXPRESSION		UNRESOLVED			data/SOURCE_DATA_MANIFEST.tsv	Filename evidence only; variable binding, upstream production, freeze guards and public acquisition contract not fully verified. No data copied.	EXCLUDED_FROM_ACTIVE_RELEASE
IO0532	A039	scripts/current/06_clinical/sources/HCC_ICI_project/04_scripts/phase19/04_phase19b_freeze_response_blind_tables.py	handle.read(1024 * 1024)	UNRESOLVED_EXPRESSION		UNRESOLVED			data/SOURCE_DATA_MANIFEST.tsv	Filename evidence only; variable binding, upstream production, freeze guards and public acquisition contract not fully verified. No data copied.	EXCLUDED_FROM_ACTIVE_RELEASE
IO0534	A040	scripts/current/06_clinical/sources/HCC_ICI_project/04_scripts/phase19/05_phase19b_outcome_analysis.R	lock <- fromJSON(lock_path, simplifyVector = FALSE)	UNRESOLVED_EXPRESSION		UNRESOLVED			data/SOURCE_DATA_MANIFEST.tsv	Filename evidence only; variable binding, upstream production, freeze guards and public acquisition contract not fully verified. No data copied.	EXCLUDED_FROM_ACTIVE_RELEASE
IO0535	A040	scripts/current/06_clinical/sources/HCC_ICI_project/04_scripts/phase19/05_phase19b_outcome_analysis.R	blind <- readRDS(blind_object_path)	UNRESOLVED_EXPRESSION		UNRESOLVED			data/SOURCE_DATA_MANIFEST.tsv	Filename evidence only; variable binding, upstream production, freeze guards and public acquisition contract not fully verified. No data copied.	EXCLUDED_FROM_ACTIVE_RELEASE
IO0536	A040	scripts/current/06_clinical/sources/HCC_ICI_project/04_scripts/phase19/05_phase19b_outcome_analysis.R	"erp_map <- fread(erp_map_path)[primary_included == TRUE, .(patient_id, group = fifelse(primary_group == ""Responder"", ""R"", ""NR""))]"	UNRESOLVED_EXPRESSION		UNRESOLVED			data/SOURCE_DATA_MANIFEST.tsv	Filename evidence only; variable binding, upstream production, freeze guards and public acquisition contract not fully verified. No data copied.	EXCLUDED_FROM_ACTIVE_RELEASE
IO0537	A040	scripts/current/06_clinical/sources/HCC_ICI_project/04_scripts/phase19/05_phase19b_outcome_analysis.R	g302_map <- fread(g302_map_path)[, .(patient_id, group = response_group)]	UNRESOLVED_EXPRESSION		UNRESOLVED			data/SOURCE_DATA_MANIFEST.tsv	Filename evidence only; variable binding, upstream production, freeze guards and public acquisition contract not fully verified. No data copied.	EXCLUDED_FROM_ACTIVE_RELEASE
IO0540	A041	scripts/current/02_state/sources/HCC_ICI_project/04_scripts/phase2/07_functional_program_GSE206325.R	pb <- readRDS(input_file)	UNRESOLVED_EXPRESSION		UNRESOLVED			data/SOURCE_DATA_MANIFEST.tsv	Filename evidence only; variable binding, upstream production, freeze guards and public acquisition contract not fully verified. No data copied.	EXCLUDED_FROM_ACTIVE_RELEASE
IO0545	A042	scripts/current/04_clonotype/sources/HCC_ICI_project/04_scripts/phase3/03_independent_scrna_sctcr_clone_state.R	h5_cells <- fread(h5_cell_file)	UNRESOLVED_EXPRESSION		UNRESOLVED			data/SOURCE_DATA_MANIFEST.tsv	Filename evidence only; variable binding, upstream production, freeze guards and public acquisition contract not fully verified. No data copied.	EXCLUDED_FROM_ACTIVE_RELEASE
IO0546	A042	scripts/current/04_clonotype/sources/HCC_ICI_project/04_scripts/phase3/03_independent_scrna_sctcr_clone_state.R	h5_extract_audit <- fread(h5_extract_audit_file)	UNRESOLVED_EXPRESSION		UNRESOLVED			data/SOURCE_DATA_MANIFEST.tsv	Filename evidence only; variable binding, upstream production, freeze guards and public acquisition contract not fully verified. No data copied.	EXCLUDED_FROM_ACTIVE_RELEASE
IO0547	A042	scripts/current/04_clonotype/sources/HCC_ICI_project/04_scripts/phase3/03_independent_scrna_sctcr_clone_state.R	tcr <- fread(tcr_file)	UNRESOLVED_EXPRESSION		UNRESOLVED			data/SOURCE_DATA_MANIFEST.tsv	Filename evidence only; variable binding, upstream production, freeze guards and public acquisition contract not fully verified. No data copied.	EXCLUDED_FROM_ACTIVE_RELEASE
IO0548	A042	scripts/current/04_clonotype/sources/HCC_ICI_project/04_scripts/phase3/03_independent_scrna_sctcr_clone_state.R	response <- fread(response_file)	UNRESOLVED_EXPRESSION		UNRESOLVED			data/SOURCE_DATA_MANIFEST.tsv	Filename evidence only; variable binding, upstream production, freeze guards and public acquisition contract not fully verified. No data copied.	EXCLUDED_FROM_ACTIVE_RELEASE
IO0549	A042	scripts/current/04_clonotype/sources/HCC_ICI_project/04_scripts/phase3/03_independent_scrna_sctcr_clone_state.R	records = c(nrow(tcr), n_obs, n_obs, nrow(response), nrow(fread(design_file)), nrow(tcr)),	UNRESOLVED_EXPRESSION		UNRESOLVED			data/SOURCE_DATA_MANIFEST.tsv	Filename evidence only; variable binding, upstream production, freeze guards and public acquisition contract not fully verified. No data copied.	EXCLUDED_FROM_ACTIVE_RELEASE
IO0550	A042	scripts/current/04_clonotype/sources/HCC_ICI_project/04_scripts/phase3/03_independent_scrna_sctcr_clone_state.R	matched_records = c(sum(matched), sum(matched), sum(matched), nrow(response), nrow(fread(design_file)), sum(matched)),	UNRESOLVED_EXPRESSION		UNRESOLVED			data/SOURCE_DATA_MANIFEST.tsv	Filename evidence only; variable binding, upstream production, freeze guards and public acquisition contract not fully verified. No data copied.	EXCLUDED_FROM_ACTIVE_RELEASE
IO0562	A043	scripts/current/04_clonotype/sources/HCC_ICI_project/04_scripts/phase_temporal/01_gse235863_baseline_future_clone_fate.R	x <- fread(mapping_file)	UNRESOLVED_EXPRESSION		UNRESOLVED			data/SOURCE_DATA_MANIFEST.tsv	Filename evidence only; variable binding, upstream production, freeze guards and public acquisition contract not fully verified. No data copied.	EXCLUDED_FROM_ACTIVE_RELEASE
IO0563	A043	scripts/current/04_clonotype/sources/HCC_ICI_project/04_scripts/phase_temporal/01_gse235863_baseline_future_clone_fate.R	response <- fread(response_file)	UNRESOLVED_EXPRESSION		UNRESOLVED			data/SOURCE_DATA_MANIFEST.tsv	Filename evidence only; variable binding, upstream production, freeze guards and public acquisition contract not fully verified. No data copied.	EXCLUDED_FROM_ACTIVE_RELEASE
IO0564	A043	scripts/current/04_clonotype/sources/HCC_ICI_project/04_scripts/phase_temporal/01_gse235863_baseline_future_clone_fate.R	design <- fread(design_file)	UNRESOLVED_EXPRESSION		UNRESOLVED			data/SOURCE_DATA_MANIFEST.tsv	Filename evidence only; variable binding, upstream production, freeze guards and public acquisition contract not fully verified. No data copied.	EXCLUDED_FROM_ACTIVE_RELEASE
IO0565	A043	scripts/current/04_clonotype/sources/HCC_ICI_project/04_scripts/phase_temporal/01_gse235863_baseline_future_clone_fate.R	"lines <- readLines(gzfile(path), warn = FALSE, encoding = ""UTF-8"")"	UNRESOLVED_EXPRESSION		UNRESOLVED			data/SOURCE_DATA_MANIFEST.tsv	Filename evidence only; variable binding, upstream production, freeze guards and public acquisition contract not fully verified. No data copied.	EXCLUDED_FROM_ACTIVE_RELEASE
IO0571	A044	scripts/current/06_clinical/sources/HCC_ICI_project/04_scripts/pretreatment_clinical_translation/01_gse104580_tace_falsification.R	"lines <- readLines(gzfile(path), warn = FALSE, encoding = ""UTF-8"")"	UNRESOLVED_EXPRESSION		UNRESOLVED			data/SOURCE_DATA_MANIFEST.tsv	Filename evidence only; variable binding, upstream production, freeze guards and public acquisition contract not fully verified. No data copied.	EXCLUDED_FROM_ACTIVE_RELEASE
IO0572	A044	scripts/current/06_clinical/sources/HCC_ICI_project/04_scripts/pretreatment_clinical_translation/01_gse104580_tace_falsification.R	"matrix = fread(text = paste(lines[(begin + 1L):(end - 1L)], collapse = ""\n""), sep = ""\t"", check.names = FALSE)"	UNRESOLVED_EXPRESSION		UNRESOLVED			data/SOURCE_DATA_MANIFEST.tsv	Filename evidence only; variable binding, upstream production, freeze guards and public acquisition contract not fully verified. No data copied.	EXCLUDED_FROM_ACTIVE_RELEASE
IO0573	A044	scripts/current/06_clinical/sources/HCC_ICI_project/04_scripts/pretreatment_clinical_translation/01_gse104580_tace_falsification.R	"fread(text = paste(lines[(begin + 1L):(end - 1L)], collapse = ""\n""), sep = ""\t"", check.names = FALSE, fill = TRUE)"	UNRESOLVED_EXPRESSION		UNRESOLVED			data/SOURCE_DATA_MANIFEST.tsv	Filename evidence only; variable binding, upstream production, freeze guards and public acquisition contract not fully verified. No data copied.	EXCLUDED_FROM_ACTIVE_RELEASE
IO0574	A044	scripts/current/06_clinical/sources/HCC_ICI_project/04_scripts/pretreatment_clinical_translation/01_gse104580_tace_falsification.R	axes <- fread(axis_path)	UNRESOLVED_EXPRESSION		UNRESOLVED			data/SOURCE_DATA_MANIFEST.tsv	Filename evidence only; variable binding, upstream production, freeze guards and public acquisition contract not fully verified. No data copied.	EXCLUDED_FROM_ACTIVE_RELEASE
IO0575	A044	scripts/current/06_clinical/sources/HCC_ICI_project/04_scripts/pretreatment_clinical_translation/01_gse104580_tace_falsification.R	comparators <- fread(comparator_path)	UNRESOLVED_EXPRESSION		UNRESOLVED			data/SOURCE_DATA_MANIFEST.tsv	Filename evidence only; variable binding, upstream production, freeze guards and public acquisition contract not fully verified. No data copied.	EXCLUDED_FROM_ACTIVE_RELEASE
IO0576	A044	scripts/current/06_clinical/sources/HCC_ICI_project/04_scripts/pretreatment_clinical_translation/01_gse104580_tace_falsification.R	sample_map <- fread(map_path)	UNRESOLVED_EXPRESSION		UNRESOLVED			data/SOURCE_DATA_MANIFEST.tsv	Filename evidence only; variable binding, upstream production, freeze guards and public acquisition contract not fully verified. No data copied.	EXCLUDED_FROM_ACTIVE_RELEASE
IO0582	A045	scripts/current/05_spatial/sources/HCC_ICI_project/04_scripts/spatial_specificity_rescue/01_spatial_specificity_rescue.R	axes <- fread(axis_file)	UNRESOLVED_EXPRESSION		UNRESOLVED			data/SOURCE_DATA_MANIFEST.tsv	Filename evidence only; variable binding, upstream production, freeze guards and public acquisition contract not fully verified. No data copied.	EXCLUDED_FROM_ACTIVE_RELEASE
IO0583	A045	scripts/current/05_spatial/sources/HCC_ICI_project/04_scripts/spatial_specificity_rescue/01_spatial_specificity_rescue.R	comparators <- fread(comparator_file)	UNRESOLVED_EXPRESSION		UNRESOLVED			data/SOURCE_DATA_MANIFEST.tsv	Filename evidence only; variable binding, upstream production, freeze guards and public acquisition contract not fully verified. No data copied.	EXCLUDED_FROM_ACTIVE_RELEASE
IO0584	A045	scripts/current/05_spatial/sources/HCC_ICI_project/04_scripts/spatial_specificity_rescue/01_spatial_specificity_rescue.R	"features <- fread(file.path(matrix_dir, ""features.tsv.gz""), header = FALSE)"	UNRESOLVED_EXPRESSION		UNRESOLVED			data/SOURCE_DATA_MANIFEST.tsv	Filename evidence only; variable binding, upstream production, freeze guards and public acquisition contract not fully verified. No data copied.	EXCLUDED_FROM_ACTIVE_RELEASE
IO0585	A045	scripts/current/05_spatial/sources/HCC_ICI_project/04_scripts/spatial_specificity_rescue/01_spatial_specificity_rescue.R	"barcodes <- readLines(gzfile(file.path(matrix_dir, ""barcodes.tsv.gz"")))"	UNRESOLVED_EXPRESSION		UNRESOLVED			data/SOURCE_DATA_MANIFEST.tsv	Filename evidence only; variable binding, upstream production, freeze guards and public acquisition contract not fully verified. No data copied.	EXCLUDED_FROM_ACTIVE_RELEASE
IO0586	A045	scripts/current/05_spatial/sources/HCC_ICI_project/04_scripts/spatial_specificity_rescue/01_spatial_specificity_rescue.R	"positions <- fread(file.path(gse_dir, sid, ""spatial"", ""tissue_positions_list.csv""), header = FALSE)"	UNRESOLVED_EXPRESSION		UNRESOLVED			data/SOURCE_DATA_MANIFEST.tsv	Filename evidence only; variable binding, upstream production, freeze guards and public acquisition contract not fully verified. No data copied.	EXCLUDED_FROM_ACTIVE_RELEASE
IO0587	A045	scripts/current/05_spatial/sources/HCC_ICI_project/04_scripts/spatial_specificity_rescue/01_spatial_specificity_rescue.R	"categories <- h5read(file, paste0(""/obs/"", field, ""/categories""))"	UNRESOLVED_EXPRESSION		UNRESOLVED			data/SOURCE_DATA_MANIFEST.tsv	Filename evidence only; variable binding, upstream production, freeze guards and public acquisition contract not fully verified. No data copied.	EXCLUDED_FROM_ACTIVE_RELEASE
IO0588	A045	scripts/current/05_spatial/sources/HCC_ICI_project/04_scripts/spatial_specificity_rescue/01_spatial_specificity_rescue.R	"codes <- h5read(file, paste0(""/obs/"", field, ""/codes""))"	UNRESOLVED_EXPRESSION		UNRESOLVED			data/SOURCE_DATA_MANIFEST.tsv	Filename evidence only; variable binding, upstream production, freeze guards and public acquisition contract not fully verified. No data copied.	EXCLUDED_FROM_ACTIVE_RELEASE
IO0589	A045	scripts/current/05_spatial/sources/HCC_ICI_project/04_scripts/spatial_specificity_rescue/01_spatial_specificity_rescue.R	"spot_id = as.character(h5read(wu_h5, ""/obs/index"")),"	UNRESOLVED_EXPRESSION		UNRESOLVED			data/SOURCE_DATA_MANIFEST.tsv	Filename evidence only; variable binding, upstream production, freeze guards and public acquisition contract not fully verified. No data copied.	EXCLUDED_FROM_ACTIVE_RELEASE
IO0590	A045	scripts/current/05_spatial/sources/HCC_ICI_project/04_scripts/spatial_specificity_rescue/01_spatial_specificity_rescue.R	"spatial <- h5read(wu_h5, ""/obsm/spatial"")"	UNRESOLVED_EXPRESSION		UNRESOLVED			data/SOURCE_DATA_MANIFEST.tsv	Filename evidence only; variable binding, upstream production, freeze guards and public acquisition contract not fully verified. No data copied.	EXCLUDED_FROM_ACTIVE_RELEASE
IO0591	A045	scripts/current/05_spatial/sources/HCC_ICI_project/04_scripts/spatial_specificity_rescue/01_spatial_specificity_rescue.R	"wu_genes <- as.character(h5read(wu_h5, ""/var/_index""))"	UNRESOLVED_EXPRESSION		UNRESOLVED			data/SOURCE_DATA_MANIFEST.tsv	Filename evidence only; variable binding, upstream production, freeze guards and public acquisition contract not fully verified. No data copied.	EXCLUDED_FROM_ACTIVE_RELEASE
IO0592	A045	scripts/current/05_spatial/sources/HCC_ICI_project/04_scripts/spatial_specificity_rescue/01_spatial_specificity_rescue.R	"wu_indptr <- h5read(wu_h5, ""/X/indptr"")"	UNRESOLVED_EXPRESSION		UNRESOLVED			data/SOURCE_DATA_MANIFEST.tsv	Filename evidence only; variable binding, upstream production, freeze guards and public acquisition contract not fully verified. No data copied.	EXCLUDED_FROM_ACTIVE_RELEASE
IO0593	A045	scripts/current/05_spatial/sources/HCC_ICI_project/04_scripts/spatial_specificity_rescue/01_spatial_specificity_rescue.R	wu_map <- fread(wu_map_file)	UNRESOLVED_EXPRESSION		UNRESOLVED			data/SOURCE_DATA_MANIFEST.tsv	Filename evidence only; variable binding, upstream production, freeze guards and public acquisition contract not fully verified. No data copied.	EXCLUDED_FROM_ACTIVE_RELEASE
IO0594	A045	scripts/current/05_spatial/sources/HCC_ICI_project/04_scripts/spatial_specificity_rescue/01_spatial_specificity_rescue.R	wu_stats <- readRDS(cache_file)	UNRESOLVED_EXPRESSION		UNRESOLVED			data/SOURCE_DATA_MANIFEST.tsv	Filename evidence only; variable binding, upstream production, freeze guards and public acquisition contract not fully verified. No data copied.	EXCLUDED_FROM_ACTIVE_RELEASE
IO0595	A045	scripts/current/05_spatial/sources/HCC_ICI_project/04_scripts/spatial_specificity_rescue/01_spatial_specificity_rescue.R	matching_v10 <- fread(v10_matching_file)	UNRESOLVED_EXPRESSION		UNRESOLVED			data/SOURCE_DATA_MANIFEST.tsv	Filename evidence only; variable binding, upstream production, freeze guards and public acquisition contract not fully verified. No data copied.	EXCLUDED_FROM_ACTIVE_RELEASE
IO0596	A045	scripts/current/05_spatial/sources/HCC_ICI_project/04_scripts/spatial_specificity_rescue/01_spatial_specificity_rescue.R	"idx <- as.integer(h5read(wu_h5, ""/X/indices"", index = list(first_entry:last_entry)))"	UNRESOLVED_EXPRESSION		UNRESOLVED			data/SOURCE_DATA_MANIFEST.tsv	Filename evidence only; variable binding, upstream production, freeze guards and public acquisition contract not fully verified. No data copied.	EXCLUDED_FROM_ACTIVE_RELEASE
IO0597	A045	scripts/current/05_spatial/sources/HCC_ICI_project/04_scripts/spatial_specificity_rescue/01_spatial_specificity_rescue.R	"val <- as.numeric(h5read(wu_h5, ""/X/data"", index = list(first_entry:last_entry)))"	UNRESOLVED_EXPRESSION		UNRESOLVED			data/SOURCE_DATA_MANIFEST.tsv	Filename evidence only; variable binding, upstream production, freeze guards and public acquisition contract not fully verified. No data copied.	EXCLUDED_FROM_ACTIVE_RELEASE
IO0598	A045	scripts/current/05_spatial/sources/HCC_ICI_project/04_scripts/spatial_specificity_rescue/01_spatial_specificity_rescue.R	v10_patient <- fread(v10_patient_file)	UNRESOLVED_EXPRESSION		UNRESOLVED			data/SOURCE_DATA_MANIFEST.tsv	Filename evidence only; variable binding, upstream production, freeze guards and public acquisition contract not fully verified. No data copied.	EXCLUDED_FROM_ACTIVE_RELEASE
IO0599	A045	scripts/current/05_spatial/sources/HCC_ICI_project/04_scripts/spatial_specificity_rescue/01_spatial_specificity_rescue.R	release_metadata <- fread(release_metadata_file)	UNRESOLVED_EXPRESSION		UNRESOLVED			data/SOURCE_DATA_MANIFEST.tsv	Filename evidence only; variable binding, upstream production, freeze guards and public acquisition contract not fully verified. No data copied.	EXCLUDED_FROM_ACTIVE_RELEASE
IO0600	A045	scripts/current/05_spatial/sources/HCC_ICI_project/04_scripts/spatial_specificity_rescue/01_spatial_specificity_rescue.R	"cell_data <- fread(file_for(region, "".cell_data.csv""))"	UNRESOLVED_EXPRESSION		UNRESOLVED			data/SOURCE_DATA_MANIFEST.tsv	Filename evidence only; variable binding, upstream production, freeze guards and public acquisition contract not fully verified. No data copied.	EXCLUDED_FROM_ACTIVE_RELEASE
IO0601	A045	scripts/current/05_spatial/sources/HCC_ICI_project/04_scripts/spatial_specificity_rescue/01_spatial_specificity_rescue.R	"cell_types <- fread(file_for(region, "".cell_types.csv""))"	UNRESOLVED_EXPRESSION		UNRESOLVED			data/SOURCE_DATA_MANIFEST.tsv	Filename evidence only; variable binding, upstream production, freeze guards and public acquisition contract not fully verified. No data copied.	EXCLUDED_FROM_ACTIVE_RELEASE
IO0602	A045	scripts/current/05_spatial/sources/HCC_ICI_project/04_scripts/spatial_specificity_rescue/01_spatial_specificity_rescue.R	"expression <- fread(file_for(region, "".expression.csv""))"	UNRESOLVED_EXPRESSION		UNRESOLVED			data/SOURCE_DATA_MANIFEST.tsv	Filename evidence only; variable binding, upstream production, freeze guards and public acquisition contract not fully verified. No data copied.	EXCLUDED_FROM_ACTIVE_RELEASE
IO0609	A046	scripts/current/02_state/sources/PTPN22_AF35_COUPLING_ARCHITECTURE_v1/scripts/01_source_audit.py	pd.read_csv(I / 'COMPLETE_SHA256_MANIFEST.tsv', sep='\t')	UNRESOLVED_EXPRESSION		UNRESOLVED			data/SOURCE_DATA_MANIFEST.tsv	Filename evidence only; variable binding, upstream production, freeze guards and public acquisition contract not fully verified. No data copied.	EXCLUDED_FROM_ACTIVE_RELEASE
IO0610	A046	scripts/current/02_state/sources/PTPN22_AF35_COUPLING_ARCHITECTURE_v1/scripts/01_source_audit.py	pd.read_csv(I / 'inputs/TCR_CELL_METADATA_RESPONSE_BLIND.tsv', sep='\t')	UNRESOLVED_EXPRESSION		UNRESOLVED			data/SOURCE_DATA_MANIFEST.tsv	Filename evidence only; variable binding, upstream production, freeze guards and public acquisition contract not fully verified. No data copied.	EXCLUDED_FROM_ACTIVE_RELEASE
IO0611	A046	scripts/current/02_state/sources/PTPN22_AF35_COUPLING_ARCHITECTURE_v1/scripts/01_source_audit.py	np.load(P / '03_processed_data/phase19a_af35_clonotype/GSE235863_AF35_RESPONSE_BLIND_PROJECTION.npz')	UNRESOLVED_EXPRESSION		UNRESOLVED			data/SOURCE_DATA_MANIFEST.tsv	Filename evidence only; variable binding, upstream production, freeze guards and public acquisition contract not fully verified. No data copied.	EXCLUDED_FROM_ACTIVE_RELEASE
IO0612	A046	scripts/current/02_state/sources/PTPN22_AF35_COUPLING_ARCHITECTURE_v1/scripts/01_source_audit.py	pd.read_csv(I / 'inputs/AF35_ORDERED_GENES.tsv', sep='\t')	AF35_RESPONSE_BLIND_PROGRAM_COHERENCE_v1/inputs/AF35_ORDERED_GENES.tsv	94c9fcfc9fb5a7247d594ad4cc6109db3a0ffa2cfcec1e9e1c9795becc8370a4	UNRESOLVED			data/SOURCE_DATA_MANIFEST.tsv	Filename evidence only; variable binding, upstream production, freeze guards and public acquisition contract not fully verified. No data copied.	EXCLUDED_FROM_ACTIVE_RELEASE
IO0613	A046	scripts/current/02_state/sources/PTPN22_AF35_COUPLING_ARCHITECTURE_v1/scripts/01_source_audit.py	pd.read_csv(ROOT / '01_source/R_OBJECT_STRUCTURE_AUDIT.tsv', sep='\t')	UNRESOLVED_EXPRESSION		UNRESOLVED			data/SOURCE_DATA_MANIFEST.tsv	Filename evidence only; variable binding, upstream production, freeze guards and public acquisition contract not fully verified. No data copied.	EXCLUDED_FROM_ACTIVE_RELEASE
IO0623	A047	scripts/current/02_state/sources/PTPN22_AF35_COUPLING_ARCHITECTURE_v1/scripts/05_run_analysis.py	pd.read_csv(ROOT / '01_source/TCR_CELL_METADATA_RESPONSE_BLIND.tsv', sep='\t')	UNRESOLVED_EXPRESSION		UNRESOLVED			data/SOURCE_DATA_MANIFEST.tsv	Filename evidence only; variable binding, upstream production, freeze guards and public acquisition contract not fully verified. No data copied.	EXCLUDED_FROM_ACTIVE_RELEASE
IO0624	A047	scripts/current/02_state/sources/PTPN22_AF35_COUPLING_ARCHITECTURE_v1/scripts/05_run_analysis.py	np.load(P / '03_processed_data/phase19a_af35_clonotype/GSE235863_AF35_RESPONSE_BLIND_PROJECTION.npz')	UNRESOLVED_EXPRESSION		UNRESOLVED			data/SOURCE_DATA_MANIFEST.tsv	Filename evidence only; variable binding, upstream production, freeze guards and public acquisition contract not fully verified. No data copied.	EXCLUDED_FROM_ACTIVE_RELEASE
IO0625	A047	scripts/current/02_state/sources/PTPN22_AF35_COUPLING_ARCHITECTURE_v1/scripts/05_run_analysis.py	pd.read_csv(P / '03_processed_data/phase3/GSE235863_BARCODE_CLONOTYPE_STATE_PTPN22.tsv.gz', sep='\t', usecols=cols)	UNRESOLVED_EXPRESSION		UNRESOLVED			data/SOURCE_DATA_MANIFEST.tsv	Filename evidence only; variable binding, upstream production, freeze guards and public acquisition contract not fully verified. No data copied.	EXCLUDED_FROM_ACTIVE_RELEASE
IO0626	A047	scripts/current/02_state/sources/PTPN22_AF35_COUPLING_ARCHITECTURE_v1/scripts/05_run_analysis.py	pd.read_csv(ROOT / 'data/TECHNICAL_COVARIATES.tsv.gz', sep='\t')	UNRESOLVED_EXPRESSION		UNRESOLVED			data/SOURCE_DATA_MANIFEST.tsv	Filename evidence only; variable binding, upstream production, freeze guards and public acquisition contract not fully verified. No data copied.	EXCLUDED_FROM_ACTIVE_RELEASE
IO0627	A047	scripts/current/02_state/sources/PTPN22_AF35_COUPLING_ARCHITECTURE_v1/scripts/05_run_analysis.py	(ROOT / '02_manifest/FREEZE_LOCK.json').read_text()	UNRESOLVED_EXPRESSION		UNRESOLVED			data/SOURCE_DATA_MANIFEST.tsv	Filename evidence only; variable binding, upstream production, freeze guards and public acquisition contract not fully verified. No data copied.	EXCLUDED_FROM_ACTIVE_RELEASE
IO0628	A047	scripts/current/02_state/sources/PTPN22_AF35_COUPLING_ARCHITECTURE_v1/scripts/05_run_analysis.py	pd.read_csv(ROOT / '01_source/RELEASED_STATE_ORDER.tsv', sep='\t')	UNRESOLVED_EXPRESSION		UNRESOLVED			data/SOURCE_DATA_MANIFEST.tsv	Filename evidence only; variable binding, upstream production, freeze guards and public acquisition contract not fully verified. No data copied.	EXCLUDED_FROM_ACTIVE_RELEASE
IO0646	A049	scripts/current/07_perturbation/sources/PTPN22_AF35_PROGRAM_PERTURBATION_PROJECTION_v1/scripts/04_projection.py	jl(Q / 'SOURCE_GATE_LOCK.json')	UNRESOLVED_EXPRESSION		UNRESOLVED			data/SOURCE_DATA_MANIFEST.tsv	Filename evidence only; variable binding, upstream production, freeze guards and public acquisition contract not fully verified. No data copied.	EXCLUDED_FROM_ACTIVE_RELEASE
IO0647	A049	scripts/current/07_perturbation/sources/PTPN22_AF35_PROGRAM_PERTURBATION_PROJECTION_v1/scripts/04_projection.py	read(OUT / (P + '_PERTURBATION_BACKGROUND_UNIVERSE.tsv'))	UNRESOLVED_EXPRESSION		UNRESOLVED			data/SOURCE_DATA_MANIFEST.tsv	Filename evidence only; variable binding, upstream production, freeze guards and public acquisition contract not fully verified. No data copied.	EXCLUDED_FROM_ACTIVE_RELEASE
IO0648	A049	scripts/current/07_perturbation/sources/PTPN22_AF35_PROGRAM_PERTURBATION_PROJECTION_v1/scripts/04_projection.py	read(A / 'AF35_ORDERED_GENES.tsv')	AF35_RESPONSE_BLIND_PROGRAM_COHERENCE_v1/inputs/AF35_ORDERED_GENES.tsv	94c9fcfc9fb5a7247d594ad4cc6109db3a0ffa2cfcec1e9e1c9795becc8370a4	UNRESOLVED			data/SOURCE_DATA_MANIFEST.tsv	Filename evidence only; variable binding, upstream production, freeze guards and public acquisition contract not fully verified. No data copied.	EXCLUDED_FROM_ACTIVE_RELEASE
IO0649	A049	scripts/current/07_perturbation/sources/PTPN22_AF35_PROGRAM_PERTURBATION_PROJECTION_v1/scripts/04_projection.py	read(OUT / (P + '_PERTURBATION_ORIENTATION_FREEZE.tsv'))	UNRESOLVED_EXPRESSION		UNRESOLVED			data/SOURCE_DATA_MANIFEST.tsv	Filename evidence only; variable binding, upstream production, freeze guards and public acquisition contract not fully verified. No data copied.	EXCLUDED_FROM_ACTIVE_RELEASE
IO0666	A050	scripts/current/07_perturbation/sources/PTPN22_AF35_PROGRAM_PERTURBATION_PROJECTION_v1/scripts/common.py	pd.read_csv(p, sep='\t', float_precision='round_trip', **kw)	UNRESOLVED_EXPRESSION		UNRESOLVED			data/SOURCE_DATA_MANIFEST.tsv	Filename evidence only; variable binding, upstream production, freeze guards and public acquisition contract not fully verified. No data copied.	EXCLUDED_FROM_ACTIVE_RELEASE
IO0667	A050	scripts/current/07_perturbation/sources/PTPN22_AF35_PROGRAM_PERTURBATION_PROJECTION_v1/scripts/common.py	Path(p).read_text(encoding='utf-8')	UNRESOLVED_EXPRESSION		UNRESOLVED			data/SOURCE_DATA_MANIFEST.tsv	Filename evidence only; variable binding, upstream production, freeze guards and public acquisition contract not fully verified. No data copied.	EXCLUDED_FROM_ACTIVE_RELEASE
IO0671	A051	scripts/current/07_perturbation/sources/PTPN22_HUMAN_GENETIC_ACTIVATION_Phase0_v1/scripts/02_build_phase0_audits.py	pd.read_csv(authority / '10_qa/DELIVERABLE_MANIFEST_SHA256.tsv', sep='\t')	UNRESOLVED_EXPRESSION		UNRESOLVED			data/SOURCE_DATA_MANIFEST.tsv	Filename evidence only; variable binding, upstream production, freeze guards and public acquisition contract not fully verified. No data copied.	EXCLUDED_FROM_ACTIVE_RELEASE
IO0672	A051	scripts/current/07_perturbation/sources/PTPN22_HUMAN_GENETIC_ACTIVATION_Phase0_v1/scripts/02_build_phase0_audits.py	pd.read_csv(program_source, sep='\t', keep_default_na=False)	UNRESOLVED_EXPRESSION		UNRESOLVED			data/SOURCE_DATA_MANIFEST.tsv	Filename evidence only; variable binding, upstream production, freeze guards and public acquisition contract not fully verified. No data copied.	EXCLUDED_FROM_ACTIVE_RELEASE
IO0673	A051	scripts/current/07_perturbation/sources/PTPN22_HUMAN_GENETIC_ACTIVATION_Phase0_v1/scripts/02_build_phase0_audits.py	(RAW / 'Chemin_2018_SuppMat_web_extraction.txt').read_text(encoding='utf-8')	UNRESOLVED_EXPRESSION		UNRESOLVED			data/SOURCE_DATA_MANIFEST.tsv	Filename evidence only; variable binding, upstream production, freeze guards and public acquisition contract not fully verified. No data copied.	EXCLUDED_FROM_ACTIVE_RELEASE
IO0674	A051	scripts/current/07_perturbation/sources/PTPN22_HUMAN_GENETIC_ACTIVATION_Phase0_v1/scripts/02_build_phase0_audits.py	pd.read_csv(ROOT / '01_source/GEO_METADATA_PARSED.tsv', sep='\t', keep_default_na=False)	UNRESOLVED_EXPRESSION		UNRESOLVED			data/SOURCE_DATA_MANIFEST.tsv	Filename evidence only; variable binding, upstream production, freeze guards and public acquisition contract not fully verified. No data copied.	EXCLUDED_FROM_ACTIVE_RELEASE
IO0675	A051	scripts/current/07_perturbation/sources/PTPN22_HUMAN_GENETIC_ACTIVATION_Phase0_v1/scripts/02_build_phase0_audits.py	pd.read_excel(matrix_path, engine='openpyxl')	UNRESOLVED_EXPRESSION		UNRESOLVED			data/SOURCE_DATA_MANIFEST.tsv	Filename evidence only; variable binding, upstream production, freeze guards and public acquisition contract not fully verified. No data copied.	EXCLUDED_FROM_ACTIVE_RELEASE
IO0676	A051	scripts/current/07_perturbation/sources/PTPN22_HUMAN_GENETIC_ACTIVATION_Phase0_v1/scripts/02_build_phase0_audits.py	pd.read_csv(RAW / 'SRP099568_ENA_run_metadata.tsv', sep='\t', keep_default_na=False)	UNRESOLVED_EXPRESSION		UNRESOLVED			data/SOURCE_DATA_MANIFEST.tsv	Filename evidence only; variable binding, upstream production, freeze guards and public acquisition contract not fully verified. No data copied.	EXCLUDED_FROM_ACTIVE_RELEASE
IO0677	A051	scripts/current/07_perturbation/sources/PTPN22_HUMAN_GENETIC_ACTIVATION_Phase0_v1/scripts/02_build_phase0_audits.py	gzip.open(RAW / 'GSE94859_series_matrix.txt.gz', 'rt').read()	UNRESOLVED_EXPRESSION		UNRESOLVED			data/SOURCE_DATA_MANIFEST.tsv	Filename evidence only; variable binding, upstream production, freeze guards and public acquisition contract not fully verified. No data copied.	EXCLUDED_FROM_ACTIVE_RELEASE
IO0678	A051	scripts/current/07_perturbation/sources/PTPN22_HUMAN_GENETIC_ACTIVATION_Phase0_v1/scripts/02_build_phase0_audits.py	(RAW / 'rs2476601_RefSNP.json').read_text()	UNRESOLVED_EXPRESSION		UNRESOLVED			data/SOURCE_DATA_MANIFEST.tsv	Filename evidence only; variable binding, upstream production, freeze guards and public acquisition contract not fully verified. No data copied.	EXCLUDED_FROM_ACTIVE_RELEASE
IO0679	A051	scripts/current/07_perturbation/sources/PTPN22_HUMAN_GENETIC_ACTIVATION_Phase0_v1/scripts/02_build_phase0_audits.py	p.read_bytes()	UNRESOLVED_EXPRESSION		UNRESOLVED			data/SOURCE_DATA_MANIFEST.tsv	Filename evidence only; variable binding, upstream production, freeze guards and public acquisition contract not fully verified. No data copied.	EXCLUDED_FROM_ACTIVE_RELEASE
IO0697	A052	scripts/current/07_perturbation/sources/PTPN22_HUMAN_GENETIC_ACTIVATION_Phase1_v1/scripts/02_execute_fixed_analysis.py	pd.read_excel(matrix_path, engine='openpyxl')	UNRESOLVED_EXPRESSION		UNRESOLVED			data/SOURCE_DATA_MANIFEST.tsv	Filename evidence only; variable binding, upstream production, freeze guards and public acquisition contract not fully verified. No data copied.	EXCLUDED_FROM_ACTIVE_RELEASE
IO0698	A052	scripts/current/07_perturbation/sources/PTPN22_HUMAN_GENETIC_ACTIVATION_Phase1_v1/scripts/02_execute_fixed_analysis.py	pd.read_csv(I / 'GSE94859_SAMPLE_PAIRING_LEDGER.tsv', sep='\t', keep_default_na=False)	UNRESOLVED_EXPRESSION		UNRESOLVED			data/SOURCE_DATA_MANIFEST.tsv	Filename evidence only; variable binding, upstream production, freeze guards and public acquisition contract not fully verified. No data copied.	EXCLUDED_FROM_ACTIVE_RELEASE
IO0699	A052	scripts/current/07_perturbation/sources/PTPN22_HUMAN_GENETIC_ACTIVATION_Phase1_v1/scripts/02_execute_fixed_analysis.py	pd.read_csv(I / 'GSE94859_GENOTYPE_MAPPING.tsv', sep='\t')	UNRESOLVED_EXPRESSION		UNRESOLVED			data/SOURCE_DATA_MANIFEST.tsv	Filename evidence only; variable binding, upstream production, freeze guards and public acquisition contract not fully verified. No data copied.	EXCLUDED_FROM_ACTIVE_RELEASE
IO0700	A052	scripts/current/07_perturbation/sources/PTPN22_HUMAN_GENETIC_ACTIVATION_Phase1_v1/scripts/02_execute_fixed_analysis.py	pd.read_csv(I / 'PTPN22_MECHANISM_PROGRAMS_FROZEN.tsv', sep='\t')	UNRESOLVED_EXPRESSION		UNRESOLVED			data/SOURCE_DATA_MANIFEST.tsv	Filename evidence only; variable binding, upstream production, freeze guards and public acquisition contract not fully verified. No data copied.	EXCLUDED_FROM_ACTIVE_RELEASE
IO0701	A052	scripts/current/07_perturbation/sources/PTPN22_HUMAN_GENETIC_ACTIVATION_Phase1_v1/scripts/02_execute_fixed_analysis.py	(ROOT / '01_manifest/METHODS_LOCK.json').read_text()	UNRESOLVED_EXPRESSION		UNRESOLVED			data/SOURCE_DATA_MANIFEST.tsv	Filename evidence only; variable binding, upstream production, freeze guards and public acquisition contract not fully verified. No data copied.	EXCLUDED_FROM_ACTIVE_RELEASE
IO0702	A052	scripts/current/07_perturbation/sources/PTPN22_HUMAN_GENETIC_ACTIVATION_Phase1_v1/scripts/02_execute_fixed_analysis.py	pd.read_csv(ROOT / '01_manifest/PRE_ANALYSIS_LOCK_SHA256.tsv', sep='\t')	UNRESOLVED_EXPRESSION		UNRESOLVED			data/SOURCE_DATA_MANIFEST.tsv	Filename evidence only; variable binding, upstream production, freeze guards and public acquisition contract not fully verified. No data copied.	EXCLUDED_FROM_ACTIVE_RELEASE
IO0703	A052	scripts/current/07_perturbation/sources/PTPN22_HUMAN_GENETIC_ACTIVATION_Phase1_v1/scripts/02_execute_fixed_analysis.py	pd.read_csv(ROOT / '01_manifest/INPUT_SHA256.tsv', sep='\t')	UNRESOLVED_EXPRESSION		UNRESOLVED			data/SOURCE_DATA_MANIFEST.tsv	Filename evidence only; variable binding, upstream production, freeze guards and public acquisition contract not fully verified. No data copied.	EXCLUDED_FROM_ACTIVE_RELEASE
IO0704	A052	scripts/current/07_perturbation/sources/PTPN22_HUMAN_GENETIC_ACTIVATION_Phase1_v1/scripts/02_execute_fixed_analysis.py	p.read_bytes()	UNRESOLVED_EXPRESSION		UNRESOLVED			data/SOURCE_DATA_MANIFEST.tsv	Filename evidence only; variable binding, upstream production, freeze guards and public acquisition contract not fully verified. No data copied.	EXCLUDED_FROM_ACTIVE_RELEASE
IO0735	A053	scripts/current/07_perturbation/sources/PTPN22_HUMAN_GENETIC_ACTIVATION_Phase1_v1/scripts/03_independent_numeric_qa.py	pd.read_excel(I / 'GSE94859_RPKMs.xlsx', engine='openpyxl')	UNRESOLVED_EXPRESSION		UNRESOLVED			data/SOURCE_DATA_MANIFEST.tsv	Filename evidence only; variable binding, upstream production, freeze guards and public acquisition contract not fully verified. No data copied.	EXCLUDED_FROM_ACTIVE_RELEASE
IO0736	A053	scripts/current/07_perturbation/sources/PTPN22_HUMAN_GENETIC_ACTIVATION_Phase1_v1/scripts/03_independent_numeric_qa.py	pd.read_csv(I / 'PTPN22_MECHANISM_PROGRAMS_FROZEN.tsv', sep='\t')	UNRESOLVED_EXPRESSION		UNRESOLVED			data/SOURCE_DATA_MANIFEST.tsv	Filename evidence only; variable binding, upstream production, freeze guards and public acquisition contract not fully verified. No data copied.	EXCLUDED_FROM_ACTIVE_RELEASE
IO0737	A053	scripts/current/07_perturbation/sources/PTPN22_HUMAN_GENETIC_ACTIVATION_Phase1_v1/scripts/03_independent_numeric_qa.py	pd.read_csv(ROOT / '03_primary/GSE94859_AF35_ACTIVATION_DELTA.tsv', sep='\t')	UNRESOLVED_EXPRESSION		UNRESOLVED			data/SOURCE_DATA_MANIFEST.tsv	Filename evidence only; variable binding, upstream production, freeze guards and public acquisition contract not fully verified. No data copied.	EXCLUDED_FROM_ACTIVE_RELEASE
IO0738	A053	scripts/current/07_perturbation/sources/PTPN22_HUMAN_GENETIC_ACTIVATION_Phase1_v1/scripts/03_independent_numeric_qa.py	pd.read_csv(ROOT / '04_secondary/GSE94859_PROGRAM_GENOTYPE_INTERACTION.tsv', sep='\t')	UNRESOLVED_EXPRESSION		UNRESOLVED			data/SOURCE_DATA_MANIFEST.tsv	Filename evidence only; variable binding, upstream production, freeze guards and public acquisition contract not fully verified. No data copied.	EXCLUDED_FROM_ACTIVE_RELEASE
IO0739	A053	scripts/current/07_perturbation/sources/PTPN22_HUMAN_GENETIC_ACTIVATION_Phase1_v1/scripts/03_independent_numeric_qa.py	pd.read_csv(ROOT / '08_qa/AF35_BOOTSTRAP_DISTRIBUTION.tsv', sep='\t')	UNRESOLVED_EXPRESSION		UNRESOLVED			data/SOURCE_DATA_MANIFEST.tsv	Filename evidence only; variable binding, upstream production, freeze guards and public acquisition contract not fully verified. No data copied.	EXCLUDED_FROM_ACTIVE_RELEASE
IO0740	A053	scripts/current/07_perturbation/sources/PTPN22_HUMAN_GENETIC_ACTIVATION_Phase1_v1/scripts/03_independent_numeric_qa.py	pd.read_csv(ROOT / '05_robustness/GSE94859_AF35_LODO.tsv', sep='\t')	UNRESOLVED_EXPRESSION		UNRESOLVED			data/SOURCE_DATA_MANIFEST.tsv	Filename evidence only; variable binding, upstream production, freeze guards and public acquisition contract not fully verified. No data copied.	EXCLUDED_FROM_ACTIVE_RELEASE
IO0741	A053	scripts/current/07_perturbation/sources/PTPN22_HUMAN_GENETIC_ACTIVATION_Phase1_v1/scripts/03_independent_numeric_qa.py	pd.read_csv(ROOT / '05_robustness/GSE94859_AF35_COVARIATE_SENSITIVITY.tsv', sep='\t')	UNRESOLVED_EXPRESSION		UNRESOLVED			data/SOURCE_DATA_MANIFEST.tsv	Filename evidence only; variable binding, upstream production, freeze guards and public acquisition contract not fully verified. No data copied.	EXCLUDED_FROM_ACTIVE_RELEASE
IO0742	A053	scripts/current/07_perturbation/sources/PTPN22_HUMAN_GENETIC_ACTIVATION_Phase1_v1/scripts/03_independent_numeric_qa.py	pd.read_csv(ROOT / '03_primary/GSE94859_AF35_GENOTYPE_INTERACTION.tsv', sep='\t')	PTPN22_HUMAN_GENETIC_ACTIVATION_Phase1_v1/03_primary/GSE94859_AF35_GENOTYPE_INTERACTION.tsv	482e02e4822cf53b85acaee71eef94bade01bb01962f6ce5a6294c8a6739ccdc	UNRESOLVED			data/SOURCE_DATA_MANIFEST.tsv	Filename evidence only; variable binding, upstream production, freeze guards and public acquisition contract not fully verified. No data copied.	EXCLUDED_FROM_ACTIVE_RELEASE
IO0743	A053	scripts/current/07_perturbation/sources/PTPN22_HUMAN_GENETIC_ACTIVATION_Phase1_v1/scripts/03_independent_numeric_qa.py	pd.read_csv(I / 'GSE94859_SAMPLE_PAIRING_LEDGER.tsv', sep='\t')	UNRESOLVED_EXPRESSION		UNRESOLVED			data/SOURCE_DATA_MANIFEST.tsv	Filename evidence only; variable binding, upstream production, freeze guards and public acquisition contract not fully verified. No data copied.	EXCLUDED_FROM_ACTIVE_RELEASE
IO0744	A053	scripts/current/07_perturbation/sources/PTPN22_HUMAN_GENETIC_ACTIVATION_Phase1_v1/scripts/03_independent_numeric_qa.py	pd.read_csv(ROOT / '02_scores/FROZEN_SCORES_BEFORE_GENOTYPE_JOIN.tsv', sep='\t')	UNRESOLVED_EXPRESSION		UNRESOLVED			data/SOURCE_DATA_MANIFEST.tsv	Filename evidence only; variable binding, upstream production, freeze guards and public acquisition contract not fully verified. No data copied.	EXCLUDED_FROM_ACTIVE_RELEASE
IO0746	A054	scripts/current/02_state/sources/PTPN22_STATE_AXIS_SPECIFICITY_v1/scripts/00_reuse_sources.py	pd.read_csv(OLD / '09_qa/DELIVERABLE_MANIFEST_SHA256.tsv', sep='\t')	UNRESOLVED_EXPRESSION		UNRESOLVED			data/SOURCE_DATA_MANIFEST.tsv	Filename evidence only; variable binding, upstream production, freeze guards and public acquisition contract not fully verified. No data copied.	EXCLUDED_FROM_ACTIVE_RELEASE
IO0747	A054	scripts/current/02_state/sources/PTPN22_STATE_AXIS_SPECIFICITY_v1/scripts/00_reuse_sources.py	pd.read_csv(OLD / '01_source/RELEASED_STATE_ORDER.tsv', sep='\t')	UNRESOLVED_EXPRESSION		UNRESOLVED			data/SOURCE_DATA_MANIFEST.tsv	Filename evidence only; variable binding, upstream production, freeze guards and public acquisition contract not fully verified. No data copied.	EXCLUDED_FROM_ACTIVE_RELEASE
IO0748	A054	scripts/current/02_state/sources/PTPN22_STATE_AXIS_SPECIFICITY_v1/scripts/00_reuse_sources.py	pd.read_csv(ROOT / 'data/ANALYSIS_INPUT_RESPONSE_BLIND.tsv.gz', sep='\t')	UNRESOLVED_EXPRESSION		UNRESOLVED			data/SOURCE_DATA_MANIFEST.tsv	Filename evidence only; variable binding, upstream production, freeze guards and public acquisition contract not fully verified. No data copied.	EXCLUDED_FROM_ACTIVE_RELEASE
IO0749	A054	scripts/current/02_state/sources/PTPN22_STATE_AXIS_SPECIFICITY_v1/scripts/00_reuse_sources.py	pd.read_csv(p, sep='\t')	UNRESOLVED_EXPRESSION		UNRESOLVED			data/SOURCE_DATA_MANIFEST.tsv	Filename evidence only; variable binding, upstream production, freeze guards and public acquisition contract not fully verified. No data copied.	EXCLUDED_FROM_ACTIVE_RELEASE
IO0750	A054	scripts/current/02_state/sources/PTPN22_STATE_AXIS_SPECIFICITY_v1/scripts/00_reuse_sources.py	p.read_text(encoding='utf-8')	UNRESOLVED_EXPRESSION		UNRESOLVED			data/SOURCE_DATA_MANIFEST.tsv	Filename evidence only; variable binding, upstream production, freeze guards and public acquisition contract not fully verified. No data copied.	EXCLUDED_FROM_ACTIVE_RELEASE
IO0757	A055	scripts/current/02_state/sources/PTPN22_STATE_AXIS_SPECIFICITY_v1/scripts/02_analyze.py	read(ROOT / 'data/ANALYSIS_INPUT_RESPONSE_BLIND.tsv.gz')	UNRESOLVED_EXPRESSION		UNRESOLVED			data/SOURCE_DATA_MANIFEST.tsv	Filename evidence only; variable binding, upstream production, freeze guards and public acquisition contract not fully verified. No data copied.	EXCLUDED_FROM_ACTIVE_RELEASE
IO0758	A055	scripts/current/02_state/sources/PTPN22_STATE_AXIS_SPECIFICITY_v1/scripts/02_analyze.py	read(ROOT / '03_lineage/PTPN22_STATE_LINEAGE_MAP.tsv')	PTPN22_STATE_AXIS_SPECIFICITY_v1/03_lineage/PTPN22_STATE_LINEAGE_MAP.tsv	0465a8e21a94ecb5091ef10930fe42285f6de16e24e3ab6f237b0e32b71b5016	UNRESOLVED			data/SOURCE_DATA_MANIFEST.tsv	Filename evidence only; variable binding, upstream production, freeze guards and public acquisition contract not fully verified. No data copied.	EXCLUDED_FROM_ACTIVE_RELEASE
IO0759	A055	scripts/current/02_state/sources/PTPN22_STATE_AXIS_SPECIFICITY_v1/scripts/02_analyze.py	pd.read_csv(p, sep='\t')	UNRESOLVED_EXPRESSION		UNRESOLVED			data/SOURCE_DATA_MANIFEST.tsv	Filename evidence only; variable binding, upstream production, freeze guards and public acquisition contract not fully verified. No data copied.	EXCLUDED_FROM_ACTIVE_RELEASE
IO0760	A055	scripts/current/02_state/sources/PTPN22_STATE_AXIS_SPECIFICITY_v1/scripts/02_analyze.py	(ROOT / '02_manifest/FREEZE_LOCK.json').read_text()	UNRESOLVED_EXPRESSION		UNRESOLVED			data/SOURCE_DATA_MANIFEST.tsv	Filename evidence only; variable binding, upstream production, freeze guards and public acquisition contract not fully verified. No data copied.	EXCLUDED_FROM_ACTIVE_RELEASE
IO0761	A055	scripts/current/02_state/sources/PTPN22_STATE_AXIS_SPECIFICITY_v1/scripts/02_analyze.py	read(OLD / '03_primary/PTPN22_AF35_PATIENT_COUPLING_DECOMPOSITION.tsv')	PTPN22_AF35_COUPLING_ARCHITECTURE_v1/03_primary/PTPN22_AF35_PATIENT_COUPLING_DECOMPOSITION.tsv	9304e6c0e09e82113aec38e501cd673fbbbf0c7859fab6b44e82eea8ebeee620	UNRESOLVED			data/SOURCE_DATA_MANIFEST.tsv	Filename evidence only; variable binding, upstream production, freeze guards and public acquisition contract not fully verified. No data copied.	EXCLUDED_FROM_ACTIVE_RELEASE
IO0762	A055	scripts/current/02_state/sources/PTPN22_STATE_AXIS_SPECIFICITY_v1/scripts/02_analyze.py	(ROOT / p).read_bytes()	UNRESOLVED_EXPRESSION		UNRESOLVED			data/SOURCE_DATA_MANIFEST.tsv	Filename evidence only; variable binding, upstream production, freeze guards and public acquisition contract not fully verified. No data copied.	EXCLUDED_FROM_ACTIVE_RELEASE
IO0780	A057	scripts/current/05_spatial/sources/WU_AF35_DC_CD8_SPATIAL_TOPOLOGY_v1/scripts/00_feasibility_freeze.py	read(C / 'COMPLETE_SHA256_MANIFEST.tsv')	UNRESOLVED_EXPRESSION		UNRESOLVED			data/SOURCE_DATA_MANIFEST.tsv	Filename evidence only; variable binding, upstream production, freeze guards and public acquisition contract not fully verified. No data copied.	EXCLUDED_FROM_ACTIVE_RELEASE
IO0781	A057	scripts/current/05_spatial/sources/WU_AF35_DC_CD8_SPATIAL_TOPOLOGY_v1/scripts/00_feasibility_freeze.py	read(C / 'eligible_manifests/WU_ELIGIBLE_MAPPED_CELL_MEMBERSHIP.tsv.gz')	UNRESOLVED_EXPRESSION		UNRESOLVED			data/SOURCE_DATA_MANIFEST.tsv	Filename evidence only; variable binding, upstream production, freeze guards and public acquisition contract not fully verified. No data copied.	EXCLUDED_FROM_ACTIVE_RELEASE
IO0782	A057	scripts/current/05_spatial/sources/WU_AF35_DC_CD8_SPATIAL_TOPOLOGY_v1/scripts/00_feasibility_freeze.py	read(C / 'eligible_manifests/WU_ELIGIBLE_REGION_SPOTS.tsv')	UNRESOLVED_EXPRESSION		UNRESOLVED			data/SOURCE_DATA_MANIFEST.tsv	Filename evidence only; variable binding, upstream production, freeze guards and public acquisition contract not fully verified. No data copied.	EXCLUDED_FROM_ACTIVE_RELEASE
IO0783	A057	scripts/current/05_spatial/sources/WU_AF35_DC_CD8_SPATIAL_TOPOLOGY_v1/scripts/00_feasibility_freeze.py	read(C / 'eligible_manifests/WU_ELIGIBLE_REGIONS.tsv')	UNRESOLVED_EXPRESSION		UNRESOLVED			data/SOURCE_DATA_MANIFEST.tsv	Filename evidence only; variable binding, upstream production, freeze guards and public acquisition contract not fully verified. No data copied.	EXCLUDED_FROM_ACTIVE_RELEASE
IO0784	A057	scripts/current/05_spatial/sources/WU_AF35_DC_CD8_SPATIAL_TOPOLOGY_v1/scripts/00_feasibility_freeze.py	(C / 'QA/PROTECTED_INPUT_BASELINE.json').read_text(encoding='utf-8')	UNRESOLVED_EXPRESSION		UNRESOLVED			data/SOURCE_DATA_MANIFEST.tsv	Filename evidence only; variable binding, upstream production, freeze guards and public acquisition contract not fully verified. No data copied.	EXCLUDED_FROM_ACTIVE_RELEASE
IO0794	A058	scripts/current/05_spatial/sources/WU_AF35_DC_CD8_SPATIAL_TOPOLOGY_v1/scripts/01_topology.py	read(OUT / 'data/FROZEN_DC_CD8_HIGH_LOW_CELLS.tsv.gz')	UNRESOLVED_EXPRESSION		UNRESOLVED			data/SOURCE_DATA_MANIFEST.tsv	Filename evidence only; variable binding, upstream production, freeze guards and public acquisition contract not fully verified. No data copied.	EXCLUDED_FROM_ACTIVE_RELEASE
IO0795	A058	scripts/current/05_spatial/sources/WU_AF35_DC_CD8_SPATIAL_TOPOLOGY_v1/scripts/01_topology.py	read(OUT / 'WU_AF35_DC_CD8_TOPOLOGY_ELIGIBILITY.tsv')	WU_AF35_DC_CD8_SPATIAL_TOPOLOGY_v1/WU_AF35_DC_CD8_TOPOLOGY_ELIGIBILITY.tsv	5ec59674ee2ab03073be5f42bbf0ea1cd1af385aab323c7ae5b4dddf8522011a	UNRESOLVED			data/SOURCE_DATA_MANIFEST.tsv	Filename evidence only; variable binding, upstream production, freeze guards and public acquisition contract not fully verified. No data copied.	EXCLUDED_FROM_ACTIVE_RELEASE
IO0796	A058	scripts/current/05_spatial/sources/WU_AF35_DC_CD8_SPATIAL_TOPOLOGY_v1/scripts/01_topology.py	(OUT / 'QA/OUTCOME_START.json').read_text()	UNRESOLVED_EXPRESSION		UNRESOLVED			data/SOURCE_DATA_MANIFEST.tsv	Filename evidence only; variable binding, upstream production, freeze guards and public acquisition contract not fully verified. No data copied.	EXCLUDED_FROM_ACTIVE_RELEASE
IO0812	A059	scripts/current/05_spatial/sources/WU_AF35_DC_CD8_SPATIAL_TOPOLOGY_v1/scripts/common.py	pd.read_csv(p, sep='\t', dtype={'patient_id': str, 'cell_id': str, 'region_id': str, 'spot_id': str})	UNRESOLVED_EXPRESSION		UNRESOLVED			data/SOURCE_DATA_MANIFEST.tsv	Filename evidence only; variable binding, upstream production, freeze guards and public acquisition contract not fully verified. No data copied.	EXCLUDED_FROM_ACTIVE_RELEASE
IO0813	A059	scripts/current/05_spatial/sources/WU_AF35_DC_CD8_SPATIAL_TOPOLOGY_v1/scripts/common.py	(OUT / 'WU_AF35_DC_CD8_TOPOLOGY_FREEZE_LOCK.json').read_text(encoding='utf-8')	UNRESOLVED_EXPRESSION		UNRESOLVED			data/SOURCE_DATA_MANIFEST.tsv	Filename evidence only; variable binding, upstream production, freeze guards and public acquisition contract not fully verified. No data copied.	EXCLUDED_FROM_ACTIVE_RELEASE
IO0814	A059	scripts/current/05_spatial/sources/WU_AF35_DC_CD8_SPATIAL_TOPOLOGY_v1/scripts/common.py	f.read(2 ** 20)	UNRESOLVED_EXPRESSION		UNRESOLVED			data/SOURCE_DATA_MANIFEST.tsv	Filename evidence only; variable binding, upstream production, freeze guards and public acquisition contract not fully verified. No data copied.	EXCLUDED_FROM_ACTIVE_RELEASE
INCLUDED_S02_01	PUBLIC_TABLE_PACKAGE	scripts/utilities/verify_release.py	derived_data/publication_source_tables/S02_01.tsv	derived_data/publication_source_tables/S02_01.tsv	23f270764398e386333e48fa1c13d00a5847b2758a8eb67a5d23a21fa2b8f482	REDISTRIBUTABLE_DERIVED	derived_data/publication_source_tables/S02_01.tsv		derived_data/manifests/SOURCE_TABLE_BINDINGS.tsv	Exact aggregate publication table retained byte-for-byte from rc1. This classification does not establish its upstream computational closure.	INCLUDED_INTEGRITY_VERIFIABLE
INCLUDED_S02_02	PUBLIC_TABLE_PACKAGE	scripts/utilities/verify_release.py	derived_data/publication_source_tables/S02_02.tsv	derived_data/publication_source_tables/S02_02.tsv	d49d75abcfe4f767ee9bfa41662ab4c5c215ea44361bef383fccfcfdc29e9665	REDISTRIBUTABLE_DERIVED	derived_data/publication_source_tables/S02_02.tsv		derived_data/manifests/SOURCE_TABLE_BINDINGS.tsv	Exact aggregate publication table retained byte-for-byte from rc1. This classification does not establish its upstream computational closure.	INCLUDED_INTEGRITY_VERIFIABLE
INCLUDED_S03_04	PUBLIC_TABLE_PACKAGE	scripts/utilities/verify_release.py	derived_data/publication_source_tables/S03_04.tsv	derived_data/publication_source_tables/S03_04.tsv	9e98004533cc0e15b33ee3dae27bb8012a9ec6e497c0117f1a027ff10fc31bc1	REDISTRIBUTABLE_DERIVED	derived_data/publication_source_tables/S03_04.tsv		derived_data/manifests/SOURCE_TABLE_BINDINGS.tsv	Exact aggregate publication table retained byte-for-byte from rc1. This classification does not establish its upstream computational closure.	INCLUDED_INTEGRITY_VERIFIABLE
INCLUDED_S04_01	PUBLIC_TABLE_PACKAGE	scripts/utilities/verify_release.py	derived_data/publication_source_tables/S04_01.tsv	derived_data/publication_source_tables/S04_01.tsv	a13bfceda3810336264e00d65c9de6293da5278dc2da66b4acd0209fcf3e5f1c	REDISTRIBUTABLE_DERIVED	derived_data/publication_source_tables/S04_01.tsv		derived_data/manifests/SOURCE_TABLE_BINDINGS.tsv	Exact aggregate publication table retained byte-for-byte from rc1. This classification does not establish its upstream computational closure.	INCLUDED_INTEGRITY_VERIFIABLE
INCLUDED_S04_02	PUBLIC_TABLE_PACKAGE	scripts/utilities/verify_release.py	derived_data/publication_source_tables/S04_02.tsv	derived_data/publication_source_tables/S04_02.tsv	88948509703a0411c09cea6fb649c647c4f984058ac2080c36118b1b9f499c0c	REDISTRIBUTABLE_DERIVED	derived_data/publication_source_tables/S04_02.tsv		derived_data/manifests/SOURCE_TABLE_BINDINGS.tsv	Exact aggregate publication table retained byte-for-byte from rc1. This classification does not establish its upstream computational closure.	INCLUDED_INTEGRITY_VERIFIABLE
INCLUDED_S04_03	PUBLIC_TABLE_PACKAGE	scripts/utilities/verify_release.py	derived_data/publication_source_tables/S04_03.tsv	derived_data/publication_source_tables/S04_03.tsv	88948509703a0411c09cea6fb649c647c4f984058ac2080c36118b1b9f499c0c	REDISTRIBUTABLE_DERIVED	derived_data/publication_source_tables/S04_03.tsv		derived_data/manifests/SOURCE_TABLE_BINDINGS.tsv	Exact aggregate publication table retained byte-for-byte from rc1. This classification does not establish its upstream computational closure.	INCLUDED_INTEGRITY_VERIFIABLE
INCLUDED_S04_04	PUBLIC_TABLE_PACKAGE	scripts/utilities/verify_release.py	derived_data/publication_source_tables/S04_04.tsv	derived_data/publication_source_tables/S04_04.tsv	7d676631ace7cdb5cb41aecabce322fb9ec379a08977d1b47609dd02d01f28fe	REDISTRIBUTABLE_DERIVED	derived_data/publication_source_tables/S04_04.tsv		derived_data/manifests/SOURCE_TABLE_BINDINGS.tsv	Exact aggregate publication table retained byte-for-byte from rc1. This classification does not establish its upstream computational closure.	INCLUDED_INTEGRITY_VERIFIABLE
INCLUDED_S04_05	PUBLIC_TABLE_PACKAGE	scripts/utilities/verify_release.py	derived_data/publication_source_tables/S04_05.tsv	derived_data/publication_source_tables/S04_05.tsv	0bacb255224420a2b67526706ba5d97e479c5d203069adb851fd7ddf1d3782b7	REDISTRIBUTABLE_DERIVED	derived_data/publication_source_tables/S04_05.tsv		derived_data/manifests/SOURCE_TABLE_BINDINGS.tsv	Exact aggregate publication table retained byte-for-byte from rc1. This classification does not establish its upstream computational closure.	INCLUDED_INTEGRITY_VERIFIABLE
INCLUDED_S05_01	PUBLIC_TABLE_PACKAGE	scripts/utilities/verify_release.py	derived_data/publication_source_tables/S05_01.tsv	derived_data/publication_source_tables/S05_01.tsv	3d9f69e9eb478e7d45f8d77705454f3f2ab845b64b7db40b172f571dcf7fe2ba	REDISTRIBUTABLE_DERIVED	derived_data/publication_source_tables/S05_01.tsv		derived_data/manifests/SOURCE_TABLE_BINDINGS.tsv	Exact aggregate publication table retained byte-for-byte from rc1. This classification does not establish its upstream computational closure.	INCLUDED_INTEGRITY_VERIFIABLE
INCLUDED_S05_02	PUBLIC_TABLE_PACKAGE	scripts/utilities/verify_release.py	derived_data/publication_source_tables/S05_02.tsv	derived_data/publication_source_tables/S05_02.tsv	1de87511d871048adf22c5a51d8ccae7a127966270d8fee9bcb02836ff496f04	REDISTRIBUTABLE_DERIVED	derived_data/publication_source_tables/S05_02.tsv		derived_data/manifests/SOURCE_TABLE_BINDINGS.tsv	Exact aggregate publication table retained byte-for-byte from rc1. This classification does not establish its upstream computational closure.	INCLUDED_INTEGRITY_VERIFIABLE
INCLUDED_S05_03	PUBLIC_TABLE_PACKAGE	scripts/utilities/verify_release.py	derived_data/publication_source_tables/S05_03.tsv	derived_data/publication_source_tables/S05_03.tsv	df732e05ed546703ef90a70c13a27143d1668978572f912ab2934f340a6f4efe	REDISTRIBUTABLE_DERIVED	derived_data/publication_source_tables/S05_03.tsv		derived_data/manifests/SOURCE_TABLE_BINDINGS.tsv	Exact aggregate publication table retained byte-for-byte from rc1. This classification does not establish its upstream computational closure.	INCLUDED_INTEGRITY_VERIFIABLE
INCLUDED_S05_07	PUBLIC_TABLE_PACKAGE	scripts/utilities/verify_release.py	derived_data/publication_source_tables/S05_07.tsv	derived_data/publication_source_tables/S05_07.tsv	280cdb57b09e90402e079da5419f68afd023660948d3e8c9a7d1f0ce31a735d7	REDISTRIBUTABLE_DERIVED	derived_data/publication_source_tables/S05_07.tsv		derived_data/manifests/SOURCE_TABLE_BINDINGS.tsv	Exact aggregate publication table retained byte-for-byte from rc1. This classification does not establish its upstream computational closure.	INCLUDED_INTEGRITY_VERIFIABLE
INCLUDED_S05_11	PUBLIC_TABLE_PACKAGE	scripts/utilities/verify_release.py	derived_data/publication_source_tables/S05_11.tsv	derived_data/publication_source_tables/S05_11.tsv	d715805c4e44f396b043a9ae4358bcf09abba760718151e5e73dd018627454b4	REDISTRIBUTABLE_DERIVED	derived_data/publication_source_tables/S05_11.tsv		derived_data/manifests/SOURCE_TABLE_BINDINGS.tsv	Exact aggregate publication table retained byte-for-byte from rc1. This classification does not establish its upstream computational closure.	INCLUDED_INTEGRITY_VERIFIABLE
INCLUDED_S05_13	PUBLIC_TABLE_PACKAGE	scripts/utilities/verify_release.py	derived_data/publication_source_tables/S05_13.tsv	derived_data/publication_source_tables/S05_13.tsv	111f8f2bf943357b24e276a33bf455a3c684b61f7ee195d2b411801ecbb6af1e	REDISTRIBUTABLE_DERIVED	derived_data/publication_source_tables/S05_13.tsv		derived_data/manifests/SOURCE_TABLE_BINDINGS.tsv	Exact aggregate publication table retained byte-for-byte from rc1. This classification does not establish its upstream computational closure.	INCLUDED_INTEGRITY_VERIFIABLE
INCLUDED_S05_15	PUBLIC_TABLE_PACKAGE	scripts/utilities/verify_release.py	derived_data/publication_source_tables/S05_15.tsv	derived_data/publication_source_tables/S05_15.tsv	70f0aacf270f8e1f751fc236981e8e629483a2b339ad6075cb92fd5b0c11e7c7	REDISTRIBUTABLE_DERIVED	derived_data/publication_source_tables/S05_15.tsv		derived_data/manifests/SOURCE_TABLE_BINDINGS.tsv	Exact aggregate publication table retained byte-for-byte from rc1. This classification does not establish its upstream computational closure.	INCLUDED_INTEGRITY_VERIFIABLE
INCLUDED_S06_01	PUBLIC_TABLE_PACKAGE	scripts/utilities/verify_release.py	derived_data/publication_source_tables/S06_01.tsv	derived_data/publication_source_tables/S06_01.tsv	c21800a66b784d2841e31bf5f84e4f7072f6319f7e4f6b4445091a448043a441	REDISTRIBUTABLE_DERIVED	derived_data/publication_source_tables/S06_01.tsv		derived_data/manifests/SOURCE_TABLE_BINDINGS.tsv	Exact aggregate publication table retained byte-for-byte from rc1. This classification does not establish its upstream computational closure.	INCLUDED_INTEGRITY_VERIFIABLE
INCLUDED_S06_02	PUBLIC_TABLE_PACKAGE	scripts/utilities/verify_release.py	derived_data/publication_source_tables/S06_02.tsv	derived_data/publication_source_tables/S06_02.tsv	1e0714ee7a88ef9eecd64db88650ddc77b215b211eefec527c263cdaca8d2087	REDISTRIBUTABLE_DERIVED	derived_data/publication_source_tables/S06_02.tsv		derived_data/manifests/SOURCE_TABLE_BINDINGS.tsv	Exact aggregate publication table retained byte-for-byte from rc1. This classification does not establish its upstream computational closure.	INCLUDED_INTEGRITY_VERIFIABLE
INCLUDED_S06_03	PUBLIC_TABLE_PACKAGE	scripts/utilities/verify_release.py	derived_data/publication_source_tables/S06_03.tsv	derived_data/publication_source_tables/S06_03.tsv	501a5189e5f7513c0dc1b0e90be01bf290b3bc798260b5dc71aead3bee25e67c	REDISTRIBUTABLE_DERIVED	derived_data/publication_source_tables/S06_03.tsv		derived_data/manifests/SOURCE_TABLE_BINDINGS.tsv	Exact aggregate publication table retained byte-for-byte from rc1. This classification does not establish its upstream computational closure.	INCLUDED_INTEGRITY_VERIFIABLE
INCLUDED_S06_04	PUBLIC_TABLE_PACKAGE	scripts/utilities/verify_release.py	derived_data/publication_source_tables/S06_04.tsv	derived_data/publication_source_tables/S06_04.tsv	df5487be52f020825a3944665f8272fec82fd9397b4a84ba2834caf06d6d0e63	REDISTRIBUTABLE_DERIVED	derived_data/publication_source_tables/S06_04.tsv		derived_data/manifests/SOURCE_TABLE_BINDINGS.tsv	Exact aggregate publication table retained byte-for-byte from rc1. This classification does not establish its upstream computational closure.	INCLUDED_INTEGRITY_VERIFIABLE
INCLUDED_S06_05	PUBLIC_TABLE_PACKAGE	scripts/utilities/verify_release.py	derived_data/publication_source_tables/S06_05.tsv	derived_data/publication_source_tables/S06_05.tsv	38dc61ca9eed6be00ceda3257185448b0e656fc053f10291b53f20e8bbd73cf2	REDISTRIBUTABLE_DERIVED	derived_data/publication_source_tables/S06_05.tsv		derived_data/manifests/SOURCE_TABLE_BINDINGS.tsv	Exact aggregate publication table retained byte-for-byte from rc1. This classification does not establish its upstream computational closure.	INCLUDED_INTEGRITY_VERIFIABLE
INCLUDED_S06_06	PUBLIC_TABLE_PACKAGE	scripts/utilities/verify_release.py	derived_data/publication_source_tables/S06_06.tsv	derived_data/publication_source_tables/S06_06.tsv	a451d51c17fbafd7b9b36151e684eb0e877ac7888f7eab1924c375e823abd817	REDISTRIBUTABLE_DERIVED	derived_data/publication_source_tables/S06_06.tsv		derived_data/manifests/SOURCE_TABLE_BINDINGS.tsv	Exact aggregate publication table retained byte-for-byte from rc1. This classification does not establish its upstream computational closure.	INCLUDED_INTEGRITY_VERIFIABLE
INCLUDED_S06_07	PUBLIC_TABLE_PACKAGE	scripts/utilities/verify_release.py	derived_data/publication_source_tables/S06_07.tsv	derived_data/publication_source_tables/S06_07.tsv	7cdc9aff19713c3d5d3bbfd6df5edba360d69a55dfc8d219041140c67e9998db	REDISTRIBUTABLE_DERIVED	derived_data/publication_source_tables/S06_07.tsv		derived_data/manifests/SOURCE_TABLE_BINDINGS.tsv	Exact aggregate publication table retained byte-for-byte from rc1. This classification does not establish its upstream computational closure.	INCLUDED_INTEGRITY_VERIFIABLE
INCLUDED_S06_08	PUBLIC_TABLE_PACKAGE	scripts/utilities/verify_release.py	derived_data/publication_source_tables/S06_08.tsv	derived_data/publication_source_tables/S06_08.tsv	0690c5a105b8352680ee595fc9469d220a4d673998fd211a82665dbcf1e7235d	REDISTRIBUTABLE_DERIVED	derived_data/publication_source_tables/S06_08.tsv		derived_data/manifests/SOURCE_TABLE_BINDINGS.tsv	Exact aggregate publication table retained byte-for-byte from rc1. This classification does not establish its upstream computational closure.	INCLUDED_INTEGRITY_VERIFIABLE
INCLUDED_S09_05	PUBLIC_TABLE_PACKAGE	scripts/utilities/verify_release.py	derived_data/publication_source_tables/S09_05.tsv	derived_data/publication_source_tables/S09_05.tsv	25d1d5e4078a83b70727a6fb244521f2f250e956ffc22097aa777704c7369cdd	REDISTRIBUTABLE_DERIVED	derived_data/publication_source_tables/S09_05.tsv		derived_data/manifests/SOURCE_TABLE_BINDINGS.tsv	Exact aggregate publication table retained byte-for-byte from rc1. This classification does not establish its upstream computational closure.	INCLUDED_INTEGRITY_VERIFIABLE
INCLUDED_S10_01	PUBLIC_TABLE_PACKAGE	scripts/utilities/verify_release.py	derived_data/publication_source_tables/S10_01.tsv	derived_data/publication_source_tables/S10_01.tsv	fe68342ad062b591938ab619ba2f48f972ad10a87e5436b8608d9606f6aea767	REDISTRIBUTABLE_DERIVED	derived_data/publication_source_tables/S10_01.tsv		derived_data/manifests/SOURCE_TABLE_BINDINGS.tsv	Exact aggregate publication table retained byte-for-byte from rc1. This classification does not establish its upstream computational closure.	INCLUDED_INTEGRITY_VERIFIABLE
INCLUDED_S10_03	PUBLIC_TABLE_PACKAGE	scripts/utilities/verify_release.py	derived_data/publication_source_tables/S10_03.tsv	derived_data/publication_source_tables/S10_03.tsv	4461806318324b217e07a36c7a15b7b9f2a2650f34046542c839cad4bf0d4071	REDISTRIBUTABLE_DERIVED	derived_data/publication_source_tables/S10_03.tsv		derived_data/manifests/SOURCE_TABLE_BINDINGS.tsv	Exact aggregate publication table retained byte-for-byte from rc1. This classification does not establish its upstream computational closure.	INCLUDED_INTEGRITY_VERIFIABLE
INCLUDED_S10_04	PUBLIC_TABLE_PACKAGE	scripts/utilities/verify_release.py	derived_data/publication_source_tables/S10_04.tsv	derived_data/publication_source_tables/S10_04.tsv	a3523750d6ede33f967f75ddb6bc4a051e675e199665f48ee1001fb366523b2e	REDISTRIBUTABLE_DERIVED	derived_data/publication_source_tables/S10_04.tsv		derived_data/manifests/SOURCE_TABLE_BINDINGS.tsv	Exact aggregate publication table retained byte-for-byte from rc1. This classification does not establish its upstream computational closure.	INCLUDED_INTEGRITY_VERIFIABLE
INCLUDED_S11_03	PUBLIC_TABLE_PACKAGE	scripts/utilities/verify_release.py	derived_data/publication_source_tables/S11_03.tsv	derived_data/publication_source_tables/S11_03.tsv	ff8be9686eb0e151b1e820f9dfc05c557302b985471c2bcdb7e97dcb58aeff7e	REDISTRIBUTABLE_DERIVED	derived_data/publication_source_tables/S11_03.tsv		derived_data/manifests/SOURCE_TABLE_BINDINGS.tsv	Exact aggregate publication table retained byte-for-byte from rc1. This classification does not establish its upstream computational closure.	INCLUDED_INTEGRITY_VERIFIABLE
INCLUDED_S11_04	PUBLIC_TABLE_PACKAGE	scripts/utilities/verify_release.py	derived_data/publication_source_tables/S11_04.tsv	derived_data/publication_source_tables/S11_04.tsv	a234eb40472e605fc899afc476f6bace69371ce88db9dd80ef65846dbadf4845	REDISTRIBUTABLE_DERIVED	derived_data/publication_source_tables/S11_04.tsv		derived_data/manifests/SOURCE_TABLE_BINDINGS.tsv	Exact aggregate publication table retained byte-for-byte from rc1. This classification does not establish its upstream computational closure.	INCLUDED_INTEGRITY_VERIFIABLE
INCLUDED_S11_07	PUBLIC_TABLE_PACKAGE	scripts/utilities/verify_release.py	derived_data/publication_source_tables/S11_07.tsv	derived_data/publication_source_tables/S11_07.tsv	48c9fcbb1d0bd6289958a9d1183fc1d945b5327f92686d1889f456ef3b4c13ba	REDISTRIBUTABLE_DERIVED	derived_data/publication_source_tables/S11_07.tsv		derived_data/manifests/SOURCE_TABLE_BINDINGS.tsv	Exact aggregate publication table retained byte-for-byte from rc1. This classification does not establish its upstream computational closure.	INCLUDED_INTEGRITY_VERIFIABLE
INCLUDED_S11_08	PUBLIC_TABLE_PACKAGE	scripts/utilities/verify_release.py	derived_data/publication_source_tables/S11_08.tsv	derived_data/publication_source_tables/S11_08.tsv	c51fa59d241776ba383795be09665baeff6c0d79db0f6a82cca5ef8038f9d36a	REDISTRIBUTABLE_DERIVED	derived_data/publication_source_tables/S11_08.tsv		derived_data/manifests/SOURCE_TABLE_BINDINGS.tsv	Exact aggregate publication table retained byte-for-byte from rc1. This classification does not establish its upstream computational closure.	INCLUDED_INTEGRITY_VERIFIABLE
INCLUDED_S11_10	PUBLIC_TABLE_PACKAGE	scripts/utilities/verify_release.py	derived_data/publication_source_tables/S11_10.tsv	derived_data/publication_source_tables/S11_10.tsv	fcea3cfd53838afa10fe73df671494e5757d661eedf1060e50be5baba28adc0e	REDISTRIBUTABLE_DERIVED	derived_data/publication_source_tables/S11_10.tsv		derived_data/manifests/SOURCE_TABLE_BINDINGS.tsv	Exact aggregate publication table retained byte-for-byte from rc1. This classification does not establish its upstream computational closure.	INCLUDED_INTEGRITY_VERIFIABLE
INCLUDED_S11_11	PUBLIC_TABLE_PACKAGE	scripts/utilities/verify_release.py	derived_data/publication_source_tables/S11_11.tsv	derived_data/publication_source_tables/S11_11.tsv	79cec6780fdd5b3d3ceea1ce2a073cd7480ba5460091adb9b5447cc89003a69b	REDISTRIBUTABLE_DERIVED	derived_data/publication_source_tables/S11_11.tsv		derived_data/manifests/SOURCE_TABLE_BINDINGS.tsv	Exact aggregate publication table retained byte-for-byte from rc1. This classification does not establish its upstream computational closure.	INCLUDED_INTEGRITY_VERIFIABLE
INCLUDED_S11_12	PUBLIC_TABLE_PACKAGE	scripts/utilities/verify_release.py	derived_data/publication_source_tables/S11_12.tsv	derived_data/publication_source_tables/S11_12.tsv	e479f679c658a23307fe1edde5298fc29f4f31630281110973a257fb11919cf1	REDISTRIBUTABLE_DERIVED	derived_data/publication_source_tables/S11_12.tsv		derived_data/manifests/SOURCE_TABLE_BINDINGS.tsv	Exact aggregate publication table retained byte-for-byte from rc1. This classification does not establish its upstream computational closure.	INCLUDED_INTEGRITY_VERIFIABLE
INCLUDED_S12_01	PUBLIC_TABLE_PACKAGE	scripts/utilities/verify_release.py	derived_data/publication_source_tables/S12_01.tsv	derived_data/publication_source_tables/S12_01.tsv	3e6a84f408c5e3f42c4386f3172ad0fc80d02387dd0e84291b18f24e23bcf8df	REDISTRIBUTABLE_DERIVED	derived_data/publication_source_tables/S12_01.tsv		derived_data/manifests/SOURCE_TABLE_BINDINGS.tsv	Exact aggregate publication table retained byte-for-byte from rc1. This classification does not establish its upstream computational closure.	INCLUDED_INTEGRITY_VERIFIABLE
INCLUDED_S12_02	PUBLIC_TABLE_PACKAGE	scripts/utilities/verify_release.py	derived_data/publication_source_tables/S12_02.tsv	derived_data/publication_source_tables/S12_02.tsv	a9be0632be1ea39c19b2e3826858c3bb785d81bc7bafc3afeec76dda06320dea	REDISTRIBUTABLE_DERIVED	derived_data/publication_source_tables/S12_02.tsv		derived_data/manifests/SOURCE_TABLE_BINDINGS.tsv	Exact aggregate publication table retained byte-for-byte from rc1. This classification does not establish its upstream computational closure.	INCLUDED_INTEGRITY_VERIFIABLE
INCLUDED_S12_03	PUBLIC_TABLE_PACKAGE	scripts/utilities/verify_release.py	derived_data/publication_source_tables/S12_03.tsv	derived_data/publication_source_tables/S12_03.tsv	feb9e5ea8b7254f3ff8a1538005d900a2be4e827baa41d5824e781fce6da61e4	REDISTRIBUTABLE_DERIVED	derived_data/publication_source_tables/S12_03.tsv		derived_data/manifests/SOURCE_TABLE_BINDINGS.tsv	Exact aggregate publication table retained byte-for-byte from rc1. This classification does not establish its upstream computational closure.	INCLUDED_INTEGRITY_VERIFIABLE
INCLUDED_S13_02	PUBLIC_TABLE_PACKAGE	scripts/utilities/verify_release.py	derived_data/publication_source_tables/S13_02.tsv	derived_data/publication_source_tables/S13_02.tsv	ad210120deff2f6567825e90688ade7ef37971c7d22327ea5213601176f0a631	REDISTRIBUTABLE_DERIVED	derived_data/publication_source_tables/S13_02.tsv		derived_data/manifests/SOURCE_TABLE_BINDINGS.tsv	Exact aggregate publication table retained byte-for-byte from rc1. This classification does not establish its upstream computational closure.	INCLUDED_INTEGRITY_VERIFIABLE
INCLUDED_S13_03	PUBLIC_TABLE_PACKAGE	scripts/utilities/verify_release.py	derived_data/publication_source_tables/S13_03.tsv	derived_data/publication_source_tables/S13_03.tsv	633c059412341e4a2ebda8e3d3ac9ebe3d1ca09db7520e0919a0c3a42cb71117	REDISTRIBUTABLE_DERIVED	derived_data/publication_source_tables/S13_03.tsv		derived_data/manifests/SOURCE_TABLE_BINDINGS.tsv	Exact aggregate publication table retained byte-for-byte from rc1. This classification does not establish its upstream computational closure.	INCLUDED_INTEGRITY_VERIFIABLE
INCLUDED_S13_04	PUBLIC_TABLE_PACKAGE	scripts/utilities/verify_release.py	derived_data/publication_source_tables/S13_04.tsv	derived_data/publication_source_tables/S13_04.tsv	61e46155c1ac04c0b44fea541ac4a304e240e30677a9a2058128efd9d2331da4	REDISTRIBUTABLE_DERIVED	derived_data/publication_source_tables/S13_04.tsv		derived_data/manifests/SOURCE_TABLE_BINDINGS.tsv	Exact aggregate publication table retained byte-for-byte from rc1. This classification does not establish its upstream computational closure.	INCLUDED_INTEGRITY_VERIFIABLE
INCLUDED_S14_01	PUBLIC_TABLE_PACKAGE	scripts/utilities/verify_release.py	derived_data/publication_source_tables/S14_01.tsv	derived_data/publication_source_tables/S14_01.tsv	5cb684d8849355ca01b95792a2c934781e4b7d9c93eec4b8b53794114ba15b98	REDISTRIBUTABLE_DERIVED	derived_data/publication_source_tables/S14_01.tsv		derived_data/manifests/SOURCE_TABLE_BINDINGS.tsv	Exact aggregate publication table retained byte-for-byte from rc1. This classification does not establish its upstream computational closure.	INCLUDED_INTEGRITY_VERIFIABLE
INCLUDED_S14_02	PUBLIC_TABLE_PACKAGE	scripts/utilities/verify_release.py	derived_data/publication_source_tables/S14_02.tsv	derived_data/publication_source_tables/S14_02.tsv	677e10da928c33d64e9111182cccd7b8982447f5021c11dc64ee59021238f9f2	REDISTRIBUTABLE_DERIVED	derived_data/publication_source_tables/S14_02.tsv		derived_data/manifests/SOURCE_TABLE_BINDINGS.tsv	Exact aggregate publication table retained byte-for-byte from rc1. This classification does not establish its upstream computational closure.	INCLUDED_INTEGRITY_VERIFIABLE
INCLUDED_S14_03	PUBLIC_TABLE_PACKAGE	scripts/utilities/verify_release.py	derived_data/publication_source_tables/S14_03.tsv	derived_data/publication_source_tables/S14_03.tsv	0031c83a37bea203089c47e4f0e972baac9d37b73728fbd7d8872fe93a268c57	REDISTRIBUTABLE_DERIVED	derived_data/publication_source_tables/S14_03.tsv		derived_data/manifests/SOURCE_TABLE_BINDINGS.tsv	Exact aggregate publication table retained byte-for-byte from rc1. This classification does not establish its upstream computational closure.	INCLUDED_INTEGRITY_VERIFIABLE
