analysis_id	main_or_supp	figure_table_panel	dataset	biological_unit	active_script	config_file	raw_or_source_input	derived_input	input_hash	primary_output	output_hash	source_table	source_table_hash	environment	notes
MAIN_1A	Main	Figure 1A	See source table and data/SOURCE_DATA_MANIFEST.tsv; panel-specific input contract unresolved	Patient/sample; cells/regions are nested observations where applicable	UNRESOLVED_NO_APPROVED_CURRENT_ENTRYPOINT	config/ANALYSIS_PARAMETER_MANIFEST.tsv	UNRESOLVED_PUBLIC_ACQUISITION_CONTRACT	NOT_REDISTRIBUTED_OR_UNRESOLVED		新绘图流程/FIGURE1_V6_MICROPOLISH/FIGURE1_V6_MICROPOLISH_AUTHOR_REVIEW.pdf	0f444f2740e2afa70438871bb99492e8765a305fa022ca49597d67320362d3a9	新绘图流程/FIGURE1_DISPLAY_SUPPORT_UMAP_AND_PROGRAM_ANALYSIS_V1/FIGURE1_DISPLAY_UMAP_COORDINATES_V1.tsv	3278bee103925ec4796d263d77a3568a168b3079e2fcf970576fbf6b13286f93	environment/; historical records only; complete locked environment unavailable	Whole-figure PDF hash identifies the frozen container, not a separately cropped panel. Support-table associations require exact panel-value and producer closure. Source-table paths are original-workspace-relative evidence identifiers, not shipped paths. Candidate code evidence in SOURCE_SCRIPT_EVIDENCE.tsv; display code is not a numerical producer.
MAIN_1B	Main	Figure 1B	See source table and data/SOURCE_DATA_MANIFEST.tsv; panel-specific input contract unresolved	Patient/sample; cells/regions are nested observations where applicable	UNRESOLVED_NO_APPROVED_CURRENT_ENTRYPOINT	config/ANALYSIS_PARAMETER_MANIFEST.tsv	UNRESOLVED_PUBLIC_ACQUISITION_CONTRACT	NOT_REDISTRIBUTED_OR_UNRESOLVED		新绘图流程/FIGURE1_V6_MICROPOLISH/FIGURE1_V6_MICROPOLISH_AUTHOR_REVIEW.pdf	0f444f2740e2afa70438871bb99492e8765a305fa022ca49597d67320362d3a9	HCC_FINAL_AI_REVIEW_CORRECTION_20260921_V1/recovered_sources/scRNA_candidate_state_replication_comparison.tsv	6f29f4393529a0ecc8200abaf92b0f82d80cc9831854f157fec12e9479eb0f01	environment/; historical records only; complete locked environment unavailable	Whole-figure PDF hash identifies the frozen container, not a separately cropped panel. Support-table associations require exact panel-value and producer closure. Source-table paths are original-workspace-relative evidence identifiers, not shipped paths. Candidate code evidence in SOURCE_SCRIPT_EVIDENCE.tsv; display code is not a numerical producer.
MAIN_1C	Main	Figure 1C	See source table and data/SOURCE_DATA_MANIFEST.tsv; panel-specific input contract unresolved	Patient/sample; cells/regions are nested observations where applicable	UNRESOLVED_NO_APPROVED_CURRENT_ENTRYPOINT	config/ANALYSIS_PARAMETER_MANIFEST.tsv	UNRESOLVED_PUBLIC_ACQUISITION_CONTRACT	NOT_REDISTRIBUTED_OR_UNRESOLVED		新绘图流程/FIGURE1_V6_MICROPOLISH/FIGURE1_V6_MICROPOLISH_AUTHOR_REVIEW.pdf	0f444f2740e2afa70438871bb99492e8765a305fa022ca49597d67320362d3a9	绘图视觉/FIGURE1_FINAL_DATA_DRIVEN_PRODUCTION_V1/figure_ready/C_PROGRAM_STATE.tsv | HCC_ICI_BIOLOGICAL_RESOLUTION_BR1_v1/data/FIGURE1_STATE_PROGRAM_ASSOCIATION_PLOT_READY.tsv	5c2e56f0ec741d901957e0bf13f059a246332308b3fef20641138ab6eff5270a | 5c2e56f0ec741d901957e0bf13f059a246332308b3fef20641138ab6eff5270a	environment/; historical records only; complete locked environment unavailable	Whole-figure PDF hash identifies the frozen container, not a separately cropped panel. Support-table associations require exact panel-value and producer closure. Program map vectors remain unresolved. Source-table paths are original-workspace-relative evidence identifiers, not shipped paths. Candidate code evidence in SOURCE_SCRIPT_EVIDENCE.tsv; display code is not a numerical producer.
MAIN_1D	Main	Figure 1D	See source table and data/SOURCE_DATA_MANIFEST.tsv; panel-specific input contract unresolved	Patient/sample; cells/regions are nested observations where applicable	UNRESOLVED_NO_APPROVED_CURRENT_ENTRYPOINT	config/ANALYSIS_PARAMETER_MANIFEST.tsv	UNRESOLVED_PUBLIC_ACQUISITION_CONTRACT	NOT_REDISTRIBUTED_OR_UNRESOLVED		新绘图流程/FIGURE1_V6_MICROPOLISH/FIGURE1_V6_MICROPOLISH_AUTHOR_REVIEW.pdf	0f444f2740e2afa70438871bb99492e8765a305fa022ca49597d67320362d3a9	HCC_ICI_project/05_results/tables/final_harmonization/PTPN22_FINAL_META_MODELS.tsv	51dc935060c676ea5b380abd4b92f322eb6bf0cb55b9164cc7b6c4b4da4b63f6	environment/; historical records only; complete locked environment unavailable	Whole-figure PDF hash identifies the frozen container, not a separately cropped panel. Support-table associations require exact panel-value and producer closure. Source-table paths are original-workspace-relative evidence identifiers, not shipped paths. Candidate code evidence in SOURCE_SCRIPT_EVIDENCE.tsv; display code is not a numerical producer.
MAIN_1E	Main	Figure 1E	See source table and data/SOURCE_DATA_MANIFEST.tsv; panel-specific input contract unresolved	Patient/sample; cells/regions are nested observations where applicable	UNRESOLVED_NO_APPROVED_CURRENT_ENTRYPOINT	config/ANALYSIS_PARAMETER_MANIFEST.tsv	UNRESOLVED_PUBLIC_ACQUISITION_CONTRACT	NOT_REDISTRIBUTED_OR_UNRESOLVED		新绘图流程/FIGURE1_V6_MICROPOLISH/FIGURE1_V6_MICROPOLISH_AUTHOR_REVIEW.pdf	0f444f2740e2afa70438871bb99492e8765a305fa022ca49597d67320362d3a9	PTPN22_AF35_COUPLING_ARCHITECTURE_v1/03_primary/PTPN22_AF35_PATIENT_COUPLING_DECOMPOSITION.tsv	9304e6c0e09e82113aec38e501cd673fbbbf0c7859fab6b44e82eea8ebeee620	environment/; historical records only; complete locked environment unavailable	Whole-figure PDF hash identifies the frozen container, not a separately cropped panel. Support-table associations require exact panel-value and producer closure. Source-table paths are original-workspace-relative evidence identifiers, not shipped paths. Candidate code evidence in SOURCE_SCRIPT_EVIDENCE.tsv; display code is not a numerical producer.
MAIN_1F	Main	Figure 1F	See source table and data/SOURCE_DATA_MANIFEST.tsv; panel-specific input contract unresolved	Patient/sample; cells/regions are nested observations where applicable	UNRESOLVED_NO_APPROVED_CURRENT_ENTRYPOINT	config/ANALYSIS_PARAMETER_MANIFEST.tsv	UNRESOLVED_PUBLIC_ACQUISITION_CONTRACT	NOT_REDISTRIBUTED_OR_UNRESOLVED		新绘图流程/FIGURE1_V6_MICROPOLISH/FIGURE1_V6_MICROPOLISH_AUTHOR_REVIEW.pdf	0f444f2740e2afa70438871bb99492e8765a305fa022ca49597d67320362d3a9	PTPN22_AF35_COUPLING_ARCHITECTURE_v1/07_robustness/PTPN22_AF35_TECHNICAL_SENSITIVITY.tsv | PTPN22_AF35_COUPLING_ARCHITECTURE_v1/07_robustness/PTPN22_AF35_RARE_STATE_SENSITIVITY.tsv	24eaecfa209ffb87ccababfbc9a308706eb8474b516977b001ff2643e1b8e4a1 | a0d986348735093695610e6254c3a5d47e49b909ba6bfb15f8e91a16ad6d04ff	environment/; historical records only; complete locked environment unavailable	Whole-figure PDF hash identifies the frozen container, not a separately cropped panel. Support-table associations require exact panel-value and producer closure. Source-table paths are original-workspace-relative evidence identifiers, not shipped paths. Candidate code evidence in SOURCE_SCRIPT_EVIDENCE.tsv; display code is not a numerical producer.
MAIN_1G	Main	Figure 1G	See source table and data/SOURCE_DATA_MANIFEST.tsv; panel-specific input contract unresolved	Patient/sample; cells/regions are nested observations where applicable	UNRESOLVED_NO_APPROVED_CURRENT_ENTRYPOINT	config/ANALYSIS_PARAMETER_MANIFEST.tsv	UNRESOLVED_PUBLIC_ACQUISITION_CONTRACT	NOT_REDISTRIBUTED_OR_UNRESOLVED		新绘图流程/FIGURE1_V6_MICROPOLISH/FIGURE1_V6_MICROPOLISH_AUTHOR_REVIEW.pdf	0f444f2740e2afa70438871bb99492e8765a305fa022ca49597d67320362d3a9	HCC_ICI_project/05_results/tables/phase17a_public_perturbation/PHASE17A_GSE314342_TARGET_QC.tsv | PTPN22_AF35_PROGRAM_PERTURBATION_PROJECTION_v1/PTPN22_AF35_GENE_LEVEL_FROZEN_EFFECTS.tsv	0bedd95fbccc9afb1aa96329778878ff4ffb7b6b64666a7c0362e607a798cb21 | 7b1499bf19586de4d4c9e7ce493f1a546da0ab0ea0a4f2d6e51607b56b4a38c4	environment/; historical records only; complete locked environment unavailable	Whole-figure PDF hash identifies the frozen container, not a separately cropped panel. Support-table associations require exact panel-value and producer closure. Source-table paths are original-workspace-relative evidence identifiers, not shipped paths. Candidate code evidence in SOURCE_SCRIPT_EVIDENCE.tsv; display code is not a numerical producer.
MAIN_1H	Main	Figure 1H	See source table and data/SOURCE_DATA_MANIFEST.tsv; panel-specific input contract unresolved	Patient/sample; cells/regions are nested observations where applicable	UNRESOLVED_NO_APPROVED_CURRENT_ENTRYPOINT	config/ANALYSIS_PARAMETER_MANIFEST.tsv	UNRESOLVED_PUBLIC_ACQUISITION_CONTRACT	NOT_REDISTRIBUTED_OR_UNRESOLVED		新绘图流程/FIGURE1_V6_MICROPOLISH/FIGURE1_V6_MICROPOLISH_AUTHOR_REVIEW.pdf	0f444f2740e2afa70438871bb99492e8765a305fa022ca49597d67320362d3a9	PTPN22_HUMAN_GENETIC_ACTIVATION_Phase1_v1/03_primary/GSE94859_AF35_GENOTYPE_INTERACTION.tsv	482e02e4822cf53b85acaee71eef94bade01bb01962f6ce5a6294c8a6739ccdc	environment/; historical records only; complete locked environment unavailable	Whole-figure PDF hash identifies the frozen container, not a separately cropped panel. Support-table associations require exact panel-value and producer closure. Source-table paths are original-workspace-relative evidence identifiers, not shipped paths. Candidate code evidence in SOURCE_SCRIPT_EVIDENCE.tsv; display code is not a numerical producer.
MAIN_2A	Main	Figure 2A	See source table and data/SOURCE_DATA_MANIFEST.tsv; panel-specific input contract unresolved	Patient/sample; cells/regions are nested observations where applicable	NOT_APPLICABLE_FIXED_DEFINITION	config/AF35_genes.txt	config/AF35_genes.txt	NOT_REDISTRIBUTED_OR_UNRESOLVED	f77262b6aee757fdacdb240eef4c5e820f92ecdfb087dfc354e5dee5f96c1835	新绘图流程/POST_EXTERNAL_REVIEW_BOUNDED_REVISION_V1/FIGURE2_POST_REVIEW_REVISION_AUTHOR_REVIEW.pdf	1f4d09f3d7cf7f1b7cb2a444aaeae01aa260c478173ad979b7a2893bcfb745aa	config/AF35_genes.txt	f77262b6aee757fdacdb240eef4c5e820f92ecdfb087dfc354e5dee5f96c1835	environment/; historical records only; complete locked environment unavailable	Whole-figure PDF hash identifies the frozen container, not a separately cropped panel. Support-table associations require exact panel-value and producer closure. Source-table paths are original-workspace-relative evidence identifiers, not shipped paths. Candidate code evidence in SOURCE_SCRIPT_EVIDENCE.tsv; display code is not a numerical producer.
MAIN_2B	Main	Figure 2B	See source table and data/SOURCE_DATA_MANIFEST.tsv; panel-specific input contract unresolved	Patient/sample; cells/regions are nested observations where applicable	UNRESOLVED_NO_APPROVED_CURRENT_ENTRYPOINT	config/ANALYSIS_PARAMETER_MANIFEST.tsv	UNRESOLVED_PUBLIC_ACQUISITION_CONTRACT	NOT_REDISTRIBUTED_OR_UNRESOLVED		新绘图流程/POST_EXTERNAL_REVIEW_BOUNDED_REVISION_V1/FIGURE2_POST_REVIEW_REVISION_AUTHOR_REVIEW.pdf	1f4d09f3d7cf7f1b7cb2a444aaeae01aa260c478173ad979b7a2893bcfb745aa	HCC_FINAL_AI_REVIEW_CORRECTION_20260921_V1/AF35_PLATFORM_SPECIFICATION.tsv	9e98004533cc0e15b33ee3dae27bb8012a9ec6e497c0117f1a027ff10fc31bc1	environment/; historical records only; complete locked environment unavailable	Whole-figure PDF hash identifies the frozen container, not a separately cropped panel. Support-table associations require exact panel-value and producer closure. Source-table paths are original-workspace-relative evidence identifiers, not shipped paths. Candidate code evidence in SOURCE_SCRIPT_EVIDENCE.tsv; display code is not a numerical producer.
MAIN_2C	Main	Figure 2C	See source table and data/SOURCE_DATA_MANIFEST.tsv; panel-specific input contract unresolved	Patient/sample; cells/regions are nested observations where applicable	UNRESOLVED_NO_APPROVED_CURRENT_ENTRYPOINT	config/ANALYSIS_PARAMETER_MANIFEST.tsv	UNRESOLVED_PUBLIC_ACQUISITION_CONTRACT	NOT_REDISTRIBUTED_OR_UNRESOLVED		新绘图流程/POST_EXTERNAL_REVIEW_BOUNDED_REVISION_V1/FIGURE2_POST_REVIEW_REVISION_AUTHOR_REVIEW.pdf	1f4d09f3d7cf7f1b7cb2a444aaeae01aa260c478173ad979b7a2893bcfb745aa	AF35_RESPONSE_BLIND_PROGRAM_COHERENCE_v1/AF35_PROGRAM_COHERENCE_GENE_CORRELATION_ERP117672.tsv | AF35_RESPONSE_BLIND_PROGRAM_COHERENCE_v1/AF35_PROGRAM_COHERENCE_GENE_CORRELATION_GSE302495.tsv	0d45783bb520b7fc8cd38bbd44cbeff2499320d7d2239df7220bd30692cd201c | 0bc7e4ef82d752f535399f4e99e53e7f385f272cd8dda4ad711bb5dcf60c440f	environment/; historical records only; complete locked environment unavailable	Whole-figure PDF hash identifies the frozen container, not a separately cropped panel. Support-table associations require exact panel-value and producer closure. Source-table paths are original-workspace-relative evidence identifiers, not shipped paths. Candidate code evidence in SOURCE_SCRIPT_EVIDENCE.tsv; display code is not a numerical producer.
MAIN_2D	Main	Figure 2D	See source table and data/SOURCE_DATA_MANIFEST.tsv; panel-specific input contract unresolved	Patient/sample; cells/regions are nested observations where applicable	UNRESOLVED_NO_APPROVED_CURRENT_ENTRYPOINT	config/ANALYSIS_PARAMETER_MANIFEST.tsv	UNRESOLVED_PUBLIC_ACQUISITION_CONTRACT	NOT_REDISTRIBUTED_OR_UNRESOLVED		新绘图流程/POST_EXTERNAL_REVIEW_BOUNDED_REVISION_V1/FIGURE2_POST_REVIEW_REVISION_AUTHOR_REVIEW.pdf	1f4d09f3d7cf7f1b7cb2a444aaeae01aa260c478173ad979b7a2893bcfb745aa	AF35_RESPONSE_BLIND_PROGRAM_COHERENCE_v1/AF35_PROGRAM_COHERENCE_CROSS_COHORT.tsv	745d94ee61dea4304a8d4a8f17b0aa8318f0a30306a881f22e1aeec31d928477	environment/; historical records only; complete locked environment unavailable	Whole-figure PDF hash identifies the frozen container, not a separately cropped panel. Support-table associations require exact panel-value and producer closure. Source-table paths are original-workspace-relative evidence identifiers, not shipped paths. Candidate code evidence in SOURCE_SCRIPT_EVIDENCE.tsv; display code is not a numerical producer.
MAIN_2E	Main	Figure 2E	See source table and data/SOURCE_DATA_MANIFEST.tsv; panel-specific input contract unresolved	Patient/sample; cells/regions are nested observations where applicable	UNRESOLVED_NO_APPROVED_CURRENT_ENTRYPOINT	config/ANALYSIS_PARAMETER_MANIFEST.tsv	UNRESOLVED_PUBLIC_ACQUISITION_CONTRACT	NOT_REDISTRIBUTED_OR_UNRESOLVED		新绘图流程/POST_EXTERNAL_REVIEW_BOUNDED_REVISION_V1/FIGURE2_POST_REVIEW_REVISION_AUTHOR_REVIEW.pdf	1f4d09f3d7cf7f1b7cb2a444aaeae01aa260c478173ad979b7a2893bcfb745aa	AF35_RESPONSE_BLIND_PROGRAM_COHERENCE_v1/AF35_PROGRAM_COHERENCE_PCA.tsv | AF35_RESPONSE_BLIND_PROGRAM_COHERENCE_v1/AF35_PROGRAM_COHERENCE_SPLIT_HALF.tsv	73b69993a79e80799c900c6041f527fc7738d58a7f75d32c04a5f32598b452e0 | 308a67bec0ac0cb384464a3da3bebc894dcb7b2d259b0c4da2f39cb232abe3eb	environment/; historical records only; complete locked environment unavailable	Whole-figure PDF hash identifies the frozen container, not a separately cropped panel. Support-table associations require exact panel-value and producer closure. Missing named evidence: AF35_RESPONSE_BLIND_PROGRAM_COHERENCE_v1/AF35_PROGRAM_COHERENCE_SUMMARY.tsv. Source-table paths are original-workspace-relative evidence identifiers, not shipped paths. Candidate code evidence in SOURCE_SCRIPT_EVIDENCE.tsv; display code is not a numerical producer.
MAIN_2F	Main	Figure 2F	See source table and data/SOURCE_DATA_MANIFEST.tsv; panel-specific input contract unresolved	Patient/sample; cells/regions are nested observations where applicable	UNRESOLVED_NO_APPROVED_CURRENT_ENTRYPOINT	config/ANALYSIS_PARAMETER_MANIFEST.tsv	UNRESOLVED_PUBLIC_ACQUISITION_CONTRACT	NOT_REDISTRIBUTED_OR_UNRESOLVED		新绘图流程/POST_EXTERNAL_REVIEW_BOUNDED_REVISION_V1/FIGURE2_POST_REVIEW_REVISION_AUTHOR_REVIEW.pdf	1f4d09f3d7cf7f1b7cb2a444aaeae01aa260c478173ad979b7a2893bcfb745aa	HCC_ICI_project/05_results/tables/phase17b_af35_portability/PHASE17B_AF35_LEAVE_ONE_GENE_OUT.tsv	05812dcbcca0ce89a16b6fb5f53c02f47c0fe4eaf6ef9cfb89d1a391ccb03860	environment/; historical records only; complete locked environment unavailable	Whole-figure PDF hash identifies the frozen container, not a separately cropped panel. Support-table associations require exact panel-value and producer closure. Source-table paths are original-workspace-relative evidence identifiers, not shipped paths. Candidate code evidence in SOURCE_SCRIPT_EVIDENCE.tsv; display code is not a numerical producer.
MAIN_2G	Main	Figure 2G	See source table and data/SOURCE_DATA_MANIFEST.tsv; panel-specific input contract unresolved	Patient/sample; cells/regions are nested observations where applicable	UNRESOLVED_NO_APPROVED_CURRENT_ENTRYPOINT	config/ANALYSIS_PARAMETER_MANIFEST.tsv	UNRESOLVED_PUBLIC_ACQUISITION_CONTRACT	NOT_REDISTRIBUTED_OR_UNRESOLVED		新绘图流程/POST_EXTERNAL_REVIEW_BOUNDED_REVISION_V1/FIGURE2_POST_REVIEW_REVISION_AUTHOR_REVIEW.pdf	1f4d09f3d7cf7f1b7cb2a444aaeae01aa260c478173ad979b7a2893bcfb745aa	HCC_ICI_project/05_results/tables/phase17b_af35_portability/PHASE17B_AF35_RANDOM_DROPOUT_SUMMARY.tsv	b12a663c99a357862bc2b22f54ef2b579f385272c874c071c320cc66aec81304	environment/; historical records only; complete locked environment unavailable	Whole-figure PDF hash identifies the frozen container, not a separately cropped panel. Support-table associations require exact panel-value and producer closure. Source-table paths are original-workspace-relative evidence identifiers, not shipped paths. Candidate code evidence in SOURCE_SCRIPT_EVIDENCE.tsv; display code is not a numerical producer.
MAIN_2H	Main	Figure 2H	See source table and data/SOURCE_DATA_MANIFEST.tsv; panel-specific input contract unresolved	Patient/sample; cells/regions are nested observations where applicable	UNRESOLVED_NO_APPROVED_CURRENT_ENTRYPOINT	config/ANALYSIS_PARAMETER_MANIFEST.tsv	UNRESOLVED_PUBLIC_ACQUISITION_CONTRACT	NOT_REDISTRIBUTED_OR_UNRESOLVED		新绘图流程/POST_EXTERNAL_REVIEW_BOUNDED_REVISION_V1/FIGURE2_POST_REVIEW_REVISION_AUTHOR_REVIEW.pdf	1f4d09f3d7cf7f1b7cb2a444aaeae01aa260c478173ad979b7a2893bcfb745aa	AF35_RESPONSE_BLIND_PROGRAM_COHERENCE_v1/AF35_PROGRAM_COHERENCE_RANDOM_REFERENCE_SUMMARY.tsv | AF35_RESPONSE_BLIND_PROGRAM_COHERENCE_v1/AF35_PROGRAM_COHERENCE_RANDOM_REFERENCE_RESULTS.tsv	2907681423220cdc70612e6363e5c4d742cbb1beb28f55ad8b4367f0d81d7a64 | af4dd9830cd4be85c1b3e8e59252921940c502647a009de24aa395f39025cdee	environment/; historical records only; complete locked environment unavailable	Whole-figure PDF hash identifies the frozen container, not a separately cropped panel. Support-table associations require exact panel-value and producer closure. Source-table paths are original-workspace-relative evidence identifiers, not shipped paths. Candidate code evidence in SOURCE_SCRIPT_EVIDENCE.tsv; display code is not a numerical producer.
MAIN_3A	Main	Figure 3A	See source table and data/SOURCE_DATA_MANIFEST.tsv; panel-specific input contract unresolved	Patient/sample; cells/regions are nested observations where applicable	UNRESOLVED_NO_APPROVED_CURRENT_ENTRYPOINT	config/ANALYSIS_PARAMETER_MANIFEST.tsv	UNRESOLVED_PUBLIC_ACQUISITION_CONTRACT	NOT_REDISTRIBUTED_OR_UNRESOLVED		新绘图流程/FIGURE3_POST_REVIEW_TEXT_STRIPPED_V1/FIGURE3_POST_REVIEW_TEXT_STRIPPED_AUTHOR_REVIEW.pdf	e25aaa082c22c275d5c2a38570aa06fb67758482fc0c833bce5e7190b2f6512c	GSE235863_CLONE_STATE_DECOMPOSITION_v1/PAIRED_CDR3_AUTHOR_ID_MERGE_AUDIT.tsv	ecde5102b55107b51e9e13e6aa733d4d147b56841f15c6c54eff43025bd5beab	environment/; historical records only; complete locked environment unavailable	Whole-figure PDF hash identifies the frozen container, not a separately cropped panel. Support-table associations require exact panel-value and producer closure. Source-table paths are original-workspace-relative evidence identifiers, not shipped paths. Candidate code evidence in SOURCE_SCRIPT_EVIDENCE.tsv; display code is not a numerical producer.
MAIN_3B	Main	Figure 3B	See source table and data/SOURCE_DATA_MANIFEST.tsv; panel-specific input contract unresolved	Patient/sample; cells/regions are nested observations where applicable	UNRESOLVED_NO_APPROVED_CURRENT_ENTRYPOINT	config/ANALYSIS_PARAMETER_MANIFEST.tsv	UNRESOLVED_PUBLIC_ACQUISITION_CONTRACT	NOT_REDISTRIBUTED_OR_UNRESOLVED		新绘图流程/FIGURE3_POST_REVIEW_TEXT_STRIPPED_V1/FIGURE3_POST_REVIEW_TEXT_STRIPPED_AUTHOR_REVIEW.pdf	e25aaa082c22c275d5c2a38570aa06fb67758482fc0c833bce5e7190b2f6512c	UNRESOLVED		environment/; historical records only; complete locked environment unavailable	Whole-figure PDF hash identifies the frozen container, not a separately cropped panel. Support-table associations require exact panel-value and producer closure. Source-table paths are original-workspace-relative evidence identifiers, not shipped paths. Candidate code evidence in SOURCE_SCRIPT_EVIDENCE.tsv; display code is not a numerical producer.
MAIN_3C	Main	Figure 3C	See source table and data/SOURCE_DATA_MANIFEST.tsv; panel-specific input contract unresolved	Patient/sample; cells/regions are nested observations where applicable	UNRESOLVED_NO_APPROVED_CURRENT_ENTRYPOINT	config/ANALYSIS_PARAMETER_MANIFEST.tsv	UNRESOLVED_PUBLIC_ACQUISITION_CONTRACT	NOT_REDISTRIBUTED_OR_UNRESOLVED		新绘图流程/FIGURE3_POST_REVIEW_TEXT_STRIPPED_V1/FIGURE3_POST_REVIEW_TEXT_STRIPPED_AUTHOR_REVIEW.pdf	e25aaa082c22c275d5c2a38570aa06fb67758482fc0c833bce5e7190b2f6512c	UNRESOLVED		environment/; historical records only; complete locked environment unavailable	Whole-figure PDF hash identifies the frozen container, not a separately cropped panel. Support-table associations require exact panel-value and producer closure. Source-table paths are original-workspace-relative evidence identifiers, not shipped paths. Candidate code evidence in SOURCE_SCRIPT_EVIDENCE.tsv; display code is not a numerical producer.
MAIN_3D	Main	Figure 3D	See source table and data/SOURCE_DATA_MANIFEST.tsv; panel-specific input contract unresolved	Patient/sample; cells/regions are nested observations where applicable	UNRESOLVED_NO_APPROVED_CURRENT_ENTRYPOINT	config/ANALYSIS_PARAMETER_MANIFEST.tsv	UNRESOLVED_PUBLIC_ACQUISITION_CONTRACT	NOT_REDISTRIBUTED_OR_UNRESOLVED		新绘图流程/FIGURE3_POST_REVIEW_TEXT_STRIPPED_V1/FIGURE3_POST_REVIEW_TEXT_STRIPPED_AUTHOR_REVIEW.pdf	e25aaa082c22c275d5c2a38570aa06fb67758482fc0c833bce5e7190b2f6512c	GSE235863_CLONE_STATE_DECOMPOSITION_v1/authority/05_results/tables/phase19a_af35_clonotype/AF35_EXPANDED_SINGLETON_PATIENT_EFFECTS.tsv | GSE235863_CLONE_STATE_DECOMPOSITION_v1/authority/05_results/tables/phase19a_af35_clonotype/AF35_PERSISTENT_NONPERSISTENT_PATIENT_EFFECTS.tsv | GSE235863_CLONE_STATE_DECOMPOSITION_v1/authority/05_results/tables/phase19a_af35_clonotype/AF35_BASELINE_TO_FUTURE_OBSERVED_PATIENT_EFFECTS.tsv | GSE235863_CLONE_STATE_DECOMPOSITION_v1/CLONE_STATE_EFFECT_SUMMARY.tsv | HCC_ICI_project/05_results/tables/phase3/GSE235863_WITHIN_PATIENT_CLONAL_ASSOCIATIONS.tsv | HCC_ICI_project/05_results/tables/temporal/PTPN22_TEMPORAL_SENSITIVITY.tsv	5ec50d0657b9b2941fe7056b72edecf7ed1320357053f14bb9e9ce59182bfec9 | 7eeee584d89a7710bd51854e97051879cb46223df092b1f7e0003e690751ee50 | 2129a457d60fa91e16435b02527006684a6bd3e37d1ad9e8a8913cac75be8f71 | c3953c19c21e2a37932cd2ddedfe24619276876120ae2a1b8fe01adce11bb6f6 | b45a0085ad19977e6f3b65c7e3ce216f1aa5d37d2ca5723e4a3f719543bd4920 | ed994fcb0de9d5672a057a777695f1fa621a70b1c4c84f31e9d17b6240915422	environment/; historical records only; complete locked environment unavailable	Whole-figure PDF hash identifies the frozen container, not a separately cropped panel. Support-table associations require exact panel-value and producer closure. Source-table paths are original-workspace-relative evidence identifiers, not shipped paths. Candidate code evidence in SOURCE_SCRIPT_EVIDENCE.tsv; display code is not a numerical producer.
MAIN_3E	Main	Figure 3E	See source table and data/SOURCE_DATA_MANIFEST.tsv; panel-specific input contract unresolved	Patient/sample; cells/regions are nested observations where applicable	UNRESOLVED_NO_APPROVED_CURRENT_ENTRYPOINT	config/ANALYSIS_PARAMETER_MANIFEST.tsv	UNRESOLVED_PUBLIC_ACQUISITION_CONTRACT	NOT_REDISTRIBUTED_OR_UNRESOLVED		新绘图流程/FIGURE3_POST_REVIEW_TEXT_STRIPPED_V1/FIGURE3_POST_REVIEW_TEXT_STRIPPED_AUTHOR_REVIEW.pdf	e25aaa082c22c275d5c2a38570aa06fb67758482fc0c833bce5e7190b2f6512c	AF35_CLINICAL_STATE_OCCUPANCY_DECOMPOSITION_v1/AF35_STATE_OCCUPANCY_BOOTSTRAP_SUMMARY.tsv	4c8d7a12ccb2b9394d9998d2d5bb5a9d0ec39e2469b4555de712912d3d0e5422	environment/; historical records only; complete locked environment unavailable	Whole-figure PDF hash identifies the frozen container, not a separately cropped panel. Support-table associations require exact panel-value and producer closure. Source-table paths are original-workspace-relative evidence identifiers, not shipped paths. Candidate code evidence in SOURCE_SCRIPT_EVIDENCE.tsv; display code is not a numerical producer.
MAIN_3F	Main	Figure 3F	See source table and data/SOURCE_DATA_MANIFEST.tsv; panel-specific input contract unresolved	Patient/sample; cells/regions are nested observations where applicable	UNRESOLVED_NO_APPROVED_CURRENT_ENTRYPOINT	config/ANALYSIS_PARAMETER_MANIFEST.tsv	UNRESOLVED_PUBLIC_ACQUISITION_CONTRACT	NOT_REDISTRIBUTED_OR_UNRESOLVED		新绘图流程/FIGURE3_POST_REVIEW_TEXT_STRIPPED_V1/FIGURE3_POST_REVIEW_TEXT_STRIPPED_AUTHOR_REVIEW.pdf	e25aaa082c22c275d5c2a38570aa06fb67758482fc0c833bce5e7190b2f6512c	AF35_CLONOTYPE_NEUTRALIZED_STATE_OCCUPANCY_v1/AF35_CLONE_NEUTRALIZATION_CLINICAL_DECOMPOSITION.tsv	77daff8705363ada478b53fba4c496b2d554fd37d0b850492bc5e419d1031557	environment/; historical records only; complete locked environment unavailable	Whole-figure PDF hash identifies the frozen container, not a separately cropped panel. Support-table associations require exact panel-value and producer closure. Source-table paths are original-workspace-relative evidence identifiers, not shipped paths. Candidate code evidence in SOURCE_SCRIPT_EVIDENCE.tsv; display code is not a numerical producer.
MAIN_3G	Main	Figure 3G	See source table and data/SOURCE_DATA_MANIFEST.tsv; panel-specific input contract unresolved	Patient/sample; cells/regions are nested observations where applicable	UNRESOLVED_NO_APPROVED_CURRENT_ENTRYPOINT	config/ANALYSIS_PARAMETER_MANIFEST.tsv	UNRESOLVED_PUBLIC_ACQUISITION_CONTRACT	NOT_REDISTRIBUTED_OR_UNRESOLVED		新绘图流程/FIGURE3_POST_REVIEW_TEXT_STRIPPED_V1/FIGURE3_POST_REVIEW_TEXT_STRIPPED_AUTHOR_REVIEW.pdf	e25aaa082c22c275d5c2a38570aa06fb67758482fc0c833bce5e7190b2f6512c	AF35_CLONOTYPE_NEUTRALIZED_STATE_OCCUPANCY_v1/AF35_CLONE_NEUTRALIZATION_PATIENT_COMPONENTS_RESPONSE_BLIND.tsv | AF35_CLONOTYPE_NEUTRALIZED_STATE_OCCUPANCY_v1/AF35_CLONE_NEUTRALIZATION_STATE_CONTRIBUTIONS.tsv | AF35_CLONOTYPE_NEUTRALIZED_STATE_OCCUPANCY_v1/AF35_CLONE_NEUTRALIZATION_CLINICAL_DECOMPOSITION.tsv	9fabd8f853f5c296b904d87e1f2f93198b04c939525a84d3b8867eb8938df711 | 299d183ab28b231fad88e270368d701c5098903488626b9e214ba783a674fbb2 | 77daff8705363ada478b53fba4c496b2d554fd37d0b850492bc5e419d1031557	environment/; historical records only; complete locked environment unavailable	Whole-figure PDF hash identifies the frozen container, not a separately cropped panel. Support-table associations require exact panel-value and producer closure. Source-table paths are original-workspace-relative evidence identifiers, not shipped paths. Candidate code evidence in SOURCE_SCRIPT_EVIDENCE.tsv; display code is not a numerical producer.
MAIN_3H	Main	Figure 3H	See source table and data/SOURCE_DATA_MANIFEST.tsv; panel-specific input contract unresolved	Patient/sample; cells/regions are nested observations where applicable	UNRESOLVED_NO_APPROVED_CURRENT_ENTRYPOINT	config/ANALYSIS_PARAMETER_MANIFEST.tsv	UNRESOLVED_PUBLIC_ACQUISITION_CONTRACT	NOT_REDISTRIBUTED_OR_UNRESOLVED		新绘图流程/FIGURE3_POST_REVIEW_TEXT_STRIPPED_V1/FIGURE3_POST_REVIEW_TEXT_STRIPPED_AUTHOR_REVIEW.pdf	e25aaa082c22c275d5c2a38570aa06fb67758482fc0c833bce5e7190b2f6512c	AF35_LONGITUDINAL_CLONAL_STATE_DYNAMICS_M2_CLEANROOM_v1/04_phaseB_results/AF35_M2_CLINICAL_LONGITUDINAL_CONTRASTS.tsv	b7f85c49eee9b207079f5a1d6e502bd80d74820ad7ff6505fd350bfd122518bd	environment/; historical records only; complete locked environment unavailable	Whole-figure PDF hash identifies the frozen container, not a separately cropped panel. Support-table associations require exact panel-value and producer closure. Source-table paths are original-workspace-relative evidence identifiers, not shipped paths. Candidate code evidence in SOURCE_SCRIPT_EVIDENCE.tsv; display code is not a numerical producer.
MAIN_4A	Main	Figure 4A	See source table and data/SOURCE_DATA_MANIFEST.tsv; panel-specific input contract unresolved	Patient/sample; cells/regions are nested observations where applicable	UNRESOLVED_NO_APPROVED_CURRENT_ENTRYPOINT	config/ANALYSIS_PARAMETER_MANIFEST.tsv	UNRESOLVED_PUBLIC_ACQUISITION_CONTRACT	NOT_REDISTRIBUTED_OR_UNRESOLVED		新绘图流程/FIGURE4_FINAL_TYPOGRAPHY_SPACING_V1/FIGURE4_FINAL_TYPOGRAPHY_SPACING_AUTHOR_REVIEW.pdf	92232c92bf0ad809c06cb1d0301c54a1345f5dc5e7cd39a92ad929d4e1a492bc	UNRESOLVED		environment/; historical records only; complete locked environment unavailable	Whole-figure PDF hash identifies the frozen container, not a separately cropped panel. Support-table associations require exact panel-value and producer closure. Source-table paths are original-workspace-relative evidence identifiers, not shipped paths. Candidate code evidence in SOURCE_SCRIPT_EVIDENCE.tsv; display code is not a numerical producer.
MAIN_4B	Main	Figure 4B	See source table and data/SOURCE_DATA_MANIFEST.tsv; panel-specific input contract unresolved	Patient/sample; cells/regions are nested observations where applicable	UNRESOLVED_NO_APPROVED_CURRENT_ENTRYPOINT	config/ANALYSIS_PARAMETER_MANIFEST.tsv	UNRESOLVED_PUBLIC_ACQUISITION_CONTRACT	NOT_REDISTRIBUTED_OR_UNRESOLVED		新绘图流程/FIGURE4_FINAL_TYPOGRAPHY_SPACING_V1/FIGURE4_FINAL_TYPOGRAPHY_SPACING_AUTHOR_REVIEW.pdf	92232c92bf0ad809c06cb1d0301c54a1345f5dc5e7cd39a92ad929d4e1a492bc	UNRESOLVED		environment/; historical records only; complete locked environment unavailable	Whole-figure PDF hash identifies the frozen container, not a separately cropped panel. Support-table associations require exact panel-value and producer closure. Source-table paths are original-workspace-relative evidence identifiers, not shipped paths. Candidate code evidence in SOURCE_SCRIPT_EVIDENCE.tsv; display code is not a numerical producer.
MAIN_4C	Main	Figure 4C	See source table and data/SOURCE_DATA_MANIFEST.tsv; panel-specific input contract unresolved	Patient/sample; cells/regions are nested observations where applicable	UNRESOLVED_NO_APPROVED_CURRENT_ENTRYPOINT	config/ANALYSIS_PARAMETER_MANIFEST.tsv	UNRESOLVED_PUBLIC_ACQUISITION_CONTRACT	NOT_REDISTRIBUTED_OR_UNRESOLVED		新绘图流程/FIGURE4_FINAL_TYPOGRAPHY_SPACING_V1/FIGURE4_FINAL_TYPOGRAPHY_SPACING_AUTHOR_REVIEW.pdf	92232c92bf0ad809c06cb1d0301c54a1345f5dc5e7cd39a92ad929d4e1a492bc	HCC_ICI_MAIN_FIGURE_FROZEN_SOURCE_PAYLOAD_V2/Figure5/display_support/F5C_ALL_PATIENTS_AND_FROZEN_EFFECTS.tsv	d15aba91c12c16dc6cd2a022cc87d790ec08086d32e2ac7e878386f95209335a	environment/; historical records only; complete locked environment unavailable	Whole-figure PDF hash identifies the frozen container, not a separately cropped panel. Support-table associations require exact panel-value and producer closure. Source-table paths are original-workspace-relative evidence identifiers, not shipped paths. Candidate code evidence in SOURCE_SCRIPT_EVIDENCE.tsv; display code is not a numerical producer.
MAIN_4D	Main	Figure 4D	See source table and data/SOURCE_DATA_MANIFEST.tsv; panel-specific input contract unresolved	Patient/sample; cells/regions are nested observations where applicable	UNRESOLVED_NO_APPROVED_CURRENT_ENTRYPOINT	config/ANALYSIS_PARAMETER_MANIFEST.tsv	UNRESOLVED_PUBLIC_ACQUISITION_CONTRACT	NOT_REDISTRIBUTED_OR_UNRESOLVED		新绘图流程/FIGURE4_FINAL_TYPOGRAPHY_SPACING_V1/FIGURE4_FINAL_TYPOGRAPHY_SPACING_AUTHOR_REVIEW.pdf	92232c92bf0ad809c06cb1d0301c54a1345f5dc5e7cd39a92ad929d4e1a492bc	HCC_ICI_MAIN_FIGURE_FROZEN_SOURCE_PAYLOAD_V2/Figure5/display_support/F5C_ALL_PATIENTS_AND_FROZEN_EFFECTS.tsv	d15aba91c12c16dc6cd2a022cc87d790ec08086d32e2ac7e878386f95209335a	environment/; historical records only; complete locked environment unavailable	Whole-figure PDF hash identifies the frozen container, not a separately cropped panel. Support-table associations require exact panel-value and producer closure. Source-table paths are original-workspace-relative evidence identifiers, not shipped paths. Candidate code evidence in SOURCE_SCRIPT_EVIDENCE.tsv; display code is not a numerical producer.
MAIN_4E	Main	Figure 4E	See source table and data/SOURCE_DATA_MANIFEST.tsv; panel-specific input contract unresolved	Patient/sample; cells/regions are nested observations where applicable	UNRESOLVED_NO_APPROVED_CURRENT_ENTRYPOINT	config/ANALYSIS_PARAMETER_MANIFEST.tsv	UNRESOLVED_PUBLIC_ACQUISITION_CONTRACT	NOT_REDISTRIBUTED_OR_UNRESOLVED		新绘图流程/FIGURE4_FINAL_TYPOGRAPHY_SPACING_V1/FIGURE4_FINAL_TYPOGRAPHY_SPACING_AUTHOR_REVIEW.pdf	92232c92bf0ad809c06cb1d0301c54a1345f5dc5e7cd39a92ad929d4e1a492bc	HCC_ICI_project/05_results/tables/spatial_specificity_rescue/PTPN22_IMMUNE_MATCHED_REGIONAL_EFFECTS.tsv	9e8b5a0cea2f13be65d03f481b743e5843f92ae70ffbec5d76db077a2c8e1f3e	environment/; historical records only; complete locked environment unavailable	Whole-figure PDF hash identifies the frozen container, not a separately cropped panel. Support-table associations require exact panel-value and producer closure. Source-table paths are original-workspace-relative evidence identifiers, not shipped paths. Candidate code evidence in SOURCE_SCRIPT_EVIDENCE.tsv; display code is not a numerical producer.
MAIN_4F	Main	Figure 4F	See source table and data/SOURCE_DATA_MANIFEST.tsv; panel-specific input contract unresolved	Patient/sample; cells/regions are nested observations where applicable	UNRESOLVED_NO_APPROVED_CURRENT_ENTRYPOINT	config/ANALYSIS_PARAMETER_MANIFEST.tsv	UNRESOLVED_PUBLIC_ACQUISITION_CONTRACT	NOT_REDISTRIBUTED_OR_UNRESOLVED		新绘图流程/FIGURE4_FINAL_TYPOGRAPHY_SPACING_V1/FIGURE4_FINAL_TYPOGRAPHY_SPACING_AUTHOR_REVIEW.pdf	92232c92bf0ad809c06cb1d0301c54a1345f5dc5e7cd39a92ad929d4e1a492bc	WU_AF35_SPATIAL_CELLULAR_MICROENV_CONTEXT_v1/WU_AF35_HIGH_LOW_MICROENV_CONTEXT.tsv	61ebe99384fc2b9477c543283768322d1858b0e0bb9a41c06742b721d2e7e4ea	environment/; historical records only; complete locked environment unavailable	Whole-figure PDF hash identifies the frozen container, not a separately cropped panel. Support-table associations require exact panel-value and producer closure. Source-table paths are original-workspace-relative evidence identifiers, not shipped paths. Candidate code evidence in SOURCE_SCRIPT_EVIDENCE.tsv; display code is not a numerical producer.
MAIN_4G	Main	Figure 4G	See source table and data/SOURCE_DATA_MANIFEST.tsv; panel-specific input contract unresolved	Patient/sample; cells/regions are nested observations where applicable	UNRESOLVED_NO_APPROVED_CURRENT_ENTRYPOINT	config/ANALYSIS_PARAMETER_MANIFEST.tsv	UNRESOLVED_PUBLIC_ACQUISITION_CONTRACT	NOT_REDISTRIBUTED_OR_UNRESOLVED		新绘图流程/FIGURE4_FINAL_TYPOGRAPHY_SPACING_V1/FIGURE4_FINAL_TYPOGRAPHY_SPACING_AUTHOR_REVIEW.pdf	92232c92bf0ad809c06cb1d0301c54a1345f5dc5e7cd39a92ad929d4e1a492bc	HCC_ICI_BIOLOGICAL_RESOLUTION_BR1_v1/data/WU_ST_CODEX_CONTEXT_MATRIX_PLOT_READY.tsv	c30bf7d3b03735e47f4f2bd2b5c8cabec0dbbfa2deb58e99710a8c6e9ae165c1	environment/; historical records only; complete locked environment unavailable	Whole-figure PDF hash identifies the frozen container, not a separately cropped panel. Support-table associations require exact panel-value and producer closure. Source-table paths are original-workspace-relative evidence identifiers, not shipped paths. Candidate code evidence in SOURCE_SCRIPT_EVIDENCE.tsv; display code is not a numerical producer.
MAIN_4H	Main	Figure 4H	See source table and data/SOURCE_DATA_MANIFEST.tsv; panel-specific input contract unresolved	Patient/sample; cells/regions are nested observations where applicable	UNRESOLVED_NO_APPROVED_CURRENT_ENTRYPOINT	config/ANALYSIS_PARAMETER_MANIFEST.tsv	UNRESOLVED_PUBLIC_ACQUISITION_CONTRACT	NOT_REDISTRIBUTED_OR_UNRESOLVED		新绘图流程/FIGURE4_FINAL_TYPOGRAPHY_SPACING_V1/FIGURE4_FINAL_TYPOGRAPHY_SPACING_AUTHOR_REVIEW.pdf	92232c92bf0ad809c06cb1d0301c54a1345f5dc5e7cd39a92ad929d4e1a492bc	WU_AF35_SPATIAL_CELLULAR_MICROENV_CONTEXT_v1/WU_AF35_HIGH_LOW_CELLTYPE_CONTEXT.tsv | WU_AF35_DC_CD8_SPATIAL_TOPOLOGY_v1/WU_AF35_DC_CD8_PRIMARY_TEST.tsv | WU_AF35_DC_CD8_SPATIAL_TOPOLOGY_v1/WU_AF35_DC_CD8_TOPOLOGY_PATIENT_METRICS.tsv | WU_AF35_DC_CD8_SPATIAL_TOPOLOGY_v1/WU_AF35_DC_CD8_TOPOLOGY_ELIGIBILITY.tsv	12571741afbb22530f5aa7135e6d333ed5d6eef9a4cfc771ffeecffeca61f4d9 | a5a457c7dfddbab0d5b1d252a39af4a50262cfd19c0a2a6d8e6926cca74a3c80 | a5ce3792fdd05a21fba8ada6cf4043f3441e02ac3da4fbc413d9f7017884cc8f | 5ec59674ee2ab03073be5f42bbf0ea1cd1af385aab323c7ae5b4dddf8522011a	environment/; historical records only; complete locked environment unavailable	Whole-figure PDF hash identifies the frozen container, not a separately cropped panel. Support-table associations require exact panel-value and producer closure. Source-table paths are original-workspace-relative evidence identifiers, not shipped paths. Candidate code evidence in SOURCE_SCRIPT_EVIDENCE.tsv; display code is not a numerical producer.
MAIN_5A	Main	Figure 5A	See source table and data/SOURCE_DATA_MANIFEST.tsv; panel-specific input contract unresolved	Patient/sample; cells/regions are nested observations where applicable	UNRESOLVED_NO_APPROVED_CURRENT_ENTRYPOINT	config/ANALYSIS_PARAMETER_MANIFEST.tsv	UNRESOLVED_PUBLIC_ACQUISITION_CONTRACT	NOT_REDISTRIBUTED_OR_UNRESOLVED		新绘图流程/FIGURE5_FINAL_TYPOGRAPHY_SPACING_V1/FIGURE5_FINAL_TYPOGRAPHY_SPACING_AUTHOR_REVIEW.pdf	06ef21694c2c430048d01a1cdf4fb0a18fa076f7b485360d3588a32c61818f8a	CLINICAL_ANCHOR_READOUT_DECOMPOSITION_v1/tables/AF35_VS_PTPN22_PAIRED_DELTA_G.tsv	7af83f70e194da63674034afd595df058b73e34c6f9d93fa3a88d01ce0bd5788	environment/; historical records only; complete locked environment unavailable	Whole-figure PDF hash identifies the frozen container, not a separately cropped panel. Support-table associations require exact panel-value and producer closure. Source-table paths are original-workspace-relative evidence identifiers, not shipped paths. Candidate code evidence in SOURCE_SCRIPT_EVIDENCE.tsv; display code is not a numerical producer.
MAIN_5B	Main	Figure 5B	See source table and data/SOURCE_DATA_MANIFEST.tsv; panel-specific input contract unresolved	Patient/sample; cells/regions are nested observations where applicable	UNRESOLVED_NO_APPROVED_CURRENT_ENTRYPOINT	config/ANALYSIS_PARAMETER_MANIFEST.tsv	UNRESOLVED_PUBLIC_ACQUISITION_CONTRACT	NOT_REDISTRIBUTED_OR_UNRESOLVED		新绘图流程/FIGURE5_FINAL_TYPOGRAPHY_SPACING_V1/FIGURE5_FINAL_TYPOGRAPHY_SPACING_AUTHOR_REVIEW.pdf	06ef21694c2c430048d01a1cdf4fb0a18fa076f7b485360d3588a32c61818f8a	HCC_ICI_project/05_results/tables/pretreatment_clinical_translation/ERP117672_PRETREATMENT_PATIENT_SCORES.tsv | HCC_ICI_project/05_results/tables/phase15b_public_replication/GSE302495_PATIENT_LEVEL_SCORES.tsv	cbb868e6bb539a3204db416adadc95d4addf7a47fdaa8053b0fbe2fe3d0c145a | c3886e03e0fa1ee073cf8f79f20b75720ffee6469afad5db06d728bdf2da720a	environment/; historical records only; complete locked environment unavailable	Whole-figure PDF hash identifies the frozen container, not a separately cropped panel. Support-table associations require exact panel-value and producer closure. Source-table paths are original-workspace-relative evidence identifiers, not shipped paths. Candidate code evidence in SOURCE_SCRIPT_EVIDENCE.tsv; display code is not a numerical producer.
MAIN_5C	Main	Figure 5C	See source table and data/SOURCE_DATA_MANIFEST.tsv; panel-specific input contract unresolved	Patient/sample; cells/regions are nested observations where applicable	UNRESOLVED_NO_APPROVED_CURRENT_ENTRYPOINT	config/ANALYSIS_PARAMETER_MANIFEST.tsv	UNRESOLVED_PUBLIC_ACQUISITION_CONTRACT	NOT_REDISTRIBUTED_OR_UNRESOLVED		新绘图流程/FIGURE5_FINAL_TYPOGRAPHY_SPACING_V1/FIGURE5_FINAL_TYPOGRAPHY_SPACING_AUTHOR_REVIEW.pdf	06ef21694c2c430048d01a1cdf4fb0a18fa076f7b485360d3588a32c61818f8a	AF35_COMPONENT_ABLATION_ASSOCIATION_ROBUSTNESS_v1/AF35_SINGLE_GENE_ASSOCIATION_ABLATION.tsv	48ff45f3189fd43a545b43d4da3ff49d9c59831bc535a433145436c661afbc88	environment/; historical records only; complete locked environment unavailable	Whole-figure PDF hash identifies the frozen container, not a separately cropped panel. Support-table associations require exact panel-value and producer closure. Source-table paths are original-workspace-relative evidence identifiers, not shipped paths. Candidate code evidence in SOURCE_SCRIPT_EVIDENCE.tsv; display code is not a numerical producer.
MAIN_5D	Main	Figure 5D	See source table and data/SOURCE_DATA_MANIFEST.tsv; panel-specific input contract unresolved	Patient/sample; cells/regions are nested observations where applicable	UNRESOLVED_NO_APPROVED_CURRENT_ENTRYPOINT	config/ANALYSIS_PARAMETER_MANIFEST.tsv	UNRESOLVED_PUBLIC_ACQUISITION_CONTRACT	NOT_REDISTRIBUTED_OR_UNRESOLVED		新绘图流程/FIGURE5_FINAL_TYPOGRAPHY_SPACING_V1/FIGURE5_FINAL_TYPOGRAPHY_SPACING_AUTHOR_REVIEW.pdf	06ef21694c2c430048d01a1cdf4fb0a18fa076f7b485360d3588a32c61818f8a	AF35_COMPONENT_ABLATION_ASSOCIATION_ROBUSTNESS_v1/AF35_RANDOM_DROPOUT_ASSOCIATION_ROBUSTNESS.tsv | HCC_FINAL_AI_REVIEW_CORRECTION_20260921_V1/recovered_sources/CLINICAL_ROBUSTNESS_FROZEN_SUMMARY.tsv	e518c44ad3aff0478818b16b764fbb81aea64ef0168bd54e1cbf9fa83b48e3d7 | feb9e5ea8b7254f3ff8a1538005d900a2be4e827baa41d5824e781fce6da61e4	environment/; historical records only; complete locked environment unavailable	Whole-figure PDF hash identifies the frozen container, not a separately cropped panel. Support-table associations require exact panel-value and producer closure. Source-table paths are original-workspace-relative evidence identifiers, not shipped paths. Candidate code evidence in SOURCE_SCRIPT_EVIDENCE.tsv; display code is not a numerical producer.
MAIN_5E	Main	Figure 5E	See source table and data/SOURCE_DATA_MANIFEST.tsv; panel-specific input contract unresolved	Patient/sample; cells/regions are nested observations where applicable	UNRESOLVED_NO_APPROVED_CURRENT_ENTRYPOINT	config/ANALYSIS_PARAMETER_MANIFEST.tsv	UNRESOLVED_PUBLIC_ACQUISITION_CONTRACT	NOT_REDISTRIBUTED_OR_UNRESOLVED		新绘图流程/FIGURE5_FINAL_TYPOGRAPHY_SPACING_V1/FIGURE5_FINAL_TYPOGRAPHY_SPACING_AUTHOR_REVIEW.pdf	06ef21694c2c430048d01a1cdf4fb0a18fa076f7b485360d3588a32c61818f8a	AF35_MATCHED_RANDOM_CLINICAL_NULL_v1/AF35_MATCHED_NULL_PRIMARY_SUMMARY.tsv | AF35_MATCHED_RANDOM_CLINICAL_NULL_v1/AF35_MATCHED_NULL_PROGRAM_EFFECTS.tsv	3c6e8fdc5b9459252b5d139c3cdf39e41803cf1177be200e6867c6125b831e25 | 15ccdae92f0984467457c529f1abf404c1a848ff6edc8a82d805b2052e31d7e7	environment/; historical records only; complete locked environment unavailable	Whole-figure PDF hash identifies the frozen container, not a separately cropped panel. Support-table associations require exact panel-value and producer closure. Source-table paths are original-workspace-relative evidence identifiers, not shipped paths. Candidate code evidence in SOURCE_SCRIPT_EVIDENCE.tsv; display code is not a numerical producer.
MAIN_5F	Main	Figure 5F	See source table and data/SOURCE_DATA_MANIFEST.tsv; panel-specific input contract unresolved	Patient/sample; cells/regions are nested observations where applicable	UNRESOLVED_NO_APPROVED_CURRENT_ENTRYPOINT	config/ANALYSIS_PARAMETER_MANIFEST.tsv	UNRESOLVED_PUBLIC_ACQUISITION_CONTRACT	NOT_REDISTRIBUTED_OR_UNRESOLVED		新绘图流程/FIGURE5_FINAL_TYPOGRAPHY_SPACING_V1/FIGURE5_FINAL_TYPOGRAPHY_SPACING_AUTHOR_REVIEW.pdf	06ef21694c2c430048d01a1cdf4fb0a18fa076f7b485360d3588a32c61818f8a	AF35_MATCHED_RANDOM_CLINICAL_NULL_v1/AF35_MATCHED_NULL_CROSS_COHORT.tsv	77385838a7119735ac6a4423b5635fe8bae42d0aa79b6b67ec12495127a3f69b	environment/; historical records only; complete locked environment unavailable	Whole-figure PDF hash identifies the frozen container, not a separately cropped panel. Support-table associations require exact panel-value and producer closure. Source-table paths are original-workspace-relative evidence identifiers, not shipped paths. Candidate code evidence in SOURCE_SCRIPT_EVIDENCE.tsv; display code is not a numerical producer.
MAIN_5G	Main	Figure 5G	See source table and data/SOURCE_DATA_MANIFEST.tsv; panel-specific input contract unresolved	Patient/sample; cells/regions are nested observations where applicable	UNRESOLVED_NO_APPROVED_CURRENT_ENTRYPOINT	config/ANALYSIS_PARAMETER_MANIFEST.tsv	UNRESOLVED_PUBLIC_ACQUISITION_CONTRACT	NOT_REDISTRIBUTED_OR_UNRESOLVED		新绘图流程/FIGURE5_FINAL_TYPOGRAPHY_SPACING_V1/FIGURE5_FINAL_TYPOGRAPHY_SPACING_AUTHOR_REVIEW.pdf	06ef21694c2c430048d01a1cdf4fb0a18fa076f7b485360d3588a32c61818f8a	AF35_BROAD_IMMUNE_RESIDUAL_ASSOCIATION_v1/AF35_BROAD_IMMUNE_CLINICAL_EFFECTS.tsv | AF35_BROAD_IMMUNE_RESIDUAL_ASSOCIATION_v1/AF35_BROAD_IMMUNE_BOOTSTRAP_SUMMARY.tsv	428594f1bd30f431b1f25292756ae0b18398ec8ecad241550049987aa610db05 | ca154dea3fb10a5f242b67f5996ca879cdb0e0e3ad7a6967f8eeedd40a06a454	environment/; historical records only; complete locked environment unavailable	Whole-figure PDF hash identifies the frozen container, not a separately cropped panel. Support-table associations require exact panel-value and producer closure. Source-table paths are original-workspace-relative evidence identifiers, not shipped paths. Candidate code evidence in SOURCE_SCRIPT_EVIDENCE.tsv; display code is not a numerical producer.
MAIN_5H	Main	Figure 5H	See source table and data/SOURCE_DATA_MANIFEST.tsv; panel-specific input contract unresolved	Patient/sample; cells/regions are nested observations where applicable	UNRESOLVED_NO_APPROVED_CURRENT_ENTRYPOINT	config/ANALYSIS_PARAMETER_MANIFEST.tsv	UNRESOLVED_PUBLIC_ACQUISITION_CONTRACT	NOT_REDISTRIBUTED_OR_UNRESOLVED		新绘图流程/FIGURE5_FINAL_TYPOGRAPHY_SPACING_V1/FIGURE5_FINAL_TYPOGRAPHY_SPACING_AUTHOR_REVIEW.pdf	06ef21694c2c430048d01a1cdf4fb0a18fa076f7b485360d3588a32c61818f8a	绘图视觉/FIGURE3_FINAL_PRODUCTION_V1/figure_ready/display_support/F3H_ALL_16_FIRTH_MODELS.tsv	79cec6780fdd5b3d3ceea1ce2a073cd7480ba5460091adb9b5447cc89003a69b	environment/; historical records only; complete locked environment unavailable	Whole-figure PDF hash identifies the frozen container, not a separately cropped panel. Support-table associations require exact panel-value and producer closure. Source-table paths are original-workspace-relative evidence identifiers, not shipped paths. Candidate code evidence in SOURCE_SCRIPT_EVIDENCE.tsv; display code is not a numerical producer.
MAIN_5I	Main	Figure 5I	See source table and data/SOURCE_DATA_MANIFEST.tsv; panel-specific input contract unresolved	Patient/sample; cells/regions are nested observations where applicable	UNRESOLVED_NO_APPROVED_CURRENT_ENTRYPOINT	config/ANALYSIS_PARAMETER_MANIFEST.tsv	UNRESOLVED_PUBLIC_ACQUISITION_CONTRACT	NOT_REDISTRIBUTED_OR_UNRESOLVED		新绘图流程/FIGURE5_FINAL_TYPOGRAPHY_SPACING_V1/FIGURE5_FINAL_TYPOGRAPHY_SPACING_AUTHOR_REVIEW.pdf	06ef21694c2c430048d01a1cdf4fb0a18fa076f7b485360d3588a32c61818f8a	HCC_ICI_project/05_results/tables/pretreatment_clinical_translation/GSE104580_TACE_CONTINUOUS_EFFECTS.tsv	b4f6a8564f8ca9a192eacbf7b9c9570dadb303117bf6c4e2903995d4e1e01408	environment/; historical records only; complete locked environment unavailable	Whole-figure PDF hash identifies the frozen container, not a separately cropped panel. Support-table associations require exact panel-value and producer closure. Source-table paths are original-workspace-relative evidence identifiers, not shipped paths. Candidate code evidence in SOURCE_SCRIPT_EVIDENCE.tsv; display code is not a numerical producer.
TABLE_S01_01	Supplement	Table S1 part 1	See source table and data/SOURCE_DATA_MANIFEST.tsv; panel-specific input contract unresolved	Patient/sample; cells/regions are nested observations where applicable	UNRESOLVED_NO_APPROVED_CURRENT_ENTRYPOINT	config/ANALYSIS_PARAMETER_MANIFEST.tsv	UNRESOLVED_PUBLIC_ACQUISITION_CONTRACT	NOT_REDISTRIBUTED_OR_UNRESOLVED		HCC_FINAL_AI_REVIEW_CORRECTION_20260921_V1/supplement/tables/S01_01.tsv	ab0c9641f0a451f4fe72990db5f83f825b5ed42fc840ccea5a996883023a0aa3	HCC_FINAL_AI_REVIEW_CORRECTION_20260921_V1/UPDATED_DATASET_REGISTRY.tsv	ab0c9641f0a451f4fe72990db5f83f825b5ed42fc840ccea5a996883023a0aa3	environment/; historical records only; complete locked environment unavailable	Datasets actually used and distinct analytical populations. Registry corrected from current source uses; unknown fields explicit, no N inferred from cells. Source-table paths are original-workspace-relative evidence identifiers, not shipped paths. Candidate code evidence in SOURCE_SCRIPT_EVIDENCE.tsv; display code is not a numerical producer.
TABLE_S01_02	Supplement	Table S1 part 2	See source table and data/SOURCE_DATA_MANIFEST.tsv; panel-specific input contract unresolved	Patient/sample; cells/regions are nested observations where applicable	UNRESOLVED_NO_APPROVED_CURRENT_ENTRYPOINT	config/ANALYSIS_PARAMETER_MANIFEST.tsv	UNRESOLVED_PUBLIC_ACQUISITION_CONTRACT	NOT_REDISTRIBUTED_OR_UNRESOLVED		HCC_FINAL_AI_REVIEW_CORRECTION_20260921_V1/supplement/tables/S01_02.tsv	95a645d0cbe3d2053091129e518130c9866bf07f3e25a61e286e3b6620fa6ba2	HCC_SUBMISSION_NEUTRAL_20260920_V1/supplement/tables/S01_01.tsv	2bfec976eea42a74ea4da9b0b5776622f3a74b4d1905bc3eb538b5e9f4887753	environment/; historical records only; complete locked environment unavailable	Historical screened and context-only datasets not used for current main conclusions. Not counted as current analysis datasets. Source-table paths are original-workspace-relative evidence identifiers, not shipped paths. Candidate code evidence in SOURCE_SCRIPT_EVIDENCE.tsv; display code is not a numerical producer.
TABLE_S02_01	Supplement	Table S2 part 1	See source table and data/SOURCE_DATA_MANIFEST.tsv; panel-specific input contract unresolved	Patient/sample; cells/regions are nested observations where applicable	UNRESOLVED_NO_APPROVED_CURRENT_ENTRYPOINT	config/ANALYSIS_PARAMETER_MANIFEST.tsv	UNRESOLVED_PUBLIC_ACQUISITION_CONTRACT	NOT_REDISTRIBUTED_OR_UNRESOLVED		derived_data/publication_source_tables/S02_01.tsv	23f270764398e386333e48fa1c13d00a5847b2758a8eb67a5d23a21fa2b8f482	HCC_ICI_project/05_results/tables/TARGET_RANKING_v1.tsv	c8b98fd7bd5c5da4a01b8f25938e6276fe05701c06f915c5ce403a4f26346976	environment/; historical records only; complete locked environment unavailable	Biological-anchor candidate evidence weighting. Scientific values retained. Absolute path-valued text reduced to filenames for publication. Full source retained in audit archive. Source-table paths are original-workspace-relative evidence identifiers, not shipped paths. Candidate code evidence in SOURCE_SCRIPT_EVIDENCE.tsv; display code is not a numerical producer.
TABLE_S02_02	Supplement	Table S2 part 2	See source table and data/SOURCE_DATA_MANIFEST.tsv; panel-specific input contract unresolved	Patient/sample; cells/regions are nested observations where applicable	UNRESOLVED_NO_APPROVED_CURRENT_ENTRYPOINT	config/ANALYSIS_PARAMETER_MANIFEST.tsv	UNRESOLVED_PUBLIC_ACQUISITION_CONTRACT	NOT_REDISTRIBUTED_OR_UNRESOLVED		derived_data/publication_source_tables/S02_02.tsv	d49d75abcfe4f767ee9bfa41662ab4c5c215ea44361bef383fccfcfdc29e9665	HCC_ICI_project/05_results/tables/TARGET_RANKING_EVIDENCE_GRADES_v1.tsv	cdce7a9154c837b73497bfd843ef91376c73c54d8e4d657d773a45c597bc905d	environment/; historical records only; complete locked environment unavailable	Biological-anchor candidate evidence weighting. Scientific values retained. Absolute path-valued text reduced to filenames for publication. Full source retained in audit archive. Source-table paths are original-workspace-relative evidence identifiers, not shipped paths. Candidate code evidence in SOURCE_SCRIPT_EVIDENCE.tsv; display code is not a numerical producer.
TABLE_S03_01	Supplement	Table S3 part 1	See source table and data/SOURCE_DATA_MANIFEST.tsv; panel-specific input contract unresolved	Patient/sample; cells/regions are nested observations where applicable	UNRESOLVED_NO_APPROVED_CURRENT_ENTRYPOINT	config/ANALYSIS_PARAMETER_MANIFEST.tsv	UNRESOLVED_PUBLIC_ACQUISITION_CONTRACT	NOT_REDISTRIBUTED_OR_UNRESOLVED		HCC_FINAL_AI_REVIEW_CORRECTION_20260921_V1/supplement/tables/S03_01.tsv	38ba707760755e5c3c221f37bcab48b70285846f6c728de4aeaf6437bb20505a	AF35_RESPONSE_BLIND_PROGRAM_COHERENCE_v1/inputs/AF35_ORDERED_GENES.tsv	94c9fcfc9fb5a7247d594ad4cc6109db3a0ffa2cfcec1e9e1c9795becc8370a4	environment/; historical records only; complete locked environment unavailable	AF35 ordered gene definition and source chronology. Scientific values retained. Absolute path-valued text reduced to filenames for publication. Full source retained in audit archive. Source-table paths are original-workspace-relative evidence identifiers, not shipped paths. Candidate code evidence in SOURCE_SCRIPT_EVIDENCE.tsv; display code is not a numerical producer.
TABLE_S03_02	Supplement	Table S3 part 2	See source table and data/SOURCE_DATA_MANIFEST.tsv; panel-specific input contract unresolved	Patient/sample; cells/regions are nested observations where applicable	UNRESOLVED_NO_APPROVED_CURRENT_ENTRYPOINT	config/ANALYSIS_PARAMETER_MANIFEST.tsv	UNRESOLVED_PUBLIC_ACQUISITION_CONTRACT	NOT_REDISTRIBUTED_OR_UNRESOLVED		HCC_FINAL_AI_REVIEW_CORRECTION_20260921_V1/supplement/tables/S03_02.tsv	f1a00457df87a8cf55c50826a952e00d08b3bfb8cedaf59e17d45745191726cd	HCC_ICI_AF35_FIRST_APPEARANCE_TIMELINE.tsv	4ed3e59d53efc682bb611d3da3dbffca5d65a558428e5eea3898b4ab1b2ac174	environment/; historical records only; complete locked environment unavailable	Documented AF35 source chronology; local-copy timestamps. Exact frozen source export; no reanalysis. Source-table paths are original-workspace-relative evidence identifiers, not shipped paths. Candidate code evidence in SOURCE_SCRIPT_EVIDENCE.tsv; display code is not a numerical producer.
TABLE_S03_03	Supplement	Table S3 part 3	See source table and data/SOURCE_DATA_MANIFEST.tsv; panel-specific input contract unresolved	Patient/sample; cells/regions are nested observations where applicable	UNRESOLVED_NO_APPROVED_CURRENT_ENTRYPOINT	config/ANALYSIS_PARAMETER_MANIFEST.tsv	UNRESOLVED_PUBLIC_ACQUISITION_CONTRACT	NOT_REDISTRIBUTED_OR_UNRESOLVED		HCC_FINAL_AI_REVIEW_CORRECTION_20260921_V1/supplement/tables/S03_03.tsv	fb459648c21a0d3664bd344b40d8b6e7589c83fd503b15c272f98ae7f3c8fb6a	HCC_ICI_AF35_HISTORICAL_OCCURRENCES.tsv	ac4ef259371becca87d6edf36f572102a97750b900c9a39d211e0c0b908109a6	environment/; historical records only; complete locked environment unavailable	Recorded AF35 membership reuse evidence. Exact frozen source export; no reanalysis. Source-table paths are original-workspace-relative evidence identifiers, not shipped paths. Candidate code evidence in SOURCE_SCRIPT_EVIDENCE.tsv; display code is not a numerical producer.
TABLE_S03_04	Supplement	Table S3 part 4	See source table and data/SOURCE_DATA_MANIFEST.tsv; panel-specific input contract unresolved	Patient/sample; cells/regions are nested observations where applicable	UNRESOLVED_NO_APPROVED_CURRENT_ENTRYPOINT	config/ANALYSIS_PARAMETER_MANIFEST.tsv	UNRESOLVED_PUBLIC_ACQUISITION_CONTRACT	NOT_REDISTRIBUTED_OR_UNRESOLVED		derived_data/publication_source_tables/S03_04.tsv	9e98004533cc0e15b33ee3dae27bb8012a9ec6e497c0117f1a027ff10fc31bc1	HCC_FINAL_AI_REVIEW_CORRECTION_20260921_V1/AF35_PLATFORM_SPECIFICATION.tsv	9e98004533cc0e15b33ee3dae27bb8012a9ec6e497c0117f1a027ff10fc31bc1	environment/; historical records only; complete locked environment unavailable	AF35 platform specification and assay-specific scales. Exact frozen source export; no reanalysis. Source-table paths are original-workspace-relative evidence identifiers, not shipped paths. Candidate code evidence in SOURCE_SCRIPT_EVIDENCE.tsv; display code is not a numerical producer.
TABLE_S04_01	Supplement	Table S4 part 1	See source table and data/SOURCE_DATA_MANIFEST.tsv; panel-specific input contract unresolved	Patient/sample; cells/regions are nested observations where applicable	UNRESOLVED_NO_APPROVED_CURRENT_ENTRYPOINT	config/ANALYSIS_PARAMETER_MANIFEST.tsv	UNRESOLVED_PUBLIC_ACQUISITION_CONTRACT	NOT_REDISTRIBUTED_OR_UNRESOLVED		derived_data/publication_source_tables/S04_01.tsv	a13bfceda3810336264e00d65c9de6293da5278dc2da66b4acd0209fcf3e5f1c	新绘图流程/FIGURE1_DISPLAY_SUPPORT_UMAP_AND_PROGRAM_ANALYSIS_V1/STATE_CELL_COUNTS.tsv	edb75845954096532171dde1919d7dce6f137b708542d9903c66fbbb5033218d	environment/; historical records only; complete locked environment unavailable	Figure 1 single-cell state and functional-program support. Scientific values retained. Absolute path-valued text reduced to filenames for publication. Full source retained in audit archive. Source-table paths are original-workspace-relative evidence identifiers, not shipped paths. Candidate code evidence in SOURCE_SCRIPT_EVIDENCE.tsv; display code is not a numerical producer.
TABLE_S04_02	Supplement	Table S4 part 2	See source table and data/SOURCE_DATA_MANIFEST.tsv; panel-specific input contract unresolved	Patient/sample; cells/regions are nested observations where applicable	UNRESOLVED_NO_APPROVED_CURRENT_ENTRYPOINT	config/ANALYSIS_PARAMETER_MANIFEST.tsv	UNRESOLVED_PUBLIC_ACQUISITION_CONTRACT	NOT_REDISTRIBUTED_OR_UNRESOLVED		derived_data/publication_source_tables/S04_02.tsv	88948509703a0411c09cea6fb649c647c4f984058ac2080c36118b1b9f499c0c	绘图视觉/FIGURE1_FINAL_DATA_DRIVEN_PRODUCTION_V1/figure_ready/C_PROGRAM_STATE.tsv	5c2e56f0ec741d901957e0bf13f059a246332308b3fef20641138ab6eff5270a	environment/; historical records only; complete locked environment unavailable	Figure 1 single-cell state and functional-program support. Scientific values retained. Absolute path-valued text reduced to filenames for publication. Full source retained in audit archive. Source-table paths are original-workspace-relative evidence identifiers, not shipped paths. Candidate code evidence in SOURCE_SCRIPT_EVIDENCE.tsv; display code is not a numerical producer.
TABLE_S04_03	Supplement	Table S4 part 3	See source table and data/SOURCE_DATA_MANIFEST.tsv; panel-specific input contract unresolved	Patient/sample; cells/regions are nested observations where applicable	UNRESOLVED_NO_APPROVED_CURRENT_ENTRYPOINT	config/ANALYSIS_PARAMETER_MANIFEST.tsv	UNRESOLVED_PUBLIC_ACQUISITION_CONTRACT	NOT_REDISTRIBUTED_OR_UNRESOLVED		derived_data/publication_source_tables/S04_03.tsv	88948509703a0411c09cea6fb649c647c4f984058ac2080c36118b1b9f499c0c	HCC_ICI_BIOLOGICAL_RESOLUTION_BR1_v1/data/FIGURE1_STATE_PROGRAM_ASSOCIATION_PLOT_READY.tsv	5c2e56f0ec741d901957e0bf13f059a246332308b3fef20641138ab6eff5270a	environment/; historical records only; complete locked environment unavailable	Figure 1 single-cell state and functional-program support. Scientific values retained. Absolute path-valued text reduced to filenames for publication. Full source retained in audit archive. Source-table paths are original-workspace-relative evidence identifiers, not shipped paths. Candidate code evidence in SOURCE_SCRIPT_EVIDENCE.tsv; display code is not a numerical producer.
TABLE_S04_04	Supplement	Table S4 part 4	See source table and data/SOURCE_DATA_MANIFEST.tsv; panel-specific input contract unresolved	Patient/sample; cells/regions are nested observations where applicable	UNRESOLVED_NO_APPROVED_CURRENT_ENTRYPOINT	config/ANALYSIS_PARAMETER_MANIFEST.tsv	UNRESOLVED_PUBLIC_ACQUISITION_CONTRACT	NOT_REDISTRIBUTED_OR_UNRESOLVED		derived_data/publication_source_tables/S04_04.tsv	7d676631ace7cdb5cb41aecabce322fb9ec379a08977d1b47609dd02d01f28fe	HCC_ICI_BIOLOGICAL_RESOLUTION_BR1_v1/data/FIGURE1_CANONICAL_MARKER_STATE_PLOT_READY.tsv	421e930a8d7173fe04bbf93824d9059e486866593fe1ee93d4555580621f3d4f	environment/; historical records only; complete locked environment unavailable	Figure 1 single-cell state and functional-program support. Scientific values retained. Absolute path-valued text reduced to filenames for publication. Full source retained in audit archive. Source-table paths are original-workspace-relative evidence identifiers, not shipped paths. Candidate code evidence in SOURCE_SCRIPT_EVIDENCE.tsv; display code is not a numerical producer.
TABLE_S04_05	Supplement	Table S4 part 5	See source table and data/SOURCE_DATA_MANIFEST.tsv; panel-specific input contract unresolved	Patient/sample; cells/regions are nested observations where applicable	UNRESOLVED_NO_APPROVED_CURRENT_ENTRYPOINT	config/ANALYSIS_PARAMETER_MANIFEST.tsv	UNRESOLVED_PUBLIC_ACQUISITION_CONTRACT	NOT_REDISTRIBUTED_OR_UNRESOLVED		derived_data/publication_source_tables/S04_05.tsv	0bacb255224420a2b67526706ba5d97e479c5d203069adb851fd7ddf1d3782b7	新绘图流程/FIGURE1_DISPLAY_SUPPORT_UMAP_AND_PROGRAM_ANALYSIS_V1/PROGRAM_GENE_COVERAGE.tsv	026cf4ce9713ac40341b1fbf53ef1c25c63f1a335af9666d32d42aa274bf158e	environment/; historical records only; complete locked environment unavailable	Figure 1 single-cell state and functional-program support. Scientific values retained. Absolute path-valued text reduced to filenames for publication. Full source retained in audit archive. Source-table paths are original-workspace-relative evidence identifiers, not shipped paths. Candidate code evidence in SOURCE_SCRIPT_EVIDENCE.tsv; display code is not a numerical producer.
TABLE_S05_01	Supplement	Table S5 part 1	See source table and data/SOURCE_DATA_MANIFEST.tsv; panel-specific input contract unresolved	Patient/sample; cells/regions are nested observations where applicable	UNRESOLVED_NO_APPROVED_CURRENT_ENTRYPOINT	config/ANALYSIS_PARAMETER_MANIFEST.tsv	UNRESOLVED_PUBLIC_ACQUISITION_CONTRACT	NOT_REDISTRIBUTED_OR_UNRESOLVED		derived_data/publication_source_tables/S05_01.tsv	3d9f69e9eb478e7d45f8d77705454f3f2ab845b64b7db40b172f571dcf7fe2ba	HCC_ICI_project/05_results/tables/final_harmonization/PTPN22_FINAL_META_MODELS.tsv	51dc935060c676ea5b380abd4b92f322eb6bf0cb55b9164cc7b6c4b4da4b63f6	environment/; historical records only; complete locked environment unavailable	Figure 1 whole-tumor, perturbation and genetic estimates. Scientific values retained. Absolute path-valued text reduced to filenames for publication. Full source retained in audit archive. Source-table paths are original-workspace-relative evidence identifiers, not shipped paths. Candidate code evidence in SOURCE_SCRIPT_EVIDENCE.tsv; display code is not a numerical producer.
TABLE_S05_02	Supplement	Table S5 part 2	See source table and data/SOURCE_DATA_MANIFEST.tsv; panel-specific input contract unresolved	Patient/sample; cells/regions are nested observations where applicable	UNRESOLVED_NO_APPROVED_CURRENT_ENTRYPOINT	config/ANALYSIS_PARAMETER_MANIFEST.tsv	UNRESOLVED_PUBLIC_ACQUISITION_CONTRACT	NOT_REDISTRIBUTED_OR_UNRESOLVED		derived_data/publication_source_tables/S05_02.tsv	1de87511d871048adf22c5a51d8ccae7a127966270d8fee9bcb02836ff496f04	HCC_ICI_project/05_results/tables/phase17a_public_perturbation/PHASE17A_GSE314342_TARGET_QC.tsv	0bedd95fbccc9afb1aa96329778878ff4ffb7b6b64666a7c0362e607a798cb21	environment/; historical records only; complete locked environment unavailable	Figure 1 whole-tumor, perturbation and genetic estimates. Scientific values retained. Absolute path-valued text reduced to filenames for publication. Full source retained in audit archive. Source-table paths are original-workspace-relative evidence identifiers, not shipped paths. Candidate code evidence in SOURCE_SCRIPT_EVIDENCE.tsv; display code is not a numerical producer.
TABLE_S05_03	Supplement	Table S5 part 3	See source table and data/SOURCE_DATA_MANIFEST.tsv; panel-specific input contract unresolved	Patient/sample; cells/regions are nested observations where applicable	UNRESOLVED_NO_APPROVED_CURRENT_ENTRYPOINT	config/ANALYSIS_PARAMETER_MANIFEST.tsv	UNRESOLVED_PUBLIC_ACQUISITION_CONTRACT	NOT_REDISTRIBUTED_OR_UNRESOLVED		derived_data/publication_source_tables/S05_03.tsv	df732e05ed546703ef90a70c13a27143d1668978572f912ab2934f340a6f4efe	PTPN22_HUMAN_GENETIC_ACTIVATION_Phase1_v1/03_primary/GSE94859_AF35_GENOTYPE_INTERACTION.tsv	482e02e4822cf53b85acaee71eef94bade01bb01962f6ce5a6294c8a6739ccdc	environment/; historical records only; complete locked environment unavailable	Figure 1 whole-tumor, perturbation and genetic estimates. Scientific values retained. Absolute path-valued text reduced to filenames for publication. Full source retained in audit archive. Source-table paths are original-workspace-relative evidence identifiers, not shipped paths. Candidate code evidence in SOURCE_SCRIPT_EVIDENCE.tsv; display code is not a numerical producer.
TABLE_S05_04	Supplement	Table S5 part 4	See source table and data/SOURCE_DATA_MANIFEST.tsv; panel-specific input contract unresolved	Patient/sample; cells/regions are nested observations where applicable	UNRESOLVED_NO_APPROVED_CURRENT_ENTRYPOINT	config/ANALYSIS_PARAMETER_MANIFEST.tsv	UNRESOLVED_PUBLIC_ACQUISITION_CONTRACT	NOT_REDISTRIBUTED_OR_UNRESOLVED		HCC_FINAL_AI_REVIEW_CORRECTION_20260921_V1/supplement/tables/S05_04.tsv	4ab325bff4f89997a577ef2e923cd538cf5f8e3665098e5c2724480c7d402797	PTPN22_AF35_COUPLING_ARCHITECTURE_v1/03_primary/PTPN22_AF35_PATIENT_COUPLING_DECOMPOSITION.tsv	9304e6c0e09e82113aec38e501cd673fbbbf0c7859fab6b44e82eea8ebeee620	environment/; historical records only; complete locked environment unavailable	Figure 1 whole-tumor, perturbation and genetic estimates. Scientific values retained. Absolute path-valued text reduced to filenames for publication. Full source retained in audit archive. Source-table paths are original-workspace-relative evidence identifiers, not shipped paths. Candidate code evidence in SOURCE_SCRIPT_EVIDENCE.tsv; display code is not a numerical producer.
TABLE_S05_05	Supplement	Table S5 part 5	See source table and data/SOURCE_DATA_MANIFEST.tsv; panel-specific input contract unresolved	Patient/sample; cells/regions are nested observations where applicable	UNRESOLVED_NO_APPROVED_CURRENT_ENTRYPOINT	config/ANALYSIS_PARAMETER_MANIFEST.tsv	UNRESOLVED_PUBLIC_ACQUISITION_CONTRACT	NOT_REDISTRIBUTED_OR_UNRESOLVED		HCC_FINAL_AI_REVIEW_CORRECTION_20260921_V1/supplement/tables/S05_05.tsv	3702296e74f808d729c0f96597f541dd6b0a5a2de726081607dcd0baee5642db	PTPN22_AF35_COUPLING_ARCHITECTURE_v1/07_robustness/PTPN22_AF35_TECHNICAL_SENSITIVITY.tsv	24eaecfa209ffb87ccababfbc9a308706eb8474b516977b001ff2643e1b8e4a1	environment/; historical records only; complete locked environment unavailable	Figure 1 whole-tumor, perturbation and genetic estimates. Scientific values retained. Absolute path-valued text reduced to filenames for publication. Full source retained in audit archive. Source-table paths are original-workspace-relative evidence identifiers, not shipped paths. Candidate code evidence in SOURCE_SCRIPT_EVIDENCE.tsv; display code is not a numerical producer.
TABLE_S05_06	Supplement	Table S5 part 6	See source table and data/SOURCE_DATA_MANIFEST.tsv; panel-specific input contract unresolved	Patient/sample; cells/regions are nested observations where applicable	UNRESOLVED_NO_APPROVED_CURRENT_ENTRYPOINT	config/ANALYSIS_PARAMETER_MANIFEST.tsv	UNRESOLVED_PUBLIC_ACQUISITION_CONTRACT	NOT_REDISTRIBUTED_OR_UNRESOLVED		HCC_FINAL_AI_REVIEW_CORRECTION_20260921_V1/supplement/tables/S05_06.tsv	f5af9aa795236572f5fc2989b3f8681fb668738c60db02dbd4a1d1835216a732	PTPN22_AF35_COUPLING_ARCHITECTURE_v1/07_robustness/PTPN22_AF35_RARE_STATE_SENSITIVITY.tsv	a0d986348735093695610e6254c3a5d47e49b909ba6bfb15f8e91a16ad6d04ff	environment/; historical records only; complete locked environment unavailable	Figure 1 whole-tumor, perturbation and genetic estimates. Scientific values retained. Absolute path-valued text reduced to filenames for publication. Full source retained in audit archive. Source-table paths are original-workspace-relative evidence identifiers, not shipped paths. Candidate code evidence in SOURCE_SCRIPT_EVIDENCE.tsv; display code is not a numerical producer.
TABLE_S05_07	Supplement	Table S5 part 7	See source table and data/SOURCE_DATA_MANIFEST.tsv; panel-specific input contract unresolved	Patient/sample; cells/regions are nested observations where applicable	UNRESOLVED_NO_APPROVED_CURRENT_ENTRYPOINT	config/ANALYSIS_PARAMETER_MANIFEST.tsv	UNRESOLVED_PUBLIC_ACQUISITION_CONTRACT	NOT_REDISTRIBUTED_OR_UNRESOLVED		derived_data/publication_source_tables/S05_07.tsv	280cdb57b09e90402e079da5419f68afd023660948d3e8c9a7d1f0ce31a735d7	PTPN22_AF35_PROGRAM_PERTURBATION_PROJECTION_v1/PTPN22_AF35_SYSTEM_PROGRAM_SHIFT.tsv	8fca0555b3392a3a5c2ad18651a03d26942e2033ab72f9092e9914aa5876a1d1	environment/; historical records only; complete locked environment unavailable	Figure 1 whole-tumor, perturbation and genetic estimates. Scientific values retained. Absolute path-valued text reduced to filenames for publication. Full source retained in audit archive. Source-table paths are original-workspace-relative evidence identifiers, not shipped paths. Candidate code evidence in SOURCE_SCRIPT_EVIDENCE.tsv; display code is not a numerical producer.
TABLE_S05_08	Supplement	Table S5 part 8	See source table and data/SOURCE_DATA_MANIFEST.tsv; panel-specific input contract unresolved	Patient/sample; cells/regions are nested observations where applicable	UNRESOLVED_NO_APPROVED_CURRENT_ENTRYPOINT	config/ANALYSIS_PARAMETER_MANIFEST.tsv	UNRESOLVED_PUBLIC_ACQUISITION_CONTRACT	NOT_REDISTRIBUTED_OR_UNRESOLVED		HCC_FINAL_AI_REVIEW_CORRECTION_20260921_V1/supplement/tables/S05_08.tsv	f593481a143227b17cca3a7208bed7a383b16f9cfc12fdb004d1606370f9ffa5	PTPN22_AF35_PROGRAM_PERTURBATION_PROJECTION_v1/PTPN22_AF35_GENE_LEVEL_FROZEN_EFFECTS.tsv	7b1499bf19586de4d4c9e7ce493f1a546da0ab0ea0a4f2d6e51607b56b4a38c4	environment/; historical records only; complete locked environment unavailable	Figure 1 whole-tumor, perturbation and genetic estimates. Scientific values retained. Absolute path-valued text reduced to filenames for publication. Full source retained in audit archive. Source-table paths are original-workspace-relative evidence identifiers, not shipped paths. Candidate code evidence in SOURCE_SCRIPT_EVIDENCE.tsv; display code is not a numerical producer.
TABLE_S05_09	Supplement	Table S5 part 9	See source table and data/SOURCE_DATA_MANIFEST.tsv; panel-specific input contract unresolved	Patient/sample; cells/regions are nested observations where applicable	UNRESOLVED_NO_APPROVED_CURRENT_ENTRYPOINT	config/ANALYSIS_PARAMETER_MANIFEST.tsv	UNRESOLVED_PUBLIC_ACQUISITION_CONTRACT	NOT_REDISTRIBUTED_OR_UNRESOLVED		HCC_FINAL_AI_REVIEW_CORRECTION_20260921_V1/supplement/tables/S05_09.tsv	b92b75a10398b9fed5f97d880f8c610d95fa7152fa80f1a15bcaea2ce51dc80a	PTPN22_STATE_AXIS_SPECIFICITY_v1/03_lineage/PTPN22_AF35_CD4_COUPLING_DECOMPOSITION.tsv	3fc74e313748440902f135fd911a43d08c5a464dd3f1f2eb993892fc4845c165	environment/; historical records only; complete locked environment unavailable	Figure 1 whole-tumor, perturbation and genetic estimates. Scientific values retained. Absolute path-valued text reduced to filenames for publication. Full source retained in audit archive. Source-table paths are original-workspace-relative evidence identifiers, not shipped paths. Candidate code evidence in SOURCE_SCRIPT_EVIDENCE.tsv; display code is not a numerical producer.
TABLE_S05_10	Supplement	Table S5 part 10	See source table and data/SOURCE_DATA_MANIFEST.tsv; panel-specific input contract unresolved	Patient/sample; cells/regions are nested observations where applicable	UNRESOLVED_NO_APPROVED_CURRENT_ENTRYPOINT	config/ANALYSIS_PARAMETER_MANIFEST.tsv	UNRESOLVED_PUBLIC_ACQUISITION_CONTRACT	NOT_REDISTRIBUTED_OR_UNRESOLVED		HCC_FINAL_AI_REVIEW_CORRECTION_20260921_V1/supplement/tables/S05_10.tsv	58f7d84081d1acdc218545480013c1e292f073f3c99eadbd8ddeaa9135519b59	PTPN22_STATE_AXIS_SPECIFICITY_v1/03_lineage/PTPN22_AF35_CD8_COUPLING_DECOMPOSITION.tsv	3fca37504b3567ad579863f79d9db554e7372f0f435c7e9be760c19130b296d1	environment/; historical records only; complete locked environment unavailable	Figure 1 whole-tumor, perturbation and genetic estimates. Scientific values retained. Absolute path-valued text reduced to filenames for publication. Full source retained in audit archive. Source-table paths are original-workspace-relative evidence identifiers, not shipped paths. Candidate code evidence in SOURCE_SCRIPT_EVIDENCE.tsv; display code is not a numerical producer.
TABLE_S05_11	Supplement	Table S5 part 11	See source table and data/SOURCE_DATA_MANIFEST.tsv; panel-specific input contract unresolved	Patient/sample; cells/regions are nested observations where applicable	UNRESOLVED_NO_APPROVED_CURRENT_ENTRYPOINT	config/ANALYSIS_PARAMETER_MANIFEST.tsv	UNRESOLVED_PUBLIC_ACQUISITION_CONTRACT	NOT_REDISTRIBUTED_OR_UNRESOLVED		derived_data/publication_source_tables/S05_11.tsv	d715805c4e44f396b043a9ae4358bcf09abba760718151e5e73dd018627454b4	PTPN22_STATE_AXIS_SPECIFICITY_v1/03_lineage/PTPN22_STATE_LINEAGE_MAP.tsv	0465a8e21a94ecb5091ef10930fe42285f6de16e24e3ab6f237b0e32b71b5016	environment/; historical records only; complete locked environment unavailable	Figure 1 whole-tumor, perturbation and genetic estimates. Scientific values retained. Absolute path-valued text reduced to filenames for publication. Full source retained in audit archive. Source-table paths are original-workspace-relative evidence identifiers, not shipped paths. Candidate code evidence in SOURCE_SCRIPT_EVIDENCE.tsv; display code is not a numerical producer.
TABLE_S05_12	Supplement	Table S5 part 12	See source table and data/SOURCE_DATA_MANIFEST.tsv; panel-specific input contract unresolved	Patient/sample; cells/regions are nested observations where applicable	UNRESOLVED_NO_APPROVED_CURRENT_ENTRYPOINT	config/ANALYSIS_PARAMETER_MANIFEST.tsv	UNRESOLVED_PUBLIC_ACQUISITION_CONTRACT	NOT_REDISTRIBUTED_OR_UNRESOLVED		HCC_FINAL_AI_REVIEW_CORRECTION_20260921_V1/supplement/tables/S05_12.tsv	1d4cd25b122fbb293a07cc450185a9c1290d579f4ed4eb40713e698745ac5823	PTPN22_STATE_AXIS_SPECIFICITY_v1/05_loso/PTPN22_AF35_LOSO_BY_PATIENT.tsv	9a81e8494adadc1bf9009f452cfab8b0362f74be06d4c61934eb82d62b800764	environment/; historical records only; complete locked environment unavailable	Figure 1 whole-tumor, perturbation and genetic estimates. Scientific values retained. Absolute path-valued text reduced to filenames for publication. Full source retained in audit archive. Source-table paths are original-workspace-relative evidence identifiers, not shipped paths. Candidate code evidence in SOURCE_SCRIPT_EVIDENCE.tsv; display code is not a numerical producer.
TABLE_S05_13	Supplement	Table S5 part 13	See source table and data/SOURCE_DATA_MANIFEST.tsv; panel-specific input contract unresolved	Patient/sample; cells/regions are nested observations where applicable	UNRESOLVED_NO_APPROVED_CURRENT_ENTRYPOINT	config/ANALYSIS_PARAMETER_MANIFEST.tsv	UNRESOLVED_PUBLIC_ACQUISITION_CONTRACT	NOT_REDISTRIBUTED_OR_UNRESOLVED		derived_data/publication_source_tables/S05_13.tsv	111f8f2bf943357b24e276a33bf455a3c684b61f7ee195d2b411801ecbb6af1e	PTPN22_STATE_AXIS_SPECIFICITY_v1/05_loso/PTPN22_AF35_LOSO_SUMMARY.tsv	8b15fb5f8dd0ca91ecbc4b75c5710a00a7155212c128812355447bb1ff81c2ae	environment/; historical records only; complete locked environment unavailable	Figure 1 whole-tumor, perturbation and genetic estimates. Scientific values retained. Absolute path-valued text reduced to filenames for publication. Full source retained in audit archive. Source-table paths are original-workspace-relative evidence identifiers, not shipped paths. Candidate code evidence in SOURCE_SCRIPT_EVIDENCE.tsv; display code is not a numerical producer.
TABLE_S05_14	Supplement	Table S5 part 14	See source table and data/SOURCE_DATA_MANIFEST.tsv; panel-specific input contract unresolved	Patient/sample; cells/regions are nested observations where applicable	UNRESOLVED_NO_APPROVED_CURRENT_ENTRYPOINT	config/ANALYSIS_PARAMETER_MANIFEST.tsv	UNRESOLVED_PUBLIC_ACQUISITION_CONTRACT	NOT_REDISTRIBUTED_OR_UNRESOLVED		HCC_FINAL_AI_REVIEW_CORRECTION_20260921_V1/supplement/tables/S05_14.tsv	938c69d96bd30310b94064f823e986e545787bbcd1c4b8a7d21d6b03669c31c0	PTPN22_STATE_AXIS_SPECIFICITY_v1/06_contributions/PTPN22_AF35_STATE_BETWEEN_CONTRIBUTION.tsv	ff84d54ca72236d8ed57a2be5aefc48b2458cd131ea30722729e3a4e9f62eeee	environment/; historical records only; complete locked environment unavailable	Figure 1 whole-tumor, perturbation and genetic estimates. Scientific values retained. Absolute path-valued text reduced to filenames for publication. Full source retained in audit archive. Source-table paths are original-workspace-relative evidence identifiers, not shipped paths. Candidate code evidence in SOURCE_SCRIPT_EVIDENCE.tsv; display code is not a numerical producer.
TABLE_S05_15	Supplement	Table S5 part 15	See source table and data/SOURCE_DATA_MANIFEST.tsv; panel-specific input contract unresolved	Patient/sample; cells/regions are nested observations where applicable	UNRESOLVED_NO_APPROVED_CURRENT_ENTRYPOINT	config/ANALYSIS_PARAMETER_MANIFEST.tsv	UNRESOLVED_PUBLIC_ACQUISITION_CONTRACT	NOT_REDISTRIBUTED_OR_UNRESOLVED		derived_data/publication_source_tables/S05_15.tsv	70f0aacf270f8e1f751fc236981e8e629483a2b339ad6075cb92fd5b0c11e7c7	PTPN22_STATE_AXIS_SPECIFICITY_v1/06_contributions/PTPN22_AF35_STATE_BETWEEN_CONTRIBUTION_SUMMARY.tsv	b36ab8d057b36483586d4b4a108854c0b31466e215565f1c40cbd5780aacfcd2	environment/; historical records only; complete locked environment unavailable	Figure 1 whole-tumor, perturbation and genetic estimates. Scientific values retained. Absolute path-valued text reduced to filenames for publication. Full source retained in audit archive. Source-table paths are original-workspace-relative evidence identifiers, not shipped paths. Candidate code evidence in SOURCE_SCRIPT_EVIDENCE.tsv; display code is not a numerical producer.
TABLE_S05_16	Supplement	Table S5 part 16	See source table and data/SOURCE_DATA_MANIFEST.tsv; panel-specific input contract unresolved	Patient/sample; cells/regions are nested observations where applicable	UNRESOLVED_NO_APPROVED_CURRENT_ENTRYPOINT	config/ANALYSIS_PARAMETER_MANIFEST.tsv	UNRESOLVED_PUBLIC_ACQUISITION_CONTRACT	NOT_REDISTRIBUTED_OR_UNRESOLVED		HCC_FINAL_AI_REVIEW_CORRECTION_20260921_V1/supplement/tables/S05_16.tsv	bca4c81bfecae142ae8a55c40fbe8368762f8543fcd14c17d3b59028d52f91c9	PTPN22_STATE_AXIS_SPECIFICITY_v1/07_sensitivity/PTPN22_AF35_LINEAGE_TECHNICAL_ADJUSTMENT.tsv	05dff6f936a4fb2c37e7a3074e0a9b30ae7f91580de005a26853023e1f2929e0	environment/; historical records only; complete locked environment unavailable	Figure 1 whole-tumor, perturbation and genetic estimates. Scientific values retained. Absolute path-valued text reduced to filenames for publication. Full source retained in audit archive. Source-table paths are original-workspace-relative evidence identifiers, not shipped paths. Candidate code evidence in SOURCE_SCRIPT_EVIDENCE.tsv; display code is not a numerical producer.
TABLE_S06_01	Supplement	Table S6 part 1	See source table and data/SOURCE_DATA_MANIFEST.tsv; panel-specific input contract unresolved	Patient/sample; cells/regions are nested observations where applicable	UNRESOLVED_NO_APPROVED_CURRENT_ENTRYPOINT	config/ANALYSIS_PARAMETER_MANIFEST.tsv	UNRESOLVED_PUBLIC_ACQUISITION_CONTRACT	NOT_REDISTRIBUTED_OR_UNRESOLVED		derived_data/publication_source_tables/S06_01.tsv	c21800a66b784d2841e31bf5f84e4f7072f6319f7e4f6b4445091a448043a441	HCC_ICI_project/05_results/tables/phase17b_af35_portability/PHASE17B_AF35_LEAVE_ONE_GENE_OUT.tsv	05812dcbcca0ce89a16b6fb5f53c02f47c0fe4eaf6ef9cfb89d1a391ccb03860	environment/; historical records only; complete locked environment unavailable	Complete AF35 measurement-stability results. Scientific values retained. Absolute path-valued text reduced to filenames for publication. Full source retained in audit archive. Source-table paths are original-workspace-relative evidence identifiers, not shipped paths. Candidate code evidence in SOURCE_SCRIPT_EVIDENCE.tsv; display code is not a numerical producer.
TABLE_S06_02	Supplement	Table S6 part 2	See source table and data/SOURCE_DATA_MANIFEST.tsv; panel-specific input contract unresolved	Patient/sample; cells/regions are nested observations where applicable	UNRESOLVED_NO_APPROVED_CURRENT_ENTRYPOINT	config/ANALYSIS_PARAMETER_MANIFEST.tsv	UNRESOLVED_PUBLIC_ACQUISITION_CONTRACT	NOT_REDISTRIBUTED_OR_UNRESOLVED		derived_data/publication_source_tables/S06_02.tsv	1e0714ee7a88ef9eecd64db88650ddc77b215b211eefec527c263cdaca8d2087	HCC_ICI_project/05_results/tables/phase17b_af35_portability/PHASE17B_AF35_RANDOM_DROPOUT_SUMMARY.tsv	b12a663c99a357862bc2b22f54ef2b579f385272c874c071c320cc66aec81304	environment/; historical records only; complete locked environment unavailable	Complete AF35 measurement-stability results. Scientific values retained. Absolute path-valued text reduced to filenames for publication. Full source retained in audit archive. Source-table paths are original-workspace-relative evidence identifiers, not shipped paths. Candidate code evidence in SOURCE_SCRIPT_EVIDENCE.tsv; display code is not a numerical producer.
TABLE_S06_03	Supplement	Table S6 part 3	See source table and data/SOURCE_DATA_MANIFEST.tsv; panel-specific input contract unresolved	Patient/sample; cells/regions are nested observations where applicable	UNRESOLVED_NO_APPROVED_CURRENT_ENTRYPOINT	config/ANALYSIS_PARAMETER_MANIFEST.tsv	UNRESOLVED_PUBLIC_ACQUISITION_CONTRACT	NOT_REDISTRIBUTED_OR_UNRESOLVED		derived_data/publication_source_tables/S06_03.tsv	501a5189e5f7513c0dc1b0e90be01bf290b3bc798260b5dc71aead3bee25e67c	HCC_ICI_project/05_results/tables/phase17b_af35_portability/PHASE17B_AF35_WORST_CASE_DROPOUT.tsv	790bb7cd7b372e12e7de74de19298023e04c0c6662a681b6b2ac2e3a07d82511	environment/; historical records only; complete locked environment unavailable	Complete AF35 measurement-stability results. Scientific values retained. Absolute path-valued text reduced to filenames for publication. Full source retained in audit archive. Source-table paths are original-workspace-relative evidence identifiers, not shipped paths. Candidate code evidence in SOURCE_SCRIPT_EVIDENCE.tsv; display code is not a numerical producer.
TABLE_S06_04	Supplement	Table S6 part 4	See source table and data/SOURCE_DATA_MANIFEST.tsv; panel-specific input contract unresolved	Patient/sample; cells/regions are nested observations where applicable	UNRESOLVED_NO_APPROVED_CURRENT_ENTRYPOINT	config/ANALYSIS_PARAMETER_MANIFEST.tsv	UNRESOLVED_PUBLIC_ACQUISITION_CONTRACT	NOT_REDISTRIBUTED_OR_UNRESOLVED		derived_data/publication_source_tables/S06_04.tsv	df5487be52f020825a3944665f8272fec82fd9397b4a84ba2834caf06d6d0e63	HCC_ICI_project/05_results/tables/phase17b_af35_portability/PHASE17B_AF35_DEPTH_THINNING.tsv	69458f5f6f4f960b5f661ac6da4ff3c5dc17b420c39ecece8a097a2cf9ab1338	environment/; historical records only; complete locked environment unavailable	Complete AF35 measurement-stability results. Scientific values retained. Absolute path-valued text reduced to filenames for publication. Full source retained in audit archive. Source-table paths are original-workspace-relative evidence identifiers, not shipped paths. Candidate code evidence in SOURCE_SCRIPT_EVIDENCE.tsv; display code is not a numerical producer.
TABLE_S06_05	Supplement	Table S6 part 5	See source table and data/SOURCE_DATA_MANIFEST.tsv; panel-specific input contract unresolved	Patient/sample; cells/regions are nested observations where applicable	UNRESOLVED_NO_APPROVED_CURRENT_ENTRYPOINT	config/ANALYSIS_PARAMETER_MANIFEST.tsv	UNRESOLVED_PUBLIC_ACQUISITION_CONTRACT	NOT_REDISTRIBUTED_OR_UNRESOLVED		derived_data/publication_source_tables/S06_05.tsv	38dc61ca9eed6be00ceda3257185448b0e656fc053f10291b53f20e8bbd73cf2	HCC_ICI_project/05_results/tables/phase17b_af35_portability/PHASE17B_AF35_RANK_SCORE_SENSITIVITY.tsv	4f395e37e510d3341ec2e236565676a78314c3001c1f8d4f50766c2e28f93b21	environment/; historical records only; complete locked environment unavailable	Complete AF35 measurement-stability results. Scientific values retained. Absolute path-valued text reduced to filenames for publication. Full source retained in audit archive. Source-table paths are original-workspace-relative evidence identifiers, not shipped paths. Candidate code evidence in SOURCE_SCRIPT_EVIDENCE.tsv; display code is not a numerical producer.
TABLE_S06_06	Supplement	Table S6 part 6	See source table and data/SOURCE_DATA_MANIFEST.tsv; panel-specific input contract unresolved	Patient/sample; cells/regions are nested observations where applicable	UNRESOLVED_NO_APPROVED_CURRENT_ENTRYPOINT	config/ANALYSIS_PARAMETER_MANIFEST.tsv	UNRESOLVED_PUBLIC_ACQUISITION_CONTRACT	NOT_REDISTRIBUTED_OR_UNRESOLVED		derived_data/publication_source_tables/S06_06.tsv	a451d51c17fbafd7b9b36151e684eb0e877ac7888f7eab1924c375e823abd817	HCC_ICI_project/05_results/tables/phase17b_af35_portability/PHASE17B_AF35_SINGLE_GENE_DOMINANCE.tsv	59930375412e2275fbb0db0dca4682dce096788a4e264cb991ce4859da7aacae	environment/; historical records only; complete locked environment unavailable	Complete AF35 measurement-stability results. Scientific values retained. Absolute path-valued text reduced to filenames for publication. Full source retained in audit archive. Source-table paths are original-workspace-relative evidence identifiers, not shipped paths. Candidate code evidence in SOURCE_SCRIPT_EVIDENCE.tsv; display code is not a numerical producer.
TABLE_S06_07	Supplement	Table S6 part 7	See source table and data/SOURCE_DATA_MANIFEST.tsv; panel-specific input contract unresolved	Patient/sample; cells/regions are nested observations where applicable	UNRESOLVED_NO_APPROVED_CURRENT_ENTRYPOINT	config/ANALYSIS_PARAMETER_MANIFEST.tsv	UNRESOLVED_PUBLIC_ACQUISITION_CONTRACT	NOT_REDISTRIBUTED_OR_UNRESOLVED		derived_data/publication_source_tables/S06_07.tsv	7cdc9aff19713c3d5d3bbfd6df5edba360d69a55dfc8d219041140c67e9998db	AF35_RESPONSE_BLIND_PROGRAM_COHERENCE_v1/AF35_PROGRAM_COHERENCE_RANDOM_REFERENCE_SUMMARY.tsv	2907681423220cdc70612e6363e5c4d742cbb1beb28f55ad8b4367f0d81d7a64	environment/; historical records only; complete locked environment unavailable	Figure 2H exact matched-random coherence summary. Exact frozen source export; no reanalysis. Source-table paths are original-workspace-relative evidence identifiers, not shipped paths. Candidate code evidence in SOURCE_SCRIPT_EVIDENCE.tsv; display code is not a numerical producer.
TABLE_S06_08	Supplement	Table S6 part 8	See source table and data/SOURCE_DATA_MANIFEST.tsv; panel-specific input contract unresolved	Patient/sample; cells/regions are nested observations where applicable	UNRESOLVED_NO_APPROVED_CURRENT_ENTRYPOINT	config/ANALYSIS_PARAMETER_MANIFEST.tsv	UNRESOLVED_PUBLIC_ACQUISITION_CONTRACT	NOT_REDISTRIBUTED_OR_UNRESOLVED		derived_data/publication_source_tables/S06_08.tsv	0690c5a105b8352680ee595fc9469d220a4d673998fd211a82665dbcf1e7235d	AF35_RESPONSE_BLIND_PROGRAM_COHERENCE_v1/AF35_PROGRAM_COHERENCE_RANDOM_REFERENCE_RESULTS.tsv	af4dd9830cd4be85c1b3e8e59252921940c502647a009de24aa395f39025cdee	environment/; historical records only; complete locked environment unavailable	Figure 2H complete matched-program coherence metrics. Exact frozen source export; no reanalysis. Source-table paths are original-workspace-relative evidence identifiers, not shipped paths. Candidate code evidence in SOURCE_SCRIPT_EVIDENCE.tsv; display code is not a numerical producer.
TABLE_S07_01	Supplement	Table S7 part 1	See source table and data/SOURCE_DATA_MANIFEST.tsv; panel-specific input contract unresolved	Patient/sample; cells/regions are nested observations where applicable	UNRESOLVED_NO_APPROVED_CURRENT_ENTRYPOINT	config/ANALYSIS_PARAMETER_MANIFEST.tsv	UNRESOLVED_PUBLIC_ACQUISITION_CONTRACT	NOT_REDISTRIBUTED_OR_UNRESOLVED		HCC_FINAL_AI_REVIEW_CORRECTION_20260921_V1/supplement/tables/S07_01.tsv	65ba9b3ca1717ac58636940e41c317d37d410e129e31973a67d7b8ed68b13c6c	GSE235863_CLONE_STATE_DECOMPOSITION_v1/authority/05_results/tables/phase19a_af35_clonotype/AF35_EXPANDED_SINGLETON_PATIENT_EFFECTS.tsv	5ec50d0657b9b2941fe7056b72edecf7ed1320357053f14bb9e9ce59182bfec9	environment/; historical records only; complete locked environment unavailable	Exact-link eligibility and clone-context patient effects. Scientific values retained. Absolute path-valued text reduced to filenames for publication. Full source retained in audit archive. Source-table paths are original-workspace-relative evidence identifiers, not shipped paths. Candidate code evidence in SOURCE_SCRIPT_EVIDENCE.tsv; display code is not a numerical producer.
TABLE_S07_02	Supplement	Table S7 part 2	See source table and data/SOURCE_DATA_MANIFEST.tsv; panel-specific input contract unresolved	Patient/sample; cells/regions are nested observations where applicable	UNRESOLVED_NO_APPROVED_CURRENT_ENTRYPOINT	config/ANALYSIS_PARAMETER_MANIFEST.tsv	UNRESOLVED_PUBLIC_ACQUISITION_CONTRACT	NOT_REDISTRIBUTED_OR_UNRESOLVED		HCC_FINAL_AI_REVIEW_CORRECTION_20260921_V1/supplement/tables/S07_02.tsv	9979e07056ce12061c39b4b8415a6b28bad2c2935e123e0def2ccc8979276485	GSE235863_CLONE_STATE_DECOMPOSITION_v1/authority/05_results/tables/phase19a_af35_clonotype/AF35_PERSISTENT_NONPERSISTENT_PATIENT_EFFECTS.tsv	7eeee584d89a7710bd51854e97051879cb46223df092b1f7e0003e690751ee50	environment/; historical records only; complete locked environment unavailable	Exact-link eligibility and clone-context patient effects. Scientific values retained. Absolute path-valued text reduced to filenames for publication. Full source retained in audit archive. Source-table paths are original-workspace-relative evidence identifiers, not shipped paths. Candidate code evidence in SOURCE_SCRIPT_EVIDENCE.tsv; display code is not a numerical producer.
TABLE_S07_03	Supplement	Table S7 part 3	See source table and data/SOURCE_DATA_MANIFEST.tsv; panel-specific input contract unresolved	Patient/sample; cells/regions are nested observations where applicable	UNRESOLVED_NO_APPROVED_CURRENT_ENTRYPOINT	config/ANALYSIS_PARAMETER_MANIFEST.tsv	UNRESOLVED_PUBLIC_ACQUISITION_CONTRACT	NOT_REDISTRIBUTED_OR_UNRESOLVED		HCC_FINAL_AI_REVIEW_CORRECTION_20260921_V1/supplement/tables/S07_03.tsv	3d7f20e4195408e7cf7edd0d75d4fccf6e31d7ac6f69601aca581c9a9b08b2fe	GSE235863_CLONE_STATE_DECOMPOSITION_v1/authority/05_results/tables/phase19a_af35_clonotype/AF35_BASELINE_TO_FUTURE_OBSERVED_PATIENT_EFFECTS.tsv	2129a457d60fa91e16435b02527006684a6bd3e37d1ad9e8a8913cac75be8f71	environment/; historical records only; complete locked environment unavailable	Exact-link eligibility and clone-context patient effects. Scientific values retained. Absolute path-valued text reduced to filenames for publication. Full source retained in audit archive. Source-table paths are original-workspace-relative evidence identifiers, not shipped paths. Candidate code evidence in SOURCE_SCRIPT_EVIDENCE.tsv; display code is not a numerical producer.
TABLE_S07_04	Supplement	Table S7 part 4	See source table and data/SOURCE_DATA_MANIFEST.tsv; panel-specific input contract unresolved	Patient/sample; cells/regions are nested observations where applicable	UNRESOLVED_NO_APPROVED_CURRENT_ENTRYPOINT	config/ANALYSIS_PARAMETER_MANIFEST.tsv	UNRESOLVED_PUBLIC_ACQUISITION_CONTRACT	NOT_REDISTRIBUTED_OR_UNRESOLVED		HCC_FINAL_AI_REVIEW_CORRECTION_20260921_V1/supplement/tables/S07_04.tsv	6ca38251c768fe891b887b500b3d3b91b68f23475f8377fa81fd95fdb993a65d	GSE235863_CLONE_STATE_DECOMPOSITION_v1/PAIRED_CDR3_AUTHOR_ID_MERGE_AUDIT.tsv	ecde5102b55107b51e9e13e6aa733d4d147b56841f15c6c54eff43025bd5beab	environment/; historical records only; complete locked environment unavailable	Exact-link eligibility and clone-context patient effects. Scientific values retained. Absolute path-valued text reduced to filenames for publication. Full source retained in audit archive. Source-table paths are original-workspace-relative evidence identifiers, not shipped paths. Candidate code evidence in SOURCE_SCRIPT_EVIDENCE.tsv; display code is not a numerical producer.
TABLE_S07_05	Supplement	Table S7 part 5	See source table and data/SOURCE_DATA_MANIFEST.tsv; panel-specific input contract unresolved	Patient/sample; cells/regions are nested observations where applicable	UNRESOLVED_NO_APPROVED_CURRENT_ENTRYPOINT	config/ANALYSIS_PARAMETER_MANIFEST.tsv	UNRESOLVED_PUBLIC_ACQUISITION_CONTRACT	NOT_REDISTRIBUTED_OR_UNRESOLVED		HCC_FINAL_AI_REVIEW_CORRECTION_20260921_V1/supplement/tables/S07_05.tsv	2ad64428d414c97ed3fe13c334228576eeb207408bb41500bfbaceb2e93e1c7b	GSE235863_CLONE_STATE_DECOMPOSITION_v1/CLONE_STATE_EFFECT_SUMMARY.tsv	c3953c19c21e2a37932cd2ddedfe24619276876120ae2a1b8fe01adce11bb6f6	environment/; historical records only; complete locked environment unavailable	Exact-link eligibility and clone-context patient effects. Scientific values retained. Absolute path-valued text reduced to filenames for publication. Full source retained in audit archive. Source-table paths are original-workspace-relative evidence identifiers, not shipped paths. Candidate code evidence in SOURCE_SCRIPT_EVIDENCE.tsv; display code is not a numerical producer.
TABLE_S07_06	Supplement	Table S7 part 6	See source table and data/SOURCE_DATA_MANIFEST.tsv; panel-specific input contract unresolved	Patient/sample; cells/regions are nested observations where applicable	UNRESOLVED_NO_APPROVED_CURRENT_ENTRYPOINT	config/ANALYSIS_PARAMETER_MANIFEST.tsv	UNRESOLVED_PUBLIC_ACQUISITION_CONTRACT	NOT_REDISTRIBUTED_OR_UNRESOLVED		HCC_FINAL_AI_REVIEW_CORRECTION_20260921_V1/supplement/tables/S07_06.tsv	e5e6915f635be848d6e7bd5838d32a3413dfb9311aca5fefd4f5cff354fbcff2	GSE235863_CLONE_STATE_DECOMPOSITION_v1/CLONE_STATE_PATIENT_EFFECTS.tsv	32436c1a8e578094ac332f90cd5bd6e5363f348732948be2e3f77730def9ad03	environment/; historical records only; complete locked environment unavailable	Exact-link eligibility and clone-context patient effects. Scientific values retained. Absolute path-valued text reduced to filenames for publication. Full source retained in audit archive. Source-table paths are original-workspace-relative evidence identifiers, not shipped paths. Candidate code evidence in SOURCE_SCRIPT_EVIDENCE.tsv; display code is not a numerical producer.
TABLE_S07_07	Supplement	Table S7 part 7	See source table and data/SOURCE_DATA_MANIFEST.tsv; panel-specific input contract unresolved	Patient/sample; cells/regions are nested observations where applicable	UNRESOLVED_NO_APPROVED_CURRENT_ENTRYPOINT	config/ANALYSIS_PARAMETER_MANIFEST.tsv	UNRESOLVED_PUBLIC_ACQUISITION_CONTRACT	NOT_REDISTRIBUTED_OR_UNRESOLVED		HCC_FINAL_AI_REVIEW_CORRECTION_20260921_V1/supplement/tables/S07_07.tsv	37d335e638b9bc3f602e43636302ead6c5cd09e4a1c3ea92ba67f82f68989cb8	HCC_ICI_project/05_results/tables/phase3/GSE235863_WITHIN_PATIENT_CLONAL_ASSOCIATIONS.tsv	b45a0085ad19977e6f3b65c7e3ce216f1aa5d37d2ca5723e4a3f719543bd4920	environment/; historical records only; complete locked environment unavailable	Exact-link eligibility and clone-context patient effects. Scientific values retained. Absolute path-valued text reduced to filenames for publication. Full source retained in audit archive. Source-table paths are original-workspace-relative evidence identifiers, not shipped paths. Candidate code evidence in SOURCE_SCRIPT_EVIDENCE.tsv; display code is not a numerical producer.
TABLE_S07_08	Supplement	Table S7 part 8	See source table and data/SOURCE_DATA_MANIFEST.tsv; panel-specific input contract unresolved	Patient/sample; cells/regions are nested observations where applicable	UNRESOLVED_NO_APPROVED_CURRENT_ENTRYPOINT	config/ANALYSIS_PARAMETER_MANIFEST.tsv	UNRESOLVED_PUBLIC_ACQUISITION_CONTRACT	NOT_REDISTRIBUTED_OR_UNRESOLVED		HCC_FINAL_AI_REVIEW_CORRECTION_20260921_V1/supplement/tables/S07_08.tsv	f8fd9c00acacc7973370fea61e0eadb41d47d14225404df99ac6fec4e82ee7ff	HCC_ICI_project/05_results/tables/temporal/PTPN22_TEMPORAL_SENSITIVITY.tsv	ed994fcb0de9d5672a057a777695f1fa621a70b1c4c84f31e9d17b6240915422	environment/; historical records only; complete locked environment unavailable	Exact-link eligibility and clone-context patient effects. Scientific values retained. Absolute path-valued text reduced to filenames for publication. Full source retained in audit archive. Source-table paths are original-workspace-relative evidence identifiers, not shipped paths. Candidate code evidence in SOURCE_SCRIPT_EVIDENCE.tsv; display code is not a numerical producer.
TABLE_S08_01	Supplement	Table S8 part 1	See source table and data/SOURCE_DATA_MANIFEST.tsv; panel-specific input contract unresolved	Patient/sample; cells/regions are nested observations where applicable	UNRESOLVED_NO_APPROVED_CURRENT_ENTRYPOINT	config/ANALYSIS_PARAMETER_MANIFEST.tsv	UNRESOLVED_PUBLIC_ACQUISITION_CONTRACT	NOT_REDISTRIBUTED_OR_UNRESOLVED		HCC_FINAL_AI_REVIEW_CORRECTION_20260921_V1/supplement/tables/S08_01.tsv	2ad64428d414c97ed3fe13c334228576eeb207408bb41500bfbaceb2e93e1c7b	GSE235863_CLONE_STATE_DECOMPOSITION_v1/CLONE_STATE_EFFECT_SUMMARY.tsv	c3953c19c21e2a37932cd2ddedfe24619276876120ae2a1b8fe01adce11bb6f6	environment/; historical records only; complete locked environment unavailable	AF35 decomposition and weighted-occupancy definitions. Scientific values retained. Absolute path-valued text reduced to filenames for publication. Full source retained in audit archive. Source-table paths are original-workspace-relative evidence identifiers, not shipped paths. Candidate code evidence in SOURCE_SCRIPT_EVIDENCE.tsv; display code is not a numerical producer.
TABLE_S08_02	Supplement	Table S8 part 2	See source table and data/SOURCE_DATA_MANIFEST.tsv; panel-specific input contract unresolved	Patient/sample; cells/regions are nested observations where applicable	UNRESOLVED_NO_APPROVED_CURRENT_ENTRYPOINT	config/ANALYSIS_PARAMETER_MANIFEST.tsv	UNRESOLVED_PUBLIC_ACQUISITION_CONTRACT	NOT_REDISTRIBUTED_OR_UNRESOLVED		HCC_FINAL_AI_REVIEW_CORRECTION_20260921_V1/supplement/tables/S08_02.tsv	43a964efcbe0691aed0b57dca6f1ccb57478490b02b1e57f75645946e5de7777	AF35_CLINICAL_STATE_OCCUPANCY_DECOMPOSITION_v1/AF35_STATE_OCCUPANCY_CLINICAL_DECOMPOSITION.tsv	e86acc76671a5aa24983d7089df32161d0ce8dff39cbb34736385a2788f0fb15	environment/; historical records only; complete locked environment unavailable	AF35 decomposition and weighted-occupancy definitions. Scientific values retained. Absolute path-valued text reduced to filenames for publication. Full source retained in audit archive. Source-table paths are original-workspace-relative evidence identifiers, not shipped paths. Candidate code evidence in SOURCE_SCRIPT_EVIDENCE.tsv; display code is not a numerical producer.
TABLE_S08_03	Supplement	Table S8 part 3	See source table and data/SOURCE_DATA_MANIFEST.tsv; panel-specific input contract unresolved	Patient/sample; cells/regions are nested observations where applicable	UNRESOLVED_NO_APPROVED_CURRENT_ENTRYPOINT	config/ANALYSIS_PARAMETER_MANIFEST.tsv	UNRESOLVED_PUBLIC_ACQUISITION_CONTRACT	NOT_REDISTRIBUTED_OR_UNRESOLVED		HCC_FINAL_AI_REVIEW_CORRECTION_20260921_V1/supplement/tables/S08_03.tsv	0911ef309b7327a46bf67349040096e206ee59ab9b56982496d7f7eff05d47b2	AF35_CLINICAL_STATE_OCCUPANCY_DECOMPOSITION_v1/AF35_STATE_OCCUPANCY_BOOTSTRAP_SUMMARY.tsv	4c8d7a12ccb2b9394d9998d2d5bb5a9d0ec39e2469b4555de712912d3d0e5422	environment/; historical records only; complete locked environment unavailable	AF35 decomposition and weighted-occupancy definitions. Scientific values retained. Absolute path-valued text reduced to filenames for publication. Full source retained in audit archive. Source-table paths are original-workspace-relative evidence identifiers, not shipped paths. Candidate code evidence in SOURCE_SCRIPT_EVIDENCE.tsv; display code is not a numerical producer.
TABLE_S08_04	Supplement	Table S8 part 4	See source table and data/SOURCE_DATA_MANIFEST.tsv; panel-specific input contract unresolved	Patient/sample; cells/regions are nested observations where applicable	UNRESOLVED_NO_APPROVED_CURRENT_ENTRYPOINT	config/ANALYSIS_PARAMETER_MANIFEST.tsv	UNRESOLVED_PUBLIC_ACQUISITION_CONTRACT	NOT_REDISTRIBUTED_OR_UNRESOLVED		HCC_FINAL_AI_REVIEW_CORRECTION_20260921_V1/supplement/tables/S08_04.tsv	4b404c56e24de588670038ce2193320ae9f45aa76db5db65e5ab2076417411b2	AF35_LONGITUDINAL_CLONAL_STATE_DYNAMICS_M2_CLEANROOM_v1/04_phaseB_results/AF35_M2_CLINICAL_LONGITUDINAL_CONTRASTS.tsv	b7f85c49eee9b207079f5a1d6e502bd80d74820ad7ff6505fd350bfd122518bd	environment/; historical records only; complete locked environment unavailable	AF35 decomposition and weighted-occupancy definitions. Scientific values retained. Absolute path-valued text reduced to filenames for publication. Full source retained in audit archive. Source-table paths are original-workspace-relative evidence identifiers, not shipped paths. Candidate code evidence in SOURCE_SCRIPT_EVIDENCE.tsv; display code is not a numerical producer.
TABLE_S08_05	Supplement	Table S8 part 5	See source table and data/SOURCE_DATA_MANIFEST.tsv; panel-specific input contract unresolved	Patient/sample; cells/regions are nested observations where applicable	UNRESOLVED_NO_APPROVED_CURRENT_ENTRYPOINT	config/ANALYSIS_PARAMETER_MANIFEST.tsv	UNRESOLVED_PUBLIC_ACQUISITION_CONTRACT	NOT_REDISTRIBUTED_OR_UNRESOLVED		HCC_FINAL_AI_REVIEW_CORRECTION_20260921_V1/supplement/tables/S08_05.tsv	80abeb460b537675f844338c0ed2a7ab9e6d4f1f1479aba134c55d25c5ce99a1	AF35_CLONOTYPE_NEUTRALIZED_STATE_OCCUPANCY_v1/AF35_CLONE_NEUTRALIZATION_PATIENT_COMPONENTS_RESPONSE_BLIND.tsv	9fabd8f853f5c296b904d87e1f2f93198b04c939525a84d3b8867eb8938df711	environment/; historical records only; complete locked environment unavailable	AF35 decomposition and weighted-occupancy definitions. Scientific values retained. Absolute path-valued text reduced to filenames for publication. Full source retained in audit archive. Source-table paths are original-workspace-relative evidence identifiers, not shipped paths. Candidate code evidence in SOURCE_SCRIPT_EVIDENCE.tsv; display code is not a numerical producer.
TABLE_S08_06	Supplement	Table S8 part 6	See source table and data/SOURCE_DATA_MANIFEST.tsv; panel-specific input contract unresolved	Patient/sample; cells/regions are nested observations where applicable	UNRESOLVED_NO_APPROVED_CURRENT_ENTRYPOINT	config/ANALYSIS_PARAMETER_MANIFEST.tsv	UNRESOLVED_PUBLIC_ACQUISITION_CONTRACT	NOT_REDISTRIBUTED_OR_UNRESOLVED		HCC_FINAL_AI_REVIEW_CORRECTION_20260921_V1/supplement/tables/S08_06.tsv	0846eb8a5e27bf70a5ac3a81424037a4b7c75caaa68c0866b5591431f1337619	AF35_CLONOTYPE_NEUTRALIZED_STATE_OCCUPANCY_v1/AF35_CLONE_NEUTRALIZATION_STATE_CONTRIBUTIONS.tsv	299d183ab28b231fad88e270368d701c5098903488626b9e214ba783a674fbb2	environment/; historical records only; complete locked environment unavailable	AF35 decomposition and weighted-occupancy definitions. Scientific values retained. Absolute path-valued text reduced to filenames for publication. Full source retained in audit archive. Source-table paths are original-workspace-relative evidence identifiers, not shipped paths. Candidate code evidence in SOURCE_SCRIPT_EVIDENCE.tsv; display code is not a numerical producer.
TABLE_S08_07	Supplement	Table S8 part 7	See source table and data/SOURCE_DATA_MANIFEST.tsv; panel-specific input contract unresolved	Patient/sample; cells/regions are nested observations where applicable	UNRESOLVED_NO_APPROVED_CURRENT_ENTRYPOINT	config/ANALYSIS_PARAMETER_MANIFEST.tsv	UNRESOLVED_PUBLIC_ACQUISITION_CONTRACT	NOT_REDISTRIBUTED_OR_UNRESOLVED		HCC_FINAL_AI_REVIEW_CORRECTION_20260921_V1/supplement/tables/S08_07.tsv	77daff8705363ada478b53fba4c496b2d554fd37d0b850492bc5e419d1031557	AF35_CLONOTYPE_NEUTRALIZED_STATE_OCCUPANCY_v1/AF35_CLONE_NEUTRALIZATION_CLINICAL_DECOMPOSITION.tsv	77daff8705363ada478b53fba4c496b2d554fd37d0b850492bc5e419d1031557	environment/; historical records only; complete locked environment unavailable	Seven-patient peripheral-blood clone-equal and clone-size decomposition. Exact frozen 4R/3NR decomposition; no new analysis; O_CELL=O_CLONE+D_SIZE. Source-table paths are original-workspace-relative evidence identifiers, not shipped paths. Candidate code evidence in SOURCE_SCRIPT_EVIDENCE.tsv; display code is not a numerical producer.
TABLE_S09_01	Supplement	Table S9 part 1	See source table and data/SOURCE_DATA_MANIFEST.tsv; panel-specific input contract unresolved	Patient/sample; cells/regions are nested observations where applicable	UNRESOLVED_NO_APPROVED_CURRENT_ENTRYPOINT	config/ANALYSIS_PARAMETER_MANIFEST.tsv	UNRESOLVED_PUBLIC_ACQUISITION_CONTRACT	NOT_REDISTRIBUTED_OR_UNRESOLVED		HCC_FINAL_AI_REVIEW_CORRECTION_20260921_V1/supplement/tables/S09_01.tsv	d15aba91c12c16dc6cd2a022cc87d790ec08086d32e2ac7e878386f95209335a	HCC_ICI_MAIN_FIGURE_FROZEN_SOURCE_PAYLOAD_V2/Figure5/display_support/F5C_ALL_PATIENTS_AND_FROZEN_EFFECTS.tsv	d15aba91c12c16dc6cd2a022cc87d790ec08086d32e2ac7e878386f95209335a	environment/; historical records only; complete locked environment unavailable	Spatial cohort mapping and patient-level statistics. Scientific values retained. Absolute path-valued text reduced to filenames for publication. Full source retained in audit archive. Source-table paths are original-workspace-relative evidence identifiers, not shipped paths. Candidate code evidence in SOURCE_SCRIPT_EVIDENCE.tsv; display code is not a numerical producer.
TABLE_S09_02	Supplement	Table S9 part 2	See source table and data/SOURCE_DATA_MANIFEST.tsv; panel-specific input contract unresolved	Patient/sample; cells/regions are nested observations where applicable	UNRESOLVED_NO_APPROVED_CURRENT_ENTRYPOINT	config/ANALYSIS_PARAMETER_MANIFEST.tsv	UNRESOLVED_PUBLIC_ACQUISITION_CONTRACT	NOT_REDISTRIBUTED_OR_UNRESOLVED		HCC_FINAL_AI_REVIEW_CORRECTION_20260921_V1/supplement/tables/S09_02.tsv	b85d2f994c589b524261ca033218c18b306ed06e257afcf1be252fb474958a5d	HCC_ICI_project/05_results/tables/spatial_specificity_rescue/PTPN22_IMMUNE_MATCHED_REGIONAL_EFFECTS.tsv	9e8b5a0cea2f13be65d03f481b743e5843f92ae70ffbec5d76db077a2c8e1f3e	environment/; historical records only; complete locked environment unavailable	Spatial cohort mapping and patient-level statistics. Scientific values retained. Absolute path-valued text reduced to filenames for publication. Full source retained in audit archive. Source-table paths are original-workspace-relative evidence identifiers, not shipped paths. Candidate code evidence in SOURCE_SCRIPT_EVIDENCE.tsv; display code is not a numerical producer.
TABLE_S09_03	Supplement	Table S9 part 3	See source table and data/SOURCE_DATA_MANIFEST.tsv; panel-specific input contract unresolved	Patient/sample; cells/regions are nested observations where applicable	UNRESOLVED_NO_APPROVED_CURRENT_ENTRYPOINT	config/ANALYSIS_PARAMETER_MANIFEST.tsv	UNRESOLVED_PUBLIC_ACQUISITION_CONTRACT	NOT_REDISTRIBUTED_OR_UNRESOLVED		HCC_FINAL_AI_REVIEW_CORRECTION_20260921_V1/supplement/tables/S09_03.tsv	723dbee086d71f64323806389ba1c87bf5f75262cea1ab72b0d887a71d75b18a	HCC_FINAL_AI_REVIEW_CORRECTION_20260921_V1/WU_PRETREATMENT_SPATIAL_INPUT_AUDIT.tsv	e1601c00558816f2f21ae3cb1ab4362ddda119418e4161fd1a355551229b4ae7	environment/; historical records only; complete locked environment unavailable	Wu pretreatment source object and graph input audit. Exact frozen source export; no reanalysis. Source-table paths are original-workspace-relative evidence identifiers, not shipped paths. Candidate code evidence in SOURCE_SCRIPT_EVIDENCE.tsv; display code is not a numerical producer.
TABLE_S09_04	Supplement	Table S9 part 4	See source table and data/SOURCE_DATA_MANIFEST.tsv; panel-specific input contract unresolved	Patient/sample; cells/regions are nested observations where applicable	UNRESOLVED_NO_APPROVED_CURRENT_ENTRYPOINT	config/ANALYSIS_PARAMETER_MANIFEST.tsv	UNRESOLVED_PUBLIC_ACQUISITION_CONTRACT	NOT_REDISTRIBUTED_OR_UNRESOLVED		HCC_FINAL_AI_REVIEW_CORRECTION_20260921_V1/supplement/tables/S09_04.tsv	84cd11c645731d10cf7ca6985561a2638fa36754f140243c0ca8532465d71e1e	HCC_FINAL_AI_REVIEW_CORRECTION_20260921_V1/recovered_sources/WU_ZERO_COUNT_SENSITIVITY_PATIENT_METRICS.tsv	102132d2b1ae63f1b5d432f9705ed648b814175590315d7f9a07a9f72154cb34	environment/; historical records only; complete locked environment unavailable	Wu single zero-count exclusion sensitivity by patient. Exact frozen source export; no reanalysis. Source-table paths are original-workspace-relative evidence identifiers, not shipped paths. Candidate code evidence in SOURCE_SCRIPT_EVIDENCE.tsv; display code is not a numerical producer.
TABLE_S09_05	Supplement	Table S9 part 5	See source table and data/SOURCE_DATA_MANIFEST.tsv; panel-specific input contract unresolved	Patient/sample; cells/regions are nested observations where applicable	UNRESOLVED_NO_APPROVED_CURRENT_ENTRYPOINT	config/ANALYSIS_PARAMETER_MANIFEST.tsv	UNRESOLVED_PUBLIC_ACQUISITION_CONTRACT	NOT_REDISTRIBUTED_OR_UNRESOLVED		derived_data/publication_source_tables/S09_05.tsv	25d1d5e4078a83b70727a6fb244521f2f250e956ffc22097aa777704c7369cdd	HCC_FINAL_AI_REVIEW_CORRECTION_20260921_V1/recovered_sources/WU_ZERO_COUNT_SENSITIVITY_COHORT_EFFECT.tsv	f2122c8692bed4b660b9e90c65cf00b8d1b8bc0fcbafea75de5556d0ecc6eb4f	environment/; historical records only; complete locked environment unavailable	Wu single zero-count exclusion sensitivity cohort effect. Exact frozen source export; no reanalysis. Source-table paths are original-workspace-relative evidence identifiers, not shipped paths. Candidate code evidence in SOURCE_SCRIPT_EVIDENCE.tsv; display code is not a numerical producer.
TABLE_S10_01	Supplement	Table S10 part 1	See source table and data/SOURCE_DATA_MANIFEST.tsv; panel-specific input contract unresolved	Patient/sample; cells/regions are nested observations where applicable	UNRESOLVED_NO_APPROVED_CURRENT_ENTRYPOINT	config/ANALYSIS_PARAMETER_MANIFEST.tsv	UNRESOLVED_PUBLIC_ACQUISITION_CONTRACT	NOT_REDISTRIBUTED_OR_UNRESOLVED		derived_data/publication_source_tables/S10_01.tsv	fe68342ad062b591938ab619ba2f48f972ad10a87e5436b8608d9606f6aea767	WU_AF35_SPATIAL_CELLULAR_MICROENV_CONTEXT_v1/WU_AF35_HIGH_LOW_MICROENV_CONTEXT.tsv	61ebe99384fc2b9477c543283768322d1858b0e0bb9a41c06742b721d2e7e4ea	environment/; historical records only; complete locked environment unavailable	Adjacent-section CODEX mapping and native 19-code key. Scientific values retained. Absolute path-valued text reduced to filenames for publication. Full source retained in audit archive. Source-table paths are original-workspace-relative evidence identifiers, not shipped paths. Candidate code evidence in SOURCE_SCRIPT_EVIDENCE.tsv; display code is not a numerical producer.
TABLE_S10_02	Supplement	Table S10 part 2	See source table and data/SOURCE_DATA_MANIFEST.tsv; panel-specific input contract unresolved	Patient/sample; cells/regions are nested observations where applicable	UNRESOLVED_NO_APPROVED_CURRENT_ENTRYPOINT	config/ANALYSIS_PARAMETER_MANIFEST.tsv	UNRESOLVED_PUBLIC_ACQUISITION_CONTRACT	NOT_REDISTRIBUTED_OR_UNRESOLVED		HCC_FINAL_AI_REVIEW_CORRECTION_20260921_V1/supplement/tables/S10_02.tsv	23b3f759c34e2a2763a6fe00b20d7c862cd26c21d33e0d2bb0f983428ae450b7	HCC_ICI_BIOLOGICAL_RESOLUTION_BR1_v1/data/WU_ST_CODEX_CONTEXT_MATRIX_PLOT_READY.tsv	c30bf7d3b03735e47f4f2bd2b5c8cabec0dbbfa2deb58e99710a8c6e9ae165c1	environment/; historical records only; complete locked environment unavailable	Adjacent-section CODEX mapping and native 19-code key. Scientific values retained. Absolute path-valued text reduced to filenames for publication. Full source retained in audit archive. Source-table paths are original-workspace-relative evidence identifiers, not shipped paths. Candidate code evidence in SOURCE_SCRIPT_EVIDENCE.tsv; display code is not a numerical producer.
TABLE_S10_03	Supplement	Table S10 part 3	See source table and data/SOURCE_DATA_MANIFEST.tsv; panel-specific input contract unresolved	Patient/sample; cells/regions are nested observations where applicable	UNRESOLVED_NO_APPROVED_CURRENT_ENTRYPOINT	config/ANALYSIS_PARAMETER_MANIFEST.tsv	UNRESOLVED_PUBLIC_ACQUISITION_CONTRACT	NOT_REDISTRIBUTED_OR_UNRESOLVED		derived_data/publication_source_tables/S10_03.tsv	4461806318324b217e07a36c7a15b7b9f2a2650f34046542c839cad4bf0d4071	WU_AF35_SPATIAL_CELLULAR_MICROENV_CONTEXT_v1/WU_AF35_HIGH_LOW_CELLTYPE_CONTEXT.tsv	12571741afbb22530f5aa7135e6d333ed5d6eef9a4cfc771ffeecffeca61f4d9	environment/; historical records only; complete locked environment unavailable	Adjacent-section CODEX mapping and native 19-code key. Scientific values retained. Absolute path-valued text reduced to filenames for publication. Full source retained in audit archive. Source-table paths are original-workspace-relative evidence identifiers, not shipped paths. Candidate code evidence in SOURCE_SCRIPT_EVIDENCE.tsv; display code is not a numerical producer.
TABLE_S10_04	Supplement	Table S10 part 4	See source table and data/SOURCE_DATA_MANIFEST.tsv; panel-specific input contract unresolved	Patient/sample; cells/regions are nested observations where applicable	UNRESOLVED_NO_APPROVED_CURRENT_ENTRYPOINT	config/ANALYSIS_PARAMETER_MANIFEST.tsv	UNRESOLVED_PUBLIC_ACQUISITION_CONTRACT	NOT_REDISTRIBUTED_OR_UNRESOLVED		derived_data/publication_source_tables/S10_04.tsv	a3523750d6ede33f967f75ddb6bc4a051e675e199665f48ee1001fb366523b2e	WU_AF35_DC_CD8_SPATIAL_TOPOLOGY_v1/WU_AF35_DC_CD8_PRIMARY_TEST.tsv	a5a457c7dfddbab0d5b1d252a39af4a50262cfd19c0a2a6d8e6926cca74a3c80	environment/; historical records only; complete locked environment unavailable	Adjacent-section CODEX mapping and native 19-code key. Scientific values retained. Absolute path-valued text reduced to filenames for publication. Full source retained in audit archive. Source-table paths are original-workspace-relative evidence identifiers, not shipped paths. Candidate code evidence in SOURCE_SCRIPT_EVIDENCE.tsv; display code is not a numerical producer.
TABLE_S10_05	Supplement	Table S10 part 5	See source table and data/SOURCE_DATA_MANIFEST.tsv; panel-specific input contract unresolved	Patient/sample; cells/regions are nested observations where applicable	UNRESOLVED_NO_APPROVED_CURRENT_ENTRYPOINT	config/ANALYSIS_PARAMETER_MANIFEST.tsv	UNRESOLVED_PUBLIC_ACQUISITION_CONTRACT	NOT_REDISTRIBUTED_OR_UNRESOLVED		HCC_FINAL_AI_REVIEW_CORRECTION_20260921_V1/supplement/tables/S10_05.tsv	245726a3e3ff542294546fbaad88aa2671bb4e2cb2ff59421edbdf62e06594ef	WU_AF35_DC_CD8_SPATIAL_TOPOLOGY_v1/WU_AF35_DC_CD8_TOPOLOGY_PATIENT_METRICS.tsv	a5ce3792fdd05a21fba8ada6cf4043f3441e02ac3da4fbc413d9f7017884cc8f	environment/; historical records only; complete locked environment unavailable	Adjacent-section CODEX mapping and native 19-code key. Scientific values retained. Absolute path-valued text reduced to filenames for publication. Full source retained in audit archive. Source-table paths are original-workspace-relative evidence identifiers, not shipped paths. Candidate code evidence in SOURCE_SCRIPT_EVIDENCE.tsv; display code is not a numerical producer.
TABLE_S10_06	Supplement	Table S10 part 6	See source table and data/SOURCE_DATA_MANIFEST.tsv; panel-specific input contract unresolved	Patient/sample; cells/regions are nested observations where applicable	UNRESOLVED_NO_APPROVED_CURRENT_ENTRYPOINT	config/ANALYSIS_PARAMETER_MANIFEST.tsv	UNRESOLVED_PUBLIC_ACQUISITION_CONTRACT	NOT_REDISTRIBUTED_OR_UNRESOLVED		HCC_FINAL_AI_REVIEW_CORRECTION_20260921_V1/supplement/tables/S10_06.tsv	0b0e7cc32933fe5cf993e88a67be78e8a8f06e9d91fd34dcfcce4e8c1df801ac	WU_AF35_DC_CD8_SPATIAL_TOPOLOGY_v1/WU_AF35_DC_CD8_TOPOLOGY_ELIGIBILITY.tsv	5ec59674ee2ab03073be5f42bbf0ea1cd1af385aab323c7ae5b4dddf8522011a	environment/; historical records only; complete locked environment unavailable	Adjacent-section CODEX mapping and native 19-code key. Scientific values retained. Absolute path-valued text reduced to filenames for publication. Full source retained in audit archive. Source-table paths are original-workspace-relative evidence identifiers, not shipped paths. Candidate code evidence in SOURCE_SCRIPT_EVIDENCE.tsv; display code is not a numerical producer.
TABLE_S11_01	Supplement	Table S11 part 1	See source table and data/SOURCE_DATA_MANIFEST.tsv; panel-specific input contract unresolved	Patient/sample; cells/regions are nested observations where applicable	UNRESOLVED_NO_APPROVED_CURRENT_ENTRYPOINT	config/ANALYSIS_PARAMETER_MANIFEST.tsv	UNRESOLVED_PUBLIC_ACQUISITION_CONTRACT	NOT_REDISTRIBUTED_OR_UNRESOLVED		HCC_FINAL_AI_REVIEW_CORRECTION_20260921_V1/supplement/tables/S11_01.tsv	52d7465f55128f92574ae35222e15fe66e5ad58d895cf05aabbff472cad93c3b	AF35_MATCHED_RANDOM_CLINICAL_NULL_v1/ANALYSIS_PATIENT_ELIGIBILITY.tsv	6b0135ce28b97b6c77fca77d592644abb0173b4113896459393f903c98a90687	environment/; historical records only; complete locked environment unavailable	Pretreatment clinical eligibility, endpoints and primary effects. Scientific values retained. Absolute path-valued text reduced to filenames for publication. Full source retained in audit archive. Source-table paths are original-workspace-relative evidence identifiers, not shipped paths. Candidate code evidence in SOURCE_SCRIPT_EVIDENCE.tsv; display code is not a numerical producer.
TABLE_S11_02	Supplement	Table S11 part 2	See source table and data/SOURCE_DATA_MANIFEST.tsv; panel-specific input contract unresolved	Patient/sample; cells/regions are nested observations where applicable	UNRESOLVED_NO_APPROVED_CURRENT_ENTRYPOINT	config/ANALYSIS_PARAMETER_MANIFEST.tsv	UNRESOLVED_PUBLIC_ACQUISITION_CONTRACT	NOT_REDISTRIBUTED_OR_UNRESOLVED		HCC_FINAL_AI_REVIEW_CORRECTION_20260921_V1/supplement/tables/S11_02.tsv	36d6ca13636608d535684993481615e802c0824273ec24c59472cf926ce3b806	HCC_ICI_project/01_metadata/phase15b_public_replication/GSE302495_PATIENT_RESPONSE_MAP.tsv	fd2d8101719bd178e0b28680645e86319a30e485f210dd8f27fae04dc1c83b8d	environment/; historical records only; complete locked environment unavailable	Pretreatment clinical eligibility, endpoints and primary effects. Scientific values retained. Absolute path-valued text reduced to filenames for publication. Full source retained in audit archive. Source-table paths are original-workspace-relative evidence identifiers, not shipped paths. Candidate code evidence in SOURCE_SCRIPT_EVIDENCE.tsv; display code is not a numerical producer.
TABLE_S11_03	Supplement	Table S11 part 3	See source table and data/SOURCE_DATA_MANIFEST.tsv; panel-specific input contract unresolved	Patient/sample; cells/regions are nested observations where applicable	UNRESOLVED_NO_APPROVED_CURRENT_ENTRYPOINT	config/ANALYSIS_PARAMETER_MANIFEST.tsv	UNRESOLVED_PUBLIC_ACQUISITION_CONTRACT	NOT_REDISTRIBUTED_OR_UNRESOLVED		derived_data/publication_source_tables/S11_03.tsv	ff8be9686eb0e151b1e820f9dfc05c557302b985471c2bcdb7e97dcb58aeff7e	HCC_ICI_project/05_results/tables/pretreatment_clinical_translation/ERP117672_AF_PROGRAM_RESPONSE_ASSOCIATION.tsv	a4a693bb75db9c34f7df7863db3dadda6197c0cd8a8b32553a309a50ce681511	environment/; historical records only; complete locked environment unavailable	Historical clinical effects with original intervals. Original numbers retained; explicitly historical. Current Figure 5A primary interval is S11_10. Source-table paths are original-workspace-relative evidence identifiers, not shipped paths. Candidate code evidence in SOURCE_SCRIPT_EVIDENCE.tsv; display code is not a numerical producer.
TABLE_S11_04	Supplement	Table S11 part 4	See source table and data/SOURCE_DATA_MANIFEST.tsv; panel-specific input contract unresolved	Patient/sample; cells/regions are nested observations where applicable	UNRESOLVED_NO_APPROVED_CURRENT_ENTRYPOINT	config/ANALYSIS_PARAMETER_MANIFEST.tsv	UNRESOLVED_PUBLIC_ACQUISITION_CONTRACT	NOT_REDISTRIBUTED_OR_UNRESOLVED		derived_data/publication_source_tables/S11_04.tsv	a234eb40472e605fc899afc476f6bace69371ce88db9dd80ef65846dbadf4845	HCC_ICI_project/05_results/tables/pretreatment_clinical_translation/ERP117672_PTPN22_RESPONSE_ASSOCIATION.tsv	f8c036a4c2c99376b023395a6a008647bb9780f9e4ae1f85581c92cbcd1c99e1	environment/; historical records only; complete locked environment unavailable	Historical clinical effects with original intervals. Original numbers retained; explicitly historical. Current Figure 5A primary interval is S11_10. Source-table paths are original-workspace-relative evidence identifiers, not shipped paths. Candidate code evidence in SOURCE_SCRIPT_EVIDENCE.tsv; display code is not a numerical producer.
TABLE_S11_05	Supplement	Table S11 part 5	See source table and data/SOURCE_DATA_MANIFEST.tsv; panel-specific input contract unresolved	Patient/sample; cells/regions are nested observations where applicable	UNRESOLVED_NO_APPROVED_CURRENT_ENTRYPOINT	config/ANALYSIS_PARAMETER_MANIFEST.tsv	UNRESOLVED_PUBLIC_ACQUISITION_CONTRACT	NOT_REDISTRIBUTED_OR_UNRESOLVED		HCC_FINAL_AI_REVIEW_CORRECTION_20260921_V1/supplement/tables/S11_05.tsv	73db1df5b1450058bb67df7c21d23d75c158a59ba34c1c8b15dcbba570d5054d	HCC_ICI_project/05_results/tables/pretreatment_clinical_translation/ERP117672_PRETREATMENT_PATIENT_SCORES.tsv	cbb868e6bb539a3204db416adadc95d4addf7a47fdaa8053b0fbe2fe3d0c145a	environment/; historical records only; complete locked environment unavailable	Pretreatment clinical eligibility, endpoints and primary effects. Scientific values retained. Absolute path-valued text reduced to filenames for publication. Full source retained in audit archive. Source-table paths are original-workspace-relative evidence identifiers, not shipped paths. Candidate code evidence in SOURCE_SCRIPT_EVIDENCE.tsv; display code is not a numerical producer.
TABLE_S11_06	Supplement	Table S11 part 6	See source table and data/SOURCE_DATA_MANIFEST.tsv; panel-specific input contract unresolved	Patient/sample; cells/regions are nested observations where applicable	UNRESOLVED_NO_APPROVED_CURRENT_ENTRYPOINT	config/ANALYSIS_PARAMETER_MANIFEST.tsv	UNRESOLVED_PUBLIC_ACQUISITION_CONTRACT	NOT_REDISTRIBUTED_OR_UNRESOLVED		HCC_FINAL_AI_REVIEW_CORRECTION_20260921_V1/supplement/tables/S11_06.tsv	9e49c9dd0165b355a9028fa9bf79ebb35b5ac9c6917f66e9deb37800f5e312aa	HCC_ICI_project/05_results/tables/phase15b_public_replication/GSE302495_PATIENT_LEVEL_SCORES.tsv	c3886e03e0fa1ee073cf8f79f20b75720ffee6469afad5db06d728bdf2da720a	environment/; historical records only; complete locked environment unavailable	Pretreatment clinical eligibility, endpoints and primary effects. Scientific values retained. Absolute path-valued text reduced to filenames for publication. Full source retained in audit archive. Source-table paths are original-workspace-relative evidence identifiers, not shipped paths. Candidate code evidence in SOURCE_SCRIPT_EVIDENCE.tsv; display code is not a numerical producer.
TABLE_S11_07	Supplement	Table S11 part 7	See source table and data/SOURCE_DATA_MANIFEST.tsv; panel-specific input contract unresolved	Patient/sample; cells/regions are nested observations where applicable	UNRESOLVED_NO_APPROVED_CURRENT_ENTRYPOINT	config/ANALYSIS_PARAMETER_MANIFEST.tsv	UNRESOLVED_PUBLIC_ACQUISITION_CONTRACT	NOT_REDISTRIBUTED_OR_UNRESOLVED		derived_data/publication_source_tables/S11_07.tsv	48c9fcbb1d0bd6289958a9d1183fc1d945b5327f92686d1889f456ef3b4c13ba	AF35_BROAD_IMMUNE_RESIDUAL_ASSOCIATION_v1/AF35_BROAD_IMMUNE_CLINICAL_EFFECTS.tsv	428594f1bd30f431b1f25292756ae0b18398ec8ecad241550049987aa610db05	environment/; historical records only; complete locked environment unavailable	Pretreatment clinical eligibility, endpoints and primary effects. Scientific values retained. Absolute path-valued text reduced to filenames for publication. Full source retained in audit archive. Source-table paths are original-workspace-relative evidence identifiers, not shipped paths. Candidate code evidence in SOURCE_SCRIPT_EVIDENCE.tsv; display code is not a numerical producer.
TABLE_S11_08	Supplement	Table S11 part 8	See source table and data/SOURCE_DATA_MANIFEST.tsv; panel-specific input contract unresolved	Patient/sample; cells/regions are nested observations where applicable	UNRESOLVED_NO_APPROVED_CURRENT_ENTRYPOINT	config/ANALYSIS_PARAMETER_MANIFEST.tsv	UNRESOLVED_PUBLIC_ACQUISITION_CONTRACT	NOT_REDISTRIBUTED_OR_UNRESOLVED		derived_data/publication_source_tables/S11_08.tsv	c51fa59d241776ba383795be09665baeff6c0d79db0f6a82cca5ef8038f9d36a	AF35_BROAD_IMMUNE_RESIDUAL_ASSOCIATION_v1/AF35_BROAD_IMMUNE_BOOTSTRAP_SUMMARY.tsv	ca154dea3fb10a5f242b67f5996ca879cdb0e0e3ad7a6967f8eeedd40a06a454	environment/; historical records only; complete locked environment unavailable	Pretreatment clinical eligibility, endpoints and primary effects. Scientific values retained. Absolute path-valued text reduced to filenames for publication. Full source retained in audit archive. Source-table paths are original-workspace-relative evidence identifiers, not shipped paths. Candidate code evidence in SOURCE_SCRIPT_EVIDENCE.tsv; display code is not a numerical producer.
TABLE_S11_09	Supplement	Table S11 part 9	See source table and data/SOURCE_DATA_MANIFEST.tsv; panel-specific input contract unresolved	Patient/sample; cells/regions are nested observations where applicable	UNRESOLVED_NO_APPROVED_CURRENT_ENTRYPOINT	config/ANALYSIS_PARAMETER_MANIFEST.tsv	UNRESOLVED_PUBLIC_ACQUISITION_CONTRACT	NOT_REDISTRIBUTED_OR_UNRESOLVED		HCC_FINAL_AI_REVIEW_CORRECTION_20260921_V1/supplement/tables/S11_09.tsv	537cdf99ef13125581bd7b3f58f012d777071fb9175160a2ae98585357e6144d	AF35_BROAD_IMMUNE_RESIDUAL_ASSOCIATION_v1/AF35_BROAD_IMMUNE_PATIENT_LOO.tsv	2a9fd584b5d500607a89d687877cbab4e39bb81b71bfb3a857527be8f075933e	environment/; historical records only; complete locked environment unavailable	Pretreatment clinical eligibility, endpoints and primary effects. Scientific values retained. Absolute path-valued text reduced to filenames for publication. Full source retained in audit archive. Source-table paths are original-workspace-relative evidence identifiers, not shipped paths. Candidate code evidence in SOURCE_SCRIPT_EVIDENCE.tsv; display code is not a numerical producer.
TABLE_S11_10	Supplement	Table S11 part 10	See source table and data/SOURCE_DATA_MANIFEST.tsv; panel-specific input contract unresolved	Patient/sample; cells/regions are nested observations where applicable	UNRESOLVED_NO_APPROVED_CURRENT_ENTRYPOINT	config/ANALYSIS_PARAMETER_MANIFEST.tsv	UNRESOLVED_PUBLIC_ACQUISITION_CONTRACT	NOT_REDISTRIBUTED_OR_UNRESOLVED		derived_data/publication_source_tables/S11_10.tsv	fcea3cfd53838afa10fe73df671494e5757d661eedf1060e50be5baba28adc0e	CLINICAL_ANCHOR_READOUT_DECOMPOSITION_v1/tables/AF35_VS_PTPN22_PAIRED_DELTA_G.tsv	7af83f70e194da63674034afd595df058b73e34c6f9d93fa3a88d01ce0bd5788	environment/; historical records only; complete locked environment unavailable	Figure 5A current paired bootstrap primary effects. Exact frozen source export; no reanalysis. Source-table paths are original-workspace-relative evidence identifiers, not shipped paths. Candidate code evidence in SOURCE_SCRIPT_EVIDENCE.tsv; display code is not a numerical producer.
TABLE_S11_11	Supplement	Table S11 part 11	See source table and data/SOURCE_DATA_MANIFEST.tsv; panel-specific input contract unresolved	Patient/sample; cells/regions are nested observations where applicable	UNRESOLVED_NO_APPROVED_CURRENT_ENTRYPOINT	config/ANALYSIS_PARAMETER_MANIFEST.tsv	UNRESOLVED_PUBLIC_ACQUISITION_CONTRACT	NOT_REDISTRIBUTED_OR_UNRESOLVED		derived_data/publication_source_tables/S11_11.tsv	79cec6780fdd5b3d3ceea1ce2a073cd7480ba5460091adb9b5447cc89003a69b	绘图视觉/FIGURE3_FINAL_PRODUCTION_V1/figure_ready/display_support/F3H_ALL_16_FIRTH_MODELS.tsv	79cec6780fdd5b3d3ceea1ce2a073cd7480ba5460091adb9b5447cc89003a69b	environment/; historical records only; complete locked environment unavailable	Figure 5H all 16 conditional Firth models. Exact frozen source export; no reanalysis. Source-table paths are original-workspace-relative evidence identifiers, not shipped paths. Candidate code evidence in SOURCE_SCRIPT_EVIDENCE.tsv; display code is not a numerical producer.
TABLE_S11_12	Supplement	Table S11 part 12	See source table and data/SOURCE_DATA_MANIFEST.tsv; panel-specific input contract unresolved	Patient/sample; cells/regions are nested observations where applicable	UNRESOLVED_NO_APPROVED_CURRENT_ENTRYPOINT	config/ANALYSIS_PARAMETER_MANIFEST.tsv	UNRESOLVED_PUBLIC_ACQUISITION_CONTRACT	NOT_REDISTRIBUTED_OR_UNRESOLVED		derived_data/publication_source_tables/S11_12.tsv	e479f679c658a23307fe1edde5298fc29f4f31630281110973a257fb11919cf1	HCC_ICI_project/05_results/tables/pretreatment_clinical_translation/GSE104580_TACE_CONTINUOUS_EFFECTS.tsv	b4f6a8564f8ca9a192eacbf7b9c9570dadb303117bf6c4e2903995d4e1e01408	environment/; historical records only; complete locked environment unavailable	Figure 5I all four TACE effects. Exact frozen source export; no reanalysis. Source-table paths are original-workspace-relative evidence identifiers, not shipped paths. Candidate code evidence in SOURCE_SCRIPT_EVIDENCE.tsv; display code is not a numerical producer.
TABLE_S11_13	Supplement	Table S11 part 13	See source table and data/SOURCE_DATA_MANIFEST.tsv; panel-specific input contract unresolved	Patient/sample; cells/regions are nested observations where applicable	UNRESOLVED_NO_APPROVED_CURRENT_ENTRYPOINT	config/ANALYSIS_PARAMETER_MANIFEST.tsv	UNRESOLVED_PUBLIC_ACQUISITION_CONTRACT	NOT_REDISTRIBUTED_OR_UNRESOLVED		HCC_FINAL_AI_REVIEW_CORRECTION_20260921_V1/supplement/tables/S11_13.tsv	5631937cfca86eda1e42f5d1103eb7dd761a5f14d2f020405f033ef4629ffbc4	HCC_ICI_project/05_results/tables/pretreatment_clinical_translation/GSE104580_TACE_PATIENT_SCORES.tsv	a4bef65af8171242651127ff3e790dc8d7efce2c222ec50d920ca5b99b90e30d	environment/; historical records only; complete locked environment unavailable	GSE104580 patient score source. Exact frozen source export; no reanalysis. Source-table paths are original-workspace-relative evidence identifiers, not shipped paths. Candidate code evidence in SOURCE_SCRIPT_EVIDENCE.tsv; display code is not a numerical producer.
TABLE_S12_01	Supplement	Table S12 part 1	See source table and data/SOURCE_DATA_MANIFEST.tsv; panel-specific input contract unresolved	Patient/sample; cells/regions are nested observations where applicable	UNRESOLVED_NO_APPROVED_CURRENT_ENTRYPOINT	config/ANALYSIS_PARAMETER_MANIFEST.tsv	UNRESOLVED_PUBLIC_ACQUISITION_CONTRACT	NOT_REDISTRIBUTED_OR_UNRESOLVED		derived_data/publication_source_tables/S12_01.tsv	3e6a84f408c5e3f42c4386f3172ad0fc80d02387dd0e84291b18f24e23bcf8df	AF35_COMPONENT_ABLATION_ASSOCIATION_ROBUSTNESS_v1/AF35_SINGLE_GENE_ASSOCIATION_ABLATION.tsv	48ff45f3189fd43a545b43d4da3ff49d9c59831bc535a433145436c661afbc88	environment/; historical records only; complete locked environment unavailable	Clinical ablation and dropout robustness. Scientific values retained. Absolute path-valued text reduced to filenames for publication. Full source retained in audit archive. Source-table paths are original-workspace-relative evidence identifiers, not shipped paths. Candidate code evidence in SOURCE_SCRIPT_EVIDENCE.tsv; display code is not a numerical producer.
TABLE_S12_02	Supplement	Table S12 part 2	See source table and data/SOURCE_DATA_MANIFEST.tsv; panel-specific input contract unresolved	Patient/sample; cells/regions are nested observations where applicable	UNRESOLVED_NO_APPROVED_CURRENT_ENTRYPOINT	config/ANALYSIS_PARAMETER_MANIFEST.tsv	UNRESOLVED_PUBLIC_ACQUISITION_CONTRACT	NOT_REDISTRIBUTED_OR_UNRESOLVED		derived_data/publication_source_tables/S12_02.tsv	a9be0632be1ea39c19b2e3826858c3bb785d81bc7bafc3afeec76dda06320dea	AF35_COMPONENT_ABLATION_ASSOCIATION_ROBUSTNESS_v1/AF35_RANDOM_DROPOUT_ASSOCIATION_ROBUSTNESS.tsv	e518c44ad3aff0478818b16b764fbb81aea64ef0168bd54e1cbf9fa83b48e3d7	environment/; historical records only; complete locked environment unavailable	Clinical ablation and dropout robustness. Scientific values retained. Absolute path-valued text reduced to filenames for publication. Full source retained in audit archive. Source-table paths are original-workspace-relative evidence identifiers, not shipped paths. Candidate code evidence in SOURCE_SCRIPT_EVIDENCE.tsv; display code is not a numerical producer.
TABLE_S12_03	Supplement	Table S12 part 3	See source table and data/SOURCE_DATA_MANIFEST.tsv; panel-specific input contract unresolved	Patient/sample; cells/regions are nested observations where applicable	UNRESOLVED_NO_APPROVED_CURRENT_ENTRYPOINT	config/ANALYSIS_PARAMETER_MANIFEST.tsv	UNRESOLVED_PUBLIC_ACQUISITION_CONTRACT	NOT_REDISTRIBUTED_OR_UNRESOLVED		derived_data/publication_source_tables/S12_03.tsv	feb9e5ea8b7254f3ff8a1538005d900a2be4e827baa41d5824e781fce6da61e4	HCC_FINAL_AI_REVIEW_CORRECTION_20260921_V1/recovered_sources/CLINICAL_ROBUSTNESS_FROZEN_SUMMARY.tsv	feb9e5ea8b7254f3ff8a1538005d900a2be4e827baa41d5824e781fce6da61e4	environment/; historical records only; complete locked environment unavailable	Descriptive summaries extracted from existing ablation and dropout results. Exact frozen source export; no reanalysis. Source-table paths are original-workspace-relative evidence identifiers, not shipped paths. Candidate code evidence in SOURCE_SCRIPT_EVIDENCE.tsv; display code is not a numerical producer.
TABLE_S13_01	Supplement	Table S13 part 1	See source table and data/SOURCE_DATA_MANIFEST.tsv; panel-specific input contract unresolved	Patient/sample; cells/regions are nested observations where applicable	UNRESOLVED_NO_APPROVED_CURRENT_ENTRYPOINT	config/ANALYSIS_PARAMETER_MANIFEST.tsv	UNRESOLVED_PUBLIC_ACQUISITION_CONTRACT	NOT_REDISTRIBUTED_OR_UNRESOLVED		HCC_FINAL_AI_REVIEW_CORRECTION_20260921_V1/supplement/tables/S13_01.tsv	9b54de39f3286663aa707367dd4b208a325d66f9720903458c9835774a21e004	AF35_MATCHED_RANDOM_CLINICAL_NULL_v1/AF35_MATCHED_NULL_PROGRAM_MANIFEST.tsv	9005ad3f8f85dc3e479614ea752e68229b19f2a56e758e52000dd8108c27002e	environment/; historical records only; complete locked environment unavailable	Matched-program eligibility and clinical reference results (unadjusted reference). Scientific values retained. Absolute path-valued text reduced to filenames for publication. Full source retained in audit archive. Source-table paths are original-workspace-relative evidence identifiers, not shipped paths. Candidate code evidence in SOURCE_SCRIPT_EVIDENCE.tsv; display code is not a numerical producer.
TABLE_S13_02	Supplement	Table S13 part 2	See source table and data/SOURCE_DATA_MANIFEST.tsv; panel-specific input contract unresolved	Patient/sample; cells/regions are nested observations where applicable	UNRESOLVED_NO_APPROVED_CURRENT_ENTRYPOINT	config/ANALYSIS_PARAMETER_MANIFEST.tsv	UNRESOLVED_PUBLIC_ACQUISITION_CONTRACT	NOT_REDISTRIBUTED_OR_UNRESOLVED		derived_data/publication_source_tables/S13_02.tsv	ad210120deff2f6567825e90688ade7ef37971c7d22327ea5213601176f0a631	AF35_MATCHED_RANDOM_CLINICAL_NULL_v1/AF35_MATCHED_NULL_CROSS_COHORT.tsv	77385838a7119735ac6a4423b5635fe8bae42d0aa79b6b67ec12495127a3f69b	environment/; historical records only; complete locked environment unavailable	Matched-program eligibility and clinical reference results (unadjusted reference). Scientific values retained. Absolute path-valued text reduced to filenames for publication. Full source retained in audit archive. Source-table paths are original-workspace-relative evidence identifiers, not shipped paths. Candidate code evidence in SOURCE_SCRIPT_EVIDENCE.tsv; display code is not a numerical producer.
TABLE_S13_03	Supplement	Table S13 part 3	See source table and data/SOURCE_DATA_MANIFEST.tsv; panel-specific input contract unresolved	Patient/sample; cells/regions are nested observations where applicable	UNRESOLVED_NO_APPROVED_CURRENT_ENTRYPOINT	config/ANALYSIS_PARAMETER_MANIFEST.tsv	UNRESOLVED_PUBLIC_ACQUISITION_CONTRACT	NOT_REDISTRIBUTED_OR_UNRESOLVED		derived_data/publication_source_tables/S13_03.tsv	633c059412341e4a2ebda8e3d3ac9ebe3d1ca09db7520e0919a0c3a42cb71117	AF35_MATCHED_RANDOM_CLINICAL_NULL_v1/AF35_MATCHED_NULL_PRIMARY_SUMMARY.tsv	3c6e8fdc5b9459252b5d139c3cdf39e41803cf1177be200e6867c6125b831e25	environment/; historical records only; complete locked environment unavailable	Matched-program eligibility and clinical reference results (unadjusted reference). Scientific values retained. Absolute path-valued text reduced to filenames for publication. Full source retained in audit archive. Source-table paths are original-workspace-relative evidence identifiers, not shipped paths. Candidate code evidence in SOURCE_SCRIPT_EVIDENCE.tsv; display code is not a numerical producer.
TABLE_S13_04	Supplement	Table S13 part 4	See source table and data/SOURCE_DATA_MANIFEST.tsv; panel-specific input contract unresolved	Patient/sample; cells/regions are nested observations where applicable	UNRESOLVED_NO_APPROVED_CURRENT_ENTRYPOINT	config/ANALYSIS_PARAMETER_MANIFEST.tsv	UNRESOLVED_PUBLIC_ACQUISITION_CONTRACT	NOT_REDISTRIBUTED_OR_UNRESOLVED		derived_data/publication_source_tables/S13_04.tsv	61e46155c1ac04c0b44fea541ac4a304e240e30677a9a2058128efd9d2331da4	AF35_MATCHED_RANDOM_CLINICAL_NULL_v1/AF35_MATCHED_NULL_PROGRAM_EFFECTS.tsv	15ccdae92f0984467457c529f1abf404c1a848ff6edc8a82d805b2052e31d7e7	environment/; historical records only; complete locked environment unavailable	Matched-program eligibility and clinical reference results (unadjusted reference). Scientific values retained. Absolute path-valued text reduced to filenames for publication. Full source retained in audit archive. Source-table paths are original-workspace-relative evidence identifiers, not shipped paths. Candidate code evidence in SOURCE_SCRIPT_EVIDENCE.tsv; display code is not a numerical producer.
TABLE_S14_01	Supplement	Table S14 part 1	See source table and data/SOURCE_DATA_MANIFEST.tsv; panel-specific input contract unresolved	Patient/sample; cells/regions are nested observations where applicable	UNRESOLVED_NO_APPROVED_CURRENT_ENTRYPOINT	config/ANALYSIS_PARAMETER_MANIFEST.tsv	UNRESOLVED_PUBLIC_ACQUISITION_CONTRACT	NOT_REDISTRIBUTED_OR_UNRESOLVED		derived_data/publication_source_tables/S14_01.tsv	5cb684d8849355ca01b95792a2c934781e4b7d9c93eec4b8b53794114ba15b98	HCC_ICI_project/05_results/tables/phase19b_published_benchmark/AF35_PUBLISHED_SIGNATURE_MOLECULAR_RELATIONSHIPS.tsv	1119916bd571cd5975dcee69330ba2c730bb39fc273b922f54eb79d1330bfe44	environment/; historical records only; complete locked environment unavailable	Published 20-gene interferon program molecular and conditional comparison. Scientific values retained. Absolute path-valued text reduced to filenames for publication. Full source retained in audit archive. Source-table paths are original-workspace-relative evidence identifiers, not shipped paths. Candidate code evidence in SOURCE_SCRIPT_EVIDENCE.tsv; display code is not a numerical producer.
TABLE_S14_02	Supplement	Table S14 part 2	See source table and data/SOURCE_DATA_MANIFEST.tsv; panel-specific input contract unresolved	Patient/sample; cells/regions are nested observations where applicable	UNRESOLVED_NO_APPROVED_CURRENT_ENTRYPOINT	config/ANALYSIS_PARAMETER_MANIFEST.tsv	UNRESOLVED_PUBLIC_ACQUISITION_CONTRACT	NOT_REDISTRIBUTED_OR_UNRESOLVED		derived_data/publication_source_tables/S14_02.tsv	677e10da928c33d64e9111182cccd7b8982447f5021c11dc64ee59021238f9f2	HCC_ICI_project/05_results/tables/phase19b_published_benchmark/PHASE19B_AF35_CONDITIONAL_PUBLISHED_SIGNATURE_MODELS.tsv	5c8a17f3a0cd82b9fa30f104efc295a9904d010b56cb5a62c63340d7ba1ee1bd	environment/; historical records only; complete locked environment unavailable	Published 20-gene interferon program molecular and conditional comparison. Scientific values retained. Absolute path-valued text reduced to filenames for publication. Full source retained in audit archive. Source-table paths are original-workspace-relative evidence identifiers, not shipped paths. Candidate code evidence in SOURCE_SCRIPT_EVIDENCE.tsv; display code is not a numerical producer.
TABLE_S14_03	Supplement	Table S14 part 3	See source table and data/SOURCE_DATA_MANIFEST.tsv; panel-specific input contract unresolved	Patient/sample; cells/regions are nested observations where applicable	UNRESOLVED_NO_APPROVED_CURRENT_ENTRYPOINT	config/ANALYSIS_PARAMETER_MANIFEST.tsv	UNRESOLVED_PUBLIC_ACQUISITION_CONTRACT	NOT_REDISTRIBUTED_OR_UNRESOLVED		derived_data/publication_source_tables/S14_03.tsv	0031c83a37bea203089c47e4f0e972baac9d37b73728fbd7d8872fe93a268c57	HCC_ICI_project/05_results/tables/phase19b_published_benchmark/PHASE19B_AF35_PUBLISHED_SIGNATURE_RESIDUAL_SENSITIVITY.tsv	84784755d199fe9c983fa16f2bf1d51f788be5fd3426e8d58dd44a699573bc9f	environment/; historical records only; complete locked environment unavailable	Published 20-gene interferon program molecular and conditional comparison. Scientific values retained. Absolute path-valued text reduced to filenames for publication. Full source retained in audit archive. Source-table paths are original-workspace-relative evidence identifiers, not shipped paths. Candidate code evidence in SOURCE_SCRIPT_EVIDENCE.tsv; display code is not a numerical producer.
TABLE_S15_01	Supplement	Table S15 part 1	See source table and data/SOURCE_DATA_MANIFEST.tsv; panel-specific input contract unresolved	Patient/sample; cells/regions are nested observations where applicable	UNRESOLVED_NO_APPROVED_CURRENT_ENTRYPOINT	config/ANALYSIS_PARAMETER_MANIFEST.tsv	UNRESOLVED_PUBLIC_ACQUISITION_CONTRACT	NOT_REDISTRIBUTED_OR_UNRESOLVED		HCC_FINAL_AI_REVIEW_CORRECTION_20260921_V1/supplement/tables/S15_01.tsv	c654420513c47a16404aa44e0cc52387eee0be1eda09f5a801d7bf55ea811437	HCC_ICI_project/01_metadata/phase19_final_prewriting/PHASE19_FILE_MANIFEST_SHA256.tsv	79579b7e7b6fcd76389e2d8dcd2cd83ab065ecb785ac10c147cd74b43c887060	environment/; historical records only; complete locked environment unavailable	Software, scripts and reproducibility manifest. Scientific values retained. Absolute path-valued text reduced to filenames for publication. Full source retained in audit archive. Source-table paths are original-workspace-relative evidence identifiers, not shipped paths. Candidate code evidence in SOURCE_SCRIPT_EVIDENCE.tsv; display code is not a numerical producer.
TABLE_S15_02	Supplement	Table S15 part 2	See source table and data/SOURCE_DATA_MANIFEST.tsv; panel-specific input contract unresolved	Patient/sample; cells/regions are nested observations where applicable	UNRESOLVED_NO_APPROVED_CURRENT_ENTRYPOINT	config/ANALYSIS_PARAMETER_MANIFEST.tsv	UNRESOLVED_PUBLIC_ACQUISITION_CONTRACT	NOT_REDISTRIBUTED_OR_UNRESOLVED		HCC_FINAL_AI_REVIEW_CORRECTION_20260921_V1/supplement/tables/S15_02.tsv	d31d775be6b8f4353c59c7d9e511f57df6520e02fcb478b2b903c6e40990a034	HCC_ICI_project/01_metadata/final_harmonization/HCC_ICI_V10_FINAL_HARMONIZATION_FREEZE_MANIFEST_SHA256.tsv	5abcd06a227fa6125a339a4509e43f839648f350e3be29c1dfeb6bc9254fa258	environment/; historical records only; complete locked environment unavailable	Software, scripts and reproducibility manifest. Scientific values retained. Absolute path-valued text reduced to filenames for publication. Full source retained in audit archive. Source-table paths are original-workspace-relative evidence identifiers, not shipped paths. Candidate code evidence in SOURCE_SCRIPT_EVIDENCE.tsv; display code is not a numerical producer.
TABLE_S15_03	Supplement	Table S15 part 3	See source table and data/SOURCE_DATA_MANIFEST.tsv; panel-specific input contract unresolved	Patient/sample; cells/regions are nested observations where applicable	UNRESOLVED_NO_APPROVED_CURRENT_ENTRYPOINT	config/ANALYSIS_PARAMETER_MANIFEST.tsv	UNRESOLVED_PUBLIC_ACQUISITION_CONTRACT	NOT_REDISTRIBUTED_OR_UNRESOLVED		HCC_FINAL_AI_REVIEW_CORRECTION_20260921_V1/supplement/tables/S15_03.tsv	e5f4154818d873dfbcab6d611f6b1fcad33a1b7de87c72f0c6666b1638f776e2	HCC_ICI_project/01_metadata/phase17_dual_strengthening/PHASE17_FILE_MANIFEST_SHA256.tsv	ea634dbfcc42104f4da1891b4ac736a75d50c26cb663c4e130825b5e19a8d95b	environment/; historical records only; complete locked environment unavailable	Software, scripts and reproducibility manifest. Scientific values retained. Absolute path-valued text reduced to filenames for publication. Full source retained in audit archive. Source-table paths are original-workspace-relative evidence identifiers, not shipped paths. Candidate code evidence in SOURCE_SCRIPT_EVIDENCE.tsv; display code is not a numerical producer.
TABLE_S15_04	Supplement	Table S15 part 4	See source table and data/SOURCE_DATA_MANIFEST.tsv; panel-specific input contract unresolved	Patient/sample; cells/regions are nested observations where applicable	UNRESOLVED_NO_APPROVED_CURRENT_ENTRYPOINT	config/ANALYSIS_PARAMETER_MANIFEST.tsv	UNRESOLVED_PUBLIC_ACQUISITION_CONTRACT	NOT_REDISTRIBUTED_OR_UNRESOLVED		HCC_FINAL_AI_REVIEW_CORRECTION_20260921_V1/supplement/tables/S15_04.tsv	6bb90d6bd729581ca475ec4771867affb28b35b49feae3906924487d2e3704af	新绘图流程/FIGURE1_DISPLAY_SUPPORT_UMAP_AND_PROGRAM_ANALYSIS_V1/SOFTWARE_VERSIONS.tsv	1815ed237e8393c2081750b2c3f8f629b514856997041378312057e5d96198c6	environment/; historical records only; complete locked environment unavailable	Software, scripts and reproducibility manifest. Scientific values retained. Absolute path-valued text reduced to filenames for publication. Full source retained in audit archive. Source-table paths are original-workspace-relative evidence identifiers, not shipped paths. Candidate code evidence in SOURCE_SCRIPT_EVIDENCE.tsv; display code is not a numerical producer.
TABLE_S15_05	Supplement	Table S15 part 5	See source table and data/SOURCE_DATA_MANIFEST.tsv; panel-specific input contract unresolved	Patient/sample; cells/regions are nested observations where applicable	UNRESOLVED_NO_APPROVED_CURRENT_ENTRYPOINT	config/ANALYSIS_PARAMETER_MANIFEST.tsv	UNRESOLVED_PUBLIC_ACQUISITION_CONTRACT	NOT_REDISTRIBUTED_OR_UNRESOLVED		HCC_FINAL_AI_REVIEW_CORRECTION_20260921_V1/supplement/tables/S15_05.tsv	3533013ea1d8829efdd73acf9115bc6a8d372215a3823fb76e0bce03e60b8d5a	HCC_FINAL_AI_REVIEW_CORRECTION_20260921_V1/recovered_sources/PYTHON_SPATIAL_ENVIRONMENT.tsv	3533013ea1d8829efdd73acf9115bc6a8d372215a3823fb76e0bce03e60b8d5a	environment/; historical records only; complete locked environment unavailable	Actual Python spatial composition and topology environment. Exact frozen source export; no reanalysis. Source-table paths are original-workspace-relative evidence identifiers, not shipped paths. Candidate code evidence in SOURCE_SCRIPT_EVIDENCE.tsv; display code is not a numerical producer.
TABLE_S15_06	Supplement	Table S15 part 6	See source table and data/SOURCE_DATA_MANIFEST.tsv; panel-specific input contract unresolved	Patient/sample; cells/regions are nested observations where applicable	UNRESOLVED_NO_APPROVED_CURRENT_ENTRYPOINT	config/ANALYSIS_PARAMETER_MANIFEST.tsv	UNRESOLVED_PUBLIC_ACQUISITION_CONTRACT	NOT_REDISTRIBUTED_OR_UNRESOLVED		HCC_FINAL_AI_REVIEW_CORRECTION_20260921_V1/supplement/tables/S15_06.tsv	7a9ceaa90bfbf86ca083d2b07b949488d7884e7465814b6315e1ec87b5ba9752	HCC_FINAL_AI_REVIEW_CORRECTION_20260921_V1/CURRENT_ANALYSIS_ENTRYPOINTS.tsv	7a9ceaa90bfbf86ca083d2b07b949488d7884e7465814b6315e1ec87b5ba9752	environment/; historical records only; complete locked environment unavailable	Current analytical and display entrypoints; static source inspection. ACTIVE_CURRENT/HISTORICAL/DEPRECATED/DISPLAY_ONLY separated; not a tested full raw-data pipeline. Source-table paths are original-workspace-relative evidence identifiers, not shipped paths. Candidate code evidence in SOURCE_SCRIPT_EVIDENCE.tsv; display code is not a numerical producer.
SUPP_FIG_01	Supplement	Figure S1	See source table and data/SOURCE_DATA_MANIFEST.tsv; panel-specific input contract unresolved	Patient/sample; cells/regions are nested observations where applicable	UNRESOLVED_NO_APPROVED_CURRENT_ENTRYPOINT	config/ANALYSIS_PARAMETER_MANIFEST.tsv	UNRESOLVED_PUBLIC_ACQUISITION_CONTRACT	NOT_REDISTRIBUTED_OR_UNRESOLVED		HCC_FINAL_AI_REVIEW_CORRECTION_20260921_V1/supplement/figures/S01.pdf	d321f02a2bbbfce6052016e4018baf11294834e383427bdc90c7a169b0bcd6f7	新绘图流程/FIGURE1_DISPLAY_SUPPORT_UMAP_AND_PROGRAM_ANALYSIS_V1/FIGURE1_DISPLAY_UMAP_COORDINATES_V1.tsv | 新绘图流程/FIGURE1_DISPLAY_SUPPORT_UMAP_AND_PROGRAM_ANALYSIS_V1/FIGURE1_MARKER_UMAP_VALUES_V1.tsv	3278bee103925ec4796d263d77a3568a168b3079e2fcf970576fbf6b13286f93 | 8f93acc2c4eac0072b777fadfbc962d8f6794de4e23f8a636a75472cfcfbdb99	environment/; historical records only; complete locked environment unavailable	Source bindings read from frozen supplementary display assembler; page variants covered by this figure-level row. Display assembler not treated as analysis producer. Source-table paths are original-workspace-relative evidence identifiers, not shipped paths. Candidate code evidence in SOURCE_SCRIPT_EVIDENCE.tsv; display code is not a numerical producer.
SUPP_FIG_02	Supplement	Figure S2	See source table and data/SOURCE_DATA_MANIFEST.tsv; panel-specific input contract unresolved	Patient/sample; cells/regions are nested observations where applicable	UNRESOLVED_NO_APPROVED_CURRENT_ENTRYPOINT	config/ANALYSIS_PARAMETER_MANIFEST.tsv	UNRESOLVED_PUBLIC_ACQUISITION_CONTRACT	NOT_REDISTRIBUTED_OR_UNRESOLVED		HCC_FINAL_AI_REVIEW_CORRECTION_20260921_V1/supplement/figures/S02.pdf	9d58f293fe0e1430b2d756e1d278186712a08b9734c7ad1f05126d6fd4ed9c3f	HCC_ICI_project/05_results/tables/final_harmonization/PTPN22_FINAL_META_MODELS.tsv | PTPN22_AF35_COUPLING_ARCHITECTURE_v1/03_primary/PTPN22_AF35_PATIENT_COUPLING_DECOMPOSITION.tsv	51dc935060c676ea5b380abd4b92f322eb6bf0cb55b9164cc7b6c4b4da4b63f6 | 9304e6c0e09e82113aec38e501cd673fbbbf0c7859fab6b44e82eea8ebeee620	environment/; historical records only; complete locked environment unavailable	Source bindings read from frozen supplementary display assembler; page variants covered by this figure-level row. Display assembler not treated as analysis producer. Source-table paths are original-workspace-relative evidence identifiers, not shipped paths. Candidate code evidence in SOURCE_SCRIPT_EVIDENCE.tsv; display code is not a numerical producer.
SUPP_FIG_03	Supplement	Figure S3	See source table and data/SOURCE_DATA_MANIFEST.tsv; panel-specific input contract unresolved	Patient/sample; cells/regions are nested observations where applicable	UNRESOLVED_NO_APPROVED_CURRENT_ENTRYPOINT	config/ANALYSIS_PARAMETER_MANIFEST.tsv	UNRESOLVED_PUBLIC_ACQUISITION_CONTRACT	NOT_REDISTRIBUTED_OR_UNRESOLVED		HCC_FINAL_AI_REVIEW_CORRECTION_20260921_V1/supplement/figures/S03.pdf	450818f418e0b8d0f5e622375427b679928897d7ee945482788740e66159af8f	PTPN22_AF35_PROGRAM_PERTURBATION_PROJECTION_v1/PTPN22_AF35_SYSTEM_PROGRAM_SHIFT.tsv | PTPN22_HUMAN_GENETIC_ACTIVATION_Phase1_v1/03_primary/GSE94859_AF35_GENOTYPE_INTERACTION.tsv	8fca0555b3392a3a5c2ad18651a03d26942e2033ab72f9092e9914aa5876a1d1 | 482e02e4822cf53b85acaee71eef94bade01bb01962f6ce5a6294c8a6739ccdc	environment/; historical records only; complete locked environment unavailable	Source bindings read from frozen supplementary display assembler; page variants covered by this figure-level row. Display assembler not treated as analysis producer. Source-table paths are original-workspace-relative evidence identifiers, not shipped paths. Candidate code evidence in SOURCE_SCRIPT_EVIDENCE.tsv; display code is not a numerical producer.
SUPP_FIG_04	Supplement	Figure S4	See source table and data/SOURCE_DATA_MANIFEST.tsv; panel-specific input contract unresolved	Patient/sample; cells/regions are nested observations where applicable	UNRESOLVED_NO_APPROVED_CURRENT_ENTRYPOINT	config/ANALYSIS_PARAMETER_MANIFEST.tsv	UNRESOLVED_PUBLIC_ACQUISITION_CONTRACT	NOT_REDISTRIBUTED_OR_UNRESOLVED		HCC_FINAL_AI_REVIEW_CORRECTION_20260921_V1/supplement/figures/S04.pdf	e9785c4544452fc1972708340afe0767066a06b3f077d57155419d8f134bb42a	AF35_RESPONSE_BLIND_PROGRAM_COHERENCE_v1/AF35_PROGRAM_COHERENCE_RANDOM_REFERENCE_SUMMARY.tsv	2907681423220cdc70612e6363e5c4d742cbb1beb28f55ad8b4367f0d81d7a64	environment/; historical records only; complete locked environment unavailable	Source bindings read from frozen supplementary display assembler; page variants covered by this figure-level row. Display assembler not treated as analysis producer. Source-table paths are original-workspace-relative evidence identifiers, not shipped paths. Candidate code evidence in SOURCE_SCRIPT_EVIDENCE.tsv; display code is not a numerical producer.
SUPP_FIG_05	Supplement	Figure S5	See source table and data/SOURCE_DATA_MANIFEST.tsv; panel-specific input contract unresolved	Patient/sample; cells/regions are nested observations where applicable	UNRESOLVED_NO_APPROVED_CURRENT_ENTRYPOINT	config/ANALYSIS_PARAMETER_MANIFEST.tsv	UNRESOLVED_PUBLIC_ACQUISITION_CONTRACT	NOT_REDISTRIBUTED_OR_UNRESOLVED		HCC_FINAL_AI_REVIEW_CORRECTION_20260921_V1/supplement/figures/S05_1.pdf | HCC_FINAL_AI_REVIEW_CORRECTION_20260921_V1/supplement/figures/S05_2.pdf | HCC_FINAL_AI_REVIEW_CORRECTION_20260921_V1/supplement/figures/S05_3.pdf	c064406017db039ff2b9afad29c6a276f1f40d79e0ac240a8fc6a5da18490993 | cdb7121e87fcfb6470b97e141363a2b18ee5ab27ccf9a1e351403405aaa90c28 | cf707b29620a96d4fa0166882f1d1f30755964b5d9b1e500d5a5f7cb4875a3da	HCC_ICI_project/05_results/tables/phase17b_af35_portability/PHASE17B_AF35_LEAVE_ONE_GENE_OUT.tsv | HCC_ICI_project/05_results/tables/phase17b_af35_portability/PHASE17B_AF35_RANDOM_DROPOUT_SUMMARY.tsv | HCC_ICI_project/05_results/tables/phase17b_af35_portability/PHASE17B_AF35_WORST_CASE_DROPOUT.tsv | HCC_ICI_project/05_results/tables/phase17b_af35_portability/PHASE17B_AF35_DEPTH_THINNING.tsv | HCC_ICI_project/05_results/tables/phase17b_af35_portability/PHASE17B_AF35_RANK_SCORE_SENSITIVITY.tsv | HCC_ICI_project/05_results/tables/phase17b_af35_portability/PHASE17B_AF35_SINGLE_GENE_DOMINANCE.tsv | AF35_RESPONSE_BLIND_PROGRAM_COHERENCE_v1/AF35_PROGRAM_COHERENCE_RANDOM_REFERENCE_SUMMARY.tsv | AF35_RESPONSE_BLIND_PROGRAM_COHERENCE_v1/AF35_PROGRAM_COHERENCE_RANDOM_REFERENCE_RESULTS.tsv	05812dcbcca0ce89a16b6fb5f53c02f47c0fe4eaf6ef9cfb89d1a391ccb03860 | b12a663c99a357862bc2b22f54ef2b579f385272c874c071c320cc66aec81304 | 790bb7cd7b372e12e7de74de19298023e04c0c6662a681b6b2ac2e3a07d82511 | 69458f5f6f4f960b5f661ac6da4ff3c5dc17b420c39ecece8a097a2cf9ab1338 | 4f395e37e510d3341ec2e236565676a78314c3001c1f8d4f50766c2e28f93b21 | 59930375412e2275fbb0db0dca4682dce096788a4e264cb991ce4859da7aacae | 2907681423220cdc70612e6363e5c4d742cbb1beb28f55ad8b4367f0d81d7a64 | af4dd9830cd4be85c1b3e8e59252921940c502647a009de24aa395f39025cdee	environment/; historical records only; complete locked environment unavailable	Source bindings read from frozen supplementary display assembler; page variants covered by this figure-level row. Display assembler not treated as analysis producer. Source-table paths are original-workspace-relative evidence identifiers, not shipped paths. Candidate code evidence in SOURCE_SCRIPT_EVIDENCE.tsv; display code is not a numerical producer.
SUPP_FIG_06	Supplement	Figure S6	See source table and data/SOURCE_DATA_MANIFEST.tsv; panel-specific input contract unresolved	Patient/sample; cells/regions are nested observations where applicable	UNRESOLVED_NO_APPROVED_CURRENT_ENTRYPOINT	config/ANALYSIS_PARAMETER_MANIFEST.tsv	UNRESOLVED_PUBLIC_ACQUISITION_CONTRACT	NOT_REDISTRIBUTED_OR_UNRESOLVED		HCC_FINAL_AI_REVIEW_CORRECTION_20260921_V1/supplement/figures/S06.pdf	a679c5a4d23b296f307e932a611d95bc89c6088ca48c093515ff7134821b0a69	GSE235863_CLONE_STATE_DECOMPOSITION_v1/CLONE_STATE_EFFECT_SUMMARY.tsv	c3953c19c21e2a37932cd2ddedfe24619276876120ae2a1b8fe01adce11bb6f6	environment/; historical records only; complete locked environment unavailable	Source bindings read from frozen supplementary display assembler; page variants covered by this figure-level row. Display assembler not treated as analysis producer. Source-table paths are original-workspace-relative evidence identifiers, not shipped paths. Candidate code evidence in SOURCE_SCRIPT_EVIDENCE.tsv; display code is not a numerical producer.
SUPP_FIG_07	Supplement	Figure S7	See source table and data/SOURCE_DATA_MANIFEST.tsv; panel-specific input contract unresolved	Patient/sample; cells/regions are nested observations where applicable	UNRESOLVED_NO_APPROVED_CURRENT_ENTRYPOINT	config/ANALYSIS_PARAMETER_MANIFEST.tsv	UNRESOLVED_PUBLIC_ACQUISITION_CONTRACT	NOT_REDISTRIBUTED_OR_UNRESOLVED		HCC_FINAL_AI_REVIEW_CORRECTION_20260921_V1/supplement/figures/S07.pdf	4273f510cb1e8577b3c4e7de604fd294ef560f70b72760a425a142000ff1ee5c	GSE235863_CLONE_STATE_DECOMPOSITION_v1/CLONE_STATE_EFFECT_SUMMARY.tsv	c3953c19c21e2a37932cd2ddedfe24619276876120ae2a1b8fe01adce11bb6f6	environment/; historical records only; complete locked environment unavailable	Source bindings read from frozen supplementary display assembler; page variants covered by this figure-level row. Display assembler not treated as analysis producer. Source-table paths are original-workspace-relative evidence identifiers, not shipped paths. Candidate code evidence in SOURCE_SCRIPT_EVIDENCE.tsv; display code is not a numerical producer.
SUPP_FIG_08	Supplement	Figure S8	See source table and data/SOURCE_DATA_MANIFEST.tsv; panel-specific input contract unresolved	Patient/sample; cells/regions are nested observations where applicable	UNRESOLVED_NO_APPROVED_CURRENT_ENTRYPOINT	config/ANALYSIS_PARAMETER_MANIFEST.tsv	UNRESOLVED_PUBLIC_ACQUISITION_CONTRACT	NOT_REDISTRIBUTED_OR_UNRESOLVED		HCC_FINAL_AI_REVIEW_CORRECTION_20260921_V1/supplement/figures/S08.pdf	25ae6456c1e88192d353902246fa49e1e8aa5067fac2003bc9105501acf4e5c7	AF35_CLINICAL_STATE_OCCUPANCY_DECOMPOSITION_v1/AF35_STATE_OCCUPANCY_CLINICAL_DECOMPOSITION.tsv | AF35_CLONOTYPE_NEUTRALIZED_STATE_OCCUPANCY_v1/AF35_CLONE_NEUTRALIZATION_CLINICAL_DECOMPOSITION.tsv | AF35_LONGITUDINAL_CLONAL_STATE_DYNAMICS_M2_CLEANROOM_v1/04_phaseB_results/AF35_M2_CLINICAL_LONGITUDINAL_CONTRASTS.tsv	e86acc76671a5aa24983d7089df32161d0ce8dff39cbb34736385a2788f0fb15 | 77daff8705363ada478b53fba4c496b2d554fd37d0b850492bc5e419d1031557 | b7f85c49eee9b207079f5a1d6e502bd80d74820ad7ff6505fd350bfd122518bd	environment/; historical records only; complete locked environment unavailable	Source bindings read from frozen supplementary display assembler; page variants covered by this figure-level row. Display assembler not treated as analysis producer. Source-table paths are original-workspace-relative evidence identifiers, not shipped paths. Candidate code evidence in SOURCE_SCRIPT_EVIDENCE.tsv; display code is not a numerical producer.
SUPP_FIG_09	Supplement	Figure S9	See source table and data/SOURCE_DATA_MANIFEST.tsv; panel-specific input contract unresolved	Patient/sample; cells/regions are nested observations where applicable	UNRESOLVED_NO_APPROVED_CURRENT_ENTRYPOINT	config/ANALYSIS_PARAMETER_MANIFEST.tsv	UNRESOLVED_PUBLIC_ACQUISITION_CONTRACT	NOT_REDISTRIBUTED_OR_UNRESOLVED		HCC_FINAL_AI_REVIEW_CORRECTION_20260921_V1/supplement/figures/S09.pdf	262449e0da2aef458dc73899ccdc7da61c020a37e49c9bb50f54ede2c90b0a81	WU_AF35_DC_CD8_SPATIAL_TOPOLOGY_v1/WU_AF35_DC_CD8_TOPOLOGY_ELIGIBILITY.tsv	5ec59674ee2ab03073be5f42bbf0ea1cd1af385aab323c7ae5b4dddf8522011a	environment/; historical records only; complete locked environment unavailable	Source bindings read from frozen supplementary display assembler; page variants covered by this figure-level row. Display assembler not treated as analysis producer. Source-table paths are original-workspace-relative evidence identifiers, not shipped paths. Candidate code evidence in SOURCE_SCRIPT_EVIDENCE.tsv; display code is not a numerical producer.
SUPP_FIG_10	Supplement	Figure S10	See source table and data/SOURCE_DATA_MANIFEST.tsv; panel-specific input contract unresolved	Patient/sample; cells/regions are nested observations where applicable	UNRESOLVED_NO_APPROVED_CURRENT_ENTRYPOINT	config/ANALYSIS_PARAMETER_MANIFEST.tsv	UNRESOLVED_PUBLIC_ACQUISITION_CONTRACT	NOT_REDISTRIBUTED_OR_UNRESOLVED		HCC_FINAL_AI_REVIEW_CORRECTION_20260921_V1/supplement/figures/S10.pdf	d576b7cce24e778a26d2fd8f55b10d26c5ff5afe2056523c07a72ff35b85980f	HCC_ICI_MAIN_FIGURE_FROZEN_SOURCE_PAYLOAD_V2/Figure5/F5D_SAVED_CONDITIONAL_RANDOM_DRAWS.tsv | HCC_ICI_project/05_results/tables/spatial_specificity_rescue/PTPN22_IMMUNE_MATCHED_REGIONAL_EFFECTS.tsv	fbabd63f96df3868ad026b41664f18810721d9cc85007aa8d1ab55edf8f640dc | 9e8b5a0cea2f13be65d03f481b743e5843f92ae70ffbec5d76db077a2c8e1f3e	environment/; historical records only; complete locked environment unavailable	Source bindings read from frozen supplementary display assembler; page variants covered by this figure-level row. Display assembler not treated as analysis producer. Source-table paths are original-workspace-relative evidence identifiers, not shipped paths. Candidate code evidence in SOURCE_SCRIPT_EVIDENCE.tsv; display code is not a numerical producer.
SUPP_FIG_11	Supplement	Figure S11	See source table and data/SOURCE_DATA_MANIFEST.tsv; panel-specific input contract unresolved	Patient/sample; cells/regions are nested observations where applicable	UNRESOLVED_NO_APPROVED_CURRENT_ENTRYPOINT	config/ANALYSIS_PARAMETER_MANIFEST.tsv	UNRESOLVED_PUBLIC_ACQUISITION_CONTRACT	NOT_REDISTRIBUTED_OR_UNRESOLVED		HCC_FINAL_AI_REVIEW_CORRECTION_20260921_V1/supplement/figures/S11_1.pdf | HCC_FINAL_AI_REVIEW_CORRECTION_20260921_V1/supplement/figures/S11_2.pdf	89b130faad0e7394169c2a4c5bf723f361d894076d88b232b27a841e005eb538 | 1ff6641f234f485c6c6cf76f1932950aea57067c7d056142fc1bfcf06e9b5461	WU_AF35_SPATIAL_CELLULAR_MICROENV_CONTEXT_v1/WU_AF35_HIGH_LOW_CELLTYPE_CONTEXT.tsv | WU_AF35_SPATIAL_CELLULAR_MICROENV_CONTEXT_v1/WU_AF35_HIGH_LOW_MICROENV_CONTEXT.tsv | WU_AF35_DC_CD8_SPATIAL_TOPOLOGY_v1/WU_AF35_DC_CD8_TOPOLOGY_PATIENT_METRICS.tsv	12571741afbb22530f5aa7135e6d333ed5d6eef9a4cfc771ffeecffeca61f4d9 | 61ebe99384fc2b9477c543283768322d1858b0e0bb9a41c06742b721d2e7e4ea | a5ce3792fdd05a21fba8ada6cf4043f3441e02ac3da4fbc413d9f7017884cc8f	environment/; historical records only; complete locked environment unavailable	Source bindings read from frozen supplementary display assembler; page variants covered by this figure-level row. Display assembler not treated as analysis producer. Source-table paths are original-workspace-relative evidence identifiers, not shipped paths. Candidate code evidence in SOURCE_SCRIPT_EVIDENCE.tsv; display code is not a numerical producer.
SUPP_FIG_12	Supplement	Figure S12	See source table and data/SOURCE_DATA_MANIFEST.tsv; panel-specific input contract unresolved	Patient/sample; cells/regions are nested observations where applicable	UNRESOLVED_NO_APPROVED_CURRENT_ENTRYPOINT	config/ANALYSIS_PARAMETER_MANIFEST.tsv	UNRESOLVED_PUBLIC_ACQUISITION_CONTRACT	NOT_REDISTRIBUTED_OR_UNRESOLVED		HCC_FINAL_AI_REVIEW_CORRECTION_20260921_V1/supplement/figures/S12.pdf	f10f47089d2ad8a05aba21e6111c40b9ac84f2dacc870ad8e9c8f331119e994f	HCC_ICI_project/05_results/tables/pretreatment_clinical_translation/ERP117672_PRETREATMENT_PATIENT_SCORES.tsv | HCC_ICI_project/05_results/tables/phase15b_public_replication/GSE302495_PATIENT_LEVEL_SCORES.tsv | HCC_ICI_project/01_metadata/phase15b_public_replication/GSE302495_PATIENT_RESPONSE_MAP.tsv	cbb868e6bb539a3204db416adadc95d4addf7a47fdaa8053b0fbe2fe3d0c145a | c3886e03e0fa1ee073cf8f79f20b75720ffee6469afad5db06d728bdf2da720a | fd2d8101719bd178e0b28680645e86319a30e485f210dd8f27fae04dc1c83b8d	environment/; historical records only; complete locked environment unavailable	Source bindings read from frozen supplementary display assembler; page variants covered by this figure-level row. Display assembler not treated as analysis producer. Source-table paths are original-workspace-relative evidence identifiers, not shipped paths. Candidate code evidence in SOURCE_SCRIPT_EVIDENCE.tsv; display code is not a numerical producer.
SUPP_FIG_13	Supplement	Figure S13	See source table and data/SOURCE_DATA_MANIFEST.tsv; panel-specific input contract unresolved	Patient/sample; cells/regions are nested observations where applicable	UNRESOLVED_NO_APPROVED_CURRENT_ENTRYPOINT	config/ANALYSIS_PARAMETER_MANIFEST.tsv	UNRESOLVED_PUBLIC_ACQUISITION_CONTRACT	NOT_REDISTRIBUTED_OR_UNRESOLVED		HCC_FINAL_AI_REVIEW_CORRECTION_20260921_V1/supplement/figures/S13_1.pdf | HCC_FINAL_AI_REVIEW_CORRECTION_20260921_V1/supplement/figures/S13_2.pdf	13c5fa4d713a81b55a2bfb278fe2c8e9c45baadc7afaa658916e57f5df6ab81e | f90065fd0e01d05eca51240a1ea264feaa316d067797e09701c0e4ca47d4d3ed	AF35_COMPONENT_ABLATION_ASSOCIATION_ROBUSTNESS_v1/AF35_SINGLE_GENE_ASSOCIATION_ABLATION.tsv | AF35_COMPONENT_ABLATION_ASSOCIATION_ROBUSTNESS_v1/AF35_RANDOM_DROPOUT_ASSOCIATION_ROBUSTNESS.tsv	48ff45f3189fd43a545b43d4da3ff49d9c59831bc535a433145436c661afbc88 | e518c44ad3aff0478818b16b764fbb81aea64ef0168bd54e1cbf9fa83b48e3d7	environment/; historical records only; complete locked environment unavailable	Source bindings read from frozen supplementary display assembler; page variants covered by this figure-level row. Display assembler not treated as analysis producer. Source-table paths are original-workspace-relative evidence identifiers, not shipped paths. Candidate code evidence in SOURCE_SCRIPT_EVIDENCE.tsv; display code is not a numerical producer.
SUPP_FIG_14	Supplement	Figure S14	See source table and data/SOURCE_DATA_MANIFEST.tsv; panel-specific input contract unresolved	Patient/sample; cells/regions are nested observations where applicable	UNRESOLVED_NO_APPROVED_CURRENT_ENTRYPOINT	config/ANALYSIS_PARAMETER_MANIFEST.tsv	UNRESOLVED_PUBLIC_ACQUISITION_CONTRACT	NOT_REDISTRIBUTED_OR_UNRESOLVED		HCC_FINAL_AI_REVIEW_CORRECTION_20260921_V1/supplement/figures/S14.pdf	cb553b8931e4acd8c56d418c6abc73e946381f7d57bf0a12d3b844164e2f1890	AF35_MATCHED_RANDOM_CLINICAL_NULL_v1/AF35_MATCHED_NULL_PROGRAM_EFFECTS.tsv	15ccdae92f0984467457c529f1abf404c1a848ff6edc8a82d805b2052e31d7e7	environment/; historical records only; complete locked environment unavailable	Source bindings read from frozen supplementary display assembler; page variants covered by this figure-level row. Display assembler not treated as analysis producer. Source-table paths are original-workspace-relative evidence identifiers, not shipped paths. Candidate code evidence in SOURCE_SCRIPT_EVIDENCE.tsv; display code is not a numerical producer.
SUPP_FIG_15	Supplement	Figure S15	See source table and data/SOURCE_DATA_MANIFEST.tsv; panel-specific input contract unresolved	Patient/sample; cells/regions are nested observations where applicable	UNRESOLVED_NO_APPROVED_CURRENT_ENTRYPOINT	config/ANALYSIS_PARAMETER_MANIFEST.tsv	UNRESOLVED_PUBLIC_ACQUISITION_CONTRACT	NOT_REDISTRIBUTED_OR_UNRESOLVED		HCC_FINAL_AI_REVIEW_CORRECTION_20260921_V1/supplement/figures/S15.pdf	4d1902f9659a32a5fff9ec908c5f7dcf918b2551af955a826176145a9aa7bb72	HCC_ICI_project/05_results/tables/phase19b_published_benchmark/PHASE19B_AF35_CONDITIONAL_PUBLISHED_SIGNATURE_MODELS.tsv | HCC_ICI_project/05_results/tables/phase19b_published_benchmark/AF35_PUBLISHED_SIGNATURE_MOLECULAR_RELATIONSHIPS.tsv	5c8a17f3a0cd82b9fa30f104efc295a9904d010b56cb5a62c63340d7ba1ee1bd | 1119916bd571cd5975dcee69330ba2c730bb39fc273b922f54eb79d1330bfe44	environment/; historical records only; complete locked environment unavailable	Source bindings read from frozen supplementary display assembler; page variants covered by this figure-level row. Display assembler not treated as analysis producer. Source-table paths are original-workspace-relative evidence identifiers, not shipped paths. Candidate code evidence in SOURCE_SCRIPT_EVIDENCE.tsv; display code is not a numerical producer.
