analysis_id	direction	expression	resolution
A001	INPUT	read(B / 'AF35_MATCHED_NULL_PROGRAM_MANIFEST.tsv')	STATIC_EXPRESSION; resolve module variables and locks before execution
A001	INPUT	read(G / 'AF35_BROAD_IMMUNE_RESPONSE_BLIND_PATIENT_VALUES.tsv')	STATIC_EXPRESSION; resolve module variables and locks before execution
A001	INPUT	(B / 'MATCHED_PROGRAM_FREEZE_LOCK.json').read_text()	STATIC_EXPRESSION; resolve module variables and locks before execution
A001	INPUT	(G / 'AF35_BROAD_IMMUNE_FREEZE_LOCK.json').read_text()	STATIC_EXPRESSION; resolve module variables and locks before execution
A001	INPUT	read(B / f'{c}_SELECTED_TRANSFORMED_EXPRESSION.tsv', index_col=0)	STATIC_EXPRESSION; resolve module variables and locks before execution
A001	INPUT	read(G / f'inputs/{c}_AF35_BROAD_TRANSFORMED_EXPRESSION.tsv', index_col=0)	STATIC_EXPRESSION; resolve module variables and locks before execution
A001	INPUT	(B / 'OUTCOME_JOIN_TIMESTAMP.txt').read_text()	STATIC_EXPRESSION; resolve module variables and locks before execution
A001	INPUT	read(B / 'PATIENT_SCORE_FREEZE_SHA256.tsv')	STATIC_EXPRESSION; resolve module variables and locks before execution
A001	INPUT	read(H / 'AF35_PROGRAM_COHERENCE_RANDOM_REFERENCE_RESULTS.tsv')	STATIC_EXPRESSION; resolve module variables and locks before execution
A001	INPUT	read(base / 'COMPLETE_SHA256_MANIFEST.tsv')	STATIC_EXPRESSION; resolve module variables and locks before execution
A001	INPUT	read(A / 'AF35_ORDERED_GENES.tsv')	STATIC_EXPRESSION; resolve module variables and locks before execution
A001	INPUT	read(G / 'inputs/BROAD_IMMUNE_GENES.tsv')	STATIC_EXPRESSION; resolve module variables and locks before execution
A001	INPUT	read(A / f'{c}_GENE_Z_AND_FULL_SCORES_RESPONSE_BLIND.tsv')	STATIC_EXPRESSION; resolve module variables and locks before execution
A001	INPUT	read(H / f'inputs/{c}_GENE_Z_RESPONSE_BLIND.tsv')	STATIC_EXPRESSION; resolve module variables and locks before execution
A001	INPUT	read(H / f'inputs/{c}_PATIENT_IDS.tsv')	STATIC_EXPRESSION; resolve module variables and locks before execution
A001	INPUT	read(B / 'AF35_ORDERED_GENES.tsv')	STATIC_EXPRESSION; resolve module variables and locks before execution
A001	INPUT	read(G / f'inputs/{c}_PATIENT_IDS.tsv')	STATIC_EXPRESSION; resolve module variables and locks before execution
A001	OUTPUT	save(rows, 'AF35_AGGREGATION_SOURCE_BINDING_AUDIT.tsv')	STATIC_EXPRESSION; resolve module variables and locks before execution
A001	OUTPUT	write(P + '_PROTOCOL_FREEZE_v1.md', protocol)	STATIC_EXPRESSION; resolve module variables and locks before execution
A001	OUTPUT	js('QA/PROTOCOL_PRECOMPUTATION_LOCK.json', dict(utc=now(), outcome_labels_loaded=False, sha256=sha(OUT / (P + '_PROTOCOL_FREEZE_v1.md')), seed=2026090809, classification_max_exceedance=10, K=200))	STATIC_EXPRESSION; resolve module variables and locks before execution
A001	OUTPUT	save(sm, 'AF35_GENE_NUMBER_SUBSET_MANIFEST.tsv')	STATIC_EXPRESSION; resolve module variables and locks before execution
A001	OUTPUT	save(pd.concat(j1scores), 'AF35_GENE_NUMBER_RESPONSE_BLIND_SCORES.tsv')	STATIC_EXPRESSION; resolve module variables and locks before execution
A001	OUTPUT	save(pd.concat(stability), 'AF35_GENE_NUMBER_SCORE_STABILITY.tsv')	STATIC_EXPRESSION; resolve module variables and locks before execution
A001	OUTPUT	save(pd.concat(j2scores), 'AF35_STRUCTURED_REFERENCE_RESPONSE_BLIND_SCORES.tsv')	STATIC_EXPRESSION; resolve module variables and locks before execution
A001	OUTPUT	save(recover, 'QA/MOLECULAR_RECOVERY.tsv')	STATIC_EXPRESSION; resolve module variables and locks before execution
A001	OUTPUT	save(ft.reset_index(), 'AF35_STRUCTURED_REFERENCE_FEATURES.tsv')	STATIC_EXPRESSION; resolve module variables and locks before execution
A001	OUTPUT	save(zt.reset_index(), 'AF35_STRUCTURED_REFERENCE_STANDARDIZED_FEATURES.tsv')	STATIC_EXPRESSION; resolve module variables and locks before execution
A001	OUTPUT	save(pd.DataFrame({'feature': fn, 'random_program_mean': mu.values, 'random_program_SD': sd.values}), 'AF35_STRUCTURED_REFERENCE_STANDARDIZATION.tsv')	STATIC_EXPRESSION; resolve module variables and locks before execution
A001	OUTPUT	save(ds, 'AF35_STRUCTURAL_DISTANCE_TO_AF35.tsv')	STATIC_EXPRESSION; resolve module variables and locks before execution
A001	OUTPUT	save(sel, 'AF35_STRUCTURED_REFERENCE_SELECTED_200.tsv')	STATIC_EXPRESSION; resolve module variables and locks before execution
A001	OUTPUT	save(qc, 'AF35_STRUCTURED_REFERENCE_MATCHING_QC.tsv')	STATIC_EXPRESSION; resolve module variables and locks before execution
A001	OUTPUT	save([dict(K=200, median_selected_distance=sel.STRUCTURAL_DISTANCE_TO_AF35.median(), maximum_selected_distance=sel.STRUCTURAL_DISTANCE_TO_AF35.max(), minimum_nonselected_distance=ds.iloc[200].STRUCTURAL_DISTANCE_TO_AF35)], 'AF35_STRUCTURED_REFERENCE_DISTANCE_QC.tsv')	STATIC_EXPRESSION; resolve module variables and locks before execution
A001	OUTPUT	"write('AF35_STRUCTURED_REFERENCE_PROVENANCE_AUDIT.md', f""# J2 来源核验\n\nB原始清单逐字节复制，SHA256={sha(B / 'AF35_MATCHED_NULL_PROGRAM_MANIFEST.tsv')}；2000个精确ID、35个唯一成员、原序AF35位置映射均通过。B冻结{bl['time_utc']}，结局接入{bt}；原锁outcome_labels_loaded=false。表达及原评分哈希与B患者分数锁一致。G免疫值与G结局前冻结哈希一致，11基因公式重新复现。H相关与PCA实现原样复算；2000程序两队列结果与H数值一致。未使用I注释，未生成新参考程序或免疫基因宇宙。\n"")"	STATIC_EXPRESSION; resolve module variables and locks before execution
A001	OUTPUT	js(P + '_FREEZE_LOCK.json', lock)	STATIC_EXPRESSION; resolve module variables and locks before execution
A001	OUTPUT	save([dict(path=str(p), bytes=p.stat().st_size, sha256=sha(p)) for p in paths], 'QA/PROTECTED_BEFORE.tsv')	STATIC_EXPRESSION; resolve module variables and locks before execution
A001	OUTPUT	js('QA/INITIALIZATION_LOCK.json', dict(utc=now(), analysis_I_concurrently_active_per_author=True, excluded_active_directory=str(ROOT / 'AF35_FUNCTIONAL_ROLE_STATE_ARCHITECTURE_v1'), excluded_dependencies=['node_modules', '.pnpm', '__pycache__', '.git'], scope='All other project files including external authoritative inputs; hash only, no clinical parsing'))	STATIC_EXPRESSION; resolve module variables and locks before execution
A001	OUTPUT	save({'patient_id': ids}, f'inputs/{c}_PATIENT_IDS.tsv')	STATIC_EXPRESSION; resolve module variables and locks before execution
A001	OUTPUT	save(x.rename_axis('patient_id').reset_index(), f'inputs/{c}_GENE_Z_RESPONSE_BLIND.tsv')	STATIC_EXPRESSION; resolve module variables and locks before execution
A001	OUTPUT	save({'patient_id': ids, 'BroadImmune': br}, f'inputs/{c}_BROAD_IMMUNE_RESPONSE_BLIND.tsv')	STATIC_EXPRESSION; resolve module variables and locks before execution
A002	INPUT	read(OUT / 'AF35_GENE_NUMBER_SUBSET_MANIFEST.tsv')	STATIC_EXPRESSION; resolve module variables and locks before execution
A002	INPUT	read(OUT / 'AF35_GENE_NUMBER_RESPONSE_BLIND_SCORES.tsv')	STATIC_EXPRESSION; resolve module variables and locks before execution
A002	INPUT	read(OUT / 'AF35_STRUCTURED_REFERENCE_RESPONSE_BLIND_SCORES.tsv')	STATIC_EXPRESSION; resolve module variables and locks before execution
A002	INPUT	read(OUT / 'AF35_GENE_NUMBER_SCORE_STABILITY.tsv')	STATIC_EXPRESSION; resolve module variables and locks before execution
A002	INPUT	(OUT / (P + '_FREEZE_LOCK.json')).read_text(encoding='utf-8')	STATIC_EXPRESSION; resolve module variables and locks before execution
A002	INPUT	read(B / 'AF35_MATCHED_NULL_PROGRAM_EFFECTS.tsv')	STATIC_EXPRESSION; resolve module variables and locks before execution
A002	INPUT	read(OUT / 'AF35_STRUCTURED_REFERENCE_SELECTED_200.tsv')	STATIC_EXPRESSION; resolve module variables and locks before execution
A002	INPUT	read(A / f'{c}_ANALYSIS_PATIENT_VALUES.tsv', usecols=['patient_id', 'response'])	STATIC_EXPRESSION; resolve module variables and locks before execution
A002	INPUT	read(base / 'COMPLETE_SHA256_MANIFEST.tsv')	STATIC_EXPRESSION; resolve module variables and locks before execution
A002	INPUT	read(OUT / f'inputs/{c}_PATIENT_IDS.tsv')	STATIC_EXPRESSION; resolve module variables and locks before execution
A002	OUTPUT	write('QA/OUTCOME_JOIN_TIMESTAMP.txt', join)	STATIC_EXPRESSION; resolve module variables and locks before execution
A002	OUTPUT	js('QA/OUTCOME_OPEN_EVENT.json', dict(utc=join, freeze_utc=lock['utc'], freeze_lock_sha256=sha(OUT / (P + '_FREEZE_LOCK.json')), all_frozen_hashes_verified=True))	STATIC_EXPRESSION; resolve module variables and locks before execution
A002	OUTPUT	save(binding, 'QA/CLINICAL_SOURCE_BINDINGS.tsv')	STATIC_EXPRESSION; resolve module variables and locks before execution
A002	OUTPUT	save(pd.concat(labels), 'inputs/RESPONSE_LABELS_AFTER_FREEZE.tsv')	STATIC_EXPRESSION; resolve module variables and locks before execution
A002	OUTPUT	save(pd.concat(effects), 'AF35_GENE_NUMBER_CLINICAL_EFFECTS.tsv')	STATIC_EXPRESSION; resolve module variables and locks before execution
A002	OUTPUT	save(summ, 'AF35_GENE_NUMBER_SUMMARY.tsv')	STATIC_EXPRESSION; resolve module variables and locks before execution
A002	OUTPUT	save(pd.concat(jeffects), 'AF35_STRUCTURED_REFERENCE_CLINICAL_EFFECTS.tsv')	STATIC_EXPRESSION; resolve module variables and locks before execution
A002	OUTPUT	save(repro, 'QA/CLINICAL_REPRODUCTION.tsv')	STATIC_EXPRESSION; resolve module variables and locks before execution
A002	OUTPUT	save(plane.reset_index(), 'AF35_STRUCTURED_REFERENCE_EFFECT_PLANE.tsv')	STATIC_EXPRESSION; resolve module variables and locks before execution
A002	OUTPUT	save([cross], 'AF35_STRUCTURED_REFERENCE_CROSS_COHORT.tsv')	STATIC_EXPRESSION; resolve module variables and locks before execution
A002	OUTPUT	save(interp, P + '_INTERPRETATION.tsv')	STATIC_EXPRESSION; resolve module variables and locks before execution
A002	OUTPUT	"write(P + '_OUTCOME_FIREWALL_AUDIT.md', f""# J 结局防火墙\n\n全局冻结：{lock['utc']}；首次临床表解析事件：{join}；二者严格先后。事件锁保存冻结JSON本身SHA256；全部{len(lock['hashes'])}个冻结文件及{len(lock['source_hashes'])}个来源哈希在接入前逐项校验通过。\n01_freeze.py仅解析A/B/G/H明确无结局输入、方案/实现、来源清单与历史时间戳；两部分全部分数、六维结构量、距离、固定200身份均在最终全局锁内。02_clinical.py事件落盘后才解析A响应和B临床效应。项目保护仅二进制哈希，不等同读取结局表内容。检查历史评分代码时可见固定组人数；不声称分析者对全部项目历史结果从未知情。本轮不存在I输出读取或结果驱动参考选择。\n结局接入后未改子集、评分、特征、K、选择或分类规则。第二语言R使用已锁定分子输入独立复算；技术修正须留痕，不允许改设计。\n"")"	STATIC_EXPRESSION; resolve module variables and locks before execution
A002	OUTPUT	js('QA/CLINICAL_COMPLETION_LOCK.json', dict(utc=now(), scientific_state=state, counts=counts, joint=joint, hashes={n: sha(OUT / n) for n in ['AF35_GENE_NUMBER_CLINICAL_EFFECTS.tsv', 'AF35_GENE_NUMBER_SUMMARY.tsv', 'AF35_STRUCTURED_REFERENCE_CLINICAL_EFFECTS.tsv', 'AF35_STRUCTURED_REFERENCE_CROSS_COHORT.tsv']}))	STATIC_EXPRESSION; resolve module variables and locks before execution
A003	INPUT	pd.read_csv(p, sep='\t', float_precision='round_trip', **kw)	STATIC_EXPRESSION; resolve module variables and locks before execution
A003	INPUT	f.read(2 ** 20)	STATIC_EXPRESSION; resolve module variables and locks before execution
A003	OUTPUT	pd.DataFrame(x).to_csv(OUT / n, sep='\t', index=False, na_rep='NA')	STATIC_EXPRESSION; resolve module variables and locks before execution
A003	OUTPUT	(OUT / n).write_text(s, encoding='utf-8')	STATIC_EXPRESSION; resolve module variables and locks before execution
A003	OUTPUT	write(n, json.dumps(x, ensure_ascii=False, indent=2))	STATIC_EXPRESSION; resolve module variables and locks before execution
A004	INPUT	pd.read_csv(p, sep='\t', **kw)	STATIC_EXPRESSION; resolve module variables and locks before execution
A004	INPUT	read(A / 'AF35_ORDERED_GENES.tsv')	STATIC_EXPRESSION; resolve module variables and locks before execution
A004	INPUT	read(base / 'COMPLETE_SHA256_MANIFEST.tsv')	STATIC_EXPRESSION; resolve module variables and locks before execution
A004	INPUT	read(E / f'inputs/{c}_MOLECULAR_INPUT_RESPONSE_BLIND.tsv', usecols=['patient_id'])	STATIC_EXPRESSION; resolve module variables and locks before execution
A004	INPUT	f.read(2 ** 20)	STATIC_EXPRESSION; resolve module variables and locks before execution
A004	INPUT	read(B / 'AF35_ORDERED_GENES.tsv')	STATIC_EXPRESSION; resolve module variables and locks before execution
A004	INPUT	read(E / 'SOURCE_BINDINGS.tsv')	STATIC_EXPRESSION; resolve module variables and locks before execution
A004	INPUT	(base / lock).read_text()	STATIC_EXPRESSION; resolve module variables and locks before execution
A004	OUTPUT	pd.DataFrame(x).to_csv(OUT / name, sep='\t', index=False, na_rep='NA')	STATIC_EXPRESSION; resolve module variables and locks before execution
A004	OUTPUT	(OUT / name).write_text(s, encoding='utf-8')	STATIC_EXPRESSION; resolve module variables and locks before execution
A004	OUTPUT	write(name, json.dumps(x, ensure_ascii=False, indent=2))	STATIC_EXPRESSION; resolve module variables and locks before execution
A004	OUTPUT	save([dict(path=str(p), bytes=p.stat().st_size, sha256=sha(p)) for p in sorted(paths)], 'QA/PROTECTED_BEFORE.tsv')	STATIC_EXPRESSION; resolve module variables and locks before execution
A004	OUTPUT	js('QA/INITIALIZATION_LOCK.json', dict(utc=now(), protected_directories=names, excluded_dependency_components=sorted(excluded), protected_files=len(paths), module=PREFIX))	STATIC_EXPRESSION; resolve module variables and locks before execution
A004	OUTPUT	save(rows, PREFIX + '_SOURCE_BINDING_AUDIT.tsv')	STATIC_EXPRESSION; resolve module variables and locks before execution
A004	OUTPUT	save(g, 'inputs/AF35_ORDERED_GENES.tsv')	STATIC_EXPRESSION; resolve module variables and locks before execution
A004	OUTPUT	save(pd.DataFrame({'patient_id': ids}), 'inputs/' + c + '_PATIENT_IDS.tsv')	STATIC_EXPRESSION; resolve module variables and locks before execution
A005	INPUT	f.read(OUT / (P + '_RESPONSE_BLIND_PATIENT_VALUES.tsv'))	STATIC_EXPRESSION; resolve module variables and locks before execution
A005	INPUT	f.read(OUT / (P + '_LOO_RESPONSE_BLIND_PATIENT_VALUES.tsv'))	STATIC_EXPRESSION; resolve module variables and locks before execution
A005	INPUT	(OUT / (P + '_FREEZE_LOCK.json')).read_text(encoding='utf-8')	STATIC_EXPRESSION; resolve module variables and locks before execution
A005	INPUT	f.read(path, usecols=['patient_id', 'response', 'AF35'])	STATIC_EXPRESSION; resolve module variables and locks before execution
A005	INPUT	(OUT / (P + '_OUTCOME_JOIN_TIMESTAMP.txt')).read_text()	STATIC_EXPRESSION; resolve module variables and locks before execution
A005	INPUT	f.read(target)	STATIC_EXPRESSION; resolve module variables and locks before execution
A005	OUTPUT	f.write(P + '_OUTCOME_JOIN_TIMESTAMP.txt', f.now() + '\n')	STATIC_EXPRESSION; resolve module variables and locks before execution
A005	OUTPUT	f.save(pd.concat(joined), 'inputs/PATIENT_ANALYSIS_VALUES_AFTER_FREEZE.tsv')	STATIC_EXPRESSION; resolve module variables and locks before execution
A005	OUTPUT	f.save(bindings, 'QA/CLINICAL_SOURCE_BINDINGS.tsv')	STATIC_EXPRESSION; resolve module variables and locks before execution
A005	OUTPUT	f.js('QA/CLINICAL_COMPLETION_LOCK.json', dict(utc=f.now(), scientific_pattern=pattern, freeze_utc=lock['utc'], outcome_join_utc=(OUT / (P + '_OUTCOME_JOIN_TIMESTAMP.txt')).read_text().strip(), hashes={p.name: f.sha(p) for p in OUT.glob(P + '_*.tsv')}))	STATIC_EXPRESSION; resolve module variables and locks before execution
A005	OUTPUT	f.write(P + '_OUTCOME_FIREWALL_AUDIT.md', '# G 结局接入审计\n\n来源审计先确定唯一历史broad_immune。PROTOCOL_PRECOMPUTATION_LOCK先于OLS；FREEZE_LOCK含原AF35、广义免疫值、全样本系数、残差和所有LOO重拟合分子值及哈希。03_join_and_analyze.py在再次核验所有输入与分子锁后才写OUTCOME_JOIN_TIMESTAMP并读取Analysis A患者response。标签文件哈希另列CLINICAL_SOURCE_BINDINGS。\n临床分析没有再估计评分、改变基因或增减患者。响应只用于固定效应量比较和已预指定的分层配对bootstrap。LOO模型已在接入标签前拟合并锁定。分层bootstrap和仅使用冻结全样本残差的范围已在接入前写入协议。\n本次为执行流程上的无结局残差构建，不声称历史项目或分析者从未见过总体效应。H主分析及其并列数值修正已完成才执行G接入；H不使用此处结果。\n')	STATIC_EXPRESSION; resolve module variables and locks before execution
A005	OUTPUT	f.save(pd.DataFrame(idx, columns=[f'index_{i + 1:03d}' for i in range(len(y))]).assign(draw=np.arange(1, 20001)), f'inputs/{c}_PAIRED_BOOTSTRAP_INDICES_ZERO_BASED.tsv')	STATIC_EXPRESSION; resolve module variables and locks before execution
A005	OUTPUT	f.save(x, P + '_' + s + '.tsv')	STATIC_EXPRESSION; resolve module variables and locks before execution
A006	INPUT	jl(OUT / (P + '_FREEZE_LOCK.json'))	STATIC_EXPRESSION; resolve module variables and locks before execution
A006	INPUT	read(OUT / 'inputs/PRETREATMENT_ELIGIBLE_CELLS_RESPONSE_BLIND.tsv')	STATIC_EXPRESSION; resolve module variables and locks before execution
A006	INPUT	read(OUT / (P + '_PATIENT_COMPONENTS_RESPONSE_BLIND.tsv'))	STATIC_EXPRESSION; resolve module variables and locks before execution
A006	INPUT	read(OUT / 'AF35_STATE_OCCUPANCY_MODEL_IDENTIFIABILITY.tsv')	STATIC_EXPRESSION; resolve module variables and locks before execution
A006	INPUT	read(source, usecols=['patient', 'response_group'])	STATIC_EXPRESSION; resolve module variables and locks before execution
A006	OUTPUT	write(P + '_OUTCOME_JOIN_TIMESTAMP.txt', stamp)	STATIC_EXPRESSION; resolve module variables and locks before execution
A006	OUTPUT	js('QA/OUTCOME_OPEN_EVENT.json', dict(utc=stamp, freeze_utc=lock['utc'], freeze_lock_sha256=sha(OUT / (P + '_FREEZE_LOCK.json')), all_frozen_hashes_verified=True))	STATIC_EXPRESSION; resolve module variables and locks before execution
A006	OUTPUT	save(labels, 'inputs/RESPONSE_LABEL_MAP_AFTER_FREEZE.tsv')	STATIC_EXPRESSION; resolve module variables and locks before execution
A006	OUTPUT	save(clinical, 'inputs/PATIENT_COMPONENTS_AFTER_RESPONSE_JOIN.tsv')	STATIC_EXPRESSION; resolve module variables and locks before execution
A006	OUTPUT	save(feasible, P + '_FEASIBILITY.tsv')	STATIC_EXPRESSION; resolve module variables and locks before execution
A006	OUTPUT	"write(P + '_OUTCOME_FIREWALL_AUDIT.md', f""# K 结局防火墙审计\n\n全局组件冻结：{lock['utc']}；首次响应列解析事件：{stamp}。两时点严格先后，事件文件还记录原冻结JSON的SHA256。接入前逐项复核全部{len(lock['hashes'])}个冻结文件和{len(lock['source_hashes'])}个来源哈希。\n冻结阶段只有明确无结局I元数据/细胞分数及Clone-State指定无结局列解析；post仅用于原始样本清单的排除记录及既有评分身份核对，不进入K模型或患者组件。源response_group列首次解析在本脚本事件落盘后。标签来自同一原Clone-State映射，逐患者唯一；未使用响应选择细胞/状态/区室/阈值/模型。\nR/NR人数门在组件冻结后评估；所有通过区室运行，T在响应接入前已因6人不达标而停止。cap=3仅保留2.25%细胞，依结局前固定的过量丢失标准记NOT_RUN_LOW_CELL_COVERAGE，不调整cap。先前项目背景不是分析者历史绝对盲法，本次顺序与输入隔离由代码、文件及哈希审计支持。\n"")"	STATIC_EXPRESSION; resolve module variables and locks before execution
A007	INPUT	read(OUT / (P + '_FEASIBILITY.tsv'))	STATIC_EXPRESSION; resolve module variables and locks before execution
A007	INPUT	read(OUT / 'inputs/PATIENT_COMPONENTS_AFTER_RESPONSE_JOIN.tsv')	STATIC_EXPRESSION; resolve module variables and locks before execution
A007	INPUT	read(OUT / 'AF35_PATIENT_STATE_PROPORTIONS.tsv')	STATIC_EXPRESSION; resolve module variables and locks before execution
A007	INPUT	read(OUT / 'AF35_STATE_EFFECTS_RESPONSE_BLIND.tsv')	STATIC_EXPRESSION; resolve module variables and locks before execution
A007	INPUT	read(OUT / 'AF35_STATE_OCCUPANCY_CELLCOUNT_SENSITIVITY_DESIGN.tsv')	STATIC_EXPRESSION; resolve module variables and locks before execution
A007	INPUT	read(OUT / 'inputs/CAPPED_PATIENT_COMPONENTS_RESPONSE_BLIND.tsv')	STATIC_EXPRESSION; resolve module variables and locks before execution
A007	OUTPUT	save(pd.concat(boots) if boots else pd.DataFrame(columns=['compartment', 'draw', 'Delta_M', 'Delta_O', 'Delta_W', 'Delta_X', 'Delta_O_minus_W']), P + '_BOOTSTRAP.tsv')	STATIC_EXPRESSION; resolve module variables and locks before execution
A007	OUTPUT	js('QA/CLINICAL_COMPLETION_LOCK.json', dict(utc=now(), passing_compartments=feas[feas.status == 'PASS'].compartment.tolist(), scientific_patterns=decisions, hashes={p.name: sha(p) for p in OUT.glob(P + '_*.tsv')}))	STATIC_EXPRESSION; resolve module variables and locks before execution
A007	OUTPUT	save(pd.DataFrame(bix, columns=[f'slot_{j + 1}' for j in range(n)]), f'inputs/{compartment}_BOOTSTRAP_INDICES_ZERO_BASED.tsv')	STATIC_EXPRESSION; resolve module variables and locks before execution
A007	OUTPUT	save({'position_zero_based': range(n), 'patient': patients, 'response': r.astype(int)}, f'inputs/{compartment}_BOOTSTRAP_PATIENT_ORDER.tsv')	STATIC_EXPRESSION; resolve module variables and locks before execution
A007	OUTPUT	save(rows, n)	STATIC_EXPRESSION; resolve module variables and locks before execution
A008	INPUT	pd.read_csv(p, sep='\t', float_precision='round_trip', **kw)	STATIC_EXPRESSION; resolve module variables and locks before execution
A008	INPUT	Path(p).read_text(encoding='utf-8')	STATIC_EXPRESSION; resolve module variables and locks before execution
A008	OUTPUT	pd.DataFrame(x).to_csv(OUT / n, sep='\t', index=False, na_rep='NA')	STATIC_EXPRESSION; resolve module variables and locks before execution
A008	OUTPUT	(OUT / n).write_text(s, encoding='utf-8')	STATIC_EXPRESSION; resolve module variables and locks before execution
A008	OUTPUT	write(n, json.dumps(x, ensure_ascii=False, indent=2))	STATIC_EXPRESSION; resolve module variables and locks before execution
A009	INPUT	jl(OUT / (P + '_FREEZE_LOCK.json'))	STATIC_EXPRESSION; resolve module variables and locks before execution
A009	INPUT	read(K / 'COMPLETE_SHA256_MANIFEST.tsv')	STATIC_EXPRESSION; resolve module variables and locks before execution
A009	INPUT	read(label_source, usecols=['patient', 'response_group', 'response'])	STATIC_EXPRESSION; resolve module variables and locks before execution
A009	INPUT	read(OUT / (P + '_PATIENT_COMPONENTS_RESPONSE_BLIND.tsv'))	STATIC_EXPRESSION; resolve module variables and locks before execution
A009	INPUT	read(OUT / (P + '_TCR_COVERAGE.tsv'))	STATIC_EXPRESSION; resolve module variables and locks before execution
A009	INPUT	read(OUT / 'AF35_CLONE_NEUTRALIZATION_PATIENT_STATE_PROPORTIONS_RESPONSE_BLIND.tsv')	STATIC_EXPRESSION; resolve module variables and locks before execution
A009	INPUT	read(OUT / 'inputs/RELEASED_STATE_ORDER.tsv')	STATIC_EXPRESSION; resolve module variables and locks before execution
A009	INPUT	read(D / 'authority/03_processed_data/phase3/GSE235863_BARCODE_CLONOTYPE_STATE_PTPN22.tsv.gz', usecols=['patient', 'response_group'])	STATIC_EXPRESSION; resolve module variables and locks before execution
A009	INPUT	read(OUT / (P + '_K_BRIDGE_RESPONSE_BLIND.tsv'))	STATIC_EXPRESSION; resolve module variables and locks before execution
A009	INPUT	read(OUT / 'inputs/PAIRED_CDR3_PATIENT_COMPONENTS_RESPONSE_BLIND.tsv')	STATIC_EXPRESSION; resolve module variables and locks before execution
A009	INPUT	read(K / 'AF35_STATE_OCCUPANCY_PATIENT_COMPONENTS_RESPONSE_BLIND.tsv')	STATIC_EXPRESSION; resolve module variables and locks before execution
A009	OUTPUT	write(P + '_OUTCOME_JOIN_TIMESTAMP.txt', stamp)	STATIC_EXPRESSION; resolve module variables and locks before execution
A009	OUTPUT	js('QA/OUTCOME_OPEN_EVENT.json', dict(utc=stamp, freeze_utc=lock['utc'], freeze_lock_sha256=sha(OUT / (P + '_FREEZE_LOCK.json')), all_frozen_hashes_verified=True))	STATIC_EXPRESSION; resolve module variables and locks before execution
A009	OUTPUT	save(labels, 'inputs/RESPONSE_LABEL_MAP_AFTER_FREEZE.tsv')	STATIC_EXPRESSION; resolve module variables and locks before execution
A009	OUTPUT	save(d, 'inputs/PATIENT_COMPONENTS_AFTER_RESPONSE_JOIN.tsv')	STATIC_EXPRESSION; resolve module variables and locks before execution
A009	OUTPUT	save([dict(K_patients=len(cov), evaluable_patients=n, R_n=nr, NR_n=nn, resolved_cells=int(eligible.resolved_cells.sum()), clonotypes=int(eligible.clone_count.sum()), status='PASS' if passed else 'NOT_EVALUABLE_LOW_TCR_COVERAGE')], P + '_FEASIBILITY.tsv')	STATIC_EXPRESSION; resolve module variables and locks before execution
A009	OUTPUT	save(pd.DataFrame(idx, columns=[f'slot_{i + 1}' for i in range(n)]), 'inputs/BOOTSTRAP_INDICES_ZERO_BASED.tsv')	STATIC_EXPRESSION; resolve module variables and locks before execution
A009	OUTPUT	save({'position_zero_based': range(n), 'patient': patients, 'response': r.astype(int)}, 'inputs/BOOTSTRAP_PATIENT_ORDER.tsv')	STATIC_EXPRESSION; resolve module variables and locks before execution
A009	OUTPUT	save(boot, P + '_BOOTSTRAP.tsv')	STATIC_EXPRESSION; resolve module variables and locks before execution
A009	OUTPUT	save(effects, P + '_CLINICAL_DECOMPOSITION.tsv')	STATIC_EXPRESSION; resolve module variables and locks before execution
A009	OUTPUT	save(summary, P + '_BOOTSTRAP_SUMMARY.tsv')	STATIC_EXPRESSION; resolve module variables and locks before execution
A009	OUTPUT	save(bridge, P + '_K_BRIDGE.tsv')	STATIC_EXPRESSION; resolve module variables and locks before execution
A009	OUTPUT	save(perms, P + '_EXACT_PERMUTATION.tsv')	STATIC_EXPRESSION; resolve module variables and locks before execution
A009	OUTPUT	save(assignments, 'QA/EXACT_PERMUTATION_ASSIGNMENTS.tsv')	STATIC_EXPRESSION; resolve module variables and locks before execution
A009	OUTPUT	save(st, P + '_STATE_CONTRIBUTIONS.tsv')	STATIC_EXPRESSION; resolve module variables and locks before execution
A009	OUTPUT	save([dict(group_identity_error=err, bootstrap_identity_max_error=berr, state_CELL_sum_error=abs(state_error[0]), state_CLONE_sum_error=abs(state_error[1]), state_SIZE_sum_error=abs(state_error[2]), status='PASS')], 'QA/CLINICAL_EXACT_IDENTITY_VERIFICATION.tsv')	STATIC_EXPRESSION; resolve module variables and locks before execution
A009	OUTPUT	save(sens, P + '_PAIRED_CDR3_SENSITIVITY.tsv')	STATIC_EXPRESSION; resolve module variables and locks before execution
A009	OUTPUT	save([dec], P + '_SCIENTIFIC_INTERPRETATION.tsv')	STATIC_EXPRESSION; resolve module variables and locks before execution
A009	OUTPUT	"write(P + '_OUTCOME_FIREWALL_AUDIT.md', f""# L 结局防火墙\n\n全部患者/克隆分量、K bridge、状态比例、耦合、集中度及配对CDR3敏感性分量于{lock['utc']}冻结。首次响应列读取事件为{stamp}，严格在后；事件JSON记录当时冻结锁SHA256。接入前验证全部{len(lock['hashes'])}个冻结文件与{len(lock['source_hashes'])}个直接源文件哈希。\n响应来自K原映射，另与Clone-State原response_group逐患者核对；本轮无响应参与TCR解析、local clone size、f、A、O或D构造。K已有结果及用户背景不等于本轮绝对未知，但本轮执行隔离、固定公式和时序可核验。仅在冻结后判断响应覆盖和组人数，并运行同一患者集合的比较。\n所有local clone counts只来自K pre P精确细胞集合，未读global clone.size、post/P-T联合大小、持续/后续观察类别。K冻结alpha原样复用，无重新拟合。既有配对CDR3敏感性同样响应前冻结，不替换主身份。\n"")"	STATIC_EXPRESSION; resolve module variables and locks before execution
A009	OUTPUT	js('QA/CLINICAL_COMPLETION_LOCK.json', dict(utc=now(), patient_n=n, R_n=nr, NR_n=nn, scientific_decision=dec, hashes={p.name: sha(p) for p in OUT.glob(P + '_*.tsv')}))	STATIC_EXPRESSION; resolve module variables and locks before execution
A010	INPUT	pd.read_csv(p, sep='\t', float_precision='round_trip', **kw)	STATIC_EXPRESSION; resolve module variables and locks before execution
A010	INPUT	Path(p).read_text(encoding='utf-8')	STATIC_EXPRESSION; resolve module variables and locks before execution
A010	OUTPUT	pd.DataFrame(x).to_csv(OUT / n, sep='\t', index=False, na_rep='NA')	STATIC_EXPRESSION; resolve module variables and locks before execution
A010	OUTPUT	(OUT / n).write_text(s, encoding='utf-8')	STATIC_EXPRESSION; resolve module variables and locks before execution
A010	OUTPUT	write(n, json.dumps(x, ensure_ascii=False, indent=2))	STATIC_EXPRESSION; resolve module variables and locks before execution
A011	INPUT	pd.read_csv(P / '01_metadata/clinical_translation/PTPN22_CLINICAL_AXES_FROZEN.tsv', sep='\t')	STATIC_EXPRESSION; resolve module variables and locks before execution
A011	INPUT	f.read(1048576)	STATIC_EXPRESSION; resolve module variables and locks before execution
A011	INPUT	pd.read_csv(P / '01_metadata/spatial_phase8/PTPN22_SPATIAL_PROGRAM_FROZEN_PROVENANCE.tsv', sep='\t')	STATIC_EXPRESSION; resolve module variables and locks before execution
A011	OUTPUT	pd.DataFrame(rows).to_csv(OUT / name, sep='\t', index=False)	STATIC_EXPRESSION; resolve module variables and locks before execution
A011	OUTPUT	tsv([dict(path=str(p.relative_to(ROOT)), bytes=p.stat().st_size, mtime_ns=p.stat().st_mtime_ns) for p in files], 'PROTECTED_EXISTING_FILE_INVENTORY.tsv')	STATIC_EXPRESSION; resolve module variables and locks before execution
A011	OUTPUT	tsv([dict(path=str(p.relative_to(ROOT)), bytes=p.stat().st_size, sha256=sha(p)) for p in sources], 'PROTECTED_INPUT_SHA256_BEFORE.tsv')	STATIC_EXPRESSION; resolve module variables and locks before execution
A011	OUTPUT	tsv(bindings, 'AF35_SOURCE_BINDING_AUDIT.tsv')	STATIC_EXPRESSION; resolve module variables and locks before execution
A011	OUTPUT	tsv([dict(gene_rank=i + 1, gene=x) for i, x in enumerate(g)], 'AF35_ORDERED_GENES.tsv')	STATIC_EXPRESSION; resolve module variables and locks before execution
A011	OUTPUT	tsv([dict(subset_id=f'SINGLE_{i + 1:02}', omitted_gene=x, removed_gene_n=1, retained_gene_n=34, retained_genes=';'.join((y for y in g if y != x))) for i, x in enumerate(g)], 'AF35_SINGLE_GENE_SUBSET_MANIFEST.tsv')	STATIC_EXPRESSION; resolve module variables and locks before execution
A011	OUTPUT	tsv(rows, 'AF35_RANDOM_DROPOUT_SUBSET_MANIFEST.tsv')	STATIC_EXPRESSION; resolve module variables and locks before execution
A011	OUTPUT	tsv([dict(path=n, sha256=h) for n, h in hashes.items()], 'AF35_SUBSET_MANIFEST_SHA256.tsv')	STATIC_EXPRESSION; resolve module variables and locks before execution
A011	OUTPUT	(OUT / 'FREEZE_LOCK.json').write_text(json.dumps(dict(time_utc=now(), outcome_labels_loaded=False, hashes=hashes, numpy_version=np.__version__), indent=2), encoding='utf-8')	STATIC_EXPRESSION; resolve module variables and locks before execution
A012	INPUT	pd.read_csv(OUT / 'AF35_SINGLE_GENE_SUBSET_MANIFEST.tsv', sep='\t')	STATIC_EXPRESSION; resolve module variables and locks before execution
A012	INPUT	pd.read_csv(OUT / 'AF35_RANDOM_DROPOUT_SUBSET_MANIFEST.tsv', sep='\t')	STATIC_EXPRESSION; resolve module variables and locks before execution
A012	INPUT	pd.read_csv(OUT / 'AF35_PTPN22_CONDITIONAL_ASSOCIATION_SENSITIVITY.tsv', sep='\t')	STATIC_EXPRESSION; resolve module variables and locks before execution
A012	INPUT	pd.read_csv(OUT / f'{c}_ANALYSIS_PATIENT_VALUES.tsv', sep='\t')	STATIC_EXPRESSION; resolve module variables and locks before execution
A012	INPUT	pd.read_csv(P / f'05_results/tables/phase15c_public_benchmark/{c}_UNIVARIATE_BENCHMARK_EFFECTS.tsv', sep='\t')	STATIC_EXPRESSION; resolve module variables and locks before execution
A012	INPUT	pd.read_csv(OUT / 'AF35_ORDERED_GENES.tsv', sep='\t')	STATIC_EXPRESSION; resolve module variables and locks before execution
A012	INPUT	(OUT / name).read_text()	STATIC_EXPRESSION; resolve module variables and locks before execution
A012	OUTPUT	sg.to_csv(OUT / 'AF35_SINGLE_GENE_ASSOCIATION_ABLATION.tsv', sep='\t', index=False)	STATIC_EXPRESSION; resolve module variables and locks before execution
A012	OUTPUT	rd.to_csv(OUT / 'AF35_RANDOM_DROPOUT_ASSOCIATION_ROBUSTNESS.tsv', sep='\t', index=False)	STATIC_EXPRESSION; resolve module variables and locks before execution
A012	OUTPUT	f.tsv(fullrows, 'AF35_FULL_SCORE_EFFECT_REPRODUCTION.tsv')	STATIC_EXPRESSION; resolve module variables and locks before execution
A012	OUTPUT	ss.to_csv(OUT / 'AF35_SINGLE_GENE_SUMMARY.tsv', sep='\t', index=False)	STATIC_EXPRESSION; resolve module variables and locks before execution
A012	OUTPUT	rs.to_csv(OUT / 'AF35_RANDOM_DROPOUT_SUMMARY.tsv', sep='\t', index=False)	STATIC_EXPRESSION; resolve module variables and locks before execution
A012	OUTPUT	f.tsv([dict(reverse_in_either_cohort=int(neg.any(axis=1).sum()), reverse_in_both_cohorts=int(neg.all(axis=1).sum()), zero_effect_deletions=int(sg.hedges_g.eq(0).sum()))], 'AF35_CROSS_COHORT_DELETION_DIRECTIONS.tsv')	STATIC_EXPRESSION; resolve module variables and locks before execution
A012	OUTPUT	f.tsv([dict(domain=k, classification=v, basis='PROTOCOL_v1_PRE_OUTCOME_DESCRIPTIVE_RULE', claim_boundary='NO_OPTIMALITY_NO_CAUSAL_IMPORTANCE_NO_CLASSIFIER') for k, v in [('SINGLE_GENE_DEPENDENCE', single_label), ('RANDOM_DROPOUT_BEHAVIOR', random_label), ('CROSS_COHORT_DIRECTION_STABILITY', cross), ('ANCHOR_READOUT_CONDITIONAL_SENSITIVITY', cl)]], 'AF35_COMPONENT_ROBUSTNESS_INTERPRETATION.tsv')	STATIC_EXPRESSION; resolve module variables and locks before execution
A013	INPUT	pd.read_csv(p, sep='\t', **kw)	STATIC_EXPRESSION; resolve module variables and locks before execution
A013	INPUT	Path(p).read_text(encoding='utf-8')	STATIC_EXPRESSION; resolve module variables and locks before execution
A013	INPUT	read(base / 'COMPLETE_SHA256_MANIFEST.tsv')	STATIC_EXPRESSION; resolve module variables and locks before execution
A013	OUTPUT	pd.DataFrame(x).to_csv(OUT / n, sep='\t', index=False, na_rep='NA')	STATIC_EXPRESSION; resolve module variables and locks before execution
A013	OUTPUT	(OUT / n).write_text(s, encoding='utf-8')	STATIC_EXPRESSION; resolve module variables and locks before execution
A013	OUTPUT	write(n, json.dumps(x, ensure_ascii=False, indent=2))	STATIC_EXPRESSION; resolve module variables and locks before execution
A013	OUTPUT	save(rows, 'AF35_FUNCTIONAL_STATE_SOURCE_BINDINGS.tsv')	STATIC_EXPRESSION; resolve module variables and locks before execution
A013	OUTPUT	save([dict(path=str(p), bytes=p.stat().st_size, sha256=sha(p)) for p in sorted(paths)], 'QA/PROTECTED_BEFORE.tsv')	STATIC_EXPRESSION; resolve module variables and locks before execution
A013	OUTPUT	js('QA/INITIALIZATION_LOCK.json', dict(utc=now(), protected_directories=names, excluded_components=sorted(excluded), protected_n=len(paths)))	STATIC_EXPRESSION; resolve module variables and locks before execution
A014	INPUT	f.jl(OUT / 'AF35_FUNCTIONAL_STATE_FREEZE_LOCK.json')	STATIC_EXPRESSION; resolve module variables and locks before execution
A014	INPUT	f.read(OUT / 'inputs/GENE_LAYER_MEMBERSHIP.tsv')	STATIC_EXPRESSION; resolve module variables and locks before execution
A014	INPUT	f.read(OUT / 'inputs/TCR_CELL_METADATA_RESPONSE_BLIND.tsv')	STATIC_EXPRESSION; resolve module variables and locks before execution
A014	INPUT	np.load(f.C / 'authority/03_processed_data/phase19a_af35_clonotype/GSE235863_AF35_RESPONSE_BLIND_PROJECTION.npz')	STATIC_EXPRESSION; resolve module variables and locks before execution
A014	INPUT	f.read(f.H / ('AF35_PROGRAM_COHERENCE_GENE_CORRELATION_' + c + '.tsv'))	STATIC_EXPRESSION; resolve module variables and locks before execution
A014	INPUT	f.read(OUT / 'inputs/AF35_ORDERED_GENES.tsv')	STATIC_EXPRESSION; resolve module variables and locks before execution
A014	INPUT	f.read(f.H / f'inputs/{c}_GENE_Z_RESPONSE_BLIND.tsv', usecols=['patient_id'] + genes)	STATIC_EXPRESSION; resolve module variables and locks before execution
A014	INPUT	f.read(OUT / 'inputs/RELEASED_STATE_ORDER.tsv')	STATIC_EXPRESSION; resolve module variables and locks before execution
A014	INPUT	f.read(f.H / f'inputs/{c}_PATIENT_IDS.tsv')	STATIC_EXPRESSION; resolve module variables and locks before execution
A014	INPUT	f.read(f.A / f'{c}_GENE_Z_AND_FULL_SCORES_RESPONSE_BLIND.tsv', usecols=['patient_id', 'PTPN22'])	STATIC_EXPRESSION; resolve module variables and locks before execution
A014	OUTPUT	f.save([dict(check='58872_by_35_raw_UMI_two_access_patterns', status='PASS', max_absolute_difference=int(abs(second - counts).max())), dict(check='all_cell_total_UMI_recomputed', status='PASS', max_absolute_difference=float(abs(totals_check - totals).max()))], 'QA/H5AD_INDEPENDENT_EXTRACTION_VERIFICATION.tsv')	STATIC_EXPRESSION; resolve module variables and locks before execution
A014	OUTPUT	f.save([dict(check='frozen_cell_AF35_reproduction', n=58872, max_absolute_error=err, status='PASS')], 'QA/FROZEN_SINGLE_CELL_AF35_REPRODUCTION.tsv')	STATIC_EXPRESSION; resolve module variables and locks before execution
A014	OUTPUT	cells.to_csv(OUT / 'inputs/CELL_AF35_RAW_COUNTS_AND_FROZEN_SCORE.tsv.gz', sep='\t', index=False)	STATIC_EXPRESSION; resolve module variables and locks before execution
A014	OUTPUT	f.js('QA/MOLECULAR_STATE_COMPLETION_LOCK.json', dict(utc=f.now(), outcome_loaded=False, patients=9, cells=58872, released_states=20, raw_extraction_two_methods_agree=True, hashes={p.name: f.sha(p) for p in OUT.glob('AF35_*.tsv')}))	STATIC_EXPRESSION; resolve module variables and locks before execution
A014	OUTPUT	f.save(d.reset_index().assign(PTPN22=anchor.to_numpy()), f'inputs/{c}_MOLECULAR_WITH_ANCHOR_RESPONSE_BLIND.tsv')	STATIC_EXPRESSION; resolve module variables and locks before execution
A014	OUTPUT	f.save(x, name)	STATIC_EXPRESSION; resolve module variables and locks before execution
A015	INPUT	f.jl(base / 'PHASE17A_ANALYSIS_RESULTS.json')	STATIC_EXPRESSION; resolve module variables and locks before execution
A015	INPUT	self.read(len(b))	STATIC_EXPRESSION; resolve module variables and locks before execution
A015	INPUT	f.read(OUT / 'QA/PROTECTED_BEFORE.tsv')	STATIC_EXPRESSION; resolve module variables and locks before execution
A015	INPUT	f.read(OUT / 'inputs/AF35_ORDERED_GENES.tsv')	STATIC_EXPRESSION; resolve module variables and locks before execution
A015	INPUT	p.read_bytes()	STATIC_EXPRESSION; resolve module variables and locks before execution
A015	OUTPUT	f.save(checks if checks else [dict(status='NOT_RUN', detail=detail)], 'QA/PERTURBATION_FROZEN_AGGREGATE_VERIFICATION.tsv')	STATIC_EXPRESSION; resolve module variables and locks before execution
A015	OUTPUT	f.save(bound, 'QA/PERTURBATION_SOURCE_BINDINGS.tsv')	STATIC_EXPRESSION; resolve module variables and locks before execution
A015	OUTPUT	f.js('QA/PERTURBATION_RECOVERY_LOCK.json', dict(utc=f.now(), gate=status, details=detail, source_etag=src['etag'], cached_blocks_used=len(reader.used), remote_bytes_requested=0, new_DE_models=0))	STATIC_EXPRESSION; resolve module variables and locks before execution
A015	OUTPUT	f.write('AF35_PTPN22_PERTURBATION_RECOVERY_AUDIT.md', f'# 既有Figure4扰动基因端点恢复\n\nAF35_PTPN22_PERTURBATION_RECOVERY_GATE = {status}\n\n{detail}\n\n范围为当前F4 ledger的GSE265961机制及Phase17扰动系统。GSE265961现有结果是condition/readout及程序汇总；GSE264373也是程序得分及重复层效应，本次不从原counts重建35基因DE。\nGSE314342原Phase17A方法明确用作者donor-aware pooled DE的layers/log_fc、zscore和adj_p_value汇总预冻结AF35。原程序脚本在既有3个PTPN22行读取这些基因统计，因此此处是缓存中已有作者DE端点的提取，不是新拟合端点。缓存只读，size/etag来自已冻结PHASE17A_ANALYSIS_RESULTS.json；本轮逐块哈希与初始保护基线比较，原AF35聚合值再绑定数值身份。缓存文件原Phase17清单未逐块给SHA，故历史绑定同时依靠记录的etag和原冻结聚合复现；不夸大为全远程对象逐字节历史校验。\n只用Rest/Stim8hr/Stim48hr原对比，不补缺失供者子集，不将时间条件作为AF35层级演进轨迹。作者adjusted_p与z为原不确定性/检验度量，不是本次新检验或效应CI。保留所有35基因的正负及不显著结果，donor_n=4不是细胞数。最多称perturbation-linked support，不能推出PTPN22直接控制AF35级联。\n')	STATIC_EXPRESSION; resolve module variables and locks before execution
A015	OUTPUT	f.save(rows, 'AF35_PTPN22_PERTURBATION_GENE_EFFECTS.tsv')	STATIC_EXPRESSION; resolve module variables and locks before execution
A016	INPUT	read(A / 'MOLECULAR_CELLS.tsv')	STATIC_EXPRESSION; resolve module variables and locks before execution
A016	INPUT	read(A / 'K_FROZEN_ALPHA.tsv')	STATIC_EXPRESSION; resolve module variables and locks before execution
A016	INPUT	read(A / 'RELEASED_STATE_ORDER.tsv')	STATIC_EXPRESSION; resolve module variables and locks before execution
A016	OUTPUT	save(sample, F / (P + '_OUTCOME_FREE_SAMPLE_MANIFEST.tsv'))	STATIC_EXPRESSION; resolve module variables and locks before execution
A016	OUTPUT	save(x, F / 'PAIRED_MOLECULAR_CELLS.tsv')	STATIC_EXPRESSION; resolve module variables and locks before execution
A016	OUTPUT	save(ct, F / 'CLONE_STATE_DISTRIBUTIONS.tsv')	STATIC_EXPRESSION; resolve module variables and locks before execution
A016	OUTPUT	save(pot, F / 'CLONE_STATE_POTENTIAL.tsv')	STATIC_EXPRESSION; resolve module variables and locks before execution
A016	OUTPUT	save(comp, F / (P + '_PATIENT_TIMEPOINT_COMPONENTS_RESPONSE_BLIND.tsv'))	STATIC_EXPRESSION; resolve module variables and locks before execution
A016	OUTPUT	save(pr, F / 'PATIENT_STATE_PROPORTIONS.tsv')	STATIC_EXPRESSION; resolve module variables and locks before execution
A016	OUTPUT	save(delta, F / (P + '_PATIENT_LONGITUDINAL_CHANGES_RESPONSE_BLIND.tsv'))	STATIC_EXPRESSION; resolve module variables and locks before execution
A016	OUTPUT	save(sc, F / (P + '_STATE_CONTRIBUTIONS_RESPONSE_BLIND.tsv'))	STATIC_EXPRESSION; resolve module variables and locks before execution
A016	OUTPUT	save(shared, F / 'SHARED_CLONE_POTENTIAL_VECTORS.tsv')	STATIC_EXPRESSION; resolve module variables and locks before execution
A016	OUTPUT	save(coverage, F / 'SHARED_CLONE_COVERAGE.tsv')	STATIC_EXPRESSION; resolve module variables and locks before execution
A016	OUTPUT	save(metrics, F / (P + '_SHARED_CLONE_METRICS_RESPONSE_BLIND.tsv'))	STATIC_EXPRESSION; resolve module variables and locks before execution
A016	OUTPUT	save(memory, F / 'SAME_CLONE_MEMORY_RESPONSE_BLIND.tsv')	STATIC_EXPRESSION; resolve module variables and locks before execution
A016	OUTPUT	js(F / 'MOLECULAR_COMPLETION.json', dict(utc=now(), paired_patients=patients, paired_n=len(patients), P27_status=sample[sample.patient.eq('P27')].pairing_status.unique().tolist(), shared_eligible_patients=int(pd.DataFrame(metrics).shift_eligible.sum()), source_native_P_only=True, global_clone_size_read=False, clinical_data_accessed=False, alpha_refit=False, maximum_identity_error=float(max(comp.filter(like='error').abs().to_numpy().max(), delta.identity_error.abs().max()))))	STATIC_EXPRESSION; resolve module variables and locks before execution
A016	OUTPUT	save(events, F / 'PHASEA_FILE_ACCESS_LOG.tsv')	STATIC_EXPRESSION; resolve module variables and locks before execution
A016	OUTPUT	save(pd.DataFrame(indices), F / f'MEMORY_INDICES_{pat}.tsv')	STATIC_EXPRESSION; resolve module variables and locks before execution
A016	OUTPUT	save(dict(draw=np.arange(1000), correlation=dist), F / f'MEMORY_REFERENCE_{pat}.tsv')	STATIC_EXPRESSION; resolve module variables and locks before execution
A017	INPUT	read(K / 'COMPLETE_SHA256_MANIFEST.tsv')	STATIC_EXPRESSION; resolve module variables and locks before execution
A017	INPUT	read(F / (P + '_PATIENT_LONGITUDINAL_CHANGES_RESPONSE_BLIND.tsv'))	STATIC_EXPRESSION; resolve module variables and locks before execution
A017	INPUT	read(L / 'COMPLETE_SHA256_MANIFEST.tsv')	STATIC_EXPRESSION; resolve module variables and locks before execution
A017	INPUT	read(baseline_source)	STATIC_EXPRESSION; resolve module variables and locks before execution
A017	INPUT	read(F / (P + '_SHARED_CLONE_METRICS_RESPONSE_BLIND.tsv'))	STATIC_EXPRESSION; resolve module variables and locks before execution
A017	INPUT	read(source, usecols=['patient', 'response_group'])	STATIC_EXPRESSION; resolve module variables and locks before execution
A017	INPUT	read(F / (P + '_PATIENT_TIMEPOINT_COMPONENTS_RESPONSE_BLIND.tsv'))	STATIC_EXPRESSION; resolve module variables and locks before execution
A017	INPUT	read(F / (P + '_STATE_CONTRIBUTIONS_RESPONSE_BLIND.tsv'))	STATIC_EXPRESSION; resolve module variables and locks before execution
A017	INPUT	read(A / 'L_IDENTITY_REFERENCE.tsv')	STATIC_EXPRESSION; resolve module variables and locks before execution
A017	OUTPUT	js(Q / 'PHASEB_START_EVENT.json', dict(utc=now(), phaseA_lock_sha256=lockhash, phaseA_freeze_utc=lock['utc'], phaseA_hash_verification='PASS', first_clinical_read_follows_this_event=True))	STATIC_EXPRESSION; resolve module variables and locks before execution
A017	OUTPUT	save(lab, B / 'RESPONSE.tsv')	STATIC_EXPRESSION; resolve module variables and locks before execution
A017	OUTPUT	save(joined, C / 'PATIENT_CHANGES_AFTER_JOIN.tsv')	STATIC_EXPRESSION; resolve module variables and locks before execution
A017	OUTPUT	save(lab.assign(included=lab.patient.isin(delta.patient)), C / 'RESPONSE_JOIN_COVERAGE.tsv')	STATIC_EXPRESSION; resolve module variables and locks before execution
A017	OUTPUT	"write(OUT / (P + '_PHASEB_RESPONSE_SOURCE_AUDIT.md'), f""# 阶段 B 响应来源\n\n唯一患者响应来源：`{source}`。SHA-256：`{e}`，与 K 完整清单一致。仅提取 patient、response_group，并将字段名改为 response，保留既有 R/NR 值，未载入其他临床协变量。\n\n阶段 A 完成于 {lock['utc']}，接入前全部冻结哈希通过；首次临床读取之前的阶段 B 开始事件见 QA/PHASEB_START_EVENT.json。分子患者 {len(joined)} 人，R={counts['R']}，NR={counts['NR']}，无重复、无未匹配、无额外临床患者加入。源中仅 post 的额外患者未进入分子配对。\n\nL 的群体基线数值作为另一个已冻结的组水平参照，仅在本阶段读取，不作为患者响应映射，不重算。\n"")"	STATIC_EXPRESSION; resolve module variables and locks before execution
A017	OUTPUT	save(contrast, C / (P + '_CLINICAL_LONGITUDINAL_CONTRASTS.tsv'))	STATIC_EXPRESSION; resolve module variables and locks before execution
A017	OUTPUT	save(base, B / 'L_FROZEN_GROUP_BASELINE.tsv')	STATIC_EXPRESSION; resolve module variables and locks before execution
A017	OUTPUT	save(des, C / 'WITHIN_GROUP_LONGITUDINAL_DESCRIPTION.tsv')	STATIC_EXPRESSION; resolve module variables and locks before execution
A017	OUTPUT	save(state, C / 'STATE_CONTRIBUTIONS.tsv')	STATIC_EXPRESSION; resolve module variables and locks before execution
A017	OUTPUT	js(C / 'CLINICAL_COMPLETION.json', dict(utc=now(), patients=len(joined), R=int(counts['R']), NR=int(counts['NR']), pattern=pattern, balance=dominance, shared_gate=sharedgate, phaseA_post_join_hashes='PASS', baseline_source=str(baseline_source), baseline_source_sha256=sha(baseline_source), baseline_recomputed=False, baseline_same_molecular_patient_universe=set(read(A / 'L_IDENTITY_REFERENCE.tsv').patient) == set(joined.patient), maximum_theta_identity_error=float(abs(res.estimate.iloc[0] - res.estimate.iloc[1] - res.estimate.iloc[2])), maximum_bootstrap_identity_error=float(abs(boot.THETA_CELL - boot.THETA_CLONE - boot.THETA_SIZE).max())))	STATIC_EXPRESSION; resolve module variables and locks before execution
A017	OUTPUT	save(dict(patient_index=np.arange(len(table)), patient=table.patient, response=table.response), C / (prefix + '_PATIENT_ORDER.tsv'))	STATIC_EXPRESSION; resolve module variables and locks before execution
A017	OUTPUT	save(pd.DataFrame(np.column_stack([ri, ni]), columns=[f'R_{i}' for i in range(len(ir))] + [f'NR_{i}' for i in range(len(inn))]), C / (prefix + '_BOOTSTRAP_INDICES.tsv'))	STATIC_EXPRESSION; resolve module variables and locks before execution
A017	OUTPUT	save(boot, C / (prefix + '_BOOTSTRAP.tsv'))	STATIC_EXPRESSION; resolve module variables and locks before execution
A017	OUTPUT	save(perms, C / (prefix + '_EXACT_PERMUTATION_DISTRIBUTION.tsv'))	STATIC_EXPRESSION; resolve module variables and locks before execution
A017	OUTPUT	save(result, C / (prefix + '_BOOTSTRAP_SUMMARY.tsv'))	STATIC_EXPRESSION; resolve module variables and locks before execution
A017	OUTPUT	save(result[result.component.isin(names0)][['component', 'estimate', 'exact_two_sided_p', 'exact_assignments']], C / (prefix + '_EXACT_PERMUTATION.tsv'))	STATIC_EXPRESSION; resolve module variables and locks before execution
A017	OUTPUT	save(sharedres, C / (P + '_SHARED_CLONE_CLINICAL.tsv'))	STATIC_EXPRESSION; resolve module variables and locks before execution
A018	INPUT	rd <- function(dir,name) fread(file.path(dir,name),header=TRUE)	STATIC_EXPRESSION; resolve module variables and locks before execution
A018	INPUT	lock <- fromJSON(file.path(root,'AF35_M2_PHASEA_FREEZE_LOCK.json'))	STATIC_EXPRESSION; resolve module variables and locks before execution
A018	INPUT	start <- fromJSON(file.path(root,'QA/PHASEB_START_EVENT.json'))	STATIC_EXPRESSION; resolve module variables and locks before execution
A018	OUTPUT	res <- rbindlist(checks);fwrite(res,file.path(root,'QA/INDEPENDENT_R_PHASEB_CHECKS.tsv'),sep='\t');writeLines(capture.output(sessionInfo()),file.path(root,'QA/R_PHASEB_SESSION_INFO.txt'))	STATIC_EXPRESSION; resolve module variables and locks before execution
A019	INPUT	pd.read_csv(p, sep='\t', float_precision='round_trip', **kw)	STATIC_EXPRESSION; resolve module variables and locks before execution
A019	INPUT	jl(OUT / (P + '_PHASEA_FREEZE_LOCK.json'))	STATIC_EXPRESSION; resolve module variables and locks before execution
A019	INPUT	Path(p).read_text(encoding='utf-8')	STATIC_EXPRESSION; resolve module variables and locks before execution
A019	OUTPUT	pd.DataFrame(x).to_csv(p, sep='\t', index=False, na_rep='NA')	STATIC_EXPRESSION; resolve module variables and locks before execution
A019	OUTPUT	Path(p).write_text(s, encoding='utf-8')	STATIC_EXPRESSION; resolve module variables and locks before execution
A019	OUTPUT	write(p, json.dumps(x, ensure_ascii=False, indent=2))	STATIC_EXPRESSION; resolve module variables and locks before execution
A020	INPUT	pd.read_csv(OUT / 'SOURCE_GENE_FEATURES_RESPONSE_BLIND.tsv', sep='\t')	STATIC_EXPRESSION; resolve module variables and locks before execution
A020	INPUT	pd.read_csv(OUT / 'SCORING_AUTHORITY_LOCK.tsv', sep='\t')	STATIC_EXPRESSION; resolve module variables and locks before execution
A020	INPUT	pd.read_csv(OUT / 'AF35_ORDERED_GENES.tsv', sep='\t')	STATIC_EXPRESSION; resolve module variables and locks before execution
A020	INPUT	p.read_bytes()	STATIC_EXPRESSION; resolve module variables and locks before execution
A020	OUTPUT	write(wide.reset_index(), 'AF35_MATCHED_NULL_MATCHING_FEATURES.tsv')	STATIC_EXPRESSION; resolve module variables and locks before execution
A020	OUTPUT	write(pd.DataFrame(dict(feature=features, center=center.values, sample_sd=scale.values, n_candidates=len(candidate))), 'MATCHING_STANDARDIZATION_PARAMETERS.tsv')	STATIC_EXPRESSION; resolve module variables and locks before execution
A020	OUTPUT	write(pd.DataFrame(poolrows), 'MATCHED_NEIGHBOR_POOLS.tsv')	STATIC_EXPRESSION; resolve module variables and locks before execution
A020	OUTPUT	write(manifest, 'AF35_MATCHED_NULL_PROGRAM_MANIFEST.tsv')	STATIC_EXPRESSION; resolve module variables and locks before execution
A020	OUTPUT	write(qc, 'MATCHING_BALANCE_QC.tsv')	STATIC_EXPRESSION; resolve module variables and locks before execution
A020	OUTPUT	write(pd.DataFrame(pos), 'POSITION_MATCHING_QC.tsv')	STATIC_EXPRESSION; resolve module variables and locks before execution
A020	OUTPUT	(OUT / 'AF35_MATCHED_NULL_MATCHING_QC.md').write_text(f'# 匹配可行性核验\n\nAF35_MATCHED_NULL_MATCHING_FEASIBILITY_GATE = {status}\n\n两个矩阵均有限且变异的共同基因：{int(valid.sum())}；排除后共同候选：{len(candidate)}。完整逐基因纳入/排除原因在 MATCHING_FEATURES。\n六维来源和固定参数见方案；两个队列检测零点有效且有变化，纳入自然检测比例。AF35 多数基因检测率为 1，存在饱和。\n35 个位置均有 200 最近候选；生成 2000 个程序、70000 位置，程序内恰好 35 独特基因。独特无序程序集合数：{unique_sets}。实际涉及 {len(np.unique(selected))} 个候选基因。\n逐维平均偏差 <=0.25 且 95% 程序绝对均值偏差 <=0.50：{status}。详见 MATCHING_BALANCE_QC.tsv；这仅保证预设全程序测量特征平衡，不保证逐基因完美匹配或共表达/功能相同。每位置最差匹配在 POSITION_MATCHING_QC.tsv 全部保留。\n本阶段未读取响应标签或随机程序效应，不因结局调整池、种子、特征或程序。\n', encoding='utf-8')	STATIC_EXPRESSION; resolve module variables and locks before execution
A020	OUTPUT	(OUT / 'MATCHED_PROGRAM_FREEZE_LOCK.json').write_text(json.dumps(lock, indent=2), encoding='utf-8')	STATIC_EXPRESSION; resolve module variables and locks before execution
A020	OUTPUT	write(pd.DataFrame([dict(path=n, sha256=h) for n, h in lock['hashes'].items()]), 'MATCHED_PROGRAM_MANIFEST_SHA256.tsv')	STATIC_EXPRESSION; resolve module variables and locks before execution
A020	OUTPUT	(OUT / 'AF35_MATCHED_NULL_PROGRAM_MANIFEST.sha256').write_text(sha(OUT / 'AF35_MATCHED_NULL_PROGRAM_MANIFEST.tsv') + '  AF35_MATCHED_NULL_PROGRAM_MANIFEST.tsv\n')	STATIC_EXPRESSION; resolve module variables and locks before execution
A020	OUTPUT	df.to_csv(OUT / name, sep='\t', index=False)	STATIC_EXPRESSION; resolve module variables and locks before execution
A021	INPUT	locks <- rbind(fread(file.path(out,'MATCHED_PROGRAM_MANIFEST_SHA256.tsv')),fread(file.path(out,'SCORING_AUTHORITY_LOCK.tsv'))[,.(path,sha256)])	STATIC_EXPRESSION; resolve module variables and locks before execution
A021	INPUT	manifest <- fread(file.path(out,'AF35_MATCHED_NULL_PROGRAM_MANIFEST.tsv'))	STATIC_EXPRESSION; resolve module variables and locks before execution
A021	INPUT	af <- fread(file.path(out,'AF35_ORDERED_GENES.tsv'))$gene	STATIC_EXPRESSION; resolve module variables and locks before execution
A021	INPUT	mats <- readRDS(file.path(out,'EXPRESSION_MATRICES_RESPONSE_BLIND.rds'))	STATIC_EXPRESSION; resolve module variables and locks before execution
A021	INPUT	score_lock <- fread(file.path(out,'PATIENT_SCORE_FREEZE_SHA256.tsv'))	STATIC_EXPRESSION; resolve module variables and locks before execution
A021	INPUT	scores <- fread(file.path(out,'AF35_MATCHED_NULL_PATIENT_PROGRAM_SCORES_RESPONSE_BLIND.tsv'))	STATIC_EXPRESSION; resolve module variables and locks before execution
A021	INPUT	erp <- fread(erp_path); gse <- fread(gse_path)	STATIC_EXPRESSION; resolve module variables and locks before execution
A021	INPUT	frozen_erp <- fread(file.path(p,'05_results/tables/pretreatment_clinical_translation/ERP117672_AF_PROGRAM_RESPONSE_ASSOCIATION.tsv'))[population=='PRIMARY_RESPONSE_EVALUABLE',hedges_g]	STATIC_EXPRESSION; resolve module variables and locks before execution
A021	INPUT	frozen_gse <- fread(file.path(p,'05_results/tables/phase15b_public_replication/GSE302495_AF35_RECIST_ASSOCIATION.tsv'))$hedges_g	STATIC_EXPRESSION; resolve module variables and locks before execution
A021	OUTPUT	fwrite(raw_export,file.path(out,paste0(cohort,'_SELECTED_TRANSFORMED_EXPRESSION.tsv')),sep='\t')	STATIC_EXPRESSION; resolve module variables and locks before execution
A021	OUTPUT	fwrite(scores,file.path(out,'AF35_MATCHED_NULL_PATIENT_PROGRAM_SCORES_RESPONSE_BLIND.tsv'),sep='\t')	STATIC_EXPRESSION; resolve module variables and locks before execution
A021	OUTPUT	fwrite(data.table(path=scorefiles,sha256=vapply(file.path(out,scorefiles),digest,character(1),algo='sha256',file=TRUE),time_utc=format(Sys.time(),tz='UTC',usetz=TRUE)),file.path(out,'PATIENT_SCORE_FREEZE_SHA256.tsv'),sep='\t')	STATIC_EXPRESSION; resolve module variables and locks before execution
A021	OUTPUT	writeLines(format(Sys.time(),tz='UTC',format='%Y-%m-%dT%H:%M:%OS6Z'),file.path(out,'OUTCOME_JOIN_TIMESTAMP.txt'))	STATIC_EXPRESSION; resolve module variables and locks before execution
A021	OUTPUT	fwrite(joined,file.path(out,'AF35_MATCHED_NULL_PATIENT_PROGRAM_SCORES.tsv'),sep='\t')	STATIC_EXPRESSION; resolve module variables and locks before execution
A021	OUTPUT	fwrite(maps,file.path(out,'ANALYSIS_PATIENT_ELIGIBILITY.tsv'),sep='\t')	STATIC_EXPRESSION; resolve module variables and locks before execution
A021	OUTPUT	fwrite(reproduction,file.path(out,'AF35_FULL_SCORE_EFFECT_REPRODUCTION.tsv'),sep='\t')	STATIC_EXPRESSION; resolve module variables and locks before execution
A021	OUTPUT	fwrite(effects,file.path(out,'AF35_MATCHED_NULL_PROGRAM_EFFECTS.tsv'),sep='\t')	STATIC_EXPRESSION; resolve module variables and locks before execution
A022	INPUT	pd.read_csv(OUT / 'AF35_MATCHED_NULL_PROGRAM_MANIFEST.tsv', sep='\t')	STATIC_EXPRESSION; resolve module variables and locks before execution
A022	INPUT	pd.read_csv(OUT / 'AF35_MATCHED_NULL_PROGRAM_EFFECTS.tsv', sep='\t')	STATIC_EXPRESSION; resolve module variables and locks before execution
A022	INPUT	pd.read_csv(OUT / 'AF35_MATCHED_NULL_PATIENT_PROGRAM_SCORES.tsv', sep='\t')	STATIC_EXPRESSION; resolve module variables and locks before execution
A022	INPUT	(OUT / 'MATCHED_PROGRAM_FREEZE_LOCK.json').read_text()	STATIC_EXPRESSION; resolve module variables and locks before execution
A022	INPUT	pd.read_csv(OUT / f'{cohort}_SELECTED_TRANSFORMED_EXPRESSION.tsv', sep='\t', index_col=0)	STATIC_EXPRESSION; resolve module variables and locks before execution
A022	INPUT	pd.read_csv(OUT / 'PATIENT_SCORE_FREEZE_SHA256.tsv', sep='\t')	STATIC_EXPRESSION; resolve module variables and locks before execution
A022	INPUT	pd.read_csv(OUT / 'AF35_ORDERED_GENES.tsv', sep='\t')	STATIC_EXPRESSION; resolve module variables and locks before execution
A022	INPUT	p.read_bytes()	STATIC_EXPRESSION; resolve module variables and locks before execution
A022	INPUT	(OUT / 'OUTCOME_JOIN_TIMESTAMP.txt').read_text()	STATIC_EXPRESSION; resolve module variables and locks before execution
A022	INPUT	pd.read_csv(OUT / 'ANALYSIS_PATIENT_ELIGIBILITY.tsv', sep='\t')	STATIC_EXPRESSION; resolve module variables and locks before execution
A022	OUTPUT	write(verification, 'INDEPENDENT_NUMERIC_VERIFICATION.tsv')	STATIC_EXPRESSION; resolve module variables and locks before execution
A022	OUTPUT	write(summary, 'AF35_MATCHED_NULL_PRIMARY_SUMMARY.tsv')	STATIC_EXPRESSION; resolve module variables and locks before execution
A022	OUTPUT	write(cross.reset_index(), 'AF35_MATCHED_NULL_CROSS_COHORT.tsv')	STATIC_EXPRESSION; resolve module variables and locks before execution
A022	OUTPUT	write(joint, 'AF35_MATCHED_NULL_JOINT_SUMMARY.tsv')	STATIC_EXPRESSION; resolve module variables and locks before execution
A022	OUTPUT	"(OUT / 'AF35_MATCHED_NULL_OUTCOME_FIREWALL_AUDIT.md').write_text(f""# 结局防火墙和程序冻结审计\n\nAF35_MATCHED_NULL_OUTCOME_FIREWALL_GATE = PASS\nAF35_MATCHED_NULL_MANIFEST_FREEZE_GATE = PASS\n\n共同程序冻结时间 UTC：{lock['time_utc']}。第一次响应文件解析前的时间标记：{join.isoformat()}。\n程序 SHA256：{lock['hashes']['AF35_MATCHED_NULL_PROGRAM_MANIFEST.tsv']}。\n生成程序仅打开基因测量特征、基因定义和无结局评分权威锁；不读取患者标签。六维匹配参数和全部程序先行冻结。评分脚本先核验全部锁，计算并哈希 78×2001 份患者分数，再解析两份原始响应映射；ERP 的 5 例不可评估患者只参与冻结分数标准化，分析时排除。\n冻结哈希和来源锁重验通过。完整 AF35 的 g 复现通过；独立 NumPy 从 transformed expression 重算 4002 个程序-队列结果，分数和效应误差均 <1e-10。\n这是代码与文件级执行顺序审计，不是操作系统级访问隔离证明。分析者已从附件知道历史 AF35 总体效应；不能称分析者完全盲法，也不能据此恢复原始 AF35 选择防火墙。\n"", encoding='utf-8')"	STATIC_EXPRESSION; resolve module variables and locks before execution
A022	OUTPUT	d.to_csv(OUT / n, sep='\t', index=False)	STATIC_EXPRESSION; resolve module variables and locks before execution
A023	INPUT	pd.read_csv(p, sep='\t', **kw)	STATIC_EXPRESSION; resolve module variables and locks before execution
A023	INPUT	read(A / 'AF35_ORDERED_GENES.tsv')	STATIC_EXPRESSION; resolve module variables and locks before execution
A023	INPUT	read(base / 'COMPLETE_SHA256_MANIFEST.tsv')	STATIC_EXPRESSION; resolve module variables and locks before execution
A023	INPUT	read(E / f'inputs/{c}_MOLECULAR_INPUT_RESPONSE_BLIND.tsv', usecols=['patient_id'])	STATIC_EXPRESSION; resolve module variables and locks before execution
A023	INPUT	f.read(2 ** 20)	STATIC_EXPRESSION; resolve module variables and locks before execution
A023	INPUT	read(B / 'AF35_ORDERED_GENES.tsv')	STATIC_EXPRESSION; resolve module variables and locks before execution
A023	INPUT	read(E / 'SOURCE_BINDINGS.tsv')	STATIC_EXPRESSION; resolve module variables and locks before execution
A023	INPUT	(base / lock).read_text()	STATIC_EXPRESSION; resolve module variables and locks before execution
A023	OUTPUT	pd.DataFrame(x).to_csv(OUT / name, sep='\t', index=False, na_rep='NA')	STATIC_EXPRESSION; resolve module variables and locks before execution
A023	OUTPUT	(OUT / name).write_text(s, encoding='utf-8')	STATIC_EXPRESSION; resolve module variables and locks before execution
A023	OUTPUT	write(name, json.dumps(x, ensure_ascii=False, indent=2))	STATIC_EXPRESSION; resolve module variables and locks before execution
A023	OUTPUT	save([dict(path=str(p), bytes=p.stat().st_size, sha256=sha(p)) for p in sorted(paths)], 'QA/PROTECTED_BEFORE.tsv')	STATIC_EXPRESSION; resolve module variables and locks before execution
A023	OUTPUT	js('QA/INITIALIZATION_LOCK.json', dict(utc=now(), protected_directories=names, excluded_dependency_components=sorted(excluded), protected_files=len(paths), module=PREFIX))	STATIC_EXPRESSION; resolve module variables and locks before execution
A023	OUTPUT	save(rows, PREFIX + '_SOURCE_BINDING_AUDIT.tsv')	STATIC_EXPRESSION; resolve module variables and locks before execution
A023	OUTPUT	save(g, 'inputs/AF35_ORDERED_GENES.tsv')	STATIC_EXPRESSION; resolve module variables and locks before execution
A023	OUTPUT	save(pd.DataFrame({'patient_id': ids}), 'inputs/' + c + '_PATIENT_IDS.tsv')	STATIC_EXPRESSION; resolve module variables and locks before execution
A024	INPUT	f.read(B / 'AF35_MATCHED_NULL_PROGRAM_MANIFEST.tsv')	STATIC_EXPRESSION; resolve module variables and locks before execution
A024	INPUT	(B / 'MATCHED_PROGRAM_FREEZE_LOCK.json').read_text()	STATIC_EXPRESSION; resolve module variables and locks before execution
A024	INPUT	f.read(B / f'{c}_SELECTED_TRANSFORMED_EXPRESSION.tsv', index_col=0)	STATIC_EXPRESSION; resolve module variables and locks before execution
A024	INPUT	(B / 'OUTCOME_JOIN_TIMESTAMP.txt').read_text()	STATIC_EXPRESSION; resolve module variables and locks before execution
A024	INPUT	f.read(OUT / 'inputs/AF35_ORDERED_GENES.tsv')	STATIC_EXPRESSION; resolve module variables and locks before execution
A024	INPUT	f.read(f.A / f'{c}_GENE_Z_AND_FULL_SCORES_RESPONSE_BLIND.tsv')	STATIC_EXPRESSION; resolve module variables and locks before execution
A024	INPUT	f.read(OUT / f'inputs/{c}_PATIENT_IDS.tsv')	STATIC_EXPRESSION; resolve module variables and locks before execution
A024	INPUT	f.read(OUT / (P + '_SOURCE_BINDING_AUDIT.tsv'))	STATIC_EXPRESSION; resolve module variables and locks before execution
A024	OUTPUT	f.save(manifest, 'inputs/EXACT_ANALYSIS_B_RANDOM_PROGRAM_MANIFEST.tsv')	STATIC_EXPRESSION; resolve module variables and locks before execution
A024	OUTPUT	"f.write(P + '_RANDOM_REFERENCE_PROVENANCE.md', f""# 随机程序来源\n\n只复用 Analysis B 已冻结的 2,000 个可测性匹配、各 35 基因程序，逐行/逐程序完全相同，未生成新随机程序。\n来源：{B / 'AF35_MATCHED_NULL_PROGRAM_MANIFEST.tsv'}。\nSHA256：{f.sha(B / 'AF35_MATCHED_NULL_PROGRAM_MANIFEST.tsv')}。\n原锁时间 {bl['time_utc']}；原结局接入时间 {joined}。前者早于后者，锁内 outcome_labels_loaded=false。\n本模块未读取随机程序临床效应、临床超越结果或响应标签；仅读取清单、来源哈希和无结局表达矩阵。\n该分布为可测性匹配随机程序参照，非正式置换零分布；原匹配来自 40/38 人评分空间，本模块结构分析使用冻结的 35/38 人患者集合，匹配程序本身不变。\n"")"	STATIC_EXPRESSION; resolve module variables and locks before execution
A024	OUTPUT	f.save(spl, 'inputs/SPLIT_HALF_PARTITION_MANIFEST.tsv')	STATIC_EXPRESSION; resolve module variables and locks before execution
A024	OUTPUT	f.write(P + '_PROTOCOL_FREEZE_v1.md', protocol)	STATIC_EXPRESSION; resolve module variables and locks before execution
A024	OUTPUT	f.js(P + '_FREEZE_LOCK.json', dict(utc=f.now(), outcome_labels_loaded=False, seed=seed, partitions=5000, partition_attempts=attempts, source_hashes={r.path: r.sha256 for r in f.read(OUT / (P + '_SOURCE_BINDING_AUDIT.tsv')).itertuples()}, hashes={str(p.relative_to(OUT)): f.sha(p) for p in lockfiles}))	STATIC_EXPRESSION; resolve module variables and locks before execution
A024	OUTPUT	put(within, 'WITHIN_COHORT_SUMMARY')	STATIC_EXPRESSION; resolve module variables and locks before execution
A024	OUTPUT	put(pc, 'PCA')	STATIC_EXPRESSION; resolve module variables and locks before execution
A024	OUTPUT	put(grs, 'GENE_TO_REST')	STATIC_EXPRESSION; resolve module variables and locks before execution
A024	OUTPUT	put(splits, 'SPLIT_HALF')	STATIC_EXPRESSION; resolve module variables and locks before execution
A024	OUTPUT	put([dict(cohort_pair='ERP117672__GSE302495', pair_n=595, gene_n=35, **ac)], 'CROSS_COHORT')	STATIC_EXPRESSION; resolve module variables and locks before execution
A024	OUTPUT	put([dict(gene_i=genes[i], gene_j=genes[j], ERP117672=af[f.COHORTS[0]]['matrix'][i, j], GSE302495=af[f.COHORTS[1]]['matrix'][i, j]) for i, j in zip(ii, jj)], 'COVARIANCE_VECTORS')	STATIC_EXPRESSION; resolve module variables and locks before execution
A024	OUTPUT	put(rd, 'RANDOM_REFERENCE_RESULTS')	STATIC_EXPRESSION; resolve module variables and locks before execution
A024	OUTPUT	put(rr, 'RANDOM_REFERENCE_SUMMARY')	STATIC_EXPRESSION; resolve module variables and locks before execution
A024	OUTPUT	f.js('QA/PRIMARY_COMPLETION_LOCK.json', dict(utc=f.now(), scientific_pattern=pattern, outcome_labels_loaded=False, random_programs=2000, split_half_partitions=5000, python=platform.python_version(), numpy=np.__version__, hashes={p.name: f.sha(p) for p in OUT.glob(P + '_*.tsv')}))	STATIC_EXPRESSION; resolve module variables and locks before execution
A024	OUTPUT	f.write(P + '_OUTCOME_FIREWALL_AUDIT.md', '# H 结局防火墙审计\n\n本轮 H 主分析进程无响应标签或临床效应表读入。此前项目背景及用户附件包含历史总体效应，不声称分析者历史上从未见过效应；本次执行隔离以输入与顺序为证。\n脚本只允许无结局表达、原序基因、原随机清单、既有无结局patient_id及哈希/时间锁。读取B的 OUTCOME_JOIN_TIMESTAMP.txt 只检查原清单冻结先后；未读B临床结果。保护文件仅二进制哈希，无结局内容解析。\n00_initialize.py 建立独立保护基线；01_freeze_and_analyze.py 先冻结协议、分割清单、来源哈希，再计算H，PRIMARY_COMPLETION_LOCK.json固定结果。G标签接入在H主分析结束以后执行。所有图和解释来自结构量，无响应、效应量、临床超越或结果驱动选择。\nGSE104580及随机程序split-half可选项未运行；未增加新队列或程序。见协议中的预先选择。\n')	STATIC_EXPRESSION; resolve module variables and locks before execution
A024	OUTPUT	f.save(x, P + '_' + s + '.tsv')	STATIC_EXPRESSION; resolve module variables and locks before execution
A024	OUTPUT	f.save(x.rename_axis('patient_id').reset_index(), 'inputs/' + c + '_GENE_Z_RESPONSE_BLIND.tsv')	STATIC_EXPRESSION; resolve module variables and locks before execution
A024	OUTPUT	put(pd.DataFrame(m['matrix'], columns=genes).assign(gene=genes)[['gene'] + genes], 'GENE_CORRELATION_' + c)	STATIC_EXPRESSION; resolve module variables and locks before execution
A025	INPUT	lock<-fromJSON(file.path(out,'MOLECULAR_GEOMETRY_LOCK.json'))	STATIC_EXPRESSION; resolve module variables and locks before execution
A025	INPUT	erpm <- fread(file.path(p,'01_metadata/pretreatment_clinical_translation/ERP117672_PATIENT_RESPONSE_MAP.tsv'))[primary_included==TRUE,.(patient_id,group=ifelse(primary_group=='Responder','R','NR'))]	STATIC_EXPRESSION; resolve module variables and locks before execution
A025	INPUT	gsem <- fread(file.path(p,'01_metadata/phase15b_public_replication/GSE302495_PATIENT_RESPONSE_MAP.tsv'))[,.(patient_id,group=response_group)]	STATIC_EXPRESSION; resolve module variables and locks before execution
A025	INPUT	d<-fread(file.path(out,paste0('inputs/',cohort,'_MOLECULAR_INPUT_RESPONSE_BLIND.tsv')))	STATIC_EXPRESSION; resolve module variables and locks before execution
A025	INPUT	old<-fread(file.path(p,paste0('05_results/tables/phase15c_public_benchmark/',cohort,'_UNIVARIATE_BENCHMARK_EFFECTS.tsv')))	STATIC_EXPRESSION; resolve module variables and locks before execution
A025	OUTPUT	put <- function(x,n) fwrite(x,file.path(out,n),sep='\t',na='NA')	STATIC_EXPRESSION; resolve module variables and locks before execution
A025	OUTPUT	writeLines(c('# 临床权威恢复审计','',	STATIC_EXPRESSION; resolve module variables and locks before execution
A025	OUTPUT	saveRDS(fits,file.path(out,'tables/JOINT_FIRTH_FITS.rds'))	STATIC_EXPRESSION; resolve module variables and locks before execution
A026	INPUT	np.load(PROJECTION_FILE, allow_pickle=False)	STATIC_EXPRESSION; resolve module variables and locks before execution
A026	INPUT	FREEZE_FILE.read_text(encoding='utf-8')	STATIC_EXPRESSION; resolve module variables and locks before execution
A026	INPUT	stream.read(1024 * 1024)	STATIC_EXPRESSION; resolve module variables and locks before execution
A026	OUTPUT	TABLE_JSON.write_text(json.dumps(tables, ensure_ascii=False, indent=2) + '\n', encoding='utf-8')	STATIC_EXPRESSION; resolve module variables and locks before execution
A026	OUTPUT	SUMMARY_JSON.write_text(json.dumps(summary, ensure_ascii=False, indent=2) + '\n', encoding='utf-8')	STATIC_EXPRESSION; resolve module variables and locks before execution
A026	OUTPUT	LOG_FILE.write_text('\n'.join(messages) + '\n', encoding='utf-8')	STATIC_EXPRESSION; resolve module variables and locks before execution
A027	INPUT	pd.read_csv(PROJECT / source_paths[8], sep='\t')	STATIC_EXPRESSION; resolve module variables and locks before execution
A027	INPUT	(PROJECT / source_paths[6]).read_text(encoding='utf-8')	STATIC_EXPRESSION; resolve module variables and locks before execution
A027	INPUT	(PROJECT / source_paths[-2]).read_text(encoding='utf-8')	STATIC_EXPRESSION; resolve module variables and locks before execution
A027	INPUT	mod.TABLE_JSON.read_text(encoding='utf-8')	STATIC_EXPRESSION; resolve module variables and locks before execution
A027	INPUT	z.read(e)	STATIC_EXPRESSION; resolve module variables and locks before execution
A027	OUTPUT	pd.DataFrame(rows).to_csv(OUT / name, sep='\t', index=False, na_rep='NA')	STATIC_EXPRESSION; resolve module variables and locks before execution
A027	OUTPUT	save(records, 'PROTECTED_INPUT_BEFORE.tsv')	STATIC_EXPRESSION; resolve module variables and locks before execution
A027	OUTPUT	save(binding, 'HISTORICAL_SOURCE_HASH_VERIFICATION.tsv')	STATIC_EXPRESSION; resolve module variables and locks before execution
A027	OUTPUT	save(checks, 'FROZEN_PHASE19_NUMERIC_REPRODUCTION.tsv')	STATIC_EXPRESSION; resolve module variables and locks before execution
A027	OUTPUT	target.write_bytes(z.read(e))	STATIC_EXPRESSION; resolve module variables and locks before execution
A028	INPUT	pd.read_csv(P / rel, sep='\t')	STATIC_EXPRESSION; resolve module variables and locks before execution
A028	INPUT	pd.read_csv(OUT / 'FROZEN_PHASE19_NUMERIC_REPRODUCTION.tsv', sep='\t')	STATIC_EXPRESSION; resolve module variables and locks before execution
A028	INPUT	read('03_processed_data/phase3/GSE235863_BARCODE_CLONOTYPE_STATE_PTPN22.tsv.gz')	STATIC_EXPRESSION; resolve module variables and locks before execution
A028	INPUT	np.load(P / '03_processed_data/phase19a_af35_clonotype/GSE235863_AF35_RESPONSE_BLIND_PROJECTION.npz', allow_pickle=False)	STATIC_EXPRESSION; resolve module variables and locks before execution
A028	INPUT	read('05_results/tables/temporal/GSE235863_BASELINE_CLONE_FATE_TABLE.tsv')	STATIC_EXPRESSION; resolve module variables and locks before execution
A028	INPUT	read('05_results/tables/phase19a_af35_clonotype/AF35_CLONOTYPE_TEMPORAL_SENSITIVITY.tsv')	STATIC_EXPRESSION; resolve module variables and locks before execution
A028	INPUT	read('05_results/tables/phase3/GSE235863_WITHIN_PATIENT_CLONAL_ASSOCIATIONS.tsv')	STATIC_EXPRESSION; resolve module variables and locks before execution
A028	INPUT	read('01_metadata/final_harmonization/GSE235863_TEMPORAL_COMPARTMENT_AUDIT.tsv')	STATIC_EXPRESSION; resolve module variables and locks before execution
A028	OUTPUT	pd.DataFrame(df).to_csv(OUT / name, sep='\t', index=False, na_rep='NA')	STATIC_EXPRESSION; resolve module variables and locks before execution
A028	OUTPUT	write(primary, 'CLONE_STATE_PATIENT_EFFECTS.tsv')	STATIC_EXPRESSION; resolve module variables and locks before execution
A028	OUTPUT	write(rec, 'AF35_FROZEN_STATE_EFFECT_RECOVERY.tsv')	STATIC_EXPRESSION; resolve module variables and locks before execution
A028	OUTPUT	write(ov, 'CLONE_CONTEXT_ELIGIBILITY_AWARE_OVERLAP.tsv')	STATIC_EXPRESSION; resolve module variables and locks before execution
A028	OUTPUT	write(pc, 'CLONE_CONTEXT_PERSISTENCE_ELIGIBLE_CLONES.tsv')	STATIC_EXPRESSION; resolve module variables and locks before execution
A028	OUTPUT	write(tc, 'CLONE_CONTEXT_BASELINE_PB_SHARED_ELIGIBLE_CLONES.tsv')	STATIC_EXPRESSION; resolve module variables and locks before execution
A028	OUTPUT	write(triples, 'CLONE_CONTEXT_SHARED_UNIVERSE_TRIPLE_OVERLAP.tsv')	STATIC_EXPRESSION; resolve module variables and locks before execution
A028	OUTPUT	write(merge_audit[merge_audit.author_clone_n > 1], 'PAIRED_CDR3_AUTHOR_ID_MERGE_AUDIT.tsv')	STATIC_EXPRESSION; resolve module variables and locks before execution
A028	OUTPUT	write(pd.concat(sens, ignore_index=True), 'PAIRED_CDR3_STATE_ADJUSTED_SENSITIVITY.tsv')	STATIC_EXPRESSION; resolve module variables and locks before execution
A028	OUTPUT	write(changed, 'PAIRED_CDR3_CONTEXT_CLASSIFICATION_AUDIT.tsv')	STATIC_EXPRESSION; resolve module variables and locks before execution
A028	OUTPUT	write(ctx, 'TUMOR_BLOOD_MATCHED_CONTEXT_AUDIT.tsv')	STATIC_EXPRESSION; resolve module variables and locks before execution
A028	OUTPUT	write(source_rows, 'TUMOR_BLOOD_SOURCE_SAMPLE_BINDINGS.tsv')	STATIC_EXPRESSION; resolve module variables and locks before execution
A028	OUTPUT	write(cs, 'TUMOR_BLOOD_CODETECTION_ELIGIBLE_CLONES.tsv')	STATIC_EXPRESSION; resolve module variables and locks before execution
A028	OUTPUT	write(size_audit, 'TUMOR_BLOOD_CLONE_SIZE_CONFOUNDING_AUDIT.tsv')	STATIC_EXPRESSION; resolve module variables and locks before execution
A028	OUTPUT	"(OUT / 'TUMOR_BLOOD_CODETECTION_FEASIBILITY.md').write_text(f""# 肿瘤/外周血共检出可行性\n\nTUMOR_BLOOD_CODETECTION_FEASIBILITY_GATE = {('PASS' if feasible else 'INSUFFICIENT')}\n\n来源有效同患者同 pre/post 阶段匹配 {int((ctx.status == 'SOURCE_VALID_MATCHED').sum())} 个上下文，表达比较可用 {len(valid_patients)} 位患者。每个组织一个明确释放样本，GEO 标题逐行核验，详见 SOURCE_SAMPLE_BINDINGS。只验证同治疗阶段，不声称同一天采样。保留 P27 GEO characteristics 患者字段冲突；沿用冻结标题/样本 token 映射。\n匹配上下文内共有 {len(cs)} 个克隆上下文记录，共检出 {int(cs.co_detected.sum())}，局限检出 {int((~cs.co_detected).sum())}；跨时点不可当成独立克隆或独立患者。\n共检出至少需要两个观测细胞，所以 size=1 必然局限检出；克隆大小分布和分层计数见 CLONE_SIZE_CONFOUNDING_AUDIT。测序深度和组织可采样性仍可影响检测，不据此作交通、迁移或播散推断。\n技术 PASS 的标准已在结果计算前写入方案，不要求任何表达方向或显著性。通过后分别计算患者×时点×组织内两组细胞均值差及同一状态校正差，组织等权后时点等权，最后患者等权 bootstrap；Supplement-only。\n"", encoding='utf-8')"	STATIC_EXPRESSION; resolve module variables and locks before execution
A028	OUTPUT	write(all_summaries, 'CLONE_STATE_EFFECT_SUMMARY.tsv')	STATIC_EXPRESSION; resolve module variables and locks before execution
A028	OUTPUT	write(strata, 'CLONE_STATE_STRATUM_EFFECTS_AND_SUPPORT.tsv')	STATIC_EXPRESSION; resolve module variables and locks before execution
A028	OUTPUT	write(loo_rows, 'CLONE_STATE_PATIENT_OMISSION.tsv')	STATIC_EXPRESSION; resolve module variables and locks before execution
A028	OUTPUT	write(checks, 'ANALYSIS_VERIFICATION.tsv')	STATIC_EXPRESSION; resolve module variables and locks before execution
A028	OUTPUT	(OUT / 'PYTHON_SESSION_INFO.json').write_text(json.dumps(versions, indent=2), encoding='utf-8')	STATIC_EXPRESSION; resolve module variables and locks before execution
A028	OUTPUT	(OUT / 'ANALYSIS_STAGE_STATUS.json').write_text(json.dumps({'authority': 'PASS', 'expansion': 'PASS', 'persistence': 'PASS', 'overlap': 'PASS', 'codetection_feasibility': 'PASS' if feasible else 'INSUFFICIENT', 'codetection_analysis': 'PASS' if feasible else 'NOT_RUN', 'analysis_checks': len(checks), 'codetection_patients': len(valid_patients)}, indent=2), encoding='utf-8')	STATIC_EXPRESSION; resolve module variables and locks before execution
A028	OUTPUT	write(pd.concat([patients, s.assign(row_type='SUMMARY', patient='AGGREGATE')], ignore_index=True), f'CLONE_STATE_ADJUSTED_{context}.tsv')	STATIC_EXPRESSION; resolve module variables and locks before execution
A028	OUTPUT	write(detail, 'TUMOR_BLOOD_CODETECTION_COMPARTMENT_EFFECTS.tsv')	STATIC_EXPRESSION; resolve module variables and locks before execution
A028	OUTPUT	write(pair, 'TUMOR_BLOOD_CODETECTION_MATCHED_PAIR_EFFECTS.tsv')	STATIC_EXPRESSION; resolve module variables and locks before execution
A028	OUTPUT	write(patient, 'TUMOR_BLOOD_CODETECTION_PATIENT_EFFECTS.tsv')	STATIC_EXPRESSION; resolve module variables and locks before execution
A029	INPUT	dec<-function(k){a<-h5read(p,paste0('/obs/',k,'/categories'));b<-h5read(p,paste0('/obs/',k,'/codes'));a[b+1L]}	STATIC_EXPRESSION; resolve module variables and locks before execution
A029	INPUT	coords<-t(h5read(p,'/obsm/spatial'));storage.mode(coords)<-'double'	STATIC_EXPRESSION; resolve module variables and locks before execution
A029	INPUT	ptr<-h5read(p,'/X/indptr'); genes<-as.character(h5read(p,'/var/_index'))	STATIC_EXPRESSION; resolve module variables and locks before execution
A029	INPUT	af<-fread('AF35_RESPONSE_BLIND_PROGRAM_COHERENCE_v1/inputs/AF35_ORDERED_GENES.tsv')$gene	STATIC_EXPRESSION; resolve module variables and locks before execution
A029	INPUT	co<-fread('HCC_ICI_project/01_metadata/PHASE3_PTPN22_SPECIFICITY_COMPARATOR_PROGRAMS.tsv')	STATIC_EXPRESSION; resolve module variables and locks before execution
A029	INPUT	frozen<-fread('HCC_ICI_project/05_results/tables/spatial_specificity_rescue/PTPN22_CONDITIONAL_SPATIAL_EFFECTS.tsv')[cohort=='Wu_Zenodo_19123188' & record_type=='PATIENT']	STATIC_EXPRESSION; resolve module variables and locks before execution
A029	INPUT	ix<-as.integer(h5read(p,'/X/indices',index=list(a:b)));v<-as.numeric(h5read(p,'/X/data',index=list(a:b)))	STATIC_EXPRESSION; resolve module variables and locks before execution
A029	OUTPUT	fwrite(audit,file.path(O,'WU_PRETREATMENT_SPATIAL_INPUT_AUDIT.tsv'),sep='\t')	STATIC_EXPRESSION; resolve module variables and locks before execution
A029	OUTPUT	fwrite(effects,file.path(O,'recovered_sources/WU_ZERO_COUNT_SENSITIVITY_PATIENT_METRICS.tsv'),sep='\t')	STATIC_EXPRESSION; resolve module variables and locks before execution
A029	OUTPUT	fwrite(s,file.path(O,'recovered_sources/WU_ZERO_COUNT_SENSITIVITY_COHORT_EFFECT.tsv'),sep='\t');print(s)	STATIC_EXPRESSION; resolve module variables and locks before execution
A030	INPUT	x <- as.data.table(readRDS(path))	STATIC_EXPRESSION; resolve module variables and locks before execution
A030	INPUT	part <- fread(cluster_path)	STATIC_EXPRESSION; resolve module variables and locks before execution
A030	INPUT	scale <- as.numeric(fromJSON(scale_path)$tissue_hires_scalef)	STATIC_EXPRESSION; resolve module variables and locks before execution
A030	INPUT	spot_map <- fread(spot_map_path)	STATIC_EXPRESSION; resolve module variables and locks before execution
A030	INPUT	region_audit <- fread(region_audit_path)	STATIC_EXPRESSION; resolve module variables and locks before execution
A030	INPUT	image_array <- h5read(h5_path, hires_h5_path)	STATIC_EXPRESSION; resolve module variables and locks before execution
A030	INPUT	hires_scale <- as.numeric(h5read(h5_path, scale_h5_path))	STATIC_EXPRESSION; resolve module variables and locks before execution
A030	INPUT	coeff <- fread(patient_coeff_path)	STATIC_EXPRESSION; resolve module variables and locks before execution
A030	INPUT	crossmodal <- fread(crossmodal_path)	STATIC_EXPRESSION; resolve module variables and locks before execution
A030	OUTPUT	"fwrite(gse_plot, file.path(data_dir, ""GSE238264_REPLICATION_MAP_PLOT_READY.tsv""), sep = ""\t"", na = ""NA"")"	STATIC_EXPRESSION; resolve module variables and locks before execution
A030	OUTPUT	"fwrite(wu_context, file.path(data_dir, ""WU_COREGISTERED_TISSUE_CONTEXT_PLOT_READY.tsv""), sep = ""\t"", na = ""NA"")"	STATIC_EXPRESSION; resolve module variables and locks before execution
A030	OUTPUT	"fwrite(selection_out, file.path(data_dir, ""WU_MODULE_D_PROOF_REGION_SELECTION.tsv""), sep = ""\t"", na = ""NA"")"	STATIC_EXPRESSION; resolve module variables and locks before execution
A030	OUTPUT	"fwrite(selected_st, file.path(data_dir, ""WU_SELECTED_SAMPLE_ST_LAYERS_PLOT_READY.tsv""), sep = ""\t"", na = ""NA"")"	STATIC_EXPRESSION; resolve module variables and locks before execution
A030	OUTPUT	"fwrite(coeff, file.path(data_dir, ""WU_ST_CODEX_CONTEXT_MATRIX_PLOT_READY.tsv""), sep = ""\t"", na = ""NA"")"	STATIC_EXPRESSION; resolve module variables and locks before execution
A030	OUTPUT	"fwrite(crossmodal, file.path(data_dir, ""WU_ST_CODEX_EXISTING_CONCORDANCE_PLOT_READY.tsv""), sep = ""\t"", na = ""NA"")"	STATIC_EXPRESSION; resolve module variables and locks before execution
A031	INPUT	"patient_expression <- read.delim(file.path(table_dir, ""GSE206325_candidate_expression_by_patient.tsv""), check.names = FALSE)"	STATIC_EXPRESSION; resolve module variables and locks before execution
A031	INPUT	"tcr_metrics <- read.delim(file.path(table_dir, ""GSE206325_TCR_repertoire_metrics_by_sample.tsv""), check.names = FALSE)"	STATIC_EXPRESSION; resolve module variables and locks before execution
A031	INPUT	"tcr_persistence <- read.delim(file.path(table_dir, ""GSE206325_TCR_persistence_by_patient.tsv""), check.names = FALSE)"	STATIC_EXPRESSION; resolve module variables and locks before execution
A031	OUTPUT	"write.table(response_loo, file.path(stats_dir, ""GSE206325_candidate_response_leave_one_patient_out.tsv""), sep = ""\t"", quote = FALSE, row.names = FALSE)"	STATIC_EXPRESSION; resolve module variables and locks before execution
A031	OUTPUT	"write.table(response_loo_summary, file.path(stats_dir, ""GSE206325_candidate_response_LOO_summary.tsv""), sep = ""\t"", quote = FALSE, row.names = FALSE)"	STATIC_EXPRESSION; resolve module variables and locks before execution
A031	OUTPUT	"write.table(tcr_associations, file.path(stats_dir, ""GSE206325_candidate_TCR_associations_with_CI.tsv""), sep = ""\t"", quote = FALSE, row.names = FALSE)"	STATIC_EXPRESSION; resolve module variables and locks before execution
A031	OUTPUT	"write.table(grades, file.path(table_dir, ""TARGET_RANKING_EVIDENCE_GRADES_v1.tsv""), sep = ""\t"", quote = FALSE, row.names = FALSE)"	STATIC_EXPRESSION; resolve module variables and locks before execution
A031	OUTPUT	"write.table(ranking, file.path(table_dir, ""TARGET_RANKING_v1.tsv""), sep = ""\t"", quote = FALSE, row.names = FALSE)"	STATIC_EXPRESSION; resolve module variables and locks before execution
A033	INPUT	roles <- fread(role_file)	STATIC_EXPRESSION; resolve module variables and locks before execution
A033	INPUT	effects <- fread(effect_file)	STATIC_EXPRESSION; resolve module variables and locks before execution
A033	INPUT	x <- fread(mapping_file)	STATIC_EXPRESSION; resolve module variables and locks before execution
A033	INPUT	"v6 <- fread(v6_effect_file)[analysis_role == ""PRIMARY_BLOOD""]"	STATIC_EXPRESSION; resolve module variables and locks before execution
A033	INPUT	"lines <- readLines(gzfile(path), warn = FALSE, encoding = ""UTF-8"")"	STATIC_EXPRESSION; resolve module variables and locks before execution
A033	OUTPUT	"fwrite(meta_models, file.path(table_dir, ""PTPN22_FINAL_META_MODELS.tsv""), sep = ""\t"", na = ""NA"")"	STATIC_EXPRESSION; resolve module variables and locks before execution
A033	OUTPUT	"fwrite(clone_table, file.path(table_dir, ""PTPN22_CLONE_IDENTITY_SENSITIVITY.tsv""), sep = ""\t"", na = ""NA"")"	STATIC_EXPRESSION; resolve module variables and locks before execution
A033	OUTPUT	"fwrite(clone_summary, file.path(table_dir, ""PTPN22_CLONE_IDENTITY_SENSITIVITY_SUMMARY.tsv""), sep = ""\t"", na = ""NA"")"	STATIC_EXPRESSION; resolve module variables and locks before execution
A033	OUTPUT	fwrite(sample_audit[, .(	STATIC_EXPRESSION; resolve module variables and locks before execution
A033	OUTPUT	"fwrite(manuscript_table, file.path(table_dir, ""HCC_MANUSCRIPT_COHORT_CHARACTERISTICS.tsv""), sep = ""\t"", na = ""NA"")"	STATIC_EXPRESSION; resolve module variables and locks before execution
A034	INPUT	af_genes <- fread(af_path)$gene	STATIC_EXPRESSION; resolve module variables and locks before execution
A034	INPUT	comparators <- fread(comparator_path)	STATIC_EXPRESSION; resolve module variables and locks before execution
A034	INPUT	"mapping <- fread(map_path, select = c(""gene_id"", ""gene_symbol""))"	STATIC_EXPRESSION; resolve module variables and locks before execution
A034	INPUT	g302 <- fread(gse302_path)	STATIC_EXPRESSION; resolve module variables and locks before execution
A034	INPUT	g287 <- fread(gse287_path, skip = 2L)	STATIC_EXPRESSION; resolve module variables and locks before execution
A034	OUTPUT	"fwrite(rows, path, sep = ""\t"", quote = TRUE)"	STATIC_EXPRESSION; resolve module variables and locks before execution
A034	OUTPUT	saveRDS(g302_object, g302_rds, version = 3)	STATIC_EXPRESSION; resolve module variables and locks before execution
A034	OUTPUT	"fwrite(g302_scores, file.path(table_dir, ""GSE302495_PATIENT_LEVEL_SCORES.tsv""), sep = ""\t"", quote = TRUE)"	STATIC_EXPRESSION; resolve module variables and locks before execution
A034	OUTPUT	"writeLines(g302_audit, file.path(result_dir, ""GSE302495_RESPONSE_BLIND_INPUT_AUDIT.md""), useBytes = TRUE)"	STATIC_EXPRESSION; resolve module variables and locks before execution
A034	OUTPUT	saveRDS(g287_object, g287_rds, version = 3)	STATIC_EXPRESSION; resolve module variables and locks before execution
A034	OUTPUT	"fwrite(g287_scores, file.path(processed_dir, ""GSE287319_RESPONSE_BLIND_PATIENT_SCORES.tsv""), sep = ""\t"", quote = TRUE)"	STATIC_EXPRESSION; resolve module variables and locks before execution
A034	OUTPUT	"writeLines(g287_audit, file.path(result_dir, ""GSE287319_RESPONSE_BLIND_INPUT_AUDIT.md""), useBytes = TRUE)"	STATIC_EXPRESSION; resolve module variables and locks before execution
A035	INPUT	g302_object <- readRDS(g302_rds)	STATIC_EXPRESSION; resolve module variables and locks before execution
A035	INPUT	g287_object <- readRDS(g287_rds)	STATIC_EXPRESSION; resolve module variables and locks before execution
A035	INPUT	"g302 <- fread(g302_source)[timepoint == ""PRETREATMENT""]"	STATIC_EXPRESSION; resolve module variables and locks before execution
A035	INPUT	"g287 <- fread(g287_source)[timepoint == ""PRETREATMENT""]"	STATIC_EXPRESSION; resolve module variables and locks before execution
A035	OUTPUT	"fwrite(g302_map, g302_out, sep = ""\t"", quote = TRUE)"	STATIC_EXPRESSION; resolve module variables and locks before execution
A035	OUTPUT	"fwrite(g287_map, g287_out, sep = ""\t"", quote = TRUE)"	STATIC_EXPRESSION; resolve module variables and locks before execution
A036	INPUT	g302_object <- readRDS(g302_rds)	STATIC_EXPRESSION; resolve module variables and locks before execution
A036	INPUT	g287_object <- readRDS(g287_rds)	STATIC_EXPRESSION; resolve module variables and locks before execution
A036	INPUT	g302_map <- fread(g302_map_path)	STATIC_EXPRESSION; resolve module variables and locks before execution
A036	INPUT	g287_map <- fread(g287_map_path)	STATIC_EXPRESSION; resolve module variables and locks before execution
A036	OUTPUT	"fwrite(recist_effects, file.path(table_dir, ""GSE302495_ALL_RECIST_CONTINUOUS_EFFECTS.tsv""), sep = ""\t"", quote = TRUE, na = ""NA"")"	STATIC_EXPRESSION; resolve module variables and locks before execution
A036	OUTPUT	"fwrite(recist_effects[metric == ""PTPN22_expression""], file.path(table_dir, ""GSE302495_PTPN22_RECIST_ASSOCIATION.tsv""), sep = ""\t"", quote = TRUE, na = ""NA"")"	STATIC_EXPRESSION; resolve module variables and locks before execution
A036	OUTPUT	"fwrite(recist_effects[metric == ""AF35_score""], file.path(table_dir, ""GSE302495_AF35_RECIST_ASSOCIATION.tsv""), sep = ""\t"", quote = TRUE, na = ""NA"")"	STATIC_EXPRESSION; resolve module variables and locks before execution
A036	OUTPUT	"fwrite(recist_loo, file.path(table_dir, ""GSE302495_RECIST_LOO_AUDIT.tsv""), sep = ""\t"", quote = TRUE, na = ""NA"")"	STATIC_EXPRESSION; resolve module variables and locks before execution
A036	OUTPUT	"fwrite(path_effects, file.path(table_dir, ""GSE302495_PATHOLOGICAL_RESPONSE_ASSOCIATION.tsv""), sep = ""\t"", quote = TRUE, na = ""NA"")"	STATIC_EXPRESSION; resolve module variables and locks before execution
A036	OUTPUT	"fwrite(path_loo, file.path(table_dir, ""GSE302495_PATHOLOGICAL_RESPONSE_LOO_AUDIT.tsv""), sep = ""\t"", quote = TRUE, na = ""NA"")"	STATIC_EXPRESSION; resolve module variables and locks before execution
A036	OUTPUT	"writeLines(broad_report, file.path(result_dir, ""GSE302495_BROAD_IMMUNE_FALSIFICATION.md""), useBytes = TRUE)"	STATIC_EXPRESSION; resolve module variables and locks before execution
A036	OUTPUT	"writeLines(gate_report, file.path(result_dir, ""GSE302495_PUBLIC_REPLICATION_GATE.md""), useBytes = TRUE)"	STATIC_EXPRESSION; resolve module variables and locks before execution
A036	OUTPUT	"fwrite(g287_effects, file.path(table_dir, ""GSE287319_EXPLORATORY_CONTINUOUS_EFFECTS.tsv""), sep = ""\t"", quote = TRUE, na = ""NA"")"	STATIC_EXPRESSION; resolve module variables and locks before execution
A036	OUTPUT	"fwrite(g287_loo, file.path(table_dir, ""GSE287319_EXPLORATORY_LOO_AUDIT.tsv""), sep = ""\t"", quote = TRUE, na = ""NA"")"	STATIC_EXPRESSION; resolve module variables and locks before execution
A036	OUTPUT	"writeLines(g287_report, file.path(result_dir, ""GSE287319_EXPLORATORY_COMPATIBILITY_REPORT.md""), useBytes = TRUE)"	STATIC_EXPRESSION; resolve module variables and locks before execution
A037	INPUT	contract <- fread(contract_path)	STATIC_EXPRESSION; resolve module variables and locks before execution
A037	INPUT	axes <- fread(axis_path)	STATIC_EXPRESSION; resolve module variables and locks before execution
A037	INPUT	erp_object <- readRDS(erp_rds_path)	STATIC_EXPRESSION; resolve module variables and locks before execution
A037	INPUT	g302_object <- readRDS(g302_rds_path)	STATIC_EXPRESSION; resolve module variables and locks before execution
A037	INPUT	"program_definitions <- fread(comparator_path)[program %chin% unname(program_ids) & !startsWith(gene, ""DERIVED:"")]"	STATIC_EXPRESSION; resolve module variables and locks before execution
A037	INPUT	"max(abs(safe_z(erp_benchmark$scores$broad_immune) - safe_z(fread(file.path(project_dir, ""05_results"", ""tables"", ""pretreatment_clinical_translation"", ""ERP117672_PRETREATMENT_PATIENT_SCORES.tsv""))$broad_immune_z))) < 1e-12,"	STATIC_EXPRESSION; resolve module variables and locks before execution
A037	INPUT	"erp_blind_eligibility <- fread(erp_map_path, select = c(""patient_id"", ""primary_included""))[primary_included == TRUE, patient_id]"	STATIC_EXPRESSION; resolve module variables and locks before execution
A037	INPUT	"erp_map <- fread(erp_map_path)[primary_included == TRUE, .(patient_id, group = fifelse(primary_group == ""Responder"", ""R"", ""NR""))]"	STATIC_EXPRESSION; resolve module variables and locks before execution
A037	INPUT	g302_map <- fread(g302_map_path)[, .(patient_id, group = response_group)]	STATIC_EXPRESSION; resolve module variables and locks before execution
A037	INPUT	"erp_old <- fread(file.path(project_dir, ""05_results"", ""tables"", ""pretreatment_clinical_translation"", ""ERP117672_BROAD_IMMUNE_RESPONSE_EFFECTS.tsv""))"	STATIC_EXPRESSION; resolve module variables and locks before execution
A037	INPUT	"g302_old <- fread(file.path(project_dir, ""05_results"", ""tables"", ""phase15b_public_replication"", ""GSE302495_ALL_RECIST_CONTINUOUS_EFFECTS.tsv""))"	STATIC_EXPRESSION; resolve module variables and locks before execution
A037	OUTPUT	"fwrite(erp_benchmark$scores, erp_score_path, sep = ""\t"", quote = FALSE, na = ""NA"")"	STATIC_EXPRESSION; resolve module variables and locks before execution
A037	OUTPUT	"fwrite(g302_benchmark$scores, g302_score_path, sep = ""\t"", quote = FALSE, na = ""NA"")"	STATIC_EXPRESSION; resolve module variables and locks before execution
A037	OUTPUT	saveRDS(erp_residual_object, erp_residual_rds, version = 3)	STATIC_EXPRESSION; resolve module variables and locks before execution
A037	OUTPUT	saveRDS(g302_residual_object, g302_residual_rds, version = 3)	STATIC_EXPRESSION; resolve module variables and locks before execution
A037	OUTPUT	"writeLines(score_lock_lines, file.path(result_dir, ""PHASE15C_RESPONSE_BLIND_SCORE_LOCK.md""), useBytes = TRUE)"	STATIC_EXPRESSION; resolve module variables and locks before execution
A037	OUTPUT	"fwrite(erp_univariate, file.path(table_dir, ""ERP117672_UNIVARIATE_BENCHMARK_EFFECTS.tsv""), sep = ""\t"", quote = FALSE, na = ""NA"")"	STATIC_EXPRESSION; resolve module variables and locks before execution
A037	OUTPUT	"fwrite(g302_univariate, file.path(table_dir, ""GSE302495_UNIVARIATE_BENCHMARK_EFFECTS.tsv""), sep = ""\t"", quote = FALSE, na = ""NA"")"	STATIC_EXPRESSION; resolve module variables and locks before execution
A037	OUTPUT	"fwrite(erp_incremental, file.path(table_dir, ""ERP117672_INCREMENTAL_FIRTH_MODELS.tsv""), sep = ""\t"", quote = FALSE, na = ""NA"")"	STATIC_EXPRESSION; resolve module variables and locks before execution
A037	OUTPUT	"fwrite(g302_incremental, file.path(table_dir, ""GSE302495_INCREMENTAL_FIRTH_MODELS.tsv""), sep = ""\t"", quote = FALSE, na = ""NA"")"	STATIC_EXPRESSION; resolve module variables and locks before execution
A037	OUTPUT	"fwrite(erp_residual, file.path(table_dir, ""ERP117672_TIERA_RESIDUAL_SENSITIVITY.tsv""), sep = ""\t"", quote = FALSE, na = ""NA"")"	STATIC_EXPRESSION; resolve module variables and locks before execution
A037	OUTPUT	"fwrite(g302_residual, file.path(table_dir, ""GSE302495_TIERA_RESIDUAL_SENSITIVITY.tsv""), sep = ""\t"", quote = FALSE, na = ""NA"")"	STATIC_EXPRESSION; resolve module variables and locks before execution
A037	OUTPUT	"fwrite(descriptive_metrics, file.path(table_dir, ""PHASE15C_DESCRIPTIVE_MODEL_METRICS.tsv""), sep = ""\t"", quote = FALSE, na = ""NA"")"	STATIC_EXPRESSION; resolve module variables and locks before execution
A037	OUTPUT	saveRDS(list(	STATIC_EXPRESSION; resolve module variables and locks before execution
A037	OUTPUT	"writeLines(analysis_log, file.path(log_dir, ""PHASE15C_ANALYSIS_RUN_LOG.txt""), useBytes = TRUE)"	STATIC_EXPRESSION; resolve module variables and locks before execution
A038	INPUT	matrix <- fread(matrix_path)	STATIC_EXPRESSION; resolve module variables and locks before execution
A038	INPUT	axes <- fread(axis_path)	STATIC_EXPRESSION; resolve module variables and locks before execution
A038	INPUT	erp_object <- readRDS(erp_rds_path)	STATIC_EXPRESSION; resolve module variables and locks before execution
A038	INPUT	g302_object <- readRDS(g302_rds_path)	STATIC_EXPRESSION; resolve module variables and locks before execution
A038	INPUT	erp_bench <- fread(erp_benchmark_path)	STATIC_EXPRESSION; resolve module variables and locks before execution
A038	INPUT	g302_bench <- fread(g302_benchmark_path)	STATIC_EXPRESSION; resolve module variables and locks before execution
A038	OUTPUT	saveRDS(list(	STATIC_EXPRESSION; resolve module variables and locks before execution
A038	OUTPUT	writeLines(c(	STATIC_EXPRESSION; resolve module variables and locks before execution
A039	INPUT	PATHS['blind_freeze'].read_text(encoding='utf-8')	STATIC_EXPRESSION; resolve module variables and locks before execution
A039	INPUT	handle.read(1024 * 1024)	STATIC_EXPRESSION; resolve module variables and locks before execution
A039	OUTPUT	lock_path.write_text(json.dumps(lock, ensure_ascii=False, indent=2) + '\n', encoding='utf-8')	STATIC_EXPRESSION; resolve module variables and locks before execution
A040	INPUT	lock <- fromJSON(lock_path, simplifyVector = FALSE)	STATIC_EXPRESSION; resolve module variables and locks before execution
A040	INPUT	blind <- readRDS(blind_object_path)	STATIC_EXPRESSION; resolve module variables and locks before execution
A040	INPUT	"erp_map <- fread(erp_map_path)[primary_included == TRUE, .(patient_id, group = fifelse(primary_group == ""Responder"", ""R"", ""NR""))]"	STATIC_EXPRESSION; resolve module variables and locks before execution
A040	INPUT	g302_map <- fread(g302_map_path)[, .(patient_id, group = response_group)]	STATIC_EXPRESSION; resolve module variables and locks before execution
A040	OUTPUT	"saveRDS(list(summary = summary, ERP117672_effects = erp_effects, GSE302495_effects = g302_effects, conditional = conditional, residual = residual), file.path(processed_dir, ""PHASE19B_OUTCOME_ANALYSIS_RESULTS.rds""), version = 3)"	STATIC_EXPRESSION; resolve module variables and locks before execution
A040	OUTPUT	writeLines(c(	STATIC_EXPRESSION; resolve module variables and locks before execution
A041	INPUT	pb <- readRDS(input_file)	STATIC_EXPRESSION; resolve module variables and locks before execution
A041	OUTPUT	"write.table(gene_results, file.path(table_dir, ""PTPN22_FUNCTIONAL_GENE_ASSOCIATIONS.tsv""),"	STATIC_EXPRESSION; resolve module variables and locks before execution
A041	OUTPUT	"write.table(program_results, file.path(table_dir, ""PTPN22_PATIENT_AWARE_PROGRAM_ASSOCIATIONS.tsv""),"	STATIC_EXPRESSION; resolve module variables and locks before execution
A041	OUTPUT	"write.table(score_rows, file.path(table_dir, ""PTPN22_PATIENT_PROGRAM_SCORES.tsv""),"	STATIC_EXPRESSION; resolve module variables and locks before execution
A041	OUTPUT	"write.table(fgsea_results, file.path(table_dir, ""PTPN22_FUNCTIONAL_PATHWAY_ENRICHMENT.tsv""),"	STATIC_EXPRESSION; resolve module variables and locks before execution
A042	INPUT	h5_cells <- fread(h5_cell_file)	STATIC_EXPRESSION; resolve module variables and locks before execution
A042	INPUT	h5_extract_audit <- fread(h5_extract_audit_file)	STATIC_EXPRESSION; resolve module variables and locks before execution
A042	INPUT	tcr <- fread(tcr_file)	STATIC_EXPRESSION; resolve module variables and locks before execution
A042	INPUT	response <- fread(response_file)	STATIC_EXPRESSION; resolve module variables and locks before execution
A042	INPUT	records = c(nrow(tcr), n_obs, n_obs, nrow(response), nrow(fread(design_file)), nrow(tcr)),	STATIC_EXPRESSION; resolve module variables and locks before execution
A042	INPUT	matched_records = c(sum(matched), sum(matched), sum(matched), nrow(response), nrow(fread(design_file)), sum(matched)),	STATIC_EXPRESSION; resolve module variables and locks before execution
A042	OUTPUT	"fwrite(tcr[, ..mapping_columns], mapping_file, sep = ""\t"", compress = ""gzip"")"	STATIC_EXPRESSION; resolve module variables and locks before execution
A042	OUTPUT	"fwrite(clone_summary, clone_file, sep = ""\t"", compress = ""gzip"")"	STATIC_EXPRESSION; resolve module variables and locks before execution
A042	OUTPUT	"fwrite(patient_summary, patient_file, sep = ""\t"")"	STATIC_EXPRESSION; resolve module variables and locks before execution
A042	OUTPUT	"fwrite(state_summary, state_file, sep = ""\t"")"	STATIC_EXPRESSION; resolve module variables and locks before execution
A042	OUTPUT	"fwrite(context_summary, context_file, sep = ""\t"")"	STATIC_EXPRESSION; resolve module variables and locks before execution
A042	OUTPUT	"fwrite(persistence_summary, persistence_file, sep = ""\t"")"	STATIC_EXPRESSION; resolve module variables and locks before execution
A042	OUTPUT	"fwrite(effects, effects_file, sep = ""\t"")"	STATIC_EXPRESSION; resolve module variables and locks before execution
A042	OUTPUT	"fwrite(within_patient, within_patient_file, sep = ""\t"")"	STATIC_EXPRESSION; resolve module variables and locks before execution
A042	OUTPUT	"fwrite(mapping_audit, mapping_audit_file, sep = ""\t"")"	STATIC_EXPRESSION; resolve module variables and locks before execution
A042	OUTPUT	"fwrite(state_alias_audit, state_alias_file, sep = ""\t"")"	STATIC_EXPRESSION; resolve module variables and locks before execution
A042	OUTPUT	"fwrite(manifest, manifest_file, sep = ""\t"")"	STATIC_EXPRESSION; resolve module variables and locks before execution
A043	INPUT	x <- fread(mapping_file)	STATIC_EXPRESSION; resolve module variables and locks before execution
A043	INPUT	response <- fread(response_file)	STATIC_EXPRESSION; resolve module variables and locks before execution
A043	INPUT	design <- fread(design_file)	STATIC_EXPRESSION; resolve module variables and locks before execution
A043	INPUT	"lines <- readLines(gzfile(path), warn = FALSE, encoding = ""UTF-8"")"	STATIC_EXPRESSION; resolve module variables and locks before execution
A043	OUTPUT	"fwrite(manifest, manifest_file, sep = ""\t"")"	STATIC_EXPRESSION; resolve module variables and locks before execution
A043	OUTPUT	"fwrite(clone_fate[, ..clone_output_columns], clone_output_file, sep = ""\t"")"	STATIC_EXPRESSION; resolve module variables and locks before execution
A043	OUTPUT	"fwrite(patient_effects, patient_output_file, sep = ""\t"")"	STATIC_EXPRESSION; resolve module variables and locks before execution
A043	OUTPUT	"fwrite(expansion_associations, expansion_output_file, sep = ""\t"")"	STATIC_EXPRESSION; resolve module variables and locks before execution
A043	OUTPUT	"fwrite(sensitivity, sensitivity_output_file, sep = ""\t"")"	STATIC_EXPRESSION; resolve module variables and locks before execution
A044	INPUT	"lines <- readLines(gzfile(path), warn = FALSE, encoding = ""UTF-8"")"	STATIC_EXPRESSION; resolve module variables and locks before execution
A044	INPUT	"matrix = fread(text = paste(lines[(begin + 1L):(end - 1L)], collapse = ""\n""), sep = ""\t"", check.names = FALSE)"	STATIC_EXPRESSION; resolve module variables and locks before execution
A044	INPUT	"fread(text = paste(lines[(begin + 1L):(end - 1L)], collapse = ""\n""), sep = ""\t"", check.names = FALSE, fill = TRUE)"	STATIC_EXPRESSION; resolve module variables and locks before execution
A044	INPUT	axes <- fread(axis_path)	STATIC_EXPRESSION; resolve module variables and locks before execution
A044	INPUT	comparators <- fread(comparator_path)	STATIC_EXPRESSION; resolve module variables and locks before execution
A044	INPUT	sample_map <- fread(map_path)	STATIC_EXPRESSION; resolve module variables and locks before execution
A044	OUTPUT	"fwrite(scores, file.path(table_dir, ""GSE104580_TACE_PATIENT_SCORES.tsv""), sep = ""\t"", quote = FALSE, na = ""NA"")"	STATIC_EXPRESSION; resolve module variables and locks before execution
A044	OUTPUT	"fwrite(effects, file.path(table_dir, ""GSE104580_TACE_CONTINUOUS_EFFECTS.tsv""), sep = ""\t"", quote = FALSE, na = ""NA"")"	STATIC_EXPRESSION; resolve module variables and locks before execution
A044	OUTPUT	"fwrite(correlations, file.path(table_dir, ""GSE104580_TACE_BROAD_IMMUNE_CORRELATIONS.tsv""), sep = ""\t"", quote = FALSE, na = ""NA"")"	STATIC_EXPRESSION; resolve module variables and locks before execution
A044	OUTPUT	"fwrite(coverage, file.path(table_dir, ""GSE104580_TACE_PROGRAM_COVERAGE.tsv""), sep = ""\t"", quote = FALSE, na = ""NA"")"	STATIC_EXPRESSION; resolve module variables and locks before execution
A044	OUTPUT	"writeLines(report, file.path(result_dir, ""GSE104580_TACE_CONTEXT_FALSIFICATION.md""), useBytes = TRUE)"	STATIC_EXPRESSION; resolve module variables and locks before execution
A045	INPUT	axes <- fread(axis_file)	STATIC_EXPRESSION; resolve module variables and locks before execution
A045	INPUT	comparators <- fread(comparator_file)	STATIC_EXPRESSION; resolve module variables and locks before execution
A045	INPUT	"features <- fread(file.path(matrix_dir, ""features.tsv.gz""), header = FALSE)"	STATIC_EXPRESSION; resolve module variables and locks before execution
A045	INPUT	"barcodes <- readLines(gzfile(file.path(matrix_dir, ""barcodes.tsv.gz"")))"	STATIC_EXPRESSION; resolve module variables and locks before execution
A045	INPUT	"positions <- fread(file.path(gse_dir, sid, ""spatial"", ""tissue_positions_list.csv""), header = FALSE)"	STATIC_EXPRESSION; resolve module variables and locks before execution
A045	INPUT	"categories <- h5read(file, paste0(""/obs/"", field, ""/categories""))"	STATIC_EXPRESSION; resolve module variables and locks before execution
A045	INPUT	"codes <- h5read(file, paste0(""/obs/"", field, ""/codes""))"	STATIC_EXPRESSION; resolve module variables and locks before execution
A045	INPUT	"spot_id = as.character(h5read(wu_h5, ""/obs/index"")),"	STATIC_EXPRESSION; resolve module variables and locks before execution
A045	INPUT	"spatial <- h5read(wu_h5, ""/obsm/spatial"")"	STATIC_EXPRESSION; resolve module variables and locks before execution
A045	INPUT	"wu_genes <- as.character(h5read(wu_h5, ""/var/_index""))"	STATIC_EXPRESSION; resolve module variables and locks before execution
A045	INPUT	"wu_indptr <- h5read(wu_h5, ""/X/indptr"")"	STATIC_EXPRESSION; resolve module variables and locks before execution
A045	INPUT	wu_map <- fread(wu_map_file)	STATIC_EXPRESSION; resolve module variables and locks before execution
A045	INPUT	wu_stats <- readRDS(cache_file)	STATIC_EXPRESSION; resolve module variables and locks before execution
A045	INPUT	matching_v10 <- fread(v10_matching_file)	STATIC_EXPRESSION; resolve module variables and locks before execution
A045	INPUT	"idx <- as.integer(h5read(wu_h5, ""/X/indices"", index = list(first_entry:last_entry)))"	STATIC_EXPRESSION; resolve module variables and locks before execution
A045	INPUT	"val <- as.numeric(h5read(wu_h5, ""/X/data"", index = list(first_entry:last_entry)))"	STATIC_EXPRESSION; resolve module variables and locks before execution
A045	INPUT	v10_patient <- fread(v10_patient_file)	STATIC_EXPRESSION; resolve module variables and locks before execution
A045	INPUT	release_metadata <- fread(release_metadata_file)	STATIC_EXPRESSION; resolve module variables and locks before execution
A045	INPUT	"cell_data <- fread(file_for(region, "".cell_data.csv""))"	STATIC_EXPRESSION; resolve module variables and locks before execution
A045	INPUT	"cell_types <- fread(file_for(region, "".cell_types.csv""))"	STATIC_EXPRESSION; resolve module variables and locks before execution
A045	INPUT	"expression <- fread(file_for(region, "".expression.csv""))"	STATIC_EXPRESSION; resolve module variables and locks before execution
A045	OUTPUT	"fwrite(spatial_effects, file.path(table_dir, ""PTPN22_CONDITIONAL_SPATIAL_EFFECTS.tsv""), sep = ""\t"", na = ""NA"")"	STATIC_EXPRESSION; resolve module variables and locks before execution
A045	OUTPUT	"fwrite(regional_effects, file.path(table_dir, ""PTPN22_IMMUNE_MATCHED_REGIONAL_EFFECTS.tsv""), sep = ""\t"", na = ""NA"")"	STATIC_EXPRESSION; resolve module variables and locks before execution
A045	OUTPUT	"fwrite(codex_effects, file.path(table_dir, ""PTPN22_CODEX_CONDITIONAL_EFFECTS.tsv""), sep = ""\t"", na = ""NA"")"	STATIC_EXPRESSION; resolve module variables and locks before execution
A045	OUTPUT	"fwrite(crossmodal, file.path(table_dir, ""PTPN22_ST_CODEX_CROSSMODAL_CONCORDANCE.tsv""), sep = ""\t"", na = ""NA"")"	STATIC_EXPRESSION; resolve module variables and locks before execution
A045	OUTPUT	"fwrite(gate_inputs, file.path(table_dir, ""PTPN22_SPATIAL_RESCUE_GATE_INPUTS.tsv""), sep = ""\t"", na = ""NA"")"	STATIC_EXPRESSION; resolve module variables and locks before execution
A045	OUTPUT	"fwrite(falsification, file.path(table_dir, ""PTPN22_SPATIAL_RESCUE_FALSIFICATION_INPUTS.tsv""), sep = ""\t"", na = ""NA"")"	STATIC_EXPRESSION; resolve module variables and locks before execution
A046	INPUT	pd.read_csv(I / 'COMPLETE_SHA256_MANIFEST.tsv', sep='\t')	STATIC_EXPRESSION; resolve module variables and locks before execution
A046	INPUT	pd.read_csv(I / 'inputs/TCR_CELL_METADATA_RESPONSE_BLIND.tsv', sep='\t')	STATIC_EXPRESSION; resolve module variables and locks before execution
A046	INPUT	np.load(P / '03_processed_data/phase19a_af35_clonotype/GSE235863_AF35_RESPONSE_BLIND_PROJECTION.npz')	STATIC_EXPRESSION; resolve module variables and locks before execution
A046	INPUT	pd.read_csv(I / 'inputs/AF35_ORDERED_GENES.tsv', sep='\t')	STATIC_EXPRESSION; resolve module variables and locks before execution
A046	INPUT	pd.read_csv(ROOT / '01_source/R_OBJECT_STRUCTURE_AUDIT.tsv', sep='\t')	STATIC_EXPRESSION; resolve module variables and locks before execution
A046	OUTPUT	save('01_source/SOURCE_SHA256.tsv', records)	STATIC_EXPRESSION; resolve module variables and locks before execution
A046	OUTPUT	save('09_qa/AF35_MEMBERSHIP_AUDIT.tsv', af.assign(in_frozen_projection=True, usable=npz['gene_usable']))	STATIC_EXPRESSION; resolve module variables and locks before execution
A046	OUTPUT	save('09_qa/CELL_COUNT_AUDIT.tsv', cells)	STATIC_EXPRESSION; resolve module variables and locks before execution
A046	OUTPUT	meta.groupby(['patient', 'timepoint', 'tissue', 'sub_cluster']).size().rename('cell_n').reset_index().to_csv(ROOT / '09_qa/PATIENT_STATE_COVERAGE_BEFORE_EFFECTS.tsv', sep='\t', index=False)	STATIC_EXPRESSION; resolve module variables and locks before execution
A046	OUTPUT	save('01_source/PTPN22_AF35_COUPLING_SOURCE_AUDIT.tsv', audit)	STATIC_EXPRESSION; resolve module variables and locks before execution
A046	OUTPUT	save('09_qa/CLOSED_BRANCH_FILE_BASELINE.tsv', protected)	STATIC_EXPRESSION; resolve module variables and locks before execution
A046	OUTPUT	pd.DataFrame(x).to_csv(ROOT / p, sep='\t', index=False, na_rep='NA')	STATIC_EXPRESSION; resolve module variables and locks before execution
A046	OUTPUT	save('01_source/GSE235863_RELEASED_METADATA_DICTIONARY.tsv', dictionary)	STATIC_EXPRESSION; resolve module variables and locks before execution
A046	OUTPUT	covs.to_csv(ROOT / 'data/TECHNICAL_COVARIATES.tsv.gz', sep='\t', index=False)	STATIC_EXPRESSION; resolve module variables and locks before execution
A047	INPUT	pd.read_csv(ROOT / '01_source/TCR_CELL_METADATA_RESPONSE_BLIND.tsv', sep='\t')	STATIC_EXPRESSION; resolve module variables and locks before execution
A047	INPUT	np.load(P / '03_processed_data/phase19a_af35_clonotype/GSE235863_AF35_RESPONSE_BLIND_PROJECTION.npz')	STATIC_EXPRESSION; resolve module variables and locks before execution
A047	INPUT	pd.read_csv(P / '03_processed_data/phase3/GSE235863_BARCODE_CLONOTYPE_STATE_PTPN22.tsv.gz', sep='\t', usecols=cols)	STATIC_EXPRESSION; resolve module variables and locks before execution
A047	INPUT	pd.read_csv(ROOT / 'data/TECHNICAL_COVARIATES.tsv.gz', sep='\t')	STATIC_EXPRESSION; resolve module variables and locks before execution
A047	INPUT	(ROOT / '02_manifest/FREEZE_LOCK.json').read_text()	STATIC_EXPRESSION; resolve module variables and locks before execution
A047	INPUT	pd.read_csv(ROOT / '01_source/RELEASED_STATE_ORDER.tsv', sep='\t')	STATIC_EXPRESSION; resolve module variables and locks before execution
A047	OUTPUT	(ROOT / 'logs/EFFECT_RUN_STARTED.json').write_text(json.dumps(dict(started_utc=datetime.datetime.now(datetime.timezone.utc).isoformat(), freeze_sha256=lock['manifest_sha256']), indent=2))	STATIC_EXPRESSION; resolve module variables and locks before execution
A047	OUTPUT	save('data/ANALYSIS_INPUT_RESPONSE_BLIND.tsv.gz', data)	STATIC_EXPRESSION; resolve module variables and locks before execution
A047	OUTPUT	save('03_primary/PTPN22_AF35_PATIENT_COUPLING_DECOMPOSITION.tsv', primary)	STATIC_EXPRESSION; resolve module variables and locks before execution
A047	OUTPUT	save('04_residual/PTPN22_AF35_STATE_RESIDUAL_COUPLING.tsv', residual)	STATIC_EXPRESSION; resolve module variables and locks before execution
A047	OUTPUT	save('05_state_architecture/PTPN22_AF35_STATE_CENTROIDS.tsv', centroids)	STATIC_EXPRESSION; resolve module variables and locks before execution
A047	OUTPUT	save('05_state_architecture/PTPN22_AF35_STATE_SPECIFIC_COUPLING.tsv', specific)	STATIC_EXPRESSION; resolve module variables and locks before execution
A047	OUTPUT	save('06_patient_level/PTPN22_AF35_PATIENT_PSEUDOBULK.tsv', pseudobulk)	STATIC_EXPRESSION; resolve module variables and locks before execution
A047	OUTPUT	save('07_robustness/PTPN22_AF35_RARE_STATE_SENSITIVITY.tsv', rare)	STATIC_EXPRESSION; resolve module variables and locks before execution
A047	OUTPUT	save('07_robustness/PTPN22_AF35_TECHNICAL_SENSITIVITY.tsv', technical)	STATIC_EXPRESSION; resolve module variables and locks before execution
A047	OUTPUT	save('07_robustness/PTPN22_AF35_COUPLING_LOPO.tsv', lopo)	STATIC_EXPRESSION; resolve module variables and locks before execution
A047	OUTPUT	save('09_qa/COUPLING_IDENTITY_AUDIT.tsv', identity)	STATIC_EXPRESSION; resolve module variables and locks before execution
A047	OUTPUT	save('07_robustness/SOURCE_GATE_SUMMARY.tsv', gate_rows)	STATIC_EXPRESSION; resolve module variables and locks before execution
A047	OUTPUT	save('05_state_architecture/STATE_CENTROID_PATIENT_EQUAL_SUMMARY.tsv', summ)	STATIC_EXPRESSION; resolve module variables and locks before execution
A047	OUTPUT	save('05_state_architecture/STATE_SPECIFIC_PATIENT_SUMMARY.tsv', ss)	STATIC_EXPRESSION; resolve module variables and locks before execution
A047	OUTPUT	save('06_patient_level/PATIENT_OVERALL_DESCRIPTIVE_ASSOCIATION.tsv', [dict(source=SOURCE, patient_n=len(pb), Pearson=correlation(pb.mean_PTPN22, pb.mean_AF35), Spearman=correlation(pb.mean_PTPN22, pb.mean_AF35, True), scope='DESCRIPTIVE_ONLY_NO_OUTCOME')])	STATIC_EXPRESSION; resolve module variables and locks before execution
A047	OUTPUT	(ROOT / '11_checkpoint/FINAL_GATES.json').write_text(json.dumps(final, indent=2, allow_nan=False), encoding='utf-8')	STATIC_EXPRESSION; resolve module variables and locks before execution
A047	OUTPUT	pd.DataFrame(rows).to_csv(ROOT / path, sep='\t', index=False, na_rep='NA', float_format='%.15g')	STATIC_EXPRESSION; resolve module variables and locks before execution
A049	INPUT	jl(Q / 'SOURCE_GATE_LOCK.json')	STATIC_EXPRESSION; resolve module variables and locks before execution
A049	INPUT	read(OUT / (P + '_PERTURBATION_BACKGROUND_UNIVERSE.tsv'))	STATIC_EXPRESSION; resolve module variables and locks before execution
A049	INPUT	read(A / 'AF35_ORDERED_GENES.tsv')	STATIC_EXPRESSION; resolve module variables and locks before execution
A049	INPUT	read(OUT / (P + '_PERTURBATION_ORIENTATION_FREEZE.tsv'))	STATIC_EXPRESSION; resolve module variables and locks before execution
A049	OUTPUT	save(pd.concat(allranks, ignore_index=True), OUT / (P + '_GENE_LEVEL_ORIENTED_RANKS.tsv'))	STATIC_EXPRESSION; resolve module variables and locks before execution
A049	OUTPUT	save(program, OUT / (P + '_SYSTEM_PROGRAM_SHIFT.tsv'))	STATIC_EXPRESSION; resolve module variables and locks before execution
A049	OUTPUT	save(pd.concat(refall, ignore_index=True), OUT / (P + '_SYSTEM_RANDOM_REFERENCE.tsv'))	STATIC_EXPRESSION; resolve module variables and locks before execution
A049	OUTPUT	save(refsummary, OUT / (P + '_SYSTEM_RANDOM_REFERENCE_SUMMARY.tsv'))	STATIC_EXPRESSION; resolve module variables and locks before execution
A049	OUTPUT	save(pd.concat(commonlong, ignore_index=True), OUT / (P + '_COMMON_BACKGROUND.tsv'))	STATIC_EXPRESSION; resolve module variables and locks before execution
A049	OUTPUT	save(cd, OUT / (P + '_CROSS_SYSTEM_GENE_CONSENSUS.tsv'))	STATIC_EXPRESSION; resolve module variables and locks before execution
A049	OUTPUT	save(pool, Q / 'CROSS_SYSTEM_REFERENCE_POOL.tsv')	STATIC_EXPRESSION; resolve module variables and locks before execution
A049	OUTPUT	save(pd.DataFrame(indices, columns=[f'g{j}' for j in range(35)]), Q / 'CROSS_SYSTEM_RANDOM_SET_INDICES.tsv')	STATIC_EXPRESSION; resolve module variables and locks before execution
A049	OUTPUT	save(random, OUT / (P + '_CROSS_SYSTEM_RANDOM_REFERENCE.tsv'))	STATIC_EXPRESSION; resolve module variables and locks before execution
A049	OUTPUT	save([combined], OUT / (P + '_CROSS_SYSTEM_PROJECTION_SUMMARY.tsv'))	STATIC_EXPRESSION; resolve module variables and locks before execution
A049	OUTPUT	save(cons, OUT / (P + '_DIRECTIONAL_CONSISTENCY.tsv'))	STATIC_EXPRESSION; resolve module variables and locks before execution
A049	OUTPUT	js(Q / 'PROJECTION_COMPLETION.json', dict(utc=now(), scientific_state=state, clinical_data_accessed=False, positive_condition_n=positive, strong_reference_disagreement=strong_disagreement, random_sets_per_reference=10000, reference_n=4))	STATIC_EXPRESSION; resolve module variables and locks before execution
A049	OUTPUT	save(access, Q / 'PROJECTION_FILE_ACCESS_LOG.tsv')	STATIC_EXPRESSION; resolve module variables and locks before execution
A049	OUTPUT	save(pool, Q / f'REFERENCE_POOL_{system}.tsv')	STATIC_EXPRESSION; resolve module variables and locks before execution
A049	OUTPUT	save(pd.DataFrame(indices, columns=[f'g{j}' for j in range(35)]), Q / f'RANDOM_SET_INDICES_{system}.tsv')	STATIC_EXPRESSION; resolve module variables and locks before execution
A049	OUTPUT	save(d, Q / f'ALL_GENE_RANKS_{system}.tsv')	STATIC_EXPRESSION; resolve module variables and locks before execution
A050	INPUT	pd.read_csv(p, sep='\t', float_precision='round_trip', **kw)	STATIC_EXPRESSION; resolve module variables and locks before execution
A050	INPUT	Path(p).read_text(encoding='utf-8')	STATIC_EXPRESSION; resolve module variables and locks before execution
A050	OUTPUT	pd.DataFrame(x).to_csv(p, sep='\t', index=False, na_rep='NA')	STATIC_EXPRESSION; resolve module variables and locks before execution
A050	OUTPUT	Path(p).write_text(s, encoding='utf-8')	STATIC_EXPRESSION; resolve module variables and locks before execution
A050	OUTPUT	write(p, json.dumps(x, ensure_ascii=False, indent=2))	STATIC_EXPRESSION; resolve module variables and locks before execution
A051	INPUT	pd.read_csv(authority / '10_qa/DELIVERABLE_MANIFEST_SHA256.tsv', sep='\t')	STATIC_EXPRESSION; resolve module variables and locks before execution
A051	INPUT	pd.read_csv(program_source, sep='\t', keep_default_na=False)	STATIC_EXPRESSION; resolve module variables and locks before execution
A051	INPUT	(RAW / 'Chemin_2018_SuppMat_web_extraction.txt').read_text(encoding='utf-8')	STATIC_EXPRESSION; resolve module variables and locks before execution
A051	INPUT	pd.read_csv(ROOT / '01_source/GEO_METADATA_PARSED.tsv', sep='\t', keep_default_na=False)	STATIC_EXPRESSION; resolve module variables and locks before execution
A051	INPUT	pd.read_excel(matrix_path, engine='openpyxl')	STATIC_EXPRESSION; resolve module variables and locks before execution
A051	INPUT	pd.read_csv(RAW / 'SRP099568_ENA_run_metadata.tsv', sep='\t', keep_default_na=False)	STATIC_EXPRESSION; resolve module variables and locks before execution
A051	INPUT	gzip.open(RAW / 'GSE94859_series_matrix.txt.gz', 'rt').read()	STATIC_EXPRESSION; resolve module variables and locks before execution
A051	INPUT	(RAW / 'rs2476601_RefSNP.json').read_text()	STATIC_EXPRESSION; resolve module variables and locks before execution
A051	INPUT	p.read_bytes()	STATIC_EXPRESSION; resolve module variables and locks before execution
A051	OUTPUT	tsv(local, '07_qa/LOCAL_AUTHORITY_HASH_VERIFICATION.tsv')	STATIC_EXPRESSION; resolve module variables and locks before execution
A051	OUTPUT	tsv(sup, '01_source/Chemin_2018_HD_TABLE1_TRANSCRIPTION.tsv')	STATIC_EXPRESSION; resolve module variables and locks before execution
A051	OUTPUT	tsv([dict(seq_id=k, opposite_orientation=v['placement_annot']['is_aln_opposite_orientation'], hgvs=';'.join((a['hgvs'] for a in v['alleles'])), inserted_alleles=';'.join((a['allele']['spdi']['inserted_sequence'] for a in v['alleles']))) for k, v in placements.items() if k in ['NC_000001.11', 'NM_015967.7', 'NM_015967.8', 'NP_057051.4']], '02_genotype/RS2476601_REFERENCE_PLACEMENTS.tsv')	STATIC_EXPRESSION; resolve module variables and locks before execution
A051	OUTPUT	tsv(mapping, '02_genotype/GSE94859_GENOTYPE_MAPPING.tsv')	STATIC_EXPRESSION; resolve module variables and locks before execution
A051	OUTPUT	tsv(counts, '02_genotype/GSE94859_GENOTYPE_COUNTS.tsv')	STATIC_EXPRESSION; resolve module variables and locks before execution
A051	OUTPUT	tsv(balance, '02_genotype/GSE94859_GENOTYPE_COVARIATE_BALANCE.tsv')	STATIC_EXPRESSION; resolve module variables and locks before execution
A051	OUTPUT	tsv(linked[['GSM', 'individual_id', 'condition_standardized', 'genotype_raw', 'SRA_accession', 'biosample', 'run_accession', 'library_name', 'library_layout', 'instrument_model', 'read_count', 'base_count', 'first_public', 'last_updated']], '01_source/GSE94859_SRA_SAMPLE_MAPPING.tsv')	STATIC_EXPRESSION; resolve module variables and locks before execution
A051	OUTPUT	tsv(meta[required], '01_source/GSE94859_SAMPLE_PAIRING_LEDGER.tsv')	STATIC_EXPRESSION; resolve module variables and locks before execution
A051	OUTPUT	tsv(anomaly, '03_expression/GSE94859_IDENTIFIER_ANOMALIES.tsv')	STATIC_EXPRESSION; resolve module variables and locks before execution
A051	OUTPUT	tsv(sample_qc, '03_expression/GSE94859_SAMPLE_MATRIX_QC.tsv')	STATIC_EXPRESSION; resolve module variables and locks before execution
A051	OUTPUT	tsv(audit, '03_expression/GSE94859_EXPRESSION_MATRIX_AUDIT.tsv')	STATIC_EXPRESSION; resolve module variables and locks before execution
A051	OUTPUT	tsv(afcov, '03_expression/GSE94859_AF35_COVERAGE.tsv')	STATIC_EXPRESSION; resolve module variables and locks before execution
A051	OUTPUT	tsv([pt], '03_expression/GSE94859_PTPN22_COVERAGE.tsv')	STATIC_EXPRESSION; resolve module variables and locks before execution
A051	OUTPUT	tsv(prog_cov, '03_expression/GSE94859_FROZEN_PROGRAM_COVERAGE.tsv')	STATIC_EXPRESSION; resolve module variables and locks before execution
A051	OUTPUT	tsv(prog_gene, '03_expression/GSE94859_FROZEN_PROGRAM_GENE_COVERAGE.tsv')	STATIC_EXPRESSION; resolve module variables and locks before execution
A051	OUTPUT	frame.to_csv(ROOT / path, sep='\t', index=False, encoding='utf-8', lineterminator='\n')	STATIC_EXPRESSION; resolve module variables and locks before execution
A051	OUTPUT	(ROOT / path).write_text(text, encoding='utf-8')	STATIC_EXPRESSION; resolve module variables and locks before execution
A052	INPUT	pd.read_excel(matrix_path, engine='openpyxl')	STATIC_EXPRESSION; resolve module variables and locks before execution
A052	INPUT	pd.read_csv(I / 'GSE94859_SAMPLE_PAIRING_LEDGER.tsv', sep='\t', keep_default_na=False)	STATIC_EXPRESSION; resolve module variables and locks before execution
A052	INPUT	pd.read_csv(I / 'GSE94859_GENOTYPE_MAPPING.tsv', sep='\t')	STATIC_EXPRESSION; resolve module variables and locks before execution
A052	INPUT	pd.read_csv(I / 'PTPN22_MECHANISM_PROGRAMS_FROZEN.tsv', sep='\t')	STATIC_EXPRESSION; resolve module variables and locks before execution
A052	INPUT	(ROOT / '01_manifest/METHODS_LOCK.json').read_text()	STATIC_EXPRESSION; resolve module variables and locks before execution
A052	INPUT	pd.read_csv(ROOT / '01_manifest/PRE_ANALYSIS_LOCK_SHA256.tsv', sep='\t')	STATIC_EXPRESSION; resolve module variables and locks before execution
A052	INPUT	pd.read_csv(ROOT / '01_manifest/INPUT_SHA256.tsv', sep='\t')	STATIC_EXPRESSION; resolve module variables and locks before execution
A052	INPUT	p.read_bytes()	STATIC_EXPRESSION; resolve module variables and locks before execution
A052	OUTPUT	js(dict(started_utc=datetime.datetime.now(datetime.timezone.utc).isoformat(), methods_sha256=sha(ROOT / '01_manifest/METHODS_LOCK.json'), manifest_sha256=sha(ROOT / '01_manifest/PTPN22_HUMAN_GENETIC_ACTIVATION_PHASE1_MANIFEST.md'), analysis_code_sha256=sha(Path(__file__))), 'logs/ANALYSIS_START.json')	STATIC_EXPRESSION; resolve module variables and locks before execution
A052	OUTPUT	tsv(recheck, '08_qa/PAIRING_RECHECK.tsv')	STATIC_EXPRESSION; resolve module variables and locks before execution
A052	OUTPUT	tsv(target_checks, '08_qa/TARGET_MATRIX_RECHECK.tsv')	STATIC_EXPRESSION; resolve module variables and locks before execution
A052	OUTPUT	tsv(blind, '02_scores/FROZEN_SCORES_BEFORE_GENOTYPE_JOIN.tsv')	STATIC_EXPRESSION; resolve module variables and locks before execution
A052	OUTPUT	tsv(parameters, '02_scores/FROZEN_SCORING_PARAMETERS.tsv')	STATIC_EXPRESSION; resolve module variables and locks before execution
A052	OUTPUT	tsv(setpars, '02_scores/FROZEN_PROGRAM_SCALING_PARAMETERS.tsv')	STATIC_EXPRESSION; resolve module variables and locks before execution
A052	OUTPUT	js(dict(locked_utc=datetime.datetime.now(datetime.timezone.utc).isoformat(), scores_sha256=sha(ROOT / '02_scores/FROZEN_SCORES_BEFORE_GENOTYPE_JOIN.tsv'), parameters_sha256=sha(ROOT / '02_scores/FROZEN_SCORING_PARAMETERS.tsv'), genotype_used_in_scoring=False, complete_AF35=35, all_samples=32), '02_scores/SCORING_FREEZE.json')	STATIC_EXPRESSION; resolve module variables and locks before execution
A052	OUTPUT	tsv(sample[['GSM', 'processed_matrix_column', 'individual_id', 'condition_standardized', 'genotype_raw', 'source_paper_genotype'] + names], '02_scores/GSE94859_FROZEN_SAMPLE_SCORES.tsv')	STATIC_EXPRESSION; resolve module variables and locks before execution
A052	OUTPUT	tsv(scoring_audit, '08_qa/SCORING_AUDIT.tsv')	STATIC_EXPRESSION; resolve module variables and locks before execution
A052	OUTPUT	tsv(pcframe, '08_qa/SAMPLE_PCA_QC.tsv')	STATIC_EXPRESSION; resolve module variables and locks before execution
A052	OUTPUT	tsv(corr, '08_qa/SAMPLE_CORRELATION_QC.tsv')	STATIC_EXPRESSION; resolve module variables and locks before execution
A052	OUTPUT	js(dict(gene_rows=int(qc.shape[0]), PC1_fraction=float(eigen[0] / eigen.sum()), PC2_fraction=float(eigen[1] / eigen.sum()), minimum_sample_correlation=float(np.min(corr.iloc[:, 1:].to_numpy())), excluded_samples=0, note='PCA只作技术QC；无来源定义异常判据被违反；无载荷/通路解释'), '08_qa/PCA_QC_SUMMARY.json')	STATIC_EXPRESSION; resolve module variables and locks before execution
A052	OUTPUT	tsv(delta_df[delta_df.program == 'AF35'].rename(columns={'delta': 'Delta_AF35'}), '03_primary/GSE94859_AF35_ACTIVATION_DELTA.tsv')	STATIC_EXPRESSION; resolve module variables and locks before execution
A052	OUTPUT	tsv(delta_df[delta_df.program != 'AF35'].rename(columns={'delta': 'Delta_program'}), '04_secondary/GSE94859_FROZEN_PROGRAM_ACTIVATION_DELTA.tsv')	STATIC_EXPRESSION; resolve module variables and locks before execution
A052	OUTPUT	tsv(delta_df[delta_df.program == 'AF35'].sort_values('delta').assign(overall_order=range(1, 17)), '03_primary/GSE94859_AF35_ORDERED_DONOR_DELTAS.tsv')	STATIC_EXPRESSION; resolve module variables and locks before execution
A052	OUTPUT	tsv(within, '03_primary/GSE94859_WITHIN_GENOTYPE_DESCRIPTIVE_SUMMARY.tsv')	STATIC_EXPRESSION; resolve module variables and locks before execution
A052	OUTPUT	tsv(permtable, '08_qa/EXACT_PERMUTATION_DISTRIBUTIONS.tsv')	STATIC_EXPRESSION; resolve module variables and locks before execution
A052	OUTPUT	tsv(results[:1], '03_primary/GSE94859_AF35_GENOTYPE_INTERACTION.tsv')	STATIC_EXPRESSION; resolve module variables and locks before execution
A052	OUTPUT	tsv(results[1:], '04_secondary/GSE94859_PROGRAM_GENOTYPE_INTERACTION.tsv')	STATIC_EXPRESSION; resolve module variables and locks before execution
A052	OUTPUT	tsv(paudit, '08_qa/PERMUTATION_AUDIT.tsv')	STATIC_EXPRESSION; resolve module variables and locks before execution
A052	OUTPUT	tsv(pd.DataFrame(dict(bootstrap_id=np.arange(B), D_AF35=bd[:, 0], Hedges_g_AF35=bg[:, 0])), '08_qa/AF35_BOOTSTRAP_DISTRIBUTION.tsv')	STATIC_EXPRESSION; resolve module variables and locks before execution
A052	OUTPUT	tsv(lodo, '05_robustness/GSE94859_AF35_LODO.tsv')	STATIC_EXPRESSION; resolve module variables and locks before execution
A052	OUTPUT	tsv(sens, '05_robustness/GSE94859_AF35_COVARIATE_SENSITIVITY.tsv')	STATIC_EXPRESSION; resolve module variables and locks before execution
A052	OUTPUT	tsv(context, '06_context/GSE94859_PTPN22_EXPRESSION_CONTEXT.tsv')	STATIC_EXPRESSION; resolve module variables and locks before execution
A052	OUTPUT	tsv(cs, '06_context/PTPN22_CONTEXT_SUMMARY.tsv')	STATIC_EXPRESSION; resolve module variables and locks before execution
A052	OUTPUT	js(gates, '10_checkpoint/FINAL_GATES.json')	STATIC_EXPRESSION; resolve module variables and locks before execution
A052	OUTPUT	tsv([dict(gate=k, status=v) for k, v in gates.items() if k.startswith('PTPN22_')], '10_checkpoint/FINAL_GATES.tsv')	STATIC_EXPRESSION; resolve module variables and locks before execution
A052	OUTPUT	js(dict(completed_utc=datetime.datetime.now(datetime.timezone.utc).isoformat(), primary=results[0], gates=gates, bootstrap_rng='numpy PCG64', boot_index_SHA256=hashlib.sha256(index_cc.tobytes() + index_tt.tobytes()).hexdigest()), 'logs/ANALYSIS_COMPLETION.json')	STATIC_EXPRESSION; resolve module variables and locks before execution
A052	OUTPUT	pd.DataFrame(data).to_csv(ROOT / p, sep='\t', index=False, lineterminator='\n', float_format='%.15g')	STATIC_EXPRESSION; resolve module variables and locks before execution
A052	OUTPUT	(ROOT / p).write_text(json.dumps(data, ensure_ascii=False, indent=2), encoding='utf-8')	STATIC_EXPRESSION; resolve module variables and locks before execution
A053	INPUT	pd.read_excel(I / 'GSE94859_RPKMs.xlsx', engine='openpyxl')	STATIC_EXPRESSION; resolve module variables and locks before execution
A053	INPUT	pd.read_csv(I / 'PTPN22_MECHANISM_PROGRAMS_FROZEN.tsv', sep='\t')	STATIC_EXPRESSION; resolve module variables and locks before execution
A053	INPUT	pd.read_csv(ROOT / '03_primary/GSE94859_AF35_ACTIVATION_DELTA.tsv', sep='\t')	STATIC_EXPRESSION; resolve module variables and locks before execution
A053	INPUT	pd.read_csv(ROOT / '04_secondary/GSE94859_PROGRAM_GENOTYPE_INTERACTION.tsv', sep='\t')	STATIC_EXPRESSION; resolve module variables and locks before execution
A053	INPUT	pd.read_csv(ROOT / '08_qa/AF35_BOOTSTRAP_DISTRIBUTION.tsv', sep='\t')	STATIC_EXPRESSION; resolve module variables and locks before execution
A053	INPUT	pd.read_csv(ROOT / '05_robustness/GSE94859_AF35_LODO.tsv', sep='\t')	STATIC_EXPRESSION; resolve module variables and locks before execution
A053	INPUT	pd.read_csv(ROOT / '05_robustness/GSE94859_AF35_COVARIATE_SENSITIVITY.tsv', sep='\t')	STATIC_EXPRESSION; resolve module variables and locks before execution
A053	INPUT	pd.read_csv(ROOT / '03_primary/GSE94859_AF35_GENOTYPE_INTERACTION.tsv', sep='\t')	STATIC_EXPRESSION; resolve module variables and locks before execution
A053	INPUT	pd.read_csv(I / 'GSE94859_SAMPLE_PAIRING_LEDGER.tsv', sep='\t')	STATIC_EXPRESSION; resolve module variables and locks before execution
A053	INPUT	pd.read_csv(ROOT / '02_scores/FROZEN_SCORES_BEFORE_GENOTYPE_JOIN.tsv', sep='\t')	STATIC_EXPRESSION; resolve module variables and locks before execution
A053	OUTPUT	pd.DataFrame(checks).to_csv(ROOT / '08_qa/INDEPENDENT_NUMERIC_QA.tsv', sep='\t', index=False)	STATIC_EXPRESSION; resolve module variables and locks before execution
A054	INPUT	pd.read_csv(OLD / '09_qa/DELIVERABLE_MANIFEST_SHA256.tsv', sep='\t')	STATIC_EXPRESSION; resolve module variables and locks before execution
A054	INPUT	pd.read_csv(OLD / '01_source/RELEASED_STATE_ORDER.tsv', sep='\t')	STATIC_EXPRESSION; resolve module variables and locks before execution
A054	INPUT	pd.read_csv(ROOT / 'data/ANALYSIS_INPUT_RESPONSE_BLIND.tsv.gz', sep='\t')	STATIC_EXPRESSION; resolve module variables and locks before execution
A054	INPUT	pd.read_csv(p, sep='\t')	STATIC_EXPRESSION; resolve module variables and locks before execution
A054	INPUT	p.read_text(encoding='utf-8')	STATIC_EXPRESSION; resolve module variables and locks before execution
A054	OUTPUT	pd.DataFrame(verified).to_csv(ROOT / '09_qa/PREDECESSOR_INITIAL_HASH_VERIFICATION.tsv', sep='\t', index=False)	STATIC_EXPRESSION; resolve module variables and locks before execution
A054	OUTPUT	pd.DataFrame(audit).to_csv(ROOT / '01_source/SOURCE_REUSE_AUDIT.tsv', sep='\t', index=False, na_rep='NA')	STATIC_EXPRESSION; resolve module variables and locks before execution
A054	OUTPUT	pd.DataFrame(audit)[['path', 'bytes', 'sha256', 'previous_sha256']].to_csv(ROOT / '01_source/SOURCE_SHA256.tsv', sep='\t', index=False)	STATIC_EXPRESSION; resolve module variables and locks before execution
A054	OUTPUT	st.to_csv(ROOT / '03_lineage/PTPN22_STATE_LINEAGE_MAP.tsv', sep='\t', index=False)	STATIC_EXPRESSION; resolve module variables and locks before execution
A054	OUTPUT	counts.to_csv(ROOT / '09_qa/CELL_COUNT_AUDIT.tsv', sep='\t', index=False)	STATIC_EXPRESSION; resolve module variables and locks before execution
A054	OUTPUT	st.assign(PASS=True).to_csv(ROOT / '09_qa/LINEAGE_MAPPING_AUDIT.tsv', sep='\t', index=False)	STATIC_EXPRESSION; resolve module variables and locks before execution
A055	INPUT	read(ROOT / 'data/ANALYSIS_INPUT_RESPONSE_BLIND.tsv.gz')	STATIC_EXPRESSION; resolve module variables and locks before execution
A055	INPUT	read(ROOT / '03_lineage/PTPN22_STATE_LINEAGE_MAP.tsv')	STATIC_EXPRESSION; resolve module variables and locks before execution
A055	INPUT	pd.read_csv(p, sep='\t')	STATIC_EXPRESSION; resolve module variables and locks before execution
A055	INPUT	(ROOT / '02_manifest/FREEZE_LOCK.json').read_text()	STATIC_EXPRESSION; resolve module variables and locks before execution
A055	INPUT	read(OLD / '03_primary/PTPN22_AF35_PATIENT_COUPLING_DECOMPOSITION.tsv')	STATIC_EXPRESSION; resolve module variables and locks before execution
A055	INPUT	(ROOT / p).read_bytes()	STATIC_EXPRESSION; resolve module variables and locks before execution
A055	OUTPUT	(ROOT / 'logs/EFFECT_RUN_STARTED.json').write_text(json.dumps(dict(started_utc=datetime.datetime.now(datetime.timezone.utc).isoformat(), manifest_sha256=lock['hashes']['02_manifest/PTPN22_STATE_AXIS_SPECIFICITY_ANALYSIS_MANIFEST_V1.md']), indent=2))	STATIC_EXPRESSION; resolve module variables and locks before execution
A055	OUTPUT	save('03_lineage/PTPN22_LINEAGE_ELIGIBILITY.tsv', eligibility)	STATIC_EXPRESSION; resolve module variables and locks before execution
A055	OUTPUT	save('03_lineage/PTPN22_AF35_LINEAGE_RESIDUAL_COUPLING.tsv', [{k: r[k] for k in ['source', 'patient', 'lineage', 'cell_n', 'state_n', 'eligible', 'reason', 'residual_Pearson', 'residual_Spearman']} for r in primary])	STATIC_EXPRESSION; resolve module variables and locks before execution
A055	OUTPUT	save('03_lineage/LINEAGE_GATE_SUMMARY.tsv', summaries)	STATIC_EXPRESSION; resolve module variables and locks before execution
A055	OUTPUT	save('04_lineage_only/PTPN22_AF35_LINEAGE_ONLY_DECOMPOSITION.tsv', lineageonly)	STATIC_EXPRESSION; resolve module variables and locks before execution
A055	OUTPUT	save('05_loso/PTPN22_AF35_LOSO_BY_PATIENT.tsv', loso)	STATIC_EXPRESSION; resolve module variables and locks before execution
A055	OUTPUT	save('05_loso/PTPN22_AF35_LOSO_SUMMARY.tsv', lososummary)	STATIC_EXPRESSION; resolve module variables and locks before execution
A055	OUTPUT	save('06_contributions/PTPN22_AF35_STATE_BETWEEN_CONTRIBUTION.tsv', contributions)	STATIC_EXPRESSION; resolve module variables and locks before execution
A055	OUTPUT	save('06_contributions/PTPN22_AF35_STATE_BETWEEN_CONTRIBUTION_SUMMARY.tsv', cs)	STATIC_EXPRESSION; resolve module variables and locks before execution
A055	OUTPUT	save('07_sensitivity/PTPN22_AF35_LINEAGE_TECHNICAL_ADJUSTMENT.tsv', technical)	STATIC_EXPRESSION; resolve module variables and locks before execution
A055	OUTPUT	save('07_sensitivity/PTPN22_AF35_LINEAGE_RARE_STATE_SENSITIVITY.tsv', rare)	STATIC_EXPRESSION; resolve module variables and locks before execution
A055	OUTPUT	save('07_sensitivity/PATIENT_LOPO_ALL_ANALYSES.tsv', lopo)	STATIC_EXPRESSION; resolve module variables and locks before execution
A055	OUTPUT	save('09_qa/DECOMPOSITION_IDENTITY_AUDIT.tsv', identities)	STATIC_EXPRESSION; resolve module variables and locks before execution
A055	OUTPUT	save('09_qa/FULL_20STATE_REPRODUCTION.tsv', full)	STATIC_EXPRESSION; resolve module variables and locks before execution
A055	OUTPUT	(ROOT / '11_checkpoint/FINAL_GATES.json').write_text(json.dumps(gates, indent=2, allow_nan=False), encoding='utf-8')	STATIC_EXPRESSION; resolve module variables and locks before execution
A055	OUTPUT	pd.DataFrame(rows).to_csv(ROOT / p, sep='\t', index=False, na_rep='NA', float_format='%.15g')	STATIC_EXPRESSION; resolve module variables and locks before execution
A055	OUTPUT	save(f'03_lineage/PTPN22_AF35_{lineage}_COUPLING_DECOMPOSITION.tsv', pd.DataFrame(a).assign(**{f'C_total_{lineage}': [r['C_total'] for r in a], f'C_between_{lineage}': [r['C_between'] for r in a], f'C_within_{lineage}': [r['C_within'] for r in a]}))	STATIC_EXPRESSION; resolve module variables and locks before execution
A057	INPUT	read(C / 'COMPLETE_SHA256_MANIFEST.tsv')	STATIC_EXPRESSION; resolve module variables and locks before execution
A057	INPUT	read(C / 'eligible_manifests/WU_ELIGIBLE_MAPPED_CELL_MEMBERSHIP.tsv.gz')	STATIC_EXPRESSION; resolve module variables and locks before execution
A057	INPUT	read(C / 'eligible_manifests/WU_ELIGIBLE_REGION_SPOTS.tsv')	STATIC_EXPRESSION; resolve module variables and locks before execution
A057	INPUT	read(C / 'eligible_manifests/WU_ELIGIBLE_REGIONS.tsv')	STATIC_EXPRESSION; resolve module variables and locks before execution
A057	INPUT	(C / 'QA/PROTECTED_INPUT_BASELINE.json').read_text(encoding='utf-8')	STATIC_EXPRESSION; resolve module variables and locks before execution
A057	OUTPUT	save(pd.DataFrame(ver), 'QA/ANALYSIS_C_MANIFEST_VERIFICATION.tsv')	STATIC_EXPRESSION; resolve module variables and locks before execution
A057	OUTPUT	save(pd.DataFrame(binding), 'WU_AF35_DC_CD8_TOPOLOGY_SOURCE_BINDING_AUDIT.tsv')	STATIC_EXPRESSION; resolve module variables and locks before execution
A057	OUTPUT	write_json('QA/PROTECTED_BASELINE.json', {'created_utc': now(), 'scope_directories': [str(p) for p in scope_dirs], 'files': records})	STATIC_EXPRESSION; resolve module variables and locks before execution
A057	OUTPUT	save(pair, 'data/FROZEN_DC_CD8_HIGH_LOW_CELLS.tsv.gz')	STATIC_EXPRESSION; resolve module variables and locks before execution
A057	OUTPUT	save(elig, 'WU_AF35_DC_CD8_TOPOLOGY_ELIGIBILITY.tsv')	STATIC_EXPRESSION; resolve module variables and locks before execution
A057	OUTPUT	write_json('QA/FROZEN_GRAPH_SEARCH.json', {'roots': [str(p) for p in graph_roots], 'candidate_files': graph_candidates, 'status': 'NOT_RUN_NO_FROZEN_GRAPH', 'distinction': 'Existing ST-to-cell mapping and directed k=6 ST graph are not CODEX cell-to-cell adjacency.'})	STATIC_EXPRESSION; resolve module variables and locks before execution
A057	OUTPUT	(OUT / 'WU_AF35_DC_CD8_TOPOLOGY_PROTOCOL_FREEZE_v1.md').write_text(protocol, encoding='utf-8')	STATIC_EXPRESSION; resolve module variables and locks before execution
A057	OUTPUT	write_json('WU_AF35_DC_CD8_TOPOLOGY_FREEZE_LOCK.json', lock)	STATIC_EXPRESSION; resolve module variables and locks before execution
A057	OUTPUT	write_json('QA/FEASIBILITY_RESULT.json', {'gate': 'PASS', 'n_C_cells': len(edges), 'n_pair_high_low_cells': len(pair), 'n_region_strata': len(elig), 'n_count_evaluable': int(elig.count_evaluable.sum()), 'max_union': int(elig.n_union.max()), 'protected_files': len(records), 'topology_calculated_before_freeze': False})	STATIC_EXPRESSION; resolve module variables and locks before execution
A058	INPUT	read(OUT / 'data/FROZEN_DC_CD8_HIGH_LOW_CELLS.tsv.gz')	STATIC_EXPRESSION; resolve module variables and locks before execution
A058	INPUT	read(OUT / 'WU_AF35_DC_CD8_TOPOLOGY_ELIGIBILITY.tsv')	STATIC_EXPRESSION; resolve module variables and locks before execution
A058	INPUT	(OUT / 'QA/OUTCOME_START.json').read_text()	STATIC_EXPRESSION; resolve module variables and locks before execution
A058	OUTPUT	write_json('QA/OUTCOME_START.json', {'started_utc': now(), 'freeze_time_utc': lock['freeze_time_utc'], 'freeze_lock_sha256': sha(OUT / 'WU_AF35_DC_CD8_TOPOLOGY_FREEZE_LOCK.json'), 'protocol_sha256': lock['protocol_sha256']})	STATIC_EXPRESSION; resolve module variables and locks before execution
A058	OUTPUT	save(regions, 'WU_AF35_DC_CD8_TOPOLOGY_REGION_METRICS.tsv')	STATIC_EXPRESSION; resolve module variables and locks before execution
A058	OUTPUT	save(pd.DataFrame(null_rows), 'data/WU_ALL_MARK_PERMUTATION_VALUES.tsv.gz')	STATIC_EXPRESSION; resolve module variables and locks before execution
A058	OUTPUT	save(pd.DataFrame(null_summary), 'WU_AF35_DC_CD8_MARK_PERMUTATION_SUMMARY.tsv')	STATIC_EXPRESSION; resolve module variables and locks before execution
A058	OUTPUT	save(pd.DataFrame(integrity), 'QA/PERMUTATION_INTEGRITY.tsv')	STATIC_EXPRESSION; resolve module variables and locks before execution
A058	OUTPUT	save(patients, 'WU_AF35_DC_CD8_TOPOLOGY_PATIENT_METRICS.tsv')	STATIC_EXPRESSION; resolve module variables and locks before execution
A058	OUTPUT	save(pd.DataFrame(raw_rows), 'WU_AF35_DC_CD8_SECONDARY_RAW_NND.tsv')	STATIC_EXPRESSION; resolve module variables and locks before execution
A058	OUTPUT	save(pd.DataFrame([result]), 'WU_AF35_DC_CD8_PRIMARY_TEST.tsv')	STATIC_EXPRESSION; resolve module variables and locks before execution
A058	OUTPUT	save(pd.DataFrame([dict(endpoint='DC_CD8_ADJACENCY_SECONDARY', status='NOT_RUN_NO_FROZEN_GRAPH', reason='No frozen source-native CODEX cell adjacency graph in bounded source system; no graph created')]), 'WU_AF35_DC_CD8_ADJACENCY_SENSITIVITY.tsv')	STATIC_EXPRESSION; resolve module variables and locks before execution
A058	OUTPUT	write_json('QA/OUTCOME_FINISH.json', {'finished_utc': now(), 'primary_gate': gate, 'frozen_lock_unchanged': sha(OUT / 'WU_AF35_DC_CD8_TOPOLOGY_FREEZE_LOCK.json') == json.loads((OUT / 'QA/OUTCOME_START.json').read_text())['freeze_lock_sha256']})	STATIC_EXPRESSION; resolve module variables and locks before execution
A058	OUTPUT	np.savez_compressed(path, dc_indices=alloc, cell_ids=d.cell_id.to_numpy(dtype='U'), xy=xy, observed_is_dc=observed_labels)	STATIC_EXPRESSION; resolve module variables and locks before execution
A058	OUTPUT	save(pd.DataFrame({'configuration_index': np.arange(2 ** N), 'signed_mean': perm_mean}), 'data/WU_EXACT_PATIENT_SIGN_CONFIGURATIONS.tsv')	STATIC_EXPRESSION; resolve module variables and locks before execution
A058	OUTPUT	np.save(OUT / 'data/BOOTSTRAP_PATIENT_INDICES.npy', indices)	STATIC_EXPRESSION; resolve module variables and locks before execution
A058	OUTPUT	save(pd.DataFrame(indices + 1), 'data/BOOTSTRAP_PATIENT_INDICES_1BASED.tsv')	STATIC_EXPRESSION; resolve module variables and locks before execution
A058	OUTPUT	save(pd.DataFrame({'draw': np.arange(lock['bootstrap_n']), 'mean_DELTA_TOPOLOGY': boot}), 'data/WU_PATIENT_BOOTSTRAP_MEANS.tsv')	STATIC_EXPRESSION; resolve module variables and locks before execution
A059	INPUT	pd.read_csv(p, sep='\t', dtype={'patient_id': str, 'cell_id': str, 'region_id': str, 'spot_id': str})	STATIC_EXPRESSION; resolve module variables and locks before execution
A059	INPUT	(OUT / 'WU_AF35_DC_CD8_TOPOLOGY_FREEZE_LOCK.json').read_text(encoding='utf-8')	STATIC_EXPRESSION; resolve module variables and locks before execution
A059	INPUT	f.read(2 ** 20)	STATIC_EXPRESSION; resolve module variables and locks before execution
A059	OUTPUT	d.to_csv(OUT / name, sep='\t', index=False, na_rep='NA', float_format='%.16g')	STATIC_EXPRESSION; resolve module variables and locks before execution
A059	OUTPUT	(OUT / name).write_text(json.dumps(data, ensure_ascii=False, indent=2), encoding='utf-8')	STATIC_EXPRESSION; resolve module variables and locks before execution
