analysis_id	script	literal	resolution
A001	scripts/03_AF35_measurement/AF35_AGGREGATION_COMPOSITION_DECOMPOSITION_v1/scripts/01_freeze.py	AF35_AGGREGATION_SOURCE_BINDING_AUDIT.tsv	STATIC_LITERAL_NOT_COMPLETE_DEPENDENCY_PROOF
A001	scripts/03_AF35_measurement/AF35_AGGREGATION_COMPOSITION_DECOMPOSITION_v1/scripts/01_freeze.py	AF35_BROAD_IMMUNE_FREEZE_LOCK.json	STATIC_LITERAL_NOT_COMPLETE_DEPENDENCY_PROOF
A001	scripts/03_AF35_measurement/AF35_AGGREGATION_COMPOSITION_DECOMPOSITION_v1/scripts/01_freeze.py	AF35_BROAD_IMMUNE_RESPONSE_BLIND_PATIENT_VALUES.tsv	STATIC_LITERAL_NOT_COMPLETE_DEPENDENCY_PROOF
A001	scripts/03_AF35_measurement/AF35_AGGREGATION_COMPOSITION_DECOMPOSITION_v1/scripts/01_freeze.py	AF35_GENE_NUMBER_RESPONSE_BLIND_SCORES.tsv	STATIC_LITERAL_NOT_COMPLETE_DEPENDENCY_PROOF
A001	scripts/03_AF35_measurement/AF35_AGGREGATION_COMPOSITION_DECOMPOSITION_v1/scripts/01_freeze.py	AF35_GENE_NUMBER_SCORE_STABILITY.tsv	STATIC_LITERAL_NOT_COMPLETE_DEPENDENCY_PROOF
A001	scripts/03_AF35_measurement/AF35_AGGREGATION_COMPOSITION_DECOMPOSITION_v1/scripts/01_freeze.py	AF35_GENE_NUMBER_SUBSET_MANIFEST.tsv	STATIC_LITERAL_NOT_COMPLETE_DEPENDENCY_PROOF
A001	scripts/03_AF35_measurement/AF35_AGGREGATION_COMPOSITION_DECOMPOSITION_v1/scripts/01_freeze.py	AF35_MATCHED_NULL_PATIENT_PROGRAM_SCORES_RESPONSE_BLIND.tsv	STATIC_LITERAL_NOT_COMPLETE_DEPENDENCY_PROOF
A001	scripts/03_AF35_measurement/AF35_AGGREGATION_COMPOSITION_DECOMPOSITION_v1/scripts/01_freeze.py	AF35_MATCHED_NULL_PROGRAM_MANIFEST.tsv	STATIC_LITERAL_NOT_COMPLETE_DEPENDENCY_PROOF
A001	scripts/03_AF35_measurement/AF35_AGGREGATION_COMPOSITION_DECOMPOSITION_v1/scripts/01_freeze.py	AF35_ORDERED_GENES.tsv	STATIC_LITERAL_NOT_COMPLETE_DEPENDENCY_PROOF
A001	scripts/03_AF35_measurement/AF35_AGGREGATION_COMPOSITION_DECOMPOSITION_v1/scripts/01_freeze.py	AF35_PROGRAM_COHERENCE_RANDOM_REFERENCE_RESULTS.tsv	STATIC_LITERAL_NOT_COMPLETE_DEPENDENCY_PROOF
A001	scripts/03_AF35_measurement/AF35_AGGREGATION_COMPOSITION_DECOMPOSITION_v1/scripts/01_freeze.py	AF35_PROGRAM_COHERENCE_WITHIN_COHORT_SUMMARY.tsv	STATIC_LITERAL_NOT_COMPLETE_DEPENDENCY_PROOF
A001	scripts/03_AF35_measurement/AF35_AGGREGATION_COMPOSITION_DECOMPOSITION_v1/scripts/01_freeze.py	AF35_STRUCTURAL_DISTANCE_TO_AF35.tsv	STATIC_LITERAL_NOT_COMPLETE_DEPENDENCY_PROOF
A001	scripts/03_AF35_measurement/AF35_AGGREGATION_COMPOSITION_DECOMPOSITION_v1/scripts/01_freeze.py	AF35_STRUCTURED_REFERENCE_DISTANCE_QC.tsv	STATIC_LITERAL_NOT_COMPLETE_DEPENDENCY_PROOF
A001	scripts/03_AF35_measurement/AF35_AGGREGATION_COMPOSITION_DECOMPOSITION_v1/scripts/01_freeze.py	AF35_STRUCTURED_REFERENCE_FEATURES.tsv	STATIC_LITERAL_NOT_COMPLETE_DEPENDENCY_PROOF
A001	scripts/03_AF35_measurement/AF35_AGGREGATION_COMPOSITION_DECOMPOSITION_v1/scripts/01_freeze.py	AF35_STRUCTURED_REFERENCE_MATCHING_QC.tsv	STATIC_LITERAL_NOT_COMPLETE_DEPENDENCY_PROOF
A001	scripts/03_AF35_measurement/AF35_AGGREGATION_COMPOSITION_DECOMPOSITION_v1/scripts/01_freeze.py	AF35_STRUCTURED_REFERENCE_PROVENANCE_AUDIT.md	STATIC_LITERAL_NOT_COMPLETE_DEPENDENCY_PROOF
A001	scripts/03_AF35_measurement/AF35_AGGREGATION_COMPOSITION_DECOMPOSITION_v1/scripts/01_freeze.py	AF35_STRUCTURED_REFERENCE_RESPONSE_BLIND_SCORES.tsv	STATIC_LITERAL_NOT_COMPLETE_DEPENDENCY_PROOF
A001	scripts/03_AF35_measurement/AF35_AGGREGATION_COMPOSITION_DECOMPOSITION_v1/scripts/01_freeze.py	AF35_STRUCTURED_REFERENCE_SELECTED_200.tsv	STATIC_LITERAL_NOT_COMPLETE_DEPENDENCY_PROOF
A001	scripts/03_AF35_measurement/AF35_AGGREGATION_COMPOSITION_DECOMPOSITION_v1/scripts/01_freeze.py	AF35_STRUCTURED_REFERENCE_STANDARDIZATION.tsv	STATIC_LITERAL_NOT_COMPLETE_DEPENDENCY_PROOF
A001	scripts/03_AF35_measurement/AF35_AGGREGATION_COMPOSITION_DECOMPOSITION_v1/scripts/01_freeze.py	AF35_STRUCTURED_REFERENCE_STANDARDIZED_FEATURES.tsv	STATIC_LITERAL_NOT_COMPLETE_DEPENDENCY_PROOF
A001	scripts/03_AF35_measurement/AF35_AGGREGATION_COMPOSITION_DECOMPOSITION_v1/scripts/01_freeze.py	COMPLETE_SHA256_MANIFEST.tsv	STATIC_LITERAL_NOT_COMPLETE_DEPENDENCY_PROOF
A001	scripts/03_AF35_measurement/AF35_AGGREGATION_COMPOSITION_DECOMPOSITION_v1/scripts/01_freeze.py	MATCHED_PROGRAM_FREEZE_LOCK.json	STATIC_LITERAL_NOT_COMPLETE_DEPENDENCY_PROOF
A001	scripts/03_AF35_measurement/AF35_AGGREGATION_COMPOSITION_DECOMPOSITION_v1/scripts/01_freeze.py	OUTCOME_JOIN_TIMESTAMP.txt	STATIC_LITERAL_NOT_COMPLETE_DEPENDENCY_PROOF
A001	scripts/03_AF35_measurement/AF35_AGGREGATION_COMPOSITION_DECOMPOSITION_v1/scripts/01_freeze.py	PATIENT_SCORE_FREEZE_SHA256.tsv	STATIC_LITERAL_NOT_COMPLETE_DEPENDENCY_PROOF
A001	scripts/03_AF35_measurement/AF35_AGGREGATION_COMPOSITION_DECOMPOSITION_v1/scripts/01_freeze.py	PROTECTED_BEFORE.tsv	STATIC_LITERAL_NOT_COMPLETE_DEPENDENCY_PROOF
A001	scripts/03_AF35_measurement/AF35_AGGREGATION_COMPOSITION_DECOMPOSITION_v1/scripts/01_freeze.py	QA/INITIALIZATION_LOCK.json	STATIC_LITERAL_NOT_COMPLETE_DEPENDENCY_PROOF
A001	scripts/03_AF35_measurement/AF35_AGGREGATION_COMPOSITION_DECOMPOSITION_v1/scripts/01_freeze.py	QA/MOLECULAR_RECOVERY.tsv	STATIC_LITERAL_NOT_COMPLETE_DEPENDENCY_PROOF
A001	scripts/03_AF35_measurement/AF35_AGGREGATION_COMPOSITION_DECOMPOSITION_v1/scripts/01_freeze.py	QA/PROTECTED_BEFORE.tsv	STATIC_LITERAL_NOT_COMPLETE_DEPENDENCY_PROOF
A001	scripts/03_AF35_measurement/AF35_AGGREGATION_COMPOSITION_DECOMPOSITION_v1/scripts/01_freeze.py	QA/PROTOCOL_PRECOMPUTATION_LOCK.json	STATIC_LITERAL_NOT_COMPLETE_DEPENDENCY_PROOF
A001	scripts/03_AF35_measurement/AF35_AGGREGATION_COMPOSITION_DECOMPOSITION_v1/scripts/01_freeze.py	_AF35_BROAD_TRANSFORMED_EXPRESSION.tsv	STATIC_LITERAL_NOT_COMPLETE_DEPENDENCY_PROOF
A001	scripts/03_AF35_measurement/AF35_AGGREGATION_COMPOSITION_DECOMPOSITION_v1/scripts/01_freeze.py	_BROAD_IMMUNE_RESPONSE_BLIND.tsv	STATIC_LITERAL_NOT_COMPLETE_DEPENDENCY_PROOF
A001	scripts/03_AF35_measurement/AF35_AGGREGATION_COMPOSITION_DECOMPOSITION_v1/scripts/01_freeze.py	_FREEZE_LOCK.json	STATIC_LITERAL_NOT_COMPLETE_DEPENDENCY_PROOF
A001	scripts/03_AF35_measurement/AF35_AGGREGATION_COMPOSITION_DECOMPOSITION_v1/scripts/01_freeze.py	_GENE_Z_AND_FULL_SCORES_RESPONSE_BLIND.tsv	STATIC_LITERAL_NOT_COMPLETE_DEPENDENCY_PROOF
A001	scripts/03_AF35_measurement/AF35_AGGREGATION_COMPOSITION_DECOMPOSITION_v1/scripts/01_freeze.py	_GENE_Z_RESPONSE_BLIND.tsv	STATIC_LITERAL_NOT_COMPLETE_DEPENDENCY_PROOF
A001	scripts/03_AF35_measurement/AF35_AGGREGATION_COMPOSITION_DECOMPOSITION_v1/scripts/01_freeze.py	_PATIENT_IDS.tsv	STATIC_LITERAL_NOT_COMPLETE_DEPENDENCY_PROOF
A001	scripts/03_AF35_measurement/AF35_AGGREGATION_COMPOSITION_DECOMPOSITION_v1/scripts/01_freeze.py	_PROTOCOL_FREEZE_v1.md	STATIC_LITERAL_NOT_COMPLETE_DEPENDENCY_PROOF
A001	scripts/03_AF35_measurement/AF35_AGGREGATION_COMPOSITION_DECOMPOSITION_v1/scripts/01_freeze.py	_SELECTED_TRANSFORMED_EXPRESSION.tsv	STATIC_LITERAL_NOT_COMPLETE_DEPENDENCY_PROOF
A001	scripts/03_AF35_measurement/AF35_AGGREGATION_COMPOSITION_DECOMPOSITION_v1/scripts/01_freeze.py	authority/USER_REQUEST.txt	STATIC_LITERAL_NOT_COMPLETE_DEPENDENCY_PROOF
A001	scripts/03_AF35_measurement/AF35_AGGREGATION_COMPOSITION_DECOMPOSITION_v1/scripts/01_freeze.py	inputs/AF35_ORDERED_GENES.tsv	STATIC_LITERAL_NOT_COMPLETE_DEPENDENCY_PROOF
A001	scripts/03_AF35_measurement/AF35_AGGREGATION_COMPOSITION_DECOMPOSITION_v1/scripts/01_freeze.py	inputs/BROAD_IMMUNE_GENES.tsv	STATIC_LITERAL_NOT_COMPLETE_DEPENDENCY_PROOF
A001	scripts/03_AF35_measurement/AF35_AGGREGATION_COMPOSITION_DECOMPOSITION_v1/scripts/01_freeze.py	inputs/EXACT_ANALYSIS_B_RANDOM_PROGRAM_MANIFEST.tsv	STATIC_LITERAL_NOT_COMPLETE_DEPENDENCY_PROOF
A001	scripts/03_AF35_measurement/AF35_AGGREGATION_COMPOSITION_DECOMPOSITION_v1/scripts/01_freeze.py	private_dependencies/unavailable_protocol.txt	STATIC_LITERAL_NOT_COMPLETE_DEPENDENCY_PROOF
A001	scripts/03_AF35_measurement/AF35_AGGREGATION_COMPOSITION_DECOMPOSITION_v1/scripts/01_freeze.py	scripts/01_freeze_and_analyze.py	STATIC_LITERAL_NOT_COMPLETE_DEPENDENCY_PROOF
A001	scripts/03_AF35_measurement/AF35_AGGREGATION_COMPOSITION_DECOMPOSITION_v1/scripts/01_freeze.py	scripts/02_freeze_residuals.py	STATIC_LITERAL_NOT_COMPLETE_DEPENDENCY_PROOF
A002	scripts/06_clinical/AF35_AGGREGATION_COMPOSITION_DECOMPOSITION_v1/scripts/02_clinical_utf8.py	AF35_GENE_NUMBER_CLINICAL_EFFECTS.tsv	STATIC_LITERAL_NOT_COMPLETE_DEPENDENCY_PROOF
A002	scripts/06_clinical/AF35_AGGREGATION_COMPOSITION_DECOMPOSITION_v1/scripts/02_clinical_utf8.py	AF35_GENE_NUMBER_RESPONSE_BLIND_SCORES.tsv	STATIC_LITERAL_NOT_COMPLETE_DEPENDENCY_PROOF
A002	scripts/06_clinical/AF35_AGGREGATION_COMPOSITION_DECOMPOSITION_v1/scripts/02_clinical_utf8.py	AF35_GENE_NUMBER_SCORE_STABILITY.tsv	STATIC_LITERAL_NOT_COMPLETE_DEPENDENCY_PROOF
A002	scripts/06_clinical/AF35_AGGREGATION_COMPOSITION_DECOMPOSITION_v1/scripts/02_clinical_utf8.py	AF35_GENE_NUMBER_SUBSET_MANIFEST.tsv	STATIC_LITERAL_NOT_COMPLETE_DEPENDENCY_PROOF
A002	scripts/06_clinical/AF35_AGGREGATION_COMPOSITION_DECOMPOSITION_v1/scripts/02_clinical_utf8.py	AF35_GENE_NUMBER_SUMMARY.tsv	STATIC_LITERAL_NOT_COMPLETE_DEPENDENCY_PROOF
A002	scripts/06_clinical/AF35_AGGREGATION_COMPOSITION_DECOMPOSITION_v1/scripts/02_clinical_utf8.py	AF35_MATCHED_NULL_PROGRAM_EFFECTS.tsv	STATIC_LITERAL_NOT_COMPLETE_DEPENDENCY_PROOF
A002	scripts/06_clinical/AF35_AGGREGATION_COMPOSITION_DECOMPOSITION_v1/scripts/02_clinical_utf8.py	AF35_STRUCTURED_REFERENCE_CLINICAL_EFFECTS.tsv	STATIC_LITERAL_NOT_COMPLETE_DEPENDENCY_PROOF
A002	scripts/06_clinical/AF35_AGGREGATION_COMPOSITION_DECOMPOSITION_v1/scripts/02_clinical_utf8.py	AF35_STRUCTURED_REFERENCE_CROSS_COHORT.tsv	STATIC_LITERAL_NOT_COMPLETE_DEPENDENCY_PROOF
A002	scripts/06_clinical/AF35_AGGREGATION_COMPOSITION_DECOMPOSITION_v1/scripts/02_clinical_utf8.py	AF35_STRUCTURED_REFERENCE_EFFECT_PLANE.tsv	STATIC_LITERAL_NOT_COMPLETE_DEPENDENCY_PROOF
A002	scripts/06_clinical/AF35_AGGREGATION_COMPOSITION_DECOMPOSITION_v1/scripts/02_clinical_utf8.py	AF35_STRUCTURED_REFERENCE_RESPONSE_BLIND_SCORES.tsv	STATIC_LITERAL_NOT_COMPLETE_DEPENDENCY_PROOF
A002	scripts/06_clinical/AF35_AGGREGATION_COMPOSITION_DECOMPOSITION_v1/scripts/02_clinical_utf8.py	AF35_STRUCTURED_REFERENCE_SELECTED_200.tsv	STATIC_LITERAL_NOT_COMPLETE_DEPENDENCY_PROOF
A002	scripts/06_clinical/AF35_AGGREGATION_COMPOSITION_DECOMPOSITION_v1/scripts/02_clinical_utf8.py	COMPLETE_SHA256_MANIFEST.tsv	STATIC_LITERAL_NOT_COMPLETE_DEPENDENCY_PROOF
A002	scripts/06_clinical/AF35_AGGREGATION_COMPOSITION_DECOMPOSITION_v1/scripts/02_clinical_utf8.py	QA/CLINICAL_COMPLETION_LOCK.json	STATIC_LITERAL_NOT_COMPLETE_DEPENDENCY_PROOF
A002	scripts/06_clinical/AF35_AGGREGATION_COMPOSITION_DECOMPOSITION_v1/scripts/02_clinical_utf8.py	QA/CLINICAL_REPRODUCTION.tsv	STATIC_LITERAL_NOT_COMPLETE_DEPENDENCY_PROOF
A002	scripts/06_clinical/AF35_AGGREGATION_COMPOSITION_DECOMPOSITION_v1/scripts/02_clinical_utf8.py	QA/CLINICAL_SOURCE_BINDINGS.tsv	STATIC_LITERAL_NOT_COMPLETE_DEPENDENCY_PROOF
A002	scripts/06_clinical/AF35_AGGREGATION_COMPOSITION_DECOMPOSITION_v1/scripts/02_clinical_utf8.py	QA/OUTCOME_JOIN_TIMESTAMP.txt	STATIC_LITERAL_NOT_COMPLETE_DEPENDENCY_PROOF
A002	scripts/06_clinical/AF35_AGGREGATION_COMPOSITION_DECOMPOSITION_v1/scripts/02_clinical_utf8.py	QA/OUTCOME_OPEN_EVENT.json	STATIC_LITERAL_NOT_COMPLETE_DEPENDENCY_PROOF
A002	scripts/06_clinical/AF35_AGGREGATION_COMPOSITION_DECOMPOSITION_v1/scripts/02_clinical_utf8.py	_ANALYSIS_PATIENT_VALUES.tsv	STATIC_LITERAL_NOT_COMPLETE_DEPENDENCY_PROOF
A002	scripts/06_clinical/AF35_AGGREGATION_COMPOSITION_DECOMPOSITION_v1/scripts/02_clinical_utf8.py	_FREEZE_LOCK.json	STATIC_LITERAL_NOT_COMPLETE_DEPENDENCY_PROOF
A002	scripts/06_clinical/AF35_AGGREGATION_COMPOSITION_DECOMPOSITION_v1/scripts/02_clinical_utf8.py	_INTERPRETATION.tsv	STATIC_LITERAL_NOT_COMPLETE_DEPENDENCY_PROOF
A002	scripts/06_clinical/AF35_AGGREGATION_COMPOSITION_DECOMPOSITION_v1/scripts/02_clinical_utf8.py	_OUTCOME_FIREWALL_AUDIT.md	STATIC_LITERAL_NOT_COMPLETE_DEPENDENCY_PROOF
A002	scripts/06_clinical/AF35_AGGREGATION_COMPOSITION_DECOMPOSITION_v1/scripts/02_clinical_utf8.py	_PATIENT_IDS.tsv	STATIC_LITERAL_NOT_COMPLETE_DEPENDENCY_PROOF
A002	scripts/06_clinical/AF35_AGGREGATION_COMPOSITION_DECOMPOSITION_v1/scripts/02_clinical_utf8.py	inputs/RESPONSE_LABELS_AFTER_FREEZE.tsv	STATIC_LITERAL_NOT_COMPLETE_DEPENDENCY_PROOF
A004	scripts/06_clinical/AF35_BROAD_IMMUNE_RESIDUAL_ASSOCIATION_v1/scripts/00_initialize.py	01_metadata/PHASE3_PTPN22_SPECIFICITY_COMPARATOR_PROGRAMS.tsv	STATIC_LITERAL_NOT_COMPLETE_DEPENDENCY_PROOF
A004	scripts/06_clinical/AF35_BROAD_IMMUNE_RESIDUAL_ASSOCIATION_v1/scripts/00_initialize.py	01_metadata/phase15c_public_benchmark/PHASE15C_BENCHMARK_CONTRACT.tsv	STATIC_LITERAL_NOT_COMPLETE_DEPENDENCY_PROOF
A004	scripts/06_clinical/AF35_BROAD_IMMUNE_RESIDUAL_ASSOCIATION_v1/scripts/00_initialize.py	03_processed_data/phase15b_public_replication/GSE302495_RESPONSE_BLIND_MATRIX_AND_SCORES.rds	STATIC_LITERAL_NOT_COMPLETE_DEPENDENCY_PROOF
A004	scripts/06_clinical/AF35_BROAD_IMMUNE_RESIDUAL_ASSOCIATION_v1/scripts/00_initialize.py	03_processed_data/pretreatment_clinical_translation/ERP117672_gene_expression_response_blind.rds	STATIC_LITERAL_NOT_COMPLETE_DEPENDENCY_PROOF
A004	scripts/06_clinical/AF35_BROAD_IMMUNE_RESIDUAL_ASSOCIATION_v1/scripts/00_initialize.py	04_scripts/phase15c_public_benchmark/01_run_phase15c_benchmark.R	STATIC_LITERAL_NOT_COMPLETE_DEPENDENCY_PROOF
A004	scripts/06_clinical/AF35_BROAD_IMMUNE_RESIDUAL_ASSOCIATION_v1/scripts/00_initialize.py	AF35_MATCHED_NULL_PROGRAM_MANIFEST.tsv	STATIC_LITERAL_NOT_COMPLETE_DEPENDENCY_PROOF
A004	scripts/06_clinical/AF35_BROAD_IMMUNE_RESIDUAL_ASSOCIATION_v1/scripts/00_initialize.py	AF35_ORDERED_GENES.tsv	STATIC_LITERAL_NOT_COMPLETE_DEPENDENCY_PROOF
A004	scripts/06_clinical/AF35_BROAD_IMMUNE_RESIDUAL_ASSOCIATION_v1/scripts/00_initialize.py	COMPLETE_SHA256_MANIFEST.tsv	STATIC_LITERAL_NOT_COMPLETE_DEPENDENCY_PROOF
A004	scripts/06_clinical/AF35_BROAD_IMMUNE_RESIDUAL_ASSOCIATION_v1/scripts/00_initialize.py	MATCHED_PROGRAM_FREEZE_LOCK.json	STATIC_LITERAL_NOT_COMPLETE_DEPENDENCY_PROOF
A004	scripts/06_clinical/AF35_BROAD_IMMUNE_RESIDUAL_ASSOCIATION_v1/scripts/00_initialize.py	MOLECULAR_GEOMETRY_LOCK.json	STATIC_LITERAL_NOT_COMPLETE_DEPENDENCY_PROOF
A004	scripts/06_clinical/AF35_BROAD_IMMUNE_RESIDUAL_ASSOCIATION_v1/scripts/00_initialize.py	OUTCOME_JOIN_TIMESTAMP.txt	STATIC_LITERAL_NOT_COMPLETE_DEPENDENCY_PROOF
A004	scripts/06_clinical/AF35_BROAD_IMMUNE_RESIDUAL_ASSOCIATION_v1/scripts/00_initialize.py	PATIENT_SCORE_FREEZE_SHA256.tsv	STATIC_LITERAL_NOT_COMPLETE_DEPENDENCY_PROOF
A004	scripts/06_clinical/AF35_BROAD_IMMUNE_RESIDUAL_ASSOCIATION_v1/scripts/00_initialize.py	QA/INITIALIZATION_LOCK.json	STATIC_LITERAL_NOT_COMPLETE_DEPENDENCY_PROOF
A004	scripts/06_clinical/AF35_BROAD_IMMUNE_RESIDUAL_ASSOCIATION_v1/scripts/00_initialize.py	QA/PROTECTED_BEFORE.tsv	STATIC_LITERAL_NOT_COMPLETE_DEPENDENCY_PROOF
A004	scripts/06_clinical/AF35_BROAD_IMMUNE_RESIDUAL_ASSOCIATION_v1/scripts/00_initialize.py	SCORING_AUTHORITY_LOCK.tsv	STATIC_LITERAL_NOT_COMPLETE_DEPENDENCY_PROOF
A004	scripts/06_clinical/AF35_BROAD_IMMUNE_RESIDUAL_ASSOCIATION_v1/scripts/00_initialize.py	SCORING_RECOVERY_LOCK.json	STATIC_LITERAL_NOT_COMPLETE_DEPENDENCY_PROOF
A004	scripts/06_clinical/AF35_BROAD_IMMUNE_RESIDUAL_ASSOCIATION_v1/scripts/00_initialize.py	SOURCE_BINDINGS.tsv	STATIC_LITERAL_NOT_COMPLETE_DEPENDENCY_PROOF
A004	scripts/06_clinical/AF35_BROAD_IMMUNE_RESIDUAL_ASSOCIATION_v1/scripts/00_initialize.py	_GENE_Z_AND_FULL_SCORES_RESPONSE_BLIND.tsv	STATIC_LITERAL_NOT_COMPLETE_DEPENDENCY_PROOF
A004	scripts/06_clinical/AF35_BROAD_IMMUNE_RESIDUAL_ASSOCIATION_v1/scripts/00_initialize.py	_MOLECULAR_INPUT_RESPONSE_BLIND.tsv	STATIC_LITERAL_NOT_COMPLETE_DEPENDENCY_PROOF
A004	scripts/06_clinical/AF35_BROAD_IMMUNE_RESIDUAL_ASSOCIATION_v1/scripts/00_initialize.py	_PATIENT_IDS.tsv	STATIC_LITERAL_NOT_COMPLETE_DEPENDENCY_PROOF
A004	scripts/06_clinical/AF35_BROAD_IMMUNE_RESIDUAL_ASSOCIATION_v1/scripts/00_initialize.py	_SELECTED_TRANSFORMED_EXPRESSION.tsv	STATIC_LITERAL_NOT_COMPLETE_DEPENDENCY_PROOF
A004	scripts/06_clinical/AF35_BROAD_IMMUNE_RESIDUAL_ASSOCIATION_v1/scripts/00_initialize.py	_SOURCE_BINDING_AUDIT.tsv	STATIC_LITERAL_NOT_COMPLETE_DEPENDENCY_PROOF
A004	scripts/06_clinical/AF35_BROAD_IMMUNE_RESIDUAL_ASSOCIATION_v1/scripts/00_initialize.py	authority/USER_REQUEST.txt	STATIC_LITERAL_NOT_COMPLETE_DEPENDENCY_PROOF
A004	scripts/06_clinical/AF35_BROAD_IMMUNE_RESIDUAL_ASSOCIATION_v1/scripts/00_initialize.py	inputs/AF35_ORDERED_GENES.tsv	STATIC_LITERAL_NOT_COMPLETE_DEPENDENCY_PROOF
A004	scripts/06_clinical/AF35_BROAD_IMMUNE_RESIDUAL_ASSOCIATION_v1/scripts/00_initialize.py	private_dependencies/unavailable_protocol.txt	STATIC_LITERAL_NOT_COMPLETE_DEPENDENCY_PROOF
A004	scripts/06_clinical/AF35_BROAD_IMMUNE_RESIDUAL_ASSOCIATION_v1/scripts/00_initialize.py	scripts/02_geometry_response_blind.R	STATIC_LITERAL_NOT_COMPLETE_DEPENDENCY_PROOF
A005	scripts/06_clinical/AF35_BROAD_IMMUNE_RESIDUAL_ASSOCIATION_v1/scripts/03_join_and_analyze.py	.tsv	STATIC_LITERAL_NOT_COMPLETE_DEPENDENCY_PROOF
A005	scripts/06_clinical/AF35_BROAD_IMMUNE_RESIDUAL_ASSOCIATION_v1/scripts/03_join_and_analyze.py	AF35_FULL_SCORE_EFFECT_REPRODUCTION.tsv	STATIC_LITERAL_NOT_COMPLETE_DEPENDENCY_PROOF
A005	scripts/06_clinical/AF35_BROAD_IMMUNE_RESIDUAL_ASSOCIATION_v1/scripts/03_join_and_analyze.py	QA/CLINICAL_COMPLETION_LOCK.json	STATIC_LITERAL_NOT_COMPLETE_DEPENDENCY_PROOF
A005	scripts/06_clinical/AF35_BROAD_IMMUNE_RESIDUAL_ASSOCIATION_v1/scripts/03_join_and_analyze.py	QA/CLINICAL_SOURCE_BINDINGS.tsv	STATIC_LITERAL_NOT_COMPLETE_DEPENDENCY_PROOF
A005	scripts/06_clinical/AF35_BROAD_IMMUNE_RESIDUAL_ASSOCIATION_v1/scripts/03_join_and_analyze.py	_*.tsv	STATIC_LITERAL_NOT_COMPLETE_DEPENDENCY_PROOF
A005	scripts/06_clinical/AF35_BROAD_IMMUNE_RESIDUAL_ASSOCIATION_v1/scripts/03_join_and_analyze.py	_ANALYSIS_PATIENT_VALUES.tsv	STATIC_LITERAL_NOT_COMPLETE_DEPENDENCY_PROOF
A005	scripts/06_clinical/AF35_BROAD_IMMUNE_RESIDUAL_ASSOCIATION_v1/scripts/03_join_and_analyze.py	_FREEZE_LOCK.json	STATIC_LITERAL_NOT_COMPLETE_DEPENDENCY_PROOF
A005	scripts/06_clinical/AF35_BROAD_IMMUNE_RESIDUAL_ASSOCIATION_v1/scripts/03_join_and_analyze.py	_LOO_RESPONSE_BLIND_PATIENT_VALUES.tsv	STATIC_LITERAL_NOT_COMPLETE_DEPENDENCY_PROOF
A005	scripts/06_clinical/AF35_BROAD_IMMUNE_RESIDUAL_ASSOCIATION_v1/scripts/03_join_and_analyze.py	_OUTCOME_FIREWALL_AUDIT.md	STATIC_LITERAL_NOT_COMPLETE_DEPENDENCY_PROOF
A005	scripts/06_clinical/AF35_BROAD_IMMUNE_RESIDUAL_ASSOCIATION_v1/scripts/03_join_and_analyze.py	_OUTCOME_JOIN_TIMESTAMP.txt	STATIC_LITERAL_NOT_COMPLETE_DEPENDENCY_PROOF
A005	scripts/06_clinical/AF35_BROAD_IMMUNE_RESIDUAL_ASSOCIATION_v1/scripts/03_join_and_analyze.py	_PAIRED_BOOTSTRAP_INDICES_ZERO_BASED.tsv	STATIC_LITERAL_NOT_COMPLETE_DEPENDENCY_PROOF
A005	scripts/06_clinical/AF35_BROAD_IMMUNE_RESIDUAL_ASSOCIATION_v1/scripts/03_join_and_analyze.py	_RESPONSE_BLIND_PATIENT_VALUES.tsv	STATIC_LITERAL_NOT_COMPLETE_DEPENDENCY_PROOF
A005	scripts/06_clinical/AF35_BROAD_IMMUNE_RESIDUAL_ASSOCIATION_v1/scripts/03_join_and_analyze.py	inputs/PATIENT_ANALYSIS_VALUES_AFTER_FREEZE.tsv	STATIC_LITERAL_NOT_COMPLETE_DEPENDENCY_PROOF
A006	scripts/06_clinical/AF35_CLINICAL_STATE_OCCUPANCY_DECOMPOSITION_v1/scripts/02_join.py	AF35_STATE_OCCUPANCY_MODEL_IDENTIFIABILITY.tsv	STATIC_LITERAL_NOT_COMPLETE_DEPENDENCY_PROOF
A006	scripts/06_clinical/AF35_CLINICAL_STATE_OCCUPANCY_DECOMPOSITION_v1/scripts/02_join.py	QA/OUTCOME_OPEN_EVENT.json	STATIC_LITERAL_NOT_COMPLETE_DEPENDENCY_PROOF
A006	scripts/06_clinical/AF35_CLINICAL_STATE_OCCUPANCY_DECOMPOSITION_v1/scripts/02_join.py	_FEASIBILITY.tsv	STATIC_LITERAL_NOT_COMPLETE_DEPENDENCY_PROOF
A006	scripts/06_clinical/AF35_CLINICAL_STATE_OCCUPANCY_DECOMPOSITION_v1/scripts/02_join.py	_FREEZE_LOCK.json	STATIC_LITERAL_NOT_COMPLETE_DEPENDENCY_PROOF
A006	scripts/06_clinical/AF35_CLINICAL_STATE_OCCUPANCY_DECOMPOSITION_v1/scripts/02_join.py	_OUTCOME_FIREWALL_AUDIT.md	STATIC_LITERAL_NOT_COMPLETE_DEPENDENCY_PROOF
A006	scripts/06_clinical/AF35_CLINICAL_STATE_OCCUPANCY_DECOMPOSITION_v1/scripts/02_join.py	_OUTCOME_JOIN_TIMESTAMP.txt	STATIC_LITERAL_NOT_COMPLETE_DEPENDENCY_PROOF
A006	scripts/06_clinical/AF35_CLINICAL_STATE_OCCUPANCY_DECOMPOSITION_v1/scripts/02_join.py	_PATIENT_COMPONENTS_RESPONSE_BLIND.tsv	STATIC_LITERAL_NOT_COMPLETE_DEPENDENCY_PROOF
A006	scripts/06_clinical/AF35_CLINICAL_STATE_OCCUPANCY_DECOMPOSITION_v1/scripts/02_join.py	authority/03_processed_data/phase3/GSE235863_BARCODE_CLONOTYPE_STATE_PTPN22.tsv.gz	STATIC_LITERAL_NOT_COMPLETE_DEPENDENCY_PROOF
A006	scripts/06_clinical/AF35_CLINICAL_STATE_OCCUPANCY_DECOMPOSITION_v1/scripts/02_join.py	inputs/PATIENT_COMPONENTS_AFTER_RESPONSE_JOIN.tsv	STATIC_LITERAL_NOT_COMPLETE_DEPENDENCY_PROOF
A006	scripts/06_clinical/AF35_CLINICAL_STATE_OCCUPANCY_DECOMPOSITION_v1/scripts/02_join.py	inputs/PRETREATMENT_ELIGIBLE_CELLS_RESPONSE_BLIND.tsv	STATIC_LITERAL_NOT_COMPLETE_DEPENDENCY_PROOF
A006	scripts/06_clinical/AF35_CLINICAL_STATE_OCCUPANCY_DECOMPOSITION_v1/scripts/02_join.py	inputs/RESPONSE_LABEL_MAP_AFTER_FREEZE.tsv	STATIC_LITERAL_NOT_COMPLETE_DEPENDENCY_PROOF
A007	scripts/06_clinical/AF35_CLINICAL_STATE_OCCUPANCY_DECOMPOSITION_v1/scripts/03_clinical.py	AF35_PATIENT_STATE_PROPORTIONS.tsv	STATIC_LITERAL_NOT_COMPLETE_DEPENDENCY_PROOF
A007	scripts/06_clinical/AF35_CLINICAL_STATE_OCCUPANCY_DECOMPOSITION_v1/scripts/03_clinical.py	AF35_STATE_EFFECTS_RESPONSE_BLIND.tsv	STATIC_LITERAL_NOT_COMPLETE_DEPENDENCY_PROOF
A007	scripts/06_clinical/AF35_CLINICAL_STATE_OCCUPANCY_DECOMPOSITION_v1/scripts/03_clinical.py	AF35_STATE_OCCUPANCY_CELLCOUNT_SENSITIVITY_DESIGN.tsv	STATIC_LITERAL_NOT_COMPLETE_DEPENDENCY_PROOF
A007	scripts/06_clinical/AF35_CLINICAL_STATE_OCCUPANCY_DECOMPOSITION_v1/scripts/03_clinical.py	QA/CLINICAL_COMPLETION_LOCK.json	STATIC_LITERAL_NOT_COMPLETE_DEPENDENCY_PROOF
A007	scripts/06_clinical/AF35_CLINICAL_STATE_OCCUPANCY_DECOMPOSITION_v1/scripts/03_clinical.py	QA/EXACT_IDENTITY_VERIFICATION.tsv	STATIC_LITERAL_NOT_COMPLETE_DEPENDENCY_PROOF
A007	scripts/06_clinical/AF35_CLINICAL_STATE_OCCUPANCY_DECOMPOSITION_v1/scripts/03_clinical.py	QA/EXACT_PERMUTATION_ASSIGNMENTS.tsv	STATIC_LITERAL_NOT_COMPLETE_DEPENDENCY_PROOF
A007	scripts/06_clinical/AF35_CLINICAL_STATE_OCCUPANCY_DECOMPOSITION_v1/scripts/03_clinical.py	_*.tsv	STATIC_LITERAL_NOT_COMPLETE_DEPENDENCY_PROOF
A007	scripts/06_clinical/AF35_CLINICAL_STATE_OCCUPANCY_DECOMPOSITION_v1/scripts/03_clinical.py	_BOOTSTRAP.tsv	STATIC_LITERAL_NOT_COMPLETE_DEPENDENCY_PROOF
A007	scripts/06_clinical/AF35_CLINICAL_STATE_OCCUPANCY_DECOMPOSITION_v1/scripts/03_clinical.py	_BOOTSTRAP_INDICES_ZERO_BASED.tsv	STATIC_LITERAL_NOT_COMPLETE_DEPENDENCY_PROOF
A007	scripts/06_clinical/AF35_CLINICAL_STATE_OCCUPANCY_DECOMPOSITION_v1/scripts/03_clinical.py	_BOOTSTRAP_PATIENT_ORDER.tsv	STATIC_LITERAL_NOT_COMPLETE_DEPENDENCY_PROOF
A007	scripts/06_clinical/AF35_CLINICAL_STATE_OCCUPANCY_DECOMPOSITION_v1/scripts/03_clinical.py	_BOOTSTRAP_SUMMARY.tsv	STATIC_LITERAL_NOT_COMPLETE_DEPENDENCY_PROOF
A007	scripts/06_clinical/AF35_CLINICAL_STATE_OCCUPANCY_DECOMPOSITION_v1/scripts/03_clinical.py	_CELLCOUNT_SENSITIVITY.tsv	STATIC_LITERAL_NOT_COMPLETE_DEPENDENCY_PROOF
A007	scripts/06_clinical/AF35_CLINICAL_STATE_OCCUPANCY_DECOMPOSITION_v1/scripts/03_clinical.py	_CLINICAL_DECOMPOSITION.tsv	STATIC_LITERAL_NOT_COMPLETE_DEPENDENCY_PROOF
A007	scripts/06_clinical/AF35_CLINICAL_STATE_OCCUPANCY_DECOMPOSITION_v1/scripts/03_clinical.py	_EXACT_PERMUTATION.tsv	STATIC_LITERAL_NOT_COMPLETE_DEPENDENCY_PROOF
A007	scripts/06_clinical/AF35_CLINICAL_STATE_OCCUPANCY_DECOMPOSITION_v1/scripts/03_clinical.py	_FEASIBILITY.tsv	STATIC_LITERAL_NOT_COMPLETE_DEPENDENCY_PROOF
A007	scripts/06_clinical/AF35_CLINICAL_STATE_OCCUPANCY_DECOMPOSITION_v1/scripts/03_clinical.py	_HEDGES_G.tsv	STATIC_LITERAL_NOT_COMPLETE_DEPENDENCY_PROOF
A007	scripts/06_clinical/AF35_CLINICAL_STATE_OCCUPANCY_DECOMPOSITION_v1/scripts/03_clinical.py	_SCIENTIFIC_INTERPRETATION.tsv	STATIC_LITERAL_NOT_COMPLETE_DEPENDENCY_PROOF
A007	scripts/06_clinical/AF35_CLINICAL_STATE_OCCUPANCY_DECOMPOSITION_v1/scripts/03_clinical.py	_STATE_CONTRIBUTIONS.tsv	STATIC_LITERAL_NOT_COMPLETE_DEPENDENCY_PROOF
A007	scripts/06_clinical/AF35_CLINICAL_STATE_OCCUPANCY_DECOMPOSITION_v1/scripts/03_clinical.py	inputs/CAPPED_PATIENT_COMPONENTS_RESPONSE_BLIND.tsv	STATIC_LITERAL_NOT_COMPLETE_DEPENDENCY_PROOF
A007	scripts/06_clinical/AF35_CLINICAL_STATE_OCCUPANCY_DECOMPOSITION_v1/scripts/03_clinical.py	inputs/PATIENT_COMPONENTS_AFTER_RESPONSE_JOIN.tsv	STATIC_LITERAL_NOT_COMPLETE_DEPENDENCY_PROOF
A009	scripts/06_clinical/AF35_CLONOTYPE_NEUTRALIZED_STATE_OCCUPANCY_v1/scripts/02_clinical.py	AF35_CLONE_NEUTRALIZATION_PATIENT_STATE_PROPORTIONS_RESPONSE_BLIND.tsv	STATIC_LITERAL_NOT_COMPLETE_DEPENDENCY_PROOF
A009	scripts/06_clinical/AF35_CLONOTYPE_NEUTRALIZED_STATE_OCCUPANCY_v1/scripts/02_clinical.py	AF35_STATE_OCCUPANCY_PATIENT_COMPONENTS_RESPONSE_BLIND.tsv	STATIC_LITERAL_NOT_COMPLETE_DEPENDENCY_PROOF
A009	scripts/06_clinical/AF35_CLONOTYPE_NEUTRALIZED_STATE_OCCUPANCY_v1/scripts/02_clinical.py	COMPLETE_SHA256_MANIFEST.tsv	STATIC_LITERAL_NOT_COMPLETE_DEPENDENCY_PROOF
A009	scripts/06_clinical/AF35_CLONOTYPE_NEUTRALIZED_STATE_OCCUPANCY_v1/scripts/02_clinical.py	QA/CLINICAL_COMPLETION_LOCK.json	STATIC_LITERAL_NOT_COMPLETE_DEPENDENCY_PROOF
A009	scripts/06_clinical/AF35_CLONOTYPE_NEUTRALIZED_STATE_OCCUPANCY_v1/scripts/02_clinical.py	QA/CLINICAL_EXACT_IDENTITY_VERIFICATION.tsv	STATIC_LITERAL_NOT_COMPLETE_DEPENDENCY_PROOF
A009	scripts/06_clinical/AF35_CLONOTYPE_NEUTRALIZED_STATE_OCCUPANCY_v1/scripts/02_clinical.py	QA/EXACT_PERMUTATION_ASSIGNMENTS.tsv	STATIC_LITERAL_NOT_COMPLETE_DEPENDENCY_PROOF
A009	scripts/06_clinical/AF35_CLONOTYPE_NEUTRALIZED_STATE_OCCUPANCY_v1/scripts/02_clinical.py	QA/OUTCOME_OPEN_EVENT.json	STATIC_LITERAL_NOT_COMPLETE_DEPENDENCY_PROOF
A009	scripts/06_clinical/AF35_CLONOTYPE_NEUTRALIZED_STATE_OCCUPANCY_v1/scripts/02_clinical.py	_*.tsv	STATIC_LITERAL_NOT_COMPLETE_DEPENDENCY_PROOF
A009	scripts/06_clinical/AF35_CLONOTYPE_NEUTRALIZED_STATE_OCCUPANCY_v1/scripts/02_clinical.py	_BOOTSTRAP.tsv	STATIC_LITERAL_NOT_COMPLETE_DEPENDENCY_PROOF
A009	scripts/06_clinical/AF35_CLONOTYPE_NEUTRALIZED_STATE_OCCUPANCY_v1/scripts/02_clinical.py	_BOOTSTRAP_SUMMARY.tsv	STATIC_LITERAL_NOT_COMPLETE_DEPENDENCY_PROOF
A009	scripts/06_clinical/AF35_CLONOTYPE_NEUTRALIZED_STATE_OCCUPANCY_v1/scripts/02_clinical.py	_CLINICAL_DECOMPOSITION.tsv	STATIC_LITERAL_NOT_COMPLETE_DEPENDENCY_PROOF
A009	scripts/06_clinical/AF35_CLONOTYPE_NEUTRALIZED_STATE_OCCUPANCY_v1/scripts/02_clinical.py	_EXACT_PERMUTATION.tsv	STATIC_LITERAL_NOT_COMPLETE_DEPENDENCY_PROOF
A009	scripts/06_clinical/AF35_CLONOTYPE_NEUTRALIZED_STATE_OCCUPANCY_v1/scripts/02_clinical.py	_FEASIBILITY.tsv	STATIC_LITERAL_NOT_COMPLETE_DEPENDENCY_PROOF
A009	scripts/06_clinical/AF35_CLONOTYPE_NEUTRALIZED_STATE_OCCUPANCY_v1/scripts/02_clinical.py	_FREEZE_LOCK.json	STATIC_LITERAL_NOT_COMPLETE_DEPENDENCY_PROOF
A009	scripts/06_clinical/AF35_CLONOTYPE_NEUTRALIZED_STATE_OCCUPANCY_v1/scripts/02_clinical.py	_K_BRIDGE.tsv	STATIC_LITERAL_NOT_COMPLETE_DEPENDENCY_PROOF
A009	scripts/06_clinical/AF35_CLONOTYPE_NEUTRALIZED_STATE_OCCUPANCY_v1/scripts/02_clinical.py	_K_BRIDGE_RESPONSE_BLIND.tsv	STATIC_LITERAL_NOT_COMPLETE_DEPENDENCY_PROOF
A009	scripts/06_clinical/AF35_CLONOTYPE_NEUTRALIZED_STATE_OCCUPANCY_v1/scripts/02_clinical.py	_OUTCOME_FIREWALL_AUDIT.md	STATIC_LITERAL_NOT_COMPLETE_DEPENDENCY_PROOF
A009	scripts/06_clinical/AF35_CLONOTYPE_NEUTRALIZED_STATE_OCCUPANCY_v1/scripts/02_clinical.py	_OUTCOME_JOIN_TIMESTAMP.txt	STATIC_LITERAL_NOT_COMPLETE_DEPENDENCY_PROOF
A009	scripts/06_clinical/AF35_CLONOTYPE_NEUTRALIZED_STATE_OCCUPANCY_v1/scripts/02_clinical.py	_PAIRED_CDR3_SENSITIVITY.tsv	STATIC_LITERAL_NOT_COMPLETE_DEPENDENCY_PROOF
A009	scripts/06_clinical/AF35_CLONOTYPE_NEUTRALIZED_STATE_OCCUPANCY_v1/scripts/02_clinical.py	_PATIENT_COMPONENTS_RESPONSE_BLIND.tsv	STATIC_LITERAL_NOT_COMPLETE_DEPENDENCY_PROOF
A009	scripts/06_clinical/AF35_CLONOTYPE_NEUTRALIZED_STATE_OCCUPANCY_v1/scripts/02_clinical.py	_SCIENTIFIC_INTERPRETATION.tsv	STATIC_LITERAL_NOT_COMPLETE_DEPENDENCY_PROOF
A009	scripts/06_clinical/AF35_CLONOTYPE_NEUTRALIZED_STATE_OCCUPANCY_v1/scripts/02_clinical.py	_STATE_CONTRIBUTIONS.tsv	STATIC_LITERAL_NOT_COMPLETE_DEPENDENCY_PROOF
A009	scripts/06_clinical/AF35_CLONOTYPE_NEUTRALIZED_STATE_OCCUPANCY_v1/scripts/02_clinical.py	_TCR_COVERAGE.tsv	STATIC_LITERAL_NOT_COMPLETE_DEPENDENCY_PROOF
A009	scripts/06_clinical/AF35_CLONOTYPE_NEUTRALIZED_STATE_OCCUPANCY_v1/scripts/02_clinical.py	authority/03_processed_data/phase3/GSE235863_BARCODE_CLONOTYPE_STATE_PTPN22.tsv.gz	STATIC_LITERAL_NOT_COMPLETE_DEPENDENCY_PROOF
A009	scripts/06_clinical/AF35_CLONOTYPE_NEUTRALIZED_STATE_OCCUPANCY_v1/scripts/02_clinical.py	inputs/BOOTSTRAP_INDICES_ZERO_BASED.tsv	STATIC_LITERAL_NOT_COMPLETE_DEPENDENCY_PROOF
A009	scripts/06_clinical/AF35_CLONOTYPE_NEUTRALIZED_STATE_OCCUPANCY_v1/scripts/02_clinical.py	inputs/BOOTSTRAP_PATIENT_ORDER.tsv	STATIC_LITERAL_NOT_COMPLETE_DEPENDENCY_PROOF
A009	scripts/06_clinical/AF35_CLONOTYPE_NEUTRALIZED_STATE_OCCUPANCY_v1/scripts/02_clinical.py	inputs/PAIRED_CDR3_PATIENT_COMPONENTS_RESPONSE_BLIND.tsv	STATIC_LITERAL_NOT_COMPLETE_DEPENDENCY_PROOF
A009	scripts/06_clinical/AF35_CLONOTYPE_NEUTRALIZED_STATE_OCCUPANCY_v1/scripts/02_clinical.py	inputs/PATIENT_COMPONENTS_AFTER_RESPONSE_JOIN.tsv	STATIC_LITERAL_NOT_COMPLETE_DEPENDENCY_PROOF
A009	scripts/06_clinical/AF35_CLONOTYPE_NEUTRALIZED_STATE_OCCUPANCY_v1/scripts/02_clinical.py	inputs/RELEASED_STATE_ORDER.tsv	STATIC_LITERAL_NOT_COMPLETE_DEPENDENCY_PROOF
A009	scripts/06_clinical/AF35_CLONOTYPE_NEUTRALIZED_STATE_OCCUPANCY_v1/scripts/02_clinical.py	inputs/RESPONSE_LABEL_MAP_AFTER_FREEZE.tsv	STATIC_LITERAL_NOT_COMPLETE_DEPENDENCY_PROOF
A009	scripts/06_clinical/AF35_CLONOTYPE_NEUTRALIZED_STATE_OCCUPANCY_v1/scripts/02_clinical.py	inputs\RESPONSE_LABEL_MAP_AFTER_FREEZE.tsv	STATIC_LITERAL_NOT_COMPLETE_DEPENDENCY_PROOF
A011	scripts/06_clinical/AF35_COMPONENT_ABLATION_ASSOCIATION_ROBUSTNESS_v1/01_freeze.py	*.md	STATIC_LITERAL_NOT_COMPLETE_DEPENDENCY_PROOF
A011	scripts/06_clinical/AF35_COMPONENT_ABLATION_ASSOCIATION_ROBUSTNESS_v1/01_freeze.py	*.tsv	STATIC_LITERAL_NOT_COMPLETE_DEPENDENCY_PROOF
A011	scripts/06_clinical/AF35_COMPONENT_ABLATION_ASSOCIATION_ROBUSTNESS_v1/01_freeze.py	.md	STATIC_LITERAL_NOT_COMPLETE_DEPENDENCY_PROOF
A011	scripts/06_clinical/AF35_COMPONENT_ABLATION_ASSOCIATION_ROBUSTNESS_v1/01_freeze.py	.tsv	STATIC_LITERAL_NOT_COMPLETE_DEPENDENCY_PROOF
A011	scripts/06_clinical/AF35_COMPONENT_ABLATION_ASSOCIATION_ROBUSTNESS_v1/01_freeze.py	01_metadata/clinical_translation/PTPN22_CLINICAL_AXES_FROZEN.tsv	STATIC_LITERAL_NOT_COMPLETE_DEPENDENCY_PROOF
A011	scripts/06_clinical/AF35_COMPONENT_ABLATION_ASSOCIATION_ROBUSTNESS_v1/01_freeze.py	01_metadata/phase15b_public_replication/GSE302495_PATIENT_RESPONSE_MAP.tsv	STATIC_LITERAL_NOT_COMPLETE_DEPENDENCY_PROOF
A011	scripts/06_clinical/AF35_COMPONENT_ABLATION_ASSOCIATION_ROBUSTNESS_v1/01_freeze.py	01_metadata/phase17_dual_strengthening/PHASE17_FILE_MANIFEST_SHA256.tsv	STATIC_LITERAL_NOT_COMPLETE_DEPENDENCY_PROOF
A011	scripts/06_clinical/AF35_COMPONENT_ABLATION_ASSOCIATION_ROBUSTNESS_v1/01_freeze.py	01_metadata/pretreatment_clinical_translation/ERP117672_PATIENT_RESPONSE_MAP.tsv	STATIC_LITERAL_NOT_COMPLETE_DEPENDENCY_PROOF
A011	scripts/06_clinical/AF35_COMPONENT_ABLATION_ASSOCIATION_ROBUSTNESS_v1/01_freeze.py	01_metadata/spatial_phase8/PTPN22_SPATIAL_PROGRAM_FROZEN_PROVENANCE.tsv	STATIC_LITERAL_NOT_COMPLETE_DEPENDENCY_PROOF
A011	scripts/06_clinical/AF35_COMPONENT_ABLATION_ASSOCIATION_ROBUSTNESS_v1/01_freeze.py	03_processed_data/phase15b_public_replication/GSE302495_RESPONSE_BLIND_MATRIX_AND_SCORES.rds	STATIC_LITERAL_NOT_COMPLETE_DEPENDENCY_PROOF
A011	scripts/06_clinical/AF35_COMPONENT_ABLATION_ASSOCIATION_ROBUSTNESS_v1/01_freeze.py	03_processed_data/pretreatment_clinical_translation/ERP117672_gene_expression_response_blind.rds	STATIC_LITERAL_NOT_COMPLETE_DEPENDENCY_PROOF
A011	scripts/06_clinical/AF35_COMPONENT_ABLATION_ASSOCIATION_ROBUSTNESS_v1/01_freeze.py	04_scripts/phase15c_public_benchmark/01_run_phase15c_benchmark.R	STATIC_LITERAL_NOT_COMPLETE_DEPENDENCY_PROOF
A011	scripts/06_clinical/AF35_COMPONENT_ABLATION_ASSOCIATION_ROBUSTNESS_v1/01_freeze.py	04_scripts/phase17_dual_strengthening/03_analyze_phase17b_outcome_blind.py	STATIC_LITERAL_NOT_COMPLETE_DEPENDENCY_PROOF
A011	scripts/06_clinical/AF35_COMPONENT_ABLATION_ASSOCIATION_ROBUSTNESS_v1/01_freeze.py	AF35_COMPONENT_ABLATION_PROTOCOL_FREEZE_v1.md	STATIC_LITERAL_NOT_COMPLETE_DEPENDENCY_PROOF
A011	scripts/06_clinical/AF35_COMPONENT_ABLATION_ASSOCIATION_ROBUSTNESS_v1/01_freeze.py	AF35_ORDERED_GENES.tsv	STATIC_LITERAL_NOT_COMPLETE_DEPENDENCY_PROOF
A011	scripts/06_clinical/AF35_COMPONENT_ABLATION_ASSOCIATION_ROBUSTNESS_v1/01_freeze.py	AF35_RANDOM_DROPOUT_SUBSET_MANIFEST.tsv	STATIC_LITERAL_NOT_COMPLETE_DEPENDENCY_PROOF
A011	scripts/06_clinical/AF35_COMPONENT_ABLATION_ASSOCIATION_ROBUSTNESS_v1/01_freeze.py	AF35_SINGLE_GENE_SUBSET_MANIFEST.tsv	STATIC_LITERAL_NOT_COMPLETE_DEPENDENCY_PROOF
A011	scripts/06_clinical/AF35_COMPONENT_ABLATION_ASSOCIATION_ROBUSTNESS_v1/01_freeze.py	AF35_SOURCE_BINDING_AUDIT.tsv	STATIC_LITERAL_NOT_COMPLETE_DEPENDENCY_PROOF
A011	scripts/06_clinical/AF35_COMPONENT_ABLATION_ASSOCIATION_ROBUSTNESS_v1/01_freeze.py	AF35_SUBSET_MANIFEST_SHA256.tsv	STATIC_LITERAL_NOT_COMPLETE_DEPENDENCY_PROOF
A011	scripts/06_clinical/AF35_COMPONENT_ABLATION_ASSOCIATION_ROBUSTNESS_v1/01_freeze.py	ERP117672_PATIENT_RESPONSE_MAP.tsv	STATIC_LITERAL_NOT_COMPLETE_DEPENDENCY_PROOF
A011	scripts/06_clinical/AF35_COMPONENT_ABLATION_ASSOCIATION_ROBUSTNESS_v1/01_freeze.py	ERP117672_gene_expression_response_blind.rds	STATIC_LITERAL_NOT_COMPLETE_DEPENDENCY_PROOF
A011	scripts/06_clinical/AF35_COMPONENT_ABLATION_ASSOCIATION_ROBUSTNESS_v1/01_freeze.py	FREEZE_LOCK.json	STATIC_LITERAL_NOT_COMPLETE_DEPENDENCY_PROOF
A011	scripts/06_clinical/AF35_COMPONENT_ABLATION_ASSOCIATION_ROBUSTNESS_v1/01_freeze.py	GSE302495_PATIENT_RESPONSE_MAP.tsv	STATIC_LITERAL_NOT_COMPLETE_DEPENDENCY_PROOF
A011	scripts/06_clinical/AF35_COMPONENT_ABLATION_ASSOCIATION_ROBUSTNESS_v1/01_freeze.py	GSE302495_RESPONSE_BLIND_MATRIX_AND_SCORES.rds	STATIC_LITERAL_NOT_COMPLETE_DEPENDENCY_PROOF
A011	scripts/06_clinical/AF35_COMPONENT_ABLATION_ASSOCIATION_ROBUSTNESS_v1/01_freeze.py	HCC_ICI_LATEST_PROJECT_CHECKPOINT.md	STATIC_LITERAL_NOT_COMPLETE_DEPENDENCY_PROOF
A011	scripts/06_clinical/AF35_COMPONENT_ABLATION_ASSOCIATION_ROBUSTNESS_v1/01_freeze.py	HCC_ICI_checkpoint_2026-08-31_v19_FINAL_PREWRITING_STRENGTHENING_FREEZE.md	STATIC_LITERAL_NOT_COMPLETE_DEPENDENCY_PROOF
A011	scripts/06_clinical/AF35_COMPONENT_ABLATION_ASSOCIATION_ROBUSTNESS_v1/01_freeze.py	HCC_ICI_checkpoint_2026-08-31_v20_CONTROLLED_MANUSCRIPT_CONSTRUCTION_FREEZE.md	STATIC_LITERAL_NOT_COMPLETE_DEPENDENCY_PROOF
A011	scripts/06_clinical/AF35_COMPONENT_ABLATION_ASSOCIATION_ROBUSTNESS_v1/01_freeze.py	PROTECTED_EXISTING_FILE_INVENTORY.tsv	STATIC_LITERAL_NOT_COMPLETE_DEPENDENCY_PROOF
A011	scripts/06_clinical/AF35_COMPONENT_ABLATION_ASSOCIATION_ROBUSTNESS_v1/01_freeze.py	PROTECTED_INPUT_SHA256_BEFORE.tsv	STATIC_LITERAL_NOT_COMPLETE_DEPENDENCY_PROOF
A011	scripts/06_clinical/AF35_COMPONENT_ABLATION_ASSOCIATION_ROBUSTNESS_v1/01_freeze.py	USER_AUTHORIZATION.txt	STATIC_LITERAL_NOT_COMPLETE_DEPENDENCY_PROOF
A011	scripts/06_clinical/AF35_COMPONENT_ABLATION_ASSOCIATION_ROBUSTNESS_v1/01_freeze.py	_UNIVARIATE_BENCHMARK_EFFECTS.tsv	STATIC_LITERAL_NOT_COMPLETE_DEPENDENCY_PROOF
A011	scripts/06_clinical/AF35_COMPONENT_ABLATION_ASSOCIATION_ROBUSTNESS_v1/01_freeze.py	private_dependencies/unavailable_protocol.txt	STATIC_LITERAL_NOT_COMPLETE_DEPENDENCY_PROOF
A012	scripts/06_clinical/AF35_COMPONENT_ABLATION_ASSOCIATION_ROBUSTNESS_v1/05_analyze.py	AF35_COMPONENT_ROBUSTNESS_INTERPRETATION.tsv	STATIC_LITERAL_NOT_COMPLETE_DEPENDENCY_PROOF
A012	scripts/06_clinical/AF35_COMPONENT_ABLATION_ASSOCIATION_ROBUSTNESS_v1/05_analyze.py	AF35_CROSS_COHORT_DELETION_DIRECTIONS.tsv	STATIC_LITERAL_NOT_COMPLETE_DEPENDENCY_PROOF
A012	scripts/06_clinical/AF35_COMPONENT_ABLATION_ASSOCIATION_ROBUSTNESS_v1/05_analyze.py	AF35_FULL_SCORE_EFFECT_REPRODUCTION.tsv	STATIC_LITERAL_NOT_COMPLETE_DEPENDENCY_PROOF
A012	scripts/06_clinical/AF35_COMPONENT_ABLATION_ASSOCIATION_ROBUSTNESS_v1/05_analyze.py	AF35_ORDERED_GENES.tsv	STATIC_LITERAL_NOT_COMPLETE_DEPENDENCY_PROOF
A012	scripts/06_clinical/AF35_COMPONENT_ABLATION_ASSOCIATION_ROBUSTNESS_v1/05_analyze.py	AF35_PTPN22_CONDITIONAL_ASSOCIATION_SENSITIVITY.tsv	STATIC_LITERAL_NOT_COMPLETE_DEPENDENCY_PROOF
A012	scripts/06_clinical/AF35_COMPONENT_ABLATION_ASSOCIATION_ROBUSTNESS_v1/05_analyze.py	AF35_RANDOM_DROPOUT_ASSOCIATION_ROBUSTNESS.tsv	STATIC_LITERAL_NOT_COMPLETE_DEPENDENCY_PROOF
A012	scripts/06_clinical/AF35_COMPONENT_ABLATION_ASSOCIATION_ROBUSTNESS_v1/05_analyze.py	AF35_RANDOM_DROPOUT_SUBSET_MANIFEST.tsv	STATIC_LITERAL_NOT_COMPLETE_DEPENDENCY_PROOF
A012	scripts/06_clinical/AF35_COMPONENT_ABLATION_ASSOCIATION_ROBUSTNESS_v1/05_analyze.py	AF35_RANDOM_DROPOUT_SUMMARY.tsv	STATIC_LITERAL_NOT_COMPLETE_DEPENDENCY_PROOF
A012	scripts/06_clinical/AF35_COMPONENT_ABLATION_ASSOCIATION_ROBUSTNESS_v1/05_analyze.py	AF35_SINGLE_GENE_ASSOCIATION_ABLATION.tsv	STATIC_LITERAL_NOT_COMPLETE_DEPENDENCY_PROOF
A012	scripts/06_clinical/AF35_COMPONENT_ABLATION_ASSOCIATION_ROBUSTNESS_v1/05_analyze.py	AF35_SINGLE_GENE_SUBSET_MANIFEST.tsv	STATIC_LITERAL_NOT_COMPLETE_DEPENDENCY_PROOF
A012	scripts/06_clinical/AF35_COMPONENT_ABLATION_ASSOCIATION_ROBUSTNESS_v1/05_analyze.py	AF35_SINGLE_GENE_SUMMARY.tsv	STATIC_LITERAL_NOT_COMPLETE_DEPENDENCY_PROOF
A012	scripts/06_clinical/AF35_COMPONENT_ABLATION_ASSOCIATION_ROBUSTNESS_v1/05_analyze.py	FREEZE_LOCK.json	STATIC_LITERAL_NOT_COMPLETE_DEPENDENCY_PROOF
A012	scripts/06_clinical/AF35_COMPONENT_ABLATION_ASSOCIATION_ROBUSTNESS_v1/05_analyze.py	SCORING_RECOVERY_LOCK.json	STATIC_LITERAL_NOT_COMPLETE_DEPENDENCY_PROOF
A012	scripts/06_clinical/AF35_COMPONENT_ABLATION_ASSOCIATION_ROBUSTNESS_v1/05_analyze.py	_ANALYSIS_PATIENT_VALUES.tsv	STATIC_LITERAL_NOT_COMPLETE_DEPENDENCY_PROOF
A012	scripts/06_clinical/AF35_COMPONENT_ABLATION_ASSOCIATION_ROBUSTNESS_v1/05_analyze.py	_UNIVARIATE_BENCHMARK_EFFECTS.tsv	STATIC_LITERAL_NOT_COMPLETE_DEPENDENCY_PROOF
A013	scripts/03_AF35_measurement/AF35_FUNCTIONAL_ROLE_STATE_ARCHITECTURE_v1/scripts/00_initialize.py	01_metadata/phase17_dual_strengthening/PHASE17_FILE_MANIFEST_SHA256.tsv	STATIC_LITERAL_NOT_COMPLETE_DEPENDENCY_PROOF
A013	scripts/03_AF35_measurement/AF35_FUNCTIONAL_ROLE_STATE_ARCHITECTURE_v1/scripts/00_initialize.py	03_processed_data/phase3/GSE235863_nine_patients_scRNAseq_cd45_raw_counts.h5ad	STATIC_LITERAL_NOT_COMPLETE_DEPENDENCY_PROOF
A013	scripts/03_AF35_measurement/AF35_FUNCTIONAL_ROLE_STATE_ARCHITECTURE_v1/scripts/00_initialize.py	AF35_FUNCTIONAL_STATE_SOURCE_BINDINGS.tsv	STATIC_LITERAL_NOT_COMPLETE_DEPENDENCY_PROOF
A013	scripts/03_AF35_measurement/AF35_FUNCTIONAL_ROLE_STATE_ARCHITECTURE_v1/scripts/00_initialize.py	AF35_ORDERED_GENES.tsv	STATIC_LITERAL_NOT_COMPLETE_DEPENDENCY_PROOF
A013	scripts/03_AF35_measurement/AF35_FUNCTIONAL_ROLE_STATE_ARCHITECTURE_v1/scripts/00_initialize.py	AF35_PROGRAM_COHERENCE_FREEZE_LOCK.json	STATIC_LITERAL_NOT_COMPLETE_DEPENDENCY_PROOF
A013	scripts/03_AF35_measurement/AF35_FUNCTIONAL_ROLE_STATE_ARCHITECTURE_v1/scripts/00_initialize.py	COMPLETE_SHA256_MANIFEST.tsv	STATIC_LITERAL_NOT_COMPLETE_DEPENDENCY_PROOF
A013	scripts/03_AF35_measurement/AF35_FUNCTIONAL_ROLE_STATE_ARCHITECTURE_v1/scripts/00_initialize.py	QA/INITIALIZATION_LOCK.json	STATIC_LITERAL_NOT_COMPLETE_DEPENDENCY_PROOF
A013	scripts/03_AF35_measurement/AF35_FUNCTIONAL_ROLE_STATE_ARCHITECTURE_v1/scripts/00_initialize.py	QA/PROTECTED_BEFORE.tsv	STATIC_LITERAL_NOT_COMPLETE_DEPENDENCY_PROOF
A013	scripts/03_AF35_measurement/AF35_FUNCTIONAL_ROLE_STATE_ARCHITECTURE_v1/scripts/00_initialize.py	_GENE_Z_AND_FULL_SCORES_RESPONSE_BLIND.tsv	STATIC_LITERAL_NOT_COMPLETE_DEPENDENCY_PROOF
A013	scripts/03_AF35_measurement/AF35_FUNCTIONAL_ROLE_STATE_ARCHITECTURE_v1/scripts/00_initialize.py	_GENE_Z_RESPONSE_BLIND.tsv	STATIC_LITERAL_NOT_COMPLETE_DEPENDENCY_PROOF
A013	scripts/03_AF35_measurement/AF35_FUNCTIONAL_ROLE_STATE_ARCHITECTURE_v1/scripts/00_initialize.py	_PATIENT_IDS.tsv	STATIC_LITERAL_NOT_COMPLETE_DEPENDENCY_PROOF
A013	scripts/03_AF35_measurement/AF35_FUNCTIONAL_ROLE_STATE_ARCHITECTURE_v1/scripts/00_initialize.py	authority/01_metadata/phase19a_af35_clonotype/PHASE19A_AF35_RESPONSE_BLIND_PROJECTION_FREEZE.json	STATIC_LITERAL_NOT_COMPLETE_DEPENDENCY_PROOF
A013	scripts/03_AF35_measurement/AF35_FUNCTIONAL_ROLE_STATE_ARCHITECTURE_v1/scripts/00_initialize.py	authority/03_processed_data/phase19a_af35_clonotype/GSE235863_AF35_RESPONSE_BLIND_PROJECTION.npz	STATIC_LITERAL_NOT_COMPLETE_DEPENDENCY_PROOF
A013	scripts/03_AF35_measurement/AF35_FUNCTIONAL_ROLE_STATE_ARCHITECTURE_v1/scripts/00_initialize.py	authority/03_processed_data/phase3/GSE235863_BARCODE_CLONOTYPE_STATE_PTPN22.tsv.gz	STATIC_LITERAL_NOT_COMPLETE_DEPENDENCY_PROOF
A013	scripts/03_AF35_measurement/AF35_FUNCTIONAL_ROLE_STATE_ARCHITECTURE_v1/scripts/00_initialize.py	authority/USER_REQUEST.txt	STATIC_LITERAL_NOT_COMPLETE_DEPENDENCY_PROOF
A013	scripts/03_AF35_measurement/AF35_FUNCTIONAL_ROLE_STATE_ARCHITECTURE_v1/scripts/00_initialize.py	inputs/AF35_ORDERED_GENES.tsv	STATIC_LITERAL_NOT_COMPLETE_DEPENDENCY_PROOF
A013	scripts/03_AF35_measurement/AF35_FUNCTIONAL_ROLE_STATE_ARCHITECTURE_v1/scripts/00_initialize.py	private_dependencies/unavailable_protocol.txt	STATIC_LITERAL_NOT_COMPLETE_DEPENDENCY_PROOF
A014	scripts/03_AF35_measurement/AF35_FUNCTIONAL_ROLE_STATE_ARCHITECTURE_v1/scripts/03_molecular_and_state.py	.tsv	STATIC_LITERAL_NOT_COMPLETE_DEPENDENCY_PROOF
A014	scripts/03_AF35_measurement/AF35_FUNCTIONAL_ROLE_STATE_ARCHITECTURE_v1/scripts/03_molecular_and_state.py	03_processed_data/phase3/GSE235863_nine_patients_scRNAseq_cd45_raw_counts.h5ad	STATIC_LITERAL_NOT_COMPLETE_DEPENDENCY_PROOF
A014	scripts/03_AF35_measurement/AF35_FUNCTIONAL_ROLE_STATE_ARCHITECTURE_v1/scripts/03_molecular_and_state.py	AF35_*.tsv	STATIC_LITERAL_NOT_COMPLETE_DEPENDENCY_PROOF
A014	scripts/03_AF35_measurement/AF35_FUNCTIONAL_ROLE_STATE_ARCHITECTURE_v1/scripts/03_molecular_and_state.py	AF35_FUNCTIONAL_LAYER_PATIENT_STATE.tsv	STATIC_LITERAL_NOT_COMPLETE_DEPENDENCY_PROOF
A014	scripts/03_AF35_measurement/AF35_FUNCTIONAL_ROLE_STATE_ARCHITECTURE_v1/scripts/03_molecular_and_state.py	AF35_FUNCTIONAL_LAYER_STATE_SUMMARY.tsv	STATIC_LITERAL_NOT_COMPLETE_DEPENDENCY_PROOF
A014	scripts/03_AF35_measurement/AF35_FUNCTIONAL_ROLE_STATE_ARCHITECTURE_v1/scripts/03_molecular_and_state.py	AF35_FUNCTIONAL_STATE_FREEZE_LOCK.json	STATIC_LITERAL_NOT_COMPLETE_DEPENDENCY_PROOF
A014	scripts/03_AF35_measurement/AF35_FUNCTIONAL_ROLE_STATE_ARCHITECTURE_v1/scripts/03_molecular_and_state.py	AF35_INTERNAL_NETWORK_CROSS_COHORT.tsv	STATIC_LITERAL_NOT_COMPLETE_DEPENDENCY_PROOF
A014	scripts/03_AF35_measurement/AF35_FUNCTIONAL_ROLE_STATE_ARCHITECTURE_v1/scripts/03_molecular_and_state.py	AF35_INTERNAL_NETWORK_GENE_METRICS.tsv	STATIC_LITERAL_NOT_COMPLETE_DEPENDENCY_PROOF
A014	scripts/03_AF35_measurement/AF35_FUNCTIONAL_ROLE_STATE_ARCHITECTURE_v1/scripts/03_molecular_and_state.py	AF35_PTPN22_COUPLING_CONSERVATION.tsv	STATIC_LITERAL_NOT_COMPLETE_DEPENDENCY_PROOF
A014	scripts/03_AF35_measurement/AF35_FUNCTIONAL_ROLE_STATE_ARCHITECTURE_v1/scripts/03_molecular_and_state.py	AF35_PTPN22_FUNCTIONAL_LAYER_COUPLING.tsv	STATIC_LITERAL_NOT_COMPLETE_DEPENDENCY_PROOF
A014	scripts/03_AF35_measurement/AF35_FUNCTIONAL_ROLE_STATE_ARCHITECTURE_v1/scripts/03_molecular_and_state.py	AF35_PTPN22_GENE_COUPLING.tsv	STATIC_LITERAL_NOT_COMPLETE_DEPENDENCY_PROOF
A014	scripts/03_AF35_measurement/AF35_FUNCTIONAL_ROLE_STATE_ARCHITECTURE_v1/scripts/03_molecular_and_state.py	AF35_STATE_FROZEN_SCORE_PATIENT_STATE.tsv	STATIC_LITERAL_NOT_COMPLETE_DEPENDENCY_PROOF
A014	scripts/03_AF35_measurement/AF35_FUNCTIONAL_ROLE_STATE_ARCHITECTURE_v1/scripts/03_molecular_and_state.py	AF35_STATE_FROZEN_SCORE_SUMMARY.tsv	STATIC_LITERAL_NOT_COMPLETE_DEPENDENCY_PROOF
A014	scripts/03_AF35_measurement/AF35_FUNCTIONAL_ROLE_STATE_ARCHITECTURE_v1/scripts/03_molecular_and_state.py	AF35_STATE_LOCALIZATION_PATIENT_STATE.tsv	STATIC_LITERAL_NOT_COMPLETE_DEPENDENCY_PROOF
A014	scripts/03_AF35_measurement/AF35_FUNCTIONAL_ROLE_STATE_ARCHITECTURE_v1/scripts/03_molecular_and_state.py	AF35_STATE_LOCALIZATION_SUMMARY.tsv	STATIC_LITERAL_NOT_COMPLETE_DEPENDENCY_PROOF
A014	scripts/03_AF35_measurement/AF35_FUNCTIONAL_ROLE_STATE_ARCHITECTURE_v1/scripts/03_molecular_and_state.py	QA/FROZEN_SINGLE_CELL_AF35_REPRODUCTION.tsv	STATIC_LITERAL_NOT_COMPLETE_DEPENDENCY_PROOF
A014	scripts/03_AF35_measurement/AF35_FUNCTIONAL_ROLE_STATE_ARCHITECTURE_v1/scripts/03_molecular_and_state.py	QA/H5AD_INDEPENDENT_EXTRACTION_VERIFICATION.tsv	STATIC_LITERAL_NOT_COMPLETE_DEPENDENCY_PROOF
A014	scripts/03_AF35_measurement/AF35_FUNCTIONAL_ROLE_STATE_ARCHITECTURE_v1/scripts/03_molecular_and_state.py	QA/MOLECULAR_STATE_COMPLETION_LOCK.json	STATIC_LITERAL_NOT_COMPLETE_DEPENDENCY_PROOF
A014	scripts/03_AF35_measurement/AF35_FUNCTIONAL_ROLE_STATE_ARCHITECTURE_v1/scripts/03_molecular_and_state.py	_GENE_Z_AND_FULL_SCORES_RESPONSE_BLIND.tsv	STATIC_LITERAL_NOT_COMPLETE_DEPENDENCY_PROOF
A014	scripts/03_AF35_measurement/AF35_FUNCTIONAL_ROLE_STATE_ARCHITECTURE_v1/scripts/03_molecular_and_state.py	_GENE_Z_RESPONSE_BLIND.tsv	STATIC_LITERAL_NOT_COMPLETE_DEPENDENCY_PROOF
A014	scripts/03_AF35_measurement/AF35_FUNCTIONAL_ROLE_STATE_ARCHITECTURE_v1/scripts/03_molecular_and_state.py	_MOLECULAR_WITH_ANCHOR_RESPONSE_BLIND.tsv	STATIC_LITERAL_NOT_COMPLETE_DEPENDENCY_PROOF
A014	scripts/03_AF35_measurement/AF35_FUNCTIONAL_ROLE_STATE_ARCHITECTURE_v1/scripts/03_molecular_and_state.py	_PATIENT_IDS.tsv	STATIC_LITERAL_NOT_COMPLETE_DEPENDENCY_PROOF
A014	scripts/03_AF35_measurement/AF35_FUNCTIONAL_ROLE_STATE_ARCHITECTURE_v1/scripts/03_molecular_and_state.py	authority/03_processed_data/phase19a_af35_clonotype/GSE235863_AF35_RESPONSE_BLIND_PROJECTION.npz	STATIC_LITERAL_NOT_COMPLETE_DEPENDENCY_PROOF
A014	scripts/03_AF35_measurement/AF35_FUNCTIONAL_ROLE_STATE_ARCHITECTURE_v1/scripts/03_molecular_and_state.py	inputs/AF35_ORDERED_GENES.tsv	STATIC_LITERAL_NOT_COMPLETE_DEPENDENCY_PROOF
A014	scripts/03_AF35_measurement/AF35_FUNCTIONAL_ROLE_STATE_ARCHITECTURE_v1/scripts/03_molecular_and_state.py	inputs/CELL_AF35_RAW_COUNTS_AND_FROZEN_SCORE.tsv.gz	STATIC_LITERAL_NOT_COMPLETE_DEPENDENCY_PROOF
A014	scripts/03_AF35_measurement/AF35_FUNCTIONAL_ROLE_STATE_ARCHITECTURE_v1/scripts/03_molecular_and_state.py	inputs/GENE_LAYER_MEMBERSHIP.tsv	STATIC_LITERAL_NOT_COMPLETE_DEPENDENCY_PROOF
A014	scripts/03_AF35_measurement/AF35_FUNCTIONAL_ROLE_STATE_ARCHITECTURE_v1/scripts/03_molecular_and_state.py	inputs/RELEASED_STATE_ORDER.tsv	STATIC_LITERAL_NOT_COMPLETE_DEPENDENCY_PROOF
A014	scripts/03_AF35_measurement/AF35_FUNCTIONAL_ROLE_STATE_ARCHITECTURE_v1/scripts/03_molecular_and_state.py	inputs/TCR_CELL_METADATA_RESPONSE_BLIND.tsv	STATIC_LITERAL_NOT_COMPLETE_DEPENDENCY_PROOF
A015	scripts/07_perturbation/AF35_FUNCTIONAL_ROLE_STATE_ARCHITECTURE_v1/scripts/04_recover_frozen_perturbation.py	04_scripts/phase17_dual_strengthening/02_analyze_phase17a.py	STATIC_LITERAL_NOT_COMPLETE_DEPENDENCY_PROOF
A015	scripts/07_perturbation/AF35_FUNCTIONAL_ROLE_STATE_ARCHITECTURE_v1/scripts/04_recover_frozen_perturbation.py	05_results/phase17a_public_perturbation/PHASE17A_ANALYSIS_METHOD_FREEZE.md	STATIC_LITERAL_NOT_COMPLETE_DEPENDENCY_PROOF
A015	scripts/07_perturbation/AF35_FUNCTIONAL_ROLE_STATE_ARCHITECTURE_v1/scripts/04_recover_frozen_perturbation.py	05_results/tables/phase17a_public_perturbation/PHASE17A_GSE314342_PROGRAM_EFFECTS.tsv	STATIC_LITERAL_NOT_COMPLETE_DEPENDENCY_PROOF
A015	scripts/07_perturbation/AF35_FUNCTIONAL_ROLE_STATE_ARCHITECTURE_v1/scripts/04_recover_frozen_perturbation.py	AF35_PTPN22_PERTURBATION_GENE_EFFECTS.tsv	STATIC_LITERAL_NOT_COMPLETE_DEPENDENCY_PROOF
A015	scripts/07_perturbation/AF35_FUNCTIONAL_ROLE_STATE_ARCHITECTURE_v1/scripts/04_recover_frozen_perturbation.py	AF35_PTPN22_PERTURBATION_RECOVERY_AUDIT.md	STATIC_LITERAL_NOT_COMPLETE_DEPENDENCY_PROOF
A015	scripts/07_perturbation/AF35_FUNCTIONAL_ROLE_STATE_ARCHITECTURE_v1/scripts/04_recover_frozen_perturbation.py	PHASE17A_ANALYSIS_RESULTS.json	STATIC_LITERAL_NOT_COMPLETE_DEPENDENCY_PROOF
A015	scripts/07_perturbation/AF35_FUNCTIONAL_ROLE_STATE_ARCHITECTURE_v1/scripts/04_recover_frozen_perturbation.py	QA/PERTURBATION_FROZEN_AGGREGATE_VERIFICATION.tsv	STATIC_LITERAL_NOT_COMPLETE_DEPENDENCY_PROOF
A015	scripts/07_perturbation/AF35_FUNCTIONAL_ROLE_STATE_ARCHITECTURE_v1/scripts/04_recover_frozen_perturbation.py	QA/PERTURBATION_RECOVERY_LOCK.json	STATIC_LITERAL_NOT_COMPLETE_DEPENDENCY_PROOF
A015	scripts/07_perturbation/AF35_FUNCTIONAL_ROLE_STATE_ARCHITECTURE_v1/scripts/04_recover_frozen_perturbation.py	QA/PERTURBATION_SOURCE_BINDINGS.tsv	STATIC_LITERAL_NOT_COMPLETE_DEPENDENCY_PROOF
A015	scripts/07_perturbation/AF35_FUNCTIONAL_ROLE_STATE_ARCHITECTURE_v1/scripts/04_recover_frozen_perturbation.py	QA/PROTECTED_BEFORE.tsv	STATIC_LITERAL_NOT_COMPLETE_DEPENDENCY_PROOF
A015	scripts/07_perturbation/AF35_FUNCTIONAL_ROLE_STATE_ARCHITECTURE_v1/scripts/04_recover_frozen_perturbation.py	inputs/AF35_ORDERED_GENES.tsv	STATIC_LITERAL_NOT_COMPLETE_DEPENDENCY_PROOF
A016	scripts/04_clonotype/AF35_LONGITUDINAL_CLONAL_STATE_DYNAMICS_M2_CLEANROOM_v1/scripts/03_phaseA_molecular.py	.tsv	STATIC_LITERAL_NOT_COMPLETE_DEPENDENCY_PROOF
A016	scripts/04_clonotype/AF35_LONGITUDINAL_CLONAL_STATE_DYNAMICS_M2_CLEANROOM_v1/scripts/03_phaseA_molecular.py	AF35_CLONE_NEUTRALIZATION_CLINICAL_DECOMPOSITION.tsv	STATIC_LITERAL_NOT_COMPLETE_DEPENDENCY_PROOF
A016	scripts/04_clonotype/AF35_LONGITUDINAL_CLONAL_STATE_DYNAMICS_M2_CLEANROOM_v1/scripts/03_phaseA_molecular.py	AF35_LONGITUDINAL_CLONAL_STATE_DYNAMICS_v1/README.md	STATIC_LITERAL_NOT_COMPLETE_DEPENDENCY_PROOF
A016	scripts/04_clonotype/AF35_LONGITUDINAL_CLONAL_STATE_DYNAMICS_M2_CLEANROOM_v1/scripts/03_phaseA_molecular.py	CLONE_STATE_DISTRIBUTIONS.tsv	STATIC_LITERAL_NOT_COMPLETE_DEPENDENCY_PROOF
A016	scripts/04_clonotype/AF35_LONGITUDINAL_CLONAL_STATE_DYNAMICS_M2_CLEANROOM_v1/scripts/03_phaseA_molecular.py	CLONE_STATE_POTENTIAL.tsv	STATIC_LITERAL_NOT_COMPLETE_DEPENDENCY_PROOF
A016	scripts/04_clonotype/AF35_LONGITUDINAL_CLONAL_STATE_DYNAMICS_M2_CLEANROOM_v1/scripts/03_phaseA_molecular.py	K_FROZEN_ALPHA.tsv	STATIC_LITERAL_NOT_COMPLETE_DEPENDENCY_PROOF
A016	scripts/04_clonotype/AF35_LONGITUDINAL_CLONAL_STATE_DYNAMICS_M2_CLEANROOM_v1/scripts/03_phaseA_molecular.py	MOLECULAR_CELLS.tsv	STATIC_LITERAL_NOT_COMPLETE_DEPENDENCY_PROOF
A016	scripts/04_clonotype/AF35_LONGITUDINAL_CLONAL_STATE_DYNAMICS_M2_CLEANROOM_v1/scripts/03_phaseA_molecular.py	MOLECULAR_COMPLETION.json	STATIC_LITERAL_NOT_COMPLETE_DEPENDENCY_PROOF
A016	scripts/04_clonotype/AF35_LONGITUDINAL_CLONAL_STATE_DYNAMICS_M2_CLEANROOM_v1/scripts/03_phaseA_molecular.py	PAIRED_MOLECULAR_CELLS.tsv	STATIC_LITERAL_NOT_COMPLETE_DEPENDENCY_PROOF
A016	scripts/04_clonotype/AF35_LONGITUDINAL_CLONAL_STATE_DYNAMICS_M2_CLEANROOM_v1/scripts/03_phaseA_molecular.py	PATIENT_STATE_PROPORTIONS.tsv	STATIC_LITERAL_NOT_COMPLETE_DEPENDENCY_PROOF
A016	scripts/04_clonotype/AF35_LONGITUDINAL_CLONAL_STATE_DYNAMICS_M2_CLEANROOM_v1/scripts/03_phaseA_molecular.py	PHASEA_FILE_ACCESS_LOG.tsv	STATIC_LITERAL_NOT_COMPLETE_DEPENDENCY_PROOF
A016	scripts/04_clonotype/AF35_LONGITUDINAL_CLONAL_STATE_DYNAMICS_M2_CLEANROOM_v1/scripts/03_phaseA_molecular.py	RELEASED_STATE_ORDER.tsv	STATIC_LITERAL_NOT_COMPLETE_DEPENDENCY_PROOF
A016	scripts/04_clonotype/AF35_LONGITUDINAL_CLONAL_STATE_DYNAMICS_M2_CLEANROOM_v1/scripts/03_phaseA_molecular.py	RESPONSE.tsv	STATIC_LITERAL_NOT_COMPLETE_DEPENDENCY_PROOF
A016	scripts/04_clonotype/AF35_LONGITUDINAL_CLONAL_STATE_DYNAMICS_M2_CLEANROOM_v1/scripts/03_phaseA_molecular.py	SAME_CLONE_MEMORY_RESPONSE_BLIND.tsv	STATIC_LITERAL_NOT_COMPLETE_DEPENDENCY_PROOF
A016	scripts/04_clonotype/AF35_LONGITUDINAL_CLONAL_STATE_DYNAMICS_M2_CLEANROOM_v1/scripts/03_phaseA_molecular.py	SHARED_CLONE_COVERAGE.tsv	STATIC_LITERAL_NOT_COMPLETE_DEPENDENCY_PROOF
A016	scripts/04_clonotype/AF35_LONGITUDINAL_CLONAL_STATE_DYNAMICS_M2_CLEANROOM_v1/scripts/03_phaseA_molecular.py	SHARED_CLONE_POTENTIAL_VECTORS.tsv	STATIC_LITERAL_NOT_COMPLETE_DEPENDENCY_PROOF
A016	scripts/04_clonotype/AF35_LONGITUDINAL_CLONAL_STATE_DYNAMICS_M2_CLEANROOM_v1/scripts/03_phaseA_molecular.py	_OUTCOME_FREE_SAMPLE_MANIFEST.tsv	STATIC_LITERAL_NOT_COMPLETE_DEPENDENCY_PROOF
A016	scripts/04_clonotype/AF35_LONGITUDINAL_CLONAL_STATE_DYNAMICS_M2_CLEANROOM_v1/scripts/03_phaseA_molecular.py	_PATIENT_LONGITUDINAL_CHANGES_RESPONSE_BLIND.tsv	STATIC_LITERAL_NOT_COMPLETE_DEPENDENCY_PROOF
A016	scripts/04_clonotype/AF35_LONGITUDINAL_CLONAL_STATE_DYNAMICS_M2_CLEANROOM_v1/scripts/03_phaseA_molecular.py	_PATIENT_TIMEPOINT_COMPONENTS_RESPONSE_BLIND.tsv	STATIC_LITERAL_NOT_COMPLETE_DEPENDENCY_PROOF
A016	scripts/04_clonotype/AF35_LONGITUDINAL_CLONAL_STATE_DYNAMICS_M2_CLEANROOM_v1/scripts/03_phaseA_molecular.py	_SHARED_CLONE_METRICS_RESPONSE_BLIND.tsv	STATIC_LITERAL_NOT_COMPLETE_DEPENDENCY_PROOF
A016	scripts/04_clonotype/AF35_LONGITUDINAL_CLONAL_STATE_DYNAMICS_M2_CLEANROOM_v1/scripts/03_phaseA_molecular.py	_STATE_CONTRIBUTIONS_RESPONSE_BLIND.tsv	STATIC_LITERAL_NOT_COMPLETE_DEPENDENCY_PROOF
A017	scripts/06_clinical/AF35_LONGITUDINAL_CLONAL_STATE_DYNAMICS_M2_CLEANROOM_v1/scripts/06_phaseB_clinical.py	AF35_CLONE_NEUTRALIZATION_CLINICAL_DECOMPOSITION.tsv	STATIC_LITERAL_NOT_COMPLETE_DEPENDENCY_PROOF
A017	scripts/06_clinical/AF35_LONGITUDINAL_CLONAL_STATE_DYNAMICS_M2_CLEANROOM_v1/scripts/06_phaseB_clinical.py	CLINICAL_COMPLETION.json	STATIC_LITERAL_NOT_COMPLETE_DEPENDENCY_PROOF
A017	scripts/06_clinical/AF35_LONGITUDINAL_CLONAL_STATE_DYNAMICS_M2_CLEANROOM_v1/scripts/06_phaseB_clinical.py	COMPLETE_SHA256_MANIFEST.tsv	STATIC_LITERAL_NOT_COMPLETE_DEPENDENCY_PROOF
A017	scripts/06_clinical/AF35_LONGITUDINAL_CLONAL_STATE_DYNAMICS_M2_CLEANROOM_v1/scripts/06_phaseB_clinical.py	L_FROZEN_GROUP_BASELINE.tsv	STATIC_LITERAL_NOT_COMPLETE_DEPENDENCY_PROOF
A017	scripts/06_clinical/AF35_LONGITUDINAL_CLONAL_STATE_DYNAMICS_M2_CLEANROOM_v1/scripts/06_phaseB_clinical.py	L_IDENTITY_REFERENCE.tsv	STATIC_LITERAL_NOT_COMPLETE_DEPENDENCY_PROOF
A017	scripts/06_clinical/AF35_LONGITUDINAL_CLONAL_STATE_DYNAMICS_M2_CLEANROOM_v1/scripts/06_phaseB_clinical.py	PATIENT_CHANGES_AFTER_JOIN.tsv	STATIC_LITERAL_NOT_COMPLETE_DEPENDENCY_PROOF
A017	scripts/06_clinical/AF35_LONGITUDINAL_CLONAL_STATE_DYNAMICS_M2_CLEANROOM_v1/scripts/06_phaseB_clinical.py	PHASEB_START_EVENT.json	STATIC_LITERAL_NOT_COMPLETE_DEPENDENCY_PROOF
A017	scripts/06_clinical/AF35_LONGITUDINAL_CLONAL_STATE_DYNAMICS_M2_CLEANROOM_v1/scripts/06_phaseB_clinical.py	RESPONSE.tsv	STATIC_LITERAL_NOT_COMPLETE_DEPENDENCY_PROOF
A017	scripts/06_clinical/AF35_LONGITUDINAL_CLONAL_STATE_DYNAMICS_M2_CLEANROOM_v1/scripts/06_phaseB_clinical.py	RESPONSE_JOIN_COVERAGE.tsv	STATIC_LITERAL_NOT_COMPLETE_DEPENDENCY_PROOF
A017	scripts/06_clinical/AF35_LONGITUDINAL_CLONAL_STATE_DYNAMICS_M2_CLEANROOM_v1/scripts/06_phaseB_clinical.py	STATE_CONTRIBUTIONS.tsv	STATIC_LITERAL_NOT_COMPLETE_DEPENDENCY_PROOF
A017	scripts/06_clinical/AF35_LONGITUDINAL_CLONAL_STATE_DYNAMICS_M2_CLEANROOM_v1/scripts/06_phaseB_clinical.py	WITHIN_GROUP_LONGITUDINAL_DESCRIPTION.tsv	STATIC_LITERAL_NOT_COMPLETE_DEPENDENCY_PROOF
A017	scripts/06_clinical/AF35_LONGITUDINAL_CLONAL_STATE_DYNAMICS_M2_CLEANROOM_v1/scripts/06_phaseB_clinical.py	_BOOTSTRAP.tsv	STATIC_LITERAL_NOT_COMPLETE_DEPENDENCY_PROOF
A017	scripts/06_clinical/AF35_LONGITUDINAL_CLONAL_STATE_DYNAMICS_M2_CLEANROOM_v1/scripts/06_phaseB_clinical.py	_BOOTSTRAP_INDICES.tsv	STATIC_LITERAL_NOT_COMPLETE_DEPENDENCY_PROOF
A017	scripts/06_clinical/AF35_LONGITUDINAL_CLONAL_STATE_DYNAMICS_M2_CLEANROOM_v1/scripts/06_phaseB_clinical.py	_BOOTSTRAP_SUMMARY.tsv	STATIC_LITERAL_NOT_COMPLETE_DEPENDENCY_PROOF
A017	scripts/06_clinical/AF35_LONGITUDINAL_CLONAL_STATE_DYNAMICS_M2_CLEANROOM_v1/scripts/06_phaseB_clinical.py	_CLINICAL_LONGITUDINAL_CONTRASTS.tsv	STATIC_LITERAL_NOT_COMPLETE_DEPENDENCY_PROOF
A017	scripts/06_clinical/AF35_LONGITUDINAL_CLONAL_STATE_DYNAMICS_M2_CLEANROOM_v1/scripts/06_phaseB_clinical.py	_EXACT_PERMUTATION.tsv	STATIC_LITERAL_NOT_COMPLETE_DEPENDENCY_PROOF
A017	scripts/06_clinical/AF35_LONGITUDINAL_CLONAL_STATE_DYNAMICS_M2_CLEANROOM_v1/scripts/06_phaseB_clinical.py	_EXACT_PERMUTATION_DISTRIBUTION.tsv	STATIC_LITERAL_NOT_COMPLETE_DEPENDENCY_PROOF
A017	scripts/06_clinical/AF35_LONGITUDINAL_CLONAL_STATE_DYNAMICS_M2_CLEANROOM_v1/scripts/06_phaseB_clinical.py	_PATIENT_LONGITUDINAL_CHANGES_RESPONSE_BLIND.tsv	STATIC_LITERAL_NOT_COMPLETE_DEPENDENCY_PROOF
A017	scripts/06_clinical/AF35_LONGITUDINAL_CLONAL_STATE_DYNAMICS_M2_CLEANROOM_v1/scripts/06_phaseB_clinical.py	_PATIENT_ORDER.tsv	STATIC_LITERAL_NOT_COMPLETE_DEPENDENCY_PROOF
A017	scripts/06_clinical/AF35_LONGITUDINAL_CLONAL_STATE_DYNAMICS_M2_CLEANROOM_v1/scripts/06_phaseB_clinical.py	_PATIENT_TIMEPOINT_COMPONENTS_RESPONSE_BLIND.tsv	STATIC_LITERAL_NOT_COMPLETE_DEPENDENCY_PROOF
A017	scripts/06_clinical/AF35_LONGITUDINAL_CLONAL_STATE_DYNAMICS_M2_CLEANROOM_v1/scripts/06_phaseB_clinical.py	_PHASEA_COMPLETE_SHA256_MANIFEST.tsv	STATIC_LITERAL_NOT_COMPLETE_DEPENDENCY_PROOF
A017	scripts/06_clinical/AF35_LONGITUDINAL_CLONAL_STATE_DYNAMICS_M2_CLEANROOM_v1/scripts/06_phaseB_clinical.py	_PHASEA_FREEZE_LOCK.json	STATIC_LITERAL_NOT_COMPLETE_DEPENDENCY_PROOF
A017	scripts/06_clinical/AF35_LONGITUDINAL_CLONAL_STATE_DYNAMICS_M2_CLEANROOM_v1/scripts/06_phaseB_clinical.py	_PHASEB_RESPONSE_SOURCE_AUDIT.md	STATIC_LITERAL_NOT_COMPLETE_DEPENDENCY_PROOF
A017	scripts/06_clinical/AF35_LONGITUDINAL_CLONAL_STATE_DYNAMICS_M2_CLEANROOM_v1/scripts/06_phaseB_clinical.py	_SHARED_CLONE_CLINICAL.tsv	STATIC_LITERAL_NOT_COMPLETE_DEPENDENCY_PROOF
A017	scripts/06_clinical/AF35_LONGITUDINAL_CLONAL_STATE_DYNAMICS_M2_CLEANROOM_v1/scripts/06_phaseB_clinical.py	_SHARED_CLONE_METRICS_RESPONSE_BLIND.tsv	STATIC_LITERAL_NOT_COMPLETE_DEPENDENCY_PROOF
A017	scripts/06_clinical/AF35_LONGITUDINAL_CLONAL_STATE_DYNAMICS_M2_CLEANROOM_v1/scripts/06_phaseB_clinical.py	_STATE_CONTRIBUTIONS_RESPONSE_BLIND.tsv	STATIC_LITERAL_NOT_COMPLETE_DEPENDENCY_PROOF
A017	scripts/06_clinical/AF35_LONGITUDINAL_CLONAL_STATE_DYNAMICS_M2_CLEANROOM_v1/scripts/06_phaseB_clinical.py	inputs/RESPONSE_LABEL_MAP_AFTER_FREEZE.tsv	STATIC_LITERAL_NOT_COMPLETE_DEPENDENCY_PROOF
A018	scripts/04_clonotype/AF35_LONGITUDINAL_CLONAL_STATE_DYNAMICS_M2_CLEANROOM_v1/scripts/07_phaseB_verify.R	AF35_CLONE_NEUTRALIZATION_CLINICAL_DECOMPOSITION.tsv	STATIC_LITERAL_NOT_COMPLETE_DEPENDENCY_PROOF
A018	scripts/04_clonotype/AF35_LONGITUDINAL_CLONAL_STATE_DYNAMICS_M2_CLEANROOM_v1/scripts/07_phaseB_verify.R	AF35_M2_PATIENT_LONGITUDINAL_CHANGES_RESPONSE_BLIND.tsv	STATIC_LITERAL_NOT_COMPLETE_DEPENDENCY_PROOF
A018	scripts/04_clonotype/AF35_LONGITUDINAL_CLONAL_STATE_DYNAMICS_M2_CLEANROOM_v1/scripts/07_phaseB_verify.R	AF35_M2_PATIENT_TIMEPOINT_COMPONENTS_RESPONSE_BLIND.tsv	STATIC_LITERAL_NOT_COMPLETE_DEPENDENCY_PROOF
A018	scripts/04_clonotype/AF35_LONGITUDINAL_CLONAL_STATE_DYNAMICS_M2_CLEANROOM_v1/scripts/07_phaseB_verify.R	AF35_M2_PHASEA_COMPLETE_SHA256_MANIFEST.tsv	STATIC_LITERAL_NOT_COMPLETE_DEPENDENCY_PROOF
A018	scripts/04_clonotype/AF35_LONGITUDINAL_CLONAL_STATE_DYNAMICS_M2_CLEANROOM_v1/scripts/07_phaseB_verify.R	AF35_M2_PHASEA_FREEZE_LOCK.json	STATIC_LITERAL_NOT_COMPLETE_DEPENDENCY_PROOF
A018	scripts/04_clonotype/AF35_LONGITUDINAL_CLONAL_STATE_DYNAMICS_M2_CLEANROOM_v1/scripts/07_phaseB_verify.R	AF35_M2_SHARED_CLONE_CLINICAL.tsv	STATIC_LITERAL_NOT_COMPLETE_DEPENDENCY_PROOF
A018	scripts/04_clonotype/AF35_LONGITUDINAL_CLONAL_STATE_DYNAMICS_M2_CLEANROOM_v1/scripts/07_phaseB_verify.R	AF35_M2_SHARED_CLONE_METRICS_RESPONSE_BLIND.tsv	STATIC_LITERAL_NOT_COMPLETE_DEPENDENCY_PROOF
A018	scripts/04_clonotype/AF35_LONGITUDINAL_CLONAL_STATE_DYNAMICS_M2_CLEANROOM_v1/scripts/07_phaseB_verify.R	AF35_M2_STATE_CONTRIBUTIONS_RESPONSE_BLIND.tsv	STATIC_LITERAL_NOT_COMPLETE_DEPENDENCY_PROOF
A018	scripts/04_clonotype/AF35_LONGITUDINAL_CLONAL_STATE_DYNAMICS_M2_CLEANROOM_v1/scripts/07_phaseB_verify.R	L_FROZEN_GROUP_BASELINE.tsv	STATIC_LITERAL_NOT_COMPLETE_DEPENDENCY_PROOF
A018	scripts/04_clonotype/AF35_LONGITUDINAL_CLONAL_STATE_DYNAMICS_M2_CLEANROOM_v1/scripts/07_phaseB_verify.R	PATIENT_CHANGES_AFTER_JOIN.tsv	STATIC_LITERAL_NOT_COMPLETE_DEPENDENCY_PROOF
A018	scripts/04_clonotype/AF35_LONGITUDINAL_CLONAL_STATE_DYNAMICS_M2_CLEANROOM_v1/scripts/07_phaseB_verify.R	QA/INDEPENDENT_R_PHASEB_CHECKS.tsv	STATIC_LITERAL_NOT_COMPLETE_DEPENDENCY_PROOF
A018	scripts/04_clonotype/AF35_LONGITUDINAL_CLONAL_STATE_DYNAMICS_M2_CLEANROOM_v1/scripts/07_phaseB_verify.R	QA/PHASEB_START_EVENT.json	STATIC_LITERAL_NOT_COMPLETE_DEPENDENCY_PROOF
A018	scripts/04_clonotype/AF35_LONGITUDINAL_CLONAL_STATE_DYNAMICS_M2_CLEANROOM_v1/scripts/07_phaseB_verify.R	QA/R_PHASEB_SESSION_INFO.txt	STATIC_LITERAL_NOT_COMPLETE_DEPENDENCY_PROOF
A018	scripts/04_clonotype/AF35_LONGITUDINAL_CLONAL_STATE_DYNAMICS_M2_CLEANROOM_v1/scripts/07_phaseB_verify.R	RESPONSE.tsv	STATIC_LITERAL_NOT_COMPLETE_DEPENDENCY_PROOF
A018	scripts/04_clonotype/AF35_LONGITUDINAL_CLONAL_STATE_DYNAMICS_M2_CLEANROOM_v1/scripts/07_phaseB_verify.R	STATE_CONTRIBUTIONS.tsv	STATIC_LITERAL_NOT_COMPLETE_DEPENDENCY_PROOF
A018	scripts/04_clonotype/AF35_LONGITUDINAL_CLONAL_STATE_DYNAMICS_M2_CLEANROOM_v1/scripts/07_phaseB_verify.R	WITHIN_GROUP_LONGITUDINAL_DESCRIPTION.tsv	STATIC_LITERAL_NOT_COMPLETE_DEPENDENCY_PROOF
A018	scripts/04_clonotype/AF35_LONGITUDINAL_CLONAL_STATE_DYNAMICS_M2_CLEANROOM_v1/scripts/07_phaseB_verify.R	_BOOTSTRAP.tsv	STATIC_LITERAL_NOT_COMPLETE_DEPENDENCY_PROOF
A018	scripts/04_clonotype/AF35_LONGITUDINAL_CLONAL_STATE_DYNAMICS_M2_CLEANROOM_v1/scripts/07_phaseB_verify.R	_BOOTSTRAP_INDICES.tsv	STATIC_LITERAL_NOT_COMPLETE_DEPENDENCY_PROOF
A018	scripts/04_clonotype/AF35_LONGITUDINAL_CLONAL_STATE_DYNAMICS_M2_CLEANROOM_v1/scripts/07_phaseB_verify.R	_BOOTSTRAP_SUMMARY.tsv	STATIC_LITERAL_NOT_COMPLETE_DEPENDENCY_PROOF
A018	scripts/04_clonotype/AF35_LONGITUDINAL_CLONAL_STATE_DYNAMICS_M2_CLEANROOM_v1/scripts/07_phaseB_verify.R	_EXACT_PERMUTATION_DISTRIBUTION.tsv	STATIC_LITERAL_NOT_COMPLETE_DEPENDENCY_PROOF
A018	scripts/04_clonotype/AF35_LONGITUDINAL_CLONAL_STATE_DYNAMICS_M2_CLEANROOM_v1/scripts/07_phaseB_verify.R	_PATIENT_ORDER.tsv	STATIC_LITERAL_NOT_COMPLETE_DEPENDENCY_PROOF
A019	scripts/04_clonotype/AF35_LONGITUDINAL_CLONAL_STATE_DYNAMICS_M2_CLEANROOM_v1/scripts/common.py	_PHASEA_FREEZE_LOCK.json	STATIC_LITERAL_NOT_COMPLETE_DEPENDENCY_PROOF
A020	scripts/06_clinical/AF35_MATCHED_RANDOM_CLINICAL_NULL_v1/02_freeze_matched_programs.py	02_freeze_matched_programs.py	STATIC_LITERAL_NOT_COMPLETE_DEPENDENCY_PROOF
A020	scripts/06_clinical/AF35_MATCHED_RANDOM_CLINICAL_NULL_v1/02_freeze_matched_programs.py	AF35_MATCHED_NULL_MATCHING_FEATURES.tsv	STATIC_LITERAL_NOT_COMPLETE_DEPENDENCY_PROOF
A020	scripts/06_clinical/AF35_MATCHED_RANDOM_CLINICAL_NULL_v1/02_freeze_matched_programs.py	AF35_MATCHED_NULL_MATCHING_QC.md	STATIC_LITERAL_NOT_COMPLETE_DEPENDENCY_PROOF
A020	scripts/06_clinical/AF35_MATCHED_RANDOM_CLINICAL_NULL_v1/02_freeze_matched_programs.py	AF35_MATCHED_NULL_PROGRAM_MANIFEST.tsv	STATIC_LITERAL_NOT_COMPLETE_DEPENDENCY_PROOF
A020	scripts/06_clinical/AF35_MATCHED_RANDOM_CLINICAL_NULL_v1/02_freeze_matched_programs.py	AF35_MATCHED_NULL_PROTOCOL_FREEZE_v1.md	STATIC_LITERAL_NOT_COMPLETE_DEPENDENCY_PROOF
A020	scripts/06_clinical/AF35_MATCHED_RANDOM_CLINICAL_NULL_v1/02_freeze_matched_programs.py	AF35_ORDERED_GENES.tsv	STATIC_LITERAL_NOT_COMPLETE_DEPENDENCY_PROOF
A020	scripts/06_clinical/AF35_MATCHED_RANDOM_CLINICAL_NULL_v1/02_freeze_matched_programs.py	MATCHED_NEIGHBOR_POOLS.tsv	STATIC_LITERAL_NOT_COMPLETE_DEPENDENCY_PROOF
A020	scripts/06_clinical/AF35_MATCHED_RANDOM_CLINICAL_NULL_v1/02_freeze_matched_programs.py	MATCHED_PROGRAM_FREEZE_LOCK.json	STATIC_LITERAL_NOT_COMPLETE_DEPENDENCY_PROOF
A020	scripts/06_clinical/AF35_MATCHED_RANDOM_CLINICAL_NULL_v1/02_freeze_matched_programs.py	MATCHED_PROGRAM_MANIFEST_SHA256.tsv	STATIC_LITERAL_NOT_COMPLETE_DEPENDENCY_PROOF
A020	scripts/06_clinical/AF35_MATCHED_RANDOM_CLINICAL_NULL_v1/02_freeze_matched_programs.py	MATCHING_BALANCE_QC.tsv	STATIC_LITERAL_NOT_COMPLETE_DEPENDENCY_PROOF
A020	scripts/06_clinical/AF35_MATCHED_RANDOM_CLINICAL_NULL_v1/02_freeze_matched_programs.py	MATCHING_STANDARDIZATION_PARAMETERS.tsv	STATIC_LITERAL_NOT_COMPLETE_DEPENDENCY_PROOF
A020	scripts/06_clinical/AF35_MATCHED_RANDOM_CLINICAL_NULL_v1/02_freeze_matched_programs.py	POSITION_MATCHING_QC.tsv	STATIC_LITERAL_NOT_COMPLETE_DEPENDENCY_PROOF
A020	scripts/06_clinical/AF35_MATCHED_RANDOM_CLINICAL_NULL_v1/02_freeze_matched_programs.py	SCORING_AUTHORITY_LOCK.tsv	STATIC_LITERAL_NOT_COMPLETE_DEPENDENCY_PROOF
A020	scripts/06_clinical/AF35_MATCHED_RANDOM_CLINICAL_NULL_v1/02_freeze_matched_programs.py	SOURCE_GENE_FEATURES_RESPONSE_BLIND.tsv	STATIC_LITERAL_NOT_COMPLETE_DEPENDENCY_PROOF
A021	scripts/06_clinical/AF35_MATCHED_RANDOM_CLINICAL_NULL_v1/03_score_and_join.R	01_metadata/phase15b_public_replication/GSE302495_PATIENT_RESPONSE_MAP.tsv	STATIC_LITERAL_NOT_COMPLETE_DEPENDENCY_PROOF
A021	scripts/06_clinical/AF35_MATCHED_RANDOM_CLINICAL_NULL_v1/03_score_and_join.R	01_metadata/pretreatment_clinical_translation/ERP117672_PATIENT_RESPONSE_MAP.tsv	STATIC_LITERAL_NOT_COMPLETE_DEPENDENCY_PROOF
A021	scripts/06_clinical/AF35_MATCHED_RANDOM_CLINICAL_NULL_v1/03_score_and_join.R	05_results/tables/phase15b_public_replication/GSE302495_AF35_RECIST_ASSOCIATION.tsv	STATIC_LITERAL_NOT_COMPLETE_DEPENDENCY_PROOF
A021	scripts/06_clinical/AF35_MATCHED_RANDOM_CLINICAL_NULL_v1/03_score_and_join.R	05_results/tables/pretreatment_clinical_translation/ERP117672_AF_PROGRAM_RESPONSE_ASSOCIATION.tsv	STATIC_LITERAL_NOT_COMPLETE_DEPENDENCY_PROOF
A021	scripts/06_clinical/AF35_MATCHED_RANDOM_CLINICAL_NULL_v1/03_score_and_join.R	AF35_FULL_SCORE_EFFECT_REPRODUCTION.tsv	STATIC_LITERAL_NOT_COMPLETE_DEPENDENCY_PROOF
A021	scripts/06_clinical/AF35_MATCHED_RANDOM_CLINICAL_NULL_v1/03_score_and_join.R	AF35_MATCHED_NULL_PATIENT_PROGRAM_SCORES.tsv	STATIC_LITERAL_NOT_COMPLETE_DEPENDENCY_PROOF
A021	scripts/06_clinical/AF35_MATCHED_RANDOM_CLINICAL_NULL_v1/03_score_and_join.R	AF35_MATCHED_NULL_PATIENT_PROGRAM_SCORES_RESPONSE_BLIND.tsv	STATIC_LITERAL_NOT_COMPLETE_DEPENDENCY_PROOF
A021	scripts/06_clinical/AF35_MATCHED_RANDOM_CLINICAL_NULL_v1/03_score_and_join.R	AF35_MATCHED_NULL_PROGRAM_EFFECTS.tsv	STATIC_LITERAL_NOT_COMPLETE_DEPENDENCY_PROOF
A021	scripts/06_clinical/AF35_MATCHED_RANDOM_CLINICAL_NULL_v1/03_score_and_join.R	AF35_MATCHED_NULL_PROGRAM_MANIFEST.tsv	STATIC_LITERAL_NOT_COMPLETE_DEPENDENCY_PROOF
A021	scripts/06_clinical/AF35_MATCHED_RANDOM_CLINICAL_NULL_v1/03_score_and_join.R	AF35_ORDERED_GENES.tsv	STATIC_LITERAL_NOT_COMPLETE_DEPENDENCY_PROOF
A021	scripts/06_clinical/AF35_MATCHED_RANDOM_CLINICAL_NULL_v1/03_score_and_join.R	ANALYSIS_PATIENT_ELIGIBILITY.tsv	STATIC_LITERAL_NOT_COMPLETE_DEPENDENCY_PROOF
A021	scripts/06_clinical/AF35_MATCHED_RANDOM_CLINICAL_NULL_v1/03_score_and_join.R	EXPRESSION_MATRICES_RESPONSE_BLIND.rds	STATIC_LITERAL_NOT_COMPLETE_DEPENDENCY_PROOF
A021	scripts/06_clinical/AF35_MATCHED_RANDOM_CLINICAL_NULL_v1/03_score_and_join.R	MATCHED_PROGRAM_MANIFEST_SHA256.tsv	STATIC_LITERAL_NOT_COMPLETE_DEPENDENCY_PROOF
A021	scripts/06_clinical/AF35_MATCHED_RANDOM_CLINICAL_NULL_v1/03_score_and_join.R	OUTCOME_JOIN_TIMESTAMP.txt	STATIC_LITERAL_NOT_COMPLETE_DEPENDENCY_PROOF
A021	scripts/06_clinical/AF35_MATCHED_RANDOM_CLINICAL_NULL_v1/03_score_and_join.R	PATIENT_SCORE_FREEZE_SHA256.tsv	STATIC_LITERAL_NOT_COMPLETE_DEPENDENCY_PROOF
A021	scripts/06_clinical/AF35_MATCHED_RANDOM_CLINICAL_NULL_v1/03_score_and_join.R	SCORING_AUTHORITY_LOCK.tsv	STATIC_LITERAL_NOT_COMPLETE_DEPENDENCY_PROOF
A021	scripts/06_clinical/AF35_MATCHED_RANDOM_CLINICAL_NULL_v1/03_score_and_join.R	_SELECTED_TRANSFORMED_EXPRESSION.tsv	STATIC_LITERAL_NOT_COMPLETE_DEPENDENCY_PROOF
A022	scripts/06_clinical/AF35_MATCHED_RANDOM_CLINICAL_NULL_v1/04_summarize_and_verify.py	AF35_MATCHED_NULL_CROSS_COHORT.tsv	STATIC_LITERAL_NOT_COMPLETE_DEPENDENCY_PROOF
A022	scripts/06_clinical/AF35_MATCHED_RANDOM_CLINICAL_NULL_v1/04_summarize_and_verify.py	AF35_MATCHED_NULL_JOINT_SUMMARY.tsv	STATIC_LITERAL_NOT_COMPLETE_DEPENDENCY_PROOF
A022	scripts/06_clinical/AF35_MATCHED_RANDOM_CLINICAL_NULL_v1/04_summarize_and_verify.py	AF35_MATCHED_NULL_OUTCOME_FIREWALL_AUDIT.md	STATIC_LITERAL_NOT_COMPLETE_DEPENDENCY_PROOF
A022	scripts/06_clinical/AF35_MATCHED_RANDOM_CLINICAL_NULL_v1/04_summarize_and_verify.py	AF35_MATCHED_NULL_PATIENT_PROGRAM_SCORES.tsv	STATIC_LITERAL_NOT_COMPLETE_DEPENDENCY_PROOF
A022	scripts/06_clinical/AF35_MATCHED_RANDOM_CLINICAL_NULL_v1/04_summarize_and_verify.py	AF35_MATCHED_NULL_PRIMARY_SUMMARY.tsv	STATIC_LITERAL_NOT_COMPLETE_DEPENDENCY_PROOF
A022	scripts/06_clinical/AF35_MATCHED_RANDOM_CLINICAL_NULL_v1/04_summarize_and_verify.py	AF35_MATCHED_NULL_PROGRAM_EFFECTS.tsv	STATIC_LITERAL_NOT_COMPLETE_DEPENDENCY_PROOF
A022	scripts/06_clinical/AF35_MATCHED_RANDOM_CLINICAL_NULL_v1/04_summarize_and_verify.py	AF35_MATCHED_NULL_PROGRAM_MANIFEST.tsv	STATIC_LITERAL_NOT_COMPLETE_DEPENDENCY_PROOF
A022	scripts/06_clinical/AF35_MATCHED_RANDOM_CLINICAL_NULL_v1/04_summarize_and_verify.py	AF35_ORDERED_GENES.tsv	STATIC_LITERAL_NOT_COMPLETE_DEPENDENCY_PROOF
A022	scripts/06_clinical/AF35_MATCHED_RANDOM_CLINICAL_NULL_v1/04_summarize_and_verify.py	ANALYSIS_PATIENT_ELIGIBILITY.tsv	STATIC_LITERAL_NOT_COMPLETE_DEPENDENCY_PROOF
A022	scripts/06_clinical/AF35_MATCHED_RANDOM_CLINICAL_NULL_v1/04_summarize_and_verify.py	INDEPENDENT_NUMERIC_VERIFICATION.tsv	STATIC_LITERAL_NOT_COMPLETE_DEPENDENCY_PROOF
A022	scripts/06_clinical/AF35_MATCHED_RANDOM_CLINICAL_NULL_v1/04_summarize_and_verify.py	MATCHED_PROGRAM_FREEZE_LOCK.json	STATIC_LITERAL_NOT_COMPLETE_DEPENDENCY_PROOF
A022	scripts/06_clinical/AF35_MATCHED_RANDOM_CLINICAL_NULL_v1/04_summarize_and_verify.py	OUTCOME_JOIN_TIMESTAMP.txt	STATIC_LITERAL_NOT_COMPLETE_DEPENDENCY_PROOF
A022	scripts/06_clinical/AF35_MATCHED_RANDOM_CLINICAL_NULL_v1/04_summarize_and_verify.py	PATIENT_SCORE_FREEZE_SHA256.tsv	STATIC_LITERAL_NOT_COMPLETE_DEPENDENCY_PROOF
A022	scripts/06_clinical/AF35_MATCHED_RANDOM_CLINICAL_NULL_v1/04_summarize_and_verify.py	_SELECTED_TRANSFORMED_EXPRESSION.tsv	STATIC_LITERAL_NOT_COMPLETE_DEPENDENCY_PROOF
A023	scripts/03_AF35_measurement/AF35_RESPONSE_BLIND_PROGRAM_COHERENCE_v1/scripts/00_initialize.py	01_metadata/PHASE3_PTPN22_SPECIFICITY_COMPARATOR_PROGRAMS.tsv	STATIC_LITERAL_NOT_COMPLETE_DEPENDENCY_PROOF
A023	scripts/03_AF35_measurement/AF35_RESPONSE_BLIND_PROGRAM_COHERENCE_v1/scripts/00_initialize.py	01_metadata/phase15c_public_benchmark/PHASE15C_BENCHMARK_CONTRACT.tsv	STATIC_LITERAL_NOT_COMPLETE_DEPENDENCY_PROOF
A023	scripts/03_AF35_measurement/AF35_RESPONSE_BLIND_PROGRAM_COHERENCE_v1/scripts/00_initialize.py	03_processed_data/phase15b_public_replication/GSE302495_RESPONSE_BLIND_MATRIX_AND_SCORES.rds	STATIC_LITERAL_NOT_COMPLETE_DEPENDENCY_PROOF
A023	scripts/03_AF35_measurement/AF35_RESPONSE_BLIND_PROGRAM_COHERENCE_v1/scripts/00_initialize.py	03_processed_data/pretreatment_clinical_translation/ERP117672_gene_expression_response_blind.rds	STATIC_LITERAL_NOT_COMPLETE_DEPENDENCY_PROOF
A023	scripts/03_AF35_measurement/AF35_RESPONSE_BLIND_PROGRAM_COHERENCE_v1/scripts/00_initialize.py	04_scripts/phase15c_public_benchmark/01_run_phase15c_benchmark.R	STATIC_LITERAL_NOT_COMPLETE_DEPENDENCY_PROOF
A023	scripts/03_AF35_measurement/AF35_RESPONSE_BLIND_PROGRAM_COHERENCE_v1/scripts/00_initialize.py	AF35_MATCHED_NULL_PROGRAM_MANIFEST.tsv	STATIC_LITERAL_NOT_COMPLETE_DEPENDENCY_PROOF
A023	scripts/03_AF35_measurement/AF35_RESPONSE_BLIND_PROGRAM_COHERENCE_v1/scripts/00_initialize.py	AF35_ORDERED_GENES.tsv	STATIC_LITERAL_NOT_COMPLETE_DEPENDENCY_PROOF
A023	scripts/03_AF35_measurement/AF35_RESPONSE_BLIND_PROGRAM_COHERENCE_v1/scripts/00_initialize.py	COMPLETE_SHA256_MANIFEST.tsv	STATIC_LITERAL_NOT_COMPLETE_DEPENDENCY_PROOF
A023	scripts/03_AF35_measurement/AF35_RESPONSE_BLIND_PROGRAM_COHERENCE_v1/scripts/00_initialize.py	MATCHED_PROGRAM_FREEZE_LOCK.json	STATIC_LITERAL_NOT_COMPLETE_DEPENDENCY_PROOF
A023	scripts/03_AF35_measurement/AF35_RESPONSE_BLIND_PROGRAM_COHERENCE_v1/scripts/00_initialize.py	MOLECULAR_GEOMETRY_LOCK.json	STATIC_LITERAL_NOT_COMPLETE_DEPENDENCY_PROOF
A023	scripts/03_AF35_measurement/AF35_RESPONSE_BLIND_PROGRAM_COHERENCE_v1/scripts/00_initialize.py	OUTCOME_JOIN_TIMESTAMP.txt	STATIC_LITERAL_NOT_COMPLETE_DEPENDENCY_PROOF
A023	scripts/03_AF35_measurement/AF35_RESPONSE_BLIND_PROGRAM_COHERENCE_v1/scripts/00_initialize.py	PATIENT_SCORE_FREEZE_SHA256.tsv	STATIC_LITERAL_NOT_COMPLETE_DEPENDENCY_PROOF
A023	scripts/03_AF35_measurement/AF35_RESPONSE_BLIND_PROGRAM_COHERENCE_v1/scripts/00_initialize.py	QA/INITIALIZATION_LOCK.json	STATIC_LITERAL_NOT_COMPLETE_DEPENDENCY_PROOF
A023	scripts/03_AF35_measurement/AF35_RESPONSE_BLIND_PROGRAM_COHERENCE_v1/scripts/00_initialize.py	QA/PROTECTED_BEFORE.tsv	STATIC_LITERAL_NOT_COMPLETE_DEPENDENCY_PROOF
A023	scripts/03_AF35_measurement/AF35_RESPONSE_BLIND_PROGRAM_COHERENCE_v1/scripts/00_initialize.py	SCORING_AUTHORITY_LOCK.tsv	STATIC_LITERAL_NOT_COMPLETE_DEPENDENCY_PROOF
A023	scripts/03_AF35_measurement/AF35_RESPONSE_BLIND_PROGRAM_COHERENCE_v1/scripts/00_initialize.py	SCORING_RECOVERY_LOCK.json	STATIC_LITERAL_NOT_COMPLETE_DEPENDENCY_PROOF
A023	scripts/03_AF35_measurement/AF35_RESPONSE_BLIND_PROGRAM_COHERENCE_v1/scripts/00_initialize.py	SOURCE_BINDINGS.tsv	STATIC_LITERAL_NOT_COMPLETE_DEPENDENCY_PROOF
A023	scripts/03_AF35_measurement/AF35_RESPONSE_BLIND_PROGRAM_COHERENCE_v1/scripts/00_initialize.py	_GENE_Z_AND_FULL_SCORES_RESPONSE_BLIND.tsv	STATIC_LITERAL_NOT_COMPLETE_DEPENDENCY_PROOF
A023	scripts/03_AF35_measurement/AF35_RESPONSE_BLIND_PROGRAM_COHERENCE_v1/scripts/00_initialize.py	_MOLECULAR_INPUT_RESPONSE_BLIND.tsv	STATIC_LITERAL_NOT_COMPLETE_DEPENDENCY_PROOF
A023	scripts/03_AF35_measurement/AF35_RESPONSE_BLIND_PROGRAM_COHERENCE_v1/scripts/00_initialize.py	_PATIENT_IDS.tsv	STATIC_LITERAL_NOT_COMPLETE_DEPENDENCY_PROOF
A023	scripts/03_AF35_measurement/AF35_RESPONSE_BLIND_PROGRAM_COHERENCE_v1/scripts/00_initialize.py	_SELECTED_TRANSFORMED_EXPRESSION.tsv	STATIC_LITERAL_NOT_COMPLETE_DEPENDENCY_PROOF
A023	scripts/03_AF35_measurement/AF35_RESPONSE_BLIND_PROGRAM_COHERENCE_v1/scripts/00_initialize.py	_SOURCE_BINDING_AUDIT.tsv	STATIC_LITERAL_NOT_COMPLETE_DEPENDENCY_PROOF
A023	scripts/03_AF35_measurement/AF35_RESPONSE_BLIND_PROGRAM_COHERENCE_v1/scripts/00_initialize.py	authority/USER_REQUEST.txt	STATIC_LITERAL_NOT_COMPLETE_DEPENDENCY_PROOF
A023	scripts/03_AF35_measurement/AF35_RESPONSE_BLIND_PROGRAM_COHERENCE_v1/scripts/00_initialize.py	inputs/AF35_ORDERED_GENES.tsv	STATIC_LITERAL_NOT_COMPLETE_DEPENDENCY_PROOF
A023	scripts/03_AF35_measurement/AF35_RESPONSE_BLIND_PROGRAM_COHERENCE_v1/scripts/00_initialize.py	private_dependencies/unavailable_protocol.txt	STATIC_LITERAL_NOT_COMPLETE_DEPENDENCY_PROOF
A023	scripts/03_AF35_measurement/AF35_RESPONSE_BLIND_PROGRAM_COHERENCE_v1/scripts/00_initialize.py	scripts/02_geometry_response_blind.R	STATIC_LITERAL_NOT_COMPLETE_DEPENDENCY_PROOF
A024	scripts/03_AF35_measurement/AF35_RESPONSE_BLIND_PROGRAM_COHERENCE_v1/scripts/01_freeze_and_analyze.py	.tsv	STATIC_LITERAL_NOT_COMPLETE_DEPENDENCY_PROOF
A024	scripts/03_AF35_measurement/AF35_RESPONSE_BLIND_PROGRAM_COHERENCE_v1/scripts/01_freeze_and_analyze.py	AF35_MATCHED_NULL_PROGRAM_MANIFEST.tsv	STATIC_LITERAL_NOT_COMPLETE_DEPENDENCY_PROOF
A024	scripts/03_AF35_measurement/AF35_RESPONSE_BLIND_PROGRAM_COHERENCE_v1/scripts/01_freeze_and_analyze.py	MATCHED_PROGRAM_FREEZE_LOCK.json	STATIC_LITERAL_NOT_COMPLETE_DEPENDENCY_PROOF
A024	scripts/03_AF35_measurement/AF35_RESPONSE_BLIND_PROGRAM_COHERENCE_v1/scripts/01_freeze_and_analyze.py	OUTCOME_JOIN_TIMESTAMP.txt	STATIC_LITERAL_NOT_COMPLETE_DEPENDENCY_PROOF
A024	scripts/03_AF35_measurement/AF35_RESPONSE_BLIND_PROGRAM_COHERENCE_v1/scripts/01_freeze_and_analyze.py	QA/PRIMARY_COMPLETION_LOCK.json	STATIC_LITERAL_NOT_COMPLETE_DEPENDENCY_PROOF
A024	scripts/03_AF35_measurement/AF35_RESPONSE_BLIND_PROGRAM_COHERENCE_v1/scripts/01_freeze_and_analyze.py	_*.tsv	STATIC_LITERAL_NOT_COMPLETE_DEPENDENCY_PROOF
A024	scripts/03_AF35_measurement/AF35_RESPONSE_BLIND_PROGRAM_COHERENCE_v1/scripts/01_freeze_and_analyze.py	_FREEZE_LOCK.json	STATIC_LITERAL_NOT_COMPLETE_DEPENDENCY_PROOF
A024	scripts/03_AF35_measurement/AF35_RESPONSE_BLIND_PROGRAM_COHERENCE_v1/scripts/01_freeze_and_analyze.py	_GENE_Z_AND_FULL_SCORES_RESPONSE_BLIND.tsv	STATIC_LITERAL_NOT_COMPLETE_DEPENDENCY_PROOF
A024	scripts/03_AF35_measurement/AF35_RESPONSE_BLIND_PROGRAM_COHERENCE_v1/scripts/01_freeze_and_analyze.py	_GENE_Z_RESPONSE_BLIND.tsv	STATIC_LITERAL_NOT_COMPLETE_DEPENDENCY_PROOF
A024	scripts/03_AF35_measurement/AF35_RESPONSE_BLIND_PROGRAM_COHERENCE_v1/scripts/01_freeze_and_analyze.py	_OUTCOME_FIREWALL_AUDIT.md	STATIC_LITERAL_NOT_COMPLETE_DEPENDENCY_PROOF
A024	scripts/03_AF35_measurement/AF35_RESPONSE_BLIND_PROGRAM_COHERENCE_v1/scripts/01_freeze_and_analyze.py	_PATIENT_IDS.tsv	STATIC_LITERAL_NOT_COMPLETE_DEPENDENCY_PROOF
A024	scripts/03_AF35_measurement/AF35_RESPONSE_BLIND_PROGRAM_COHERENCE_v1/scripts/01_freeze_and_analyze.py	_PROTOCOL_FREEZE_v1.md	STATIC_LITERAL_NOT_COMPLETE_DEPENDENCY_PROOF
A024	scripts/03_AF35_measurement/AF35_RESPONSE_BLIND_PROGRAM_COHERENCE_v1/scripts/01_freeze_and_analyze.py	_RANDOM_REFERENCE_PROVENANCE.md	STATIC_LITERAL_NOT_COMPLETE_DEPENDENCY_PROOF
A024	scripts/03_AF35_measurement/AF35_RESPONSE_BLIND_PROGRAM_COHERENCE_v1/scripts/01_freeze_and_analyze.py	_SELECTED_TRANSFORMED_EXPRESSION.tsv	STATIC_LITERAL_NOT_COMPLETE_DEPENDENCY_PROOF
A024	scripts/03_AF35_measurement/AF35_RESPONSE_BLIND_PROGRAM_COHERENCE_v1/scripts/01_freeze_and_analyze.py	_SOURCE_BINDING_AUDIT.tsv	STATIC_LITERAL_NOT_COMPLETE_DEPENDENCY_PROOF
A024	scripts/03_AF35_measurement/AF35_RESPONSE_BLIND_PROGRAM_COHERENCE_v1/scripts/01_freeze_and_analyze.py	inputs/AF35_ORDERED_GENES.tsv	STATIC_LITERAL_NOT_COMPLETE_DEPENDENCY_PROOF
A024	scripts/03_AF35_measurement/AF35_RESPONSE_BLIND_PROGRAM_COHERENCE_v1/scripts/01_freeze_and_analyze.py	inputs/EXACT_ANALYSIS_B_RANDOM_PROGRAM_MANIFEST.tsv	STATIC_LITERAL_NOT_COMPLETE_DEPENDENCY_PROOF
A024	scripts/03_AF35_measurement/AF35_RESPONSE_BLIND_PROGRAM_COHERENCE_v1/scripts/01_freeze_and_analyze.py	inputs/SPLIT_HALF_PARTITION_MANIFEST.tsv	STATIC_LITERAL_NOT_COMPLETE_DEPENDENCY_PROOF
A024	scripts/03_AF35_measurement/AF35_RESPONSE_BLIND_PROGRAM_COHERENCE_v1/scripts/01_freeze_and_analyze.py	scripts/01_freeze_and_analyze.py	STATIC_LITERAL_NOT_COMPLETE_DEPENDENCY_PROOF
A025	scripts/06_clinical/CLINICAL_ANCHOR_READOUT_DECOMPOSITION_v1/scripts/03_paired_and_firth.R	01_metadata/phase15b_public_replication/GSE302495_PATIENT_RESPONSE_MAP.tsv	STATIC_LITERAL_NOT_COMPLETE_DEPENDENCY_PROOF
A025	scripts/06_clinical/CLINICAL_ANCHOR_READOUT_DECOMPOSITION_v1/scripts/03_paired_and_firth.R	01_metadata/pretreatment_clinical_translation/ERP117672_PATIENT_RESPONSE_MAP.tsv	STATIC_LITERAL_NOT_COMPLETE_DEPENDENCY_PROOF
A025	scripts/06_clinical/CLINICAL_ANCHOR_READOUT_DECOMPOSITION_v1/scripts/03_paired_and_firth.R	04_scripts/phase15c_public_benchmark/01_run_phase15c_benchmark.R	STATIC_LITERAL_NOT_COMPLETE_DEPENDENCY_PROOF
A025	scripts/06_clinical/CLINICAL_ANCHOR_READOUT_DECOMPOSITION_v1/scripts/03_paired_and_firth.R	ANCHOR_READOUT_CLINICAL_AUTHORITY_AUDIT.md	STATIC_LITERAL_NOT_COMPLETE_DEPENDENCY_PROOF
A025	scripts/06_clinical/CLINICAL_ANCHOR_READOUT_DECOMPOSITION_v1/scripts/03_paired_and_firth.R	MOLECULAR_GEOMETRY_LOCK.json	STATIC_LITERAL_NOT_COMPLETE_DEPENDENCY_PROOF
A025	scripts/06_clinical/CLINICAL_ANCHOR_READOUT_DECOMPOSITION_v1/scripts/03_paired_and_firth.R	_INDEX_PATIENT_MAP.tsv	STATIC_LITERAL_NOT_COMPLETE_DEPENDENCY_PROOF
A025	scripts/06_clinical/CLINICAL_ANCHOR_READOUT_DECOMPOSITION_v1/scripts/03_paired_and_firth.R	_MOLECULAR_INPUT_RESPONSE_BLIND.tsv	STATIC_LITERAL_NOT_COMPLETE_DEPENDENCY_PROOF
A025	scripts/06_clinical/CLINICAL_ANCHOR_READOUT_DECOMPOSITION_v1/scripts/03_paired_and_firth.R	_PAIRED_BOOTSTRAP_INDICES.tsv	STATIC_LITERAL_NOT_COMPLETE_DEPENDENCY_PROOF
A025	scripts/06_clinical/CLINICAL_ANCHOR_READOUT_DECOMPOSITION_v1/scripts/03_paired_and_firth.R	_PATIENT_ANALYSIS_INPUT.tsv	STATIC_LITERAL_NOT_COMPLETE_DEPENDENCY_PROOF
A025	scripts/06_clinical/CLINICAL_ANCHOR_READOUT_DECOMPOSITION_v1/scripts/03_paired_and_firth.R	_UNIVARIATE_BENCHMARK_EFFECTS.tsv	STATIC_LITERAL_NOT_COMPLETE_DEPENDENCY_PROOF
A025	scripts/06_clinical/CLINICAL_ANCHOR_READOUT_DECOMPOSITION_v1/scripts/03_paired_and_firth.R	logs/R_SESSION_INFO.txt	STATIC_LITERAL_NOT_COMPLETE_DEPENDENCY_PROOF
A025	scripts/06_clinical/CLINICAL_ANCHOR_READOUT_DECOMPOSITION_v1/scripts/03_paired_and_firth.R	qa/FROZEN_IMPLEMENTATION_RECOVERY.tsv	STATIC_LITERAL_NOT_COMPLETE_DEPENDENCY_PROOF
A025	scripts/06_clinical/CLINICAL_ANCHOR_READOUT_DECOMPOSITION_v1/scripts/03_paired_and_firth.R	tables/AF35_VS_PTPN22_PAIRED_DELTA_G.tsv	STATIC_LITERAL_NOT_COMPLETE_DEPENDENCY_PROOF
A025	scripts/06_clinical/CLINICAL_ANCHOR_READOUT_DECOMPOSITION_v1/scripts/03_paired_and_firth.R	tables/JOINT_FIRTH_FITS.rds	STATIC_LITERAL_NOT_COMPLETE_DEPENDENCY_PROOF
A025	scripts/06_clinical/CLINICAL_ANCHOR_READOUT_DECOMPOSITION_v1/scripts/03_paired_and_firth.R	tables/PAIRED_DELTA_G_BOOTSTRAP_DRAWS.tsv	STATIC_LITERAL_NOT_COMPLETE_DEPENDENCY_PROOF
A025	scripts/06_clinical/CLINICAL_ANCHOR_READOUT_DECOMPOSITION_v1/scripts/03_paired_and_firth.R	tables/PAIRED_DELTA_G_PATIENT_LOO.tsv	STATIC_LITERAL_NOT_COMPLETE_DEPENDENCY_PROOF
A025	scripts/06_clinical/CLINICAL_ANCHOR_READOUT_DECOMPOSITION_v1/scripts/03_paired_and_firth.R	tables/PTPN22_AF35_JOINT_FIRTH_SENSITIVITY.tsv	STATIC_LITERAL_NOT_COMPLETE_DEPENDENCY_PROOF
A026	scripts/04_clonotype/GSE235863_CLONE_STATE_DECOMPOSITION_v1/authority/04_scripts/phase19/02_phase19a_patient_analysis.py	01_metadata/phase19a_af35_clonotype/PHASE19A_AF35_RESPONSE_BLIND_PROJECTION_FREEZE.json	STATIC_LITERAL_NOT_COMPLETE_DEPENDENCY_PROOF
A026	scripts/04_clonotype/GSE235863_CLONE_STATE_DECOMPOSITION_v1/authority/04_scripts/phase19/02_phase19a_patient_analysis.py	03_processed_data/phase19a_af35_clonotype/GSE235863_AF35_RESPONSE_BLIND_PROJECTION.npz	STATIC_LITERAL_NOT_COMPLETE_DEPENDENCY_PROOF
A026	scripts/04_clonotype/GSE235863_CLONE_STATE_DECOMPOSITION_v1/authority/04_scripts/phase19/02_phase19a_patient_analysis.py	03_processed_data/phase3/GSE235863_BARCODE_CLONOTYPE_STATE_PTPN22.tsv.gz	STATIC_LITERAL_NOT_COMPLETE_DEPENDENCY_PROOF
A026	scripts/04_clonotype/GSE235863_CLONE_STATE_DECOMPOSITION_v1/authority/04_scripts/phase19/02_phase19a_patient_analysis.py	05_results/tables/temporal/GSE235863_BASELINE_CLONE_FATE_TABLE.tsv	STATIC_LITERAL_NOT_COMPLETE_DEPENDENCY_PROOF
A026	scripts/04_clonotype/GSE235863_CLONE_STATE_DECOMPOSITION_v1/authority/04_scripts/phase19/02_phase19a_patient_analysis.py	AF35_BASELINE_TO_FUTURE_OBSERVED_PATIENT_EFFECTS.tsv	STATIC_LITERAL_NOT_COMPLETE_DEPENDENCY_PROOF
A026	scripts/04_clonotype/GSE235863_CLONE_STATE_DECOMPOSITION_v1/authority/04_scripts/phase19/02_phase19a_patient_analysis.py	AF35_CLONOTYPE_TEMPORAL_SENSITIVITY.tsv	STATIC_LITERAL_NOT_COMPLETE_DEPENDENCY_PROOF
A026	scripts/04_clonotype/GSE235863_CLONE_STATE_DECOMPOSITION_v1/authority/04_scripts/phase19/02_phase19a_patient_analysis.py	AF35_EXPANDED_SINGLETON_PATIENT_EFFECTS.tsv	STATIC_LITERAL_NOT_COMPLETE_DEPENDENCY_PROOF
A026	scripts/04_clonotype/GSE235863_CLONE_STATE_DECOMPOSITION_v1/authority/04_scripts/phase19/02_phase19a_patient_analysis.py	AF35_PERSISTENT_NONPERSISTENT_PATIENT_EFFECTS.tsv	STATIC_LITERAL_NOT_COMPLETE_DEPENDENCY_PROOF
A026	scripts/04_clonotype/GSE235863_CLONE_STATE_DECOMPOSITION_v1/authority/04_scripts/phase19/02_phase19a_patient_analysis.py	PHASE19A_AF35_GENE_PROJECTION_PARAMETERS.tsv	STATIC_LITERAL_NOT_COMPLETE_DEPENDENCY_PROOF
A026	scripts/04_clonotype/GSE235863_CLONE_STATE_DECOMPOSITION_v1/authority/04_scripts/phase19/02_phase19a_patient_analysis.py	phase19a_summary.json	STATIC_LITERAL_NOT_COMPLETE_DEPENDENCY_PROOF
A026	scripts/04_clonotype/GSE235863_CLONE_STATE_DECOMPOSITION_v1/authority/04_scripts/phase19/02_phase19a_patient_analysis.py	phase19a_table_data.json	STATIC_LITERAL_NOT_COMPLETE_DEPENDENCY_PROOF
A027	scripts/04_clonotype/GSE235863_CLONE_STATE_DECOMPOSITION_v1/scripts/01_authority.py	*.md	STATIC_LITERAL_NOT_COMPLETE_DEPENDENCY_PROOF
A027	scripts/04_clonotype/GSE235863_CLONE_STATE_DECOMPOSITION_v1/scripts/01_authority.py	.json	STATIC_LITERAL_NOT_COMPLETE_DEPENDENCY_PROOF
A027	scripts/04_clonotype/GSE235863_CLONE_STATE_DECOMPOSITION_v1/scripts/01_authority.py	.md	STATIC_LITERAL_NOT_COMPLETE_DEPENDENCY_PROOF
A027	scripts/04_clonotype/GSE235863_CLONE_STATE_DECOMPOSITION_v1/scripts/01_authority.py	.py	STATIC_LITERAL_NOT_COMPLETE_DEPENDENCY_PROOF
A027	scripts/04_clonotype/GSE235863_CLONE_STATE_DECOMPOSITION_v1/scripts/01_authority.py	.tsv	STATIC_LITERAL_NOT_COMPLETE_DEPENDENCY_PROOF
A027	scripts/04_clonotype/GSE235863_CLONE_STATE_DECOMPOSITION_v1/scripts/01_authority.py	01_metadata/final_harmonization/GSE235863_TEMPORAL_COMPARTMENT_AUDIT.tsv	STATIC_LITERAL_NOT_COMPLETE_DEPENDENCY_PROOF
A027	scripts/04_clonotype/GSE235863_CLONE_STATE_DECOMPOSITION_v1/scripts/01_authority.py	01_metadata/phase19_final_prewriting/PHASE19_FILE_MANIFEST_SHA256.tsv	STATIC_LITERAL_NOT_COMPLETE_DEPENDENCY_PROOF
A027	scripts/04_clonotype/GSE235863_CLONE_STATE_DECOMPOSITION_v1/scripts/01_authority.py	01_metadata/phase19a_af35_clonotype/PHASE19A_AF35_RESPONSE_BLIND_PROJECTION_FREEZE.json	STATIC_LITERAL_NOT_COMPLETE_DEPENDENCY_PROOF
A027	scripts/04_clonotype/GSE235863_CLONE_STATE_DECOMPOSITION_v1/scripts/01_authority.py	01_metadata/phase19a_af35_clonotype/PHASE19A_AF35_SINGLE_CELL_PROJECTION_CONTRACT.md	STATIC_LITERAL_NOT_COMPLETE_DEPENDENCY_PROOF
A027	scripts/04_clonotype/GSE235863_CLONE_STATE_DECOMPOSITION_v1/scripts/01_authority.py	01_metadata/phase_temporal/GSE235863_V6_TEMPORAL_FREEZE_MANIFEST_SHA256.tsv	STATIC_LITERAL_NOT_COMPLETE_DEPENDENCY_PROOF
A027	scripts/04_clonotype/GSE235863_CLONE_STATE_DECOMPOSITION_v1/scripts/01_authority.py	03_processed_data/phase19a_af35_clonotype/GSE235863_AF35_RESPONSE_BLIND_PROJECTION.npz	STATIC_LITERAL_NOT_COMPLETE_DEPENDENCY_PROOF
A027	scripts/04_clonotype/GSE235863_CLONE_STATE_DECOMPOSITION_v1/scripts/01_authority.py	03_processed_data/phase3/GSE235863_BARCODE_CLONOTYPE_STATE_PTPN22.tsv.gz	STATIC_LITERAL_NOT_COMPLETE_DEPENDENCY_PROOF
A027	scripts/04_clonotype/GSE235863_CLONE_STATE_DECOMPOSITION_v1/scripts/01_authority.py	04_scripts/phase19/01_phase19a_response_blind_projection.py	STATIC_LITERAL_NOT_COMPLETE_DEPENDENCY_PROOF
A027	scripts/04_clonotype/GSE235863_CLONE_STATE_DECOMPOSITION_v1/scripts/01_authority.py	04_scripts/phase19/02_phase19a_patient_analysis.py	STATIC_LITERAL_NOT_COMPLETE_DEPENDENCY_PROOF
A027	scripts/04_clonotype/GSE235863_CLONE_STATE_DECOMPOSITION_v1/scripts/01_authority.py	04_scripts/phase3/03_independent_scrna_sctcr_clone_state.R	STATIC_LITERAL_NOT_COMPLETE_DEPENDENCY_PROOF
A027	scripts/04_clonotype/GSE235863_CLONE_STATE_DECOMPOSITION_v1/scripts/01_authority.py	04_scripts/phase_temporal/01_gse235863_baseline_future_clone_fate.R	STATIC_LITERAL_NOT_COMPLETE_DEPENDENCY_PROOF
A027	scripts/04_clonotype/GSE235863_CLONE_STATE_DECOMPOSITION_v1/scripts/01_authority.py	05_results/tables/phase19a_af35_clonotype/AF35_BASELINE_TO_FUTURE_OBSERVED_PATIENT_EFFECTS.tsv	STATIC_LITERAL_NOT_COMPLETE_DEPENDENCY_PROOF
A027	scripts/04_clonotype/GSE235863_CLONE_STATE_DECOMPOSITION_v1/scripts/01_authority.py	05_results/tables/phase19a_af35_clonotype/AF35_CLONOTYPE_TEMPORAL_SENSITIVITY.tsv	STATIC_LITERAL_NOT_COMPLETE_DEPENDENCY_PROOF
A027	scripts/04_clonotype/GSE235863_CLONE_STATE_DECOMPOSITION_v1/scripts/01_authority.py	05_results/tables/phase19a_af35_clonotype/AF35_EXPANDED_SINGLETON_PATIENT_EFFECTS.tsv	STATIC_LITERAL_NOT_COMPLETE_DEPENDENCY_PROOF
A027	scripts/04_clonotype/GSE235863_CLONE_STATE_DECOMPOSITION_v1/scripts/01_authority.py	05_results/tables/phase19a_af35_clonotype/AF35_PERSISTENT_NONPERSISTENT_PATIENT_EFFECTS.tsv	STATIC_LITERAL_NOT_COMPLETE_DEPENDENCY_PROOF
A027	scripts/04_clonotype/GSE235863_CLONE_STATE_DECOMPOSITION_v1/scripts/01_authority.py	05_results/tables/phase3/GSE235863_CLONE_PATIENT_SUMMARIES.tsv	STATIC_LITERAL_NOT_COMPLETE_DEPENDENCY_PROOF
A027	scripts/04_clonotype/GSE235863_CLONE_STATE_DECOMPOSITION_v1/scripts/01_authority.py	05_results/tables/phase3/GSE235863_WITHIN_PATIENT_CLONAL_ASSOCIATIONS.tsv	STATIC_LITERAL_NOT_COMPLETE_DEPENDENCY_PROOF
A027	scripts/04_clonotype/GSE235863_CLONE_STATE_DECOMPOSITION_v1/scripts/01_authority.py	05_results/tables/temporal/GSE235863_BASELINE_CLONE_FATE_TABLE.tsv	STATIC_LITERAL_NOT_COMPLETE_DEPENDENCY_PROOF
A027	scripts/04_clonotype/GSE235863_CLONE_STATE_DECOMPOSITION_v1/scripts/01_authority.py	05_results/temporal/GSE235863_LONGITUDINAL_CLONOTYPE_ID_AUDIT.md	STATIC_LITERAL_NOT_COMPLETE_DEPENDENCY_PROOF
A027	scripts/04_clonotype/GSE235863_CLONE_STATE_DECOMPOSITION_v1/scripts/01_authority.py	10_intermediate_files/phase19/phase19a_summary.json	STATIC_LITERAL_NOT_COMPLETE_DEPENDENCY_PROOF
A027	scripts/04_clonotype/GSE235863_CLONE_STATE_DECOMPOSITION_v1/scripts/01_authority.py	10_intermediate_files/phase19/phase19a_table_data.json	STATIC_LITERAL_NOT_COMPLETE_DEPENDENCY_PROOF
A027	scripts/04_clonotype/GSE235863_CLONE_STATE_DECOMPOSITION_v1/scripts/01_authority.py	CLONE_STATE_DECOMPOSITION_PROTOCOL.md	STATIC_LITERAL_NOT_COMPLETE_DEPENDENCY_PROOF
A027	scripts/04_clonotype/GSE235863_CLONE_STATE_DECOMPOSITION_v1/scripts/01_authority.py	FROZEN_PHASE19_NUMERIC_REPRODUCTION.tsv	STATIC_LITERAL_NOT_COMPLETE_DEPENDENCY_PROOF
A027	scripts/04_clonotype/GSE235863_CLONE_STATE_DECOMPOSITION_v1/scripts/01_authority.py	HISTORICAL_SOURCE_HASH_VERIFICATION.tsv	STATIC_LITERAL_NOT_COMPLETE_DEPENDENCY_PROOF
A027	scripts/04_clonotype/GSE235863_CLONE_STATE_DECOMPOSITION_v1/scripts/01_authority.py	PROTECTED_INPUT_BEFORE.tsv	STATIC_LITERAL_NOT_COMPLETE_DEPENDENCY_PROOF
A027	scripts/04_clonotype/GSE235863_CLONE_STATE_DECOMPOSITION_v1/scripts/01_authority.py	phase19a_summary.json	STATIC_LITERAL_NOT_COMPLETE_DEPENDENCY_PROOF
A027	scripts/04_clonotype/GSE235863_CLONE_STATE_DECOMPOSITION_v1/scripts/01_authority.py	phase19a_table_data.json	STATIC_LITERAL_NOT_COMPLETE_DEPENDENCY_PROOF
A028	scripts/04_clonotype/GSE235863_CLONE_STATE_DECOMPOSITION_v1/scripts/02_analyze.py	.tsv	STATIC_LITERAL_NOT_COMPLETE_DEPENDENCY_PROOF
A028	scripts/04_clonotype/GSE235863_CLONE_STATE_DECOMPOSITION_v1/scripts/02_analyze.py	01_metadata/final_harmonization/GSE235863_TEMPORAL_COMPARTMENT_AUDIT.tsv	STATIC_LITERAL_NOT_COMPLETE_DEPENDENCY_PROOF
A028	scripts/04_clonotype/GSE235863_CLONE_STATE_DECOMPOSITION_v1/scripts/02_analyze.py	03_processed_data/phase19a_af35_clonotype/GSE235863_AF35_RESPONSE_BLIND_PROJECTION.npz	STATIC_LITERAL_NOT_COMPLETE_DEPENDENCY_PROOF
A028	scripts/04_clonotype/GSE235863_CLONE_STATE_DECOMPOSITION_v1/scripts/02_analyze.py	03_processed_data/phase3/GSE235863_BARCODE_CLONOTYPE_STATE_PTPN22.tsv.gz	STATIC_LITERAL_NOT_COMPLETE_DEPENDENCY_PROOF
A028	scripts/04_clonotype/GSE235863_CLONE_STATE_DECOMPOSITION_v1/scripts/02_analyze.py	04_scripts/phase19/02_phase19a_patient_analysis.py	STATIC_LITERAL_NOT_COMPLETE_DEPENDENCY_PROOF
A028	scripts/04_clonotype/GSE235863_CLONE_STATE_DECOMPOSITION_v1/scripts/02_analyze.py	05_results/tables/phase19a_af35_clonotype/AF35_CLONOTYPE_TEMPORAL_SENSITIVITY.tsv	STATIC_LITERAL_NOT_COMPLETE_DEPENDENCY_PROOF
A028	scripts/04_clonotype/GSE235863_CLONE_STATE_DECOMPOSITION_v1/scripts/02_analyze.py	05_results/tables/phase3/GSE235863_WITHIN_PATIENT_CLONAL_ASSOCIATIONS.tsv	STATIC_LITERAL_NOT_COMPLETE_DEPENDENCY_PROOF
A028	scripts/04_clonotype/GSE235863_CLONE_STATE_DECOMPOSITION_v1/scripts/02_analyze.py	05_results/tables/temporal/GSE235863_BASELINE_CLONE_FATE_TABLE.tsv	STATIC_LITERAL_NOT_COMPLETE_DEPENDENCY_PROOF
A028	scripts/04_clonotype/GSE235863_CLONE_STATE_DECOMPOSITION_v1/scripts/02_analyze.py	AF35_FROZEN_STATE_EFFECT_RECOVERY.tsv	STATIC_LITERAL_NOT_COMPLETE_DEPENDENCY_PROOF
A028	scripts/04_clonotype/GSE235863_CLONE_STATE_DECOMPOSITION_v1/scripts/02_analyze.py	ANALYSIS_STAGE_STATUS.json	STATIC_LITERAL_NOT_COMPLETE_DEPENDENCY_PROOF
A028	scripts/04_clonotype/GSE235863_CLONE_STATE_DECOMPOSITION_v1/scripts/02_analyze.py	ANALYSIS_VERIFICATION.tsv	STATIC_LITERAL_NOT_COMPLETE_DEPENDENCY_PROOF
A028	scripts/04_clonotype/GSE235863_CLONE_STATE_DECOMPOSITION_v1/scripts/02_analyze.py	CLONE_CONTEXT_BASELINE_PB_SHARED_ELIGIBLE_CLONES.tsv	STATIC_LITERAL_NOT_COMPLETE_DEPENDENCY_PROOF
A028	scripts/04_clonotype/GSE235863_CLONE_STATE_DECOMPOSITION_v1/scripts/02_analyze.py	CLONE_CONTEXT_ELIGIBILITY_AWARE_OVERLAP.tsv	STATIC_LITERAL_NOT_COMPLETE_DEPENDENCY_PROOF
A028	scripts/04_clonotype/GSE235863_CLONE_STATE_DECOMPOSITION_v1/scripts/02_analyze.py	CLONE_CONTEXT_PERSISTENCE_ELIGIBLE_CLONES.tsv	STATIC_LITERAL_NOT_COMPLETE_DEPENDENCY_PROOF
A028	scripts/04_clonotype/GSE235863_CLONE_STATE_DECOMPOSITION_v1/scripts/02_analyze.py	CLONE_CONTEXT_SHARED_UNIVERSE_TRIPLE_OVERLAP.tsv	STATIC_LITERAL_NOT_COMPLETE_DEPENDENCY_PROOF
A028	scripts/04_clonotype/GSE235863_CLONE_STATE_DECOMPOSITION_v1/scripts/02_analyze.py	CLONE_STATE_ADJUSTMENT_AUTHORITY_AUDIT.md	STATIC_LITERAL_NOT_COMPLETE_DEPENDENCY_PROOF
A028	scripts/04_clonotype/GSE235863_CLONE_STATE_DECOMPOSITION_v1/scripts/02_analyze.py	CLONE_STATE_EFFECT_SUMMARY.tsv	STATIC_LITERAL_NOT_COMPLETE_DEPENDENCY_PROOF
A028	scripts/04_clonotype/GSE235863_CLONE_STATE_DECOMPOSITION_v1/scripts/02_analyze.py	CLONE_STATE_PATIENT_EFFECTS.tsv	STATIC_LITERAL_NOT_COMPLETE_DEPENDENCY_PROOF
A028	scripts/04_clonotype/GSE235863_CLONE_STATE_DECOMPOSITION_v1/scripts/02_analyze.py	CLONE_STATE_PATIENT_OMISSION.tsv	STATIC_LITERAL_NOT_COMPLETE_DEPENDENCY_PROOF
A028	scripts/04_clonotype/GSE235863_CLONE_STATE_DECOMPOSITION_v1/scripts/02_analyze.py	CLONE_STATE_STRATUM_EFFECTS_AND_SUPPORT.tsv	STATIC_LITERAL_NOT_COMPLETE_DEPENDENCY_PROOF
A028	scripts/04_clonotype/GSE235863_CLONE_STATE_DECOMPOSITION_v1/scripts/02_analyze.py	FROZEN_PHASE19_NUMERIC_REPRODUCTION.tsv	STATIC_LITERAL_NOT_COMPLETE_DEPENDENCY_PROOF
A028	scripts/04_clonotype/GSE235863_CLONE_STATE_DECOMPOSITION_v1/scripts/02_analyze.py	PAIRED_CDR3_AUTHOR_ID_MERGE_AUDIT.tsv	STATIC_LITERAL_NOT_COMPLETE_DEPENDENCY_PROOF
A028	scripts/04_clonotype/GSE235863_CLONE_STATE_DECOMPOSITION_v1/scripts/02_analyze.py	PAIRED_CDR3_CONTEXT_CLASSIFICATION_AUDIT.tsv	STATIC_LITERAL_NOT_COMPLETE_DEPENDENCY_PROOF
A028	scripts/04_clonotype/GSE235863_CLONE_STATE_DECOMPOSITION_v1/scripts/02_analyze.py	PAIRED_CDR3_STATE_ADJUSTED_SENSITIVITY.tsv	STATIC_LITERAL_NOT_COMPLETE_DEPENDENCY_PROOF
A028	scripts/04_clonotype/GSE235863_CLONE_STATE_DECOMPOSITION_v1/scripts/02_analyze.py	PYTHON_SESSION_INFO.json	STATIC_LITERAL_NOT_COMPLETE_DEPENDENCY_PROOF
A028	scripts/04_clonotype/GSE235863_CLONE_STATE_DECOMPOSITION_v1/scripts/02_analyze.py	TUMOR_BLOOD_CLONE_SIZE_CONFOUNDING_AUDIT.tsv	STATIC_LITERAL_NOT_COMPLETE_DEPENDENCY_PROOF
A028	scripts/04_clonotype/GSE235863_CLONE_STATE_DECOMPOSITION_v1/scripts/02_analyze.py	TUMOR_BLOOD_CODETECTION_COMPARTMENT_EFFECTS.tsv	STATIC_LITERAL_NOT_COMPLETE_DEPENDENCY_PROOF
A028	scripts/04_clonotype/GSE235863_CLONE_STATE_DECOMPOSITION_v1/scripts/02_analyze.py	TUMOR_BLOOD_CODETECTION_ELIGIBLE_CLONES.tsv	STATIC_LITERAL_NOT_COMPLETE_DEPENDENCY_PROOF
A028	scripts/04_clonotype/GSE235863_CLONE_STATE_DECOMPOSITION_v1/scripts/02_analyze.py	TUMOR_BLOOD_CODETECTION_FEASIBILITY.md	STATIC_LITERAL_NOT_COMPLETE_DEPENDENCY_PROOF
A028	scripts/04_clonotype/GSE235863_CLONE_STATE_DECOMPOSITION_v1/scripts/02_analyze.py	TUMOR_BLOOD_CODETECTION_MATCHED_PAIR_EFFECTS.tsv	STATIC_LITERAL_NOT_COMPLETE_DEPENDENCY_PROOF
A028	scripts/04_clonotype/GSE235863_CLONE_STATE_DECOMPOSITION_v1/scripts/02_analyze.py	TUMOR_BLOOD_CODETECTION_PATIENT_EFFECTS.tsv	STATIC_LITERAL_NOT_COMPLETE_DEPENDENCY_PROOF
A028	scripts/04_clonotype/GSE235863_CLONE_STATE_DECOMPOSITION_v1/scripts/02_analyze.py	TUMOR_BLOOD_MATCHED_CONTEXT_AUDIT.tsv	STATIC_LITERAL_NOT_COMPLETE_DEPENDENCY_PROOF
A028	scripts/04_clonotype/GSE235863_CLONE_STATE_DECOMPOSITION_v1/scripts/02_analyze.py	TUMOR_BLOOD_SOURCE_SAMPLE_BINDINGS.tsv	STATIC_LITERAL_NOT_COMPLETE_DEPENDENCY_PROOF
A029	scripts/05_spatial/HCC_FINAL_AI_REVIEW_CORRECTION_20260921_V1/audit/wu_bounded_sensitivity.R	AF35_RESPONSE_BLIND_PROGRAM_COHERENCE_v1/inputs/AF35_ORDERED_GENES.tsv	STATIC_LITERAL_NOT_COMPLETE_DEPENDENCY_PROOF
A029	scripts/05_spatial/HCC_FINAL_AI_REVIEW_CORRECTION_20260921_V1/audit/wu_bounded_sensitivity.R	HCC_ICI_project/01_metadata/PHASE3_PTPN22_SPECIFICITY_COMPARATOR_PROGRAMS.tsv	STATIC_LITERAL_NOT_COMPLETE_DEPENDENCY_PROOF
A029	scripts/05_spatial/HCC_FINAL_AI_REVIEW_CORRECTION_20260921_V1/audit/wu_bounded_sensitivity.R	HCC_ICI_project/03_processed_data/spatial_phase8/Visium-ST/visium_all.h5ad	STATIC_LITERAL_NOT_COMPLETE_DEPENDENCY_PROOF
A029	scripts/05_spatial/HCC_FINAL_AI_REVIEW_CORRECTION_20260921_V1/audit/wu_bounded_sensitivity.R	HCC_ICI_project/04_scripts/spatial_specificity_rescue/01_spatial_specificity_rescue.R	STATIC_LITERAL_NOT_COMPLETE_DEPENDENCY_PROOF
A029	scripts/05_spatial/HCC_FINAL_AI_REVIEW_CORRECTION_20260921_V1/audit/wu_bounded_sensitivity.R	HCC_ICI_project/05_results/tables/spatial_specificity_rescue/PTPN22_CONDITIONAL_SPATIAL_EFFECTS.tsv	STATIC_LITERAL_NOT_COMPLETE_DEPENDENCY_PROOF
A029	scripts/05_spatial/HCC_FINAL_AI_REVIEW_CORRECTION_20260921_V1/audit/wu_bounded_sensitivity.R	WU_PRETREATMENT_SPATIAL_INPUT_AUDIT.tsv	STATIC_LITERAL_NOT_COMPLETE_DEPENDENCY_PROOF
A029	scripts/05_spatial/HCC_FINAL_AI_REVIEW_CORRECTION_20260921_V1/audit/wu_bounded_sensitivity.R	audit/WU_SENSITIVITY_SESSION_INFO.txt	STATIC_LITERAL_NOT_COMPLETE_DEPENDENCY_PROOF
A029	scripts/05_spatial/HCC_FINAL_AI_REVIEW_CORRECTION_20260921_V1/audit/wu_bounded_sensitivity.R	recovered_sources/WU_ZERO_COUNT_SENSITIVITY_COHORT_EFFECT.tsv	STATIC_LITERAL_NOT_COMPLETE_DEPENDENCY_PROOF
A029	scripts/05_spatial/HCC_FINAL_AI_REVIEW_CORRECTION_20260921_V1/audit/wu_bounded_sensitivity.R	recovered_sources/WU_ZERO_COUNT_SENSITIVITY_PATIENT_METRICS.tsv	STATIC_LITERAL_NOT_COMPLETE_DEPENDENCY_PROOF
A030	scripts/05_spatial/HCC_ICI_BIOLOGICAL_RESOLUTION_BR1_v1/scripts/module_d_prepare_spatial_tables.R	CODEX_AF_PANEL_PATIENT_COEFFICIENTS.tsv	STATIC_LITERAL_NOT_COMPLETE_DEPENDENCY_PROOF
A030	scripts/05_spatial/HCC_ICI_BIOLOGICAL_RESOLUTION_BR1_v1/scripts/module_d_prepare_spatial_tables.R	Figure5_STAGE2B_GSE238264_CONDITIONAL_RESIDUAL_SPOTS.rds	STATIC_LITERAL_NOT_COMPLETE_DEPENDENCY_PROOF
A030	scripts/05_spatial/HCC_ICI_BIOLOGICAL_RESOLUTION_BR1_v1/scripts/module_d_prepare_spatial_tables.R	Figure5_STAGE2B_WU_CONDITIONAL_RESIDUAL_SPOTS.rds	STATIC_LITERAL_NOT_COMPLETE_DEPENDENCY_PROOF
A030	scripts/05_spatial/HCC_ICI_BIOLOGICAL_RESOLUTION_BR1_v1/scripts/module_d_prepare_spatial_tables.R	GSE238264_REPLICATION_MAP_PLOT_READY.tsv	STATIC_LITERAL_NOT_COMPLETE_DEPENDENCY_PROOF
A030	scripts/05_spatial/HCC_ICI_BIOLOGICAL_RESOLUTION_BR1_v1/scripts/module_d_prepare_spatial_tables.R	PTPN22_CODEX_SPOT_NEIGHBORHOOD_FEATURES.tsv	STATIC_LITERAL_NOT_COMPLETE_DEPENDENCY_PROOF
A030	scripts/05_spatial/HCC_ICI_BIOLOGICAL_RESOLUTION_BR1_v1/scripts/module_d_prepare_spatial_tables.R	PTPN22_ST_CODEX_CROSSMODAL_CONCORDANCE.tsv	STATIC_LITERAL_NOT_COMPLETE_DEPENDENCY_PROOF
A030	scripts/05_spatial/HCC_ICI_BIOLOGICAL_RESOLUTION_BR1_v1/scripts/module_d_prepare_spatial_tables.R	WU_COREGISTERED_TISSUE_CONTEXT_PLOT_READY.tsv	STATIC_LITERAL_NOT_COMPLETE_DEPENDENCY_PROOF
A030	scripts/05_spatial/HCC_ICI_BIOLOGICAL_RESOLUTION_BR1_v1/scripts/module_d_prepare_spatial_tables.R	WU_MODULE_D_PROOF_REGION_SELECTION.tsv	STATIC_LITERAL_NOT_COMPLETE_DEPENDENCY_PROOF
A030	scripts/05_spatial/HCC_ICI_BIOLOGICAL_RESOLUTION_BR1_v1/scripts/module_d_prepare_spatial_tables.R	WU_SELECTED_SAMPLE_ST_LAYERS_PLOT_READY.tsv	STATIC_LITERAL_NOT_COMPLETE_DEPENDENCY_PROOF
A030	scripts/05_spatial/HCC_ICI_BIOLOGICAL_RESOLUTION_BR1_v1/scripts/module_d_prepare_spatial_tables.R	WU_SPATIAL_COREGISTRATION_REGION_AUDIT.tsv	STATIC_LITERAL_NOT_COMPLETE_DEPENDENCY_PROOF
A030	scripts/05_spatial/HCC_ICI_BIOLOGICAL_RESOLUTION_BR1_v1/scripts/module_d_prepare_spatial_tables.R	WU_ST_CODEX_CONTEXT_MATRIX_PLOT_READY.tsv	STATIC_LITERAL_NOT_COMPLETE_DEPENDENCY_PROOF
A030	scripts/05_spatial/HCC_ICI_BIOLOGICAL_RESOLUTION_BR1_v1/scripts/module_d_prepare_spatial_tables.R	WU_ST_CODEX_EXISTING_CONCORDANCE_PLOT_READY.tsv	STATIC_LITERAL_NOT_COMPLETE_DEPENDENCY_PROOF
A030	scripts/05_spatial/HCC_ICI_BIOLOGICAL_RESOLUTION_BR1_v1/scripts/module_d_prepare_spatial_tables.R	scalefactors_json.json	STATIC_LITERAL_NOT_COMPLETE_DEPENDENCY_PROOF
A030	scripts/05_spatial/HCC_ICI_BIOLOGICAL_RESOLUTION_BR1_v1/scripts/module_d_prepare_spatial_tables.R	visium_all.h5ad	STATIC_LITERAL_NOT_COMPLETE_DEPENDENCY_PROOF
A031	scripts/01_anchor_selection/HCC_ICI_project/04_scripts/04_target_ranking/01_finalize_target_evidence.R	GSE206325_TCR_persistence_by_patient.tsv	STATIC_LITERAL_NOT_COMPLETE_DEPENDENCY_PROOF
A031	scripts/01_anchor_selection/HCC_ICI_project/04_scripts/04_target_ranking/01_finalize_target_evidence.R	GSE206325_TCR_repertoire_metrics_by_sample.tsv	STATIC_LITERAL_NOT_COMPLETE_DEPENDENCY_PROOF
A031	scripts/01_anchor_selection/HCC_ICI_project/04_scripts/04_target_ranking/01_finalize_target_evidence.R	GSE206325_candidate_TCR_associations_with_CI.tsv	STATIC_LITERAL_NOT_COMPLETE_DEPENDENCY_PROOF
A031	scripts/01_anchor_selection/HCC_ICI_project/04_scripts/04_target_ranking/01_finalize_target_evidence.R	GSE206325_candidate_expression_by_patient.tsv	STATIC_LITERAL_NOT_COMPLETE_DEPENDENCY_PROOF
A031	scripts/01_anchor_selection/HCC_ICI_project/04_scripts/04_target_ranking/01_finalize_target_evidence.R	GSE206325_candidate_response_LOO_summary.tsv	STATIC_LITERAL_NOT_COMPLETE_DEPENDENCY_PROOF
A031	scripts/01_anchor_selection/HCC_ICI_project/04_scripts/04_target_ranking/01_finalize_target_evidence.R	GSE206325_candidate_response_leave_one_patient_out.tsv	STATIC_LITERAL_NOT_COMPLETE_DEPENDENCY_PROOF
A031	scripts/01_anchor_selection/HCC_ICI_project/04_scripts/04_target_ranking/01_finalize_target_evidence.R	HCC_ICI_project/04_scripts/config.R	STATIC_LITERAL_NOT_COMPLETE_DEPENDENCY_PROOF
A031	scripts/01_anchor_selection/HCC_ICI_project/04_scripts/04_target_ranking/01_finalize_target_evidence.R	TARGET_RANKING_EVIDENCE_GRADES_v1.tsv	STATIC_LITERAL_NOT_COMPLETE_DEPENDENCY_PROOF
A031	scripts/01_anchor_selection/HCC_ICI_project/04_scripts/04_target_ranking/01_finalize_target_evidence.R	TARGET_RANKING_v1.tsv	STATIC_LITERAL_NOT_COMPLETE_DEPENDENCY_PROOF
A033	scripts/04_clonotype/HCC_ICI_project/04_scripts/final_harmonization/01_meta_clone_compartment.R	GSE235863_BARCODE_CLONOTYPE_STATE_PTPN22.tsv.gz	STATIC_LITERAL_NOT_COMPLETE_DEPENDENCY_PROOF
A033	scripts/04_clonotype/HCC_ICI_project/04_scripts/final_harmonization/01_meta_clone_compartment.R	GSE235863_TEMPORAL_COMPARTMENT_AUDIT.tsv	STATIC_LITERAL_NOT_COMPLETE_DEPENDENCY_PROOF
A033	scripts/04_clonotype/HCC_ICI_project/04_scripts/final_harmonization/01_meta_clone_compartment.R	GSE235863_family.soft.gz	STATIC_LITERAL_NOT_COMPLETE_DEPENDENCY_PROOF
A033	scripts/04_clonotype/HCC_ICI_project/04_scripts/final_harmonization/01_meta_clone_compartment.R	HCC_FINAL_COHORT_ROLE_TABLE.tsv	STATIC_LITERAL_NOT_COMPLETE_DEPENDENCY_PROOF
A033	scripts/04_clonotype/HCC_ICI_project/04_scripts/final_harmonization/01_meta_clone_compartment.R	HCC_MANUSCRIPT_COHORT_CHARACTERISTICS.tsv	STATIC_LITERAL_NOT_COMPLETE_DEPENDENCY_PROOF
A033	scripts/04_clonotype/HCC_ICI_project/04_scripts/final_harmonization/01_meta_clone_compartment.R	HCC_PRIMARY_ICI_ESTIMAND_CONTRACT.md	STATIC_LITERAL_NOT_COMPLETE_DEPENDENCY_PROOF
A033	scripts/04_clonotype/HCC_ICI_project/04_scripts/final_harmonization/01_meta_clone_compartment.R	PTPN22_CLONE_IDENTITY_SENSITIVITY.tsv	STATIC_LITERAL_NOT_COMPLETE_DEPENDENCY_PROOF
A033	scripts/04_clonotype/HCC_ICI_project/04_scripts/final_harmonization/01_meta_clone_compartment.R	PTPN22_CLONE_IDENTITY_SENSITIVITY_SUMMARY.tsv	STATIC_LITERAL_NOT_COMPLETE_DEPENDENCY_PROOF
A033	scripts/04_clonotype/HCC_ICI_project/04_scripts/final_harmonization/01_meta_clone_compartment.R	PTPN22_CONTINUOUS_AXIS_EFFECTS.tsv	STATIC_LITERAL_NOT_COMPLETE_DEPENDENCY_PROOF
A033	scripts/04_clonotype/HCC_ICI_project/04_scripts/final_harmonization/01_meta_clone_compartment.R	PTPN22_FINAL_META_MODELS.tsv	STATIC_LITERAL_NOT_COMPLETE_DEPENDENCY_PROOF
A033	scripts/04_clonotype/HCC_ICI_project/04_scripts/final_harmonization/01_meta_clone_compartment.R	PTPN22_PATIENT_LEVEL_TEMPORAL_EFFECTS.tsv	STATIC_LITERAL_NOT_COMPLETE_DEPENDENCY_PROOF
A034	scripts/06_clinical/HCC_ICI_project/04_scripts/phase15b_public_replication/01_prepare_response_blind_inputs.R	ENSEMBL98_GENE_ID_SYMBOL_MAP.tsv	STATIC_LITERAL_NOT_COMPLETE_DEPENDENCY_PROOF
A034	scripts/06_clinical/HCC_ICI_project/04_scripts/phase15b_public_replication/01_prepare_response_blind_inputs.R	GSE287319_Dep_n12_readcount.gct.gz	STATIC_LITERAL_NOT_COMPLETE_DEPENDENCY_PROOF
A034	scripts/06_clinical/HCC_ICI_project/04_scripts/phase15b_public_replication/01_prepare_response_blind_inputs.R	GSE287319_RESPONSE_BLIND_GENE_COVERAGE.tsv	STATIC_LITERAL_NOT_COMPLETE_DEPENDENCY_PROOF
A034	scripts/06_clinical/HCC_ICI_project/04_scripts/phase15b_public_replication/01_prepare_response_blind_inputs.R	GSE287319_RESPONSE_BLIND_INPUT_AUDIT.md	STATIC_LITERAL_NOT_COMPLETE_DEPENDENCY_PROOF
A034	scripts/06_clinical/HCC_ICI_project/04_scripts/phase15b_public_replication/01_prepare_response_blind_inputs.R	GSE287319_RESPONSE_BLIND_MATRIX_AND_SCORES.rds	STATIC_LITERAL_NOT_COMPLETE_DEPENDENCY_PROOF
A034	scripts/06_clinical/HCC_ICI_project/04_scripts/phase15b_public_replication/01_prepare_response_blind_inputs.R	GSE287319_RESPONSE_BLIND_PATIENT_SCORES.tsv	STATIC_LITERAL_NOT_COMPLETE_DEPENDENCY_PROOF
A034	scripts/06_clinical/HCC_ICI_project/04_scripts/phase15b_public_replication/01_prepare_response_blind_inputs.R	GSE302495_GEO_readcount_tbl.txt.gz	STATIC_LITERAL_NOT_COMPLETE_DEPENDENCY_PROOF
A034	scripts/06_clinical/HCC_ICI_project/04_scripts/phase15b_public_replication/01_prepare_response_blind_inputs.R	GSE302495_PATIENT_LEVEL_SCORES.tsv	STATIC_LITERAL_NOT_COMPLETE_DEPENDENCY_PROOF
A034	scripts/06_clinical/HCC_ICI_project/04_scripts/phase15b_public_replication/01_prepare_response_blind_inputs.R	GSE302495_RESPONSE_BLIND_GENE_COVERAGE.tsv	STATIC_LITERAL_NOT_COMPLETE_DEPENDENCY_PROOF
A034	scripts/06_clinical/HCC_ICI_project/04_scripts/phase15b_public_replication/01_prepare_response_blind_inputs.R	GSE302495_RESPONSE_BLIND_INPUT_AUDIT.md	STATIC_LITERAL_NOT_COMPLETE_DEPENDENCY_PROOF
A034	scripts/06_clinical/HCC_ICI_project/04_scripts/phase15b_public_replication/01_prepare_response_blind_inputs.R	GSE302495_RESPONSE_BLIND_MATRIX_AND_SCORES.rds	STATIC_LITERAL_NOT_COMPLETE_DEPENDENCY_PROOF
A034	scripts/06_clinical/HCC_ICI_project/04_scripts/phase15b_public_replication/01_prepare_response_blind_inputs.R	PHASE3_PTPN22_SPECIFICITY_COMPARATOR_PROGRAMS.tsv	STATIC_LITERAL_NOT_COMPLETE_DEPENDENCY_PROOF
A034	scripts/06_clinical/HCC_ICI_project/04_scripts/phase15b_public_replication/01_prepare_response_blind_inputs.R	PTPN22_SPATIAL_PROGRAM_FROZEN_PROVENANCE.tsv	STATIC_LITERAL_NOT_COMPLETE_DEPENDENCY_PROOF
A035	scripts/06_clinical/HCC_ICI_project/04_scripts/phase15b_public_replication/02_lock_outcome_maps.R	GSE287319_PATIENT_ENDPOINT_MAP.tsv	STATIC_LITERAL_NOT_COMPLETE_DEPENDENCY_PROOF
A035	scripts/06_clinical/HCC_ICI_project/04_scripts/phase15b_public_replication/02_lock_outcome_maps.R	GSE287319_RESPONSE_BLIND_MATRIX_AND_SCORES.rds	STATIC_LITERAL_NOT_COMPLETE_DEPENDENCY_PROOF
A035	scripts/06_clinical/HCC_ICI_project/04_scripts/phase15b_public_replication/02_lock_outcome_maps.R	GSE302495_PATIENT_RESPONSE_MAP.tsv	STATIC_LITERAL_NOT_COMPLETE_DEPENDENCY_PROOF
A035	scripts/06_clinical/HCC_ICI_project/04_scripts/phase15b_public_replication/02_lock_outcome_maps.R	GSE302495_RESPONSE_BLIND_MATRIX_AND_SCORES.rds	STATIC_LITERAL_NOT_COMPLETE_DEPENDENCY_PROOF
A035	scripts/06_clinical/HCC_ICI_project/04_scripts/phase15b_public_replication/02_lock_outcome_maps.R	HCC_PHASE15A_GSE287319_PUBLIC_ENDPOINT_CROSSWALK.tsv	STATIC_LITERAL_NOT_COMPLETE_DEPENDENCY_PROOF
A035	scripts/06_clinical/HCC_ICI_project/04_scripts/phase15b_public_replication/02_lock_outcome_maps.R	HCC_PHASE15A_GSE302495_PUBLIC_ENDPOINT_CROSSWALK.tsv	STATIC_LITERAL_NOT_COMPLETE_DEPENDENCY_PROOF
A036	scripts/06_clinical/HCC_ICI_project/04_scripts/phase15b_public_replication/03_analyze_public_replication.R	GSE287319_EXPLORATORY_COMPATIBILITY_REPORT.md	STATIC_LITERAL_NOT_COMPLETE_DEPENDENCY_PROOF
A036	scripts/06_clinical/HCC_ICI_project/04_scripts/phase15b_public_replication/03_analyze_public_replication.R	GSE287319_EXPLORATORY_CONTINUOUS_EFFECTS.tsv	STATIC_LITERAL_NOT_COMPLETE_DEPENDENCY_PROOF
A036	scripts/06_clinical/HCC_ICI_project/04_scripts/phase15b_public_replication/03_analyze_public_replication.R	GSE287319_EXPLORATORY_LOO_AUDIT.tsv	STATIC_LITERAL_NOT_COMPLETE_DEPENDENCY_PROOF
A036	scripts/06_clinical/HCC_ICI_project/04_scripts/phase15b_public_replication/03_analyze_public_replication.R	GSE287319_PATIENT_ENDPOINT_MAP.tsv	STATIC_LITERAL_NOT_COMPLETE_DEPENDENCY_PROOF
A036	scripts/06_clinical/HCC_ICI_project/04_scripts/phase15b_public_replication/03_analyze_public_replication.R	GSE287319_RESPONSE_BLIND_MATRIX_AND_SCORES.rds	STATIC_LITERAL_NOT_COMPLETE_DEPENDENCY_PROOF
A036	scripts/06_clinical/HCC_ICI_project/04_scripts/phase15b_public_replication/03_analyze_public_replication.R	GSE302495_AF35_RECIST_ASSOCIATION.tsv	STATIC_LITERAL_NOT_COMPLETE_DEPENDENCY_PROOF
A036	scripts/06_clinical/HCC_ICI_project/04_scripts/phase15b_public_replication/03_analyze_public_replication.R	GSE302495_ALL_RECIST_CONTINUOUS_EFFECTS.tsv	STATIC_LITERAL_NOT_COMPLETE_DEPENDENCY_PROOF
A036	scripts/06_clinical/HCC_ICI_project/04_scripts/phase15b_public_replication/03_analyze_public_replication.R	GSE302495_BROAD_IMMUNE_FALSIFICATION.md	STATIC_LITERAL_NOT_COMPLETE_DEPENDENCY_PROOF
A036	scripts/06_clinical/HCC_ICI_project/04_scripts/phase15b_public_replication/03_analyze_public_replication.R	GSE302495_PATHOLOGICAL_RESPONSE_ASSOCIATION.tsv	STATIC_LITERAL_NOT_COMPLETE_DEPENDENCY_PROOF
A036	scripts/06_clinical/HCC_ICI_project/04_scripts/phase15b_public_replication/03_analyze_public_replication.R	GSE302495_PATHOLOGICAL_RESPONSE_LOO_AUDIT.tsv	STATIC_LITERAL_NOT_COMPLETE_DEPENDENCY_PROOF
A036	scripts/06_clinical/HCC_ICI_project/04_scripts/phase15b_public_replication/03_analyze_public_replication.R	GSE302495_PATIENT_RESPONSE_MAP.tsv	STATIC_LITERAL_NOT_COMPLETE_DEPENDENCY_PROOF
A036	scripts/06_clinical/HCC_ICI_project/04_scripts/phase15b_public_replication/03_analyze_public_replication.R	GSE302495_PTPN22_RECIST_ASSOCIATION.tsv	STATIC_LITERAL_NOT_COMPLETE_DEPENDENCY_PROOF
A036	scripts/06_clinical/HCC_ICI_project/04_scripts/phase15b_public_replication/03_analyze_public_replication.R	GSE302495_PUBLIC_REPLICATION_GATE.md	STATIC_LITERAL_NOT_COMPLETE_DEPENDENCY_PROOF
A036	scripts/06_clinical/HCC_ICI_project/04_scripts/phase15b_public_replication/03_analyze_public_replication.R	GSE302495_RECIST_LOO_AUDIT.tsv	STATIC_LITERAL_NOT_COMPLETE_DEPENDENCY_PROOF
A036	scripts/06_clinical/HCC_ICI_project/04_scripts/phase15b_public_replication/03_analyze_public_replication.R	GSE302495_RESPONSE_BLIND_MATRIX_AND_SCORES.rds	STATIC_LITERAL_NOT_COMPLETE_DEPENDENCY_PROOF
A036	scripts/06_clinical/HCC_ICI_project/04_scripts/phase15b_public_replication/03_analyze_public_replication.R	PHASE15B_ANALYSIS_CONTRACT.md	STATIC_LITERAL_NOT_COMPLETE_DEPENDENCY_PROOF
A037	scripts/06_clinical/HCC_ICI_project/04_scripts/phase15c_public_benchmark/01_run_phase15c_benchmark.R	ERP117672_BENCHMARK_SCORES_RESPONSE_BLIND.tsv	STATIC_LITERAL_NOT_COMPLETE_DEPENDENCY_PROOF
A037	scripts/06_clinical/HCC_ICI_project/04_scripts/phase15c_public_benchmark/01_run_phase15c_benchmark.R	ERP117672_BROAD_IMMUNE_RESPONSE_EFFECTS.tsv	STATIC_LITERAL_NOT_COMPLETE_DEPENDENCY_PROOF
A037	scripts/06_clinical/HCC_ICI_project/04_scripts/phase15c_public_benchmark/01_run_phase15c_benchmark.R	ERP117672_INCREMENTAL_FIRTH_MODELS.tsv	STATIC_LITERAL_NOT_COMPLETE_DEPENDENCY_PROOF
A037	scripts/06_clinical/HCC_ICI_project/04_scripts/phase15c_public_benchmark/01_run_phase15c_benchmark.R	ERP117672_PATIENT_RESPONSE_MAP.tsv	STATIC_LITERAL_NOT_COMPLETE_DEPENDENCY_PROOF
A037	scripts/06_clinical/HCC_ICI_project/04_scripts/phase15c_public_benchmark/01_run_phase15c_benchmark.R	ERP117672_PRETREATMENT_PATIENT_SCORES.tsv	STATIC_LITERAL_NOT_COMPLETE_DEPENDENCY_PROOF
A037	scripts/06_clinical/HCC_ICI_project/04_scripts/phase15c_public_benchmark/01_run_phase15c_benchmark.R	ERP117672_TIERA_RESIDUALS_RESPONSE_BLIND.rds	STATIC_LITERAL_NOT_COMPLETE_DEPENDENCY_PROOF
A037	scripts/06_clinical/HCC_ICI_project/04_scripts/phase15c_public_benchmark/01_run_phase15c_benchmark.R	ERP117672_TIERA_RESIDUAL_SENSITIVITY.tsv	STATIC_LITERAL_NOT_COMPLETE_DEPENDENCY_PROOF
A037	scripts/06_clinical/HCC_ICI_project/04_scripts/phase15c_public_benchmark/01_run_phase15c_benchmark.R	ERP117672_UNIVARIATE_BENCHMARK_EFFECTS.tsv	STATIC_LITERAL_NOT_COMPLETE_DEPENDENCY_PROOF
A037	scripts/06_clinical/HCC_ICI_project/04_scripts/phase15c_public_benchmark/01_run_phase15c_benchmark.R	ERP117672_gene_expression_response_blind.rds	STATIC_LITERAL_NOT_COMPLETE_DEPENDENCY_PROOF
A037	scripts/06_clinical/HCC_ICI_project/04_scripts/phase15c_public_benchmark/01_run_phase15c_benchmark.R	GSE302495_ALL_RECIST_CONTINUOUS_EFFECTS.tsv	STATIC_LITERAL_NOT_COMPLETE_DEPENDENCY_PROOF
A037	scripts/06_clinical/HCC_ICI_project/04_scripts/phase15c_public_benchmark/01_run_phase15c_benchmark.R	GSE302495_BENCHMARK_SCORES_RESPONSE_BLIND.tsv	STATIC_LITERAL_NOT_COMPLETE_DEPENDENCY_PROOF
A037	scripts/06_clinical/HCC_ICI_project/04_scripts/phase15c_public_benchmark/01_run_phase15c_benchmark.R	GSE302495_INCREMENTAL_FIRTH_MODELS.tsv	STATIC_LITERAL_NOT_COMPLETE_DEPENDENCY_PROOF
A037	scripts/06_clinical/HCC_ICI_project/04_scripts/phase15c_public_benchmark/01_run_phase15c_benchmark.R	GSE302495_PATIENT_RESPONSE_MAP.tsv	STATIC_LITERAL_NOT_COMPLETE_DEPENDENCY_PROOF
A037	scripts/06_clinical/HCC_ICI_project/04_scripts/phase15c_public_benchmark/01_run_phase15c_benchmark.R	GSE302495_RESPONSE_BLIND_MATRIX_AND_SCORES.rds	STATIC_LITERAL_NOT_COMPLETE_DEPENDENCY_PROOF
A037	scripts/06_clinical/HCC_ICI_project/04_scripts/phase15c_public_benchmark/01_run_phase15c_benchmark.R	GSE302495_TIERA_RESIDUALS_RESPONSE_BLIND.rds	STATIC_LITERAL_NOT_COMPLETE_DEPENDENCY_PROOF
A037	scripts/06_clinical/HCC_ICI_project/04_scripts/phase15c_public_benchmark/01_run_phase15c_benchmark.R	GSE302495_TIERA_RESIDUAL_SENSITIVITY.tsv	STATIC_LITERAL_NOT_COMPLETE_DEPENDENCY_PROOF
A037	scripts/06_clinical/HCC_ICI_project/04_scripts/phase15c_public_benchmark/01_run_phase15c_benchmark.R	GSE302495_UNIVARIATE_BENCHMARK_EFFECTS.tsv	STATIC_LITERAL_NOT_COMPLETE_DEPENDENCY_PROOF
A037	scripts/06_clinical/HCC_ICI_project/04_scripts/phase15c_public_benchmark/01_run_phase15c_benchmark.R	PHASE15C_ANALYSIS_RESULTS.rds	STATIC_LITERAL_NOT_COMPLETE_DEPENDENCY_PROOF
A037	scripts/06_clinical/HCC_ICI_project/04_scripts/phase15c_public_benchmark/01_run_phase15c_benchmark.R	PHASE15C_ANALYSIS_RUN_LOG.txt	STATIC_LITERAL_NOT_COMPLETE_DEPENDENCY_PROOF
A037	scripts/06_clinical/HCC_ICI_project/04_scripts/phase15c_public_benchmark/01_run_phase15c_benchmark.R	PHASE15C_BENCHMARK_CONTRACT.tsv	STATIC_LITERAL_NOT_COMPLETE_DEPENDENCY_PROOF
A037	scripts/06_clinical/HCC_ICI_project/04_scripts/phase15c_public_benchmark/01_run_phase15c_benchmark.R	PHASE15C_DESCRIPTIVE_MODEL_METRICS.tsv	STATIC_LITERAL_NOT_COMPLETE_DEPENDENCY_PROOF
A037	scripts/06_clinical/HCC_ICI_project/04_scripts/phase15c_public_benchmark/01_run_phase15c_benchmark.R	PHASE15C_RESPONSE_BLIND_SCORE_LOCK.md	STATIC_LITERAL_NOT_COMPLETE_DEPENDENCY_PROOF
A037	scripts/06_clinical/HCC_ICI_project/04_scripts/phase15c_public_benchmark/01_run_phase15c_benchmark.R	PHASE3_PTPN22_SPECIFICITY_COMPARATOR_PROGRAMS.tsv	STATIC_LITERAL_NOT_COMPLETE_DEPENDENCY_PROOF
A037	scripts/06_clinical/HCC_ICI_project/04_scripts/phase15c_public_benchmark/01_run_phase15c_benchmark.R	PTPN22_CLINICAL_AXES_FROZEN.tsv	STATIC_LITERAL_NOT_COMPLETE_DEPENDENCY_PROOF
A038	scripts/06_clinical/HCC_ICI_project/04_scripts/phase19/03_phase19b_response_blind_scoring.R	AF35_PUBLISHED_SIGNATURE_MOLECULAR_RELATIONSHIPS.tsv	STATIC_LITERAL_NOT_COMPLETE_DEPENDENCY_PROOF
A038	scripts/06_clinical/HCC_ICI_project/04_scripts/phase19/03_phase19b_response_blind_scoring.R	ERP117672_BENCHMARK_SCORES_RESPONSE_BLIND.tsv	STATIC_LITERAL_NOT_COMPLETE_DEPENDENCY_PROOF
A038	scripts/06_clinical/HCC_ICI_project/04_scripts/phase19/03_phase19b_response_blind_scoring.R	ERP117672_PUBLISHED_SIGNATURE_SCORES_RESPONSE_BLIND.tsv	STATIC_LITERAL_NOT_COMPLETE_DEPENDENCY_PROOF
A038	scripts/06_clinical/HCC_ICI_project/04_scripts/phase19/03_phase19b_response_blind_scoring.R	ERP117672_gene_expression_response_blind.rds	STATIC_LITERAL_NOT_COMPLETE_DEPENDENCY_PROOF
A038	scripts/06_clinical/HCC_ICI_project/04_scripts/phase19/03_phase19b_response_blind_scoring.R	GSE302495_BENCHMARK_SCORES_RESPONSE_BLIND.tsv	STATIC_LITERAL_NOT_COMPLETE_DEPENDENCY_PROOF
A038	scripts/06_clinical/HCC_ICI_project/04_scripts/phase19/03_phase19b_response_blind_scoring.R	GSE302495_PUBLISHED_SIGNATURE_SCORES_RESPONSE_BLIND.tsv	STATIC_LITERAL_NOT_COMPLETE_DEPENDENCY_PROOF
A038	scripts/06_clinical/HCC_ICI_project/04_scripts/phase19/03_phase19b_response_blind_scoring.R	GSE302495_RESPONSE_BLIND_MATRIX_AND_SCORES.rds	STATIC_LITERAL_NOT_COMPLETE_DEPENDENCY_PROOF
A038	scripts/06_clinical/HCC_ICI_project/04_scripts/phase19/03_phase19b_response_blind_scoring.R	PHASE18B_DIRECT_AND_NEAR_COMPETITOR_MATRIX.tsv	STATIC_LITERAL_NOT_COMPLETE_DEPENDENCY_PROOF
A038	scripts/06_clinical/HCC_ICI_project/04_scripts/phase19/03_phase19b_response_blind_scoring.R	PHASE19B_EXACT_PUBLISHED_SIGNATURE_CONTRACT.tsv	STATIC_LITERAL_NOT_COMPLETE_DEPENDENCY_PROOF
A038	scripts/06_clinical/HCC_ICI_project/04_scripts/phase19/03_phase19b_response_blind_scoring.R	PHASE19B_PUBLISHED_SIGNATURE_CANDIDATE_POOL.tsv	STATIC_LITERAL_NOT_COMPLETE_DEPENDENCY_PROOF
A038	scripts/06_clinical/HCC_ICI_project/04_scripts/phase19/03_phase19b_response_blind_scoring.R	PHASE19B_PUBLISHED_SIGNATURE_TIER_ASSIGNMENT.tsv	STATIC_LITERAL_NOT_COMPLETE_DEPENDENCY_PROOF
A038	scripts/06_clinical/HCC_ICI_project/04_scripts/phase19/03_phase19b_response_blind_scoring.R	PHASE19B_RESPONSE_BLIND_FREEZE.json	STATIC_LITERAL_NOT_COMPLETE_DEPENDENCY_PROOF
A038	scripts/06_clinical/HCC_ICI_project/04_scripts/phase19/03_phase19b_response_blind_scoring.R	PHASE19B_RESPONSE_BLIND_OBJECT.rds	STATIC_LITERAL_NOT_COMPLETE_DEPENDENCY_PROOF
A038	scripts/06_clinical/HCC_ICI_project/04_scripts/phase19/03_phase19b_response_blind_scoring.R	PHASE19B_RESPONSE_BLIND_SCORING_LOG.txt	STATIC_LITERAL_NOT_COMPLETE_DEPENDENCY_PROOF
A038	scripts/06_clinical/HCC_ICI_project/04_scripts/phase19/03_phase19b_response_blind_scoring.R	PTPN22_CLINICAL_AXES_FROZEN.tsv	STATIC_LITERAL_NOT_COMPLETE_DEPENDENCY_PROOF
A038	scripts/06_clinical/HCC_ICI_project/04_scripts/phase19/03_phase19b_response_blind_scoring.R	mmc2.xlsx	STATIC_LITERAL_NOT_COMPLETE_DEPENDENCY_PROOF
A038	scripts/06_clinical/HCC_ICI_project/04_scripts/phase19/03_phase19b_response_blind_scoring.R	phase19b_response_blind_tables.json	STATIC_LITERAL_NOT_COMPLETE_DEPENDENCY_PROOF
A039	scripts/06_clinical/HCC_ICI_project/04_scripts/phase19/04_phase19b_freeze_response_blind_tables.py	AF35_PUBLISHED_SIGNATURE_MOLECULAR_RELATIONSHIPS.tsv	STATIC_LITERAL_NOT_COMPLETE_DEPENDENCY_PROOF
A039	scripts/06_clinical/HCC_ICI_project/04_scripts/phase19/04_phase19b_freeze_response_blind_tables.py	ERP117672_PUBLISHED_SIGNATURE_SCORES_RESPONSE_BLIND.tsv	STATIC_LITERAL_NOT_COMPLETE_DEPENDENCY_PROOF
A039	scripts/06_clinical/HCC_ICI_project/04_scripts/phase19/04_phase19b_freeze_response_blind_tables.py	GSE302495_PUBLISHED_SIGNATURE_SCORES_RESPONSE_BLIND.tsv	STATIC_LITERAL_NOT_COMPLETE_DEPENDENCY_PROOF
A039	scripts/06_clinical/HCC_ICI_project/04_scripts/phase19/04_phase19b_freeze_response_blind_tables.py	PHASE19B_EXACT_PUBLISHED_SIGNATURE_CONTRACT.tsv	STATIC_LITERAL_NOT_COMPLETE_DEPENDENCY_PROOF
A039	scripts/06_clinical/HCC_ICI_project/04_scripts/phase19/04_phase19b_freeze_response_blind_tables.py	PHASE19B_PUBLISHED_SIGNATURE_CANDIDATE_POOL.tsv	STATIC_LITERAL_NOT_COMPLETE_DEPENDENCY_PROOF
A039	scripts/06_clinical/HCC_ICI_project/04_scripts/phase19/04_phase19b_freeze_response_blind_tables.py	PHASE19B_PUBLISHED_SIGNATURE_TIER_ASSIGNMENT.tsv	STATIC_LITERAL_NOT_COMPLETE_DEPENDENCY_PROOF
A039	scripts/06_clinical/HCC_ICI_project/04_scripts/phase19/04_phase19b_freeze_response_blind_tables.py	PHASE19B_RESPONSE_BLIND_FREEZE.json	STATIC_LITERAL_NOT_COMPLETE_DEPENDENCY_PROOF
A039	scripts/06_clinical/HCC_ICI_project/04_scripts/phase19/04_phase19b_freeze_response_blind_tables.py	PHASE19B_RESPONSE_BLIND_OBJECT.rds	STATIC_LITERAL_NOT_COMPLETE_DEPENDENCY_PROOF
A039	scripts/06_clinical/HCC_ICI_project/04_scripts/phase19/04_phase19b_freeze_response_blind_tables.py	PHASE19B_RESPONSE_BLIND_TABLE_LOCK.json	STATIC_LITERAL_NOT_COMPLETE_DEPENDENCY_PROOF
A040	scripts/06_clinical/HCC_ICI_project/04_scripts/phase19/05_phase19b_outcome_analysis.R	AF35_PUBLISHED_SIGNATURE_MOLECULAR_RELATIONSHIPS.tsv	STATIC_LITERAL_NOT_COMPLETE_DEPENDENCY_PROOF
A040	scripts/06_clinical/HCC_ICI_project/04_scripts/phase19/05_phase19b_outcome_analysis.R	ERP117672_PATIENT_RESPONSE_MAP.tsv	STATIC_LITERAL_NOT_COMPLETE_DEPENDENCY_PROOF
A040	scripts/06_clinical/HCC_ICI_project/04_scripts/phase19/05_phase19b_outcome_analysis.R	ERP117672_PUBLISHED_SIGNATURE_EFFECTS.tsv	STATIC_LITERAL_NOT_COMPLETE_DEPENDENCY_PROOF
A040	scripts/06_clinical/HCC_ICI_project/04_scripts/phase19/05_phase19b_outcome_analysis.R	ERP117672_PUBLISHED_SIGNATURE_SCORES_RESPONSE_BLIND.tsv	STATIC_LITERAL_NOT_COMPLETE_DEPENDENCY_PROOF
A040	scripts/06_clinical/HCC_ICI_project/04_scripts/phase19/05_phase19b_outcome_analysis.R	GSE302495_PATIENT_RESPONSE_MAP.tsv	STATIC_LITERAL_NOT_COMPLETE_DEPENDENCY_PROOF
A040	scripts/06_clinical/HCC_ICI_project/04_scripts/phase19/05_phase19b_outcome_analysis.R	GSE302495_PUBLISHED_SIGNATURE_EFFECTS.tsv	STATIC_LITERAL_NOT_COMPLETE_DEPENDENCY_PROOF
A040	scripts/06_clinical/HCC_ICI_project/04_scripts/phase19/05_phase19b_outcome_analysis.R	GSE302495_PUBLISHED_SIGNATURE_SCORES_RESPONSE_BLIND.tsv	STATIC_LITERAL_NOT_COMPLETE_DEPENDENCY_PROOF
A040	scripts/06_clinical/HCC_ICI_project/04_scripts/phase19/05_phase19b_outcome_analysis.R	PHASE19B_AF35_CONDITIONAL_PUBLISHED_SIGNATURE_MODELS.tsv	STATIC_LITERAL_NOT_COMPLETE_DEPENDENCY_PROOF
A040	scripts/06_clinical/HCC_ICI_project/04_scripts/phase19/05_phase19b_outcome_analysis.R	PHASE19B_AF35_PUBLISHED_SIGNATURE_RESIDUAL_SENSITIVITY.tsv	STATIC_LITERAL_NOT_COMPLETE_DEPENDENCY_PROOF
A040	scripts/06_clinical/HCC_ICI_project/04_scripts/phase19/05_phase19b_outcome_analysis.R	PHASE19B_EXACT_PUBLISHED_SIGNATURE_CONTRACT.tsv	STATIC_LITERAL_NOT_COMPLETE_DEPENDENCY_PROOF
A040	scripts/06_clinical/HCC_ICI_project/04_scripts/phase19/05_phase19b_outcome_analysis.R	PHASE19B_OUTCOME_ANALYSIS_LOG.txt	STATIC_LITERAL_NOT_COMPLETE_DEPENDENCY_PROOF
A040	scripts/06_clinical/HCC_ICI_project/04_scripts/phase19/05_phase19b_outcome_analysis.R	PHASE19B_OUTCOME_ANALYSIS_RESULTS.rds	STATIC_LITERAL_NOT_COMPLETE_DEPENDENCY_PROOF
A040	scripts/06_clinical/HCC_ICI_project/04_scripts/phase19/05_phase19b_outcome_analysis.R	PHASE19B_PUBLISHED_SIGNATURE_CANDIDATE_POOL.tsv	STATIC_LITERAL_NOT_COMPLETE_DEPENDENCY_PROOF
A040	scripts/06_clinical/HCC_ICI_project/04_scripts/phase19/05_phase19b_outcome_analysis.R	PHASE19B_PUBLISHED_SIGNATURE_TIER_ASSIGNMENT.tsv	STATIC_LITERAL_NOT_COMPLETE_DEPENDENCY_PROOF
A040	scripts/06_clinical/HCC_ICI_project/04_scripts/phase19/05_phase19b_outcome_analysis.R	PHASE19B_RESPONSE_BLIND_FREEZE.json	STATIC_LITERAL_NOT_COMPLETE_DEPENDENCY_PROOF
A040	scripts/06_clinical/HCC_ICI_project/04_scripts/phase19/05_phase19b_outcome_analysis.R	PHASE19B_RESPONSE_BLIND_OBJECT.rds	STATIC_LITERAL_NOT_COMPLETE_DEPENDENCY_PROOF
A040	scripts/06_clinical/HCC_ICI_project/04_scripts/phase19/05_phase19b_outcome_analysis.R	PHASE19B_RESPONSE_BLIND_TABLE_LOCK.json	STATIC_LITERAL_NOT_COMPLETE_DEPENDENCY_PROOF
A040	scripts/06_clinical/HCC_ICI_project/04_scripts/phase19/05_phase19b_outcome_analysis.R	phase19b_outcome_summary.json	STATIC_LITERAL_NOT_COMPLETE_DEPENDENCY_PROOF
A040	scripts/06_clinical/HCC_ICI_project/04_scripts/phase19/05_phase19b_outcome_analysis.R	phase19b_outcome_tables.json	STATIC_LITERAL_NOT_COMPLETE_DEPENDENCY_PROOF
A041	scripts/02_state_architecture/HCC_ICI_project/04_scripts/phase2/07_functional_program_GSE206325.R	GSE206325_phase2_patient_state_pseudobulk.rds	STATIC_LITERAL_NOT_COMPLETE_DEPENDENCY_PROOF
A041	scripts/02_state_architecture/HCC_ICI_project/04_scripts/phase2/07_functional_program_GSE206325.R	HCC_ICI_project/04_scripts/config.R	STATIC_LITERAL_NOT_COMPLETE_DEPENDENCY_PROOF
A041	scripts/02_state_architecture/HCC_ICI_project/04_scripts/phase2/07_functional_program_GSE206325.R	PTPN22_FUNCTIONAL_GENE_ASSOCIATIONS.tsv	STATIC_LITERAL_NOT_COMPLETE_DEPENDENCY_PROOF
A041	scripts/02_state_architecture/HCC_ICI_project/04_scripts/phase2/07_functional_program_GSE206325.R	PTPN22_FUNCTIONAL_PATHWAY_ENRICHMENT.tsv	STATIC_LITERAL_NOT_COMPLETE_DEPENDENCY_PROOF
A041	scripts/02_state_architecture/HCC_ICI_project/04_scripts/phase2/07_functional_program_GSE206325.R	PTPN22_PATIENT_AWARE_PROGRAM_ASSOCIATIONS.tsv	STATIC_LITERAL_NOT_COMPLETE_DEPENDENCY_PROOF
A041	scripts/02_state_architecture/HCC_ICI_project/04_scripts/phase2/07_functional_program_GSE206325.R	PTPN22_PATIENT_PROGRAM_SCORES.tsv	STATIC_LITERAL_NOT_COMPLETE_DEPENDENCY_PROOF
A042	scripts/04_clonotype/HCC_ICI_project/04_scripts/phase3/03_independent_scrna_sctcr_clone_state.R	01_metadata/PHASE3_SCRNA_SCTCR_BARCODE_MAPPING_MANIFEST.tsv	STATIC_LITERAL_NOT_COMPLETE_DEPENDENCY_PROOF
A042	scripts/04_clonotype/HCC_ICI_project/04_scripts/phase3/03_independent_scrna_sctcr_clone_state.R	01_metadata/phase3/GSE235863_CLONOTYPE_ANALYSIS_DESIGN.tsv	STATIC_LITERAL_NOT_COMPLETE_DEPENDENCY_PROOF
A042	scripts/04_clonotype/HCC_ICI_project/04_scripts/phase3/03_independent_scrna_sctcr_clone_state.R	01_metadata/phase3/GSE235863_SCRNA_SCTCR_RESPONSE_MAPPING.tsv	STATIC_LITERAL_NOT_COMPLETE_DEPENDENCY_PROOF
A042	scripts/04_clonotype/HCC_ICI_project/04_scripts/phase3/03_independent_scrna_sctcr_clone_state.R	02_raw_data/GSE235863/GSE235863_nine_patients_TCR.csv.gz	STATIC_LITERAL_NOT_COMPLETE_DEPENDENCY_PROOF
A042	scripts/04_clonotype/HCC_ICI_project/04_scripts/phase3/03_independent_scrna_sctcr_clone_state.R	03_processed_data/phase3/GSE235863_BARCODE_CLONOTYPE_STATE_PTPN22.tsv.gz	STATIC_LITERAL_NOT_COMPLETE_DEPENDENCY_PROOF
A042	scripts/04_clonotype/HCC_ICI_project/04_scripts/phase3/03_independent_scrna_sctcr_clone_state.R	03_processed_data/phase3/GSE235863_H5AD_PTPN22_CELL_DATA.tsv.gz	STATIC_LITERAL_NOT_COMPLETE_DEPENDENCY_PROOF
A042	scripts/04_clonotype/HCC_ICI_project/04_scripts/phase3/03_independent_scrna_sctcr_clone_state.R	03_processed_data/phase3/GSE235863_nine_patients_scRNAseq_cd45_raw_counts.h5ad	STATIC_LITERAL_NOT_COMPLETE_DEPENDENCY_PROOF
A042	scripts/04_clonotype/HCC_ICI_project/04_scripts/phase3/03_independent_scrna_sctcr_clone_state.R	05_results/tables/phase3/GSE235863_BARCODE_MAPPING_AUDIT.tsv	STATIC_LITERAL_NOT_COMPLETE_DEPENDENCY_PROOF
A042	scripts/04_clonotype/HCC_ICI_project/04_scripts/phase3/03_independent_scrna_sctcr_clone_state.R	05_results/tables/phase3/GSE235863_CLONE_PATIENT_SUMMARIES.tsv	STATIC_LITERAL_NOT_COMPLETE_DEPENDENCY_PROOF
A042	scripts/04_clonotype/HCC_ICI_project/04_scripts/phase3/03_independent_scrna_sctcr_clone_state.R	05_results/tables/phase3/GSE235863_CLONE_STATE_CONTEXT_SUMMARIES.tsv	STATIC_LITERAL_NOT_COMPLETE_DEPENDENCY_PROOF
A042	scripts/04_clonotype/HCC_ICI_project/04_scripts/phase3/03_independent_scrna_sctcr_clone_state.R	05_results/tables/phase3/GSE235863_CLONE_STATE_PATIENT_SUMMARIES.tsv	STATIC_LITERAL_NOT_COMPLETE_DEPENDENCY_PROOF
A042	scripts/04_clonotype/HCC_ICI_project/04_scripts/phase3/03_independent_scrna_sctcr_clone_state.R	05_results/tables/phase3/GSE235863_CLONOTYPE_SUMMARIES.tsv.gz	STATIC_LITERAL_NOT_COMPLETE_DEPENDENCY_PROOF
A042	scripts/04_clonotype/HCC_ICI_project/04_scripts/phase3/03_independent_scrna_sctcr_clone_state.R	05_results/tables/phase3/GSE235863_H5AD_PTPN22_EXTRACTION_AUDIT.tsv	STATIC_LITERAL_NOT_COMPLETE_DEPENDENCY_PROOF
A042	scripts/04_clonotype/HCC_ICI_project/04_scripts/phase3/03_independent_scrna_sctcr_clone_state.R	05_results/tables/phase3/GSE235863_H5AD_STRUCTURE.tsv	STATIC_LITERAL_NOT_COMPLETE_DEPENDENCY_PROOF
A042	scripts/04_clonotype/HCC_ICI_project/04_scripts/phase3/03_independent_scrna_sctcr_clone_state.R	05_results/tables/phase3/GSE235863_PATIENT_LEVEL_EFFECTS.tsv	STATIC_LITERAL_NOT_COMPLETE_DEPENDENCY_PROOF
A042	scripts/04_clonotype/HCC_ICI_project/04_scripts/phase3/03_independent_scrna_sctcr_clone_state.R	05_results/tables/phase3/GSE235863_PERSISTENCE_SUMMARIES.tsv	STATIC_LITERAL_NOT_COMPLETE_DEPENDENCY_PROOF
A042	scripts/04_clonotype/HCC_ICI_project/04_scripts/phase3/03_independent_scrna_sctcr_clone_state.R	05_results/tables/phase3/GSE235863_STATE_LABEL_ALIAS_AUDIT.tsv	STATIC_LITERAL_NOT_COMPLETE_DEPENDENCY_PROOF
A042	scripts/04_clonotype/HCC_ICI_project/04_scripts/phase3/03_independent_scrna_sctcr_clone_state.R	05_results/tables/phase3/GSE235863_WITHIN_PATIENT_CLONAL_ASSOCIATIONS.tsv	STATIC_LITERAL_NOT_COMPLETE_DEPENDENCY_PROOF
A043	scripts/04_clonotype/HCC_ICI_project/04_scripts/phase_temporal/01_gse235863_baseline_future_clone_fate.R	01_metadata/phase3/GSE235863_CLONOTYPE_ANALYSIS_DESIGN.tsv	STATIC_LITERAL_NOT_COMPLETE_DEPENDENCY_PROOF
A043	scripts/04_clonotype/HCC_ICI_project/04_scripts/phase_temporal/01_gse235863_baseline_future_clone_fate.R	01_metadata/phase3/GSE235863_SCRNA_SCTCR_RESPONSE_MAPPING.tsv	STATIC_LITERAL_NOT_COMPLETE_DEPENDENCY_PROOF
A043	scripts/04_clonotype/HCC_ICI_project/04_scripts/phase_temporal/01_gse235863_baseline_future_clone_fate.R	01_metadata/phase_temporal/GSE235863_LONGITUDINAL_CLONE_FATE_MANIFEST.tsv	STATIC_LITERAL_NOT_COMPLETE_DEPENDENCY_PROOF
A043	scripts/04_clonotype/HCC_ICI_project/04_scripts/phase_temporal/01_gse235863_baseline_future_clone_fate.R	02_raw_data/GSE235863/GSE235863_family.soft.gz	STATIC_LITERAL_NOT_COMPLETE_DEPENDENCY_PROOF
A043	scripts/04_clonotype/HCC_ICI_project/04_scripts/phase_temporal/01_gse235863_baseline_future_clone_fate.R	03_processed_data/phase3/GSE235863_BARCODE_CLONOTYPE_STATE_PTPN22.tsv.gz	STATIC_LITERAL_NOT_COMPLETE_DEPENDENCY_PROOF
A043	scripts/04_clonotype/HCC_ICI_project/04_scripts/phase_temporal/01_gse235863_baseline_future_clone_fate.R	05_results/tables/temporal/GSE235863_BASELINE_CLONE_FATE_TABLE.tsv	STATIC_LITERAL_NOT_COMPLETE_DEPENDENCY_PROOF
A043	scripts/04_clonotype/HCC_ICI_project/04_scripts/phase_temporal/01_gse235863_baseline_future_clone_fate.R	05_results/tables/temporal/PTPN22_FUTURE_EXPANSION_ASSOCIATIONS.tsv	STATIC_LITERAL_NOT_COMPLETE_DEPENDENCY_PROOF
A043	scripts/04_clonotype/HCC_ICI_project/04_scripts/phase_temporal/01_gse235863_baseline_future_clone_fate.R	05_results/tables/temporal/PTPN22_PATIENT_LEVEL_TEMPORAL_EFFECTS.tsv	STATIC_LITERAL_NOT_COMPLETE_DEPENDENCY_PROOF
A043	scripts/04_clonotype/HCC_ICI_project/04_scripts/phase_temporal/01_gse235863_baseline_future_clone_fate.R	05_results/tables/temporal/PTPN22_TEMPORAL_SENSITIVITY.tsv	STATIC_LITERAL_NOT_COMPLETE_DEPENDENCY_PROOF
A044	scripts/06_clinical/HCC_ICI_project/04_scripts/pretreatment_clinical_translation/01_gse104580_tace_falsification.R	GPL570.annot.gz	STATIC_LITERAL_NOT_COMPLETE_DEPENDENCY_PROOF
A044	scripts/06_clinical/HCC_ICI_project/04_scripts/pretreatment_clinical_translation/01_gse104580_tace_falsification.R	GSE104580_PATIENT_RESPONSE_MAP.tsv	STATIC_LITERAL_NOT_COMPLETE_DEPENDENCY_PROOF
A044	scripts/06_clinical/HCC_ICI_project/04_scripts/pretreatment_clinical_translation/01_gse104580_tace_falsification.R	GSE104580_TACE_BROAD_IMMUNE_CORRELATIONS.tsv	STATIC_LITERAL_NOT_COMPLETE_DEPENDENCY_PROOF
A044	scripts/06_clinical/HCC_ICI_project/04_scripts/pretreatment_clinical_translation/01_gse104580_tace_falsification.R	GSE104580_TACE_CONTEXT_FALSIFICATION.md	STATIC_LITERAL_NOT_COMPLETE_DEPENDENCY_PROOF
A044	scripts/06_clinical/HCC_ICI_project/04_scripts/pretreatment_clinical_translation/01_gse104580_tace_falsification.R	GSE104580_TACE_CONTINUOUS_EFFECTS.tsv	STATIC_LITERAL_NOT_COMPLETE_DEPENDENCY_PROOF
A044	scripts/06_clinical/HCC_ICI_project/04_scripts/pretreatment_clinical_translation/01_gse104580_tace_falsification.R	GSE104580_TACE_PATIENT_SCORES.tsv	STATIC_LITERAL_NOT_COMPLETE_DEPENDENCY_PROOF
A044	scripts/06_clinical/HCC_ICI_project/04_scripts/pretreatment_clinical_translation/01_gse104580_tace_falsification.R	GSE104580_TACE_PROGRAM_COVERAGE.tsv	STATIC_LITERAL_NOT_COMPLETE_DEPENDENCY_PROOF
A044	scripts/06_clinical/HCC_ICI_project/04_scripts/pretreatment_clinical_translation/01_gse104580_tace_falsification.R	GSE104580_series_matrix.txt.gz	STATIC_LITERAL_NOT_COMPLETE_DEPENDENCY_PROOF
A044	scripts/06_clinical/HCC_ICI_project/04_scripts/pretreatment_clinical_translation/01_gse104580_tace_falsification.R	PHASE3_PTPN22_SPECIFICITY_COMPARATOR_PROGRAMS.tsv	STATIC_LITERAL_NOT_COMPLETE_DEPENDENCY_PROOF
A044	scripts/06_clinical/HCC_ICI_project/04_scripts/pretreatment_clinical_translation/01_gse104580_tace_falsification.R	PRETREATMENT_CLINICAL_ANALYSIS_CONTRACT.md	STATIC_LITERAL_NOT_COMPLETE_DEPENDENCY_PROOF
A044	scripts/06_clinical/HCC_ICI_project/04_scripts/pretreatment_clinical_translation/01_gse104580_tace_falsification.R	PTPN22_CLINICAL_AXES_FROZEN.tsv	STATIC_LITERAL_NOT_COMPLETE_DEPENDENCY_PROOF
A045	scripts/05_spatial/HCC_ICI_project/04_scripts/spatial_specificity_rescue/01_spatial_specificity_rescue.R	.cell_data.csv	STATIC_LITERAL_NOT_COMPLETE_DEPENDENCY_PROOF
A045	scripts/05_spatial/HCC_ICI_project/04_scripts/spatial_specificity_rescue/01_spatial_specificity_rescue.R	.cell_types.csv	STATIC_LITERAL_NOT_COMPLETE_DEPENDENCY_PROOF
A045	scripts/05_spatial/HCC_ICI_project/04_scripts/spatial_specificity_rescue/01_spatial_specificity_rescue.R	.expression.csv	STATIC_LITERAL_NOT_COMPLETE_DEPENDENCY_PROOF
A045	scripts/05_spatial/HCC_ICI_project/04_scripts/spatial_specificity_rescue/01_spatial_specificity_rescue.R	PHASE3_PTPN22_SPECIFICITY_COMPARATOR_PROGRAMS.tsv	STATIC_LITERAL_NOT_COMPLETE_DEPENDENCY_PROOF
A045	scripts/05_spatial/HCC_ICI_project/04_scripts/spatial_specificity_rescue/01_spatial_specificity_rescue.R	PTPN22_CLINICAL_AXES_FROZEN.tsv	STATIC_LITERAL_NOT_COMPLETE_DEPENDENCY_PROOF
A045	scripts/05_spatial/HCC_ICI_project/04_scripts/spatial_specificity_rescue/01_spatial_specificity_rescue.R	PTPN22_CODEX_CONDITIONAL_EFFECTS.tsv	STATIC_LITERAL_NOT_COMPLETE_DEPENDENCY_PROOF
A045	scripts/05_spatial/HCC_ICI_project/04_scripts/spatial_specificity_rescue/01_spatial_specificity_rescue.R	PTPN22_CONDITIONAL_SPATIAL_EFFECTS.tsv	STATIC_LITERAL_NOT_COMPLETE_DEPENDENCY_PROOF
A045	scripts/05_spatial/HCC_ICI_project/04_scripts/spatial_specificity_rescue/01_spatial_specificity_rescue.R	PTPN22_CONDITIONAL_SPATIAL_SCORE_CONTRACT.md	STATIC_LITERAL_NOT_COMPLETE_DEPENDENCY_PROOF
A045	scripts/05_spatial/HCC_ICI_project/04_scripts/spatial_specificity_rescue/01_spatial_specificity_rescue.R	PTPN22_IMMUNE_MATCHED_REGIONAL_EFFECTS.tsv	STATIC_LITERAL_NOT_COMPLETE_DEPENDENCY_PROOF
A045	scripts/05_spatial/HCC_ICI_project/04_scripts/spatial_specificity_rescue/01_spatial_specificity_rescue.R	PTPN22_SPATIAL_NULL_MATCHING_AUDIT.tsv	STATIC_LITERAL_NOT_COMPLETE_DEPENDENCY_PROOF
A045	scripts/05_spatial/HCC_ICI_project/04_scripts/spatial_specificity_rescue/01_spatial_specificity_rescue.R	PTPN22_SPATIAL_NULL_PATIENT_METRICS.tsv	STATIC_LITERAL_NOT_COMPLETE_DEPENDENCY_PROOF
A045	scripts/05_spatial/HCC_ICI_project/04_scripts/spatial_specificity_rescue/01_spatial_specificity_rescue.R	PTPN22_SPATIAL_PROGRAM_FROZEN_PROVENANCE.tsv	STATIC_LITERAL_NOT_COMPLETE_DEPENDENCY_PROOF
A045	scripts/05_spatial/HCC_ICI_project/04_scripts/spatial_specificity_rescue/01_spatial_specificity_rescue.R	PTPN22_SPATIAL_RESCUE_FALSIFICATION_INPUTS.tsv	STATIC_LITERAL_NOT_COMPLETE_DEPENDENCY_PROOF
A045	scripts/05_spatial/HCC_ICI_project/04_scripts/spatial_specificity_rescue/01_spatial_specificity_rescue.R	PTPN22_SPATIAL_RESCUE_GATE_INPUTS.tsv	STATIC_LITERAL_NOT_COMPLETE_DEPENDENCY_PROOF
A045	scripts/05_spatial/HCC_ICI_project/04_scripts/spatial_specificity_rescue/01_spatial_specificity_rescue.R	PTPN22_ST_CODEX_CROSSMODAL_CONCORDANCE.tsv	STATIC_LITERAL_NOT_COMPLETE_DEPENDENCY_PROOF
A045	scripts/05_spatial/HCC_ICI_project/04_scripts/spatial_specificity_rescue/01_spatial_specificity_rescue.R	SPATIAL_RESCUE_INPUT_AUDIT.md	STATIC_LITERAL_NOT_COMPLETE_DEPENDENCY_PROOF
A045	scripts/05_spatial/HCC_ICI_project/04_scripts/spatial_specificity_rescue/01_spatial_specificity_rescue.R	WU_HCC_SPATIAL_PATIENT_SAMPLE_MAP.tsv	STATIC_LITERAL_NOT_COMPLETE_DEPENDENCY_PROOF
A045	scripts/05_spatial/HCC_ICI_project/04_scripts/spatial_specificity_rescue/01_spatial_specificity_rescue.R	WU_SPATIAL_COREGISTRATION_REGION_AUDIT.tsv	STATIC_LITERAL_NOT_COMPLETE_DEPENDENCY_PROOF
A045	scripts/05_spatial/HCC_ICI_project/04_scripts/spatial_specificity_rescue/01_spatial_specificity_rescue.R	WU_SPATIAL_GENE_MATCHING_STATS.rds	STATIC_LITERAL_NOT_COMPLETE_DEPENDENCY_PROOF
A045	scripts/05_spatial/HCC_ICI_project/04_scripts/spatial_specificity_rescue/01_spatial_specificity_rescue.R	WU_VISIUM_V8_RECOMPUTATION_AUDIT.tsv	STATIC_LITERAL_NOT_COMPLETE_DEPENDENCY_PROOF
A045	scripts/05_spatial/HCC_ICI_project/04_scripts/spatial_specificity_rescue/01_spatial_specificity_rescue.R	barcodes.tsv.gz	STATIC_LITERAL_NOT_COMPLETE_DEPENDENCY_PROOF
A045	scripts/05_spatial/HCC_ICI_project/04_scripts/spatial_specificity_rescue/01_spatial_specificity_rescue.R	features.tsv.gz	STATIC_LITERAL_NOT_COMPLETE_DEPENDENCY_PROOF
A045	scripts/05_spatial/HCC_ICI_project/04_scripts/spatial_specificity_rescue/01_spatial_specificity_rescue.R	matrix.mtx.gz	STATIC_LITERAL_NOT_COMPLETE_DEPENDENCY_PROOF
A045	scripts/05_spatial/HCC_ICI_project/04_scripts/spatial_specificity_rescue/01_spatial_specificity_rescue.R	metadata.csv	STATIC_LITERAL_NOT_COMPLETE_DEPENDENCY_PROOF
A045	scripts/05_spatial/HCC_ICI_project/04_scripts/spatial_specificity_rescue/01_spatial_specificity_rescue.R	tissue_positions_list.csv	STATIC_LITERAL_NOT_COMPLETE_DEPENDENCY_PROOF
A045	scripts/05_spatial/HCC_ICI_project/04_scripts/spatial_specificity_rescue/01_spatial_specificity_rescue.R	visium_all.h5ad	STATIC_LITERAL_NOT_COMPLETE_DEPENDENCY_PROOF
A046	scripts/02_state_architecture/PTPN22_AF35_COUPLING_ARCHITECTURE_v1/scripts/01_source_audit.py	01_metadata/phase19a_af35_clonotype/PHASE19A_AF35_GENE_PROJECTION_PARAMETERS.tsv	STATIC_LITERAL_NOT_COMPLETE_DEPENDENCY_PROOF
A046	scripts/02_state_architecture/PTPN22_AF35_COUPLING_ARCHITECTURE_v1/scripts/01_source_audit.py	01_metadata/phase19a_af35_clonotype/PHASE19A_AF35_SINGLE_CELL_PROJECTION_CONTRACT.md	STATIC_LITERAL_NOT_COMPLETE_DEPENDENCY_PROOF
A046	scripts/02_state_architecture/PTPN22_AF35_COUPLING_ARCHITECTURE_v1/scripts/01_source_audit.py	01_source/GSE235863_RELEASED_METADATA_DICTIONARY.tsv	STATIC_LITERAL_NOT_COMPLETE_DEPENDENCY_PROOF
A046	scripts/02_state_architecture/PTPN22_AF35_COUPLING_ARCHITECTURE_v1/scripts/01_source_audit.py	01_source/PTPN22_AF35_COUPLING_SOURCE_AUDIT.tsv	STATIC_LITERAL_NOT_COMPLETE_DEPENDENCY_PROOF
A046	scripts/02_state_architecture/PTPN22_AF35_COUPLING_ARCHITECTURE_v1/scripts/01_source_audit.py	01_source/R_OBJECT_STRUCTURE_AUDIT.tsv	STATIC_LITERAL_NOT_COMPLETE_DEPENDENCY_PROOF
A046	scripts/02_state_architecture/PTPN22_AF35_COUPLING_ARCHITECTURE_v1/scripts/01_source_audit.py	01_source/SOURCE_SHA256.tsv	STATIC_LITERAL_NOT_COMPLETE_DEPENDENCY_PROOF
A046	scripts/02_state_architecture/PTPN22_AF35_COUPLING_ARCHITECTURE_v1/scripts/01_source_audit.py	01_source/USER_REQUEST.txt	STATIC_LITERAL_NOT_COMPLETE_DEPENDENCY_PROOF
A046	scripts/02_state_architecture/PTPN22_AF35_COUPLING_ARCHITECTURE_v1/scripts/01_source_audit.py	03_processed_data/phase19a_af35_clonotype/GSE235863_AF35_RESPONSE_BLIND_PROJECTION.npz	STATIC_LITERAL_NOT_COMPLETE_DEPENDENCY_PROOF
A046	scripts/02_state_architecture/PTPN22_AF35_COUPLING_ARCHITECTURE_v1/scripts/01_source_audit.py	03_processed_data/phase3/GSE235863_BARCODE_CLONOTYPE_STATE_PTPN22.tsv.gz	STATIC_LITERAL_NOT_COMPLETE_DEPENDENCY_PROOF
A046	scripts/02_state_architecture/PTPN22_AF35_COUPLING_ARCHITECTURE_v1/scripts/01_source_audit.py	03_processed_data/phase3/GSE235863_nine_patients_scRNAseq_cd45_raw_counts.h5ad	STATIC_LITERAL_NOT_COMPLETE_DEPENDENCY_PROOF
A046	scripts/02_state_architecture/PTPN22_AF35_COUPLING_ARCHITECTURE_v1/scripts/01_source_audit.py	04_scripts/01_GSE149614/01_candidate_screen_GSE149614.R	STATIC_LITERAL_NOT_COMPLETE_DEPENDENCY_PROOF
A046	scripts/02_state_architecture/PTPN22_AF35_COUPLING_ARCHITECTURE_v1/scripts/01_source_audit.py	04_scripts/02_GSE206325/01_extract_compact_GSE206325.R	STATIC_LITERAL_NOT_COMPLETE_DEPENDENCY_PROOF
A046	scripts/02_state_architecture/PTPN22_AF35_COUPLING_ARCHITECTURE_v1/scripts/01_source_audit.py	04_scripts/03_replication_scRNA/01_candidate_screen_GSE326201.R	STATIC_LITERAL_NOT_COMPLETE_DEPENDENCY_PROOF
A046	scripts/02_state_architecture/PTPN22_AF35_COUPLING_ARCHITECTURE_v1/scripts/01_source_audit.py	04_scripts/config.R	STATIC_LITERAL_NOT_COMPLETE_DEPENDENCY_PROOF
A046	scripts/02_state_architecture/PTPN22_AF35_COUPLING_ARCHITECTURE_v1/scripts/01_source_audit.py	04_scripts/phase19/01_phase19a_response_blind_projection.py	STATIC_LITERAL_NOT_COMPLETE_DEPENDENCY_PROOF
A046	scripts/02_state_architecture/PTPN22_AF35_COUPLING_ARCHITECTURE_v1/scripts/01_source_audit.py	09_qa/AF35_MEMBERSHIP_AUDIT.tsv	STATIC_LITERAL_NOT_COMPLETE_DEPENDENCY_PROOF
A046	scripts/02_state_architecture/PTPN22_AF35_COUPLING_ARCHITECTURE_v1/scripts/01_source_audit.py	09_qa/CELL_COUNT_AUDIT.tsv	STATIC_LITERAL_NOT_COMPLETE_DEPENDENCY_PROOF
A046	scripts/02_state_architecture/PTPN22_AF35_COUPLING_ARCHITECTURE_v1/scripts/01_source_audit.py	09_qa/CLOSED_BRANCH_FILE_BASELINE.tsv	STATIC_LITERAL_NOT_COMPLETE_DEPENDENCY_PROOF
A046	scripts/02_state_architecture/PTPN22_AF35_COUPLING_ARCHITECTURE_v1/scripts/01_source_audit.py	09_qa/PATIENT_STATE_COVERAGE_BEFORE_EFFECTS.tsv	STATIC_LITERAL_NOT_COMPLETE_DEPENDENCY_PROOF
A046	scripts/02_state_architecture/PTPN22_AF35_COUPLING_ARCHITECTURE_v1/scripts/01_source_audit.py	AF35_FUNCTIONAL_STATE_PROTOCOL_FREEZE_v1.md	STATIC_LITERAL_NOT_COMPLETE_DEPENDENCY_PROOF
A046	scripts/02_state_architecture/PTPN22_AF35_COUPLING_ARCHITECTURE_v1/scripts/01_source_audit.py	AF35_FUNCTIONAL_STATE_SOURCE_BINDINGS.tsv	STATIC_LITERAL_NOT_COMPLETE_DEPENDENCY_PROOF
A046	scripts/02_state_architecture/PTPN22_AF35_COUPLING_ARCHITECTURE_v1/scripts/01_source_audit.py	AF35_ORDERED_GENES.tsv	STATIC_LITERAL_NOT_COMPLETE_DEPENDENCY_PROOF
A046	scripts/02_state_architecture/PTPN22_AF35_COUPLING_ARCHITECTURE_v1/scripts/01_source_audit.py	COMPLETE_SHA256_MANIFEST.tsv	STATIC_LITERAL_NOT_COMPLETE_DEPENDENCY_PROOF
A046	scripts/02_state_architecture/PTPN22_AF35_COUPLING_ARCHITECTURE_v1/scripts/01_source_audit.py	GSE149614_selected_gene_screen.rds	STATIC_LITERAL_NOT_COMPLETE_DEPENDENCY_PROOF
A046	scripts/02_state_architecture/PTPN22_AF35_COUPLING_ARCHITECTURE_v1/scripts/01_source_audit.py	GSE206325_compact_selected_gene_object.rds	STATIC_LITERAL_NOT_COMPLETE_DEPENDENCY_PROOF
A046	scripts/02_state_architecture/PTPN22_AF35_COUPLING_ARCHITECTURE_v1/scripts/01_source_audit.py	GSE326201_selected_gene_cell_screen.rds	STATIC_LITERAL_NOT_COMPLETE_DEPENDENCY_PROOF
A046	scripts/02_state_architecture/PTPN22_AF35_COUPLING_ARCHITECTURE_v1/scripts/01_source_audit.py	HCC_ICI_BIOLOGICAL_RESOLUTION_BR1_v1/data/FIGURE1_STATE_PROGRAM_ASSOCIATION_PLOT_READY.tsv	STATIC_LITERAL_NOT_COMPLETE_DEPENDENCY_PROOF
A046	scripts/02_state_architecture/PTPN22_AF35_COUPLING_ARCHITECTURE_v1/scripts/01_source_audit.py	HCC_ICI_BIOLOGICAL_RESOLUTION_BR1_v1/scripts/module_c_build_figure1_state_identity.R	STATIC_LITERAL_NOT_COMPLETE_DEPENDENCY_PROOF
A046	scripts/02_state_architecture/PTPN22_AF35_COUPLING_ARCHITECTURE_v1/scripts/01_source_audit.py	HCC_ICI_LATEST_PROJECT_CHECKPOINT.md	STATIC_LITERAL_NOT_COMPLETE_DEPENDENCY_PROOF
A046	scripts/02_state_architecture/PTPN22_AF35_COUPLING_ARCHITECTURE_v1/scripts/01_source_audit.py	HCC_ICI_MAIN_FIGURE_SOURCE_LEDGER.tsv	STATIC_LITERAL_NOT_COMPLETE_DEPENDENCY_PROOF
A046	scripts/02_state_architecture/PTPN22_AF35_COUPLING_ARCHITECTURE_v1/scripts/01_source_audit.py	HCC_ICI_checkpoint_2026-08-31_v20_CONTROLLED_MANUSCRIPT_CONSTRUCTION_FREEZE.md	STATIC_LITERAL_NOT_COMPLETE_DEPENDENCY_PROOF
A046	scripts/02_state_architecture/PTPN22_AF35_COUPLING_ARCHITECTURE_v1/scripts/01_source_audit.py	HCC_ICI_v20R2_MAIN_FIGURE_EXACT_SOURCE_MAP.tsv	STATIC_LITERAL_NOT_COMPLETE_DEPENDENCY_PROOF
A046	scripts/02_state_architecture/PTPN22_AF35_COUPLING_ARCHITECTURE_v1/scripts/01_source_audit.py	RELEASED_STATE_ORDER.tsv	STATIC_LITERAL_NOT_COMPLETE_DEPENDENCY_PROOF
A046	scripts/02_state_architecture/PTPN22_AF35_COUPLING_ARCHITECTURE_v1/scripts/01_source_audit.py	TCR_CELL_METADATA_RESPONSE_BLIND.tsv	STATIC_LITERAL_NOT_COMPLETE_DEPENDENCY_PROOF
A046	scripts/02_state_architecture/PTPN22_AF35_COUPLING_ARCHITECTURE_v1/scripts/01_source_audit.py	data/TECHNICAL_COVARIATES.tsv.gz	STATIC_LITERAL_NOT_COMPLETE_DEPENDENCY_PROOF
A046	scripts/02_state_architecture/PTPN22_AF35_COUPLING_ARCHITECTURE_v1/scripts/01_source_audit.py	inputs/AF35_ORDERED_GENES.tsv	STATIC_LITERAL_NOT_COMPLETE_DEPENDENCY_PROOF
A046	scripts/02_state_architecture/PTPN22_AF35_COUPLING_ARCHITECTURE_v1/scripts/01_source_audit.py	inputs/CELL_AF35_RAW_COUNTS_AND_FROZEN_SCORE.tsv.gz	STATIC_LITERAL_NOT_COMPLETE_DEPENDENCY_PROOF
A046	scripts/02_state_architecture/PTPN22_AF35_COUPLING_ARCHITECTURE_v1/scripts/01_source_audit.py	inputs/RELEASED_STATE_ORDER.tsv	STATIC_LITERAL_NOT_COMPLETE_DEPENDENCY_PROOF
A046	scripts/02_state_architecture/PTPN22_AF35_COUPLING_ARCHITECTURE_v1/scripts/01_source_audit.py	inputs/TCR_CELL_METADATA_RESPONSE_BLIND.tsv	STATIC_LITERAL_NOT_COMPLETE_DEPENDENCY_PROOF
A046	scripts/02_state_architecture/PTPN22_AF35_COUPLING_ARCHITECTURE_v1/scripts/01_source_audit.py	private_dependencies/unavailable_protocol.txt	STATIC_LITERAL_NOT_COMPLETE_DEPENDENCY_PROOF
A046	scripts/02_state_architecture/PTPN22_AF35_COUPLING_ARCHITECTURE_v1/scripts/01_source_audit.py	绘图视觉/HCC_ICI_FIGURE1_V2_6_RECONSTRUCTION_v1/source_copies/FROZEN_PANEL_LEDGER.tsv	STATIC_LITERAL_NOT_COMPLETE_DEPENDENCY_PROOF
A046	scripts/02_state_architecture/PTPN22_AF35_COUPLING_ARCHITECTURE_v1/scripts/01_source_audit.py	绘图视觉/HCC_ICI_FIVE_FIGURE_FINAL_ASSEMBLY_PHASE_A_V1/FIVE_FIGURE_FINAL_AUTHORITY_MANIFEST_V1.md	STATIC_LITERAL_NOT_COMPLETE_DEPENDENCY_PROOF
A047	scripts/02_state_architecture/PTPN22_AF35_COUPLING_ARCHITECTURE_v1/scripts/05_run_analysis.py	01_source/PTPN22_AF35_COUPLING_SOURCE_AUDIT.tsv	STATIC_LITERAL_NOT_COMPLETE_DEPENDENCY_PROOF
A047	scripts/02_state_architecture/PTPN22_AF35_COUPLING_ARCHITECTURE_v1/scripts/05_run_analysis.py	01_source/RELEASED_STATE_ORDER.tsv	STATIC_LITERAL_NOT_COMPLETE_DEPENDENCY_PROOF
A047	scripts/02_state_architecture/PTPN22_AF35_COUPLING_ARCHITECTURE_v1/scripts/05_run_analysis.py	01_source/SOURCE_SHA256.tsv	STATIC_LITERAL_NOT_COMPLETE_DEPENDENCY_PROOF
A047	scripts/02_state_architecture/PTPN22_AF35_COUPLING_ARCHITECTURE_v1/scripts/05_run_analysis.py	01_source/TCR_CELL_METADATA_RESPONSE_BLIND.tsv	STATIC_LITERAL_NOT_COMPLETE_DEPENDENCY_PROOF
A047	scripts/02_state_architecture/PTPN22_AF35_COUPLING_ARCHITECTURE_v1/scripts/05_run_analysis.py	02_manifest/FREEZE_LOCK.json	STATIC_LITERAL_NOT_COMPLETE_DEPENDENCY_PROOF
A047	scripts/02_state_architecture/PTPN22_AF35_COUPLING_ARCHITECTURE_v1/scripts/05_run_analysis.py	02_manifest/PTPN22_AF35_COUPLING_ANALYSIS_MANIFEST_V1.md	STATIC_LITERAL_NOT_COMPLETE_DEPENDENCY_PROOF
A047	scripts/02_state_architecture/PTPN22_AF35_COUPLING_ARCHITECTURE_v1/scripts/05_run_analysis.py	03_primary/PTPN22_AF35_PATIENT_COUPLING_DECOMPOSITION.tsv	STATIC_LITERAL_NOT_COMPLETE_DEPENDENCY_PROOF
A047	scripts/02_state_architecture/PTPN22_AF35_COUPLING_ARCHITECTURE_v1/scripts/05_run_analysis.py	03_processed_data/phase19a_af35_clonotype/GSE235863_AF35_RESPONSE_BLIND_PROJECTION.npz	STATIC_LITERAL_NOT_COMPLETE_DEPENDENCY_PROOF
A047	scripts/02_state_architecture/PTPN22_AF35_COUPLING_ARCHITECTURE_v1/scripts/05_run_analysis.py	03_processed_data/phase3/GSE235863_BARCODE_CLONOTYPE_STATE_PTPN22.tsv.gz	STATIC_LITERAL_NOT_COMPLETE_DEPENDENCY_PROOF
A047	scripts/02_state_architecture/PTPN22_AF35_COUPLING_ARCHITECTURE_v1/scripts/05_run_analysis.py	04_residual/PTPN22_AF35_STATE_RESIDUAL_COUPLING.tsv	STATIC_LITERAL_NOT_COMPLETE_DEPENDENCY_PROOF
A047	scripts/02_state_architecture/PTPN22_AF35_COUPLING_ARCHITECTURE_v1/scripts/05_run_analysis.py	05_state_architecture/PTPN22_AF35_STATE_CENTROIDS.tsv	STATIC_LITERAL_NOT_COMPLETE_DEPENDENCY_PROOF
A047	scripts/02_state_architecture/PTPN22_AF35_COUPLING_ARCHITECTURE_v1/scripts/05_run_analysis.py	05_state_architecture/PTPN22_AF35_STATE_SPECIFIC_COUPLING.tsv	STATIC_LITERAL_NOT_COMPLETE_DEPENDENCY_PROOF
A047	scripts/02_state_architecture/PTPN22_AF35_COUPLING_ARCHITECTURE_v1/scripts/05_run_analysis.py	05_state_architecture/STATE_CENTROID_PATIENT_EQUAL_SUMMARY.tsv	STATIC_LITERAL_NOT_COMPLETE_DEPENDENCY_PROOF
A047	scripts/02_state_architecture/PTPN22_AF35_COUPLING_ARCHITECTURE_v1/scripts/05_run_analysis.py	05_state_architecture/STATE_SPECIFIC_PATIENT_SUMMARY.tsv	STATIC_LITERAL_NOT_COMPLETE_DEPENDENCY_PROOF
A047	scripts/02_state_architecture/PTPN22_AF35_COUPLING_ARCHITECTURE_v1/scripts/05_run_analysis.py	06_patient_level/PATIENT_OVERALL_DESCRIPTIVE_ASSOCIATION.tsv	STATIC_LITERAL_NOT_COMPLETE_DEPENDENCY_PROOF
A047	scripts/02_state_architecture/PTPN22_AF35_COUPLING_ARCHITECTURE_v1/scripts/05_run_analysis.py	06_patient_level/PTPN22_AF35_PATIENT_PSEUDOBULK.tsv	STATIC_LITERAL_NOT_COMPLETE_DEPENDENCY_PROOF
A047	scripts/02_state_architecture/PTPN22_AF35_COUPLING_ARCHITECTURE_v1/scripts/05_run_analysis.py	07_robustness/PTPN22_AF35_COUPLING_LOPO.tsv	STATIC_LITERAL_NOT_COMPLETE_DEPENDENCY_PROOF
A047	scripts/02_state_architecture/PTPN22_AF35_COUPLING_ARCHITECTURE_v1/scripts/05_run_analysis.py	07_robustness/PTPN22_AF35_RARE_STATE_SENSITIVITY.tsv	STATIC_LITERAL_NOT_COMPLETE_DEPENDENCY_PROOF
A047	scripts/02_state_architecture/PTPN22_AF35_COUPLING_ARCHITECTURE_v1/scripts/05_run_analysis.py	07_robustness/PTPN22_AF35_TECHNICAL_SENSITIVITY.tsv	STATIC_LITERAL_NOT_COMPLETE_DEPENDENCY_PROOF
A047	scripts/02_state_architecture/PTPN22_AF35_COUPLING_ARCHITECTURE_v1/scripts/05_run_analysis.py	07_robustness/SOURCE_GATE_SUMMARY.tsv	STATIC_LITERAL_NOT_COMPLETE_DEPENDENCY_PROOF
A047	scripts/02_state_architecture/PTPN22_AF35_COUPLING_ARCHITECTURE_v1/scripts/05_run_analysis.py	09_qa/COUPLING_IDENTITY_AUDIT.tsv	STATIC_LITERAL_NOT_COMPLETE_DEPENDENCY_PROOF
A047	scripts/02_state_architecture/PTPN22_AF35_COUPLING_ARCHITECTURE_v1/scripts/05_run_analysis.py	11_checkpoint/FINAL_GATES.json	STATIC_LITERAL_NOT_COMPLETE_DEPENDENCY_PROOF
A047	scripts/02_state_architecture/PTPN22_AF35_COUPLING_ARCHITECTURE_v1/scripts/05_run_analysis.py	data/ANALYSIS_INPUT_RESPONSE_BLIND.tsv.gz	STATIC_LITERAL_NOT_COMPLETE_DEPENDENCY_PROOF
A047	scripts/02_state_architecture/PTPN22_AF35_COUPLING_ARCHITECTURE_v1/scripts/05_run_analysis.py	data/TECHNICAL_COVARIATES.tsv.gz	STATIC_LITERAL_NOT_COMPLETE_DEPENDENCY_PROOF
A047	scripts/02_state_architecture/PTPN22_AF35_COUPLING_ARCHITECTURE_v1/scripts/05_run_analysis.py	logs/EFFECT_RUN_STARTED.json	STATIC_LITERAL_NOT_COMPLETE_DEPENDENCY_PROOF
A049	scripts/07_perturbation/PTPN22_AF35_PROGRAM_PERTURBATION_PROJECTION_v1/scripts/04_projection.py	.tsv	STATIC_LITERAL_NOT_COMPLETE_DEPENDENCY_PROOF
A049	scripts/07_perturbation/PTPN22_AF35_PROGRAM_PERTURBATION_PROJECTION_v1/scripts/04_projection.py	AF35_LONGITUDINAL_CLONAL_STATE_DYNAMICS_M2_CLEANROOM_v1/03_phaseB_outcome_inputs/RESPONSE.tsv	STATIC_LITERAL_NOT_COMPLETE_DEPENDENCY_PROOF
A049	scripts/07_perturbation/PTPN22_AF35_PROGRAM_PERTURBATION_PROJECTION_v1/scripts/04_projection.py	AF35_ORDERED_GENES.tsv	STATIC_LITERAL_NOT_COMPLETE_DEPENDENCY_PROOF
A049	scripts/07_perturbation/PTPN22_AF35_PROGRAM_PERTURBATION_PROJECTION_v1/scripts/04_projection.py	CROSS_SYSTEM_RANDOM_SET_INDICES.tsv	STATIC_LITERAL_NOT_COMPLETE_DEPENDENCY_PROOF
A049	scripts/07_perturbation/PTPN22_AF35_PROGRAM_PERTURBATION_PROJECTION_v1/scripts/04_projection.py	CROSS_SYSTEM_REFERENCE_POOL.tsv	STATIC_LITERAL_NOT_COMPLETE_DEPENDENCY_PROOF
A049	scripts/07_perturbation/PTPN22_AF35_PROGRAM_PERTURBATION_PROJECTION_v1/scripts/04_projection.py	PROJECTION_COMPLETION.json	STATIC_LITERAL_NOT_COMPLETE_DEPENDENCY_PROOF
A049	scripts/07_perturbation/PTPN22_AF35_PROGRAM_PERTURBATION_PROJECTION_v1/scripts/04_projection.py	PROJECTION_FILE_ACCESS_LOG.tsv	STATIC_LITERAL_NOT_COMPLETE_DEPENDENCY_PROOF
A049	scripts/07_perturbation/PTPN22_AF35_PROGRAM_PERTURBATION_PROJECTION_v1/scripts/04_projection.py	README.md	STATIC_LITERAL_NOT_COMPLETE_DEPENDENCY_PROOF
A049	scripts/07_perturbation/PTPN22_AF35_PROGRAM_PERTURBATION_PROJECTION_v1/scripts/04_projection.py	SOURCE_GATE_LOCK.json	STATIC_LITERAL_NOT_COMPLETE_DEPENDENCY_PROOF
A049	scripts/07_perturbation/PTPN22_AF35_PROGRAM_PERTURBATION_PROJECTION_v1/scripts/04_projection.py	_COMMON_BACKGROUND.tsv	STATIC_LITERAL_NOT_COMPLETE_DEPENDENCY_PROOF
A049	scripts/07_perturbation/PTPN22_AF35_PROGRAM_PERTURBATION_PROJECTION_v1/scripts/04_projection.py	_CROSS_SYSTEM_GENE_CONSENSUS.tsv	STATIC_LITERAL_NOT_COMPLETE_DEPENDENCY_PROOF
A049	scripts/07_perturbation/PTPN22_AF35_PROGRAM_PERTURBATION_PROJECTION_v1/scripts/04_projection.py	_CROSS_SYSTEM_PROJECTION_SUMMARY.tsv	STATIC_LITERAL_NOT_COMPLETE_DEPENDENCY_PROOF
A049	scripts/07_perturbation/PTPN22_AF35_PROGRAM_PERTURBATION_PROJECTION_v1/scripts/04_projection.py	_CROSS_SYSTEM_RANDOM_REFERENCE.tsv	STATIC_LITERAL_NOT_COMPLETE_DEPENDENCY_PROOF
A049	scripts/07_perturbation/PTPN22_AF35_PROGRAM_PERTURBATION_PROJECTION_v1/scripts/04_projection.py	_DIRECTIONAL_CONSISTENCY.tsv	STATIC_LITERAL_NOT_COMPLETE_DEPENDENCY_PROOF
A049	scripts/07_perturbation/PTPN22_AF35_PROGRAM_PERTURBATION_PROJECTION_v1/scripts/04_projection.py	_GENE_LEVEL_ORIENTED_RANKS.tsv	STATIC_LITERAL_NOT_COMPLETE_DEPENDENCY_PROOF
A049	scripts/07_perturbation/PTPN22_AF35_PROGRAM_PERTURBATION_PROJECTION_v1/scripts/04_projection.py	_PERTURBATION_BACKGROUND_UNIVERSE.tsv	STATIC_LITERAL_NOT_COMPLETE_DEPENDENCY_PROOF
A049	scripts/07_perturbation/PTPN22_AF35_PROGRAM_PERTURBATION_PROJECTION_v1/scripts/04_projection.py	_PERTURBATION_ORIENTATION_FREEZE.tsv	STATIC_LITERAL_NOT_COMPLETE_DEPENDENCY_PROOF
A049	scripts/07_perturbation/PTPN22_AF35_PROGRAM_PERTURBATION_PROJECTION_v1/scripts/04_projection.py	_SYSTEM_PROGRAM_SHIFT.tsv	STATIC_LITERAL_NOT_COMPLETE_DEPENDENCY_PROOF
A049	scripts/07_perturbation/PTPN22_AF35_PROGRAM_PERTURBATION_PROJECTION_v1/scripts/04_projection.py	_SYSTEM_RANDOM_REFERENCE.tsv	STATIC_LITERAL_NOT_COMPLETE_DEPENDENCY_PROOF
A049	scripts/07_perturbation/PTPN22_AF35_PROGRAM_PERTURBATION_PROJECTION_v1/scripts/04_projection.py	_SYSTEM_RANDOM_REFERENCE_SUMMARY.tsv	STATIC_LITERAL_NOT_COMPLETE_DEPENDENCY_PROOF
A051	scripts/07_perturbation/PTPN22_HUMAN_GENETIC_ACTIVATION_Phase0_v1/scripts/02_build_phase0_audits.py	01_source/Chemin_2018_HD_TABLE1_TRANSCRIPTION.tsv	STATIC_LITERAL_NOT_COMPLETE_DEPENDENCY_PROOF
A051	scripts/07_perturbation/PTPN22_HUMAN_GENETIC_ACTIVATION_Phase0_v1/scripts/02_build_phase0_audits.py	01_source/GEO_METADATA_PARSED.tsv	STATIC_LITERAL_NOT_COMPLETE_DEPENDENCY_PROOF
A051	scripts/07_perturbation/PTPN22_HUMAN_GENETIC_ACTIVATION_Phase0_v1/scripts/02_build_phase0_audits.py	01_source/GSE94859_SAMPLE_PAIRING_LEDGER.tsv	STATIC_LITERAL_NOT_COMPLETE_DEPENDENCY_PROOF
A051	scripts/07_perturbation/PTPN22_HUMAN_GENETIC_ACTIVATION_Phase0_v1/scripts/02_build_phase0_audits.py	01_source/GSE94859_SRA_SAMPLE_MAPPING.tsv	STATIC_LITERAL_NOT_COMPLETE_DEPENDENCY_PROOF
A051	scripts/07_perturbation/PTPN22_HUMAN_GENETIC_ACTIVATION_Phase0_v1/scripts/02_build_phase0_audits.py	01_source/PTPN22_MECHANISM_PROGRAMS_FROZEN.tsv	STATIC_LITERAL_NOT_COMPLETE_DEPENDENCY_PROOF
A051	scripts/07_perturbation/PTPN22_HUMAN_GENETIC_ACTIVATION_Phase0_v1/scripts/02_build_phase0_audits.py	02_genotype/GSE94859_GENOTYPE_COUNTS.tsv	STATIC_LITERAL_NOT_COMPLETE_DEPENDENCY_PROOF
A051	scripts/07_perturbation/PTPN22_HUMAN_GENETIC_ACTIVATION_Phase0_v1/scripts/02_build_phase0_audits.py	02_genotype/GSE94859_GENOTYPE_COVARIATE_BALANCE.tsv	STATIC_LITERAL_NOT_COMPLETE_DEPENDENCY_PROOF
A051	scripts/07_perturbation/PTPN22_HUMAN_GENETIC_ACTIVATION_Phase0_v1/scripts/02_build_phase0_audits.py	02_genotype/GSE94859_GENOTYPE_MAPPING.tsv	STATIC_LITERAL_NOT_COMPLETE_DEPENDENCY_PROOF
A051	scripts/07_perturbation/PTPN22_HUMAN_GENETIC_ACTIVATION_Phase0_v1/scripts/02_build_phase0_audits.py	02_genotype/RS2476601_REFERENCE_PLACEMENTS.tsv	STATIC_LITERAL_NOT_COMPLETE_DEPENDENCY_PROOF
A051	scripts/07_perturbation/PTPN22_HUMAN_GENETIC_ACTIVATION_Phase0_v1/scripts/02_build_phase0_audits.py	03_expression/GSE94859_AF35_COVERAGE.tsv	STATIC_LITERAL_NOT_COMPLETE_DEPENDENCY_PROOF
A051	scripts/07_perturbation/PTPN22_HUMAN_GENETIC_ACTIVATION_Phase0_v1/scripts/02_build_phase0_audits.py	03_expression/GSE94859_EXPRESSION_MATRIX_AUDIT.tsv	STATIC_LITERAL_NOT_COMPLETE_DEPENDENCY_PROOF
A051	scripts/07_perturbation/PTPN22_HUMAN_GENETIC_ACTIVATION_Phase0_v1/scripts/02_build_phase0_audits.py	03_expression/GSE94859_FROZEN_PROGRAM_COVERAGE.tsv	STATIC_LITERAL_NOT_COMPLETE_DEPENDENCY_PROOF
A051	scripts/07_perturbation/PTPN22_HUMAN_GENETIC_ACTIVATION_Phase0_v1/scripts/02_build_phase0_audits.py	03_expression/GSE94859_FROZEN_PROGRAM_GENE_COVERAGE.tsv	STATIC_LITERAL_NOT_COMPLETE_DEPENDENCY_PROOF
A051	scripts/07_perturbation/PTPN22_HUMAN_GENETIC_ACTIVATION_Phase0_v1/scripts/02_build_phase0_audits.py	03_expression/GSE94859_IDENTIFIER_ANOMALIES.tsv	STATIC_LITERAL_NOT_COMPLETE_DEPENDENCY_PROOF
A051	scripts/07_perturbation/PTPN22_HUMAN_GENETIC_ACTIVATION_Phase0_v1/scripts/02_build_phase0_audits.py	03_expression/GSE94859_PTPN22_COVERAGE.tsv	STATIC_LITERAL_NOT_COMPLETE_DEPENDENCY_PROOF
A051	scripts/07_perturbation/PTPN22_HUMAN_GENETIC_ACTIVATION_Phase0_v1/scripts/02_build_phase0_audits.py	03_expression/GSE94859_SAMPLE_MATRIX_QC.tsv	STATIC_LITERAL_NOT_COMPLETE_DEPENDENCY_PROOF
A051	scripts/07_perturbation/PTPN22_HUMAN_GENETIC_ACTIVATION_Phase0_v1/scripts/02_build_phase0_audits.py	07_qa/LOCAL_AUTHORITY_HASH_VERIFICATION.tsv	STATIC_LITERAL_NOT_COMPLETE_DEPENDENCY_PROOF
A051	scripts/07_perturbation/PTPN22_HUMAN_GENETIC_ACTIVATION_Phase0_v1/scripts/02_build_phase0_audits.py	07_qa/PHASE0_NUMERIC_SUMMARY.json	STATIC_LITERAL_NOT_COMPLETE_DEPENDENCY_PROOF
A051	scripts/07_perturbation/PTPN22_HUMAN_GENETIC_ACTIVATION_Phase0_v1/scripts/02_build_phase0_audits.py	10_qa/DELIVERABLE_MANIFEST_SHA256.tsv	STATIC_LITERAL_NOT_COMPLETE_DEPENDENCY_PROOF
A051	scripts/07_perturbation/PTPN22_HUMAN_GENETIC_ACTIVATION_Phase0_v1/scripts/02_build_phase0_audits.py	Chemin_2018_SuppMat_web_extraction.txt	STATIC_LITERAL_NOT_COMPLETE_DEPENDENCY_PROOF
A051	scripts/07_perturbation/PTPN22_HUMAN_GENETIC_ACTIVATION_Phase0_v1/scripts/02_build_phase0_audits.py	GSE94859_RPKMs.xlsx	STATIC_LITERAL_NOT_COMPLETE_DEPENDENCY_PROOF
A051	scripts/07_perturbation/PTPN22_HUMAN_GENETIC_ACTIVATION_Phase0_v1/scripts/02_build_phase0_audits.py	GSE94859_series_matrix.txt.gz	STATIC_LITERAL_NOT_COMPLETE_DEPENDENCY_PROOF
A051	scripts/07_perturbation/PTPN22_HUMAN_GENETIC_ACTIVATION_Phase0_v1/scripts/02_build_phase0_audits.py	HCC_ICI_project/04_scripts/clinical_translation/01_phase9_clinical_translation.R	STATIC_LITERAL_NOT_COMPLETE_DEPENDENCY_PROOF
A051	scripts/07_perturbation/PTPN22_HUMAN_GENETIC_ACTIVATION_Phase0_v1/scripts/02_build_phase0_audits.py	HCC_ICI_project/04_scripts/phase19/03_phase19b_response_blind_scoring.R	STATIC_LITERAL_NOT_COMPLETE_DEPENDENCY_PROOF
A051	scripts/07_perturbation/PTPN22_HUMAN_GENETIC_ACTIVATION_Phase0_v1/scripts/02_build_phase0_audits.py	SRP099568_ENA_run_metadata.tsv	STATIC_LITERAL_NOT_COMPLETE_DEPENDENCY_PROOF
A051	scripts/07_perturbation/PTPN22_HUMAN_GENETIC_ACTIVATION_Phase0_v1/scripts/02_build_phase0_audits.py	rs2476601_RefSNP.json	STATIC_LITERAL_NOT_COMPLETE_DEPENDENCY_PROOF
A052	scripts/07_perturbation/PTPN22_HUMAN_GENETIC_ACTIVATION_Phase1_v1/scripts/02_execute_fixed_analysis.py	01_manifest/INPUT_SHA256.tsv	STATIC_LITERAL_NOT_COMPLETE_DEPENDENCY_PROOF
A052	scripts/07_perturbation/PTPN22_HUMAN_GENETIC_ACTIVATION_Phase1_v1/scripts/02_execute_fixed_analysis.py	01_manifest/METHODS_LOCK.json	STATIC_LITERAL_NOT_COMPLETE_DEPENDENCY_PROOF
A052	scripts/07_perturbation/PTPN22_HUMAN_GENETIC_ACTIVATION_Phase1_v1/scripts/02_execute_fixed_analysis.py	01_manifest/PRE_ANALYSIS_LOCK_SHA256.tsv	STATIC_LITERAL_NOT_COMPLETE_DEPENDENCY_PROOF
A052	scripts/07_perturbation/PTPN22_HUMAN_GENETIC_ACTIVATION_Phase1_v1/scripts/02_execute_fixed_analysis.py	01_manifest/PTPN22_HUMAN_GENETIC_ACTIVATION_PHASE1_MANIFEST.md	STATIC_LITERAL_NOT_COMPLETE_DEPENDENCY_PROOF
A052	scripts/07_perturbation/PTPN22_HUMAN_GENETIC_ACTIVATION_Phase1_v1/scripts/02_execute_fixed_analysis.py	02_scores/FROZEN_PROGRAM_SCALING_PARAMETERS.tsv	STATIC_LITERAL_NOT_COMPLETE_DEPENDENCY_PROOF
A052	scripts/07_perturbation/PTPN22_HUMAN_GENETIC_ACTIVATION_Phase1_v1/scripts/02_execute_fixed_analysis.py	02_scores/FROZEN_SCORES_BEFORE_GENOTYPE_JOIN.tsv	STATIC_LITERAL_NOT_COMPLETE_DEPENDENCY_PROOF
A052	scripts/07_perturbation/PTPN22_HUMAN_GENETIC_ACTIVATION_Phase1_v1/scripts/02_execute_fixed_analysis.py	02_scores/FROZEN_SCORING_PARAMETERS.tsv	STATIC_LITERAL_NOT_COMPLETE_DEPENDENCY_PROOF
A052	scripts/07_perturbation/PTPN22_HUMAN_GENETIC_ACTIVATION_Phase1_v1/scripts/02_execute_fixed_analysis.py	02_scores/GSE94859_FROZEN_SAMPLE_SCORES.tsv	STATIC_LITERAL_NOT_COMPLETE_DEPENDENCY_PROOF
A052	scripts/07_perturbation/PTPN22_HUMAN_GENETIC_ACTIVATION_Phase1_v1/scripts/02_execute_fixed_analysis.py	02_scores/SCORING_FREEZE.json	STATIC_LITERAL_NOT_COMPLETE_DEPENDENCY_PROOF
A052	scripts/07_perturbation/PTPN22_HUMAN_GENETIC_ACTIVATION_Phase1_v1/scripts/02_execute_fixed_analysis.py	03_primary/GSE94859_AF35_ACTIVATION_DELTA.tsv	STATIC_LITERAL_NOT_COMPLETE_DEPENDENCY_PROOF
A052	scripts/07_perturbation/PTPN22_HUMAN_GENETIC_ACTIVATION_Phase1_v1/scripts/02_execute_fixed_analysis.py	03_primary/GSE94859_AF35_GENOTYPE_INTERACTION.tsv	STATIC_LITERAL_NOT_COMPLETE_DEPENDENCY_PROOF
A052	scripts/07_perturbation/PTPN22_HUMAN_GENETIC_ACTIVATION_Phase1_v1/scripts/02_execute_fixed_analysis.py	03_primary/GSE94859_AF35_ORDERED_DONOR_DELTAS.tsv	STATIC_LITERAL_NOT_COMPLETE_DEPENDENCY_PROOF
A052	scripts/07_perturbation/PTPN22_HUMAN_GENETIC_ACTIVATION_Phase1_v1/scripts/02_execute_fixed_analysis.py	03_primary/GSE94859_WITHIN_GENOTYPE_DESCRIPTIVE_SUMMARY.tsv	STATIC_LITERAL_NOT_COMPLETE_DEPENDENCY_PROOF
A052	scripts/07_perturbation/PTPN22_HUMAN_GENETIC_ACTIVATION_Phase1_v1/scripts/02_execute_fixed_analysis.py	04_secondary/GSE94859_FROZEN_PROGRAM_ACTIVATION_DELTA.tsv	STATIC_LITERAL_NOT_COMPLETE_DEPENDENCY_PROOF
A052	scripts/07_perturbation/PTPN22_HUMAN_GENETIC_ACTIVATION_Phase1_v1/scripts/02_execute_fixed_analysis.py	04_secondary/GSE94859_PROGRAM_GENOTYPE_INTERACTION.tsv	STATIC_LITERAL_NOT_COMPLETE_DEPENDENCY_PROOF
A052	scripts/07_perturbation/PTPN22_HUMAN_GENETIC_ACTIVATION_Phase1_v1/scripts/02_execute_fixed_analysis.py	05_robustness/GSE94859_AF35_COVARIATE_SENSITIVITY.tsv	STATIC_LITERAL_NOT_COMPLETE_DEPENDENCY_PROOF
A052	scripts/07_perturbation/PTPN22_HUMAN_GENETIC_ACTIVATION_Phase1_v1/scripts/02_execute_fixed_analysis.py	05_robustness/GSE94859_AF35_LODO.tsv	STATIC_LITERAL_NOT_COMPLETE_DEPENDENCY_PROOF
A052	scripts/07_perturbation/PTPN22_HUMAN_GENETIC_ACTIVATION_Phase1_v1/scripts/02_execute_fixed_analysis.py	06_context/GSE94859_PTPN22_EXPRESSION_CONTEXT.tsv	STATIC_LITERAL_NOT_COMPLETE_DEPENDENCY_PROOF
A052	scripts/07_perturbation/PTPN22_HUMAN_GENETIC_ACTIVATION_Phase1_v1/scripts/02_execute_fixed_analysis.py	06_context/PTPN22_CONTEXT_SUMMARY.tsv	STATIC_LITERAL_NOT_COMPLETE_DEPENDENCY_PROOF
A052	scripts/07_perturbation/PTPN22_HUMAN_GENETIC_ACTIVATION_Phase1_v1/scripts/02_execute_fixed_analysis.py	08_qa/AF35_BOOTSTRAP_DISTRIBUTION.tsv	STATIC_LITERAL_NOT_COMPLETE_DEPENDENCY_PROOF
A052	scripts/07_perturbation/PTPN22_HUMAN_GENETIC_ACTIVATION_Phase1_v1/scripts/02_execute_fixed_analysis.py	08_qa/EXACT_PERMUTATION_DISTRIBUTIONS.tsv	STATIC_LITERAL_NOT_COMPLETE_DEPENDENCY_PROOF
A052	scripts/07_perturbation/PTPN22_HUMAN_GENETIC_ACTIVATION_Phase1_v1/scripts/02_execute_fixed_analysis.py	08_qa/PAIRING_RECHECK.tsv	STATIC_LITERAL_NOT_COMPLETE_DEPENDENCY_PROOF
A052	scripts/07_perturbation/PTPN22_HUMAN_GENETIC_ACTIVATION_Phase1_v1/scripts/02_execute_fixed_analysis.py	08_qa/PCA_QC_SUMMARY.json	STATIC_LITERAL_NOT_COMPLETE_DEPENDENCY_PROOF
A052	scripts/07_perturbation/PTPN22_HUMAN_GENETIC_ACTIVATION_Phase1_v1/scripts/02_execute_fixed_analysis.py	08_qa/PERMUTATION_AUDIT.tsv	STATIC_LITERAL_NOT_COMPLETE_DEPENDENCY_PROOF
A052	scripts/07_perturbation/PTPN22_HUMAN_GENETIC_ACTIVATION_Phase1_v1/scripts/02_execute_fixed_analysis.py	08_qa/SAMPLE_CORRELATION_QC.tsv	STATIC_LITERAL_NOT_COMPLETE_DEPENDENCY_PROOF
A052	scripts/07_perturbation/PTPN22_HUMAN_GENETIC_ACTIVATION_Phase1_v1/scripts/02_execute_fixed_analysis.py	08_qa/SAMPLE_PCA_QC.tsv	STATIC_LITERAL_NOT_COMPLETE_DEPENDENCY_PROOF
A052	scripts/07_perturbation/PTPN22_HUMAN_GENETIC_ACTIVATION_Phase1_v1/scripts/02_execute_fixed_analysis.py	08_qa/SCORING_AUDIT.tsv	STATIC_LITERAL_NOT_COMPLETE_DEPENDENCY_PROOF
A052	scripts/07_perturbation/PTPN22_HUMAN_GENETIC_ACTIVATION_Phase1_v1/scripts/02_execute_fixed_analysis.py	08_qa/TARGET_MATRIX_RECHECK.tsv	STATIC_LITERAL_NOT_COMPLETE_DEPENDENCY_PROOF
A052	scripts/07_perturbation/PTPN22_HUMAN_GENETIC_ACTIVATION_Phase1_v1/scripts/02_execute_fixed_analysis.py	10_checkpoint/FINAL_GATES.json	STATIC_LITERAL_NOT_COMPLETE_DEPENDENCY_PROOF
A052	scripts/07_perturbation/PTPN22_HUMAN_GENETIC_ACTIVATION_Phase1_v1/scripts/02_execute_fixed_analysis.py	10_checkpoint/FINAL_GATES.tsv	STATIC_LITERAL_NOT_COMPLETE_DEPENDENCY_PROOF
A052	scripts/07_perturbation/PTPN22_HUMAN_GENETIC_ACTIVATION_Phase1_v1/scripts/02_execute_fixed_analysis.py	GSE94859_GENOTYPE_MAPPING.tsv	STATIC_LITERAL_NOT_COMPLETE_DEPENDENCY_PROOF
A052	scripts/07_perturbation/PTPN22_HUMAN_GENETIC_ACTIVATION_Phase1_v1/scripts/02_execute_fixed_analysis.py	GSE94859_RPKMs.xlsx	STATIC_LITERAL_NOT_COMPLETE_DEPENDENCY_PROOF
A052	scripts/07_perturbation/PTPN22_HUMAN_GENETIC_ACTIVATION_Phase1_v1/scripts/02_execute_fixed_analysis.py	GSE94859_SAMPLE_PAIRING_LEDGER.tsv	STATIC_LITERAL_NOT_COMPLETE_DEPENDENCY_PROOF
A052	scripts/07_perturbation/PTPN22_HUMAN_GENETIC_ACTIVATION_Phase1_v1/scripts/02_execute_fixed_analysis.py	PTPN22_MECHANISM_PROGRAMS_FROZEN.tsv	STATIC_LITERAL_NOT_COMPLETE_DEPENDENCY_PROOF
A052	scripts/07_perturbation/PTPN22_HUMAN_GENETIC_ACTIVATION_Phase1_v1/scripts/02_execute_fixed_analysis.py	logs/ANALYSIS_COMPLETION.json	STATIC_LITERAL_NOT_COMPLETE_DEPENDENCY_PROOF
A052	scripts/07_perturbation/PTPN22_HUMAN_GENETIC_ACTIVATION_Phase1_v1/scripts/02_execute_fixed_analysis.py	logs/ANALYSIS_START.json	STATIC_LITERAL_NOT_COMPLETE_DEPENDENCY_PROOF
A053	scripts/07_perturbation/PTPN22_HUMAN_GENETIC_ACTIVATION_Phase1_v1/scripts/03_independent_numeric_qa.py	02_scores/FROZEN_SCORES_BEFORE_GENOTYPE_JOIN.tsv	STATIC_LITERAL_NOT_COMPLETE_DEPENDENCY_PROOF
A053	scripts/07_perturbation/PTPN22_HUMAN_GENETIC_ACTIVATION_Phase1_v1/scripts/03_independent_numeric_qa.py	03_primary/GSE94859_AF35_ACTIVATION_DELTA.tsv	STATIC_LITERAL_NOT_COMPLETE_DEPENDENCY_PROOF
A053	scripts/07_perturbation/PTPN22_HUMAN_GENETIC_ACTIVATION_Phase1_v1/scripts/03_independent_numeric_qa.py	03_primary/GSE94859_AF35_GENOTYPE_INTERACTION.tsv	STATIC_LITERAL_NOT_COMPLETE_DEPENDENCY_PROOF
A053	scripts/07_perturbation/PTPN22_HUMAN_GENETIC_ACTIVATION_Phase1_v1/scripts/03_independent_numeric_qa.py	04_secondary/GSE94859_PROGRAM_GENOTYPE_INTERACTION.tsv	STATIC_LITERAL_NOT_COMPLETE_DEPENDENCY_PROOF
A053	scripts/07_perturbation/PTPN22_HUMAN_GENETIC_ACTIVATION_Phase1_v1/scripts/03_independent_numeric_qa.py	05_robustness/GSE94859_AF35_COVARIATE_SENSITIVITY.tsv	STATIC_LITERAL_NOT_COMPLETE_DEPENDENCY_PROOF
A053	scripts/07_perturbation/PTPN22_HUMAN_GENETIC_ACTIVATION_Phase1_v1/scripts/03_independent_numeric_qa.py	05_robustness/GSE94859_AF35_LODO.tsv	STATIC_LITERAL_NOT_COMPLETE_DEPENDENCY_PROOF
A053	scripts/07_perturbation/PTPN22_HUMAN_GENETIC_ACTIVATION_Phase1_v1/scripts/03_independent_numeric_qa.py	08_qa/AF35_BOOTSTRAP_DISTRIBUTION.tsv	STATIC_LITERAL_NOT_COMPLETE_DEPENDENCY_PROOF
A053	scripts/07_perturbation/PTPN22_HUMAN_GENETIC_ACTIVATION_Phase1_v1/scripts/03_independent_numeric_qa.py	08_qa/INDEPENDENT_NUMERIC_QA.tsv	STATIC_LITERAL_NOT_COMPLETE_DEPENDENCY_PROOF
A053	scripts/07_perturbation/PTPN22_HUMAN_GENETIC_ACTIVATION_Phase1_v1/scripts/03_independent_numeric_qa.py	GSE94859_RPKMs.xlsx	STATIC_LITERAL_NOT_COMPLETE_DEPENDENCY_PROOF
A053	scripts/07_perturbation/PTPN22_HUMAN_GENETIC_ACTIVATION_Phase1_v1/scripts/03_independent_numeric_qa.py	GSE94859_SAMPLE_PAIRING_LEDGER.tsv	STATIC_LITERAL_NOT_COMPLETE_DEPENDENCY_PROOF
A053	scripts/07_perturbation/PTPN22_HUMAN_GENETIC_ACTIVATION_Phase1_v1/scripts/03_independent_numeric_qa.py	PTPN22_MECHANISM_PROGRAMS_FROZEN.tsv	STATIC_LITERAL_NOT_COMPLETE_DEPENDENCY_PROOF
A054	scripts/02_state_architecture/PTPN22_STATE_AXIS_SPECIFICITY_v1/scripts/00_reuse_sources.py	.tsv	STATIC_LITERAL_NOT_COMPLETE_DEPENDENCY_PROOF
A054	scripts/02_state_architecture/PTPN22_STATE_AXIS_SPECIFICITY_v1/scripts/00_reuse_sources.py	01_source/RELEASED_STATE_ORDER.tsv	STATIC_LITERAL_NOT_COMPLETE_DEPENDENCY_PROOF
A054	scripts/02_state_architecture/PTPN22_STATE_AXIS_SPECIFICITY_v1/scripts/00_reuse_sources.py	01_source/SOURCE_REUSE_AUDIT.tsv	STATIC_LITERAL_NOT_COMPLETE_DEPENDENCY_PROOF
A054	scripts/02_state_architecture/PTPN22_STATE_AXIS_SPECIFICITY_v1/scripts/00_reuse_sources.py	01_source/SOURCE_SHA256.tsv	STATIC_LITERAL_NOT_COMPLETE_DEPENDENCY_PROOF
A054	scripts/02_state_architecture/PTPN22_STATE_AXIS_SPECIFICITY_v1/scripts/00_reuse_sources.py	01_source/USER_REQUEST.txt	STATIC_LITERAL_NOT_COMPLETE_DEPENDENCY_PROOF
A054	scripts/02_state_architecture/PTPN22_STATE_AXIS_SPECIFICITY_v1/scripts/00_reuse_sources.py	02_manifest/PTPN22_AF35_COUPLING_ANALYSIS_MANIFEST_V1.md	STATIC_LITERAL_NOT_COMPLETE_DEPENDENCY_PROOF
A054	scripts/02_state_architecture/PTPN22_STATE_AXIS_SPECIFICITY_v1/scripts/00_reuse_sources.py	03_lineage/PTPN22_STATE_LINEAGE_MAP.tsv	STATIC_LITERAL_NOT_COMPLETE_DEPENDENCY_PROOF
A054	scripts/02_state_architecture/PTPN22_STATE_AXIS_SPECIFICITY_v1/scripts/00_reuse_sources.py	03_primary/PTPN22_AF35_PATIENT_COUPLING_DECOMPOSITION.tsv	STATIC_LITERAL_NOT_COMPLETE_DEPENDENCY_PROOF
A054	scripts/02_state_architecture/PTPN22_STATE_AXIS_SPECIFICITY_v1/scripts/00_reuse_sources.py	05_state_architecture/PTPN22_AF35_STATE_CENTROIDS.tsv	STATIC_LITERAL_NOT_COMPLETE_DEPENDENCY_PROOF
A054	scripts/02_state_architecture/PTPN22_STATE_AXIS_SPECIFICITY_v1/scripts/00_reuse_sources.py	05_state_architecture/PTPN22_AF35_STATE_SPECIFIC_COUPLING.tsv	STATIC_LITERAL_NOT_COMPLETE_DEPENDENCY_PROOF
A054	scripts/02_state_architecture/PTPN22_STATE_AXIS_SPECIFICITY_v1/scripts/00_reuse_sources.py	07_robustness/PTPN22_AF35_COUPLING_LOPO.tsv	STATIC_LITERAL_NOT_COMPLETE_DEPENDENCY_PROOF
A054	scripts/02_state_architecture/PTPN22_STATE_AXIS_SPECIFICITY_v1/scripts/00_reuse_sources.py	07_robustness/PTPN22_AF35_TECHNICAL_SENSITIVITY.tsv	STATIC_LITERAL_NOT_COMPLETE_DEPENDENCY_PROOF
A054	scripts/02_state_architecture/PTPN22_STATE_AXIS_SPECIFICITY_v1/scripts/00_reuse_sources.py	09_qa/AF35_MEMBERSHIP_AUDIT.tsv	STATIC_LITERAL_NOT_COMPLETE_DEPENDENCY_PROOF
A054	scripts/02_state_architecture/PTPN22_STATE_AXIS_SPECIFICITY_v1/scripts/00_reuse_sources.py	09_qa/CELL_COUNT_AUDIT.tsv	STATIC_LITERAL_NOT_COMPLETE_DEPENDENCY_PROOF
A054	scripts/02_state_architecture/PTPN22_STATE_AXIS_SPECIFICITY_v1/scripts/00_reuse_sources.py	09_qa/DELIVERABLE_MANIFEST_SHA256.tsv	STATIC_LITERAL_NOT_COMPLETE_DEPENDENCY_PROOF
A054	scripts/02_state_architecture/PTPN22_STATE_AXIS_SPECIFICITY_v1/scripts/00_reuse_sources.py	09_qa/LINEAGE_MAPPING_AUDIT.tsv	STATIC_LITERAL_NOT_COMPLETE_DEPENDENCY_PROOF
A054	scripts/02_state_architecture/PTPN22_STATE_AXIS_SPECIFICITY_v1/scripts/00_reuse_sources.py	09_qa/NUMERIC_QA_SUMMARY.json	STATIC_LITERAL_NOT_COMPLETE_DEPENDENCY_PROOF
A054	scripts/02_state_architecture/PTPN22_STATE_AXIS_SPECIFICITY_v1/scripts/00_reuse_sources.py	09_qa/PREDECESSOR_INITIAL_HASH_VERIFICATION.tsv	STATIC_LITERAL_NOT_COMPLETE_DEPENDENCY_PROOF
A054	scripts/02_state_architecture/PTPN22_STATE_AXIS_SPECIFICITY_v1/scripts/00_reuse_sources.py	11_checkpoint/FINAL_GATES.json	STATIC_LITERAL_NOT_COMPLETE_DEPENDENCY_PROOF
A054	scripts/02_state_architecture/PTPN22_STATE_AXIS_SPECIFICITY_v1/scripts/00_reuse_sources.py	11_checkpoint/PTPN22_AF35_COUPLING_ARCHITECTURE_CHECKPOINT.md	STATIC_LITERAL_NOT_COMPLETE_DEPENDENCY_PROOF
A054	scripts/02_state_architecture/PTPN22_STATE_AXIS_SPECIFICITY_v1/scripts/00_reuse_sources.py	data/ANALYSIS_INPUT_RESPONSE_BLIND.tsv.gz	STATIC_LITERAL_NOT_COMPLETE_DEPENDENCY_PROOF
A054	scripts/02_state_architecture/PTPN22_STATE_AXIS_SPECIFICITY_v1/scripts/00_reuse_sources.py	private_dependencies/unavailable_protocol.txt	STATIC_LITERAL_NOT_COMPLETE_DEPENDENCY_PROOF
A054	scripts/02_state_architecture/PTPN22_STATE_AXIS_SPECIFICITY_v1/scripts/00_reuse_sources.py	scripts/coupling_math.py	STATIC_LITERAL_NOT_COMPLETE_DEPENDENCY_PROOF
A055	scripts/02_state_architecture/PTPN22_STATE_AXIS_SPECIFICITY_v1/scripts/02_analyze.py	02_manifest/FREEZE_LOCK.json	STATIC_LITERAL_NOT_COMPLETE_DEPENDENCY_PROOF
A055	scripts/02_state_architecture/PTPN22_STATE_AXIS_SPECIFICITY_v1/scripts/02_analyze.py	02_manifest/PTPN22_STATE_AXIS_SPECIFICITY_ANALYSIS_MANIFEST_V1.md	STATIC_LITERAL_NOT_COMPLETE_DEPENDENCY_PROOF
A055	scripts/02_state_architecture/PTPN22_STATE_AXIS_SPECIFICITY_v1/scripts/02_analyze.py	03_lineage/LINEAGE_GATE_SUMMARY.tsv	STATIC_LITERAL_NOT_COMPLETE_DEPENDENCY_PROOF
A055	scripts/02_state_architecture/PTPN22_STATE_AXIS_SPECIFICITY_v1/scripts/02_analyze.py	03_lineage/PTPN22_AF35_LINEAGE_RESIDUAL_COUPLING.tsv	STATIC_LITERAL_NOT_COMPLETE_DEPENDENCY_PROOF
A055	scripts/02_state_architecture/PTPN22_STATE_AXIS_SPECIFICITY_v1/scripts/02_analyze.py	03_lineage/PTPN22_LINEAGE_ELIGIBILITY.tsv	STATIC_LITERAL_NOT_COMPLETE_DEPENDENCY_PROOF
A055	scripts/02_state_architecture/PTPN22_STATE_AXIS_SPECIFICITY_v1/scripts/02_analyze.py	03_lineage/PTPN22_STATE_LINEAGE_MAP.tsv	STATIC_LITERAL_NOT_COMPLETE_DEPENDENCY_PROOF
A055	scripts/02_state_architecture/PTPN22_STATE_AXIS_SPECIFICITY_v1/scripts/02_analyze.py	03_primary/PTPN22_AF35_PATIENT_COUPLING_DECOMPOSITION.tsv	STATIC_LITERAL_NOT_COMPLETE_DEPENDENCY_PROOF
A055	scripts/02_state_architecture/PTPN22_STATE_AXIS_SPECIFICITY_v1/scripts/02_analyze.py	04_lineage_only/PTPN22_AF35_LINEAGE_ONLY_DECOMPOSITION.tsv	STATIC_LITERAL_NOT_COMPLETE_DEPENDENCY_PROOF
A055	scripts/02_state_architecture/PTPN22_STATE_AXIS_SPECIFICITY_v1/scripts/02_analyze.py	05_loso/PTPN22_AF35_LOSO_BY_PATIENT.tsv	STATIC_LITERAL_NOT_COMPLETE_DEPENDENCY_PROOF
A055	scripts/02_state_architecture/PTPN22_STATE_AXIS_SPECIFICITY_v1/scripts/02_analyze.py	05_loso/PTPN22_AF35_LOSO_SUMMARY.tsv	STATIC_LITERAL_NOT_COMPLETE_DEPENDENCY_PROOF
A055	scripts/02_state_architecture/PTPN22_STATE_AXIS_SPECIFICITY_v1/scripts/02_analyze.py	06_contributions/PTPN22_AF35_STATE_BETWEEN_CONTRIBUTION.tsv	STATIC_LITERAL_NOT_COMPLETE_DEPENDENCY_PROOF
A055	scripts/02_state_architecture/PTPN22_STATE_AXIS_SPECIFICITY_v1/scripts/02_analyze.py	06_contributions/PTPN22_AF35_STATE_BETWEEN_CONTRIBUTION_SUMMARY.tsv	STATIC_LITERAL_NOT_COMPLETE_DEPENDENCY_PROOF
A055	scripts/02_state_architecture/PTPN22_STATE_AXIS_SPECIFICITY_v1/scripts/02_analyze.py	07_sensitivity/PATIENT_LOPO_ALL_ANALYSES.tsv	STATIC_LITERAL_NOT_COMPLETE_DEPENDENCY_PROOF
A055	scripts/02_state_architecture/PTPN22_STATE_AXIS_SPECIFICITY_v1/scripts/02_analyze.py	07_sensitivity/PTPN22_AF35_LINEAGE_RARE_STATE_SENSITIVITY.tsv	STATIC_LITERAL_NOT_COMPLETE_DEPENDENCY_PROOF
A055	scripts/02_state_architecture/PTPN22_STATE_AXIS_SPECIFICITY_v1/scripts/02_analyze.py	07_sensitivity/PTPN22_AF35_LINEAGE_TECHNICAL_ADJUSTMENT.tsv	STATIC_LITERAL_NOT_COMPLETE_DEPENDENCY_PROOF
A055	scripts/02_state_architecture/PTPN22_STATE_AXIS_SPECIFICITY_v1/scripts/02_analyze.py	09_qa/DECOMPOSITION_IDENTITY_AUDIT.tsv	STATIC_LITERAL_NOT_COMPLETE_DEPENDENCY_PROOF
A055	scripts/02_state_architecture/PTPN22_STATE_AXIS_SPECIFICITY_v1/scripts/02_analyze.py	09_qa/FULL_20STATE_REPRODUCTION.tsv	STATIC_LITERAL_NOT_COMPLETE_DEPENDENCY_PROOF
A055	scripts/02_state_architecture/PTPN22_STATE_AXIS_SPECIFICITY_v1/scripts/02_analyze.py	11_checkpoint/FINAL_GATES.json	STATIC_LITERAL_NOT_COMPLETE_DEPENDENCY_PROOF
A055	scripts/02_state_architecture/PTPN22_STATE_AXIS_SPECIFICITY_v1/scripts/02_analyze.py	_COUPLING_DECOMPOSITION.tsv	STATIC_LITERAL_NOT_COMPLETE_DEPENDENCY_PROOF
A055	scripts/02_state_architecture/PTPN22_STATE_AXIS_SPECIFICITY_v1/scripts/02_analyze.py	data/ANALYSIS_INPUT_RESPONSE_BLIND.tsv.gz	STATIC_LITERAL_NOT_COMPLETE_DEPENDENCY_PROOF
A055	scripts/02_state_architecture/PTPN22_STATE_AXIS_SPECIFICITY_v1/scripts/02_analyze.py	logs/EFFECT_RUN_STARTED.json	STATIC_LITERAL_NOT_COMPLETE_DEPENDENCY_PROOF
A057	scripts/05_spatial/WU_AF35_DC_CD8_SPATIAL_TOPOLOGY_v1/scripts/00_feasibility_freeze.py	COMPLETE_SHA256_MANIFEST.tsv	STATIC_LITERAL_NOT_COMPLETE_DEPENDENCY_PROOF
A057	scripts/05_spatial/WU_AF35_DC_CD8_SPATIAL_TOPOLOGY_v1/scripts/00_feasibility_freeze.py	HCC_ICI_project/01_metadata/clinical_translation/PTPN22_CLINICAL_AXES_FROZEN.tsv	STATIC_LITERAL_NOT_COMPLETE_DEPENDENCY_PROOF
A057	scripts/05_spatial/WU_AF35_DC_CD8_SPATIAL_TOPOLOGY_v1/scripts/00_feasibility_freeze.py	QA/ANALYSIS_C_MANIFEST_VERIFICATION.tsv	STATIC_LITERAL_NOT_COMPLETE_DEPENDENCY_PROOF
A057	scripts/05_spatial/WU_AF35_DC_CD8_SPATIAL_TOPOLOGY_v1/scripts/00_feasibility_freeze.py	QA/FEASIBILITY_RESULT.json	STATIC_LITERAL_NOT_COMPLETE_DEPENDENCY_PROOF
A057	scripts/05_spatial/WU_AF35_DC_CD8_SPATIAL_TOPOLOGY_v1/scripts/00_feasibility_freeze.py	QA/FROZEN_GRAPH_SEARCH.json	STATIC_LITERAL_NOT_COMPLETE_DEPENDENCY_PROOF
A057	scripts/05_spatial/WU_AF35_DC_CD8_SPATIAL_TOPOLOGY_v1/scripts/00_feasibility_freeze.py	QA/PROTECTED_BASELINE.json	STATIC_LITERAL_NOT_COMPLETE_DEPENDENCY_PROOF
A057	scripts/05_spatial/WU_AF35_DC_CD8_SPATIAL_TOPOLOGY_v1/scripts/00_feasibility_freeze.py	QA/PROTECTED_INPUT_BASELINE.json	STATIC_LITERAL_NOT_COMPLETE_DEPENDENCY_PROOF
A057	scripts/05_spatial/WU_AF35_DC_CD8_SPATIAL_TOPOLOGY_v1/scripts/00_feasibility_freeze.py	WU_AF35_ANALYSIS_CONTRACT.md	STATIC_LITERAL_NOT_COMPLETE_DEPENDENCY_PROOF
A057	scripts/05_spatial/WU_AF35_DC_CD8_SPATIAL_TOPOLOGY_v1/scripts/00_feasibility_freeze.py	WU_AF35_CONTEXT_SOURCE_BINDING_AUDIT.md	STATIC_LITERAL_NOT_COMPLETE_DEPENDENCY_PROOF
A057	scripts/05_spatial/WU_AF35_DC_CD8_SPATIAL_TOPOLOGY_v1/scripts/00_feasibility_freeze.py	WU_AF35_DC_CD8_TOPOLOGY_ELIGIBILITY.tsv	STATIC_LITERAL_NOT_COMPLETE_DEPENDENCY_PROOF
A057	scripts/05_spatial/WU_AF35_DC_CD8_SPATIAL_TOPOLOGY_v1/scripts/00_feasibility_freeze.py	WU_AF35_DC_CD8_TOPOLOGY_FREEZE_LOCK.json	STATIC_LITERAL_NOT_COMPLETE_DEPENDENCY_PROOF
A057	scripts/05_spatial/WU_AF35_DC_CD8_SPATIAL_TOPOLOGY_v1/scripts/00_feasibility_freeze.py	WU_AF35_DC_CD8_TOPOLOGY_PROTOCOL_FREEZE_v1.md	STATIC_LITERAL_NOT_COMPLETE_DEPENDENCY_PROOF
A057	scripts/05_spatial/WU_AF35_DC_CD8_SPATIAL_TOPOLOGY_v1/scripts/00_feasibility_freeze.py	WU_AF35_DC_CD8_TOPOLOGY_SOURCE_BINDING_AUDIT.tsv	STATIC_LITERAL_NOT_COMPLETE_DEPENDENCY_PROOF
A057	scripts/05_spatial/WU_AF35_DC_CD8_SPATIAL_TOPOLOGY_v1/scripts/00_feasibility_freeze.py	authority/USER_REQUEST.txt	STATIC_LITERAL_NOT_COMPLETE_DEPENDENCY_PROOF
A057	scripts/05_spatial/WU_AF35_DC_CD8_SPATIAL_TOPOLOGY_v1/scripts/00_feasibility_freeze.py	data/FROZEN_DC_CD8_HIGH_LOW_CELLS.tsv.gz	STATIC_LITERAL_NOT_COMPLETE_DEPENDENCY_PROOF
A057	scripts/05_spatial/WU_AF35_DC_CD8_SPATIAL_TOPOLOGY_v1/scripts/00_feasibility_freeze.py	eligible_manifests/WU_ELIGIBLE_MAPPED_CELL_MEMBERSHIP.tsv.gz	STATIC_LITERAL_NOT_COMPLETE_DEPENDENCY_PROOF
A057	scripts/05_spatial/WU_AF35_DC_CD8_SPATIAL_TOPOLOGY_v1/scripts/00_feasibility_freeze.py	eligible_manifests/WU_ELIGIBLE_PATIENTS.tsv	STATIC_LITERAL_NOT_COMPLETE_DEPENDENCY_PROOF
A057	scripts/05_spatial/WU_AF35_DC_CD8_SPATIAL_TOPOLOGY_v1/scripts/00_feasibility_freeze.py	eligible_manifests/WU_ELIGIBLE_REGIONS.tsv	STATIC_LITERAL_NOT_COMPLETE_DEPENDENCY_PROOF
A057	scripts/05_spatial/WU_AF35_DC_CD8_SPATIAL_TOPOLOGY_v1/scripts/00_feasibility_freeze.py	eligible_manifests/WU_ELIGIBLE_REGION_SPOTS.tsv	STATIC_LITERAL_NOT_COMPLETE_DEPENDENCY_PROOF
A057	scripts/05_spatial/WU_AF35_DC_CD8_SPATIAL_TOPOLOGY_v1/scripts/00_feasibility_freeze.py	eligible_manifests/WU_FROZEN_SECTION_SPOTS.tsv	STATIC_LITERAL_NOT_COMPLETE_DEPENDENCY_PROOF
A057	scripts/05_spatial/WU_AF35_DC_CD8_SPATIAL_TOPOLOGY_v1/scripts/00_feasibility_freeze.py	eligible_manifests/WU_NATIVE_CELLTYPE_CODEBOOK.tsv	STATIC_LITERAL_NOT_COMPLETE_DEPENDENCY_PROOF
A057	scripts/05_spatial/WU_AF35_DC_CD8_SPATIAL_TOPOLOGY_v1/scripts/00_feasibility_freeze.py	eligible_manifests/WU_SECTION_QUARTILE_THRESHOLDS.tsv	STATIC_LITERAL_NOT_COMPLETE_DEPENDENCY_PROOF
A057	scripts/05_spatial/WU_AF35_DC_CD8_SPATIAL_TOPOLOGY_v1/scripts/00_feasibility_freeze.py	private_dependencies/unavailable_protocol.txt	STATIC_LITERAL_NOT_COMPLETE_DEPENDENCY_PROOF
A058	scripts/05_spatial/WU_AF35_DC_CD8_SPATIAL_TOPOLOGY_v1/scripts/01_topology.py	.npz	STATIC_LITERAL_NOT_COMPLETE_DEPENDENCY_PROOF
A058	scripts/05_spatial/WU_AF35_DC_CD8_SPATIAL_TOPOLOGY_v1/scripts/01_topology.py	QA/OUTCOME_FINISH.json	STATIC_LITERAL_NOT_COMPLETE_DEPENDENCY_PROOF
A058	scripts/05_spatial/WU_AF35_DC_CD8_SPATIAL_TOPOLOGY_v1/scripts/01_topology.py	QA/OUTCOME_START.json	STATIC_LITERAL_NOT_COMPLETE_DEPENDENCY_PROOF
A058	scripts/05_spatial/WU_AF35_DC_CD8_SPATIAL_TOPOLOGY_v1/scripts/01_topology.py	QA/PERMUTATION_INTEGRITY.tsv	STATIC_LITERAL_NOT_COMPLETE_DEPENDENCY_PROOF
A058	scripts/05_spatial/WU_AF35_DC_CD8_SPATIAL_TOPOLOGY_v1/scripts/01_topology.py	WU_AF35_DC_CD8_ADJACENCY_SENSITIVITY.tsv	STATIC_LITERAL_NOT_COMPLETE_DEPENDENCY_PROOF
A058	scripts/05_spatial/WU_AF35_DC_CD8_SPATIAL_TOPOLOGY_v1/scripts/01_topology.py	WU_AF35_DC_CD8_MARK_PERMUTATION_SUMMARY.tsv	STATIC_LITERAL_NOT_COMPLETE_DEPENDENCY_PROOF
A058	scripts/05_spatial/WU_AF35_DC_CD8_SPATIAL_TOPOLOGY_v1/scripts/01_topology.py	WU_AF35_DC_CD8_PRIMARY_TEST.tsv	STATIC_LITERAL_NOT_COMPLETE_DEPENDENCY_PROOF
A058	scripts/05_spatial/WU_AF35_DC_CD8_SPATIAL_TOPOLOGY_v1/scripts/01_topology.py	WU_AF35_DC_CD8_SECONDARY_RAW_NND.tsv	STATIC_LITERAL_NOT_COMPLETE_DEPENDENCY_PROOF
A058	scripts/05_spatial/WU_AF35_DC_CD8_SPATIAL_TOPOLOGY_v1/scripts/01_topology.py	WU_AF35_DC_CD8_TOPOLOGY_ELIGIBILITY.tsv	STATIC_LITERAL_NOT_COMPLETE_DEPENDENCY_PROOF
A058	scripts/05_spatial/WU_AF35_DC_CD8_SPATIAL_TOPOLOGY_v1/scripts/01_topology.py	WU_AF35_DC_CD8_TOPOLOGY_FREEZE_LOCK.json	STATIC_LITERAL_NOT_COMPLETE_DEPENDENCY_PROOF
A058	scripts/05_spatial/WU_AF35_DC_CD8_SPATIAL_TOPOLOGY_v1/scripts/01_topology.py	WU_AF35_DC_CD8_TOPOLOGY_PATIENT_METRICS.tsv	STATIC_LITERAL_NOT_COMPLETE_DEPENDENCY_PROOF
A058	scripts/05_spatial/WU_AF35_DC_CD8_SPATIAL_TOPOLOGY_v1/scripts/01_topology.py	WU_AF35_DC_CD8_TOPOLOGY_REGION_METRICS.tsv	STATIC_LITERAL_NOT_COMPLETE_DEPENDENCY_PROOF
A058	scripts/05_spatial/WU_AF35_DC_CD8_SPATIAL_TOPOLOGY_v1/scripts/01_topology.py	data/BOOTSTRAP_PATIENT_INDICES_1BASED.tsv	STATIC_LITERAL_NOT_COMPLETE_DEPENDENCY_PROOF
A058	scripts/05_spatial/WU_AF35_DC_CD8_SPATIAL_TOPOLOGY_v1/scripts/01_topology.py	data/FROZEN_DC_CD8_HIGH_LOW_CELLS.tsv.gz	STATIC_LITERAL_NOT_COMPLETE_DEPENDENCY_PROOF
A058	scripts/05_spatial/WU_AF35_DC_CD8_SPATIAL_TOPOLOGY_v1/scripts/01_topology.py	data/WU_ALL_MARK_PERMUTATION_VALUES.tsv.gz	STATIC_LITERAL_NOT_COMPLETE_DEPENDENCY_PROOF
A058	scripts/05_spatial/WU_AF35_DC_CD8_SPATIAL_TOPOLOGY_v1/scripts/01_topology.py	data/WU_EXACT_PATIENT_SIGN_CONFIGURATIONS.tsv	STATIC_LITERAL_NOT_COMPLETE_DEPENDENCY_PROOF
A058	scripts/05_spatial/WU_AF35_DC_CD8_SPATIAL_TOPOLOGY_v1/scripts/01_topology.py	data/WU_PATIENT_BOOTSTRAP_MEANS.tsv	STATIC_LITERAL_NOT_COMPLETE_DEPENDENCY_PROOF
A059	scripts/05_spatial/WU_AF35_DC_CD8_SPATIAL_TOPOLOGY_v1/scripts/common.py	WU_AF35_DC_CD8_TOPOLOGY_FREEZE_LOCK.json	STATIC_LITERAL_NOT_COMPLETE_DEPENDENCY_PROOF
A059	scripts/05_spatial/WU_AF35_DC_CD8_SPATIAL_TOPOLOGY_v1/scripts/common.py	WU_AF35_DC_CD8_TOPOLOGY_PROTOCOL_FREEZE_v1.md	STATIC_LITERAL_NOT_COMPLETE_DEPENDENCY_PROOF
